allocation_id,cycle,fps_id,commodity,requested_kg,allocated_kg,warehouse_id,status,source,approved_by,approved_at
ALLOC-0000001,2026-01,FPS-0001,RICE,234,234,WH-001,APPROVED,SYSTEM,OFF-00001,2025-12-29T11:00:00
ALLOC-0000002,2026-01,FPS-0001,WHEAT,171,171,WH-001,APPROVED,SYSTEM,OFF-00001,2025-12-29T11:00:00
ALLOC-0000003,2026-01,FPS-0002,RICE,126,126,WH-002,APPROVED,SYSTEM,OFF-00001,2025-12-29T11:00:00
ALLOC-0000004,2026-01,FPS-0002,WHEAT,125,125,WH-002,APPROVED,SYSTEM,OFF-00001,2025-12-29T11:00:00
ALLOC-0000005,2026-01,FPS-0003,RICE,255,255,WH-003,APPROVED,SYSTEM,OFF-00001,2025-12-29T11:00:00
ALLOC-0000006,2026-01,FPS-0003,WHEAT,181,181,WH-003,APPROVED,SYSTEM,OFF-00001,2025-12-29T11:00:00
ALLOC-0000007,2026-01,FPS-0004,RICE,135,135,WH-004,APPROVED,SYSTEM,OFF-00001,2025-12-29T11:00:00
ALLOC-0000008,2026-01,FPS-0004,WHEAT,113,113,WH-004,APPROVED,SYSTEM,OFF-00001,2025-12-29T11:00:00
ALLOC-0000009,2026-01,FPS-0005,RICE,189,189,WH-005,APPROVED,SYSTEM,OFF-00001,2025-12-29T11:00:00
ALLOC-0000010,2026-01,FPS-0005,WHEAT,151,151,WH-005,APPROVED,SYSTEM,OFF-00001,2025-12-29T11:00:00
ALLOC-0000011,2026-01,FPS-0006,RICE,237,237,WH-006,APPROVED,SYSTEM,OFF-00001,2025-12-29T11:00:00
ALLOC-0000012,2026-01,FPS-0006,WHEAT,157,157,WH-006,APPROVED,SYSTEM,OFF-00001,2025-12-29T11:00:00
ALLOC-0000013,2026-01,FPS-0007,RICE,115,115,WH-007,APPROVED,SYSTEM,OFF-00001,2025-12-29T11:00:00
ALLOC-0000014,2026-01,FPS-0007,WHEAT,95,95,WH-007,APPROVED,SYSTEM,OFF-00001,2025-12-29T11:00:00
ALLOC-0000015,2026-01,FPS-0008,RICE,198,198,WH-008,APPROVED,SYSTEM,OFF-00001,2025-12-29T11:00:00
ALLOC-0000016,2026-01,FPS-0008,WHEAT,163,163,WH-008,APPROVED,SYSTEM,OFF-00001,2025-12-29T11:00:00
ALLOC-0000017,2026-01,FPS-0009,RICE,124,124,WH-009,APPROVED,SYSTEM,OFF-00001,2025-12-29T11:00:00
ALLOC-0000018,2026-01,FPS-0009,WHEAT,121,121,WH-009,APPROVED,SYSTEM,OFF-00001,2025-12-29T11:00:00
ALLOC-0000019,2026-01,FPS-0010,RICE,234,234,WH-010,APPROVED,SYSTEM,OFF-00001,2025-12-29T11:00:00
ALLOC-0000020,2026-01,FPS-0010,WHEAT,161,161,WH-010,APPROVED,SYSTEM,OFF-00001,2025-12-29T11:00:00
ALLOC-0000021,2026-01,FPS-0011,RICE,149,149,WH-011,APPROVED,SYSTEM,OFF-00001,2025-12-29T11:00:00
ALLOC-0000022,2026-01,FPS-0011,WHEAT,120,120,WH-011,APPROVED,SYSTEM,OFF-00001,2025-12-29T11:00:00
ALLOC-0000023,2026-01,FPS-0012,RICE,194,194,WH-012,APPROVED,SYSTEM,OFF-00001,2025-12-29T11:00:00
ALLOC-0000024,2026-01,FPS-0012,WHEAT,160,160,WH-012,APPROVED,SYSTEM,OFF-00001,2025-12-29T11:00:00
ALLOC-0000025,2026-01,FPS-0013,RICE,210,210,WH-013,APPROVED,SYSTEM,OFF-00001,2025-12-29T11:00:00
ALLOC-0000026,2026-01,FPS-0013,WHEAT,162,162,WH-013,APPROVED,SYSTEM,OFF-00001,2025-12-29T11:00:00
ALLOC-0000027,2026-01,FPS-0014,RICE,125,125,WH-014,APPROVED,SYSTEM,OFF-00001,2025-12-29T11:00:00
ALLOC-0000028,2026-01,FPS-0014,WHEAT,116,116,WH-014,APPROVED,SYSTEM,OFF-00001,2025-12-29T11:00:00
ALLOC-0000029,2026-01,FPS-0015,RICE,176,176,WH-015,APPROVED,SYSTEM,OFF-00001,2025-12-29T11:00:00
ALLOC-0000030,2026-01,FPS-0015,WHEAT,140,140,WH-015,APPROVED,SYSTEM,OFF-00001,2025-12-29T11:00:00
ALLOC-0000031,2026-01,FPS-0016,RICE,182,182,WH-016,APPROVED,SYSTEM,OFF-00001,2025-12-29T11:00:00
ALLOC-0000032,2026-01,FPS-0016,WHEAT,142,142,WH-016,APPROVED,SYSTEM,OFF-00001,2025-12-29T11:00:00
ALLOC-0000033,2026-01,FPS-0017,RICE,152,152,WH-017,APPROVED,SYSTEM,OFF-00001,2025-12-29T11:00:00
ALLOC-0000034,2026-01,FPS-0017,WHEAT,138,138,WH-017,APPROVED,SYSTEM,OFF-00001,2025-12-29T11:00:00
ALLOC-0000035,2026-01,FPS-0018,RICE,240,240,WH-018,APPROVED,SYSTEM,OFF-00001,2025-12-29T11:00:00
ALLOC-0000036,2026-01,FPS-0018,WHEAT,189,189,WH-018,APPROVED,SYSTEM,OFF-00001,2025-12-29T11:00:00
ALLOC-0000037,2026-01,FPS-0019,RICE,175,175,WH-019,APPROVED,SYSTEM,OFF-00001,2025-12-29T11:00:00
ALLOC-0000038,2026-01,FPS-0019,WHEAT,139,139,WH-019,APPROVED,SYSTEM,OFF-00001,2025-12-29T11:00:00
ALLOC-0000039,2026-01,FPS-0020,RICE,145,145,WH-020,APPROVED,SYSTEM,OFF-00001,2025-12-29T11:00:00
ALLOC-0000040,2026-01,FPS-0020,WHEAT,138,138,WH-020,APPROVED,SYSTEM,OFF-00001,2025-12-29T11:00:00
ALLOC-0000041,2026-01,FPS-0021,RICE,259,259,WH-021,APPROVED,SYSTEM,OFF-00001,2025-12-29T11:00:00
ALLOC-0000042,2026-01,FPS-0021,WHEAT,188,188,WH-021,APPROVED,SYSTEM,OFF-00001,2025-12-29T11:00:00
ALLOC-0000043,2026-01,FPS-0022,RICE,157,157,WH-022,APPROVED,SYSTEM,OFF-00001,2025-12-29T11:00:00
ALLOC-0000044,2026-01,FPS-0022,WHEAT,141,141,WH-022,APPROVED,SYSTEM,OFF-00001,2025-12-29T11:00:00
ALLOC-0000045,2026-01,FPS-0023,RICE,144,144,WH-023,APPROVED,SYSTEM,OFF-00001,2025-12-29T11:00:00
ALLOC-0000046,2026-01,FPS-0023,WHEAT,131,131,WH-023,APPROVED,SYSTEM,OFF-00001,2025-12-29T11:00:00
ALLOC-0000047,2026-01,FPS-0024,RICE,139,139,WH-024,APPROVED,SYSTEM,OFF-00001,2025-12-29T11:00:00
ALLOC-0000048,2026-01,FPS-0024,WHEAT,129,129,WH-024,APPROVED,SYSTEM,OFF-00001,2025-12-29T11:00:00
ALLOC-0000049,2026-01,FPS-0025,RICE,241,241,WH-025,APPROVED,SYSTEM,OFF-00001,2025-12-29T11:00:00
ALLOC-0000050,2026-01,FPS-0025,WHEAT,166,166,WH-025,APPROVED,SYSTEM,OFF-00001,2025-12-29T11:00:00
ALLOC-0000051,2026-01,FPS-0026,RICE,142,142,WH-001,APPROVED,SYSTEM,OFF-00001,2025-12-29T11:00:00
ALLOC-0000052,2026-01,FPS-0026,WHEAT,130,130,WH-001,APPROVED,SYSTEM,OFF-00001,2025-12-29T11:00:00
ALLOC-0000053,2026-01,FPS-0027,RICE,142,142,WH-002,APPROVED,SYSTEM,OFF-00001,2025-12-29T11:00:00
ALLOC-0000054,2026-01,FPS-0027,WHEAT,116,116,WH-002,APPROVED,SYSTEM,OFF-00001,2025-12-29T11:00:00
ALLOC-0000055,2026-01,FPS-0028,RICE,138,138,WH-003,APPROVED,SYSTEM,OFF-00001,2025-12-29T11:00:00
ALLOC-0000056,2026-01,FPS-0028,WHEAT,121,121,WH-003,APPROVED,SYSTEM,OFF-00001,2025-12-29T11:00:00
ALLOC-0000057,2026-01,FPS-0029,RICE,206,206,WH-004,APPROVED,SYSTEM,OFF-00001,2025-12-29T11:00:00
ALLOC-0000058,2026-01,FPS-0029,WHEAT,137,137,WH-004,APPROVED,SYSTEM,OFF-00001,2025-12-29T11:00:00
ALLOC-0000059,2026-01,FPS-0030,RICE,141,141,WH-005,APPROVED,SYSTEM,OFF-00001,2025-12-29T11:00:00
ALLOC-0000060,2026-01,FPS-0030,WHEAT,117,117,WH-005,APPROVED,SYSTEM,OFF-00001,2025-12-29T11:00:00
ALLOC-0000061,2026-01,FPS-0031,RICE,139,139,WH-006,APPROVED,SYSTEM,OFF-00001,2025-12-29T11:00:00
ALLOC-0000062,2026-01,FPS-0031,WHEAT,122,122,WH-006,APPROVED,SYSTEM,OFF-00001,2025-12-29T11:00:00
ALLOC-0000063,2026-01,FPS-0032,RICE,151,151,WH-007,APPROVED,SYSTEM,OFF-00001,2025-12-29T11:00:00
ALLOC-0000064,2026-01,FPS-0032,WHEAT,126,126,WH-007,APPROVED,SYSTEM,OFF-00001,2025-12-29T11:00:00
ALLOC-0000065,2026-01,FPS-0033,RICE,191,191,WH-008,APPROVED,SYSTEM,OFF-00001,2025-12-29T11:00:00
ALLOC-0000066,2026-01,FPS-0033,WHEAT,138,138,WH-008,APPROVED,SYSTEM,OFF-00001,2025-12-29T11:00:00
ALLOC-0000067,2026-01,FPS-0034,RICE,192,192,WH-009,APPROVED,SYSTEM,OFF-00001,2025-12-29T11:00:00
ALLOC-0000068,2026-01,FPS-0034,WHEAT,147,147,WH-009,APPROVED,SYSTEM,OFF-00001,2025-12-29T11:00:00
ALLOC-0000069,2026-01,FPS-0035,RICE,206,206,WH-010,APPROVED,SYSTEM,OFF-00001,2025-12-29T11:00:00
ALLOC-0000070,2026-01,FPS-0035,WHEAT,149,149,WH-010,APPROVED,SYSTEM,OFF-00001,2025-12-29T11:00:00
ALLOC-0000071,2026-01,FPS-0036,RICE,186,186,WH-011,APPROVED,SYSTEM,OFF-00001,2025-12-29T11:00:00
ALLOC-0000072,2026-01,FPS-0036,WHEAT,144,144,WH-011,APPROVED,SYSTEM,OFF-00001,2025-12-29T11:00:00
ALLOC-0000073,2026-01,FPS-0037,RICE,1450,1150,WH-012,BLOCKED,SYSTEM,OFF-00001,2025-12-29T11:00:00
ALLOC-0000074,2026-01,FPS-0037,WHEAT,159,159,WH-012,APPROVED,SYSTEM,OFF-00001,2025-12-29T11:00:00
ALLOC-0000075,2026-01,FPS-0038,RICE,225,225,WH-013,APPROVED,SYSTEM,OFF-00001,2025-12-29T11:00:00
ALLOC-0000076,2026-01,FPS-0038,WHEAT,164,164,WH-013,APPROVED,SYSTEM,OFF-00001,2025-12-29T11:00:00
ALLOC-0000077,2026-01,FPS-0039,RICE,210,210,WH-014,APPROVED,SYSTEM,OFF-00001,2025-12-29T11:00:00
ALLOC-0000078,2026-01,FPS-0039,WHEAT,162,162,WH-014,APPROVED,SYSTEM,OFF-00001,2025-12-29T11:00:00
ALLOC-0000079,2026-01,FPS-0040,RICE,147,147,WH-015,APPROVED,SYSTEM,OFF-00001,2025-12-29T11:00:00
ALLOC-0000080,2026-01,FPS-0040,WHEAT,126,126,WH-015,APPROVED,SYSTEM,OFF-00001,2025-12-29T11:00:00
ALLOC-0000081,2026-01,FPS-0041,RICE,150,150,WH-016,APPROVED,SYSTEM,OFF-00001,2025-12-29T11:00:00
ALLOC-0000082,2026-01,FPS-0041,WHEAT,127,127,WH-016,APPROVED,SYSTEM,OFF-00001,2025-12-29T11:00:00
ALLOC-0000083,2026-01,FPS-0042,RICE,157,157,WH-017,APPROVED,SYSTEM,OFF-00001,2025-12-29T11:00:00
ALLOC-0000084,2026-01,FPS-0042,WHEAT,140,140,WH-017,APPROVED,SYSTEM,OFF-00001,2025-12-29T11:00:00
ALLOC-0000085,2026-01,FPS-0043,RICE,168,168,WH-018,APPROVED,SYSTEM,OFF-00001,2025-12-29T11:00:00
ALLOC-0000086,2026-01,FPS-0043,WHEAT,142,142,WH-018,APPROVED,SYSTEM,OFF-00001,2025-12-29T11:00:00
ALLOC-0000087,2026-01,FPS-0044,RICE,156,156,WH-019,APPROVED,SYSTEM,OFF-00001,2025-12-29T11:00:00
ALLOC-0000088,2026-01,FPS-0044,WHEAT,136,136,WH-019,APPROVED,SYSTEM,OFF-00001,2025-12-29T11:00:00
ALLOC-0000089,2026-01,FPS-0045,RICE,207,207,WH-020,APPROVED,SYSTEM,OFF-00001,2025-12-29T11:00:00
ALLOC-0000090,2026-01,FPS-0045,WHEAT,150,150,WH-020,APPROVED,SYSTEM,OFF-00001,2025-12-29T11:00:00
ALLOC-0000091,2026-01,FPS-0046,RICE,166,166,WH-021,APPROVED,SYSTEM,OFF-00001,2025-12-29T11:00:00
ALLOC-0000092,2026-01,FPS-0046,WHEAT,138,138,WH-021,APPROVED,SYSTEM,OFF-00001,2025-12-29T11:00:00
ALLOC-0000093,2026-01,FPS-0047,RICE,200,200,WH-022,APPROVED,SYSTEM,OFF-00001,2025-12-29T11:00:00
ALLOC-0000094,2026-01,FPS-0047,WHEAT,144,144,WH-022,APPROVED,SYSTEM,OFF-00001,2025-12-29T11:00:00
ALLOC-0000095,2026-01,FPS-0048,RICE,130,130,WH-023,APPROVED,SYSTEM,OFF-00001,2025-12-29T11:00:00
ALLOC-0000096,2026-01,FPS-0048,WHEAT,111,111,WH-023,APPROVED,SYSTEM,OFF-00001,2025-12-29T11:00:00
ALLOC-0000097,2026-01,FPS-0049,RICE,180,180,WH-024,APPROVED,SYSTEM,OFF-00001,2025-12-29T11:00:00
ALLOC-0000098,2026-01,FPS-0049,WHEAT,153,153,WH-024,APPROVED,SYSTEM,OFF-00001,2025-12-29T11:00:00
ALLOC-0000099,2026-01,FPS-0050,RICE,249,249,WH-025,APPROVED,SYSTEM,OFF-00001,2025-12-29T11:00:00
ALLOC-0000100,2026-01,FPS-0050,WHEAT,180,180,WH-025,APPROVED,SYSTEM,OFF-00001,2025-12-29T11:00:00
ALLOC-0000101,2026-01,FPS-0051,RICE,185,185,WH-001,APPROVED,SYSTEM,OFF-00001,2025-12-29T11:00:00
ALLOC-0000102,2026-01,FPS-0051,WHEAT,136,136,WH-001,APPROVED,SYSTEM,OFF-00001,2025-12-29T11:00:00
ALLOC-0000103,2026-01,FPS-0052,RICE,206,206,WH-002,APPROVED,SYSTEM,OFF-00001,2025-12-29T11:00:00
ALLOC-0000104,2026-01,FPS-0052,WHEAT,143,143,WH-002,APPROVED,SYSTEM,OFF-00001,2025-12-29T11:00:00
ALLOC-0000105,2026-01,FPS-0053,RICE,177,177,WH-003,APPROVED,SYSTEM,OFF-00001,2025-12-29T11:00:00
ALLOC-0000106,2026-01,FPS-0053,WHEAT,147,147,WH-003,APPROVED,SYSTEM,OFF-00001,2025-12-29T11:00:00
ALLOC-0000107,2026-01,FPS-0054,RICE,124,124,WH-004,APPROVED,SYSTEM,OFF-00001,2025-12-29T11:00:00
ALLOC-0000108,2026-01,FPS-0054,WHEAT,117,117,WH-004,APPROVED,SYSTEM,OFF-00001,2025-12-29T11:00:00
ALLOC-0000109,2026-01,FPS-0055,RICE,156,156,WH-005,APPROVED,SYSTEM,OFF-00001,2025-12-29T11:00:00
ALLOC-0000110,2026-01,FPS-0055,WHEAT,126,126,WH-005,APPROVED,SYSTEM,OFF-00001,2025-12-29T11:00:00
ALLOC-0000111,2026-01,FPS-0056,RICE,173,173,WH-006,APPROVED,SYSTEM,OFF-00001,2025-12-29T11:00:00
ALLOC-0000112,2026-01,FPS-0056,WHEAT,139,139,WH-006,APPROVED,SYSTEM,OFF-00001,2025-12-29T11:00:00
ALLOC-0000113,2026-01,FPS-0057,RICE,196,196,WH-007,APPROVED,SYSTEM,OFF-00001,2025-12-29T11:00:00
ALLOC-0000114,2026-01,FPS-0057,WHEAT,144,144,WH-007,APPROVED,SYSTEM,OFF-00001,2025-12-29T11:00:00
ALLOC-0000115,2026-01,FPS-0058,RICE,158,158,WH-008,APPROVED,SYSTEM,OFF-00001,2025-12-29T11:00:00
ALLOC-0000116,2026-01,FPS-0058,WHEAT,127,127,WH-008,APPROVED,SYSTEM,OFF-00001,2025-12-29T11:00:00
ALLOC-0000117,2026-01,FPS-0059,RICE,163,163,WH-009,APPROVED,SYSTEM,OFF-00001,2025-12-29T11:00:00
ALLOC-0000118,2026-01,FPS-0059,WHEAT,151,151,WH-009,APPROVED,SYSTEM,OFF-00001,2025-12-29T11:00:00
ALLOC-0000119,2026-01,FPS-0060,RICE,221,221,WH-010,APPROVED,SYSTEM,OFF-00001,2025-12-29T11:00:00
ALLOC-0000120,2026-01,FPS-0060,WHEAT,160,160,WH-010,APPROVED,SYSTEM,OFF-00001,2025-12-29T11:00:00
ALLOC-0000121,2026-01,FPS-0061,RICE,135,135,WH-011,APPROVED,SYSTEM,OFF-00001,2025-12-29T11:00:00
ALLOC-0000122,2026-01,FPS-0061,WHEAT,125,125,WH-011,APPROVED,SYSTEM,OFF-00001,2025-12-29T11:00:00
ALLOC-0000123,2026-01,FPS-0062,RICE,153,153,WH-012,APPROVED,SYSTEM,OFF-00001,2025-12-29T11:00:00
ALLOC-0000124,2026-01,FPS-0062,WHEAT,129,129,WH-012,APPROVED,SYSTEM,OFF-00001,2025-12-29T11:00:00
ALLOC-0000125,2026-01,FPS-0063,RICE,203,203,WH-013,APPROVED,SYSTEM,OFF-00001,2025-12-29T11:00:00
ALLOC-0000126,2026-01,FPS-0063,WHEAT,146,146,WH-013,APPROVED,SYSTEM,OFF-00001,2025-12-29T11:00:00
ALLOC-0000127,2026-01,FPS-0064,RICE,138,138,WH-014,APPROVED,SYSTEM,OFF-00001,2025-12-29T11:00:00
ALLOC-0000128,2026-01,FPS-0064,WHEAT,115,115,WH-014,APPROVED,SYSTEM,OFF-00001,2025-12-29T11:00:00
ALLOC-0000129,2026-01,FPS-0065,RICE,140,140,WH-015,APPROVED,SYSTEM,OFF-00001,2025-12-29T11:00:00
ALLOC-0000130,2026-01,FPS-0065,WHEAT,121,121,WH-015,APPROVED,SYSTEM,OFF-00001,2025-12-29T11:00:00
ALLOC-0000131,2026-01,FPS-0066,RICE,171,171,WH-016,APPROVED,SYSTEM,OFF-00001,2025-12-29T11:00:00
ALLOC-0000132,2026-01,FPS-0066,WHEAT,141,141,WH-016,APPROVED,SYSTEM,OFF-00001,2025-12-29T11:00:00
ALLOC-0000133,2026-01,FPS-0067,RICE,188,188,WH-017,APPROVED,SYSTEM,OFF-00001,2025-12-29T11:00:00
ALLOC-0000134,2026-01,FPS-0067,WHEAT,145,145,WH-017,APPROVED,SYSTEM,OFF-00001,2025-12-29T11:00:00
ALLOC-0000135,2026-01,FPS-0068,RICE,167,167,WH-018,APPROVED,SYSTEM,OFF-00001,2025-12-29T11:00:00
ALLOC-0000136,2026-01,FPS-0068,WHEAT,150,150,WH-018,APPROVED,SYSTEM,OFF-00001,2025-12-29T11:00:00
ALLOC-0000137,2026-01,FPS-0069,RICE,157,157,WH-019,APPROVED,SYSTEM,OFF-00001,2025-12-29T11:00:00
ALLOC-0000138,2026-01,FPS-0069,WHEAT,134,134,WH-019,APPROVED,SYSTEM,OFF-00001,2025-12-29T11:00:00
ALLOC-0000139,2026-01,FPS-0070,RICE,147,147,WH-020,APPROVED,SYSTEM,OFF-00001,2025-12-29T11:00:00
ALLOC-0000140,2026-01,FPS-0070,WHEAT,133,133,WH-020,APPROVED,SYSTEM,OFF-00001,2025-12-29T11:00:00
ALLOC-0000141,2026-01,FPS-0071,RICE,119,119,WH-021,APPROVED,SYSTEM,OFF-00001,2025-12-29T11:00:00
ALLOC-0000142,2026-01,FPS-0071,WHEAT,114,114,WH-021,APPROVED,SYSTEM,OFF-00001,2025-12-29T11:00:00
ALLOC-0000143,2026-01,FPS-0072,RICE,216,216,WH-022,APPROVED,SYSTEM,OFF-00001,2025-12-29T11:00:00
ALLOC-0000144,2026-01,FPS-0072,WHEAT,164,164,WH-022,APPROVED,SYSTEM,OFF-00001,2025-12-29T11:00:00
ALLOC-0000145,2026-01,FPS-0073,RICE,176,176,WH-023,APPROVED,SYSTEM,OFF-00001,2025-12-29T11:00:00
ALLOC-0000146,2026-01,FPS-0073,WHEAT,142,142,WH-023,APPROVED,SYSTEM,OFF-00001,2025-12-29T11:00:00
ALLOC-0000147,2026-01,FPS-0074,RICE,130,130,WH-024,APPROVED,SYSTEM,OFF-00001,2025-12-29T11:00:00
ALLOC-0000148,2026-01,FPS-0074,WHEAT,104,104,WH-024,APPROVED,SYSTEM,OFF-00001,2025-12-29T11:00:00
ALLOC-0000149,2026-01,FPS-0075,RICE,197,197,WH-025,APPROVED,SYSTEM,OFF-00001,2025-12-29T11:00:00
ALLOC-0000150,2026-01,FPS-0075,WHEAT,146,146,WH-025,APPROVED,SYSTEM,OFF-00001,2025-12-29T11:00:00
ALLOC-0000151,2026-01,FPS-0076,RICE,233,233,WH-001,APPROVED,SYSTEM,OFF-00001,2025-12-29T11:00:00
ALLOC-0000152,2026-01,FPS-0076,WHEAT,144,144,WH-001,APPROVED,SYSTEM,OFF-00001,2025-12-29T11:00:00
ALLOC-0000153,2026-01,FPS-0077,RICE,154,154,WH-002,APPROVED,SYSTEM,OFF-00001,2025-12-29T11:00:00
ALLOC-0000154,2026-01,FPS-0077,WHEAT,113,113,WH-002,APPROVED,SYSTEM,OFF-00001,2025-12-29T11:00:00
ALLOC-0000155,2026-01,FPS-0078,RICE,208,208,WH-003,APPROVED,SYSTEM,OFF-00001,2025-12-29T11:00:00
ALLOC-0000156,2026-01,FPS-0078,WHEAT,148,148,WH-003,APPROVED,SYSTEM,OFF-00001,2025-12-29T11:00:00
ALLOC-0000157,2026-01,FPS-0079,RICE,145,145,WH-004,APPROVED,SYSTEM,OFF-00001,2025-12-29T11:00:00
ALLOC-0000158,2026-01,FPS-0079,WHEAT,132,132,WH-004,APPROVED,SYSTEM,OFF-00001,2025-12-29T11:00:00
ALLOC-0000159,2026-01,FPS-0080,RICE,181,181,WH-005,APPROVED,SYSTEM,OFF-00001,2025-12-29T11:00:00
ALLOC-0000160,2026-01,FPS-0080,WHEAT,147,147,WH-005,APPROVED,SYSTEM,OFF-00001,2025-12-29T11:00:00
ALLOC-0000161,2026-01,FPS-0081,RICE,150,150,WH-006,APPROVED,SYSTEM,OFF-00001,2025-12-29T11:00:00
ALLOC-0000162,2026-01,FPS-0081,WHEAT,129,129,WH-006,APPROVED,SYSTEM,OFF-00001,2025-12-29T11:00:00
ALLOC-0000163,2026-01,FPS-0082,RICE,207,207,WH-007,APPROVED,SYSTEM,OFF-00001,2025-12-29T11:00:00
ALLOC-0000164,2026-01,FPS-0082,WHEAT,164,164,WH-007,APPROVED,SYSTEM,OFF-00001,2025-12-29T11:00:00
ALLOC-0000165,2026-01,FPS-0083,RICE,168,168,WH-008,APPROVED,SYSTEM,OFF-00001,2025-12-29T11:00:00
ALLOC-0000166,2026-01,FPS-0083,WHEAT,134,134,WH-008,APPROVED,SYSTEM,OFF-00001,2025-12-29T11:00:00
ALLOC-0000167,2026-01,FPS-0084,RICE,231,231,WH-009,APPROVED,SYSTEM,OFF-00001,2025-12-29T11:00:00
ALLOC-0000168,2026-01,FPS-0084,WHEAT,171,171,WH-009,APPROVED,SYSTEM,OFF-00001,2025-12-29T11:00:00
ALLOC-0000169,2026-01,FPS-0085,RICE,129,129,WH-010,APPROVED,SYSTEM,OFF-00001,2025-12-29T11:00:00
ALLOC-0000170,2026-01,FPS-0085,WHEAT,118,118,WH-010,APPROVED,SYSTEM,OFF-00001,2025-12-29T11:00:00
ALLOC-0000171,2026-01,FPS-0086,RICE,149,149,WH-011,APPROVED,SYSTEM,OFF-00001,2025-12-29T11:00:00
ALLOC-0000172,2026-01,FPS-0086,WHEAT,128,128,WH-011,APPROVED,SYSTEM,OFF-00001,2025-12-29T11:00:00
ALLOC-0000173,2026-01,FPS-0087,RICE,145,145,WH-012,APPROVED,SYSTEM,OFF-00001,2025-12-29T11:00:00
ALLOC-0000174,2026-01,FPS-0087,WHEAT,122,122,WH-012,APPROVED,SYSTEM,OFF-00001,2025-12-29T11:00:00
ALLOC-0000175,2026-01,FPS-0088,RICE,180,180,WH-013,APPROVED,SYSTEM,OFF-00001,2025-12-29T11:00:00
ALLOC-0000176,2026-01,FPS-0088,WHEAT,132,132,WH-013,APPROVED,SYSTEM,OFF-00001,2025-12-29T11:00:00
ALLOC-0000177,2026-01,FPS-0089,RICE,190,190,WH-014,APPROVED,SYSTEM,OFF-00001,2025-12-29T11:00:00
ALLOC-0000178,2026-01,FPS-0089,WHEAT,159,159,WH-014,APPROVED,SYSTEM,OFF-00001,2025-12-29T11:00:00
ALLOC-0000179,2026-01,FPS-0090,RICE,180,180,WH-015,APPROVED,SYSTEM,OFF-00001,2025-12-29T11:00:00
ALLOC-0000180,2026-01,FPS-0090,WHEAT,159,159,WH-015,APPROVED,SYSTEM,OFF-00001,2025-12-29T11:00:00
ALLOC-0000181,2026-01,FPS-0091,RICE,170,170,WH-016,APPROVED,SYSTEM,OFF-00001,2025-12-29T11:00:00
ALLOC-0000182,2026-01,FPS-0091,WHEAT,143,143,WH-016,APPROVED,SYSTEM,OFF-00001,2025-12-29T11:00:00
ALLOC-0000183,2026-01,FPS-0092,RICE,200,200,WH-017,APPROVED,SYSTEM,OFF-00001,2025-12-29T11:00:00
ALLOC-0000184,2026-01,FPS-0092,WHEAT,151,151,WH-017,APPROVED,SYSTEM,OFF-00001,2025-12-29T11:00:00
ALLOC-0000185,2026-01,FPS-0093,RICE,218,218,WH-018,APPROVED,SYSTEM,OFF-00001,2025-12-29T11:00:00
ALLOC-0000186,2026-01,FPS-0093,WHEAT,165,165,WH-018,APPROVED,SYSTEM,OFF-00001,2025-12-29T11:00:00
ALLOC-0000187,2026-01,FPS-0094,RICE,220,220,WH-019,APPROVED,SYSTEM,OFF-00001,2025-12-29T11:00:00
ALLOC-0000188,2026-01,FPS-0094,WHEAT,158,158,WH-019,APPROVED,SYSTEM,OFF-00001,2025-12-29T11:00:00
ALLOC-0000189,2026-01,FPS-0095,RICE,210,210,WH-020,APPROVED,SYSTEM,OFF-00001,2025-12-29T11:00:00
ALLOC-0000190,2026-01,FPS-0095,WHEAT,149,149,WH-020,APPROVED,SYSTEM,OFF-00001,2025-12-29T11:00:00
ALLOC-0000191,2026-01,FPS-0096,RICE,157,157,WH-021,APPROVED,SYSTEM,OFF-00001,2025-12-29T11:00:00
ALLOC-0000192,2026-01,FPS-0096,WHEAT,136,136,WH-021,APPROVED,SYSTEM,OFF-00001,2025-12-29T11:00:00
ALLOC-0000193,2026-01,FPS-0097,RICE,207,207,WH-022,APPROVED,SYSTEM,OFF-00001,2025-12-29T11:00:00
ALLOC-0000194,2026-01,FPS-0097,WHEAT,154,154,WH-022,APPROVED,SYSTEM,OFF-00001,2025-12-29T11:00:00
ALLOC-0000195,2026-01,FPS-0098,RICE,246,246,WH-023,APPROVED,SYSTEM,OFF-00001,2025-12-29T11:00:00
ALLOC-0000196,2026-01,FPS-0098,WHEAT,166,166,WH-023,APPROVED,SYSTEM,OFF-00001,2025-12-29T11:00:00
ALLOC-0000197,2026-01,FPS-0099,RICE,166,166,WH-024,APPROVED,SYSTEM,OFF-00001,2025-12-29T11:00:00
ALLOC-0000198,2026-01,FPS-0099,WHEAT,140,140,WH-024,APPROVED,SYSTEM,OFF-00001,2025-12-29T11:00:00
ALLOC-0000199,2026-01,FPS-0100,RICE,114,114,WH-025,APPROVED,SYSTEM,OFF-00001,2025-12-29T11:00:00
ALLOC-0000200,2026-01,FPS-0100,WHEAT,81,63,WH-025,BLOCKED,SYSTEM,OFF-00001,2025-12-29T11:00:00
ALLOC-0000201,2026-01,FPS-0101,RICE,203,203,WH-001,APPROVED,SYSTEM,OFF-00001,2025-12-29T11:00:00
ALLOC-0000202,2026-01,FPS-0101,WHEAT,165,165,WH-001,APPROVED,SYSTEM,OFF-00001,2025-12-29T11:00:00
ALLOC-0000203,2026-01,FPS-0102,RICE,163,163,WH-002,APPROVED,SYSTEM,OFF-00001,2025-12-29T11:00:00
ALLOC-0000204,2026-01,FPS-0102,WHEAT,140,140,WH-002,APPROVED,SYSTEM,OFF-00001,2025-12-29T11:00:00
ALLOC-0000205,2026-01,FPS-0103,RICE,230,230,WH-003,APPROVED,SYSTEM,OFF-00001,2025-12-29T11:00:00
ALLOC-0000206,2026-01,FPS-0103,WHEAT,174,174,WH-003,APPROVED,SYSTEM,OFF-00001,2025-12-29T11:00:00
ALLOC-0000207,2026-01,FPS-0104,RICE,153,153,WH-004,APPROVED,SYSTEM,OFF-00001,2025-12-29T11:00:00
ALLOC-0000208,2026-01,FPS-0104,WHEAT,130,130,WH-004,APPROVED,SYSTEM,OFF-00001,2025-12-29T11:00:00
ALLOC-0000209,2026-01,FPS-0105,RICE,286,286,WH-005,APPROVED,SYSTEM,OFF-00001,2025-12-29T11:00:00
ALLOC-0000210,2026-01,FPS-0105,WHEAT,202,202,WH-005,APPROVED,SYSTEM,OFF-00001,2025-12-29T11:00:00
ALLOC-0000211,2026-01,FPS-0106,RICE,149,149,WH-006,APPROVED,SYSTEM,OFF-00001,2025-12-29T11:00:00
ALLOC-0000212,2026-01,FPS-0106,WHEAT,126,126,WH-006,APPROVED,SYSTEM,OFF-00001,2025-12-29T11:00:00
ALLOC-0000213,2026-01,FPS-0107,RICE,172,172,WH-007,APPROVED,SYSTEM,OFF-00001,2025-12-29T11:00:00
ALLOC-0000214,2026-01,FPS-0107,WHEAT,148,148,WH-007,APPROVED,SYSTEM,OFF-00001,2025-12-29T11:00:00
ALLOC-0000215,2026-01,FPS-0108,RICE,139,139,WH-008,APPROVED,SYSTEM,OFF-00001,2025-12-29T11:00:00
ALLOC-0000216,2026-01,FPS-0108,WHEAT,117,117,WH-008,APPROVED,SYSTEM,OFF-00001,2025-12-29T11:00:00
ALLOC-0000217,2026-01,FPS-0109,RICE,149,149,WH-009,APPROVED,SYSTEM,OFF-00001,2025-12-29T11:00:00
ALLOC-0000218,2026-01,FPS-0109,WHEAT,133,133,WH-009,APPROVED,SYSTEM,OFF-00001,2025-12-29T11:00:00
ALLOC-0000219,2026-01,FPS-0110,RICE,134,134,WH-010,APPROVED,SYSTEM,OFF-00001,2025-12-29T11:00:00
ALLOC-0000220,2026-01,FPS-0110,WHEAT,124,124,WH-010,APPROVED,SYSTEM,OFF-00001,2025-12-29T11:00:00
ALLOC-0000221,2026-01,FPS-0111,RICE,157,157,WH-011,APPROVED,SYSTEM,OFF-00001,2025-12-29T11:00:00
ALLOC-0000222,2026-01,FPS-0111,WHEAT,126,126,WH-011,APPROVED,SYSTEM,OFF-00001,2025-12-29T11:00:00
ALLOC-0000223,2026-01,FPS-0112,RICE,145,145,WH-012,APPROVED,SYSTEM,OFF-00001,2025-12-29T11:00:00
ALLOC-0000224,2026-01,FPS-0112,WHEAT,135,135,WH-012,APPROVED,SYSTEM,OFF-00001,2025-12-29T11:00:00
ALLOC-0000225,2026-01,FPS-0113,RICE,113,113,WH-013,APPROVED,SYSTEM,OFF-00001,2025-12-29T11:00:00
ALLOC-0000226,2026-01,FPS-0113,WHEAT,100,100,WH-013,APPROVED,SYSTEM,OFF-00001,2025-12-29T11:00:00
ALLOC-0000227,2026-01,FPS-0114,RICE,161,161,WH-014,APPROVED,SYSTEM,OFF-00001,2025-12-29T11:00:00
ALLOC-0000228,2026-01,FPS-0114,WHEAT,145,145,WH-014,APPROVED,SYSTEM,OFF-00001,2025-12-29T11:00:00
ALLOC-0000229,2026-01,FPS-0115,RICE,133,133,WH-015,APPROVED,SYSTEM,OFF-00001,2025-12-29T11:00:00
ALLOC-0000230,2026-01,FPS-0115,WHEAT,121,121,WH-015,APPROVED,SYSTEM,OFF-00001,2025-12-29T11:00:00
ALLOC-0000231,2026-01,FPS-0116,RICE,131,131,WH-016,APPROVED,SYSTEM,OFF-00001,2025-12-29T11:00:00
ALLOC-0000232,2026-01,FPS-0116,WHEAT,110,110,WH-016,APPROVED,SYSTEM,OFF-00001,2025-12-29T11:00:00
ALLOC-0000233,2026-01,FPS-0117,RICE,157,157,WH-017,APPROVED,SYSTEM,OFF-00001,2025-12-29T11:00:00
ALLOC-0000234,2026-01,FPS-0117,WHEAT,130,130,WH-017,APPROVED,SYSTEM,OFF-00001,2025-12-29T11:00:00
ALLOC-0000235,2026-01,FPS-0118,RICE,134,134,WH-018,APPROVED,SYSTEM,OFF-00001,2025-12-29T11:00:00
ALLOC-0000236,2026-01,FPS-0118,WHEAT,120,120,WH-018,APPROVED,SYSTEM,OFF-00001,2025-12-29T11:00:00
ALLOC-0000237,2026-01,FPS-0119,RICE,135,135,WH-019,APPROVED,SYSTEM,OFF-00001,2025-12-29T11:00:00
ALLOC-0000238,2026-01,FPS-0119,WHEAT,126,126,WH-019,APPROVED,SYSTEM,OFF-00001,2025-12-29T11:00:00
ALLOC-0000239,2026-01,FPS-0120,RICE,143,143,WH-020,APPROVED,SYSTEM,OFF-00001,2025-12-29T11:00:00
ALLOC-0000240,2026-01,FPS-0120,WHEAT,122,122,WH-020,APPROVED,SYSTEM,OFF-00001,2025-12-29T11:00:00
ALLOC-0000241,2026-01,FPS-0121,RICE,147,147,WH-021,APPROVED,SYSTEM,OFF-00001,2025-12-29T11:00:00
ALLOC-0000242,2026-01,FPS-0121,WHEAT,131,131,WH-021,APPROVED,SYSTEM,OFF-00001,2025-12-29T11:00:00
ALLOC-0000243,2026-01,FPS-0122,RICE,146,146,WH-022,APPROVED,SYSTEM,OFF-00001,2025-12-29T11:00:00
ALLOC-0000244,2026-01,FPS-0122,WHEAT,131,131,WH-022,APPROVED,SYSTEM,OFF-00001,2025-12-29T11:00:00
ALLOC-0000245,2026-01,FPS-0123,RICE,141,141,WH-023,APPROVED,SYSTEM,OFF-00001,2025-12-29T11:00:00
ALLOC-0000246,2026-01,FPS-0123,WHEAT,135,135,WH-023,APPROVED,SYSTEM,OFF-00001,2025-12-29T11:00:00
ALLOC-0000247,2026-01,FPS-0124,RICE,222,222,WH-024,APPROVED,SYSTEM,OFF-00001,2025-12-29T11:00:00
ALLOC-0000248,2026-01,FPS-0124,WHEAT,159,159,WH-024,APPROVED,SYSTEM,OFF-00001,2025-12-29T11:00:00
ALLOC-0000249,2026-01,FPS-0125,RICE,147,147,WH-025,APPROVED,SYSTEM,OFF-00001,2025-12-29T11:00:00
ALLOC-0000250,2026-01,FPS-0125,WHEAT,137,137,WH-025,APPROVED,SYSTEM,OFF-00001,2025-12-29T11:00:00
ALLOC-0000251,2026-01,FPS-0126,RICE,132,132,WH-001,APPROVED,SYSTEM,OFF-00001,2025-12-29T11:00:00
ALLOC-0000252,2026-01,FPS-0126,WHEAT,128,128,WH-001,APPROVED,SYSTEM,OFF-00001,2025-12-29T11:00:00
ALLOC-0000253,2026-01,FPS-0127,RICE,123,123,WH-002,APPROVED,SYSTEM,OFF-00001,2025-12-29T11:00:00
ALLOC-0000254,2026-01,FPS-0127,WHEAT,103,103,WH-002,APPROVED,SYSTEM,OFF-00001,2025-12-29T11:00:00
ALLOC-0000255,2026-01,FPS-0128,RICE,141,141,WH-003,APPROVED,SYSTEM,OFF-00001,2025-12-29T11:00:00
ALLOC-0000256,2026-01,FPS-0128,WHEAT,140,140,WH-003,APPROVED,SYSTEM,OFF-00001,2025-12-29T11:00:00
ALLOC-0000257,2026-01,FPS-0129,RICE,164,164,WH-004,APPROVED,SYSTEM,OFF-00001,2025-12-29T11:00:00
ALLOC-0000258,2026-01,FPS-0129,WHEAT,136,136,WH-004,APPROVED,SYSTEM,OFF-00001,2025-12-29T11:00:00
ALLOC-0000259,2026-01,FPS-0130,RICE,131,131,WH-005,APPROVED,SYSTEM,OFF-00001,2025-12-29T11:00:00
ALLOC-0000260,2026-01,FPS-0130,WHEAT,114,114,WH-005,APPROVED,SYSTEM,OFF-00001,2025-12-29T11:00:00
ALLOC-0000261,2026-01,FPS-0131,RICE,173,173,WH-006,APPROVED,SYSTEM,OFF-00001,2025-12-29T11:00:00
ALLOC-0000262,2026-01,FPS-0131,WHEAT,140,140,WH-006,APPROVED,SYSTEM,OFF-00001,2025-12-29T11:00:00
ALLOC-0000263,2026-01,FPS-0132,RICE,224,224,WH-007,APPROVED,SYSTEM,OFF-00001,2025-12-29T11:00:00
ALLOC-0000264,2026-01,FPS-0132,WHEAT,159,159,WH-007,APPROVED,SYSTEM,OFF-00001,2025-12-29T11:00:00
ALLOC-0000265,2026-01,FPS-0133,RICE,128,128,WH-008,APPROVED,SYSTEM,OFF-00001,2025-12-29T11:00:00
ALLOC-0000266,2026-01,FPS-0133,WHEAT,125,125,WH-008,APPROVED,SYSTEM,OFF-00001,2025-12-29T11:00:00
ALLOC-0000267,2026-01,FPS-0134,RICE,142,142,WH-009,APPROVED,SYSTEM,OFF-00001,2025-12-29T11:00:00
ALLOC-0000268,2026-01,FPS-0134,WHEAT,123,123,WH-009,APPROVED,SYSTEM,OFF-00001,2025-12-29T11:00:00
ALLOC-0000269,2026-01,FPS-0135,RICE,157,157,WH-010,APPROVED,SYSTEM,OFF-00001,2025-12-29T11:00:00
ALLOC-0000270,2026-01,FPS-0135,WHEAT,129,129,WH-010,APPROVED,SYSTEM,OFF-00001,2025-12-29T11:00:00
ALLOC-0000271,2026-01,FPS-0136,RICE,189,189,WH-011,APPROVED,SYSTEM,OFF-00001,2025-12-29T11:00:00
ALLOC-0000272,2026-01,FPS-0136,WHEAT,152,152,WH-011,APPROVED,SYSTEM,OFF-00001,2025-12-29T11:00:00
ALLOC-0000273,2026-01,FPS-0137,RICE,160,160,WH-012,APPROVED,SYSTEM,OFF-00001,2025-12-29T11:00:00
ALLOC-0000274,2026-01,FPS-0137,WHEAT,132,132,WH-012,APPROVED,SYSTEM,OFF-00001,2025-12-29T11:00:00
ALLOC-0000275,2026-01,FPS-0138,RICE,207,207,WH-013,APPROVED,SYSTEM,OFF-00001,2025-12-29T11:00:00
ALLOC-0000276,2026-01,FPS-0138,WHEAT,151,151,WH-013,APPROVED,SYSTEM,OFF-00001,2025-12-29T11:00:00
ALLOC-0000277,2026-01,FPS-0139,RICE,172,172,WH-014,APPROVED,SYSTEM,OFF-00001,2025-12-29T11:00:00
ALLOC-0000278,2026-01,FPS-0139,WHEAT,143,143,WH-014,APPROVED,SYSTEM,OFF-00001,2025-12-29T11:00:00
ALLOC-0000279,2026-01,FPS-0140,RICE,152,152,WH-015,APPROVED,SYSTEM,OFF-00001,2025-12-29T11:00:00
ALLOC-0000280,2026-01,FPS-0140,WHEAT,128,128,WH-015,APPROVED,SYSTEM,OFF-00001,2025-12-29T11:00:00
ALLOC-0000281,2026-01,FPS-0141,RICE,109,109,WH-016,APPROVED,SYSTEM,OFF-00001,2025-12-29T11:00:00
ALLOC-0000282,2026-01,FPS-0141,WHEAT,106,106,WH-016,APPROVED,SYSTEM,OFF-00001,2025-12-29T11:00:00
ALLOC-0000283,2026-01,FPS-0142,RICE,166,166,WH-017,APPROVED,SYSTEM,OFF-00001,2025-12-29T11:00:00
ALLOC-0000284,2026-01,FPS-0142,WHEAT,134,134,WH-017,APPROVED,SYSTEM,OFF-00001,2025-12-29T11:00:00
ALLOC-0000285,2026-01,FPS-0143,RICE,185,185,WH-018,APPROVED,SYSTEM,OFF-00001,2025-12-29T11:00:00
ALLOC-0000286,2026-01,FPS-0143,WHEAT,154,154,WH-018,APPROVED,SYSTEM,OFF-00001,2025-12-29T11:00:00
ALLOC-0000287,2026-01,FPS-0144,RICE,207,207,WH-019,APPROVED,SYSTEM,OFF-00001,2025-12-29T11:00:00
ALLOC-0000288,2026-01,FPS-0144,WHEAT,154,154,WH-019,APPROVED,SYSTEM,OFF-00001,2025-12-29T11:00:00
ALLOC-0000289,2026-01,FPS-0145,RICE,127,127,WH-020,APPROVED,SYSTEM,OFF-00001,2025-12-29T11:00:00
ALLOC-0000290,2026-01,FPS-0145,WHEAT,116,116,WH-020,APPROVED,SYSTEM,OFF-00001,2025-12-29T11:00:00
ALLOC-0000291,2026-01,FPS-0146,RICE,122,122,WH-021,APPROVED,SYSTEM,OFF-00001,2025-12-29T11:00:00
ALLOC-0000292,2026-01,FPS-0146,WHEAT,118,118,WH-021,APPROVED,SYSTEM,OFF-00001,2025-12-29T11:00:00
ALLOC-0000293,2026-01,FPS-0147,RICE,140,140,WH-022,APPROVED,SYSTEM,OFF-00001,2025-12-29T11:00:00
ALLOC-0000294,2026-01,FPS-0147,WHEAT,126,126,WH-022,APPROVED,SYSTEM,OFF-00001,2025-12-29T11:00:00
ALLOC-0000295,2026-01,FPS-0148,RICE,248,248,WH-023,APPROVED,SYSTEM,OFF-00001,2025-12-29T11:00:00
ALLOC-0000296,2026-01,FPS-0148,WHEAT,185,185,WH-023,APPROVED,SYSTEM,OFF-00001,2025-12-29T11:00:00
ALLOC-0000297,2026-01,FPS-0149,RICE,261,261,WH-024,APPROVED,SYSTEM,OFF-00001,2025-12-29T11:00:00
ALLOC-0000298,2026-01,FPS-0149,WHEAT,180,180,WH-024,APPROVED,SYSTEM,OFF-00001,2025-12-29T11:00:00
ALLOC-0000299,2026-01,FPS-0150,RICE,142,142,WH-025,APPROVED,SYSTEM,OFF-00001,2025-12-29T11:00:00
ALLOC-0000300,2026-01,FPS-0150,WHEAT,108,108,WH-025,APPROVED,SYSTEM,OFF-00001,2025-12-29T11:00:00
ALLOC-0000301,2026-01,FPS-0151,RICE,190,190,WH-001,APPROVED,SYSTEM,OFF-00001,2025-12-29T11:00:00
ALLOC-0000302,2026-01,FPS-0151,WHEAT,147,147,WH-001,APPROVED,SYSTEM,OFF-00001,2025-12-29T11:00:00
ALLOC-0000303,2026-01,FPS-0152,RICE,182,182,WH-002,APPROVED,SYSTEM,OFF-00001,2025-12-29T11:00:00
ALLOC-0000304,2026-01,FPS-0152,WHEAT,141,141,WH-002,APPROVED,SYSTEM,OFF-00001,2025-12-29T11:00:00
ALLOC-0000305,2026-01,FPS-0153,RICE,147,147,WH-003,APPROVED,SYSTEM,OFF-00001,2025-12-29T11:00:00
ALLOC-0000306,2026-01,FPS-0153,WHEAT,128,128,WH-003,APPROVED,SYSTEM,OFF-00001,2025-12-29T11:00:00
ALLOC-0000307,2026-01,FPS-0154,RICE,130,130,WH-004,APPROVED,SYSTEM,OFF-00001,2025-12-29T11:00:00
ALLOC-0000308,2026-01,FPS-0154,WHEAT,124,124,WH-004,APPROVED,SYSTEM,OFF-00001,2025-12-29T11:00:00
ALLOC-0000309,2026-01,FPS-0155,RICE,174,174,WH-005,APPROVED,SYSTEM,OFF-00001,2025-12-29T11:00:00
ALLOC-0000310,2026-01,FPS-0155,WHEAT,150,150,WH-005,APPROVED,SYSTEM,OFF-00001,2025-12-29T11:00:00
ALLOC-0000311,2026-01,FPS-0156,RICE,142,142,WH-006,APPROVED,SYSTEM,OFF-00001,2025-12-29T11:00:00
ALLOC-0000312,2026-01,FPS-0156,WHEAT,123,123,WH-006,APPROVED,SYSTEM,OFF-00001,2025-12-29T11:00:00
ALLOC-0000313,2026-01,FPS-0157,RICE,165,165,WH-007,APPROVED,SYSTEM,OFF-00001,2025-12-29T11:00:00
ALLOC-0000314,2026-01,FPS-0157,WHEAT,135,135,WH-007,APPROVED,SYSTEM,OFF-00001,2025-12-29T11:00:00
ALLOC-0000315,2026-01,FPS-0158,RICE,141,141,WH-008,APPROVED,SYSTEM,OFF-00001,2025-12-29T11:00:00
ALLOC-0000316,2026-01,FPS-0158,WHEAT,132,132,WH-008,APPROVED,SYSTEM,OFF-00001,2025-12-29T11:00:00
ALLOC-0000317,2026-01,FPS-0159,RICE,132,132,WH-009,APPROVED,SYSTEM,OFF-00001,2025-12-29T11:00:00
ALLOC-0000318,2026-01,FPS-0159,WHEAT,129,129,WH-009,APPROVED,SYSTEM,OFF-00001,2025-12-29T11:00:00
ALLOC-0000319,2026-01,FPS-0160,RICE,123,123,WH-010,APPROVED,SYSTEM,OFF-00001,2025-12-29T11:00:00
ALLOC-0000320,2026-01,FPS-0160,WHEAT,122,122,WH-010,APPROVED,SYSTEM,OFF-00001,2025-12-29T11:00:00
ALLOC-0000321,2026-01,FPS-0161,RICE,222,222,WH-011,APPROVED,SYSTEM,OFF-00001,2025-12-29T11:00:00
ALLOC-0000322,2026-01,FPS-0161,WHEAT,139,139,WH-011,APPROVED,SYSTEM,OFF-00001,2025-12-29T11:00:00
ALLOC-0000323,2026-01,FPS-0162,RICE,149,149,WH-012,APPROVED,SYSTEM,OFF-00001,2025-12-29T11:00:00
ALLOC-0000324,2026-01,FPS-0162,WHEAT,129,129,WH-012,APPROVED,SYSTEM,OFF-00001,2025-12-29T11:00:00
ALLOC-0000325,2026-01,FPS-0163,RICE,132,132,WH-013,APPROVED,SYSTEM,OFF-00001,2025-12-29T11:00:00
ALLOC-0000326,2026-01,FPS-0163,WHEAT,121,121,WH-013,APPROVED,SYSTEM,OFF-00001,2025-12-29T11:00:00
ALLOC-0000327,2026-01,FPS-0164,RICE,129,129,WH-014,APPROVED,SYSTEM,OFF-00001,2025-12-29T11:00:00
ALLOC-0000328,2026-01,FPS-0164,WHEAT,119,119,WH-014,APPROVED,SYSTEM,OFF-00001,2025-12-29T11:00:00
ALLOC-0000329,2026-01,FPS-0165,RICE,153,153,WH-015,APPROVED,SYSTEM,OFF-00001,2025-12-29T11:00:00
ALLOC-0000330,2026-01,FPS-0165,WHEAT,125,125,WH-015,APPROVED,SYSTEM,OFF-00001,2025-12-29T11:00:00
ALLOC-0000331,2026-01,FPS-0166,RICE,176,176,WH-016,APPROVED,SYSTEM,OFF-00001,2025-12-29T11:00:00
ALLOC-0000332,2026-01,FPS-0166,WHEAT,152,152,WH-016,APPROVED,SYSTEM,OFF-00001,2025-12-29T11:00:00
ALLOC-0000333,2026-01,FPS-0167,RICE,154,154,WH-017,APPROVED,SYSTEM,OFF-00001,2025-12-29T11:00:00
ALLOC-0000334,2026-01,FPS-0167,WHEAT,135,135,WH-017,APPROVED,SYSTEM,OFF-00001,2025-12-29T11:00:00
ALLOC-0000335,2026-01,FPS-0168,RICE,148,148,WH-018,APPROVED,SYSTEM,OFF-00001,2025-12-29T11:00:00
ALLOC-0000336,2026-01,FPS-0168,WHEAT,123,123,WH-018,APPROVED,SYSTEM,OFF-00001,2025-12-29T11:00:00
ALLOC-0000337,2026-01,FPS-0169,RICE,141,141,WH-019,APPROVED,SYSTEM,OFF-00001,2025-12-29T11:00:00
ALLOC-0000338,2026-01,FPS-0169,WHEAT,132,132,WH-019,APPROVED,SYSTEM,OFF-00001,2025-12-29T11:00:00
ALLOC-0000339,2026-01,FPS-0170,RICE,147,147,WH-020,APPROVED,SYSTEM,OFF-00001,2025-12-29T11:00:00
ALLOC-0000340,2026-01,FPS-0170,WHEAT,132,132,WH-020,APPROVED,SYSTEM,OFF-00001,2025-12-29T11:00:00
ALLOC-0000341,2026-01,FPS-0171,RICE,150,150,WH-021,APPROVED,SYSTEM,OFF-00001,2025-12-29T11:00:00
ALLOC-0000342,2026-01,FPS-0171,WHEAT,132,132,WH-021,APPROVED,SYSTEM,OFF-00001,2025-12-29T11:00:00
ALLOC-0000343,2026-01,FPS-0172,RICE,189,189,WH-022,APPROVED,SYSTEM,OFF-00001,2025-12-29T11:00:00
ALLOC-0000344,2026-01,FPS-0172,WHEAT,135,135,WH-022,APPROVED,SYSTEM,OFF-00001,2025-12-29T11:00:00
ALLOC-0000345,2026-01,FPS-0173,RICE,154,154,WH-023,APPROVED,SYSTEM,OFF-00001,2025-12-29T11:00:00
ALLOC-0000346,2026-01,FPS-0173,WHEAT,148,148,WH-023,APPROVED,SYSTEM,OFF-00001,2025-12-29T11:00:00
ALLOC-0000347,2026-01,FPS-0174,RICE,198,198,WH-024,APPROVED,SYSTEM,OFF-00001,2025-12-29T11:00:00
ALLOC-0000348,2026-01,FPS-0174,WHEAT,139,139,WH-024,APPROVED,SYSTEM,OFF-00001,2025-12-29T11:00:00
ALLOC-0000349,2026-01,FPS-0175,RICE,183,183,WH-025,APPROVED,SYSTEM,OFF-00001,2025-12-29T11:00:00
ALLOC-0000350,2026-01,FPS-0175,WHEAT,156,156,WH-025,APPROVED,SYSTEM,OFF-00001,2025-12-29T11:00:00
ALLOC-0000351,2026-01,FPS-0176,RICE,180,180,WH-001,APPROVED,SYSTEM,OFF-00001,2025-12-29T11:00:00
ALLOC-0000352,2026-01,FPS-0176,WHEAT,141,141,WH-001,APPROVED,SYSTEM,OFF-00001,2025-12-29T11:00:00
ALLOC-0000353,2026-01,FPS-0177,RICE,150,150,WH-002,APPROVED,SYSTEM,OFF-00001,2025-12-29T11:00:00
ALLOC-0000354,2026-01,FPS-0177,WHEAT,118,118,WH-002,APPROVED,SYSTEM,OFF-00001,2025-12-29T11:00:00
ALLOC-0000355,2026-01,FPS-0178,RICE,156,156,WH-003,APPROVED,SYSTEM,OFF-00001,2025-12-29T11:00:00
ALLOC-0000356,2026-01,FPS-0178,WHEAT,136,136,WH-003,APPROVED,SYSTEM,OFF-00001,2025-12-29T11:00:00
ALLOC-0000357,2026-01,FPS-0179,RICE,230,230,WH-004,APPROVED,SYSTEM,OFF-00001,2025-12-29T11:00:00
ALLOC-0000358,2026-01,FPS-0179,WHEAT,170,170,WH-004,APPROVED,SYSTEM,OFF-00001,2025-12-29T11:00:00
ALLOC-0000359,2026-01,FPS-0180,RICE,120,120,WH-005,APPROVED,SYSTEM,OFF-00001,2025-12-29T11:00:00
ALLOC-0000360,2026-01,FPS-0180,WHEAT,116,116,WH-005,APPROVED,SYSTEM,OFF-00001,2025-12-29T11:00:00
ALLOC-0000361,2026-01,FPS-0181,RICE,179,179,WH-006,APPROVED,SYSTEM,OFF-00001,2025-12-29T11:00:00
ALLOC-0000362,2026-01,FPS-0181,WHEAT,151,151,WH-006,APPROVED,SYSTEM,OFF-00001,2025-12-29T11:00:00
ALLOC-0000363,2026-01,FPS-0182,RICE,154,154,WH-007,APPROVED,SYSTEM,OFF-00001,2025-12-29T11:00:00
ALLOC-0000364,2026-01,FPS-0182,WHEAT,115,115,WH-007,APPROVED,SYSTEM,OFF-00001,2025-12-29T11:00:00
ALLOC-0000365,2026-01,FPS-0183,RICE,155,155,WH-008,APPROVED,SYSTEM,OFF-00001,2025-12-29T11:00:00
ALLOC-0000366,2026-01,FPS-0183,WHEAT,129,129,WH-008,APPROVED,SYSTEM,OFF-00001,2025-12-29T11:00:00
ALLOC-0000367,2026-01,FPS-0184,RICE,224,224,WH-009,APPROVED,SYSTEM,OFF-00001,2025-12-29T11:00:00
ALLOC-0000368,2026-01,FPS-0184,WHEAT,154,154,WH-009,APPROVED,SYSTEM,OFF-00001,2025-12-29T11:00:00
ALLOC-0000369,2026-01,FPS-0185,RICE,153,153,WH-010,APPROVED,SYSTEM,OFF-00001,2025-12-29T11:00:00
ALLOC-0000370,2026-01,FPS-0185,WHEAT,136,136,WH-010,APPROVED,SYSTEM,OFF-00001,2025-12-29T11:00:00
ALLOC-0000371,2026-01,FPS-0186,RICE,213,213,WH-011,APPROVED,SYSTEM,OFF-00001,2025-12-29T11:00:00
ALLOC-0000372,2026-01,FPS-0186,WHEAT,168,168,WH-011,APPROVED,SYSTEM,OFF-00001,2025-12-29T11:00:00
ALLOC-0000373,2026-01,FPS-0187,RICE,180,180,WH-012,APPROVED,SYSTEM,OFF-00001,2025-12-29T11:00:00
ALLOC-0000374,2026-01,FPS-0187,WHEAT,128,128,WH-012,APPROVED,SYSTEM,OFF-00001,2025-12-29T11:00:00
ALLOC-0000375,2026-01,FPS-0188,RICE,158,158,WH-013,APPROVED,SYSTEM,OFF-00001,2025-12-29T11:00:00
ALLOC-0000376,2026-01,FPS-0188,WHEAT,138,138,WH-013,APPROVED,SYSTEM,OFF-00001,2025-12-29T11:00:00
ALLOC-0000377,2026-01,FPS-0189,RICE,228,228,WH-014,APPROVED,SYSTEM,OFF-00001,2025-12-29T11:00:00
ALLOC-0000378,2026-01,FPS-0189,WHEAT,160,160,WH-014,APPROVED,SYSTEM,OFF-00001,2025-12-29T11:00:00
ALLOC-0000379,2026-01,FPS-0190,RICE,134,134,WH-015,APPROVED,SYSTEM,OFF-00001,2025-12-29T11:00:00
ALLOC-0000380,2026-01,FPS-0190,WHEAT,122,122,WH-015,APPROVED,SYSTEM,OFF-00001,2025-12-29T11:00:00
ALLOC-0000381,2026-01,FPS-0191,RICE,135,135,WH-016,APPROVED,SYSTEM,OFF-00001,2025-12-29T11:00:00
ALLOC-0000382,2026-01,FPS-0191,WHEAT,122,122,WH-016,APPROVED,SYSTEM,OFF-00001,2025-12-29T11:00:00
ALLOC-0000383,2026-01,FPS-0192,RICE,131,131,WH-017,APPROVED,SYSTEM,OFF-00001,2025-12-29T11:00:00
ALLOC-0000384,2026-01,FPS-0192,WHEAT,107,107,WH-017,APPROVED,SYSTEM,OFF-00001,2025-12-29T11:00:00
ALLOC-0000385,2026-01,FPS-0193,RICE,154,154,WH-018,APPROVED,SYSTEM,OFF-00001,2025-12-29T11:00:00
ALLOC-0000386,2026-01,FPS-0193,WHEAT,128,128,WH-018,APPROVED,SYSTEM,OFF-00001,2025-12-29T11:00:00
ALLOC-0000387,2026-01,FPS-0194,RICE,143,143,WH-019,APPROVED,SYSTEM,OFF-00001,2025-12-29T11:00:00
ALLOC-0000388,2026-01,FPS-0194,WHEAT,136,136,WH-019,APPROVED,SYSTEM,OFF-00001,2025-12-29T11:00:00
ALLOC-0000389,2026-01,FPS-0195,RICE,186,186,WH-020,APPROVED,SYSTEM,OFF-00001,2025-12-29T11:00:00
ALLOC-0000390,2026-01,FPS-0195,WHEAT,140,140,WH-020,APPROVED,SYSTEM,OFF-00001,2025-12-29T11:00:00
ALLOC-0000391,2026-01,FPS-0196,RICE,198,198,WH-021,APPROVED,SYSTEM,OFF-00001,2025-12-29T11:00:00
ALLOC-0000392,2026-01,FPS-0196,WHEAT,136,136,WH-021,APPROVED,SYSTEM,OFF-00001,2025-12-29T11:00:00
ALLOC-0000393,2026-01,FPS-0197,RICE,207,207,WH-022,APPROVED,SYSTEM,OFF-00001,2025-12-29T11:00:00
ALLOC-0000394,2026-01,FPS-0197,WHEAT,151,151,WH-022,APPROVED,SYSTEM,OFF-00001,2025-12-29T11:00:00
ALLOC-0000395,2026-01,FPS-0198,RICE,161,161,WH-023,APPROVED,SYSTEM,OFF-00001,2025-12-29T11:00:00
ALLOC-0000396,2026-01,FPS-0198,WHEAT,126,126,WH-023,APPROVED,SYSTEM,OFF-00001,2025-12-29T11:00:00
ALLOC-0000397,2026-01,FPS-0199,RICE,145,145,WH-024,APPROVED,SYSTEM,OFF-00001,2025-12-29T11:00:00
ALLOC-0000398,2026-01,FPS-0199,WHEAT,126,126,WH-024,APPROVED,SYSTEM,OFF-00001,2025-12-29T11:00:00
ALLOC-0000399,2026-01,FPS-0200,RICE,129,129,WH-025,APPROVED,SYSTEM,OFF-00001,2025-12-29T11:00:00
ALLOC-0000400,2026-01,FPS-0200,WHEAT,112,112,WH-025,APPROVED,SYSTEM,OFF-00001,2025-12-29T11:00:00
ALLOC-0000401,2026-01,FPS-0201,RICE,129,129,WH-001,APPROVED,SYSTEM,OFF-00001,2025-12-29T11:00:00
ALLOC-0000402,2026-01,FPS-0201,WHEAT,120,120,WH-001,APPROVED,SYSTEM,OFF-00001,2025-12-29T11:00:00
ALLOC-0000403,2026-01,FPS-0202,RICE,134,134,WH-002,APPROVED,SYSTEM,OFF-00001,2025-12-29T11:00:00
ALLOC-0000404,2026-01,FPS-0202,WHEAT,118,118,WH-002,APPROVED,SYSTEM,OFF-00001,2025-12-29T11:00:00
ALLOC-0000405,2026-01,FPS-0203,RICE,129,129,WH-003,APPROVED,SYSTEM,OFF-00001,2025-12-29T11:00:00
ALLOC-0000406,2026-01,FPS-0203,WHEAT,111,111,WH-003,APPROVED,SYSTEM,OFF-00001,2025-12-29T11:00:00
ALLOC-0000407,2026-01,FPS-0204,RICE,188,188,WH-004,APPROVED,SYSTEM,OFF-00001,2025-12-29T11:00:00
ALLOC-0000408,2026-01,FPS-0204,WHEAT,155,155,WH-004,APPROVED,SYSTEM,OFF-00001,2025-12-29T11:00:00
ALLOC-0000409,2026-01,FPS-0205,RICE,149,149,WH-005,APPROVED,SYSTEM,OFF-00001,2025-12-29T11:00:00
ALLOC-0000410,2026-01,FPS-0205,WHEAT,121,121,WH-005,APPROVED,SYSTEM,OFF-00001,2025-12-29T11:00:00
ALLOC-0000411,2026-01,FPS-0206,RICE,238,238,WH-006,APPROVED,SYSTEM,OFF-00001,2025-12-29T11:00:00
ALLOC-0000412,2026-01,FPS-0206,WHEAT,176,176,WH-006,APPROVED,SYSTEM,OFF-00001,2025-12-29T11:00:00
ALLOC-0000413,2026-01,FPS-0207,RICE,283,283,WH-007,APPROVED,SYSTEM,OFF-00001,2025-12-29T11:00:00
ALLOC-0000414,2026-01,FPS-0207,WHEAT,205,205,WH-007,APPROVED,SYSTEM,OFF-00001,2025-12-29T11:00:00
ALLOC-0000415,2026-01,FPS-0208,RICE,184,184,WH-008,APPROVED,SYSTEM,OFF-00001,2025-12-29T11:00:00
ALLOC-0000416,2026-01,FPS-0208,WHEAT,147,147,WH-008,APPROVED,SYSTEM,OFF-00001,2025-12-29T11:00:00
ALLOC-0000417,2026-01,FPS-0209,RICE,227,227,WH-009,APPROVED,SYSTEM,OFF-00001,2025-12-29T11:00:00
ALLOC-0000418,2026-01,FPS-0209,WHEAT,176,176,WH-009,APPROVED,SYSTEM,OFF-00001,2025-12-29T11:00:00
ALLOC-0000419,2026-01,FPS-0210,RICE,142,142,WH-010,APPROVED,SYSTEM,OFF-00001,2025-12-29T11:00:00
ALLOC-0000420,2026-01,FPS-0210,WHEAT,122,122,WH-010,APPROVED,SYSTEM,OFF-00001,2025-12-29T11:00:00
ALLOC-0000421,2026-01,FPS-0211,RICE,168,168,WH-011,APPROVED,SYSTEM,OFF-00001,2025-12-29T11:00:00
ALLOC-0000422,2026-01,FPS-0211,WHEAT,129,129,WH-011,APPROVED,SYSTEM,OFF-00001,2025-12-29T11:00:00
ALLOC-0000423,2026-01,FPS-0212,RICE,145,145,WH-012,APPROVED,SYSTEM,OFF-00001,2025-12-29T11:00:00
ALLOC-0000424,2026-01,FPS-0212,WHEAT,117,117,WH-012,APPROVED,SYSTEM,OFF-00001,2025-12-29T11:00:00
ALLOC-0000425,2026-01,FPS-0213,RICE,141,141,WH-013,APPROVED,SYSTEM,OFF-00001,2025-12-29T11:00:00
ALLOC-0000426,2026-01,FPS-0213,WHEAT,120,120,WH-013,APPROVED,SYSTEM,OFF-00001,2025-12-29T11:00:00
ALLOC-0000427,2026-01,FPS-0214,RICE,137,137,WH-014,APPROVED,SYSTEM,OFF-00001,2025-12-29T11:00:00
ALLOC-0000428,2026-01,FPS-0214,WHEAT,110,110,WH-014,APPROVED,SYSTEM,OFF-00001,2025-12-29T11:00:00
ALLOC-0000429,2026-01,FPS-0215,RICE,148,148,WH-015,APPROVED,SYSTEM,OFF-00001,2025-12-29T11:00:00
ALLOC-0000430,2026-01,FPS-0215,WHEAT,128,128,WH-015,APPROVED,SYSTEM,OFF-00001,2025-12-29T11:00:00
ALLOC-0000431,2026-01,FPS-0216,RICE,155,155,WH-016,APPROVED,SYSTEM,OFF-00001,2025-12-29T11:00:00
ALLOC-0000432,2026-01,FPS-0216,WHEAT,142,142,WH-016,APPROVED,SYSTEM,OFF-00001,2025-12-29T11:00:00
ALLOC-0000433,2026-01,FPS-0217,RICE,152,152,WH-017,APPROVED,SYSTEM,OFF-00001,2025-12-29T11:00:00
ALLOC-0000434,2026-01,FPS-0217,WHEAT,131,131,WH-017,APPROVED,SYSTEM,OFF-00001,2025-12-29T11:00:00
ALLOC-0000435,2026-01,FPS-0218,RICE,136,136,WH-018,APPROVED,SYSTEM,OFF-00001,2025-12-29T11:00:00
ALLOC-0000436,2026-01,FPS-0218,WHEAT,132,132,WH-018,APPROVED,SYSTEM,OFF-00001,2025-12-29T11:00:00
ALLOC-0000437,2026-01,FPS-0219,RICE,212,212,WH-019,APPROVED,SYSTEM,OFF-00001,2025-12-29T11:00:00
ALLOC-0000438,2026-01,FPS-0219,WHEAT,165,165,WH-019,APPROVED,SYSTEM,OFF-00001,2025-12-29T11:00:00
ALLOC-0000439,2026-01,FPS-0220,RICE,185,185,WH-020,APPROVED,SYSTEM,OFF-00001,2025-12-29T11:00:00
ALLOC-0000440,2026-01,FPS-0220,WHEAT,135,135,WH-020,APPROVED,SYSTEM,OFF-00001,2025-12-29T11:00:00
ALLOC-0000441,2026-01,FPS-0221,RICE,209,209,WH-021,APPROVED,SYSTEM,OFF-00001,2025-12-29T11:00:00
ALLOC-0000442,2026-01,FPS-0221,WHEAT,156,156,WH-021,APPROVED,SYSTEM,OFF-00001,2025-12-29T11:00:00
ALLOC-0000443,2026-01,FPS-0222,RICE,205,205,WH-022,APPROVED,SYSTEM,OFF-00001,2025-12-29T11:00:00
ALLOC-0000444,2026-01,FPS-0222,WHEAT,148,148,WH-022,APPROVED,SYSTEM,OFF-00001,2025-12-29T11:00:00
ALLOC-0000445,2026-01,FPS-0223,RICE,166,166,WH-023,APPROVED,SYSTEM,OFF-00001,2025-12-29T11:00:00
ALLOC-0000446,2026-01,FPS-0223,WHEAT,132,132,WH-023,APPROVED,SYSTEM,OFF-00001,2025-12-29T11:00:00
ALLOC-0000447,2026-01,FPS-0224,RICE,151,151,WH-024,APPROVED,SYSTEM,OFF-00001,2025-12-29T11:00:00
ALLOC-0000448,2026-01,FPS-0224,WHEAT,135,135,WH-024,APPROVED,SYSTEM,OFF-00001,2025-12-29T11:00:00
ALLOC-0000449,2026-01,FPS-0225,RICE,151,151,WH-025,APPROVED,SYSTEM,OFF-00001,2025-12-29T11:00:00
ALLOC-0000450,2026-01,FPS-0225,WHEAT,137,137,WH-025,APPROVED,SYSTEM,OFF-00001,2025-12-29T11:00:00
ALLOC-0000451,2026-01,FPS-0226,RICE,150,150,WH-001,APPROVED,SYSTEM,OFF-00001,2025-12-29T11:00:00
ALLOC-0000452,2026-01,FPS-0226,WHEAT,127,127,WH-001,APPROVED,SYSTEM,OFF-00001,2025-12-29T11:00:00
ALLOC-0000453,2026-01,FPS-0227,RICE,127,127,WH-002,APPROVED,SYSTEM,OFF-00001,2025-12-29T11:00:00
ALLOC-0000454,2026-01,FPS-0227,WHEAT,122,122,WH-002,APPROVED,SYSTEM,OFF-00001,2025-12-29T11:00:00
ALLOC-0000455,2026-01,FPS-0228,RICE,192,192,WH-003,APPROVED,SYSTEM,OFF-00001,2025-12-29T11:00:00
ALLOC-0000456,2026-01,FPS-0228,WHEAT,148,148,WH-003,APPROVED,SYSTEM,OFF-00001,2025-12-29T11:00:00
ALLOC-0000457,2026-01,FPS-0229,RICE,124,124,WH-004,APPROVED,SYSTEM,OFF-00001,2025-12-29T11:00:00
ALLOC-0000458,2026-01,FPS-0229,WHEAT,120,120,WH-004,APPROVED,SYSTEM,OFF-00001,2025-12-29T11:00:00
ALLOC-0000459,2026-01,FPS-0230,RICE,253,253,WH-005,APPROVED,SYSTEM,OFF-00001,2025-12-29T11:00:00
ALLOC-0000460,2026-01,FPS-0230,WHEAT,165,165,WH-005,APPROVED,SYSTEM,OFF-00001,2025-12-29T11:00:00
ALLOC-0000461,2026-01,FPS-0231,RICE,152,152,WH-006,APPROVED,SYSTEM,OFF-00001,2025-12-29T11:00:00
ALLOC-0000462,2026-01,FPS-0231,WHEAT,131,131,WH-006,APPROVED,SYSTEM,OFF-00001,2025-12-29T11:00:00
ALLOC-0000463,2026-01,FPS-0232,RICE,131,131,WH-007,APPROVED,SYSTEM,OFF-00001,2025-12-29T11:00:00
ALLOC-0000464,2026-01,FPS-0232,WHEAT,115,115,WH-007,APPROVED,SYSTEM,OFF-00001,2025-12-29T11:00:00
ALLOC-0000465,2026-01,FPS-0233,RICE,119,119,WH-008,APPROVED,SYSTEM,OFF-00001,2025-12-29T11:00:00
ALLOC-0000466,2026-01,FPS-0233,WHEAT,115,115,WH-008,APPROVED,SYSTEM,OFF-00001,2025-12-29T11:00:00
ALLOC-0000467,2026-01,FPS-0234,RICE,133,133,WH-009,APPROVED,SYSTEM,OFF-00001,2025-12-29T11:00:00
ALLOC-0000468,2026-01,FPS-0234,WHEAT,115,115,WH-009,APPROVED,SYSTEM,OFF-00001,2025-12-29T11:00:00
ALLOC-0000469,2026-01,FPS-0235,RICE,158,158,WH-010,APPROVED,SYSTEM,OFF-00001,2025-12-29T11:00:00
ALLOC-0000470,2026-01,FPS-0235,WHEAT,122,122,WH-010,APPROVED,SYSTEM,OFF-00001,2025-12-29T11:00:00
ALLOC-0000471,2026-01,FPS-0236,RICE,154,154,WH-011,APPROVED,SYSTEM,OFF-00001,2025-12-29T11:00:00
ALLOC-0000472,2026-01,FPS-0236,WHEAT,133,133,WH-011,APPROVED,SYSTEM,OFF-00001,2025-12-29T11:00:00
ALLOC-0000473,2026-01,FPS-0237,RICE,144,144,WH-012,APPROVED,SYSTEM,OFF-00001,2025-12-29T11:00:00
ALLOC-0000474,2026-01,FPS-0237,WHEAT,118,118,WH-012,APPROVED,SYSTEM,OFF-00001,2025-12-29T11:00:00
ALLOC-0000475,2026-01,FPS-0238,RICE,186,186,WH-013,APPROVED,SYSTEM,OFF-00001,2025-12-29T11:00:00
ALLOC-0000476,2026-01,FPS-0238,WHEAT,151,151,WH-013,APPROVED,SYSTEM,OFF-00001,2025-12-29T11:00:00
ALLOC-0000477,2026-01,FPS-0239,RICE,194,194,WH-014,APPROVED,SYSTEM,OFF-00001,2025-12-29T11:00:00
ALLOC-0000478,2026-01,FPS-0239,WHEAT,125,125,WH-014,APPROVED,SYSTEM,OFF-00001,2025-12-29T11:00:00
ALLOC-0000479,2026-01,FPS-0240,RICE,168,168,WH-015,APPROVED,SYSTEM,OFF-00001,2025-12-29T11:00:00
ALLOC-0000480,2026-01,FPS-0240,WHEAT,134,134,WH-015,APPROVED,SYSTEM,OFF-00001,2025-12-29T11:00:00
ALLOC-0000481,2026-01,FPS-0241,RICE,174,174,WH-016,APPROVED,SYSTEM,OFF-00001,2025-12-29T11:00:00
ALLOC-0000482,2026-01,FPS-0241,WHEAT,141,141,WH-016,APPROVED,SYSTEM,OFF-00001,2025-12-29T11:00:00
ALLOC-0000483,2026-01,FPS-0242,RICE,141,141,WH-017,APPROVED,SYSTEM,OFF-00001,2025-12-29T11:00:00
ALLOC-0000484,2026-01,FPS-0242,WHEAT,107,107,WH-017,APPROVED,SYSTEM,OFF-00001,2025-12-29T11:00:00
ALLOC-0000485,2026-01,FPS-0243,RICE,202,202,WH-018,APPROVED,SYSTEM,OFF-00001,2025-12-29T11:00:00
ALLOC-0000486,2026-01,FPS-0243,WHEAT,147,147,WH-018,APPROVED,SYSTEM,OFF-00001,2025-12-29T11:00:00
ALLOC-0000487,2026-01,FPS-0244,RICE,179,179,WH-019,APPROVED,SYSTEM,OFF-00001,2025-12-29T11:00:00
ALLOC-0000488,2026-01,FPS-0244,WHEAT,136,136,WH-019,APPROVED,SYSTEM,OFF-00001,2025-12-29T11:00:00
ALLOC-0000489,2026-01,FPS-0245,RICE,125,125,WH-020,APPROVED,SYSTEM,OFF-00001,2025-12-29T11:00:00
ALLOC-0000490,2026-01,FPS-0245,WHEAT,121,121,WH-020,APPROVED,SYSTEM,OFF-00001,2025-12-29T11:00:00
ALLOC-0000491,2026-01,FPS-0246,RICE,277,277,WH-021,APPROVED,SYSTEM,OFF-00001,2025-12-29T11:00:00
ALLOC-0000492,2026-01,FPS-0246,WHEAT,187,187,WH-021,APPROVED,SYSTEM,OFF-00001,2025-12-29T11:00:00
ALLOC-0000493,2026-01,FPS-0247,RICE,116,116,WH-022,APPROVED,SYSTEM,OFF-00001,2025-12-29T11:00:00
ALLOC-0000494,2026-01,FPS-0247,WHEAT,102,102,WH-022,APPROVED,SYSTEM,OFF-00001,2025-12-29T11:00:00
ALLOC-0000495,2026-01,FPS-0248,RICE,266,266,WH-023,APPROVED,SYSTEM,OFF-00001,2025-12-29T11:00:00
ALLOC-0000496,2026-01,FPS-0248,WHEAT,187,187,WH-023,APPROVED,SYSTEM,OFF-00001,2025-12-29T11:00:00
ALLOC-0000497,2026-01,FPS-0249,RICE,207,207,WH-024,APPROVED,SYSTEM,OFF-00001,2025-12-29T11:00:00
ALLOC-0000498,2026-01,FPS-0249,WHEAT,154,154,WH-024,APPROVED,SYSTEM,OFF-00001,2025-12-29T11:00:00
ALLOC-0000499,2026-01,FPS-0250,RICE,157,157,WH-025,APPROVED,SYSTEM,OFF-00001,2025-12-29T11:00:00
ALLOC-0000500,2026-01,FPS-0250,WHEAT,126,126,WH-025,APPROVED,SYSTEM,OFF-00001,2025-12-29T11:00:00
ALLOC-0000501,2026-01,FPS-0251,RICE,158,158,WH-001,APPROVED,SYSTEM,OFF-00001,2025-12-29T11:00:00
ALLOC-0000502,2026-01,FPS-0251,WHEAT,136,136,WH-001,APPROVED,SYSTEM,OFF-00001,2025-12-29T11:00:00
ALLOC-0000503,2026-01,FPS-0252,RICE,179,179,WH-002,APPROVED,SYSTEM,OFF-00001,2025-12-29T11:00:00
ALLOC-0000504,2026-01,FPS-0252,WHEAT,146,146,WH-002,APPROVED,SYSTEM,OFF-00001,2025-12-29T11:00:00
ALLOC-0000505,2026-01,FPS-0253,RICE,175,175,WH-003,APPROVED,SYSTEM,OFF-00001,2025-12-29T11:00:00
ALLOC-0000506,2026-01,FPS-0253,WHEAT,125,125,WH-003,APPROVED,SYSTEM,OFF-00001,2025-12-29T11:00:00
ALLOC-0000507,2026-01,FPS-0254,RICE,138,138,WH-004,APPROVED,SYSTEM,OFF-00001,2025-12-29T11:00:00
ALLOC-0000508,2026-01,FPS-0254,WHEAT,123,123,WH-004,APPROVED,SYSTEM,OFF-00001,2025-12-29T11:00:00
ALLOC-0000509,2026-01,FPS-0255,RICE,166,166,WH-005,APPROVED,SYSTEM,OFF-00001,2025-12-29T11:00:00
ALLOC-0000510,2026-01,FPS-0255,WHEAT,140,140,WH-005,APPROVED,SYSTEM,OFF-00001,2025-12-29T11:00:00
ALLOC-0000511,2026-01,FPS-0256,RICE,146,146,WH-006,APPROVED,SYSTEM,OFF-00001,2025-12-29T11:00:00
ALLOC-0000512,2026-01,FPS-0256,WHEAT,124,124,WH-006,APPROVED,SYSTEM,OFF-00001,2025-12-29T11:00:00
ALLOC-0000513,2026-01,FPS-0257,RICE,151,151,WH-007,APPROVED,SYSTEM,OFF-00001,2025-12-29T11:00:00
ALLOC-0000514,2026-01,FPS-0257,WHEAT,144,144,WH-007,APPROVED,SYSTEM,OFF-00001,2025-12-29T11:00:00
ALLOC-0000515,2026-01,FPS-0258,RICE,159,159,WH-008,APPROVED,SYSTEM,OFF-00001,2025-12-29T11:00:00
ALLOC-0000516,2026-01,FPS-0258,WHEAT,130,130,WH-008,APPROVED,SYSTEM,OFF-00001,2025-12-29T11:00:00
ALLOC-0000517,2026-01,FPS-0259,RICE,152,152,WH-009,APPROVED,SYSTEM,OFF-00001,2025-12-29T11:00:00
ALLOC-0000518,2026-01,FPS-0259,WHEAT,114,114,WH-009,APPROVED,SYSTEM,OFF-00001,2025-12-29T11:00:00
ALLOC-0000519,2026-01,FPS-0260,RICE,111,111,WH-010,APPROVED,SYSTEM,OFF-00001,2025-12-29T11:00:00
ALLOC-0000520,2026-01,FPS-0260,WHEAT,101,101,WH-010,APPROVED,SYSTEM,OFF-00001,2025-12-29T11:00:00
ALLOC-0000521,2026-01,FPS-0261,RICE,97,97,WH-011,APPROVED,SYSTEM,OFF-00001,2025-12-29T11:00:00
ALLOC-0000522,2026-01,FPS-0261,WHEAT,100,100,WH-011,APPROVED,SYSTEM,OFF-00001,2025-12-29T11:00:00
ALLOC-0000523,2026-01,FPS-0262,RICE,162,162,WH-012,APPROVED,SYSTEM,OFF-00001,2025-12-29T11:00:00
ALLOC-0000524,2026-01,FPS-0262,WHEAT,142,142,WH-012,APPROVED,SYSTEM,OFF-00001,2025-12-29T11:00:00
ALLOC-0000525,2026-01,FPS-0263,RICE,140,140,WH-013,APPROVED,SYSTEM,OFF-00001,2025-12-29T11:00:00
ALLOC-0000526,2026-01,FPS-0263,WHEAT,122,122,WH-013,APPROVED,SYSTEM,OFF-00001,2025-12-29T11:00:00
ALLOC-0000527,2026-01,FPS-0264,RICE,105,105,WH-014,APPROVED,SYSTEM,OFF-00001,2025-12-29T11:00:00
ALLOC-0000528,2026-01,FPS-0264,WHEAT,100,100,WH-014,APPROVED,SYSTEM,OFF-00001,2025-12-29T11:00:00
ALLOC-0000529,2026-01,FPS-0265,RICE,201,201,WH-015,APPROVED,SYSTEM,OFF-00001,2025-12-29T11:00:00
ALLOC-0000530,2026-01,FPS-0265,WHEAT,160,160,WH-015,APPROVED,SYSTEM,OFF-00001,2025-12-29T11:00:00
ALLOC-0000531,2026-01,FPS-0266,RICE,133,133,WH-016,APPROVED,SYSTEM,OFF-00001,2025-12-29T11:00:00
ALLOC-0000532,2026-01,FPS-0266,WHEAT,129,129,WH-016,APPROVED,SYSTEM,OFF-00001,2025-12-29T11:00:00
ALLOC-0000533,2026-01,FPS-0267,RICE,143,143,WH-017,APPROVED,SYSTEM,OFF-00001,2025-12-29T11:00:00
ALLOC-0000534,2026-01,FPS-0267,WHEAT,120,120,WH-017,APPROVED,SYSTEM,OFF-00001,2025-12-29T11:00:00
ALLOC-0000535,2026-01,FPS-0268,RICE,172,172,WH-018,APPROVED,SYSTEM,OFF-00001,2025-12-29T11:00:00
ALLOC-0000536,2026-01,FPS-0268,WHEAT,146,146,WH-018,APPROVED,SYSTEM,OFF-00001,2025-12-29T11:00:00
ALLOC-0000537,2026-01,FPS-0269,RICE,173,173,WH-019,APPROVED,SYSTEM,OFF-00001,2025-12-29T11:00:00
ALLOC-0000538,2026-01,FPS-0269,WHEAT,133,133,WH-019,APPROVED,SYSTEM,OFF-00001,2025-12-29T11:00:00
ALLOC-0000539,2026-01,FPS-0270,RICE,140,140,WH-020,APPROVED,SYSTEM,OFF-00001,2025-12-29T11:00:00
ALLOC-0000540,2026-01,FPS-0270,WHEAT,122,122,WH-020,APPROVED,SYSTEM,OFF-00001,2025-12-29T11:00:00
ALLOC-0000541,2026-01,FPS-0271,RICE,162,162,WH-021,APPROVED,SYSTEM,OFF-00001,2025-12-29T11:00:00
ALLOC-0000542,2026-01,FPS-0271,WHEAT,143,143,WH-021,APPROVED,SYSTEM,OFF-00001,2025-12-29T11:00:00
ALLOC-0000543,2026-01,FPS-0272,RICE,219,219,WH-022,APPROVED,SYSTEM,OFF-00001,2025-12-29T11:00:00
ALLOC-0000544,2026-01,FPS-0272,WHEAT,162,162,WH-022,APPROVED,SYSTEM,OFF-00001,2025-12-29T11:00:00
ALLOC-0000545,2026-01,FPS-0273,RICE,227,227,WH-023,APPROVED,SYSTEM,OFF-00001,2025-12-29T11:00:00
ALLOC-0000546,2026-01,FPS-0273,WHEAT,151,151,WH-023,APPROVED,SYSTEM,OFF-00001,2025-12-29T11:00:00
ALLOC-0000547,2026-01,FPS-0274,RICE,188,188,WH-024,APPROVED,SYSTEM,OFF-00001,2025-12-29T11:00:00
ALLOC-0000548,2026-01,FPS-0274,WHEAT,152,152,WH-024,APPROVED,SYSTEM,OFF-00001,2025-12-29T11:00:00
ALLOC-0000549,2026-01,FPS-0275,RICE,159,159,WH-025,APPROVED,SYSTEM,OFF-00001,2025-12-29T11:00:00
ALLOC-0000550,2026-01,FPS-0275,WHEAT,145,145,WH-025,APPROVED,SYSTEM,OFF-00001,2025-12-29T11:00:00
ALLOC-0000551,2026-01,FPS-0276,RICE,165,165,WH-001,APPROVED,SYSTEM,OFF-00001,2025-12-29T11:00:00
ALLOC-0000552,2026-01,FPS-0276,WHEAT,132,132,WH-001,APPROVED,SYSTEM,OFF-00001,2025-12-29T11:00:00
ALLOC-0000553,2026-01,FPS-0277,RICE,145,145,WH-002,APPROVED,SYSTEM,OFF-00001,2025-12-29T11:00:00
ALLOC-0000554,2026-01,FPS-0277,WHEAT,134,134,WH-002,APPROVED,SYSTEM,OFF-00001,2025-12-29T11:00:00
ALLOC-0000555,2026-01,FPS-0278,RICE,151,151,WH-003,APPROVED,SYSTEM,OFF-00001,2025-12-29T11:00:00
ALLOC-0000556,2026-01,FPS-0278,WHEAT,134,134,WH-003,APPROVED,SYSTEM,OFF-00001,2025-12-29T11:00:00
ALLOC-0000557,2026-01,FPS-0279,RICE,265,265,WH-004,APPROVED,SYSTEM,OFF-00001,2025-12-29T11:00:00
ALLOC-0000558,2026-01,FPS-0279,WHEAT,184,184,WH-004,APPROVED,SYSTEM,OFF-00001,2025-12-29T11:00:00
ALLOC-0000559,2026-01,FPS-0280,RICE,149,149,WH-005,APPROVED,SYSTEM,OFF-00001,2025-12-29T11:00:00
ALLOC-0000560,2026-01,FPS-0280,WHEAT,117,117,WH-005,APPROVED,SYSTEM,OFF-00001,2025-12-29T11:00:00
ALLOC-0000561,2026-01,FPS-0281,RICE,168,168,WH-006,APPROVED,SYSTEM,OFF-00001,2025-12-29T11:00:00
ALLOC-0000562,2026-01,FPS-0281,WHEAT,128,128,WH-006,APPROVED,SYSTEM,OFF-00001,2025-12-29T11:00:00
ALLOC-0000563,2026-01,FPS-0282,RICE,171,171,WH-007,APPROVED,SYSTEM,OFF-00001,2025-12-29T11:00:00
ALLOC-0000564,2026-01,FPS-0282,WHEAT,133,133,WH-007,APPROVED,SYSTEM,OFF-00001,2025-12-29T11:00:00
ALLOC-0000565,2026-01,FPS-0283,RICE,156,156,WH-008,APPROVED,SYSTEM,OFF-00001,2025-12-29T11:00:00
ALLOC-0000566,2026-01,FPS-0283,WHEAT,129,129,WH-008,APPROVED,SYSTEM,OFF-00001,2025-12-29T11:00:00
ALLOC-0000567,2026-01,FPS-0284,RICE,152,152,WH-009,APPROVED,SYSTEM,OFF-00001,2025-12-29T11:00:00
ALLOC-0000568,2026-01,FPS-0284,WHEAT,136,136,WH-009,APPROVED,SYSTEM,OFF-00001,2025-12-29T11:00:00
ALLOC-0000569,2026-01,FPS-0285,RICE,213,213,WH-010,APPROVED,SYSTEM,OFF-00001,2025-12-29T11:00:00
ALLOC-0000570,2026-01,FPS-0285,WHEAT,160,160,WH-010,APPROVED,SYSTEM,OFF-00001,2025-12-29T11:00:00
ALLOC-0000571,2026-01,FPS-0286,RICE,161,161,WH-011,APPROVED,SYSTEM,OFF-00001,2025-12-29T11:00:00
ALLOC-0000572,2026-01,FPS-0286,WHEAT,141,141,WH-011,APPROVED,SYSTEM,OFF-00001,2025-12-29T11:00:00
ALLOC-0000573,2026-01,FPS-0287,RICE,276,276,WH-012,APPROVED,SYSTEM,OFF-00001,2025-12-29T11:00:00
ALLOC-0000574,2026-01,FPS-0287,WHEAT,184,184,WH-012,APPROVED,SYSTEM,OFF-00001,2025-12-29T11:00:00
ALLOC-0000575,2026-01,FPS-0288,RICE,141,141,WH-013,APPROVED,SYSTEM,OFF-00001,2025-12-29T11:00:00
ALLOC-0000576,2026-01,FPS-0288,WHEAT,137,137,WH-013,APPROVED,SYSTEM,OFF-00001,2025-12-29T11:00:00
ALLOC-0000577,2026-01,FPS-0289,RICE,125,125,WH-014,APPROVED,SYSTEM,OFF-00001,2025-12-29T11:00:00
ALLOC-0000578,2026-01,FPS-0289,WHEAT,114,114,WH-014,APPROVED,SYSTEM,OFF-00001,2025-12-29T11:00:00
ALLOC-0000579,2026-01,FPS-0290,RICE,163,163,WH-015,APPROVED,SYSTEM,OFF-00001,2025-12-29T11:00:00
ALLOC-0000580,2026-01,FPS-0290,WHEAT,145,145,WH-015,APPROVED,SYSTEM,OFF-00001,2025-12-29T11:00:00
ALLOC-0000581,2026-01,FPS-0291,RICE,182,182,WH-016,APPROVED,SYSTEM,OFF-00001,2025-12-29T11:00:00
ALLOC-0000582,2026-01,FPS-0291,WHEAT,142,142,WH-016,APPROVED,SYSTEM,OFF-00001,2025-12-29T11:00:00
ALLOC-0000583,2026-01,FPS-0292,RICE,200,200,WH-017,APPROVED,SYSTEM,OFF-00001,2025-12-29T11:00:00
ALLOC-0000584,2026-01,FPS-0292,WHEAT,136,136,WH-017,APPROVED,SYSTEM,OFF-00001,2025-12-29T11:00:00
ALLOC-0000585,2026-01,FPS-0293,RICE,143,143,WH-018,APPROVED,SYSTEM,OFF-00001,2025-12-29T11:00:00
ALLOC-0000586,2026-01,FPS-0293,WHEAT,117,117,WH-018,APPROVED,SYSTEM,OFF-00001,2025-12-29T11:00:00
ALLOC-0000587,2026-01,FPS-0294,RICE,146,146,WH-019,APPROVED,SYSTEM,OFF-00001,2025-12-29T11:00:00
ALLOC-0000588,2026-01,FPS-0294,WHEAT,117,117,WH-019,APPROVED,SYSTEM,OFF-00001,2025-12-29T11:00:00
ALLOC-0000589,2026-01,FPS-0295,RICE,153,153,WH-020,APPROVED,SYSTEM,OFF-00001,2025-12-29T11:00:00
ALLOC-0000590,2026-01,FPS-0295,WHEAT,126,126,WH-020,APPROVED,SYSTEM,OFF-00001,2025-12-29T11:00:00
ALLOC-0000591,2026-01,FPS-0296,RICE,135,135,WH-021,APPROVED,SYSTEM,OFF-00001,2025-12-29T11:00:00
ALLOC-0000592,2026-01,FPS-0296,WHEAT,110,110,WH-021,APPROVED,SYSTEM,OFF-00001,2025-12-29T11:00:00
ALLOC-0000593,2026-01,FPS-0297,RICE,159,159,WH-022,APPROVED,SYSTEM,OFF-00001,2025-12-29T11:00:00
ALLOC-0000594,2026-01,FPS-0297,WHEAT,137,137,WH-022,APPROVED,SYSTEM,OFF-00001,2025-12-29T11:00:00
ALLOC-0000595,2026-01,FPS-0298,RICE,145,145,WH-023,APPROVED,SYSTEM,OFF-00001,2025-12-29T11:00:00
ALLOC-0000596,2026-01,FPS-0298,WHEAT,128,128,WH-023,APPROVED,SYSTEM,OFF-00001,2025-12-29T11:00:00
ALLOC-0000597,2026-01,FPS-0299,RICE,148,148,WH-024,APPROVED,SYSTEM,OFF-00001,2025-12-29T11:00:00
ALLOC-0000598,2026-01,FPS-0299,WHEAT,131,131,WH-024,APPROVED,SYSTEM,OFF-00001,2025-12-29T11:00:00
ALLOC-0000599,2026-01,FPS-0300,RICE,160,160,WH-025,APPROVED,SYSTEM,OFF-00001,2025-12-29T11:00:00
ALLOC-0000600,2026-01,FPS-0300,WHEAT,129,129,WH-025,APPROVED,SYSTEM,OFF-00001,2025-12-29T11:00:00
ALLOC-0000601,2026-01,FPS-0301,RICE,177,177,WH-001,APPROVED,SYSTEM,OFF-00001,2025-12-29T11:00:00
ALLOC-0000602,2026-01,FPS-0301,WHEAT,149,149,WH-001,APPROVED,SYSTEM,OFF-00001,2025-12-29T11:00:00
ALLOC-0000603,2026-01,FPS-0302,RICE,164,164,WH-002,APPROVED,SYSTEM,OFF-00001,2025-12-29T11:00:00
ALLOC-0000604,2026-01,FPS-0302,WHEAT,142,142,WH-002,APPROVED,SYSTEM,OFF-00001,2025-12-29T11:00:00
ALLOC-0000605,2026-01,FPS-0303,RICE,137,137,WH-003,APPROVED,SYSTEM,OFF-00001,2025-12-29T11:00:00
ALLOC-0000606,2026-01,FPS-0303,WHEAT,124,124,WH-003,APPROVED,SYSTEM,OFF-00001,2025-12-29T11:00:00
ALLOC-0000607,2026-01,FPS-0304,RICE,177,177,WH-004,APPROVED,SYSTEM,OFF-00001,2025-12-29T11:00:00
ALLOC-0000608,2026-01,FPS-0304,WHEAT,142,142,WH-004,APPROVED,SYSTEM,OFF-00001,2025-12-29T11:00:00
ALLOC-0000609,2026-01,FPS-0305,RICE,190,190,WH-005,APPROVED,SYSTEM,OFF-00001,2025-12-29T11:00:00
ALLOC-0000610,2026-01,FPS-0305,WHEAT,153,153,WH-005,APPROVED,SYSTEM,OFF-00001,2025-12-29T11:00:00
ALLOC-0000611,2026-01,FPS-0306,RICE,124,124,WH-006,APPROVED,SYSTEM,OFF-00001,2025-12-29T11:00:00
ALLOC-0000612,2026-01,FPS-0306,WHEAT,111,111,WH-006,APPROVED,SYSTEM,OFF-00001,2025-12-29T11:00:00
ALLOC-0000613,2026-01,FPS-0307,RICE,184,184,WH-007,APPROVED,SYSTEM,OFF-00001,2025-12-29T11:00:00
ALLOC-0000614,2026-01,FPS-0307,WHEAT,140,140,WH-007,APPROVED,SYSTEM,OFF-00001,2025-12-29T11:00:00
ALLOC-0000615,2026-01,FPS-0308,RICE,194,194,WH-008,APPROVED,SYSTEM,OFF-00001,2025-12-29T11:00:00
ALLOC-0000616,2026-01,FPS-0308,WHEAT,155,155,WH-008,APPROVED,SYSTEM,OFF-00001,2025-12-29T11:00:00
ALLOC-0000617,2026-01,FPS-0309,RICE,201,201,WH-009,APPROVED,SYSTEM,OFF-00001,2025-12-29T11:00:00
ALLOC-0000618,2026-01,FPS-0309,WHEAT,155,155,WH-009,APPROVED,SYSTEM,OFF-00001,2025-12-29T11:00:00
ALLOC-0000619,2026-01,FPS-0310,RICE,141,141,WH-010,APPROVED,SYSTEM,OFF-00001,2025-12-29T11:00:00
ALLOC-0000620,2026-01,FPS-0310,WHEAT,124,124,WH-010,APPROVED,SYSTEM,OFF-00001,2025-12-29T11:00:00
ALLOC-0000621,2026-01,FPS-0311,RICE,221,221,WH-011,APPROVED,SYSTEM,OFF-00001,2025-12-29T11:00:00
ALLOC-0000622,2026-01,FPS-0311,WHEAT,158,158,WH-011,APPROVED,SYSTEM,OFF-00001,2025-12-29T11:00:00
ALLOC-0000623,2026-01,FPS-0312,RICE,226,226,WH-012,APPROVED,SYSTEM,OFF-00001,2025-12-29T11:00:00
ALLOC-0000624,2026-01,FPS-0312,WHEAT,161,161,WH-012,APPROVED,SYSTEM,OFF-00001,2025-12-29T11:00:00
ALLOC-0000625,2026-01,FPS-0313,RICE,158,158,WH-013,APPROVED,SYSTEM,OFF-00001,2025-12-29T11:00:00
ALLOC-0000626,2026-01,FPS-0313,WHEAT,146,146,WH-013,APPROVED,SYSTEM,OFF-00001,2025-12-29T11:00:00
ALLOC-0000627,2026-01,FPS-0314,RICE,186,186,WH-014,APPROVED,SYSTEM,OFF-00001,2025-12-29T11:00:00
ALLOC-0000628,2026-01,FPS-0314,WHEAT,142,142,WH-014,APPROVED,SYSTEM,OFF-00001,2025-12-29T11:00:00
ALLOC-0000629,2026-01,FPS-0315,RICE,186,186,WH-015,APPROVED,SYSTEM,OFF-00001,2025-12-29T11:00:00
ALLOC-0000630,2026-01,FPS-0315,WHEAT,146,146,WH-015,APPROVED,SYSTEM,OFF-00001,2025-12-29T11:00:00
ALLOC-0000631,2026-01,FPS-0316,RICE,141,141,WH-016,APPROVED,SYSTEM,OFF-00001,2025-12-29T11:00:00
ALLOC-0000632,2026-01,FPS-0316,WHEAT,124,124,WH-016,APPROVED,SYSTEM,OFF-00001,2025-12-29T11:00:00
ALLOC-0000633,2026-01,FPS-0317,RICE,168,168,WH-017,APPROVED,SYSTEM,OFF-00001,2025-12-29T11:00:00
ALLOC-0000634,2026-01,FPS-0317,WHEAT,143,143,WH-017,APPROVED,SYSTEM,OFF-00001,2025-12-29T11:00:00
ALLOC-0000635,2026-01,FPS-0318,RICE,162,162,WH-018,APPROVED,SYSTEM,OFF-00001,2025-12-29T11:00:00
ALLOC-0000636,2026-01,FPS-0318,WHEAT,139,139,WH-018,APPROVED,SYSTEM,OFF-00001,2025-12-29T11:00:00
ALLOC-0000637,2026-01,FPS-0319,RICE,143,143,WH-019,APPROVED,SYSTEM,OFF-00001,2025-12-29T11:00:00
ALLOC-0000638,2026-01,FPS-0319,WHEAT,124,124,WH-019,APPROVED,SYSTEM,OFF-00001,2025-12-29T11:00:00
ALLOC-0000639,2026-01,FPS-0320,RICE,119,119,WH-020,APPROVED,SYSTEM,OFF-00001,2025-12-29T11:00:00
ALLOC-0000640,2026-01,FPS-0320,WHEAT,110,110,WH-020,APPROVED,SYSTEM,OFF-00001,2025-12-29T11:00:00
ALLOC-0000641,2026-01,FPS-0321,RICE,226,226,WH-021,APPROVED,SYSTEM,OFF-00001,2025-12-29T11:00:00
ALLOC-0000642,2026-01,FPS-0321,WHEAT,156,156,WH-021,APPROVED,SYSTEM,OFF-00001,2025-12-29T11:00:00
ALLOC-0000643,2026-01,FPS-0322,RICE,175,175,WH-022,APPROVED,SYSTEM,OFF-00001,2025-12-29T11:00:00
ALLOC-0000644,2026-01,FPS-0322,WHEAT,141,141,WH-022,APPROVED,SYSTEM,OFF-00001,2025-12-29T11:00:00
ALLOC-0000645,2026-01,FPS-0323,RICE,172,172,WH-023,APPROVED,SYSTEM,OFF-00001,2025-12-29T11:00:00
ALLOC-0000646,2026-01,FPS-0323,WHEAT,158,158,WH-023,APPROVED,SYSTEM,OFF-00001,2025-12-29T11:00:00
ALLOC-0000647,2026-01,FPS-0324,RICE,144,144,WH-024,APPROVED,SYSTEM,OFF-00001,2025-12-29T11:00:00
ALLOC-0000648,2026-01,FPS-0324,WHEAT,127,127,WH-024,APPROVED,SYSTEM,OFF-00001,2025-12-29T11:00:00
ALLOC-0000649,2026-01,FPS-0325,RICE,189,189,WH-025,APPROVED,SYSTEM,OFF-00001,2025-12-29T11:00:00
ALLOC-0000650,2026-01,FPS-0325,WHEAT,158,158,WH-025,APPROVED,SYSTEM,OFF-00001,2025-12-29T11:00:00
ALLOC-0000651,2026-01,FPS-0326,RICE,158,158,WH-001,APPROVED,SYSTEM,OFF-00001,2025-12-29T11:00:00
ALLOC-0000652,2026-01,FPS-0326,WHEAT,129,129,WH-001,APPROVED,SYSTEM,OFF-00001,2025-12-29T11:00:00
ALLOC-0000653,2026-01,FPS-0327,RICE,184,184,WH-002,APPROVED,SYSTEM,OFF-00001,2025-12-29T11:00:00
ALLOC-0000654,2026-01,FPS-0327,WHEAT,140,140,WH-002,APPROVED,SYSTEM,OFF-00001,2025-12-29T11:00:00
ALLOC-0000655,2026-01,FPS-0328,RICE,185,185,WH-003,APPROVED,SYSTEM,OFF-00001,2025-12-29T11:00:00
ALLOC-0000656,2026-01,FPS-0328,WHEAT,154,154,WH-003,APPROVED,SYSTEM,OFF-00001,2025-12-29T11:00:00
ALLOC-0000657,2026-01,FPS-0329,RICE,146,146,WH-004,APPROVED,SYSTEM,OFF-00001,2025-12-29T11:00:00
ALLOC-0000658,2026-01,FPS-0329,WHEAT,115,115,WH-004,APPROVED,SYSTEM,OFF-00001,2025-12-29T11:00:00
ALLOC-0000659,2026-01,FPS-0330,RICE,200,200,WH-005,APPROVED,SYSTEM,OFF-00001,2025-12-29T11:00:00
ALLOC-0000660,2026-01,FPS-0330,WHEAT,153,153,WH-005,APPROVED,SYSTEM,OFF-00001,2025-12-29T11:00:00
ALLOC-0000661,2026-01,FPS-0331,RICE,149,149,WH-006,APPROVED,SYSTEM,OFF-00001,2025-12-29T11:00:00
ALLOC-0000662,2026-01,FPS-0331,WHEAT,127,127,WH-006,APPROVED,SYSTEM,OFF-00001,2025-12-29T11:00:00
ALLOC-0000663,2026-01,FPS-0332,RICE,198,198,WH-007,APPROVED,SYSTEM,OFF-00001,2025-12-29T11:00:00
ALLOC-0000664,2026-01,FPS-0332,WHEAT,158,158,WH-007,APPROVED,SYSTEM,OFF-00001,2025-12-29T11:00:00
ALLOC-0000665,2026-01,FPS-0333,RICE,312,312,WH-008,APPROVED,SYSTEM,OFF-00001,2025-12-29T11:00:00
ALLOC-0000666,2026-01,FPS-0333,WHEAT,200,200,WH-008,APPROVED,SYSTEM,OFF-00001,2025-12-29T11:00:00
ALLOC-0000667,2026-01,FPS-0334,RICE,153,153,WH-009,APPROVED,SYSTEM,OFF-00001,2025-12-29T11:00:00
ALLOC-0000668,2026-01,FPS-0334,WHEAT,128,128,WH-009,APPROVED,SYSTEM,OFF-00001,2025-12-29T11:00:00
ALLOC-0000669,2026-01,FPS-0335,RICE,234,234,WH-010,APPROVED,SYSTEM,OFF-00001,2025-12-29T11:00:00
ALLOC-0000670,2026-01,FPS-0335,WHEAT,163,163,WH-010,APPROVED,SYSTEM,OFF-00001,2025-12-29T11:00:00
ALLOC-0000671,2026-01,FPS-0336,RICE,208,208,WH-011,APPROVED,SYSTEM,OFF-00001,2025-12-29T11:00:00
ALLOC-0000672,2026-01,FPS-0336,WHEAT,159,159,WH-011,APPROVED,SYSTEM,OFF-00001,2025-12-29T11:00:00
ALLOC-0000673,2026-01,FPS-0337,RICE,148,148,WH-012,APPROVED,SYSTEM,OFF-00001,2025-12-29T11:00:00
ALLOC-0000674,2026-01,FPS-0337,WHEAT,138,138,WH-012,APPROVED,SYSTEM,OFF-00001,2025-12-29T11:00:00
ALLOC-0000675,2026-01,FPS-0338,RICE,161,161,WH-013,APPROVED,SYSTEM,OFF-00001,2025-12-29T11:00:00
ALLOC-0000676,2026-01,FPS-0338,WHEAT,140,140,WH-013,APPROVED,SYSTEM,OFF-00001,2025-12-29T11:00:00
ALLOC-0000677,2026-01,FPS-0339,RICE,146,146,WH-014,APPROVED,SYSTEM,OFF-00001,2025-12-29T11:00:00
ALLOC-0000678,2026-01,FPS-0339,WHEAT,138,138,WH-014,APPROVED,SYSTEM,OFF-00001,2025-12-29T11:00:00
ALLOC-0000679,2026-01,FPS-0340,RICE,133,133,WH-015,APPROVED,SYSTEM,OFF-00001,2025-12-29T11:00:00
ALLOC-0000680,2026-01,FPS-0340,WHEAT,116,116,WH-015,APPROVED,SYSTEM,OFF-00001,2025-12-29T11:00:00
ALLOC-0000681,2026-01,FPS-0341,RICE,136,136,WH-016,APPROVED,SYSTEM,OFF-00001,2025-12-29T11:00:00
ALLOC-0000682,2026-01,FPS-0341,WHEAT,121,121,WH-016,APPROVED,SYSTEM,OFF-00001,2025-12-29T11:00:00
ALLOC-0000683,2026-01,FPS-0342,RICE,133,133,WH-017,APPROVED,SYSTEM,OFF-00001,2025-12-29T11:00:00
ALLOC-0000684,2026-01,FPS-0342,WHEAT,132,132,WH-017,APPROVED,SYSTEM,OFF-00001,2025-12-29T11:00:00
ALLOC-0000685,2026-01,FPS-0343,RICE,143,143,WH-018,APPROVED,SYSTEM,OFF-00001,2025-12-29T11:00:00
ALLOC-0000686,2026-01,FPS-0343,WHEAT,126,126,WH-018,APPROVED,SYSTEM,OFF-00001,2025-12-29T11:00:00
ALLOC-0000687,2026-01,FPS-0344,RICE,178,178,WH-019,APPROVED,SYSTEM,OFF-00001,2025-12-29T11:00:00
ALLOC-0000688,2026-01,FPS-0344,WHEAT,147,147,WH-019,APPROVED,SYSTEM,OFF-00001,2025-12-29T11:00:00
ALLOC-0000689,2026-01,FPS-0345,RICE,168,168,WH-020,APPROVED,SYSTEM,OFF-00001,2025-12-29T11:00:00
ALLOC-0000690,2026-01,FPS-0345,WHEAT,132,132,WH-020,APPROVED,SYSTEM,OFF-00001,2025-12-29T11:00:00
ALLOC-0000691,2026-01,FPS-0346,RICE,183,183,WH-021,APPROVED,SYSTEM,OFF-00001,2025-12-29T11:00:00
ALLOC-0000692,2026-01,FPS-0346,WHEAT,138,138,WH-021,APPROVED,SYSTEM,OFF-00001,2025-12-29T11:00:00
ALLOC-0000693,2026-01,FPS-0347,RICE,265,265,WH-022,APPROVED,SYSTEM,OFF-00001,2025-12-29T11:00:00
ALLOC-0000694,2026-01,FPS-0347,WHEAT,177,177,WH-022,APPROVED,SYSTEM,OFF-00001,2025-12-29T11:00:00
ALLOC-0000695,2026-01,FPS-0348,RICE,176,176,WH-023,APPROVED,SYSTEM,OFF-00001,2025-12-29T11:00:00
ALLOC-0000696,2026-01,FPS-0348,WHEAT,139,139,WH-023,APPROVED,SYSTEM,OFF-00001,2025-12-29T11:00:00
ALLOC-0000697,2026-01,FPS-0349,RICE,176,176,WH-024,APPROVED,SYSTEM,OFF-00001,2025-12-29T11:00:00
ALLOC-0000698,2026-01,FPS-0349,WHEAT,143,143,WH-024,APPROVED,SYSTEM,OFF-00001,2025-12-29T11:00:00
ALLOC-0000699,2026-01,FPS-0350,RICE,187,187,WH-025,APPROVED,SYSTEM,OFF-00001,2025-12-29T11:00:00
ALLOC-0000700,2026-01,FPS-0350,WHEAT,142,142,WH-025,APPROVED,SYSTEM,OFF-00001,2025-12-29T11:00:00
ALLOC-0000701,2026-01,FPS-0351,RICE,111,111,WH-001,APPROVED,SYSTEM,OFF-00001,2025-12-29T11:00:00
ALLOC-0000702,2026-01,FPS-0351,WHEAT,116,116,WH-001,APPROVED,SYSTEM,OFF-00001,2025-12-29T11:00:00
ALLOC-0000703,2026-01,FPS-0352,RICE,187,187,WH-002,APPROVED,SYSTEM,OFF-00001,2025-12-29T11:00:00
ALLOC-0000704,2026-01,FPS-0352,WHEAT,145,145,WH-002,APPROVED,SYSTEM,OFF-00001,2025-12-29T11:00:00
ALLOC-0000705,2026-01,FPS-0353,RICE,143,143,WH-003,APPROVED,SYSTEM,OFF-00001,2025-12-29T11:00:00
ALLOC-0000706,2026-01,FPS-0353,WHEAT,125,125,WH-003,APPROVED,SYSTEM,OFF-00001,2025-12-29T11:00:00
ALLOC-0000707,2026-01,FPS-0354,RICE,184,184,WH-004,APPROVED,SYSTEM,OFF-00001,2025-12-29T11:00:00
ALLOC-0000708,2026-01,FPS-0354,WHEAT,142,142,WH-004,APPROVED,SYSTEM,OFF-00001,2025-12-29T11:00:00
ALLOC-0000709,2026-01,FPS-0355,RICE,157,157,WH-005,APPROVED,SYSTEM,OFF-00001,2025-12-29T11:00:00
ALLOC-0000710,2026-01,FPS-0355,WHEAT,135,135,WH-005,APPROVED,SYSTEM,OFF-00001,2025-12-29T11:00:00
ALLOC-0000711,2026-01,FPS-0356,RICE,147,147,WH-006,APPROVED,SYSTEM,OFF-00001,2025-12-29T11:00:00
ALLOC-0000712,2026-01,FPS-0356,WHEAT,130,130,WH-006,APPROVED,SYSTEM,OFF-00001,2025-12-29T11:00:00
ALLOC-0000713,2026-01,FPS-0357,RICE,172,172,WH-007,APPROVED,SYSTEM,OFF-00001,2025-12-29T11:00:00
ALLOC-0000714,2026-01,FPS-0357,WHEAT,133,133,WH-007,APPROVED,SYSTEM,OFF-00001,2025-12-29T11:00:00
ALLOC-0000715,2026-01,FPS-0358,RICE,185,185,WH-008,APPROVED,SYSTEM,OFF-00001,2025-12-29T11:00:00
ALLOC-0000716,2026-01,FPS-0358,WHEAT,137,137,WH-008,APPROVED,SYSTEM,OFF-00001,2025-12-29T11:00:00
ALLOC-0000717,2026-01,FPS-0359,RICE,242,242,WH-009,APPROVED,SYSTEM,OFF-00001,2025-12-29T11:00:00
ALLOC-0000718,2026-01,FPS-0359,WHEAT,166,166,WH-009,APPROVED,SYSTEM,OFF-00001,2025-12-29T11:00:00
ALLOC-0000719,2026-01,FPS-0360,RICE,150,150,WH-010,APPROVED,SYSTEM,OFF-00001,2025-12-29T11:00:00
ALLOC-0000720,2026-01,FPS-0360,WHEAT,133,133,WH-010,APPROVED,SYSTEM,OFF-00001,2025-12-29T11:00:00
ALLOC-0000721,2026-01,FPS-0361,RICE,151,151,WH-011,APPROVED,SYSTEM,OFF-00001,2025-12-29T11:00:00
ALLOC-0000722,2026-01,FPS-0361,WHEAT,128,128,WH-011,APPROVED,SYSTEM,OFF-00001,2025-12-29T11:00:00
ALLOC-0000723,2026-01,FPS-0362,RICE,144,144,WH-012,APPROVED,SYSTEM,OFF-00001,2025-12-29T11:00:00
ALLOC-0000724,2026-01,FPS-0362,WHEAT,131,131,WH-012,APPROVED,SYSTEM,OFF-00001,2025-12-29T11:00:00
ALLOC-0000725,2026-01,FPS-0363,RICE,149,149,WH-013,APPROVED,SYSTEM,OFF-00001,2025-12-29T11:00:00
ALLOC-0000726,2026-01,FPS-0363,WHEAT,128,128,WH-013,APPROVED,SYSTEM,OFF-00001,2025-12-29T11:00:00
ALLOC-0000727,2026-01,FPS-0364,RICE,189,189,WH-014,APPROVED,SYSTEM,OFF-00001,2025-12-29T11:00:00
ALLOC-0000728,2026-01,FPS-0364,WHEAT,152,152,WH-014,APPROVED,SYSTEM,OFF-00001,2025-12-29T11:00:00
ALLOC-0000729,2026-01,FPS-0365,RICE,163,163,WH-015,APPROVED,SYSTEM,OFF-00001,2025-12-29T11:00:00
ALLOC-0000730,2026-01,FPS-0365,WHEAT,141,141,WH-015,APPROVED,SYSTEM,OFF-00001,2025-12-29T11:00:00
ALLOC-0000731,2026-01,FPS-0366,RICE,151,151,WH-016,APPROVED,SYSTEM,OFF-00001,2025-12-29T11:00:00
ALLOC-0000732,2026-01,FPS-0366,WHEAT,124,124,WH-016,APPROVED,SYSTEM,OFF-00001,2025-12-29T11:00:00
ALLOC-0000733,2026-01,FPS-0367,RICE,149,149,WH-017,APPROVED,SYSTEM,OFF-00001,2025-12-29T11:00:00
ALLOC-0000734,2026-01,FPS-0367,WHEAT,140,140,WH-017,APPROVED,SYSTEM,OFF-00001,2025-12-29T11:00:00
ALLOC-0000735,2026-01,FPS-0368,RICE,149,149,WH-018,APPROVED,SYSTEM,OFF-00001,2025-12-29T11:00:00
ALLOC-0000736,2026-01,FPS-0368,WHEAT,130,130,WH-018,APPROVED,SYSTEM,OFF-00001,2025-12-29T11:00:00
ALLOC-0000737,2026-01,FPS-0369,RICE,164,164,WH-019,APPROVED,SYSTEM,OFF-00001,2025-12-29T11:00:00
ALLOC-0000738,2026-01,FPS-0369,WHEAT,142,142,WH-019,APPROVED,SYSTEM,OFF-00001,2025-12-29T11:00:00
ALLOC-0000739,2026-01,FPS-0370,RICE,171,171,WH-020,APPROVED,SYSTEM,OFF-00001,2025-12-29T11:00:00
ALLOC-0000740,2026-01,FPS-0370,WHEAT,135,135,WH-020,APPROVED,SYSTEM,OFF-00001,2025-12-29T11:00:00
ALLOC-0000741,2026-01,FPS-0371,RICE,146,146,WH-021,APPROVED,SYSTEM,OFF-00001,2025-12-29T11:00:00
ALLOC-0000742,2026-01,FPS-0371,WHEAT,126,126,WH-021,APPROVED,SYSTEM,OFF-00001,2025-12-29T11:00:00
ALLOC-0000743,2026-01,FPS-0372,RICE,136,136,WH-022,APPROVED,SYSTEM,OFF-00001,2025-12-29T11:00:00
ALLOC-0000744,2026-01,FPS-0372,WHEAT,117,117,WH-022,APPROVED,SYSTEM,OFF-00001,2025-12-29T11:00:00
ALLOC-0000745,2026-01,FPS-0373,RICE,155,155,WH-023,APPROVED,SYSTEM,OFF-00001,2025-12-29T11:00:00
ALLOC-0000746,2026-01,FPS-0373,WHEAT,130,130,WH-023,APPROVED,SYSTEM,OFF-00001,2025-12-29T11:00:00
ALLOC-0000747,2026-01,FPS-0374,RICE,143,143,WH-024,APPROVED,SYSTEM,OFF-00001,2025-12-29T11:00:00
ALLOC-0000748,2026-01,FPS-0374,WHEAT,137,137,WH-024,APPROVED,SYSTEM,OFF-00001,2025-12-29T11:00:00
ALLOC-0000749,2026-01,FPS-0375,RICE,206,206,WH-025,APPROVED,SYSTEM,OFF-00001,2025-12-29T11:00:00
ALLOC-0000750,2026-01,FPS-0375,WHEAT,179,179,WH-025,APPROVED,SYSTEM,OFF-00001,2025-12-29T11:00:00
ALLOC-0000751,2026-01,FPS-0376,RICE,142,142,WH-001,APPROVED,SYSTEM,OFF-00001,2025-12-29T11:00:00
ALLOC-0000752,2026-01,FPS-0376,WHEAT,129,129,WH-001,APPROVED,SYSTEM,OFF-00001,2025-12-29T11:00:00
ALLOC-0000753,2026-01,FPS-0377,RICE,172,172,WH-002,APPROVED,SYSTEM,OFF-00001,2025-12-29T11:00:00
ALLOC-0000754,2026-01,FPS-0377,WHEAT,143,143,WH-002,APPROVED,SYSTEM,OFF-00001,2025-12-29T11:00:00
ALLOC-0000755,2026-01,FPS-0378,RICE,227,227,WH-003,APPROVED,SYSTEM,OFF-00001,2025-12-29T11:00:00
ALLOC-0000756,2026-01,FPS-0378,WHEAT,164,164,WH-003,APPROVED,SYSTEM,OFF-00001,2025-12-29T11:00:00
ALLOC-0000757,2026-01,FPS-0379,RICE,143,143,WH-004,APPROVED,SYSTEM,OFF-00001,2025-12-29T11:00:00
ALLOC-0000758,2026-01,FPS-0379,WHEAT,121,121,WH-004,APPROVED,SYSTEM,OFF-00001,2025-12-29T11:00:00
ALLOC-0000759,2026-01,FPS-0380,RICE,195,195,WH-005,APPROVED,SYSTEM,OFF-00001,2025-12-29T11:00:00
ALLOC-0000760,2026-01,FPS-0380,WHEAT,148,148,WH-005,APPROVED,SYSTEM,OFF-00001,2025-12-29T11:00:00
ALLOC-0000761,2026-01,FPS-0381,RICE,149,149,WH-006,APPROVED,SYSTEM,OFF-00001,2025-12-29T11:00:00
ALLOC-0000762,2026-01,FPS-0381,WHEAT,128,128,WH-006,APPROVED,SYSTEM,OFF-00001,2025-12-29T11:00:00
ALLOC-0000763,2026-01,FPS-0382,RICE,119,119,WH-007,APPROVED,SYSTEM,OFF-00001,2025-12-29T11:00:00
ALLOC-0000764,2026-01,FPS-0382,WHEAT,108,108,WH-007,APPROVED,SYSTEM,OFF-00001,2025-12-29T11:00:00
ALLOC-0000765,2026-01,FPS-0383,RICE,127,127,WH-008,APPROVED,SYSTEM,OFF-00001,2025-12-29T11:00:00
ALLOC-0000766,2026-01,FPS-0383,WHEAT,123,123,WH-008,APPROVED,SYSTEM,OFF-00001,2025-12-29T11:00:00
ALLOC-0000767,2026-01,FPS-0384,RICE,193,193,WH-009,APPROVED,SYSTEM,OFF-00001,2025-12-29T11:00:00
ALLOC-0000768,2026-01,FPS-0384,WHEAT,143,143,WH-009,APPROVED,SYSTEM,OFF-00001,2025-12-29T11:00:00
ALLOC-0000769,2026-01,FPS-0385,RICE,230,230,WH-010,APPROVED,SYSTEM,OFF-00001,2025-12-29T11:00:00
ALLOC-0000770,2026-01,FPS-0385,WHEAT,160,160,WH-010,APPROVED,SYSTEM,OFF-00001,2025-12-29T11:00:00
ALLOC-0000771,2026-01,FPS-0386,RICE,185,185,WH-011,APPROVED,SYSTEM,OFF-00001,2025-12-29T11:00:00
ALLOC-0000772,2026-01,FPS-0386,WHEAT,164,164,WH-011,APPROVED,SYSTEM,OFF-00001,2025-12-29T11:00:00
ALLOC-0000773,2026-01,FPS-0387,RICE,290,290,WH-012,APPROVED,SYSTEM,OFF-00001,2025-12-29T11:00:00
ALLOC-0000774,2026-01,FPS-0387,WHEAT,222,222,WH-012,APPROVED,SYSTEM,OFF-00001,2025-12-29T11:00:00
ALLOC-0000775,2026-01,FPS-0388,RICE,148,148,WH-013,APPROVED,SYSTEM,OFF-00001,2025-12-29T11:00:00
ALLOC-0000776,2026-01,FPS-0388,WHEAT,126,126,WH-013,APPROVED,SYSTEM,OFF-00001,2025-12-29T11:00:00
ALLOC-0000777,2026-01,FPS-0389,RICE,158,158,WH-014,APPROVED,SYSTEM,OFF-00001,2025-12-29T11:00:00
ALLOC-0000778,2026-01,FPS-0389,WHEAT,135,135,WH-014,APPROVED,SYSTEM,OFF-00001,2025-12-29T11:00:00
ALLOC-0000779,2026-01,FPS-0390,RICE,191,191,WH-015,APPROVED,SYSTEM,OFF-00001,2025-12-29T11:00:00
ALLOC-0000780,2026-01,FPS-0390,WHEAT,142,142,WH-015,APPROVED,SYSTEM,OFF-00001,2025-12-29T11:00:00
ALLOC-0000781,2026-01,FPS-0391,RICE,197,197,WH-016,APPROVED,SYSTEM,OFF-00001,2025-12-29T11:00:00
ALLOC-0000782,2026-01,FPS-0391,WHEAT,152,152,WH-016,APPROVED,SYSTEM,OFF-00001,2025-12-29T11:00:00
ALLOC-0000783,2026-01,FPS-0392,RICE,160,160,WH-017,APPROVED,SYSTEM,OFF-00001,2025-12-29T11:00:00
ALLOC-0000784,2026-01,FPS-0392,WHEAT,141,141,WH-017,APPROVED,SYSTEM,OFF-00001,2025-12-29T11:00:00
ALLOC-0000785,2026-01,FPS-0393,RICE,138,138,WH-018,APPROVED,SYSTEM,OFF-00001,2025-12-29T11:00:00
ALLOC-0000786,2026-01,FPS-0393,WHEAT,130,130,WH-018,APPROVED,SYSTEM,OFF-00001,2025-12-29T11:00:00
ALLOC-0000787,2026-01,FPS-0394,RICE,187,187,WH-019,APPROVED,SYSTEM,OFF-00001,2025-12-29T11:00:00
ALLOC-0000788,2026-01,FPS-0394,WHEAT,148,148,WH-019,APPROVED,SYSTEM,OFF-00001,2025-12-29T11:00:00
ALLOC-0000789,2026-01,FPS-0395,RICE,133,133,WH-020,APPROVED,SYSTEM,OFF-00001,2025-12-29T11:00:00
ALLOC-0000790,2026-01,FPS-0395,WHEAT,127,127,WH-020,APPROVED,SYSTEM,OFF-00001,2025-12-29T11:00:00
ALLOC-0000791,2026-01,FPS-0396,RICE,140,140,WH-021,APPROVED,SYSTEM,OFF-00001,2025-12-29T11:00:00
ALLOC-0000792,2026-01,FPS-0396,WHEAT,127,127,WH-021,APPROVED,SYSTEM,OFF-00001,2025-12-29T11:00:00
ALLOC-0000793,2026-01,FPS-0397,RICE,144,144,WH-022,APPROVED,SYSTEM,OFF-00001,2025-12-29T11:00:00
ALLOC-0000794,2026-01,FPS-0397,WHEAT,128,128,WH-022,APPROVED,SYSTEM,OFF-00001,2025-12-29T11:00:00
ALLOC-0000795,2026-01,FPS-0398,RICE,134,134,WH-023,APPROVED,SYSTEM,OFF-00001,2025-12-29T11:00:00
ALLOC-0000796,2026-01,FPS-0398,WHEAT,118,118,WH-023,APPROVED,SYSTEM,OFF-00001,2025-12-29T11:00:00
ALLOC-0000797,2026-01,FPS-0399,RICE,163,163,WH-024,APPROVED,SYSTEM,OFF-00001,2025-12-29T11:00:00
ALLOC-0000798,2026-01,FPS-0399,WHEAT,125,125,WH-024,APPROVED,SYSTEM,OFF-00001,2025-12-29T11:00:00
ALLOC-0000799,2026-01,FPS-0400,RICE,187,187,WH-025,APPROVED,SYSTEM,OFF-00001,2025-12-29T11:00:00
ALLOC-0000800,2026-01,FPS-0400,WHEAT,127,127,WH-025,APPROVED,SYSTEM,OFF-00001,2025-12-29T11:00:00
ALLOC-0000801,2026-01,FPS-0401,RICE,216,216,WH-001,APPROVED,SYSTEM,OFF-00001,2025-12-29T11:00:00
ALLOC-0000802,2026-01,FPS-0401,WHEAT,160,160,WH-001,APPROVED,SYSTEM,OFF-00001,2025-12-29T11:00:00
ALLOC-0000803,2026-01,FPS-0402,RICE,118,118,WH-002,APPROVED,SYSTEM,OFF-00001,2025-12-29T11:00:00
ALLOC-0000804,2026-01,FPS-0402,WHEAT,107,107,WH-002,APPROVED,SYSTEM,OFF-00001,2025-12-29T11:00:00
ALLOC-0000805,2026-01,FPS-0403,RICE,151,151,WH-003,APPROVED,SYSTEM,OFF-00001,2025-12-29T11:00:00
ALLOC-0000806,2026-01,FPS-0403,WHEAT,141,141,WH-003,APPROVED,SYSTEM,OFF-00001,2025-12-29T11:00:00
ALLOC-0000807,2026-01,FPS-0404,RICE,168,168,WH-004,APPROVED,SYSTEM,OFF-00001,2025-12-29T11:00:00
ALLOC-0000808,2026-01,FPS-0404,WHEAT,130,130,WH-004,APPROVED,SYSTEM,OFF-00001,2025-12-29T11:00:00
ALLOC-0000809,2026-01,FPS-0405,RICE,158,158,WH-005,APPROVED,SYSTEM,OFF-00001,2025-12-29T11:00:00
ALLOC-0000810,2026-01,FPS-0405,WHEAT,130,130,WH-005,APPROVED,SYSTEM,OFF-00001,2025-12-29T11:00:00
ALLOC-0000811,2026-01,FPS-0406,RICE,198,198,WH-006,APPROVED,SYSTEM,OFF-00001,2025-12-29T11:00:00
ALLOC-0000812,2026-01,FPS-0406,WHEAT,146,146,WH-006,APPROVED,SYSTEM,OFF-00001,2025-12-29T11:00:00
ALLOC-0000813,2026-01,FPS-0407,RICE,185,185,WH-007,APPROVED,SYSTEM,OFF-00001,2025-12-29T11:00:00
ALLOC-0000814,2026-01,FPS-0407,WHEAT,159,159,WH-007,APPROVED,SYSTEM,OFF-00001,2025-12-29T11:00:00
ALLOC-0000815,2026-01,FPS-0408,RICE,119,119,WH-008,APPROVED,SYSTEM,OFF-00001,2025-12-29T11:00:00
ALLOC-0000816,2026-01,FPS-0408,WHEAT,112,112,WH-008,APPROVED,SYSTEM,OFF-00001,2025-12-29T11:00:00
ALLOC-0000817,2026-01,FPS-0409,RICE,155,155,WH-009,APPROVED,SYSTEM,OFF-00001,2025-12-29T11:00:00
ALLOC-0000818,2026-01,FPS-0409,WHEAT,142,142,WH-009,APPROVED,SYSTEM,OFF-00001,2025-12-29T11:00:00
ALLOC-0000819,2026-01,FPS-0410,RICE,193,193,WH-010,APPROVED,SYSTEM,OFF-00001,2025-12-29T11:00:00
ALLOC-0000820,2026-01,FPS-0410,WHEAT,139,139,WH-010,APPROVED,SYSTEM,OFF-00001,2025-12-29T11:00:00
ALLOC-0000821,2026-01,FPS-0411,RICE,159,159,WH-011,APPROVED,SYSTEM,OFF-00001,2025-12-29T11:00:00
ALLOC-0000822,2026-01,FPS-0411,WHEAT,135,135,WH-011,APPROVED,SYSTEM,OFF-00001,2025-12-29T11:00:00
ALLOC-0000823,2026-01,FPS-0412,RICE,188,188,WH-012,APPROVED,SYSTEM,OFF-00001,2025-12-29T11:00:00
ALLOC-0000824,2026-01,FPS-0412,WHEAT,150,150,WH-012,APPROVED,SYSTEM,OFF-00001,2025-12-29T11:00:00
ALLOC-0000825,2026-01,FPS-0413,RICE,138,138,WH-013,APPROVED,SYSTEM,OFF-00001,2025-12-29T11:00:00
ALLOC-0000826,2026-01,FPS-0413,WHEAT,129,129,WH-013,APPROVED,SYSTEM,OFF-00001,2025-12-29T11:00:00
ALLOC-0000827,2026-01,FPS-0414,RICE,206,206,WH-014,APPROVED,SYSTEM,OFF-00001,2025-12-29T11:00:00
ALLOC-0000828,2026-01,FPS-0414,WHEAT,139,139,WH-014,APPROVED,SYSTEM,OFF-00001,2025-12-29T11:00:00
ALLOC-0000829,2026-01,FPS-0415,RICE,183,183,WH-015,APPROVED,SYSTEM,OFF-00001,2025-12-29T11:00:00
ALLOC-0000830,2026-01,FPS-0415,WHEAT,153,153,WH-015,APPROVED,SYSTEM,OFF-00001,2025-12-29T11:00:00
ALLOC-0000831,2026-01,FPS-0416,RICE,139,139,WH-016,APPROVED,SYSTEM,OFF-00001,2025-12-29T11:00:00
ALLOC-0000832,2026-01,FPS-0416,WHEAT,116,116,WH-016,APPROVED,SYSTEM,OFF-00001,2025-12-29T11:00:00
ALLOC-0000833,2026-01,FPS-0417,RICE,145,145,WH-017,APPROVED,SYSTEM,OFF-00001,2025-12-29T11:00:00
ALLOC-0000834,2026-01,FPS-0417,WHEAT,137,137,WH-017,APPROVED,SYSTEM,OFF-00001,2025-12-29T11:00:00
ALLOC-0000835,2026-01,FPS-0418,RICE,209,209,WH-018,APPROVED,SYSTEM,OFF-00001,2025-12-29T11:00:00
ALLOC-0000836,2026-01,FPS-0418,WHEAT,144,144,WH-018,APPROVED,SYSTEM,OFF-00001,2025-12-29T11:00:00
ALLOC-0000837,2026-01,FPS-0419,RICE,209,209,WH-019,APPROVED,SYSTEM,OFF-00001,2025-12-29T11:00:00
ALLOC-0000838,2026-01,FPS-0419,WHEAT,169,169,WH-019,APPROVED,SYSTEM,OFF-00001,2025-12-29T11:00:00
ALLOC-0000839,2026-01,FPS-0420,RICE,207,207,WH-020,APPROVED,SYSTEM,OFF-00001,2025-12-29T11:00:00
ALLOC-0000840,2026-01,FPS-0420,WHEAT,163,163,WH-020,APPROVED,SYSTEM,OFF-00001,2025-12-29T11:00:00
ALLOC-0000841,2026-01,FPS-0421,RICE,190,190,WH-021,APPROVED,SYSTEM,OFF-00001,2025-12-29T11:00:00
ALLOC-0000842,2026-01,FPS-0421,WHEAT,141,141,WH-021,APPROVED,SYSTEM,OFF-00001,2025-12-29T11:00:00
ALLOC-0000843,2026-01,FPS-0422,RICE,163,163,WH-022,APPROVED,SYSTEM,OFF-00001,2025-12-29T11:00:00
ALLOC-0000844,2026-01,FPS-0422,WHEAT,134,134,WH-022,APPROVED,SYSTEM,OFF-00001,2025-12-29T11:00:00
ALLOC-0000845,2026-01,FPS-0423,RICE,168,168,WH-023,APPROVED,SYSTEM,OFF-00001,2025-12-29T11:00:00
ALLOC-0000846,2026-01,FPS-0423,WHEAT,135,135,WH-023,APPROVED,SYSTEM,OFF-00001,2025-12-29T11:00:00
ALLOC-0000847,2026-01,FPS-0424,RICE,197,197,WH-024,APPROVED,SYSTEM,OFF-00001,2025-12-29T11:00:00
ALLOC-0000848,2026-01,FPS-0424,WHEAT,144,144,WH-024,APPROVED,SYSTEM,OFF-00001,2025-12-29T11:00:00
ALLOC-0000849,2026-01,FPS-0425,RICE,173,173,WH-025,APPROVED,SYSTEM,OFF-00001,2025-12-29T11:00:00
ALLOC-0000850,2026-01,FPS-0425,WHEAT,138,138,WH-025,APPROVED,SYSTEM,OFF-00001,2025-12-29T11:00:00
ALLOC-0000851,2026-01,FPS-0426,RICE,210,210,WH-001,APPROVED,SYSTEM,OFF-00001,2025-12-29T11:00:00
ALLOC-0000852,2026-01,FPS-0426,WHEAT,148,148,WH-001,APPROVED,SYSTEM,OFF-00001,2025-12-29T11:00:00
ALLOC-0000853,2026-01,FPS-0427,RICE,154,154,WH-002,APPROVED,SYSTEM,OFF-00001,2025-12-29T11:00:00
ALLOC-0000854,2026-01,FPS-0427,WHEAT,118,118,WH-002,APPROVED,SYSTEM,OFF-00001,2025-12-29T11:00:00
ALLOC-0000855,2026-01,FPS-0428,RICE,138,138,WH-003,APPROVED,SYSTEM,OFF-00001,2025-12-29T11:00:00
ALLOC-0000856,2026-01,FPS-0428,WHEAT,119,119,WH-003,APPROVED,SYSTEM,OFF-00001,2025-12-29T11:00:00
ALLOC-0000857,2026-01,FPS-0429,RICE,144,144,WH-004,APPROVED,SYSTEM,OFF-00001,2025-12-29T11:00:00
ALLOC-0000858,2026-01,FPS-0429,WHEAT,123,123,WH-004,APPROVED,SYSTEM,OFF-00001,2025-12-29T11:00:00
ALLOC-0000859,2026-01,FPS-0430,RICE,162,162,WH-005,APPROVED,SYSTEM,OFF-00001,2025-12-29T11:00:00
ALLOC-0000860,2026-01,FPS-0430,WHEAT,131,131,WH-005,APPROVED,SYSTEM,OFF-00001,2025-12-29T11:00:00
ALLOC-0000861,2026-01,FPS-0431,RICE,126,126,WH-006,APPROVED,SYSTEM,OFF-00001,2025-12-29T11:00:00
ALLOC-0000862,2026-01,FPS-0431,WHEAT,115,115,WH-006,APPROVED,SYSTEM,OFF-00001,2025-12-29T11:00:00
ALLOC-0000863,2026-01,FPS-0432,RICE,299,299,WH-007,APPROVED,SYSTEM,OFF-00001,2025-12-29T11:00:00
ALLOC-0000864,2026-01,FPS-0432,WHEAT,206,206,WH-007,APPROVED,SYSTEM,OFF-00001,2025-12-29T11:00:00
ALLOC-0000865,2026-01,FPS-0433,RICE,162,162,WH-008,APPROVED,SYSTEM,OFF-00001,2025-12-29T11:00:00
ALLOC-0000866,2026-01,FPS-0433,WHEAT,133,133,WH-008,APPROVED,SYSTEM,OFF-00001,2025-12-29T11:00:00
ALLOC-0000867,2026-01,FPS-0434,RICE,206,206,WH-009,APPROVED,SYSTEM,OFF-00001,2025-12-29T11:00:00
ALLOC-0000868,2026-01,FPS-0434,WHEAT,165,165,WH-009,APPROVED,SYSTEM,OFF-00001,2025-12-29T11:00:00
ALLOC-0000869,2026-01,FPS-0435,RICE,191,191,WH-010,APPROVED,SYSTEM,OFF-00001,2025-12-29T11:00:00
ALLOC-0000870,2026-01,FPS-0435,WHEAT,146,146,WH-010,APPROVED,SYSTEM,OFF-00001,2025-12-29T11:00:00
ALLOC-0000871,2026-01,FPS-0436,RICE,127,127,WH-011,APPROVED,SYSTEM,OFF-00001,2025-12-29T11:00:00
ALLOC-0000872,2026-01,FPS-0436,WHEAT,113,113,WH-011,APPROVED,SYSTEM,OFF-00001,2025-12-29T11:00:00
ALLOC-0000873,2026-01,FPS-0437,RICE,147,147,WH-012,APPROVED,SYSTEM,OFF-00001,2025-12-29T11:00:00
ALLOC-0000874,2026-01,FPS-0437,WHEAT,129,129,WH-012,APPROVED,SYSTEM,OFF-00001,2025-12-29T11:00:00
ALLOC-0000875,2026-01,FPS-0438,RICE,165,165,WH-013,APPROVED,SYSTEM,OFF-00001,2025-12-29T11:00:00
ALLOC-0000876,2026-01,FPS-0438,WHEAT,135,135,WH-013,APPROVED,SYSTEM,OFF-00001,2025-12-29T11:00:00
ALLOC-0000877,2026-01,FPS-0439,RICE,205,205,WH-014,APPROVED,SYSTEM,OFF-00001,2025-12-29T11:00:00
ALLOC-0000878,2026-01,FPS-0439,WHEAT,142,142,WH-014,APPROVED,SYSTEM,OFF-00001,2025-12-29T11:00:00
ALLOC-0000879,2026-01,FPS-0440,RICE,163,163,WH-015,APPROVED,SYSTEM,OFF-00001,2025-12-29T11:00:00
ALLOC-0000880,2026-01,FPS-0440,WHEAT,146,146,WH-015,APPROVED,SYSTEM,OFF-00001,2025-12-29T11:00:00
ALLOC-0000881,2026-01,FPS-0441,RICE,208,208,WH-016,APPROVED,SYSTEM,OFF-00001,2025-12-29T11:00:00
ALLOC-0000882,2026-01,FPS-0441,WHEAT,153,153,WH-016,APPROVED,SYSTEM,OFF-00001,2025-12-29T11:00:00
ALLOC-0000883,2026-01,FPS-0442,RICE,142,142,WH-017,APPROVED,SYSTEM,OFF-00001,2025-12-29T11:00:00
ALLOC-0000884,2026-01,FPS-0442,WHEAT,129,129,WH-017,APPROVED,SYSTEM,OFF-00001,2025-12-29T11:00:00
ALLOC-0000885,2026-01,FPS-0443,RICE,140,140,WH-018,APPROVED,SYSTEM,OFF-00001,2025-12-29T11:00:00
ALLOC-0000886,2026-01,FPS-0443,WHEAT,128,128,WH-018,APPROVED,SYSTEM,OFF-00001,2025-12-29T11:00:00
ALLOC-0000887,2026-01,FPS-0444,RICE,128,128,WH-019,APPROVED,SYSTEM,OFF-00001,2025-12-29T11:00:00
ALLOC-0000888,2026-01,FPS-0444,WHEAT,116,116,WH-019,APPROVED,SYSTEM,OFF-00001,2025-12-29T11:00:00
ALLOC-0000889,2026-01,FPS-0445,RICE,151,151,WH-020,APPROVED,SYSTEM,OFF-00001,2025-12-29T11:00:00
ALLOC-0000890,2026-01,FPS-0445,WHEAT,129,129,WH-020,APPROVED,SYSTEM,OFF-00001,2025-12-29T11:00:00
ALLOC-0000891,2026-01,FPS-0446,RICE,162,162,WH-021,APPROVED,SYSTEM,OFF-00001,2025-12-29T11:00:00
ALLOC-0000892,2026-01,FPS-0446,WHEAT,138,138,WH-021,APPROVED,SYSTEM,OFF-00001,2025-12-29T11:00:00
ALLOC-0000893,2026-01,FPS-0447,RICE,126,126,WH-022,APPROVED,SYSTEM,OFF-00001,2025-12-29T11:00:00
ALLOC-0000894,2026-01,FPS-0447,WHEAT,112,112,WH-022,APPROVED,SYSTEM,OFF-00001,2025-12-29T11:00:00
ALLOC-0000895,2026-01,FPS-0448,RICE,161,161,WH-023,APPROVED,SYSTEM,OFF-00001,2025-12-29T11:00:00
ALLOC-0000896,2026-01,FPS-0448,WHEAT,152,152,WH-023,APPROVED,SYSTEM,OFF-00001,2025-12-29T11:00:00
ALLOC-0000897,2026-01,FPS-0449,RICE,147,147,WH-024,APPROVED,SYSTEM,OFF-00001,2025-12-29T11:00:00
ALLOC-0000898,2026-01,FPS-0449,WHEAT,115,115,WH-024,APPROVED,SYSTEM,OFF-00001,2025-12-29T11:00:00
ALLOC-0000899,2026-01,FPS-0450,RICE,121,121,WH-025,APPROVED,SYSTEM,OFF-00001,2025-12-29T11:00:00
ALLOC-0000900,2026-01,FPS-0450,WHEAT,114,114,WH-025,APPROVED,SYSTEM,OFF-00001,2025-12-29T11:00:00
ALLOC-0000901,2026-01,FPS-0451,RICE,195,195,WH-001,APPROVED,SYSTEM,OFF-00001,2025-12-29T11:00:00
ALLOC-0000902,2026-01,FPS-0451,WHEAT,137,137,WH-001,APPROVED,SYSTEM,OFF-00001,2025-12-29T11:00:00
ALLOC-0000903,2026-01,FPS-0452,RICE,177,177,WH-002,APPROVED,SYSTEM,OFF-00001,2025-12-29T11:00:00
ALLOC-0000904,2026-01,FPS-0452,WHEAT,146,146,WH-002,APPROVED,SYSTEM,OFF-00001,2025-12-29T11:00:00
ALLOC-0000905,2026-01,FPS-0453,RICE,149,149,WH-003,APPROVED,SYSTEM,OFF-00001,2025-12-29T11:00:00
ALLOC-0000906,2026-01,FPS-0453,WHEAT,128,128,WH-003,APPROVED,SYSTEM,OFF-00001,2025-12-29T11:00:00
ALLOC-0000907,2026-01,FPS-0454,RICE,183,183,WH-004,APPROVED,SYSTEM,OFF-00001,2025-12-29T11:00:00
ALLOC-0000908,2026-01,FPS-0454,WHEAT,147,147,WH-004,APPROVED,SYSTEM,OFF-00001,2025-12-29T11:00:00
ALLOC-0000909,2026-01,FPS-0455,RICE,180,180,WH-005,APPROVED,SYSTEM,OFF-00001,2025-12-29T11:00:00
ALLOC-0000910,2026-01,FPS-0455,WHEAT,143,143,WH-005,APPROVED,SYSTEM,OFF-00001,2025-12-29T11:00:00
ALLOC-0000911,2026-01,FPS-0456,RICE,173,173,WH-006,APPROVED,SYSTEM,OFF-00001,2025-12-29T11:00:00
ALLOC-0000912,2026-01,FPS-0456,WHEAT,127,127,WH-006,APPROVED,SYSTEM,OFF-00001,2025-12-29T11:00:00
ALLOC-0000913,2026-01,FPS-0457,RICE,190,190,WH-007,APPROVED,SYSTEM,OFF-00001,2025-12-29T11:00:00
ALLOC-0000914,2026-01,FPS-0457,WHEAT,141,141,WH-007,APPROVED,SYSTEM,OFF-00001,2025-12-29T11:00:00
ALLOC-0000915,2026-01,FPS-0458,RICE,150,150,WH-008,APPROVED,SYSTEM,OFF-00001,2025-12-29T11:00:00
ALLOC-0000916,2026-01,FPS-0458,WHEAT,129,129,WH-008,APPROVED,SYSTEM,OFF-00001,2025-12-29T11:00:00
ALLOC-0000917,2026-01,FPS-0459,RICE,191,191,WH-009,APPROVED,SYSTEM,OFF-00001,2025-12-29T11:00:00
ALLOC-0000918,2026-01,FPS-0459,WHEAT,159,159,WH-009,APPROVED,SYSTEM,OFF-00001,2025-12-29T11:00:00
ALLOC-0000919,2026-01,FPS-0460,RICE,162,162,WH-010,APPROVED,SYSTEM,OFF-00001,2025-12-29T11:00:00
ALLOC-0000920,2026-01,FPS-0460,WHEAT,132,132,WH-010,APPROVED,SYSTEM,OFF-00001,2025-12-29T11:00:00
ALLOC-0000921,2026-01,FPS-0461,RICE,185,185,WH-011,APPROVED,SYSTEM,OFF-00001,2025-12-29T11:00:00
ALLOC-0000922,2026-01,FPS-0461,WHEAT,136,136,WH-011,APPROVED,SYSTEM,OFF-00001,2025-12-29T11:00:00
ALLOC-0000923,2026-01,FPS-0462,RICE,120,120,WH-012,APPROVED,SYSTEM,OFF-00001,2025-12-29T11:00:00
ALLOC-0000924,2026-01,FPS-0462,WHEAT,114,114,WH-012,APPROVED,SYSTEM,OFF-00001,2025-12-29T11:00:00
ALLOC-0000925,2026-01,FPS-0463,RICE,197,197,WH-013,APPROVED,SYSTEM,OFF-00001,2025-12-29T11:00:00
ALLOC-0000926,2026-01,FPS-0463,WHEAT,140,140,WH-013,APPROVED,SYSTEM,OFF-00001,2025-12-29T11:00:00
ALLOC-0000927,2026-01,FPS-0464,RICE,174,174,WH-014,APPROVED,SYSTEM,OFF-00001,2025-12-29T11:00:00
ALLOC-0000928,2026-01,FPS-0464,WHEAT,137,137,WH-014,APPROVED,SYSTEM,OFF-00001,2025-12-29T11:00:00
ALLOC-0000929,2026-01,FPS-0465,RICE,173,173,WH-015,APPROVED,SYSTEM,OFF-00001,2025-12-29T11:00:00
ALLOC-0000930,2026-01,FPS-0465,WHEAT,150,150,WH-015,APPROVED,SYSTEM,OFF-00001,2025-12-29T11:00:00
ALLOC-0000931,2026-01,FPS-0466,RICE,180,180,WH-016,APPROVED,SYSTEM,OFF-00001,2025-12-29T11:00:00
ALLOC-0000932,2026-01,FPS-0466,WHEAT,165,165,WH-016,APPROVED,SYSTEM,OFF-00001,2025-12-29T11:00:00
ALLOC-0000933,2026-01,FPS-0467,RICE,116,116,WH-017,APPROVED,SYSTEM,OFF-00001,2025-12-29T11:00:00
ALLOC-0000934,2026-01,FPS-0467,WHEAT,109,109,WH-017,APPROVED,SYSTEM,OFF-00001,2025-12-29T11:00:00
ALLOC-0000935,2026-01,FPS-0468,RICE,154,154,WH-018,APPROVED,SYSTEM,OFF-00001,2025-12-29T11:00:00
ALLOC-0000936,2026-01,FPS-0468,WHEAT,129,129,WH-018,APPROVED,SYSTEM,OFF-00001,2025-12-29T11:00:00
ALLOC-0000937,2026-01,FPS-0469,RICE,161,161,WH-019,APPROVED,SYSTEM,OFF-00001,2025-12-29T11:00:00
ALLOC-0000938,2026-01,FPS-0469,WHEAT,144,144,WH-019,APPROVED,SYSTEM,OFF-00001,2025-12-29T11:00:00
ALLOC-0000939,2026-01,FPS-0470,RICE,233,233,WH-020,APPROVED,SYSTEM,OFF-00001,2025-12-29T11:00:00
ALLOC-0000940,2026-01,FPS-0470,WHEAT,161,161,WH-020,APPROVED,SYSTEM,OFF-00001,2025-12-29T11:00:00
ALLOC-0000941,2026-01,FPS-0471,RICE,159,159,WH-021,APPROVED,SYSTEM,OFF-00001,2025-12-29T11:00:00
ALLOC-0000942,2026-01,FPS-0471,WHEAT,131,131,WH-021,APPROVED,SYSTEM,OFF-00001,2025-12-29T11:00:00
ALLOC-0000943,2026-01,FPS-0472,RICE,221,221,WH-022,APPROVED,SYSTEM,OFF-00001,2025-12-29T11:00:00
ALLOC-0000944,2026-01,FPS-0472,WHEAT,168,168,WH-022,APPROVED,SYSTEM,OFF-00001,2025-12-29T11:00:00
ALLOC-0000945,2026-01,FPS-0473,RICE,166,166,WH-023,APPROVED,SYSTEM,OFF-00001,2025-12-29T11:00:00
ALLOC-0000946,2026-01,FPS-0473,WHEAT,144,144,WH-023,APPROVED,SYSTEM,OFF-00001,2025-12-29T11:00:00
ALLOC-0000947,2026-01,FPS-0474,RICE,162,162,WH-024,APPROVED,SYSTEM,OFF-00001,2025-12-29T11:00:00
ALLOC-0000948,2026-01,FPS-0474,WHEAT,144,144,WH-024,APPROVED,SYSTEM,OFF-00001,2025-12-29T11:00:00
ALLOC-0000949,2026-01,FPS-0475,RICE,208,208,WH-025,APPROVED,SYSTEM,OFF-00001,2025-12-29T11:00:00
ALLOC-0000950,2026-01,FPS-0475,WHEAT,140,140,WH-025,APPROVED,SYSTEM,OFF-00001,2025-12-29T11:00:00
ALLOC-0000951,2026-01,FPS-0476,RICE,151,151,WH-001,APPROVED,SYSTEM,OFF-00001,2025-12-29T11:00:00
ALLOC-0000952,2026-01,FPS-0476,WHEAT,129,129,WH-001,APPROVED,SYSTEM,OFF-00001,2025-12-29T11:00:00
ALLOC-0000953,2026-01,FPS-0477,RICE,179,179,WH-002,APPROVED,SYSTEM,OFF-00001,2025-12-29T11:00:00
ALLOC-0000954,2026-01,FPS-0477,WHEAT,139,139,WH-002,APPROVED,SYSTEM,OFF-00001,2025-12-29T11:00:00
ALLOC-0000955,2026-01,FPS-0478,RICE,147,147,WH-003,APPROVED,SYSTEM,OFF-00001,2025-12-29T11:00:00
ALLOC-0000956,2026-01,FPS-0478,WHEAT,139,139,WH-003,APPROVED,SYSTEM,OFF-00001,2025-12-29T11:00:00
ALLOC-0000957,2026-01,FPS-0479,RICE,189,189,WH-004,APPROVED,SYSTEM,OFF-00001,2025-12-29T11:00:00
ALLOC-0000958,2026-01,FPS-0479,WHEAT,148,148,WH-004,APPROVED,SYSTEM,OFF-00001,2025-12-29T11:00:00
ALLOC-0000959,2026-01,FPS-0480,RICE,137,137,WH-005,APPROVED,SYSTEM,OFF-00001,2025-12-29T11:00:00
ALLOC-0000960,2026-01,FPS-0480,WHEAT,131,131,WH-005,APPROVED,SYSTEM,OFF-00001,2025-12-29T11:00:00
ALLOC-0000961,2026-01,FPS-0481,RICE,160,160,WH-006,APPROVED,SYSTEM,OFF-00001,2025-12-29T11:00:00
ALLOC-0000962,2026-01,FPS-0481,WHEAT,133,133,WH-006,APPROVED,SYSTEM,OFF-00001,2025-12-29T11:00:00
ALLOC-0000963,2026-01,FPS-0482,RICE,148,148,WH-007,APPROVED,SYSTEM,OFF-00001,2025-12-29T11:00:00
ALLOC-0000964,2026-01,FPS-0482,WHEAT,135,135,WH-007,APPROVED,SYSTEM,OFF-00001,2025-12-29T11:00:00
ALLOC-0000965,2026-01,FPS-0483,RICE,135,135,WH-008,APPROVED,SYSTEM,OFF-00001,2025-12-29T11:00:00
ALLOC-0000966,2026-01,FPS-0483,WHEAT,122,122,WH-008,APPROVED,SYSTEM,OFF-00001,2025-12-29T11:00:00
ALLOC-0000967,2026-01,FPS-0484,RICE,170,170,WH-009,APPROVED,SYSTEM,OFF-00001,2025-12-29T11:00:00
ALLOC-0000968,2026-01,FPS-0484,WHEAT,142,142,WH-009,APPROVED,SYSTEM,OFF-00001,2025-12-29T11:00:00
ALLOC-0000969,2026-01,FPS-0485,RICE,154,154,WH-010,APPROVED,SYSTEM,OFF-00001,2025-12-29T11:00:00
ALLOC-0000970,2026-01,FPS-0485,WHEAT,140,140,WH-010,APPROVED,SYSTEM,OFF-00001,2025-12-29T11:00:00
ALLOC-0000971,2026-01,FPS-0486,RICE,190,190,WH-011,APPROVED,SYSTEM,OFF-00001,2025-12-29T11:00:00
ALLOC-0000972,2026-01,FPS-0486,WHEAT,151,151,WH-011,APPROVED,SYSTEM,OFF-00001,2025-12-29T11:00:00
ALLOC-0000973,2026-01,FPS-0487,RICE,138,138,WH-012,APPROVED,SYSTEM,OFF-00001,2025-12-29T11:00:00
ALLOC-0000974,2026-01,FPS-0487,WHEAT,119,119,WH-012,APPROVED,SYSTEM,OFF-00001,2025-12-29T11:00:00
ALLOC-0000975,2026-01,FPS-0488,RICE,127,127,WH-013,APPROVED,SYSTEM,OFF-00001,2025-12-29T11:00:00
ALLOC-0000976,2026-01,FPS-0488,WHEAT,113,113,WH-013,APPROVED,SYSTEM,OFF-00001,2025-12-29T11:00:00
ALLOC-0000977,2026-01,FPS-0489,RICE,181,181,WH-014,APPROVED,SYSTEM,OFF-00001,2025-12-29T11:00:00
ALLOC-0000978,2026-01,FPS-0489,WHEAT,144,144,WH-014,APPROVED,SYSTEM,OFF-00001,2025-12-29T11:00:00
ALLOC-0000979,2026-01,FPS-0490,RICE,184,184,WH-015,APPROVED,SYSTEM,OFF-00001,2025-12-29T11:00:00
ALLOC-0000980,2026-01,FPS-0490,WHEAT,138,138,WH-015,APPROVED,SYSTEM,OFF-00001,2025-12-29T11:00:00
ALLOC-0000981,2026-01,FPS-0491,RICE,193,193,WH-016,APPROVED,SYSTEM,OFF-00001,2025-12-29T11:00:00
ALLOC-0000982,2026-01,FPS-0491,WHEAT,143,143,WH-016,APPROVED,SYSTEM,OFF-00001,2025-12-29T11:00:00
ALLOC-0000983,2026-01,FPS-0492,RICE,262,262,WH-017,APPROVED,SYSTEM,OFF-00001,2025-12-29T11:00:00
ALLOC-0000984,2026-01,FPS-0492,WHEAT,183,183,WH-017,APPROVED,SYSTEM,OFF-00001,2025-12-29T11:00:00
ALLOC-0000985,2026-01,FPS-0493,RICE,150,150,WH-018,APPROVED,SYSTEM,OFF-00001,2025-12-29T11:00:00
ALLOC-0000986,2026-01,FPS-0493,WHEAT,134,134,WH-018,APPROVED,SYSTEM,OFF-00001,2025-12-29T11:00:00
ALLOC-0000987,2026-01,FPS-0494,RICE,135,135,WH-019,APPROVED,SYSTEM,OFF-00001,2025-12-29T11:00:00
ALLOC-0000988,2026-01,FPS-0494,WHEAT,118,118,WH-019,APPROVED,SYSTEM,OFF-00001,2025-12-29T11:00:00
ALLOC-0000989,2026-01,FPS-0495,RICE,130,130,WH-020,APPROVED,SYSTEM,OFF-00001,2025-12-29T11:00:00
ALLOC-0000990,2026-01,FPS-0495,WHEAT,110,110,WH-020,APPROVED,SYSTEM,OFF-00001,2025-12-29T11:00:00
ALLOC-0000991,2026-01,FPS-0496,RICE,153,153,WH-021,APPROVED,SYSTEM,OFF-00001,2025-12-29T11:00:00
ALLOC-0000992,2026-01,FPS-0496,WHEAT,126,126,WH-021,APPROVED,SYSTEM,OFF-00001,2025-12-29T11:00:00
ALLOC-0000993,2026-01,FPS-0497,RICE,217,217,WH-022,APPROVED,SYSTEM,OFF-00001,2025-12-29T11:00:00
ALLOC-0000994,2026-01,FPS-0497,WHEAT,142,142,WH-022,APPROVED,SYSTEM,OFF-00001,2025-12-29T11:00:00
ALLOC-0000995,2026-01,FPS-0498,RICE,162,162,WH-023,APPROVED,SYSTEM,OFF-00001,2025-12-29T11:00:00
ALLOC-0000996,2026-01,FPS-0498,WHEAT,140,140,WH-023,APPROVED,SYSTEM,OFF-00001,2025-12-29T11:00:00
ALLOC-0000997,2026-01,FPS-0499,RICE,211,211,WH-024,APPROVED,SYSTEM,OFF-00001,2025-12-29T11:00:00
ALLOC-0000998,2026-01,FPS-0499,WHEAT,155,155,WH-024,APPROVED,SYSTEM,OFF-00001,2025-12-29T11:00:00
ALLOC-0000999,2026-01,FPS-0500,RICE,161,161,WH-025,APPROVED,SYSTEM,OFF-00001,2025-12-29T11:00:00
ALLOC-0001000,2026-01,FPS-0500,WHEAT,126,126,WH-025,APPROVED,SYSTEM,OFF-00001,2025-12-29T11:00:00
ALLOC-0001001,2026-01,FPS-0501,RICE,151,151,WH-001,APPROVED,SYSTEM,OFF-00001,2025-12-29T11:00:00
ALLOC-0001002,2026-01,FPS-0501,WHEAT,135,135,WH-001,APPROVED,SYSTEM,OFF-00001,2025-12-29T11:00:00
ALLOC-0001003,2026-01,FPS-0502,RICE,191,191,WH-002,APPROVED,SYSTEM,OFF-00001,2025-12-29T11:00:00
ALLOC-0001004,2026-01,FPS-0502,WHEAT,150,150,WH-002,APPROVED,SYSTEM,OFF-00001,2025-12-29T11:00:00
ALLOC-0001005,2026-01,FPS-0503,RICE,128,128,WH-003,APPROVED,SYSTEM,OFF-00001,2025-12-29T11:00:00
ALLOC-0001006,2026-01,FPS-0503,WHEAT,104,104,WH-003,APPROVED,SYSTEM,OFF-00001,2025-12-29T11:00:00
ALLOC-0001007,2026-01,FPS-0504,RICE,159,159,WH-004,APPROVED,SYSTEM,OFF-00001,2025-12-29T11:00:00
ALLOC-0001008,2026-01,FPS-0504,WHEAT,123,123,WH-004,APPROVED,SYSTEM,OFF-00001,2025-12-29T11:00:00
ALLOC-0001009,2026-01,FPS-0505,RICE,155,155,WH-005,APPROVED,SYSTEM,OFF-00001,2025-12-29T11:00:00
ALLOC-0001010,2026-01,FPS-0505,WHEAT,134,134,WH-005,APPROVED,SYSTEM,OFF-00001,2025-12-29T11:00:00
ALLOC-0001011,2026-01,FPS-0506,RICE,132,132,WH-006,APPROVED,SYSTEM,OFF-00001,2025-12-29T11:00:00
ALLOC-0001012,2026-01,FPS-0506,WHEAT,116,116,WH-006,APPROVED,SYSTEM,OFF-00001,2025-12-29T11:00:00
ALLOC-0001013,2026-01,FPS-0507,RICE,138,138,WH-007,APPROVED,SYSTEM,OFF-00001,2025-12-29T11:00:00
ALLOC-0001014,2026-01,FPS-0507,WHEAT,117,117,WH-007,APPROVED,SYSTEM,OFF-00001,2025-12-29T11:00:00
ALLOC-0001015,2026-01,FPS-0508,RICE,213,213,WH-008,APPROVED,SYSTEM,OFF-00001,2025-12-29T11:00:00
ALLOC-0001016,2026-01,FPS-0508,WHEAT,170,170,WH-008,APPROVED,SYSTEM,OFF-00001,2025-12-29T11:00:00
ALLOC-0001017,2026-01,FPS-0509,RICE,167,167,WH-009,APPROVED,SYSTEM,OFF-00001,2025-12-29T11:00:00
ALLOC-0001018,2026-01,FPS-0509,WHEAT,144,144,WH-009,APPROVED,SYSTEM,OFF-00001,2025-12-29T11:00:00
ALLOC-0001019,2026-01,FPS-0510,RICE,145,145,WH-010,APPROVED,SYSTEM,OFF-00001,2025-12-29T11:00:00
ALLOC-0001020,2026-01,FPS-0510,WHEAT,125,125,WH-010,APPROVED,SYSTEM,OFF-00001,2025-12-29T11:00:00
ALLOC-0001021,2026-01,FPS-0511,RICE,161,161,WH-011,APPROVED,SYSTEM,OFF-00001,2025-12-29T11:00:00
ALLOC-0001022,2026-01,FPS-0511,WHEAT,143,143,WH-011,APPROVED,SYSTEM,OFF-00001,2025-12-29T11:00:00
ALLOC-0001023,2026-01,FPS-0512,RICE,141,141,WH-012,APPROVED,SYSTEM,OFF-00001,2025-12-29T11:00:00
ALLOC-0001024,2026-01,FPS-0512,WHEAT,131,131,WH-012,APPROVED,SYSTEM,OFF-00001,2025-12-29T11:00:00
ALLOC-0001025,2026-01,FPS-0513,RICE,148,148,WH-013,APPROVED,SYSTEM,OFF-00001,2025-12-29T11:00:00
ALLOC-0001026,2026-01,FPS-0513,WHEAT,130,130,WH-013,APPROVED,SYSTEM,OFF-00001,2025-12-29T11:00:00
ALLOC-0001027,2026-01,FPS-0514,RICE,110,110,WH-014,APPROVED,SYSTEM,OFF-00001,2025-12-29T11:00:00
ALLOC-0001028,2026-01,FPS-0514,WHEAT,110,110,WH-014,APPROVED,SYSTEM,OFF-00001,2025-12-29T11:00:00
ALLOC-0001029,2026-01,FPS-0515,RICE,119,119,WH-015,APPROVED,SYSTEM,OFF-00001,2025-12-29T11:00:00
ALLOC-0001030,2026-01,FPS-0515,WHEAT,115,115,WH-015,APPROVED,SYSTEM,OFF-00001,2025-12-29T11:00:00
ALLOC-0001031,2026-01,FPS-0516,RICE,146,146,WH-016,APPROVED,SYSTEM,OFF-00001,2025-12-29T11:00:00
ALLOC-0001032,2026-01,FPS-0516,WHEAT,139,139,WH-016,APPROVED,SYSTEM,OFF-00001,2025-12-29T11:00:00
ALLOC-0001033,2026-01,FPS-0517,RICE,148,148,WH-017,APPROVED,SYSTEM,OFF-00001,2025-12-29T11:00:00
ALLOC-0001034,2026-01,FPS-0517,WHEAT,133,133,WH-017,APPROVED,SYSTEM,OFF-00001,2025-12-29T11:00:00
ALLOC-0001035,2026-01,FPS-0518,RICE,152,152,WH-018,APPROVED,SYSTEM,OFF-00001,2025-12-29T11:00:00
ALLOC-0001036,2026-01,FPS-0518,WHEAT,129,129,WH-018,APPROVED,SYSTEM,OFF-00001,2025-12-29T11:00:00
ALLOC-0001037,2026-01,FPS-0519,RICE,167,167,WH-019,APPROVED,SYSTEM,OFF-00001,2025-12-29T11:00:00
ALLOC-0001038,2026-01,FPS-0519,WHEAT,145,145,WH-019,APPROVED,SYSTEM,OFF-00001,2025-12-29T11:00:00
ALLOC-0001039,2026-01,FPS-0520,RICE,135,135,WH-020,APPROVED,SYSTEM,OFF-00001,2025-12-29T11:00:00
ALLOC-0001040,2026-01,FPS-0520,WHEAT,122,122,WH-020,APPROVED,SYSTEM,OFF-00001,2025-12-29T11:00:00
ALLOC-0001041,2026-01,FPS-0521,RICE,190,190,WH-021,APPROVED,SYSTEM,OFF-00001,2025-12-29T11:00:00
ALLOC-0001042,2026-01,FPS-0521,WHEAT,141,141,WH-021,APPROVED,SYSTEM,OFF-00001,2025-12-29T11:00:00
ALLOC-0001043,2026-01,FPS-0522,RICE,195,195,WH-022,APPROVED,SYSTEM,OFF-00001,2025-12-29T11:00:00
ALLOC-0001044,2026-01,FPS-0522,WHEAT,145,145,WH-022,APPROVED,SYSTEM,OFF-00001,2025-12-29T11:00:00
ALLOC-0001045,2026-01,FPS-0523,RICE,175,175,WH-023,APPROVED,SYSTEM,OFF-00001,2025-12-29T11:00:00
ALLOC-0001046,2026-01,FPS-0523,WHEAT,143,143,WH-023,APPROVED,SYSTEM,OFF-00001,2025-12-29T11:00:00
ALLOC-0001047,2026-01,FPS-0524,RICE,125,125,WH-024,APPROVED,SYSTEM,OFF-00001,2025-12-29T11:00:00
ALLOC-0001048,2026-01,FPS-0524,WHEAT,113,113,WH-024,APPROVED,SYSTEM,OFF-00001,2025-12-29T11:00:00
ALLOC-0001049,2026-01,FPS-0525,RICE,120,120,WH-025,APPROVED,SYSTEM,OFF-00001,2025-12-29T11:00:00
ALLOC-0001050,2026-01,FPS-0525,WHEAT,119,119,WH-025,APPROVED,SYSTEM,OFF-00001,2025-12-29T11:00:00
ALLOC-0001051,2026-01,FPS-0526,RICE,150,150,WH-001,APPROVED,SYSTEM,OFF-00001,2025-12-29T11:00:00
ALLOC-0001052,2026-01,FPS-0526,WHEAT,134,134,WH-001,APPROVED,SYSTEM,OFF-00001,2025-12-29T11:00:00
ALLOC-0001053,2026-01,FPS-0527,RICE,180,180,WH-002,APPROVED,SYSTEM,OFF-00001,2025-12-29T11:00:00
ALLOC-0001054,2026-01,FPS-0527,WHEAT,150,150,WH-002,APPROVED,SYSTEM,OFF-00001,2025-12-29T11:00:00
ALLOC-0001055,2026-01,FPS-0528,RICE,143,143,WH-003,APPROVED,SYSTEM,OFF-00001,2025-12-29T11:00:00
ALLOC-0001056,2026-01,FPS-0528,WHEAT,134,134,WH-003,APPROVED,SYSTEM,OFF-00001,2025-12-29T11:00:00
ALLOC-0001057,2026-01,FPS-0529,RICE,241,241,WH-004,APPROVED,SYSTEM,OFF-00001,2025-12-29T11:00:00
ALLOC-0001058,2026-01,FPS-0529,WHEAT,171,171,WH-004,APPROVED,SYSTEM,OFF-00001,2025-12-29T11:00:00
ALLOC-0001059,2026-01,FPS-0530,RICE,185,185,WH-005,APPROVED,SYSTEM,OFF-00001,2025-12-29T11:00:00
ALLOC-0001060,2026-01,FPS-0530,WHEAT,140,140,WH-005,APPROVED,SYSTEM,OFF-00001,2025-12-29T11:00:00
ALLOC-0001061,2026-01,FPS-0531,RICE,167,167,WH-006,APPROVED,SYSTEM,OFF-00001,2025-12-29T11:00:00
ALLOC-0001062,2026-01,FPS-0531,WHEAT,144,144,WH-006,APPROVED,SYSTEM,OFF-00001,2025-12-29T11:00:00
ALLOC-0001063,2026-01,FPS-0532,RICE,139,139,WH-007,APPROVED,SYSTEM,OFF-00001,2025-12-29T11:00:00
ALLOC-0001064,2026-01,FPS-0532,WHEAT,120,120,WH-007,APPROVED,SYSTEM,OFF-00001,2025-12-29T11:00:00
ALLOC-0001065,2026-01,FPS-0533,RICE,168,168,WH-008,APPROVED,SYSTEM,OFF-00001,2025-12-29T11:00:00
ALLOC-0001066,2026-01,FPS-0533,WHEAT,136,136,WH-008,APPROVED,SYSTEM,OFF-00001,2025-12-29T11:00:00
ALLOC-0001067,2026-01,FPS-0534,RICE,139,139,WH-009,APPROVED,SYSTEM,OFF-00001,2025-12-29T11:00:00
ALLOC-0001068,2026-01,FPS-0534,WHEAT,115,115,WH-009,APPROVED,SYSTEM,OFF-00001,2025-12-29T11:00:00
ALLOC-0001069,2026-01,FPS-0535,RICE,203,203,WH-010,APPROVED,SYSTEM,OFF-00001,2025-12-29T11:00:00
ALLOC-0001070,2026-01,FPS-0535,WHEAT,148,148,WH-010,APPROVED,SYSTEM,OFF-00001,2025-12-29T11:00:00
ALLOC-0001071,2026-01,FPS-0536,RICE,150,150,WH-011,APPROVED,SYSTEM,OFF-00001,2025-12-29T11:00:00
ALLOC-0001072,2026-01,FPS-0536,WHEAT,145,145,WH-011,APPROVED,SYSTEM,OFF-00001,2025-12-29T11:00:00
ALLOC-0001073,2026-01,FPS-0537,RICE,148,148,WH-012,APPROVED,SYSTEM,OFF-00001,2025-12-29T11:00:00
ALLOC-0001074,2026-01,FPS-0537,WHEAT,141,141,WH-012,APPROVED,SYSTEM,OFF-00001,2025-12-29T11:00:00
ALLOC-0001075,2026-01,FPS-0538,RICE,157,157,WH-013,APPROVED,SYSTEM,OFF-00001,2025-12-29T11:00:00
ALLOC-0001076,2026-01,FPS-0538,WHEAT,131,131,WH-013,APPROVED,SYSTEM,OFF-00001,2025-12-29T11:00:00
ALLOC-0001077,2026-01,FPS-0539,RICE,196,196,WH-014,APPROVED,SYSTEM,OFF-00001,2025-12-29T11:00:00
ALLOC-0001078,2026-01,FPS-0539,WHEAT,156,156,WH-014,APPROVED,SYSTEM,OFF-00001,2025-12-29T11:00:00
ALLOC-0001079,2026-01,FPS-0540,RICE,126,126,WH-015,APPROVED,SYSTEM,OFF-00001,2025-12-29T11:00:00
ALLOC-0001080,2026-01,FPS-0540,WHEAT,113,113,WH-015,APPROVED,SYSTEM,OFF-00001,2025-12-29T11:00:00
ALLOC-0001081,2026-01,FPS-0541,RICE,153,153,WH-016,APPROVED,SYSTEM,OFF-00001,2025-12-29T11:00:00
ALLOC-0001082,2026-01,FPS-0541,WHEAT,142,142,WH-016,APPROVED,SYSTEM,OFF-00001,2025-12-29T11:00:00
ALLOC-0001083,2026-01,FPS-0542,RICE,162,162,WH-017,APPROVED,SYSTEM,OFF-00001,2025-12-29T11:00:00
ALLOC-0001084,2026-01,FPS-0542,WHEAT,138,138,WH-017,APPROVED,SYSTEM,OFF-00001,2025-12-29T11:00:00
ALLOC-0001085,2026-01,FPS-0543,RICE,166,166,WH-018,APPROVED,SYSTEM,OFF-00001,2025-12-29T11:00:00
ALLOC-0001086,2026-01,FPS-0543,WHEAT,138,138,WH-018,APPROVED,SYSTEM,OFF-00001,2025-12-29T11:00:00
ALLOC-0001087,2026-01,FPS-0544,RICE,145,145,WH-019,APPROVED,SYSTEM,OFF-00001,2025-12-29T11:00:00
ALLOC-0001088,2026-01,FPS-0544,WHEAT,112,112,WH-019,APPROVED,SYSTEM,OFF-00001,2025-12-29T11:00:00
ALLOC-0001089,2026-01,FPS-0545,RICE,120,120,WH-020,APPROVED,SYSTEM,OFF-00001,2025-12-29T11:00:00
ALLOC-0001090,2026-01,FPS-0545,WHEAT,119,119,WH-020,APPROVED,SYSTEM,OFF-00001,2025-12-29T11:00:00
ALLOC-0001091,2026-01,FPS-0546,RICE,238,238,WH-021,APPROVED,SYSTEM,OFF-00001,2025-12-29T11:00:00
ALLOC-0001092,2026-01,FPS-0546,WHEAT,162,162,WH-021,APPROVED,SYSTEM,OFF-00001,2025-12-29T11:00:00
ALLOC-0001093,2026-01,FPS-0547,RICE,132,132,WH-022,APPROVED,SYSTEM,OFF-00001,2025-12-29T11:00:00
ALLOC-0001094,2026-01,FPS-0547,WHEAT,112,112,WH-022,APPROVED,SYSTEM,OFF-00001,2025-12-29T11:00:00
ALLOC-0001095,2026-01,FPS-0548,RICE,177,177,WH-023,APPROVED,SYSTEM,OFF-00001,2025-12-29T11:00:00
ALLOC-0001096,2026-01,FPS-0548,WHEAT,140,140,WH-023,APPROVED,SYSTEM,OFF-00001,2025-12-29T11:00:00
ALLOC-0001097,2026-01,FPS-0549,RICE,212,212,WH-024,APPROVED,SYSTEM,OFF-00001,2025-12-29T11:00:00
ALLOC-0001098,2026-01,FPS-0549,WHEAT,167,167,WH-024,APPROVED,SYSTEM,OFF-00001,2025-12-29T11:00:00
ALLOC-0001099,2026-01,FPS-0550,RICE,126,126,WH-025,APPROVED,SYSTEM,OFF-00001,2025-12-29T11:00:00
ALLOC-0001100,2026-01,FPS-0550,WHEAT,108,108,WH-025,APPROVED,SYSTEM,OFF-00001,2025-12-29T11:00:00
ALLOC-0001101,2026-01,FPS-0551,RICE,140,140,WH-001,APPROVED,SYSTEM,OFF-00001,2025-12-29T11:00:00
ALLOC-0001102,2026-01,FPS-0551,WHEAT,122,122,WH-001,APPROVED,SYSTEM,OFF-00001,2025-12-29T11:00:00
ALLOC-0001103,2026-01,FPS-0552,RICE,133,133,WH-002,APPROVED,SYSTEM,OFF-00001,2025-12-29T11:00:00
ALLOC-0001104,2026-01,FPS-0552,WHEAT,118,118,WH-002,APPROVED,SYSTEM,OFF-00001,2025-12-29T11:00:00
ALLOC-0001105,2026-01,FPS-0553,RICE,214,214,WH-003,APPROVED,SYSTEM,OFF-00001,2025-12-29T11:00:00
ALLOC-0001106,2026-01,FPS-0553,WHEAT,156,156,WH-003,APPROVED,SYSTEM,OFF-00001,2025-12-29T11:00:00
ALLOC-0001107,2026-01,FPS-0554,RICE,143,143,WH-004,APPROVED,SYSTEM,OFF-00001,2025-12-29T11:00:00
ALLOC-0001108,2026-01,FPS-0554,WHEAT,128,128,WH-004,APPROVED,SYSTEM,OFF-00001,2025-12-29T11:00:00
ALLOC-0001109,2026-01,FPS-0555,RICE,222,222,WH-005,APPROVED,SYSTEM,OFF-00001,2025-12-29T11:00:00
ALLOC-0001110,2026-01,FPS-0555,WHEAT,156,156,WH-005,APPROVED,SYSTEM,OFF-00001,2025-12-29T11:00:00
ALLOC-0001111,2026-01,FPS-0556,RICE,176,176,WH-006,APPROVED,SYSTEM,OFF-00001,2025-12-29T11:00:00
ALLOC-0001112,2026-01,FPS-0556,WHEAT,141,141,WH-006,APPROVED,SYSTEM,OFF-00001,2025-12-29T11:00:00
ALLOC-0001113,2026-01,FPS-0557,RICE,166,166,WH-007,APPROVED,SYSTEM,OFF-00001,2025-12-29T11:00:00
ALLOC-0001114,2026-01,FPS-0557,WHEAT,127,127,WH-007,APPROVED,SYSTEM,OFF-00001,2025-12-29T11:00:00
ALLOC-0001115,2026-01,FPS-0558,RICE,252,252,WH-008,APPROVED,SYSTEM,OFF-00001,2025-12-29T11:00:00
ALLOC-0001116,2026-01,FPS-0558,WHEAT,162,162,WH-008,APPROVED,SYSTEM,OFF-00001,2025-12-29T11:00:00
ALLOC-0001117,2026-01,FPS-0559,RICE,139,139,WH-009,APPROVED,SYSTEM,OFF-00001,2025-12-29T11:00:00
ALLOC-0001118,2026-01,FPS-0559,WHEAT,114,114,WH-009,APPROVED,SYSTEM,OFF-00001,2025-12-29T11:00:00
ALLOC-0001119,2026-01,FPS-0560,RICE,246,246,WH-010,APPROVED,SYSTEM,OFF-00001,2025-12-29T11:00:00
ALLOC-0001120,2026-01,FPS-0560,WHEAT,175,175,WH-010,APPROVED,SYSTEM,OFF-00001,2025-12-29T11:00:00
ALLOC-0001121,2026-01,FPS-0561,RICE,150,150,WH-011,APPROVED,SYSTEM,OFF-00001,2025-12-29T11:00:00
ALLOC-0001122,2026-01,FPS-0561,WHEAT,126,126,WH-011,APPROVED,SYSTEM,OFF-00001,2025-12-29T11:00:00
ALLOC-0001123,2026-01,FPS-0562,RICE,253,253,WH-012,APPROVED,SYSTEM,OFF-00001,2025-12-29T11:00:00
ALLOC-0001124,2026-01,FPS-0562,WHEAT,175,175,WH-012,APPROVED,SYSTEM,OFF-00001,2025-12-29T11:00:00
ALLOC-0001125,2026-01,FPS-0563,RICE,247,247,WH-013,APPROVED,SYSTEM,OFF-00001,2025-12-29T11:00:00
ALLOC-0001126,2026-01,FPS-0563,WHEAT,183,183,WH-013,APPROVED,SYSTEM,OFF-00001,2025-12-29T11:00:00
ALLOC-0001127,2026-01,FPS-0564,RICE,107,107,WH-014,APPROVED,SYSTEM,OFF-00001,2025-12-29T11:00:00
ALLOC-0001128,2026-01,FPS-0564,WHEAT,104,104,WH-014,APPROVED,SYSTEM,OFF-00001,2025-12-29T11:00:00
ALLOC-0001129,2026-01,FPS-0565,RICE,145,145,WH-015,APPROVED,SYSTEM,OFF-00001,2025-12-29T11:00:00
ALLOC-0001130,2026-01,FPS-0565,WHEAT,117,117,WH-015,APPROVED,SYSTEM,OFF-00001,2025-12-29T11:00:00
ALLOC-0001131,2026-01,FPS-0566,RICE,145,145,WH-016,APPROVED,SYSTEM,OFF-00001,2025-12-29T11:00:00
ALLOC-0001132,2026-01,FPS-0566,WHEAT,140,140,WH-016,APPROVED,SYSTEM,OFF-00001,2025-12-29T11:00:00
ALLOC-0001133,2026-01,FPS-0567,RICE,138,138,WH-017,APPROVED,SYSTEM,OFF-00001,2025-12-29T11:00:00
ALLOC-0001134,2026-01,FPS-0567,WHEAT,118,118,WH-017,APPROVED,SYSTEM,OFF-00001,2025-12-29T11:00:00
ALLOC-0001135,2026-01,FPS-0568,RICE,234,234,WH-018,APPROVED,SYSTEM,OFF-00001,2025-12-29T11:00:00
ALLOC-0001136,2026-01,FPS-0568,WHEAT,154,154,WH-018,APPROVED,SYSTEM,OFF-00001,2025-12-29T11:00:00
ALLOC-0001137,2026-01,FPS-0569,RICE,181,181,WH-019,APPROVED,SYSTEM,OFF-00001,2025-12-29T11:00:00
ALLOC-0001138,2026-01,FPS-0569,WHEAT,134,134,WH-019,APPROVED,SYSTEM,OFF-00001,2025-12-29T11:00:00
ALLOC-0001139,2026-01,FPS-0570,RICE,121,121,WH-020,APPROVED,SYSTEM,OFF-00001,2025-12-29T11:00:00
ALLOC-0001140,2026-01,FPS-0570,WHEAT,106,106,WH-020,APPROVED,SYSTEM,OFF-00001,2025-12-29T11:00:00
ALLOC-0001141,2026-01,FPS-0571,RICE,139,139,WH-021,APPROVED,SYSTEM,OFF-00001,2025-12-29T11:00:00
ALLOC-0001142,2026-01,FPS-0571,WHEAT,133,133,WH-021,APPROVED,SYSTEM,OFF-00001,2025-12-29T11:00:00
ALLOC-0001143,2026-01,FPS-0572,RICE,250,250,WH-022,APPROVED,SYSTEM,OFF-00001,2025-12-29T11:00:00
ALLOC-0001144,2026-01,FPS-0572,WHEAT,169,169,WH-022,APPROVED,SYSTEM,OFF-00001,2025-12-29T11:00:00
ALLOC-0001145,2026-01,FPS-0573,RICE,123,123,WH-023,APPROVED,SYSTEM,OFF-00001,2025-12-29T11:00:00
ALLOC-0001146,2026-01,FPS-0573,WHEAT,113,113,WH-023,APPROVED,SYSTEM,OFF-00001,2025-12-29T11:00:00
ALLOC-0001147,2026-01,FPS-0574,RICE,193,193,WH-024,APPROVED,SYSTEM,OFF-00001,2025-12-29T11:00:00
ALLOC-0001148,2026-01,FPS-0574,WHEAT,147,147,WH-024,APPROVED,SYSTEM,OFF-00001,2025-12-29T11:00:00
ALLOC-0001149,2026-01,FPS-0575,RICE,228,228,WH-025,APPROVED,SYSTEM,OFF-00001,2025-12-29T11:00:00
ALLOC-0001150,2026-01,FPS-0575,WHEAT,174,174,WH-025,APPROVED,SYSTEM,OFF-00001,2025-12-29T11:00:00
ALLOC-0001151,2026-01,FPS-0576,RICE,155,155,WH-001,APPROVED,SYSTEM,OFF-00001,2025-12-29T11:00:00
ALLOC-0001152,2026-01,FPS-0576,WHEAT,136,136,WH-001,APPROVED,SYSTEM,OFF-00001,2025-12-29T11:00:00
ALLOC-0001153,2026-01,FPS-0577,RICE,148,148,WH-002,APPROVED,SYSTEM,OFF-00001,2025-12-29T11:00:00
ALLOC-0001154,2026-01,FPS-0577,WHEAT,137,137,WH-002,APPROVED,SYSTEM,OFF-00001,2025-12-29T11:00:00
ALLOC-0001155,2026-01,FPS-0578,RICE,149,149,WH-003,APPROVED,SYSTEM,OFF-00001,2025-12-29T11:00:00
ALLOC-0001156,2026-01,FPS-0578,WHEAT,134,134,WH-003,APPROVED,SYSTEM,OFF-00001,2025-12-29T11:00:00
ALLOC-0001157,2026-01,FPS-0579,RICE,129,129,WH-004,APPROVED,SYSTEM,OFF-00001,2025-12-29T11:00:00
ALLOC-0001158,2026-01,FPS-0579,WHEAT,133,133,WH-004,APPROVED,SYSTEM,OFF-00001,2025-12-29T11:00:00
ALLOC-0001159,2026-01,FPS-0580,RICE,243,243,WH-005,APPROVED,SYSTEM,OFF-00001,2025-12-29T11:00:00
ALLOC-0001160,2026-01,FPS-0580,WHEAT,166,166,WH-005,APPROVED,SYSTEM,OFF-00001,2025-12-29T11:00:00
ALLOC-0001161,2026-01,FPS-0581,RICE,203,203,WH-006,APPROVED,SYSTEM,OFF-00001,2025-12-29T11:00:00
ALLOC-0001162,2026-01,FPS-0581,WHEAT,161,161,WH-006,APPROVED,SYSTEM,OFF-00001,2025-12-29T11:00:00
ALLOC-0001163,2026-01,FPS-0582,RICE,113,113,WH-007,APPROVED,SYSTEM,OFF-00001,2025-12-29T11:00:00
ALLOC-0001164,2026-01,FPS-0582,WHEAT,111,111,WH-007,APPROVED,SYSTEM,OFF-00001,2025-12-29T11:00:00
ALLOC-0001165,2026-01,FPS-0583,RICE,144,144,WH-008,APPROVED,SYSTEM,OFF-00001,2025-12-29T11:00:00
ALLOC-0001166,2026-01,FPS-0583,WHEAT,127,127,WH-008,APPROVED,SYSTEM,OFF-00001,2025-12-29T11:00:00
ALLOC-0001167,2026-01,FPS-0584,RICE,124,124,WH-009,APPROVED,SYSTEM,OFF-00001,2025-12-29T11:00:00
ALLOC-0001168,2026-01,FPS-0584,WHEAT,121,121,WH-009,APPROVED,SYSTEM,OFF-00001,2025-12-29T11:00:00
ALLOC-0001169,2026-01,FPS-0585,RICE,148,148,WH-010,APPROVED,SYSTEM,OFF-00001,2025-12-29T11:00:00
ALLOC-0001170,2026-01,FPS-0585,WHEAT,131,131,WH-010,APPROVED,SYSTEM,OFF-00001,2025-12-29T11:00:00
ALLOC-0001171,2026-01,FPS-0586,RICE,159,159,WH-011,APPROVED,SYSTEM,OFF-00001,2025-12-29T11:00:00
ALLOC-0001172,2026-01,FPS-0586,WHEAT,125,125,WH-011,APPROVED,SYSTEM,OFF-00001,2025-12-29T11:00:00
ALLOC-0001173,2026-01,FPS-0587,RICE,184,184,WH-012,APPROVED,SYSTEM,OFF-00001,2025-12-29T11:00:00
ALLOC-0001174,2026-01,FPS-0587,WHEAT,149,149,WH-012,APPROVED,SYSTEM,OFF-00001,2025-12-29T11:00:00
ALLOC-0001175,2026-01,FPS-0588,RICE,170,170,WH-013,APPROVED,SYSTEM,OFF-00001,2025-12-29T11:00:00
ALLOC-0001176,2026-01,FPS-0588,WHEAT,138,138,WH-013,APPROVED,SYSTEM,OFF-00001,2025-12-29T11:00:00
ALLOC-0001177,2026-01,FPS-0589,RICE,147,147,WH-014,APPROVED,SYSTEM,OFF-00001,2025-12-29T11:00:00
ALLOC-0001178,2026-01,FPS-0589,WHEAT,130,130,WH-014,APPROVED,SYSTEM,OFF-00001,2025-12-29T11:00:00
ALLOC-0001179,2026-01,FPS-0590,RICE,192,192,WH-015,APPROVED,SYSTEM,OFF-00001,2025-12-29T11:00:00
ALLOC-0001180,2026-01,FPS-0590,WHEAT,143,143,WH-015,APPROVED,SYSTEM,OFF-00001,2025-12-29T11:00:00
ALLOC-0001181,2026-01,FPS-0591,RICE,140,140,WH-016,APPROVED,SYSTEM,OFF-00001,2025-12-29T11:00:00
ALLOC-0001182,2026-01,FPS-0591,WHEAT,139,139,WH-016,APPROVED,SYSTEM,OFF-00001,2025-12-29T11:00:00
ALLOC-0001183,2026-01,FPS-0592,RICE,153,153,WH-017,APPROVED,SYSTEM,OFF-00001,2025-12-29T11:00:00
ALLOC-0001184,2026-01,FPS-0592,WHEAT,126,126,WH-017,APPROVED,SYSTEM,OFF-00001,2025-12-29T11:00:00
ALLOC-0001185,2026-01,FPS-0593,RICE,245,245,WH-018,APPROVED,SYSTEM,OFF-00001,2025-12-29T11:00:00
ALLOC-0001186,2026-01,FPS-0593,WHEAT,165,165,WH-018,APPROVED,SYSTEM,OFF-00001,2025-12-29T11:00:00
ALLOC-0001187,2026-01,FPS-0594,RICE,183,183,WH-019,APPROVED,SYSTEM,OFF-00001,2025-12-29T11:00:00
ALLOC-0001188,2026-01,FPS-0594,WHEAT,138,138,WH-019,APPROVED,SYSTEM,OFF-00001,2025-12-29T11:00:00
ALLOC-0001189,2026-01,FPS-0595,RICE,126,126,WH-020,APPROVED,SYSTEM,OFF-00001,2025-12-29T11:00:00
ALLOC-0001190,2026-01,FPS-0595,WHEAT,118,118,WH-020,APPROVED,SYSTEM,OFF-00001,2025-12-29T11:00:00
ALLOC-0001191,2026-01,FPS-0596,RICE,141,141,WH-021,APPROVED,SYSTEM,OFF-00001,2025-12-29T11:00:00
ALLOC-0001192,2026-01,FPS-0596,WHEAT,122,122,WH-021,APPROVED,SYSTEM,OFF-00001,2025-12-29T11:00:00
ALLOC-0001193,2026-01,FPS-0597,RICE,347,347,WH-022,APPROVED,SYSTEM,OFF-00001,2025-12-29T11:00:00
ALLOC-0001194,2026-01,FPS-0597,WHEAT,236,236,WH-022,APPROVED,SYSTEM,OFF-00001,2025-12-29T11:00:00
ALLOC-0001195,2026-01,FPS-0598,RICE,186,186,WH-023,APPROVED,SYSTEM,OFF-00001,2025-12-29T11:00:00
ALLOC-0001196,2026-01,FPS-0598,WHEAT,145,145,WH-023,APPROVED,SYSTEM,OFF-00001,2025-12-29T11:00:00
ALLOC-0001197,2026-01,FPS-0599,RICE,131,131,WH-024,APPROVED,SYSTEM,OFF-00001,2025-12-29T11:00:00
ALLOC-0001198,2026-01,FPS-0599,WHEAT,114,114,WH-024,APPROVED,SYSTEM,OFF-00001,2025-12-29T11:00:00
ALLOC-0001199,2026-01,FPS-0600,RICE,152,152,WH-025,APPROVED,SYSTEM,OFF-00001,2025-12-29T11:00:00
ALLOC-0001200,2026-01,FPS-0600,WHEAT,136,136,WH-025,APPROVED,SYSTEM,OFF-00001,2025-12-29T11:00:00
ALLOC-0001201,2026-02,FPS-0001,RICE,13651,13339,WH-001,BLOCKED,SYSTEM,OFF-00001,2025-12-29T11:00:00
ALLOC-0001202,2026-02,FPS-0001,WHEAT,168,168,WH-001,APPROVED,SYSTEM,OFF-00001,2025-12-29T11:00:00
ALLOC-0001203,2026-02,FPS-0002,RICE,144,144,WH-002,APPROVED,SYSTEM,OFF-00001,2025-12-29T11:00:00
ALLOC-0001204,2026-02,FPS-0002,WHEAT,136,136,WH-002,APPROVED,SYSTEM,OFF-00001,2025-12-29T11:00:00
ALLOC-0001205,2026-02,FPS-0003,RICE,224,224,WH-003,APPROVED,SYSTEM,OFF-00001,2025-12-29T11:00:00
ALLOC-0001206,2026-02,FPS-0003,WHEAT,174,174,WH-003,APPROVED,SYSTEM,OFF-00001,2025-12-29T11:00:00
ALLOC-0001207,2026-02,FPS-0004,RICE,180,180,WH-004,APPROVED,SYSTEM,OFF-00001,2025-12-29T11:00:00
ALLOC-0001208,2026-02,FPS-0004,WHEAT,151,151,WH-004,APPROVED,SYSTEM,OFF-00001,2025-12-29T11:00:00
ALLOC-0001209,2026-02,FPS-0005,RICE,173,173,WH-005,APPROVED,SYSTEM,OFF-00001,2025-12-29T11:00:00
ALLOC-0001210,2026-02,FPS-0005,WHEAT,163,163,WH-005,APPROVED,SYSTEM,OFF-00001,2025-12-29T11:00:00
ALLOC-0001211,2026-02,FPS-0006,RICE,271,271,WH-006,APPROVED,SYSTEM,OFF-00001,2025-12-29T11:00:00
ALLOC-0001212,2026-02,FPS-0006,WHEAT,169,169,WH-006,APPROVED,SYSTEM,OFF-00001,2025-12-29T11:00:00
ALLOC-0001213,2026-02,FPS-0007,RICE,140,140,WH-007,APPROVED,SYSTEM,OFF-00001,2025-12-29T11:00:00
ALLOC-0001214,2026-02,FPS-0007,WHEAT,121,121,WH-007,APPROVED,SYSTEM,OFF-00001,2025-12-29T11:00:00
ALLOC-0001215,2026-02,FPS-0008,RICE,155,155,WH-008,APPROVED,SYSTEM,OFF-00001,2025-12-29T11:00:00
ALLOC-0001216,2026-02,FPS-0008,WHEAT,132,132,WH-008,APPROVED,SYSTEM,OFF-00001,2025-12-29T11:00:00
ALLOC-0001217,2026-02,FPS-0009,RICE,150,150,WH-009,APPROVED,SYSTEM,OFF-00001,2025-12-29T11:00:00
ALLOC-0001218,2026-02,FPS-0009,WHEAT,132,132,WH-009,APPROVED,SYSTEM,OFF-00001,2025-12-29T11:00:00
ALLOC-0001219,2026-02,FPS-0010,RICE,197,197,WH-010,APPROVED,SYSTEM,OFF-00001,2025-12-29T11:00:00
ALLOC-0001220,2026-02,FPS-0010,WHEAT,126,126,WH-010,APPROVED,SYSTEM,OFF-00001,2025-12-29T11:00:00
ALLOC-0001221,2026-02,FPS-0011,RICE,157,157,WH-011,APPROVED,SYSTEM,OFF-00001,2025-12-29T11:00:00
ALLOC-0001222,2026-02,FPS-0011,WHEAT,134,134,WH-011,APPROVED,SYSTEM,OFF-00001,2025-12-29T11:00:00
ALLOC-0001223,2026-02,FPS-0012,RICE,181,181,WH-012,APPROVED,SYSTEM,OFF-00001,2025-12-29T11:00:00
ALLOC-0001224,2026-02,FPS-0012,WHEAT,135,135,WH-012,APPROVED,SYSTEM,OFF-00001,2025-12-29T11:00:00
ALLOC-0001225,2026-02,FPS-0013,RICE,179,179,WH-013,APPROVED,SYSTEM,OFF-00001,2025-12-29T11:00:00
ALLOC-0001226,2026-02,FPS-0013,WHEAT,147,147,WH-013,APPROVED,SYSTEM,OFF-00001,2025-12-29T11:00:00
ALLOC-0001227,2026-02,FPS-0014,RICE,130,130,WH-014,APPROVED,SYSTEM,OFF-00001,2025-12-29T11:00:00
ALLOC-0001228,2026-02,FPS-0014,WHEAT,108,108,WH-014,APPROVED,SYSTEM,OFF-00001,2025-12-29T11:00:00
ALLOC-0001229,2026-02,FPS-0015,RICE,144,144,WH-015,APPROVED,SYSTEM,OFF-00001,2025-12-29T11:00:00
ALLOC-0001230,2026-02,FPS-0015,WHEAT,131,131,WH-015,APPROVED,SYSTEM,OFF-00001,2025-12-29T11:00:00
ALLOC-0001231,2026-02,FPS-0016,RICE,206,206,WH-016,APPROVED,SYSTEM,OFF-00001,2025-12-29T11:00:00
ALLOC-0001232,2026-02,FPS-0016,WHEAT,157,157,WH-016,APPROVED,SYSTEM,OFF-00001,2025-12-29T11:00:00
ALLOC-0001233,2026-02,FPS-0017,RICE,154,154,WH-017,APPROVED,SYSTEM,OFF-00001,2025-12-29T11:00:00
ALLOC-0001234,2026-02,FPS-0017,WHEAT,128,128,WH-017,APPROVED,SYSTEM,OFF-00001,2025-12-29T11:00:00
ALLOC-0001235,2026-02,FPS-0018,RICE,249,249,WH-018,APPROVED,SYSTEM,OFF-00001,2025-12-29T11:00:00
ALLOC-0001236,2026-02,FPS-0018,WHEAT,189,189,WH-018,APPROVED,SYSTEM,OFF-00001,2025-12-29T11:00:00
ALLOC-0001237,2026-02,FPS-0019,RICE,196,196,WH-019,APPROVED,SYSTEM,OFF-00001,2025-12-29T11:00:00
ALLOC-0001238,2026-02,FPS-0019,WHEAT,155,155,WH-019,APPROVED,SYSTEM,OFF-00001,2025-12-29T11:00:00
ALLOC-0001239,2026-02,FPS-0020,RICE,126,126,WH-020,APPROVED,SYSTEM,OFF-00001,2025-12-29T11:00:00
ALLOC-0001240,2026-02,FPS-0020,WHEAT,119,119,WH-020,APPROVED,SYSTEM,OFF-00001,2025-12-29T11:00:00
ALLOC-0001241,2026-02,FPS-0021,RICE,277,277,WH-021,APPROVED,SYSTEM,OFF-00001,2025-12-29T11:00:00
ALLOC-0001242,2026-02,FPS-0021,WHEAT,189,189,WH-021,APPROVED,SYSTEM,OFF-00001,2025-12-29T11:00:00
ALLOC-0001243,2026-02,FPS-0022,RICE,133,133,WH-022,APPROVED,SYSTEM,OFF-00001,2025-12-29T11:00:00
ALLOC-0001244,2026-02,FPS-0022,WHEAT,121,121,WH-022,APPROVED,SYSTEM,OFF-00001,2025-12-29T11:00:00
ALLOC-0001245,2026-02,FPS-0023,RICE,150,150,WH-023,APPROVED,SYSTEM,OFF-00001,2025-12-29T11:00:00
ALLOC-0001246,2026-02,FPS-0023,WHEAT,131,131,WH-023,APPROVED,SYSTEM,OFF-00001,2025-12-29T11:00:00
ALLOC-0001247,2026-02,FPS-0024,RICE,161,161,WH-024,APPROVED,SYSTEM,OFF-00001,2025-12-29T11:00:00
ALLOC-0001248,2026-02,FPS-0024,WHEAT,138,138,WH-024,APPROVED,SYSTEM,OFF-00001,2025-12-29T11:00:00
ALLOC-0001249,2026-02,FPS-0025,RICE,214,214,WH-025,APPROVED,SYSTEM,OFF-00001,2025-12-29T11:00:00
ALLOC-0001250,2026-02,FPS-0025,WHEAT,134,134,WH-025,APPROVED,SYSTEM,OFF-00001,2025-12-29T11:00:00
ALLOC-0001251,2026-02,FPS-0026,RICE,164,0,WH-001,BLOCKED,SYSTEM,OFF-00001,2025-12-29T11:00:00
ALLOC-0001252,2026-02,FPS-0026,WHEAT,132,132,WH-001,APPROVED,SYSTEM,OFF-00001,2025-12-29T11:00:00
ALLOC-0001253,2026-02,FPS-0027,RICE,135,135,WH-002,APPROVED,SYSTEM,OFF-00001,2025-12-29T11:00:00
ALLOC-0001254,2026-02,FPS-0027,WHEAT,98,98,WH-002,APPROVED,SYSTEM,OFF-00001,2025-12-29T11:00:00
ALLOC-0001255,2026-02,FPS-0028,RICE,154,154,WH-003,APPROVED,SYSTEM,OFF-00001,2025-12-29T11:00:00
ALLOC-0001256,2026-02,FPS-0028,WHEAT,132,132,WH-003,APPROVED,SYSTEM,OFF-00001,2025-12-29T11:00:00
ALLOC-0001257,2026-02,FPS-0029,RICE,169,169,WH-004,APPROVED,SYSTEM,OFF-00001,2025-12-29T11:00:00
ALLOC-0001258,2026-02,FPS-0029,WHEAT,114,114,WH-004,APPROVED,SYSTEM,OFF-00001,2025-12-29T11:00:00
ALLOC-0001259,2026-02,FPS-0030,RICE,123,123,WH-005,APPROVED,SYSTEM,OFF-00001,2025-12-29T11:00:00
ALLOC-0001260,2026-02,FPS-0030,WHEAT,106,106,WH-005,APPROVED,SYSTEM,OFF-00001,2025-12-29T11:00:00
ALLOC-0001261,2026-02,FPS-0031,RICE,118,118,WH-006,APPROVED,SYSTEM,OFF-00001,2025-12-29T11:00:00
ALLOC-0001262,2026-02,FPS-0031,WHEAT,111,111,WH-006,APPROVED,SYSTEM,OFF-00001,2025-12-29T11:00:00
ALLOC-0001263,2026-02,FPS-0032,RICE,159,159,WH-007,APPROVED,SYSTEM,OFF-00001,2025-12-29T11:00:00
ALLOC-0001264,2026-02,FPS-0032,WHEAT,154,154,WH-007,APPROVED,SYSTEM,OFF-00001,2025-12-29T11:00:00
ALLOC-0001265,2026-02,FPS-0033,RICE,175,175,WH-008,APPROVED,SYSTEM,OFF-00001,2025-12-29T11:00:00
ALLOC-0001266,2026-02,FPS-0033,WHEAT,150,150,WH-008,APPROVED,SYSTEM,OFF-00001,2025-12-29T11:00:00
ALLOC-0001267,2026-02,FPS-0034,RICE,170,170,WH-009,APPROVED,SYSTEM,OFF-00001,2025-12-29T11:00:00
ALLOC-0001268,2026-02,FPS-0034,WHEAT,145,145,WH-009,APPROVED,SYSTEM,OFF-00001,2025-12-29T11:00:00
ALLOC-0001269,2026-02,FPS-0035,RICE,176,176,WH-010,APPROVED,SYSTEM,OFF-00001,2025-12-29T11:00:00
ALLOC-0001270,2026-02,FPS-0035,WHEAT,139,139,WH-010,APPROVED,SYSTEM,OFF-00001,2025-12-29T11:00:00
ALLOC-0001271,2026-02,FPS-0036,RICE,219,219,WH-011,APPROVED,SYSTEM,OFF-00001,2025-12-29T11:00:00
ALLOC-0001272,2026-02,FPS-0036,WHEAT,149,149,WH-011,APPROVED,SYSTEM,OFF-00001,2025-12-29T11:00:00
ALLOC-0001273,2026-02,FPS-0037,RICE,195,195,WH-012,APPROVED,SYSTEM,OFF-00001,2025-12-29T11:00:00
ALLOC-0001274,2026-02,FPS-0037,WHEAT,157,157,WH-012,APPROVED,SYSTEM,OFF-00001,2025-12-29T11:00:00
ALLOC-0001275,2026-02,FPS-0038,RICE,201,201,WH-013,APPROVED,SYSTEM,OFF-00001,2025-12-29T11:00:00
ALLOC-0001276,2026-02,FPS-0038,WHEAT,150,150,WH-013,APPROVED,SYSTEM,OFF-00001,2025-12-29T11:00:00
ALLOC-0001277,2026-02,FPS-0039,RICE,186,186,WH-014,APPROVED,SYSTEM,OFF-00001,2025-12-29T11:00:00
ALLOC-0001278,2026-02,FPS-0039,WHEAT,153,153,WH-014,APPROVED,SYSTEM,OFF-00001,2025-12-29T11:00:00
ALLOC-0001279,2026-02,FPS-0040,RICE,152,152,WH-015,APPROVED,SYSTEM,OFF-00001,2025-12-29T11:00:00
ALLOC-0001280,2026-02,FPS-0040,WHEAT,128,128,WH-015,APPROVED,SYSTEM,OFF-00001,2025-12-29T11:00:00
ALLOC-0001281,2026-02,FPS-0041,RICE,146,146,WH-016,APPROVED,SYSTEM,OFF-00001,2025-12-29T11:00:00
ALLOC-0001282,2026-02,FPS-0041,WHEAT,133,133,WH-016,APPROVED,SYSTEM,OFF-00001,2025-12-29T11:00:00
ALLOC-0001283,2026-02,FPS-0042,RICE,160,160,WH-017,APPROVED,SYSTEM,OFF-00001,2025-12-29T11:00:00
ALLOC-0001284,2026-02,FPS-0042,WHEAT,143,143,WH-017,APPROVED,SYSTEM,OFF-00001,2025-12-29T11:00:00
ALLOC-0001285,2026-02,FPS-0043,RICE,156,156,WH-018,APPROVED,SYSTEM,OFF-00001,2025-12-29T11:00:00
ALLOC-0001286,2026-02,FPS-0043,WHEAT,137,137,WH-018,APPROVED,SYSTEM,OFF-00001,2025-12-29T11:00:00
ALLOC-0001287,2026-02,FPS-0044,RICE,149,149,WH-019,APPROVED,SYSTEM,OFF-00001,2025-12-29T11:00:00
ALLOC-0001288,2026-02,FPS-0044,WHEAT,140,140,WH-019,APPROVED,SYSTEM,OFF-00001,2025-12-29T11:00:00
ALLOC-0001289,2026-02,FPS-0045,RICE,194,194,WH-020,APPROVED,SYSTEM,OFF-00001,2025-12-29T11:00:00
ALLOC-0001290,2026-02,FPS-0045,WHEAT,164,164,WH-020,APPROVED,SYSTEM,OFF-00001,2025-12-29T11:00:00
ALLOC-0001291,2026-02,FPS-0046,RICE,150,150,WH-021,APPROVED,SYSTEM,OFF-00001,2025-12-29T11:00:00
ALLOC-0001292,2026-02,FPS-0046,WHEAT,129,129,WH-021,APPROVED,SYSTEM,OFF-00001,2025-12-29T11:00:00
ALLOC-0001293,2026-02,FPS-0047,RICE,185,185,WH-022,APPROVED,SYSTEM,OFF-00001,2025-12-29T11:00:00
ALLOC-0001294,2026-02,FPS-0047,WHEAT,139,139,WH-022,APPROVED,SYSTEM,OFF-00001,2025-12-29T11:00:00
ALLOC-0001295,2026-02,FPS-0048,RICE,121,121,WH-023,APPROVED,SYSTEM,OFF-00001,2025-12-29T11:00:00
ALLOC-0001296,2026-02,FPS-0048,WHEAT,108,108,WH-023,APPROVED,SYSTEM,OFF-00001,2025-12-29T11:00:00
ALLOC-0001297,2026-02,FPS-0049,RICE,197,197,WH-024,APPROVED,SYSTEM,OFF-00001,2025-12-29T11:00:00
ALLOC-0001298,2026-02,FPS-0049,WHEAT,143,143,WH-024,APPROVED,SYSTEM,OFF-00001,2025-12-29T11:00:00
ALLOC-0001299,2026-02,FPS-0050,RICE,220,220,WH-025,APPROVED,SYSTEM,OFF-00001,2025-12-29T11:00:00
ALLOC-0001300,2026-02,FPS-0050,WHEAT,151,151,WH-025,APPROVED,SYSTEM,OFF-00001,2025-12-29T11:00:00
ALLOC-0001301,2026-02,FPS-0051,RICE,198,0,WH-001,BLOCKED,SYSTEM,OFF-00001,2025-12-29T11:00:00
ALLOC-0001302,2026-02,FPS-0051,WHEAT,148,148,WH-001,APPROVED,SYSTEM,OFF-00001,2025-12-29T11:00:00
ALLOC-0001303,2026-02,FPS-0052,RICE,223,223,WH-002,APPROVED,SYSTEM,OFF-00001,2025-12-29T11:00:00
ALLOC-0001304,2026-02,FPS-0052,WHEAT,150,150,WH-002,APPROVED,SYSTEM,OFF-00001,2025-12-29T11:00:00
ALLOC-0001305,2026-02,FPS-0053,RICE,143,143,WH-003,APPROVED,SYSTEM,OFF-00001,2025-12-29T11:00:00
ALLOC-0001306,2026-02,FPS-0053,WHEAT,139,139,WH-003,APPROVED,SYSTEM,OFF-00001,2025-12-29T11:00:00
ALLOC-0001307,2026-02,FPS-0054,RICE,139,139,WH-004,APPROVED,SYSTEM,OFF-00001,2025-12-29T11:00:00
ALLOC-0001308,2026-02,FPS-0054,WHEAT,135,135,WH-004,APPROVED,SYSTEM,OFF-00001,2025-12-29T11:00:00
ALLOC-0001309,2026-02,FPS-0055,RICE,183,183,WH-005,APPROVED,SYSTEM,OFF-00001,2025-12-29T11:00:00
ALLOC-0001310,2026-02,FPS-0055,WHEAT,145,145,WH-005,APPROVED,SYSTEM,OFF-00001,2025-12-29T11:00:00
ALLOC-0001311,2026-02,FPS-0056,RICE,144,144,WH-006,APPROVED,SYSTEM,OFF-00001,2025-12-29T11:00:00
ALLOC-0001312,2026-02,FPS-0056,WHEAT,141,141,WH-006,APPROVED,SYSTEM,OFF-00001,2025-12-29T11:00:00
ALLOC-0001313,2026-02,FPS-0057,RICE,171,171,WH-007,APPROVED,SYSTEM,OFF-00001,2025-12-29T11:00:00
ALLOC-0001314,2026-02,FPS-0057,WHEAT,143,143,WH-007,APPROVED,SYSTEM,OFF-00001,2025-12-29T11:00:00
ALLOC-0001315,2026-02,FPS-0058,RICE,200,200,WH-008,APPROVED,SYSTEM,OFF-00001,2025-12-29T11:00:00
ALLOC-0001316,2026-02,FPS-0058,WHEAT,157,157,WH-008,APPROVED,SYSTEM,OFF-00001,2025-12-29T11:00:00
ALLOC-0001317,2026-02,FPS-0059,RICE,169,169,WH-009,APPROVED,SYSTEM,OFF-00001,2025-12-29T11:00:00
ALLOC-0001318,2026-02,FPS-0059,WHEAT,145,145,WH-009,APPROVED,SYSTEM,OFF-00001,2025-12-29T11:00:00
ALLOC-0001319,2026-02,FPS-0060,RICE,197,197,WH-010,APPROVED,SYSTEM,OFF-00001,2025-12-29T11:00:00
ALLOC-0001320,2026-02,FPS-0060,WHEAT,160,160,WH-010,APPROVED,SYSTEM,OFF-00001,2025-12-29T11:00:00
ALLOC-0001321,2026-02,FPS-0061,RICE,136,136,WH-011,APPROVED,SYSTEM,OFF-00001,2025-12-29T11:00:00
ALLOC-0001322,2026-02,FPS-0061,WHEAT,131,131,WH-011,APPROVED,SYSTEM,OFF-00001,2025-12-29T11:00:00
ALLOC-0001323,2026-02,FPS-0062,RICE,159,159,WH-012,APPROVED,SYSTEM,OFF-00001,2025-12-29T11:00:00
ALLOC-0001324,2026-02,FPS-0062,WHEAT,125,125,WH-012,APPROVED,SYSTEM,OFF-00001,2025-12-29T11:00:00
ALLOC-0001325,2026-02,FPS-0063,RICE,217,217,WH-013,APPROVED,SYSTEM,OFF-00001,2025-12-29T11:00:00
ALLOC-0001326,2026-02,FPS-0063,WHEAT,137,137,WH-013,APPROVED,SYSTEM,OFF-00001,2025-12-29T11:00:00
ALLOC-0001327,2026-02,FPS-0064,RICE,134,134,WH-014,APPROVED,SYSTEM,OFF-00001,2025-12-29T11:00:00
ALLOC-0001328,2026-02,FPS-0064,WHEAT,129,129,WH-014,APPROVED,SYSTEM,OFF-00001,2025-12-29T11:00:00
ALLOC-0001329,2026-02,FPS-0065,RICE,155,155,WH-015,APPROVED,SYSTEM,OFF-00001,2025-12-29T11:00:00
ALLOC-0001330,2026-02,FPS-0065,WHEAT,131,131,WH-015,APPROVED,SYSTEM,OFF-00001,2025-12-29T11:00:00
ALLOC-0001331,2026-02,FPS-0066,RICE,168,168,WH-016,APPROVED,SYSTEM,OFF-00001,2025-12-29T11:00:00
ALLOC-0001332,2026-02,FPS-0066,WHEAT,136,136,WH-016,APPROVED,SYSTEM,OFF-00001,2025-12-29T11:00:00
ALLOC-0001333,2026-02,FPS-0067,RICE,159,159,WH-017,APPROVED,SYSTEM,OFF-00001,2025-12-29T11:00:00
ALLOC-0001334,2026-02,FPS-0067,WHEAT,132,132,WH-017,APPROVED,SYSTEM,OFF-00001,2025-12-29T11:00:00
ALLOC-0001335,2026-02,FPS-0068,RICE,188,188,WH-018,APPROVED,SYSTEM,OFF-00001,2025-12-29T11:00:00
ALLOC-0001336,2026-02,FPS-0068,WHEAT,141,141,WH-018,APPROVED,SYSTEM,OFF-00001,2025-12-29T11:00:00
ALLOC-0001337,2026-02,FPS-0069,RICE,166,166,WH-019,APPROVED,SYSTEM,OFF-00001,2025-12-29T11:00:00
ALLOC-0001338,2026-02,FPS-0069,WHEAT,138,138,WH-019,APPROVED,SYSTEM,OFF-00001,2025-12-29T11:00:00
ALLOC-0001339,2026-02,FPS-0070,RICE,149,149,WH-020,APPROVED,SYSTEM,OFF-00001,2025-12-29T11:00:00
ALLOC-0001340,2026-02,FPS-0070,WHEAT,145,145,WH-020,APPROVED,SYSTEM,OFF-00001,2025-12-29T11:00:00
ALLOC-0001341,2026-02,FPS-0071,RICE,147,147,WH-021,APPROVED,SYSTEM,OFF-00001,2025-12-29T11:00:00
ALLOC-0001342,2026-02,FPS-0071,WHEAT,132,132,WH-021,APPROVED,SYSTEM,OFF-00001,2025-12-29T11:00:00
ALLOC-0001343,2026-02,FPS-0072,RICE,224,224,WH-022,APPROVED,SYSTEM,OFF-00001,2025-12-29T11:00:00
ALLOC-0001344,2026-02,FPS-0072,WHEAT,152,152,WH-022,APPROVED,SYSTEM,OFF-00001,2025-12-29T11:00:00
ALLOC-0001345,2026-02,FPS-0073,RICE,181,181,WH-023,APPROVED,SYSTEM,OFF-00001,2025-12-29T11:00:00
ALLOC-0001346,2026-02,FPS-0073,WHEAT,154,154,WH-023,APPROVED,SYSTEM,OFF-00001,2025-12-29T11:00:00
ALLOC-0001347,2026-02,FPS-0074,RICE,144,144,WH-024,APPROVED,SYSTEM,OFF-00001,2025-12-29T11:00:00
ALLOC-0001348,2026-02,FPS-0074,WHEAT,121,121,WH-024,APPROVED,SYSTEM,OFF-00001,2025-12-29T11:00:00
ALLOC-0001349,2026-02,FPS-0075,RICE,191,191,WH-025,APPROVED,SYSTEM,OFF-00001,2025-12-29T11:00:00
ALLOC-0001350,2026-02,FPS-0075,WHEAT,142,142,WH-025,APPROVED,SYSTEM,OFF-00001,2025-12-29T11:00:00
ALLOC-0001351,2026-02,FPS-0076,RICE,203,0,WH-001,BLOCKED,SYSTEM,OFF-00001,2025-12-29T11:00:00
ALLOC-0001352,2026-02,FPS-0076,WHEAT,139,139,WH-001,APPROVED,SYSTEM,OFF-00001,2025-12-29T11:00:00
ALLOC-0001353,2026-02,FPS-0077,RICE,142,142,WH-002,APPROVED,SYSTEM,OFF-00001,2025-12-29T11:00:00
ALLOC-0001354,2026-02,FPS-0077,WHEAT,112,112,WH-002,APPROVED,SYSTEM,OFF-00001,2025-12-29T11:00:00
ALLOC-0001355,2026-02,FPS-0078,RICE,198,198,WH-003,APPROVED,SYSTEM,OFF-00001,2025-12-29T11:00:00
ALLOC-0001356,2026-02,FPS-0078,WHEAT,152,152,WH-003,APPROVED,SYSTEM,OFF-00001,2025-12-29T11:00:00
ALLOC-0001357,2026-02,FPS-0079,RICE,131,131,WH-004,APPROVED,SYSTEM,OFF-00001,2025-12-29T11:00:00
ALLOC-0001358,2026-02,FPS-0079,WHEAT,120,120,WH-004,APPROVED,SYSTEM,OFF-00001,2025-12-29T11:00:00
ALLOC-0001359,2026-02,FPS-0080,RICE,136,136,WH-005,APPROVED,SYSTEM,OFF-00001,2025-12-29T11:00:00
ALLOC-0001360,2026-02,FPS-0080,WHEAT,125,125,WH-005,APPROVED,SYSTEM,OFF-00001,2025-12-29T11:00:00
ALLOC-0001361,2026-02,FPS-0081,RICE,164,164,WH-006,APPROVED,SYSTEM,OFF-00001,2025-12-29T11:00:00
ALLOC-0001362,2026-02,FPS-0081,WHEAT,127,127,WH-006,APPROVED,SYSTEM,OFF-00001,2025-12-29T11:00:00
ALLOC-0001363,2026-02,FPS-0082,RICE,174,174,WH-007,APPROVED,SYSTEM,OFF-00001,2025-12-29T11:00:00
ALLOC-0001364,2026-02,FPS-0082,WHEAT,126,126,WH-007,APPROVED,SYSTEM,OFF-00001,2025-12-29T11:00:00
ALLOC-0001365,2026-02,FPS-0083,RICE,168,168,WH-008,APPROVED,SYSTEM,OFF-00001,2025-12-29T11:00:00
ALLOC-0001366,2026-02,FPS-0083,WHEAT,133,133,WH-008,APPROVED,SYSTEM,OFF-00001,2025-12-29T11:00:00
ALLOC-0001367,2026-02,FPS-0084,RICE,185,185,WH-009,APPROVED,SYSTEM,OFF-00001,2025-12-29T11:00:00
ALLOC-0001368,2026-02,FPS-0084,WHEAT,133,133,WH-009,APPROVED,SYSTEM,OFF-00001,2025-12-29T11:00:00
ALLOC-0001369,2026-02,FPS-0085,RICE,133,133,WH-010,APPROVED,SYSTEM,OFF-00001,2025-12-29T11:00:00
ALLOC-0001370,2026-02,FPS-0085,WHEAT,121,121,WH-010,APPROVED,SYSTEM,OFF-00001,2025-12-29T11:00:00
ALLOC-0001371,2026-02,FPS-0086,RICE,168,168,WH-011,APPROVED,SYSTEM,OFF-00001,2025-12-29T11:00:00
ALLOC-0001372,2026-02,FPS-0086,WHEAT,143,143,WH-011,APPROVED,SYSTEM,OFF-00001,2025-12-29T11:00:00
ALLOC-0001373,2026-02,FPS-0087,RICE,154,154,WH-012,APPROVED,SYSTEM,OFF-00001,2025-12-29T11:00:00
ALLOC-0001374,2026-02,FPS-0087,WHEAT,130,130,WH-012,APPROVED,SYSTEM,OFF-00001,2025-12-29T11:00:00
ALLOC-0001375,2026-02,FPS-0088,RICE,161,161,WH-013,APPROVED,SYSTEM,OFF-00001,2025-12-29T11:00:00
ALLOC-0001376,2026-02,FPS-0088,WHEAT,137,137,WH-013,APPROVED,SYSTEM,OFF-00001,2025-12-29T11:00:00
ALLOC-0001377,2026-02,FPS-0089,RICE,188,188,WH-014,APPROVED,SYSTEM,OFF-00001,2025-12-29T11:00:00
ALLOC-0001378,2026-02,FPS-0089,WHEAT,154,154,WH-014,APPROVED,SYSTEM,OFF-00001,2025-12-29T11:00:00
ALLOC-0001379,2026-02,FPS-0090,RICE,153,153,WH-015,APPROVED,SYSTEM,OFF-00001,2025-12-29T11:00:00
ALLOC-0001380,2026-02,FPS-0090,WHEAT,132,132,WH-015,APPROVED,SYSTEM,OFF-00001,2025-12-29T11:00:00
ALLOC-0001381,2026-02,FPS-0091,RICE,152,152,WH-016,APPROVED,SYSTEM,OFF-00001,2025-12-29T11:00:00
ALLOC-0001382,2026-02,FPS-0091,WHEAT,132,132,WH-016,APPROVED,SYSTEM,OFF-00001,2025-12-29T11:00:00
ALLOC-0001383,2026-02,FPS-0092,RICE,236,236,WH-017,APPROVED,SYSTEM,OFF-00001,2025-12-29T11:00:00
ALLOC-0001384,2026-02,FPS-0092,WHEAT,160,160,WH-017,APPROVED,SYSTEM,OFF-00001,2025-12-29T11:00:00
ALLOC-0001385,2026-02,FPS-0093,RICE,195,195,WH-018,APPROVED,SYSTEM,OFF-00001,2025-12-29T11:00:00
ALLOC-0001386,2026-02,FPS-0093,WHEAT,145,145,WH-018,APPROVED,SYSTEM,OFF-00001,2025-12-29T11:00:00
ALLOC-0001387,2026-02,FPS-0094,RICE,198,198,WH-019,APPROVED,SYSTEM,OFF-00001,2025-12-29T11:00:00
ALLOC-0001388,2026-02,FPS-0094,WHEAT,135,135,WH-019,APPROVED,SYSTEM,OFF-00001,2025-12-29T11:00:00
ALLOC-0001389,2026-02,FPS-0095,RICE,211,211,WH-020,APPROVED,SYSTEM,OFF-00001,2025-12-29T11:00:00
ALLOC-0001390,2026-02,FPS-0095,WHEAT,154,154,WH-020,APPROVED,SYSTEM,OFF-00001,2025-12-29T11:00:00
ALLOC-0001391,2026-02,FPS-0096,RICE,152,152,WH-021,APPROVED,SYSTEM,OFF-00001,2025-12-29T11:00:00
ALLOC-0001392,2026-02,FPS-0096,WHEAT,138,138,WH-021,APPROVED,SYSTEM,OFF-00001,2025-12-29T11:00:00
ALLOC-0001393,2026-02,FPS-0097,RICE,195,195,WH-022,APPROVED,SYSTEM,OFF-00001,2025-12-29T11:00:00
ALLOC-0001394,2026-02,FPS-0097,WHEAT,147,147,WH-022,APPROVED,SYSTEM,OFF-00001,2025-12-29T11:00:00
ALLOC-0001395,2026-02,FPS-0098,RICE,203,203,WH-023,APPROVED,SYSTEM,OFF-00001,2025-12-29T11:00:00
ALLOC-0001396,2026-02,FPS-0098,WHEAT,153,153,WH-023,APPROVED,SYSTEM,OFF-00001,2025-12-29T11:00:00
ALLOC-0001397,2026-02,FPS-0099,RICE,180,180,WH-024,APPROVED,SYSTEM,OFF-00001,2025-12-29T11:00:00
ALLOC-0001398,2026-02,FPS-0099,WHEAT,148,148,WH-024,APPROVED,SYSTEM,OFF-00001,2025-12-29T11:00:00
ALLOC-0001399,2026-02,FPS-0100,RICE,125,125,WH-025,APPROVED,SYSTEM,OFF-00001,2025-12-29T11:00:00
ALLOC-0001400,2026-02,FPS-0100,WHEAT,105,105,WH-025,APPROVED,SYSTEM,OFF-00001,2025-12-29T11:00:00
ALLOC-0001401,2026-02,FPS-0101,RICE,215,0,WH-001,BLOCKED,SYSTEM,OFF-00001,2025-12-29T11:00:00
ALLOC-0001402,2026-02,FPS-0101,WHEAT,142,142,WH-001,APPROVED,SYSTEM,OFF-00001,2025-12-29T11:00:00
ALLOC-0001403,2026-02,FPS-0102,RICE,139,139,WH-002,APPROVED,SYSTEM,OFF-00001,2025-12-29T11:00:00
ALLOC-0001404,2026-02,FPS-0102,WHEAT,121,121,WH-002,APPROVED,SYSTEM,OFF-00001,2025-12-29T11:00:00
ALLOC-0001405,2026-02,FPS-0103,RICE,223,223,WH-003,APPROVED,SYSTEM,OFF-00001,2025-12-29T11:00:00
ALLOC-0001406,2026-02,FPS-0103,WHEAT,167,167,WH-003,APPROVED,SYSTEM,OFF-00001,2025-12-29T11:00:00
ALLOC-0001407,2026-02,FPS-0104,RICE,141,141,WH-004,APPROVED,SYSTEM,OFF-00001,2025-12-29T11:00:00
ALLOC-0001408,2026-02,FPS-0104,WHEAT,117,117,WH-004,APPROVED,SYSTEM,OFF-00001,2025-12-29T11:00:00
ALLOC-0001409,2026-02,FPS-0105,RICE,243,243,WH-005,APPROVED,SYSTEM,OFF-00001,2025-12-29T11:00:00
ALLOC-0001410,2026-02,FPS-0105,WHEAT,181,181,WH-005,APPROVED,SYSTEM,OFF-00001,2025-12-29T11:00:00
ALLOC-0001411,2026-02,FPS-0106,RICE,143,143,WH-006,APPROVED,SYSTEM,OFF-00001,2025-12-29T11:00:00
ALLOC-0001412,2026-02,FPS-0106,WHEAT,124,124,WH-006,APPROVED,SYSTEM,OFF-00001,2025-12-29T11:00:00
ALLOC-0001413,2026-02,FPS-0107,RICE,135,135,WH-007,APPROVED,SYSTEM,OFF-00001,2025-12-29T11:00:00
ALLOC-0001414,2026-02,FPS-0107,WHEAT,114,114,WH-007,APPROVED,SYSTEM,OFF-00001,2025-12-29T11:00:00
ALLOC-0001415,2026-02,FPS-0108,RICE,142,142,WH-008,APPROVED,SYSTEM,OFF-00001,2025-12-29T11:00:00
ALLOC-0001416,2026-02,FPS-0108,WHEAT,118,118,WH-008,APPROVED,SYSTEM,OFF-00001,2025-12-29T11:00:00
ALLOC-0001417,2026-02,FPS-0109,RICE,159,159,WH-009,APPROVED,SYSTEM,OFF-00001,2025-12-29T11:00:00
ALLOC-0001418,2026-02,FPS-0109,WHEAT,129,129,WH-009,APPROVED,SYSTEM,OFF-00001,2025-12-29T11:00:00
ALLOC-0001419,2026-02,FPS-0110,RICE,135,135,WH-010,APPROVED,SYSTEM,OFF-00001,2025-12-29T11:00:00
ALLOC-0001420,2026-02,FPS-0110,WHEAT,133,133,WH-010,APPROVED,SYSTEM,OFF-00001,2025-12-29T11:00:00
ALLOC-0001421,2026-02,FPS-0111,RICE,139,139,WH-011,APPROVED,SYSTEM,OFF-00001,2025-12-29T11:00:00
ALLOC-0001422,2026-02,FPS-0111,WHEAT,120,120,WH-011,APPROVED,SYSTEM,OFF-00001,2025-12-29T11:00:00
ALLOC-0001423,2026-02,FPS-0112,RICE,132,132,WH-012,APPROVED,SYSTEM,OFF-00001,2025-12-29T11:00:00
ALLOC-0001424,2026-02,FPS-0112,WHEAT,136,136,WH-012,APPROVED,SYSTEM,OFF-00001,2025-12-29T11:00:00
ALLOC-0001425,2026-02,FPS-0113,RICE,125,125,WH-013,APPROVED,SYSTEM,OFF-00001,2025-12-29T11:00:00
ALLOC-0001426,2026-02,FPS-0113,WHEAT,105,105,WH-013,APPROVED,SYSTEM,OFF-00001,2025-12-29T11:00:00
ALLOC-0001427,2026-02,FPS-0114,RICE,162,162,WH-014,APPROVED,SYSTEM,OFF-00001,2025-12-29T11:00:00
ALLOC-0001428,2026-02,FPS-0114,WHEAT,148,148,WH-014,APPROVED,SYSTEM,OFF-00001,2025-12-29T11:00:00
ALLOC-0001429,2026-02,FPS-0115,RICE,131,131,WH-015,APPROVED,SYSTEM,OFF-00001,2025-12-29T11:00:00
ALLOC-0001430,2026-02,FPS-0115,WHEAT,126,126,WH-015,APPROVED,SYSTEM,OFF-00001,2025-12-29T11:00:00
ALLOC-0001431,2026-02,FPS-0116,RICE,138,138,WH-016,APPROVED,SYSTEM,OFF-00001,2025-12-29T11:00:00
ALLOC-0001432,2026-02,FPS-0116,WHEAT,119,119,WH-016,APPROVED,SYSTEM,OFF-00001,2025-12-29T11:00:00
ALLOC-0001433,2026-02,FPS-0117,RICE,149,149,WH-017,APPROVED,SYSTEM,OFF-00001,2025-12-29T11:00:00
ALLOC-0001434,2026-02,FPS-0117,WHEAT,148,148,WH-017,APPROVED,SYSTEM,OFF-00001,2025-12-29T11:00:00
ALLOC-0001435,2026-02,FPS-0118,RICE,134,134,WH-018,APPROVED,SYSTEM,OFF-00001,2025-12-29T11:00:00
ALLOC-0001436,2026-02,FPS-0118,WHEAT,115,115,WH-018,APPROVED,SYSTEM,OFF-00001,2025-12-29T11:00:00
ALLOC-0001437,2026-02,FPS-0119,RICE,139,139,WH-019,APPROVED,SYSTEM,OFF-00001,2025-12-29T11:00:00
ALLOC-0001438,2026-02,FPS-0119,WHEAT,127,127,WH-019,APPROVED,SYSTEM,OFF-00001,2025-12-29T11:00:00
ALLOC-0001439,2026-02,FPS-0120,RICE,138,138,WH-020,APPROVED,SYSTEM,OFF-00001,2025-12-29T11:00:00
ALLOC-0001440,2026-02,FPS-0120,WHEAT,123,123,WH-020,APPROVED,SYSTEM,OFF-00001,2025-12-29T11:00:00
ALLOC-0001441,2026-02,FPS-0121,RICE,159,159,WH-021,APPROVED,SYSTEM,OFF-00001,2025-12-29T11:00:00
ALLOC-0001442,2026-02,FPS-0121,WHEAT,133,133,WH-021,APPROVED,SYSTEM,OFF-00001,2025-12-29T11:00:00
ALLOC-0001443,2026-02,FPS-0122,RICE,141,141,WH-022,APPROVED,SYSTEM,OFF-00001,2025-12-29T11:00:00
ALLOC-0001444,2026-02,FPS-0122,WHEAT,137,137,WH-022,APPROVED,SYSTEM,OFF-00001,2025-12-29T11:00:00
ALLOC-0001445,2026-02,FPS-0123,RICE,152,152,WH-023,APPROVED,SYSTEM,OFF-00001,2025-12-29T11:00:00
ALLOC-0001446,2026-02,FPS-0123,WHEAT,132,132,WH-023,APPROVED,SYSTEM,OFF-00001,2025-12-29T11:00:00
ALLOC-0001447,2026-02,FPS-0124,RICE,213,213,WH-024,APPROVED,SYSTEM,OFF-00001,2025-12-29T11:00:00
ALLOC-0001448,2026-02,FPS-0124,WHEAT,153,153,WH-024,APPROVED,SYSTEM,OFF-00001,2025-12-29T11:00:00
ALLOC-0001449,2026-02,FPS-0125,RICE,156,156,WH-025,APPROVED,SYSTEM,OFF-00001,2025-12-29T11:00:00
ALLOC-0001450,2026-02,FPS-0125,WHEAT,130,130,WH-025,APPROVED,SYSTEM,OFF-00001,2025-12-29T11:00:00
ALLOC-0001451,2026-02,FPS-0126,RICE,168,0,WH-001,BLOCKED,SYSTEM,OFF-00001,2025-12-29T11:00:00
ALLOC-0001452,2026-02,FPS-0126,WHEAT,130,130,WH-001,APPROVED,SYSTEM,OFF-00001,2025-12-29T11:00:00
ALLOC-0001453,2026-02,FPS-0127,RICE,132,132,WH-002,APPROVED,SYSTEM,OFF-00001,2025-12-29T11:00:00
ALLOC-0001454,2026-02,FPS-0127,WHEAT,112,112,WH-002,APPROVED,SYSTEM,OFF-00001,2025-12-29T11:00:00
ALLOC-0001455,2026-02,FPS-0128,RICE,150,150,WH-003,APPROVED,SYSTEM,OFF-00001,2025-12-29T11:00:00
ALLOC-0001456,2026-02,FPS-0128,WHEAT,134,134,WH-003,APPROVED,SYSTEM,OFF-00001,2025-12-29T11:00:00
ALLOC-0001457,2026-02,FPS-0129,RICE,173,173,WH-004,APPROVED,SYSTEM,OFF-00001,2025-12-29T11:00:00
ALLOC-0001458,2026-02,FPS-0129,WHEAT,149,149,WH-004,APPROVED,SYSTEM,OFF-00001,2025-12-29T11:00:00
ALLOC-0001459,2026-02,FPS-0130,RICE,123,123,WH-005,APPROVED,SYSTEM,OFF-00001,2025-12-29T11:00:00
ALLOC-0001460,2026-02,FPS-0130,WHEAT,115,115,WH-005,APPROVED,SYSTEM,OFF-00001,2025-12-29T11:00:00
ALLOC-0001461,2026-02,FPS-0131,RICE,163,163,WH-006,APPROVED,SYSTEM,OFF-00001,2025-12-29T11:00:00
ALLOC-0001462,2026-02,FPS-0131,WHEAT,131,131,WH-006,APPROVED,SYSTEM,OFF-00001,2025-12-29T11:00:00
ALLOC-0001463,2026-02,FPS-0132,RICE,227,227,WH-007,APPROVED,SYSTEM,OFF-00001,2025-12-29T11:00:00
ALLOC-0001464,2026-02,FPS-0132,WHEAT,159,159,WH-007,APPROVED,SYSTEM,OFF-00001,2025-12-29T11:00:00
ALLOC-0001465,2026-02,FPS-0133,RICE,142,142,WH-008,APPROVED,SYSTEM,OFF-00001,2025-12-29T11:00:00
ALLOC-0001466,2026-02,FPS-0133,WHEAT,120,120,WH-008,APPROVED,SYSTEM,OFF-00001,2025-12-29T11:00:00
ALLOC-0001467,2026-02,FPS-0134,RICE,170,170,WH-009,APPROVED,SYSTEM,OFF-00001,2025-12-29T11:00:00
ALLOC-0001468,2026-02,FPS-0134,WHEAT,139,139,WH-009,APPROVED,SYSTEM,OFF-00001,2025-12-29T11:00:00
ALLOC-0001469,2026-02,FPS-0135,RICE,124,124,WH-010,APPROVED,SYSTEM,OFF-00001,2025-12-29T11:00:00
ALLOC-0001470,2026-02,FPS-0135,WHEAT,122,122,WH-010,APPROVED,SYSTEM,OFF-00001,2025-12-29T11:00:00
ALLOC-0001471,2026-02,FPS-0136,RICE,172,172,WH-011,APPROVED,SYSTEM,OFF-00001,2025-12-29T11:00:00
ALLOC-0001472,2026-02,FPS-0136,WHEAT,148,148,WH-011,APPROVED,SYSTEM,OFF-00001,2025-12-29T11:00:00
ALLOC-0001473,2026-02,FPS-0137,RICE,179,179,WH-012,APPROVED,SYSTEM,OFF-00001,2025-12-29T11:00:00
ALLOC-0001474,2026-02,FPS-0137,WHEAT,135,135,WH-012,APPROVED,SYSTEM,OFF-00001,2025-12-29T11:00:00
ALLOC-0001475,2026-02,FPS-0138,RICE,203,203,WH-013,APPROVED,SYSTEM,OFF-00001,2025-12-29T11:00:00
ALLOC-0001476,2026-02,FPS-0138,WHEAT,152,152,WH-013,APPROVED,SYSTEM,OFF-00001,2025-12-29T11:00:00
ALLOC-0001477,2026-02,FPS-0139,RICE,166,166,WH-014,APPROVED,SYSTEM,OFF-00001,2025-12-29T11:00:00
ALLOC-0001478,2026-02,FPS-0139,WHEAT,134,134,WH-014,APPROVED,SYSTEM,OFF-00001,2025-12-29T11:00:00
ALLOC-0001479,2026-02,FPS-0140,RICE,143,143,WH-015,APPROVED,SYSTEM,OFF-00001,2025-12-29T11:00:00
ALLOC-0001480,2026-02,FPS-0140,WHEAT,112,112,WH-015,APPROVED,SYSTEM,OFF-00001,2025-12-29T11:00:00
ALLOC-0001481,2026-02,FPS-0141,RICE,129,129,WH-016,APPROVED,SYSTEM,OFF-00001,2025-12-29T11:00:00
ALLOC-0001482,2026-02,FPS-0141,WHEAT,123,123,WH-016,APPROVED,SYSTEM,OFF-00001,2025-12-29T11:00:00
ALLOC-0001483,2026-02,FPS-0142,RICE,172,172,WH-017,APPROVED,SYSTEM,OFF-00001,2025-12-29T11:00:00
ALLOC-0001484,2026-02,FPS-0142,WHEAT,137,137,WH-017,APPROVED,SYSTEM,OFF-00001,2025-12-29T11:00:00
ALLOC-0001485,2026-02,FPS-0143,RICE,180,180,WH-018,APPROVED,SYSTEM,OFF-00001,2025-12-29T11:00:00
ALLOC-0001486,2026-02,FPS-0143,WHEAT,140,140,WH-018,APPROVED,SYSTEM,OFF-00001,2025-12-29T11:00:00
ALLOC-0001487,2026-02,FPS-0144,RICE,204,204,WH-019,APPROVED,SYSTEM,OFF-00001,2025-12-29T11:00:00
ALLOC-0001488,2026-02,FPS-0144,WHEAT,144,144,WH-019,APPROVED,SYSTEM,OFF-00001,2025-12-29T11:00:00
ALLOC-0001489,2026-02,FPS-0145,RICE,117,117,WH-020,APPROVED,SYSTEM,OFF-00001,2025-12-29T11:00:00
ALLOC-0001490,2026-02,FPS-0145,WHEAT,121,121,WH-020,APPROVED,SYSTEM,OFF-00001,2025-12-29T11:00:00
ALLOC-0001491,2026-02,FPS-0146,RICE,127,127,WH-021,APPROVED,SYSTEM,OFF-00001,2025-12-29T11:00:00
ALLOC-0001492,2026-02,FPS-0146,WHEAT,111,111,WH-021,APPROVED,SYSTEM,OFF-00001,2025-12-29T11:00:00
ALLOC-0001493,2026-02,FPS-0147,RICE,151,151,WH-022,APPROVED,SYSTEM,OFF-00001,2025-12-29T11:00:00
ALLOC-0001494,2026-02,FPS-0147,WHEAT,132,132,WH-022,APPROVED,SYSTEM,OFF-00001,2025-12-29T11:00:00
ALLOC-0001495,2026-02,FPS-0148,RICE,233,233,WH-023,APPROVED,SYSTEM,OFF-00001,2025-12-29T11:00:00
ALLOC-0001496,2026-02,FPS-0148,WHEAT,165,165,WH-023,APPROVED,SYSTEM,OFF-00001,2025-12-29T11:00:00
ALLOC-0001497,2026-02,FPS-0149,RICE,310,310,WH-024,APPROVED,SYSTEM,OFF-00001,2025-12-29T11:00:00
ALLOC-0001498,2026-02,FPS-0149,WHEAT,211,211,WH-024,APPROVED,SYSTEM,OFF-00001,2025-12-29T11:00:00
ALLOC-0001499,2026-02,FPS-0150,RICE,140,140,WH-025,APPROVED,SYSTEM,OFF-00001,2025-12-29T11:00:00
ALLOC-0001500,2026-02,FPS-0150,WHEAT,111,111,WH-025,APPROVED,SYSTEM,OFF-00001,2025-12-29T11:00:00
ALLOC-0001501,2026-02,FPS-0151,RICE,172,0,WH-001,BLOCKED,SYSTEM,OFF-00001,2025-12-29T11:00:00
ALLOC-0001502,2026-02,FPS-0151,WHEAT,130,130,WH-001,APPROVED,SYSTEM,OFF-00001,2025-12-29T11:00:00
ALLOC-0001503,2026-02,FPS-0152,RICE,160,160,WH-002,APPROVED,SYSTEM,OFF-00001,2025-12-29T11:00:00
ALLOC-0001504,2026-02,FPS-0152,WHEAT,125,125,WH-002,APPROVED,SYSTEM,OFF-00001,2025-12-29T11:00:00
ALLOC-0001505,2026-02,FPS-0153,RICE,188,188,WH-003,APPROVED,SYSTEM,OFF-00001,2025-12-29T11:00:00
ALLOC-0001506,2026-02,FPS-0153,WHEAT,152,152,WH-003,APPROVED,SYSTEM,OFF-00001,2025-12-29T11:00:00
ALLOC-0001507,2026-02,FPS-0154,RICE,141,141,WH-004,APPROVED,SYSTEM,OFF-00001,2025-12-29T11:00:00
ALLOC-0001508,2026-02,FPS-0154,WHEAT,132,132,WH-004,APPROVED,SYSTEM,OFF-00001,2025-12-29T11:00:00
ALLOC-0001509,2026-02,FPS-0155,RICE,197,197,WH-005,APPROVED,SYSTEM,OFF-00001,2025-12-29T11:00:00
ALLOC-0001510,2026-02,FPS-0155,WHEAT,163,163,WH-005,APPROVED,SYSTEM,OFF-00001,2025-12-29T11:00:00
ALLOC-0001511,2026-02,FPS-0156,RICE,168,168,WH-006,APPROVED,SYSTEM,OFF-00001,2025-12-29T11:00:00
ALLOC-0001512,2026-02,FPS-0156,WHEAT,135,135,WH-006,APPROVED,SYSTEM,OFF-00001,2025-12-29T11:00:00
ALLOC-0001513,2026-02,FPS-0157,RICE,181,181,WH-007,APPROVED,SYSTEM,OFF-00001,2025-12-29T11:00:00
ALLOC-0001514,2026-02,FPS-0157,WHEAT,154,154,WH-007,APPROVED,SYSTEM,OFF-00001,2025-12-29T11:00:00
ALLOC-0001515,2026-02,FPS-0158,RICE,169,169,WH-008,APPROVED,SYSTEM,OFF-00001,2025-12-29T11:00:00
ALLOC-0001516,2026-02,FPS-0158,WHEAT,148,148,WH-008,APPROVED,SYSTEM,OFF-00001,2025-12-29T11:00:00
ALLOC-0001517,2026-02,FPS-0159,RICE,119,119,WH-009,APPROVED,SYSTEM,OFF-00001,2025-12-29T11:00:00
ALLOC-0001518,2026-02,FPS-0159,WHEAT,120,120,WH-009,APPROVED,SYSTEM,OFF-00001,2025-12-29T11:00:00
ALLOC-0001519,2026-02,FPS-0160,RICE,121,121,WH-010,APPROVED,SYSTEM,OFF-00001,2025-12-29T11:00:00
ALLOC-0001520,2026-02,FPS-0160,WHEAT,115,115,WH-010,APPROVED,SYSTEM,OFF-00001,2025-12-29T11:00:00
ALLOC-0001521,2026-02,FPS-0161,RICE,221,221,WH-011,APPROVED,SYSTEM,OFF-00001,2025-12-29T11:00:00
ALLOC-0001522,2026-02,FPS-0161,WHEAT,154,154,WH-011,APPROVED,SYSTEM,OFF-00001,2025-12-29T11:00:00
ALLOC-0001523,2026-02,FPS-0162,RICE,155,155,WH-012,APPROVED,SYSTEM,OFF-00001,2025-12-29T11:00:00
ALLOC-0001524,2026-02,FPS-0162,WHEAT,137,137,WH-012,APPROVED,SYSTEM,OFF-00001,2025-12-29T11:00:00
ALLOC-0001525,2026-02,FPS-0163,RICE,139,139,WH-013,APPROVED,SYSTEM,OFF-00001,2025-12-29T11:00:00
ALLOC-0001526,2026-02,FPS-0163,WHEAT,137,137,WH-013,APPROVED,SYSTEM,OFF-00001,2025-12-29T11:00:00
ALLOC-0001527,2026-02,FPS-0164,RICE,144,144,WH-014,APPROVED,SYSTEM,OFF-00001,2025-12-29T11:00:00
ALLOC-0001528,2026-02,FPS-0164,WHEAT,129,129,WH-014,APPROVED,SYSTEM,OFF-00001,2025-12-29T11:00:00
ALLOC-0001529,2026-02,FPS-0165,RICE,156,156,WH-015,APPROVED,SYSTEM,OFF-00001,2025-12-29T11:00:00
ALLOC-0001530,2026-02,FPS-0165,WHEAT,132,132,WH-015,APPROVED,SYSTEM,OFF-00001,2025-12-29T11:00:00
ALLOC-0001531,2026-02,FPS-0166,RICE,165,165,WH-016,APPROVED,SYSTEM,OFF-00001,2025-12-29T11:00:00
ALLOC-0001532,2026-02,FPS-0166,WHEAT,137,137,WH-016,APPROVED,SYSTEM,OFF-00001,2025-12-29T11:00:00
ALLOC-0001533,2026-02,FPS-0167,RICE,145,145,WH-017,APPROVED,SYSTEM,OFF-00001,2025-12-29T11:00:00
ALLOC-0001534,2026-02,FPS-0167,WHEAT,134,134,WH-017,APPROVED,SYSTEM,OFF-00001,2025-12-29T11:00:00
ALLOC-0001535,2026-02,FPS-0168,RICE,123,123,WH-018,APPROVED,SYSTEM,OFF-00001,2025-12-29T11:00:00
ALLOC-0001536,2026-02,FPS-0168,WHEAT,120,120,WH-018,APPROVED,SYSTEM,OFF-00001,2025-12-29T11:00:00
ALLOC-0001537,2026-02,FPS-0169,RICE,153,153,WH-019,APPROVED,SYSTEM,OFF-00001,2025-12-29T11:00:00
ALLOC-0001538,2026-02,FPS-0169,WHEAT,128,128,WH-019,APPROVED,SYSTEM,OFF-00001,2025-12-29T11:00:00
ALLOC-0001539,2026-02,FPS-0170,RICE,166,166,WH-020,APPROVED,SYSTEM,OFF-00001,2025-12-29T11:00:00
ALLOC-0001540,2026-02,FPS-0170,WHEAT,149,149,WH-020,APPROVED,SYSTEM,OFF-00001,2025-12-29T11:00:00
ALLOC-0001541,2026-02,FPS-0171,RICE,149,149,WH-021,APPROVED,SYSTEM,OFF-00001,2025-12-29T11:00:00
ALLOC-0001542,2026-02,FPS-0171,WHEAT,129,129,WH-021,APPROVED,SYSTEM,OFF-00001,2025-12-29T11:00:00
ALLOC-0001543,2026-02,FPS-0172,RICE,163,163,WH-022,APPROVED,SYSTEM,OFF-00001,2025-12-29T11:00:00
ALLOC-0001544,2026-02,FPS-0172,WHEAT,124,124,WH-022,APPROVED,SYSTEM,OFF-00001,2025-12-29T11:00:00
ALLOC-0001545,2026-02,FPS-0173,RICE,157,157,WH-023,APPROVED,SYSTEM,OFF-00001,2025-12-29T11:00:00
ALLOC-0001546,2026-02,FPS-0173,WHEAT,146,146,WH-023,APPROVED,SYSTEM,OFF-00001,2025-12-29T11:00:00
ALLOC-0001547,2026-02,FPS-0174,RICE,209,209,WH-024,APPROVED,SYSTEM,OFF-00001,2025-12-29T11:00:00
ALLOC-0001548,2026-02,FPS-0174,WHEAT,155,155,WH-024,APPROVED,SYSTEM,OFF-00001,2025-12-29T11:00:00
ALLOC-0001549,2026-02,FPS-0175,RICE,191,191,WH-025,APPROVED,SYSTEM,OFF-00001,2025-12-29T11:00:00
ALLOC-0001550,2026-02,FPS-0175,WHEAT,160,160,WH-025,APPROVED,SYSTEM,OFF-00001,2025-12-29T11:00:00
ALLOC-0001551,2026-02,FPS-0176,RICE,152,0,WH-001,BLOCKED,SYSTEM,OFF-00001,2025-12-29T11:00:00
ALLOC-0001552,2026-02,FPS-0176,WHEAT,126,126,WH-001,APPROVED,SYSTEM,OFF-00001,2025-12-29T11:00:00
ALLOC-0001553,2026-02,FPS-0177,RICE,134,134,WH-002,APPROVED,SYSTEM,OFF-00001,2025-12-29T11:00:00
ALLOC-0001554,2026-02,FPS-0177,WHEAT,121,121,WH-002,APPROVED,SYSTEM,OFF-00001,2025-12-29T11:00:00
ALLOC-0001555,2026-02,FPS-0178,RICE,140,140,WH-003,APPROVED,SYSTEM,OFF-00001,2025-12-29T11:00:00
ALLOC-0001556,2026-02,FPS-0178,WHEAT,117,117,WH-003,APPROVED,SYSTEM,OFF-00001,2025-12-29T11:00:00
ALLOC-0001557,2026-02,FPS-0179,RICE,193,193,WH-004,APPROVED,SYSTEM,OFF-00001,2025-12-29T11:00:00
ALLOC-0001558,2026-02,FPS-0179,WHEAT,149,149,WH-004,APPROVED,SYSTEM,OFF-00001,2025-12-29T11:00:00
ALLOC-0001559,2026-02,FPS-0180,RICE,149,149,WH-005,APPROVED,SYSTEM,OFF-00001,2025-12-29T11:00:00
ALLOC-0001560,2026-02,FPS-0180,WHEAT,135,135,WH-005,APPROVED,SYSTEM,OFF-00001,2025-12-29T11:00:00
ALLOC-0001561,2026-02,FPS-0181,RICE,196,196,WH-006,APPROVED,SYSTEM,OFF-00001,2025-12-29T11:00:00
ALLOC-0001562,2026-02,FPS-0181,WHEAT,151,151,WH-006,APPROVED,SYSTEM,OFF-00001,2025-12-29T11:00:00
ALLOC-0001563,2026-02,FPS-0182,RICE,155,155,WH-007,APPROVED,SYSTEM,OFF-00001,2025-12-29T11:00:00
ALLOC-0001564,2026-02,FPS-0182,WHEAT,130,130,WH-007,APPROVED,SYSTEM,OFF-00001,2025-12-29T11:00:00
ALLOC-0001565,2026-02,FPS-0183,RICE,160,160,WH-008,APPROVED,SYSTEM,OFF-00001,2025-12-29T11:00:00
ALLOC-0001566,2026-02,FPS-0183,WHEAT,144,144,WH-008,APPROVED,SYSTEM,OFF-00001,2025-12-29T11:00:00
ALLOC-0001567,2026-02,FPS-0184,RICE,204,204,WH-009,APPROVED,SYSTEM,OFF-00001,2025-12-29T11:00:00
ALLOC-0001568,2026-02,FPS-0184,WHEAT,147,147,WH-009,APPROVED,SYSTEM,OFF-00001,2025-12-29T11:00:00
ALLOC-0001569,2026-02,FPS-0185,RICE,172,172,WH-010,APPROVED,SYSTEM,OFF-00001,2025-12-29T11:00:00
ALLOC-0001570,2026-02,FPS-0185,WHEAT,152,152,WH-010,APPROVED,SYSTEM,OFF-00001,2025-12-29T11:00:00
ALLOC-0001571,2026-02,FPS-0186,RICE,231,231,WH-011,APPROVED,SYSTEM,OFF-00001,2025-12-29T11:00:00
ALLOC-0001572,2026-02,FPS-0186,WHEAT,178,178,WH-011,APPROVED,SYSTEM,OFF-00001,2025-12-29T11:00:00
ALLOC-0001573,2026-02,FPS-0187,RICE,178,178,WH-012,APPROVED,SYSTEM,OFF-00001,2025-12-29T11:00:00
ALLOC-0001574,2026-02,FPS-0187,WHEAT,131,131,WH-012,APPROVED,SYSTEM,OFF-00001,2025-12-29T11:00:00
ALLOC-0001575,2026-02,FPS-0188,RICE,135,135,WH-013,APPROVED,SYSTEM,OFF-00001,2025-12-29T11:00:00
ALLOC-0001576,2026-02,FPS-0188,WHEAT,126,126,WH-013,APPROVED,SYSTEM,OFF-00001,2025-12-29T11:00:00
ALLOC-0001577,2026-02,FPS-0189,RICE,228,228,WH-014,APPROVED,SYSTEM,OFF-00001,2025-12-29T11:00:00
ALLOC-0001578,2026-02,FPS-0189,WHEAT,146,146,WH-014,APPROVED,SYSTEM,OFF-00001,2025-12-29T11:00:00
ALLOC-0001579,2026-02,FPS-0190,RICE,129,129,WH-015,APPROVED,SYSTEM,OFF-00001,2025-12-29T11:00:00
ALLOC-0001580,2026-02,FPS-0190,WHEAT,120,120,WH-015,APPROVED,SYSTEM,OFF-00001,2025-12-29T11:00:00
ALLOC-0001581,2026-02,FPS-0191,RICE,135,135,WH-016,APPROVED,SYSTEM,OFF-00001,2025-12-29T11:00:00
ALLOC-0001582,2026-02,FPS-0191,WHEAT,121,121,WH-016,APPROVED,SYSTEM,OFF-00001,2025-12-29T11:00:00
ALLOC-0001583,2026-02,FPS-0192,RICE,135,135,WH-017,APPROVED,SYSTEM,OFF-00001,2025-12-29T11:00:00
ALLOC-0001584,2026-02,FPS-0192,WHEAT,113,113,WH-017,APPROVED,SYSTEM,OFF-00001,2025-12-29T11:00:00
ALLOC-0001585,2026-02,FPS-0193,RICE,176,176,WH-018,APPROVED,SYSTEM,OFF-00001,2025-12-29T11:00:00
ALLOC-0001586,2026-02,FPS-0193,WHEAT,143,143,WH-018,APPROVED,SYSTEM,OFF-00001,2025-12-29T11:00:00
ALLOC-0001587,2026-02,FPS-0194,RICE,140,140,WH-019,APPROVED,SYSTEM,OFF-00001,2025-12-29T11:00:00
ALLOC-0001588,2026-02,FPS-0194,WHEAT,113,113,WH-019,APPROVED,SYSTEM,OFF-00001,2025-12-29T11:00:00
ALLOC-0001589,2026-02,FPS-0195,RICE,172,172,WH-020,APPROVED,SYSTEM,OFF-00001,2025-12-29T11:00:00
ALLOC-0001590,2026-02,FPS-0195,WHEAT,154,154,WH-020,APPROVED,SYSTEM,OFF-00001,2025-12-29T11:00:00
ALLOC-0001591,2026-02,FPS-0196,RICE,218,218,WH-021,APPROVED,SYSTEM,OFF-00001,2025-12-29T11:00:00
ALLOC-0001592,2026-02,FPS-0196,WHEAT,144,144,WH-021,APPROVED,SYSTEM,OFF-00001,2025-12-29T11:00:00
ALLOC-0001593,2026-02,FPS-0197,RICE,203,203,WH-022,APPROVED,SYSTEM,OFF-00001,2025-12-29T11:00:00
ALLOC-0001594,2026-02,FPS-0197,WHEAT,142,142,WH-022,APPROVED,SYSTEM,OFF-00001,2025-12-29T11:00:00
ALLOC-0001595,2026-02,FPS-0198,RICE,139,139,WH-023,APPROVED,SYSTEM,OFF-00001,2025-12-29T11:00:00
ALLOC-0001596,2026-02,FPS-0198,WHEAT,120,120,WH-023,APPROVED,SYSTEM,OFF-00001,2025-12-29T11:00:00
ALLOC-0001597,2026-02,FPS-0199,RICE,140,140,WH-024,APPROVED,SYSTEM,OFF-00001,2025-12-29T11:00:00
ALLOC-0001598,2026-02,FPS-0199,WHEAT,122,122,WH-024,APPROVED,SYSTEM,OFF-00001,2025-12-29T11:00:00
ALLOC-0001599,2026-02,FPS-0200,RICE,133,133,WH-025,APPROVED,SYSTEM,OFF-00001,2025-12-29T11:00:00
ALLOC-0001600,2026-02,FPS-0200,WHEAT,120,120,WH-025,APPROVED,SYSTEM,OFF-00001,2025-12-29T11:00:00
ALLOC-0001601,2026-02,FPS-0201,RICE,135,0,WH-001,BLOCKED,SYSTEM,OFF-00001,2025-12-29T11:00:00
ALLOC-0001602,2026-02,FPS-0201,WHEAT,123,123,WH-001,APPROVED,SYSTEM,OFF-00001,2025-12-29T11:00:00
ALLOC-0001603,2026-02,FPS-0202,RICE,157,157,WH-002,APPROVED,SYSTEM,OFF-00001,2025-12-29T11:00:00
ALLOC-0001604,2026-02,FPS-0202,WHEAT,125,125,WH-002,APPROVED,SYSTEM,OFF-00001,2025-12-29T11:00:00
ALLOC-0001605,2026-02,FPS-0203,RICE,138,138,WH-003,APPROVED,SYSTEM,OFF-00001,2025-12-29T11:00:00
ALLOC-0001606,2026-02,FPS-0203,WHEAT,120,120,WH-003,APPROVED,SYSTEM,OFF-00001,2025-12-29T11:00:00
ALLOC-0001607,2026-02,FPS-0204,RICE,179,179,WH-004,APPROVED,SYSTEM,OFF-00001,2025-12-29T11:00:00
ALLOC-0001608,2026-02,FPS-0204,WHEAT,144,144,WH-004,APPROVED,SYSTEM,OFF-00001,2025-12-29T11:00:00
ALLOC-0001609,2026-02,FPS-0205,RICE,155,155,WH-005,APPROVED,SYSTEM,OFF-00001,2025-12-29T11:00:00
ALLOC-0001610,2026-02,FPS-0205,WHEAT,143,143,WH-005,APPROVED,SYSTEM,OFF-00001,2025-12-29T11:00:00
ALLOC-0001611,2026-02,FPS-0206,RICE,212,212,WH-006,APPROVED,SYSTEM,OFF-00001,2025-12-29T11:00:00
ALLOC-0001612,2026-02,FPS-0206,WHEAT,171,171,WH-006,APPROVED,SYSTEM,OFF-00001,2025-12-29T11:00:00
ALLOC-0001613,2026-02,FPS-0207,RICE,296,296,WH-007,APPROVED,SYSTEM,OFF-00001,2025-12-29T11:00:00
ALLOC-0001614,2026-02,FPS-0207,WHEAT,191,191,WH-007,APPROVED,SYSTEM,OFF-00001,2025-12-29T11:00:00
ALLOC-0001615,2026-02,FPS-0208,RICE,185,185,WH-008,APPROVED,SYSTEM,OFF-00001,2025-12-29T11:00:00
ALLOC-0001616,2026-02,FPS-0208,WHEAT,151,151,WH-008,APPROVED,SYSTEM,OFF-00001,2025-12-29T11:00:00
ALLOC-0001617,2026-02,FPS-0209,RICE,206,206,WH-009,APPROVED,SYSTEM,OFF-00001,2025-12-29T11:00:00
ALLOC-0001618,2026-02,FPS-0209,WHEAT,153,153,WH-009,APPROVED,SYSTEM,OFF-00001,2025-12-29T11:00:00
ALLOC-0001619,2026-02,FPS-0210,RICE,184,184,WH-010,APPROVED,SYSTEM,OFF-00001,2025-12-29T11:00:00
ALLOC-0001620,2026-02,FPS-0210,WHEAT,154,154,WH-010,APPROVED,SYSTEM,OFF-00001,2025-12-29T11:00:00
ALLOC-0001621,2026-02,FPS-0211,RICE,182,182,WH-011,APPROVED,SYSTEM,OFF-00001,2025-12-29T11:00:00
ALLOC-0001622,2026-02,FPS-0211,WHEAT,139,139,WH-011,APPROVED,SYSTEM,OFF-00001,2025-12-29T11:00:00
ALLOC-0001623,2026-02,FPS-0212,RICE,120,120,WH-012,APPROVED,SYSTEM,OFF-00001,2025-12-29T11:00:00
ALLOC-0001624,2026-02,FPS-0212,WHEAT,104,104,WH-012,APPROVED,SYSTEM,OFF-00001,2025-12-29T11:00:00
ALLOC-0001625,2026-02,FPS-0213,RICE,156,156,WH-013,APPROVED,SYSTEM,OFF-00001,2025-12-29T11:00:00
ALLOC-0001626,2026-02,FPS-0213,WHEAT,119,119,WH-013,APPROVED,SYSTEM,OFF-00001,2025-12-29T11:00:00
ALLOC-0001627,2026-02,FPS-0214,RICE,126,126,WH-014,APPROVED,SYSTEM,OFF-00001,2025-12-29T11:00:00
ALLOC-0001628,2026-02,FPS-0214,WHEAT,117,117,WH-014,APPROVED,SYSTEM,OFF-00001,2025-12-29T11:00:00
ALLOC-0001629,2026-02,FPS-0215,RICE,141,141,WH-015,APPROVED,SYSTEM,OFF-00001,2025-12-29T11:00:00
ALLOC-0001630,2026-02,FPS-0215,WHEAT,120,120,WH-015,APPROVED,SYSTEM,OFF-00001,2025-12-29T11:00:00
ALLOC-0001631,2026-02,FPS-0216,RICE,151,151,WH-016,APPROVED,SYSTEM,OFF-00001,2025-12-29T11:00:00
ALLOC-0001632,2026-02,FPS-0216,WHEAT,134,134,WH-016,APPROVED,SYSTEM,OFF-00001,2025-12-29T11:00:00
ALLOC-0001633,2026-02,FPS-0217,RICE,145,145,WH-017,APPROVED,SYSTEM,OFF-00001,2025-12-29T11:00:00
ALLOC-0001634,2026-02,FPS-0217,WHEAT,122,122,WH-017,APPROVED,SYSTEM,OFF-00001,2025-12-29T11:00:00
ALLOC-0001635,2026-02,FPS-0218,RICE,132,132,WH-018,APPROVED,SYSTEM,OFF-00001,2025-12-29T11:00:00
ALLOC-0001636,2026-02,FPS-0218,WHEAT,126,126,WH-018,APPROVED,SYSTEM,OFF-00001,2025-12-29T11:00:00
ALLOC-0001637,2026-02,FPS-0219,RICE,181,181,WH-019,APPROVED,SYSTEM,OFF-00001,2025-12-29T11:00:00
ALLOC-0001638,2026-02,FPS-0219,WHEAT,150,150,WH-019,APPROVED,SYSTEM,OFF-00001,2025-12-29T11:00:00
ALLOC-0001639,2026-02,FPS-0220,RICE,213,213,WH-020,APPROVED,SYSTEM,OFF-00001,2025-12-29T11:00:00
ALLOC-0001640,2026-02,FPS-0220,WHEAT,144,144,WH-020,APPROVED,SYSTEM,OFF-00001,2025-12-29T11:00:00
ALLOC-0001641,2026-02,FPS-0221,RICE,178,178,WH-021,APPROVED,SYSTEM,OFF-00001,2025-12-29T11:00:00
ALLOC-0001642,2026-02,FPS-0221,WHEAT,151,151,WH-021,APPROVED,SYSTEM,OFF-00001,2025-12-29T11:00:00
ALLOC-0001643,2026-02,FPS-0222,RICE,206,206,WH-022,APPROVED,SYSTEM,OFF-00001,2025-12-29T11:00:00
ALLOC-0001644,2026-02,FPS-0222,WHEAT,141,141,WH-022,APPROVED,SYSTEM,OFF-00001,2025-12-29T11:00:00
ALLOC-0001645,2026-02,FPS-0223,RICE,180,180,WH-023,APPROVED,SYSTEM,OFF-00001,2025-12-29T11:00:00
ALLOC-0001646,2026-02,FPS-0223,WHEAT,142,142,WH-023,APPROVED,SYSTEM,OFF-00001,2025-12-29T11:00:00
ALLOC-0001647,2026-02,FPS-0224,RICE,150,150,WH-024,APPROVED,SYSTEM,OFF-00001,2025-12-29T11:00:00
ALLOC-0001648,2026-02,FPS-0224,WHEAT,130,130,WH-024,APPROVED,SYSTEM,OFF-00001,2025-12-29T11:00:00
ALLOC-0001649,2026-02,FPS-0225,RICE,151,151,WH-025,APPROVED,SYSTEM,OFF-00001,2025-12-29T11:00:00
ALLOC-0001650,2026-02,FPS-0225,WHEAT,125,125,WH-025,APPROVED,SYSTEM,OFF-00001,2025-12-29T11:00:00
ALLOC-0001651,2026-02,FPS-0226,RICE,151,0,WH-001,BLOCKED,SYSTEM,OFF-00001,2025-12-29T11:00:00
ALLOC-0001652,2026-02,FPS-0226,WHEAT,131,131,WH-001,APPROVED,SYSTEM,OFF-00001,2025-12-29T11:00:00
ALLOC-0001653,2026-02,FPS-0227,RICE,138,138,WH-002,APPROVED,SYSTEM,OFF-00001,2025-12-29T11:00:00
ALLOC-0001654,2026-02,FPS-0227,WHEAT,130,130,WH-002,APPROVED,SYSTEM,OFF-00001,2025-12-29T11:00:00
ALLOC-0001655,2026-02,FPS-0228,RICE,184,184,WH-003,APPROVED,SYSTEM,OFF-00001,2025-12-29T11:00:00
ALLOC-0001656,2026-02,FPS-0228,WHEAT,145,145,WH-003,APPROVED,SYSTEM,OFF-00001,2025-12-29T11:00:00
ALLOC-0001657,2026-02,FPS-0229,RICE,172,172,WH-004,APPROVED,SYSTEM,OFF-00001,2025-12-29T11:00:00
ALLOC-0001658,2026-02,FPS-0229,WHEAT,143,143,WH-004,APPROVED,SYSTEM,OFF-00001,2025-12-29T11:00:00
ALLOC-0001659,2026-02,FPS-0230,RICE,245,245,WH-005,APPROVED,SYSTEM,OFF-00001,2025-12-29T11:00:00
ALLOC-0001660,2026-02,FPS-0230,WHEAT,174,174,WH-005,APPROVED,SYSTEM,OFF-00001,2025-12-29T11:00:00
ALLOC-0001661,2026-02,FPS-0231,RICE,163,163,WH-006,APPROVED,SYSTEM,OFF-00001,2025-12-29T11:00:00
ALLOC-0001662,2026-02,FPS-0231,WHEAT,147,147,WH-006,APPROVED,SYSTEM,OFF-00001,2025-12-29T11:00:00
ALLOC-0001663,2026-02,FPS-0232,RICE,165,165,WH-007,APPROVED,SYSTEM,OFF-00001,2025-12-29T11:00:00
ALLOC-0001664,2026-02,FPS-0232,WHEAT,141,141,WH-007,APPROVED,SYSTEM,OFF-00001,2025-12-29T11:00:00
ALLOC-0001665,2026-02,FPS-0233,RICE,128,128,WH-008,APPROVED,SYSTEM,OFF-00001,2025-12-29T11:00:00
ALLOC-0001666,2026-02,FPS-0233,WHEAT,119,119,WH-008,APPROVED,SYSTEM,OFF-00001,2025-12-29T11:00:00
ALLOC-0001667,2026-02,FPS-0234,RICE,170,170,WH-009,APPROVED,SYSTEM,OFF-00001,2025-12-29T11:00:00
ALLOC-0001668,2026-02,FPS-0234,WHEAT,131,131,WH-009,APPROVED,SYSTEM,OFF-00001,2025-12-29T11:00:00
ALLOC-0001669,2026-02,FPS-0235,RICE,184,184,WH-010,APPROVED,SYSTEM,OFF-00001,2025-12-29T11:00:00
ALLOC-0001670,2026-02,FPS-0235,WHEAT,137,137,WH-010,APPROVED,SYSTEM,OFF-00001,2025-12-29T11:00:00
ALLOC-0001671,2026-02,FPS-0236,RICE,149,149,WH-011,APPROVED,SYSTEM,OFF-00001,2025-12-29T11:00:00
ALLOC-0001672,2026-02,FPS-0236,WHEAT,128,128,WH-011,APPROVED,SYSTEM,OFF-00001,2025-12-29T11:00:00
ALLOC-0001673,2026-02,FPS-0237,RICE,172,172,WH-012,APPROVED,SYSTEM,OFF-00001,2025-12-29T11:00:00
ALLOC-0001674,2026-02,FPS-0237,WHEAT,145,145,WH-012,APPROVED,SYSTEM,OFF-00001,2025-12-29T11:00:00
ALLOC-0001675,2026-02,FPS-0238,RICE,173,173,WH-013,APPROVED,SYSTEM,OFF-00001,2025-12-29T11:00:00
ALLOC-0001676,2026-02,FPS-0238,WHEAT,132,132,WH-013,APPROVED,SYSTEM,OFF-00001,2025-12-29T11:00:00
ALLOC-0001677,2026-02,FPS-0239,RICE,174,174,WH-014,APPROVED,SYSTEM,OFF-00001,2025-12-29T11:00:00
ALLOC-0001678,2026-02,FPS-0239,WHEAT,118,118,WH-014,APPROVED,SYSTEM,OFF-00001,2025-12-29T11:00:00
ALLOC-0001679,2026-02,FPS-0240,RICE,226,226,WH-015,APPROVED,SYSTEM,OFF-00001,2025-12-29T11:00:00
ALLOC-0001680,2026-02,FPS-0240,WHEAT,174,174,WH-015,APPROVED,SYSTEM,OFF-00001,2025-12-29T11:00:00
ALLOC-0001681,2026-02,FPS-0241,RICE,159,159,WH-016,APPROVED,SYSTEM,OFF-00001,2025-12-29T11:00:00
ALLOC-0001682,2026-02,FPS-0241,WHEAT,141,141,WH-016,APPROVED,SYSTEM,OFF-00001,2025-12-29T11:00:00
ALLOC-0001683,2026-02,FPS-0242,RICE,129,129,WH-017,APPROVED,SYSTEM,OFF-00001,2025-12-29T11:00:00
ALLOC-0001684,2026-02,FPS-0242,WHEAT,98,98,WH-017,APPROVED,SYSTEM,OFF-00001,2025-12-29T11:00:00
ALLOC-0001685,2026-02,FPS-0243,RICE,215,215,WH-018,APPROVED,SYSTEM,OFF-00001,2025-12-29T11:00:00
ALLOC-0001686,2026-02,FPS-0243,WHEAT,150,150,WH-018,APPROVED,SYSTEM,OFF-00001,2025-12-29T11:00:00
ALLOC-0001687,2026-02,FPS-0244,RICE,144,144,WH-019,APPROVED,SYSTEM,OFF-00001,2025-12-29T11:00:00
ALLOC-0001688,2026-02,FPS-0244,WHEAT,133,133,WH-019,APPROVED,SYSTEM,OFF-00001,2025-12-29T11:00:00
ALLOC-0001689,2026-02,FPS-0245,RICE,130,130,WH-020,APPROVED,SYSTEM,OFF-00001,2025-12-29T11:00:00
ALLOC-0001690,2026-02,FPS-0245,WHEAT,117,117,WH-020,APPROVED,SYSTEM,OFF-00001,2025-12-29T11:00:00
ALLOC-0001691,2026-02,FPS-0246,RICE,271,271,WH-021,APPROVED,SYSTEM,OFF-00001,2025-12-29T11:00:00
ALLOC-0001692,2026-02,FPS-0246,WHEAT,186,186,WH-021,APPROVED,SYSTEM,OFF-00001,2025-12-29T11:00:00
ALLOC-0001693,2026-02,FPS-0247,RICE,147,147,WH-022,APPROVED,SYSTEM,OFF-00001,2025-12-29T11:00:00
ALLOC-0001694,2026-02,FPS-0247,WHEAT,124,124,WH-022,APPROVED,SYSTEM,OFF-00001,2025-12-29T11:00:00
ALLOC-0001695,2026-02,FPS-0248,RICE,250,250,WH-023,APPROVED,SYSTEM,OFF-00001,2025-12-29T11:00:00
ALLOC-0001696,2026-02,FPS-0248,WHEAT,184,184,WH-023,APPROVED,SYSTEM,OFF-00001,2025-12-29T11:00:00
ALLOC-0001697,2026-02,FPS-0249,RICE,240,240,WH-024,APPROVED,SYSTEM,OFF-00001,2025-12-29T11:00:00
ALLOC-0001698,2026-02,FPS-0249,WHEAT,175,175,WH-024,APPROVED,SYSTEM,OFF-00001,2025-12-29T11:00:00
ALLOC-0001699,2026-02,FPS-0250,RICE,149,149,WH-025,APPROVED,SYSTEM,OFF-00001,2025-12-29T11:00:00
ALLOC-0001700,2026-02,FPS-0250,WHEAT,113,113,WH-025,APPROVED,SYSTEM,OFF-00001,2025-12-29T11:00:00
ALLOC-0001701,2026-02,FPS-0251,RICE,169,0,WH-001,BLOCKED,SYSTEM,OFF-00001,2025-12-29T11:00:00
ALLOC-0001702,2026-02,FPS-0251,WHEAT,133,133,WH-001,APPROVED,SYSTEM,OFF-00001,2025-12-29T11:00:00
ALLOC-0001703,2026-02,FPS-0252,RICE,137,137,WH-002,APPROVED,SYSTEM,OFF-00001,2025-12-29T11:00:00
ALLOC-0001704,2026-02,FPS-0252,WHEAT,122,122,WH-002,APPROVED,SYSTEM,OFF-00001,2025-12-29T11:00:00
ALLOC-0001705,2026-02,FPS-0253,RICE,237,237,WH-003,APPROVED,SYSTEM,OFF-00001,2025-12-29T11:00:00
ALLOC-0001706,2026-02,FPS-0253,WHEAT,146,146,WH-003,APPROVED,SYSTEM,OFF-00001,2025-12-29T11:00:00
ALLOC-0001707,2026-02,FPS-0254,RICE,133,133,WH-004,APPROVED,SYSTEM,OFF-00001,2025-12-29T11:00:00
ALLOC-0001708,2026-02,FPS-0254,WHEAT,116,116,WH-004,APPROVED,SYSTEM,OFF-00001,2025-12-29T11:00:00
ALLOC-0001709,2026-02,FPS-0255,RICE,175,175,WH-005,APPROVED,SYSTEM,OFF-00001,2025-12-29T11:00:00
ALLOC-0001710,2026-02,FPS-0255,WHEAT,145,145,WH-005,APPROVED,SYSTEM,OFF-00001,2025-12-29T11:00:00
ALLOC-0001711,2026-02,FPS-0256,RICE,162,162,WH-006,APPROVED,SYSTEM,OFF-00001,2025-12-29T11:00:00
ALLOC-0001712,2026-02,FPS-0256,WHEAT,135,135,WH-006,APPROVED,SYSTEM,OFF-00001,2025-12-29T11:00:00
ALLOC-0001713,2026-02,FPS-0257,RICE,138,138,WH-007,APPROVED,SYSTEM,OFF-00001,2025-12-29T11:00:00
ALLOC-0001714,2026-02,FPS-0257,WHEAT,125,125,WH-007,APPROVED,SYSTEM,OFF-00001,2025-12-29T11:00:00
ALLOC-0001715,2026-02,FPS-0258,RICE,149,149,WH-008,APPROVED,SYSTEM,OFF-00001,2025-12-29T11:00:00
ALLOC-0001716,2026-02,FPS-0258,WHEAT,128,128,WH-008,APPROVED,SYSTEM,OFF-00001,2025-12-29T11:00:00
ALLOC-0001717,2026-02,FPS-0259,RICE,127,127,WH-009,APPROVED,SYSTEM,OFF-00001,2025-12-29T11:00:00
ALLOC-0001718,2026-02,FPS-0259,WHEAT,117,117,WH-009,APPROVED,SYSTEM,OFF-00001,2025-12-29T11:00:00
ALLOC-0001719,2026-02,FPS-0260,RICE,117,117,WH-010,APPROVED,SYSTEM,OFF-00001,2025-12-29T11:00:00
ALLOC-0001720,2026-02,FPS-0260,WHEAT,113,113,WH-010,APPROVED,SYSTEM,OFF-00001,2025-12-29T11:00:00
ALLOC-0001721,2026-02,FPS-0261,RICE,118,118,WH-011,APPROVED,SYSTEM,OFF-00001,2025-12-29T11:00:00
ALLOC-0001722,2026-02,FPS-0261,WHEAT,110,110,WH-011,APPROVED,SYSTEM,OFF-00001,2025-12-29T11:00:00
ALLOC-0001723,2026-02,FPS-0262,RICE,156,156,WH-012,APPROVED,SYSTEM,OFF-00001,2025-12-29T11:00:00
ALLOC-0001724,2026-02,FPS-0262,WHEAT,130,130,WH-012,APPROVED,SYSTEM,OFF-00001,2025-12-29T11:00:00
ALLOC-0001725,2026-02,FPS-0263,RICE,150,150,WH-013,APPROVED,SYSTEM,OFF-00001,2025-12-29T11:00:00
ALLOC-0001726,2026-02,FPS-0263,WHEAT,133,133,WH-013,APPROVED,SYSTEM,OFF-00001,2025-12-29T11:00:00
ALLOC-0001727,2026-02,FPS-0264,RICE,98,98,WH-014,APPROVED,SYSTEM,OFF-00001,2025-12-29T11:00:00
ALLOC-0001728,2026-02,FPS-0264,WHEAT,99,99,WH-014,APPROVED,SYSTEM,OFF-00001,2025-12-29T11:00:00
ALLOC-0001729,2026-02,FPS-0265,RICE,194,194,WH-015,APPROVED,SYSTEM,OFF-00001,2025-12-29T11:00:00
ALLOC-0001730,2026-02,FPS-0265,WHEAT,146,146,WH-015,APPROVED,SYSTEM,OFF-00001,2025-12-29T11:00:00
ALLOC-0001731,2026-02,FPS-0266,RICE,136,136,WH-016,APPROVED,SYSTEM,OFF-00001,2025-12-29T11:00:00
ALLOC-0001732,2026-02,FPS-0266,WHEAT,125,125,WH-016,APPROVED,SYSTEM,OFF-00001,2025-12-29T11:00:00
ALLOC-0001733,2026-02,FPS-0267,RICE,143,143,WH-017,APPROVED,SYSTEM,OFF-00001,2025-12-29T11:00:00
ALLOC-0001734,2026-02,FPS-0267,WHEAT,120,120,WH-017,APPROVED,SYSTEM,OFF-00001,2025-12-29T11:00:00
ALLOC-0001735,2026-02,FPS-0268,RICE,162,162,WH-018,APPROVED,SYSTEM,OFF-00001,2025-12-29T11:00:00
ALLOC-0001736,2026-02,FPS-0268,WHEAT,135,135,WH-018,APPROVED,SYSTEM,OFF-00001,2025-12-29T11:00:00
ALLOC-0001737,2026-02,FPS-0269,RICE,185,185,WH-019,APPROVED,SYSTEM,OFF-00001,2025-12-29T11:00:00
ALLOC-0001738,2026-02,FPS-0269,WHEAT,137,137,WH-019,APPROVED,SYSTEM,OFF-00001,2025-12-29T11:00:00
ALLOC-0001739,2026-02,FPS-0270,RICE,133,133,WH-020,APPROVED,SYSTEM,OFF-00001,2025-12-29T11:00:00
ALLOC-0001740,2026-02,FPS-0270,WHEAT,110,110,WH-020,APPROVED,SYSTEM,OFF-00001,2025-12-29T11:00:00
ALLOC-0001741,2026-02,FPS-0271,RICE,177,177,WH-021,APPROVED,SYSTEM,OFF-00001,2025-12-29T11:00:00
ALLOC-0001742,2026-02,FPS-0271,WHEAT,147,147,WH-021,APPROVED,SYSTEM,OFF-00001,2025-12-29T11:00:00
ALLOC-0001743,2026-02,FPS-0272,RICE,237,237,WH-022,APPROVED,SYSTEM,OFF-00001,2025-12-29T11:00:00
ALLOC-0001744,2026-02,FPS-0272,WHEAT,171,171,WH-022,APPROVED,SYSTEM,OFF-00001,2025-12-29T11:00:00
ALLOC-0001745,2026-02,FPS-0273,RICE,237,237,WH-023,APPROVED,SYSTEM,OFF-00001,2025-12-29T11:00:00
ALLOC-0001746,2026-02,FPS-0273,WHEAT,156,156,WH-023,APPROVED,SYSTEM,OFF-00001,2025-12-29T11:00:00
ALLOC-0001747,2026-02,FPS-0274,RICE,147,147,WH-024,APPROVED,SYSTEM,OFF-00001,2025-12-29T11:00:00
ALLOC-0001748,2026-02,FPS-0274,WHEAT,117,117,WH-024,APPROVED,SYSTEM,OFF-00001,2025-12-29T11:00:00
ALLOC-0001749,2026-02,FPS-0275,RICE,155,155,WH-025,APPROVED,SYSTEM,OFF-00001,2025-12-29T11:00:00
ALLOC-0001750,2026-02,FPS-0275,WHEAT,129,129,WH-025,APPROVED,SYSTEM,OFF-00001,2025-12-29T11:00:00
ALLOC-0001751,2026-02,FPS-0276,RICE,168,0,WH-001,BLOCKED,SYSTEM,OFF-00001,2025-12-29T11:00:00
ALLOC-0001752,2026-02,FPS-0276,WHEAT,137,137,WH-001,APPROVED,SYSTEM,OFF-00001,2025-12-29T11:00:00
ALLOC-0001753,2026-02,FPS-0277,RICE,159,159,WH-002,APPROVED,SYSTEM,OFF-00001,2025-12-29T11:00:00
ALLOC-0001754,2026-02,FPS-0277,WHEAT,148,148,WH-002,APPROVED,SYSTEM,OFF-00001,2025-12-29T11:00:00
ALLOC-0001755,2026-02,FPS-0278,RICE,146,146,WH-003,APPROVED,SYSTEM,OFF-00001,2025-12-29T11:00:00
ALLOC-0001756,2026-02,FPS-0278,WHEAT,134,134,WH-003,APPROVED,SYSTEM,OFF-00001,2025-12-29T11:00:00
ALLOC-0001757,2026-02,FPS-0279,RICE,253,253,WH-004,APPROVED,SYSTEM,OFF-00001,2025-12-29T11:00:00
ALLOC-0001758,2026-02,FPS-0279,WHEAT,200,200,WH-004,APPROVED,SYSTEM,OFF-00001,2025-12-29T11:00:00
ALLOC-0001759,2026-02,FPS-0280,RICE,154,154,WH-005,APPROVED,SYSTEM,OFF-00001,2025-12-29T11:00:00
ALLOC-0001760,2026-02,FPS-0280,WHEAT,131,131,WH-005,APPROVED,SYSTEM,OFF-00001,2025-12-29T11:00:00
ALLOC-0001761,2026-02,FPS-0281,RICE,167,167,WH-006,APPROVED,SYSTEM,OFF-00001,2025-12-29T11:00:00
ALLOC-0001762,2026-02,FPS-0281,WHEAT,127,127,WH-006,APPROVED,SYSTEM,OFF-00001,2025-12-29T11:00:00
ALLOC-0001763,2026-02,FPS-0282,RICE,194,194,WH-007,APPROVED,SYSTEM,OFF-00001,2025-12-29T11:00:00
ALLOC-0001764,2026-02,FPS-0282,WHEAT,139,139,WH-007,APPROVED,SYSTEM,OFF-00001,2025-12-29T11:00:00
ALLOC-0001765,2026-02,FPS-0283,RICE,165,165,WH-008,APPROVED,SYSTEM,OFF-00001,2025-12-29T11:00:00
ALLOC-0001766,2026-02,FPS-0283,WHEAT,132,132,WH-008,APPROVED,SYSTEM,OFF-00001,2025-12-29T11:00:00
ALLOC-0001767,2026-02,FPS-0284,RICE,142,142,WH-009,APPROVED,SYSTEM,OFF-00001,2025-12-29T11:00:00
ALLOC-0001768,2026-02,FPS-0284,WHEAT,134,134,WH-009,APPROVED,SYSTEM,OFF-00001,2025-12-29T11:00:00
ALLOC-0001769,2026-02,FPS-0285,RICE,183,183,WH-010,APPROVED,SYSTEM,OFF-00001,2025-12-29T11:00:00
ALLOC-0001770,2026-02,FPS-0285,WHEAT,162,162,WH-010,APPROVED,SYSTEM,OFF-00001,2025-12-29T11:00:00
ALLOC-0001771,2026-02,FPS-0286,RICE,155,155,WH-011,APPROVED,SYSTEM,OFF-00001,2025-12-29T11:00:00
ALLOC-0001772,2026-02,FPS-0286,WHEAT,131,131,WH-011,APPROVED,SYSTEM,OFF-00001,2025-12-29T11:00:00
ALLOC-0001773,2026-02,FPS-0287,RICE,265,265,WH-012,APPROVED,SYSTEM,OFF-00001,2025-12-29T11:00:00
ALLOC-0001774,2026-02,FPS-0287,WHEAT,191,191,WH-012,APPROVED,SYSTEM,OFF-00001,2025-12-29T11:00:00
ALLOC-0001775,2026-02,FPS-0288,RICE,138,138,WH-013,APPROVED,SYSTEM,OFF-00001,2025-12-29T11:00:00
ALLOC-0001776,2026-02,FPS-0288,WHEAT,126,126,WH-013,APPROVED,SYSTEM,OFF-00001,2025-12-29T11:00:00
ALLOC-0001777,2026-02,FPS-0289,RICE,128,128,WH-014,APPROVED,SYSTEM,OFF-00001,2025-12-29T11:00:00
ALLOC-0001778,2026-02,FPS-0289,WHEAT,121,121,WH-014,APPROVED,SYSTEM,OFF-00001,2025-12-29T11:00:00
ALLOC-0001779,2026-02,FPS-0290,RICE,178,178,WH-015,APPROVED,SYSTEM,OFF-00001,2025-12-29T11:00:00
ALLOC-0001780,2026-02,FPS-0290,WHEAT,141,141,WH-015,APPROVED,SYSTEM,OFF-00001,2025-12-29T11:00:00
ALLOC-0001781,2026-02,FPS-0291,RICE,151,151,WH-016,APPROVED,SYSTEM,OFF-00001,2025-12-29T11:00:00
ALLOC-0001782,2026-02,FPS-0291,WHEAT,122,122,WH-016,APPROVED,SYSTEM,OFF-00001,2025-12-29T11:00:00
ALLOC-0001783,2026-02,FPS-0292,RICE,250,250,WH-017,APPROVED,SYSTEM,OFF-00001,2025-12-29T11:00:00
ALLOC-0001784,2026-02,FPS-0292,WHEAT,160,160,WH-017,APPROVED,SYSTEM,OFF-00001,2025-12-29T11:00:00
ALLOC-0001785,2026-02,FPS-0293,RICE,166,166,WH-018,APPROVED,SYSTEM,OFF-00001,2025-12-29T11:00:00
ALLOC-0001786,2026-02,FPS-0293,WHEAT,134,134,WH-018,APPROVED,SYSTEM,OFF-00001,2025-12-29T11:00:00
ALLOC-0001787,2026-02,FPS-0294,RICE,182,182,WH-019,APPROVED,SYSTEM,OFF-00001,2025-12-29T11:00:00
ALLOC-0001788,2026-02,FPS-0294,WHEAT,145,145,WH-019,APPROVED,SYSTEM,OFF-00001,2025-12-29T11:00:00
ALLOC-0001789,2026-02,FPS-0295,RICE,137,137,WH-020,APPROVED,SYSTEM,OFF-00001,2025-12-29T11:00:00
ALLOC-0001790,2026-02,FPS-0295,WHEAT,119,119,WH-020,APPROVED,SYSTEM,OFF-00001,2025-12-29T11:00:00
ALLOC-0001791,2026-02,FPS-0296,RICE,145,145,WH-021,APPROVED,SYSTEM,OFF-00001,2025-12-29T11:00:00
ALLOC-0001792,2026-02,FPS-0296,WHEAT,122,122,WH-021,APPROVED,SYSTEM,OFF-00001,2025-12-29T11:00:00
ALLOC-0001793,2026-02,FPS-0297,RICE,136,136,WH-022,APPROVED,SYSTEM,OFF-00001,2025-12-29T11:00:00
ALLOC-0001794,2026-02,FPS-0297,WHEAT,128,128,WH-022,APPROVED,SYSTEM,OFF-00001,2025-12-29T11:00:00
ALLOC-0001795,2026-02,FPS-0298,RICE,159,159,WH-023,APPROVED,SYSTEM,OFF-00001,2025-12-29T11:00:00
ALLOC-0001796,2026-02,FPS-0298,WHEAT,126,126,WH-023,APPROVED,SYSTEM,OFF-00001,2025-12-29T11:00:00
ALLOC-0001797,2026-02,FPS-0299,RICE,138,138,WH-024,APPROVED,SYSTEM,OFF-00001,2025-12-29T11:00:00
ALLOC-0001798,2026-02,FPS-0299,WHEAT,119,119,WH-024,APPROVED,SYSTEM,OFF-00001,2025-12-29T11:00:00
ALLOC-0001799,2026-02,FPS-0300,RICE,182,182,WH-025,APPROVED,SYSTEM,OFF-00001,2025-12-29T11:00:00
ALLOC-0001800,2026-02,FPS-0300,WHEAT,142,142,WH-025,APPROVED,SYSTEM,OFF-00001,2025-12-29T11:00:00
ALLOC-0001801,2026-02,FPS-0301,RICE,175,0,WH-001,BLOCKED,SYSTEM,OFF-00001,2025-12-29T11:00:00
ALLOC-0001802,2026-02,FPS-0301,WHEAT,131,131,WH-001,APPROVED,SYSTEM,OFF-00001,2025-12-29T11:00:00
ALLOC-0001803,2026-02,FPS-0302,RICE,156,156,WH-002,APPROVED,SYSTEM,OFF-00001,2025-12-29T11:00:00
ALLOC-0001804,2026-02,FPS-0302,WHEAT,128,128,WH-002,APPROVED,SYSTEM,OFF-00001,2025-12-29T11:00:00
ALLOC-0001805,2026-02,FPS-0303,RICE,132,132,WH-003,APPROVED,SYSTEM,OFF-00001,2025-12-29T11:00:00
ALLOC-0001806,2026-02,FPS-0303,WHEAT,115,115,WH-003,APPROVED,SYSTEM,OFF-00001,2025-12-29T11:00:00
ALLOC-0001807,2026-02,FPS-0304,RICE,174,174,WH-004,APPROVED,SYSTEM,OFF-00001,2025-12-29T11:00:00
ALLOC-0001808,2026-02,FPS-0304,WHEAT,139,139,WH-004,APPROVED,SYSTEM,OFF-00001,2025-12-29T11:00:00
ALLOC-0001809,2026-02,FPS-0305,RICE,143,143,WH-005,APPROVED,SYSTEM,OFF-00001,2025-12-29T11:00:00
ALLOC-0001810,2026-02,FPS-0305,WHEAT,138,138,WH-005,APPROVED,SYSTEM,OFF-00001,2025-12-29T11:00:00
ALLOC-0001811,2026-02,FPS-0306,RICE,143,143,WH-006,APPROVED,SYSTEM,OFF-00001,2025-12-29T11:00:00
ALLOC-0001812,2026-02,FPS-0306,WHEAT,118,118,WH-006,APPROVED,SYSTEM,OFF-00001,2025-12-29T11:00:00
ALLOC-0001813,2026-02,FPS-0307,RICE,177,177,WH-007,APPROVED,SYSTEM,OFF-00001,2025-12-29T11:00:00
ALLOC-0001814,2026-02,FPS-0307,WHEAT,140,140,WH-007,APPROVED,SYSTEM,OFF-00001,2025-12-29T11:00:00
ALLOC-0001815,2026-02,FPS-0308,RICE,170,170,WH-008,APPROVED,SYSTEM,OFF-00001,2025-12-29T11:00:00
ALLOC-0001816,2026-02,FPS-0308,WHEAT,145,145,WH-008,APPROVED,SYSTEM,OFF-00001,2025-12-29T11:00:00
ALLOC-0001817,2026-02,FPS-0309,RICE,188,188,WH-009,APPROVED,SYSTEM,OFF-00001,2025-12-29T11:00:00
ALLOC-0001818,2026-02,FPS-0309,WHEAT,156,156,WH-009,APPROVED,SYSTEM,OFF-00001,2025-12-29T11:00:00
ALLOC-0001819,2026-02,FPS-0310,RICE,147,147,WH-010,APPROVED,SYSTEM,OFF-00001,2025-12-29T11:00:00
ALLOC-0001820,2026-02,FPS-0310,WHEAT,140,140,WH-010,APPROVED,SYSTEM,OFF-00001,2025-12-29T11:00:00
ALLOC-0001821,2026-02,FPS-0311,RICE,219,219,WH-011,APPROVED,SYSTEM,OFF-00001,2025-12-29T11:00:00
ALLOC-0001822,2026-02,FPS-0311,WHEAT,173,173,WH-011,APPROVED,SYSTEM,OFF-00001,2025-12-29T11:00:00
ALLOC-0001823,2026-02,FPS-0312,RICE,207,207,WH-012,APPROVED,SYSTEM,OFF-00001,2025-12-29T11:00:00
ALLOC-0001824,2026-02,FPS-0312,WHEAT,150,150,WH-012,APPROVED,SYSTEM,OFF-00001,2025-12-29T11:00:00
ALLOC-0001825,2026-02,FPS-0313,RICE,172,172,WH-013,APPROVED,SYSTEM,OFF-00001,2025-12-29T11:00:00
ALLOC-0001826,2026-02,FPS-0313,WHEAT,142,142,WH-013,APPROVED,SYSTEM,OFF-00001,2025-12-29T11:00:00
ALLOC-0001827,2026-02,FPS-0314,RICE,173,173,WH-014,APPROVED,SYSTEM,OFF-00001,2025-12-29T11:00:00
ALLOC-0001828,2026-02,FPS-0314,WHEAT,142,142,WH-014,APPROVED,SYSTEM,OFF-00001,2025-12-29T11:00:00
ALLOC-0001829,2026-02,FPS-0315,RICE,167,167,WH-015,APPROVED,SYSTEM,OFF-00001,2025-12-29T11:00:00
ALLOC-0001830,2026-02,FPS-0315,WHEAT,137,137,WH-015,APPROVED,SYSTEM,OFF-00001,2025-12-29T11:00:00
ALLOC-0001831,2026-02,FPS-0316,RICE,126,126,WH-016,APPROVED,SYSTEM,OFF-00001,2025-12-29T11:00:00
ALLOC-0001832,2026-02,FPS-0316,WHEAT,122,122,WH-016,APPROVED,SYSTEM,OFF-00001,2025-12-29T11:00:00
ALLOC-0001833,2026-02,FPS-0317,RICE,141,141,WH-017,APPROVED,SYSTEM,OFF-00001,2025-12-29T11:00:00
ALLOC-0001834,2026-02,FPS-0317,WHEAT,121,121,WH-017,APPROVED,SYSTEM,OFF-00001,2025-12-29T11:00:00
ALLOC-0001835,2026-02,FPS-0318,RICE,158,158,WH-018,APPROVED,SYSTEM,OFF-00001,2025-12-29T11:00:00
ALLOC-0001836,2026-02,FPS-0318,WHEAT,140,140,WH-018,APPROVED,SYSTEM,OFF-00001,2025-12-29T11:00:00
ALLOC-0001837,2026-02,FPS-0319,RICE,124,124,WH-019,APPROVED,SYSTEM,OFF-00001,2025-12-29T11:00:00
ALLOC-0001838,2026-02,FPS-0319,WHEAT,118,118,WH-019,APPROVED,SYSTEM,OFF-00001,2025-12-29T11:00:00
ALLOC-0001839,2026-02,FPS-0320,RICE,99,99,WH-020,APPROVED,SYSTEM,OFF-00001,2025-12-29T11:00:00
ALLOC-0001840,2026-02,FPS-0320,WHEAT,102,102,WH-020,APPROVED,SYSTEM,OFF-00001,2025-12-29T11:00:00
ALLOC-0001841,2026-02,FPS-0321,RICE,186,186,WH-021,APPROVED,SYSTEM,OFF-00001,2025-12-29T11:00:00
ALLOC-0001842,2026-02,FPS-0321,WHEAT,140,140,WH-021,APPROVED,SYSTEM,OFF-00001,2025-12-29T11:00:00
ALLOC-0001843,2026-02,FPS-0322,RICE,181,181,WH-022,APPROVED,SYSTEM,OFF-00001,2025-12-29T11:00:00
ALLOC-0001844,2026-02,FPS-0322,WHEAT,143,143,WH-022,APPROVED,SYSTEM,OFF-00001,2025-12-29T11:00:00
ALLOC-0001845,2026-02,FPS-0323,RICE,160,160,WH-023,APPROVED,SYSTEM,OFF-00001,2025-12-29T11:00:00
ALLOC-0001846,2026-02,FPS-0323,WHEAT,149,149,WH-023,APPROVED,SYSTEM,OFF-00001,2025-12-29T11:00:00
ALLOC-0001847,2026-02,FPS-0324,RICE,146,146,WH-024,APPROVED,SYSTEM,OFF-00001,2025-12-29T11:00:00
ALLOC-0001848,2026-02,FPS-0324,WHEAT,131,131,WH-024,APPROVED,SYSTEM,OFF-00001,2025-12-29T11:00:00
ALLOC-0001849,2026-02,FPS-0325,RICE,150,150,WH-025,APPROVED,SYSTEM,OFF-00001,2025-12-29T11:00:00
ALLOC-0001850,2026-02,FPS-0325,WHEAT,127,127,WH-025,APPROVED,SYSTEM,OFF-00001,2025-12-29T11:00:00
ALLOC-0001851,2026-02,FPS-0326,RICE,177,0,WH-001,BLOCKED,SYSTEM,OFF-00001,2025-12-29T11:00:00
ALLOC-0001852,2026-02,FPS-0326,WHEAT,146,146,WH-001,APPROVED,SYSTEM,OFF-00001,2025-12-29T11:00:00
ALLOC-0001853,2026-02,FPS-0327,RICE,205,205,WH-002,APPROVED,SYSTEM,OFF-00001,2025-12-29T11:00:00
ALLOC-0001854,2026-02,FPS-0327,WHEAT,146,146,WH-002,APPROVED,SYSTEM,OFF-00001,2025-12-29T11:00:00
ALLOC-0001855,2026-02,FPS-0328,RICE,157,157,WH-003,APPROVED,SYSTEM,OFF-00001,2025-12-29T11:00:00
ALLOC-0001856,2026-02,FPS-0328,WHEAT,141,141,WH-003,APPROVED,SYSTEM,OFF-00001,2025-12-29T11:00:00
ALLOC-0001857,2026-02,FPS-0329,RICE,137,137,WH-004,APPROVED,SYSTEM,OFF-00001,2025-12-29T11:00:00
ALLOC-0001858,2026-02,FPS-0329,WHEAT,129,129,WH-004,APPROVED,SYSTEM,OFF-00001,2025-12-29T11:00:00
ALLOC-0001859,2026-02,FPS-0330,RICE,142,142,WH-005,APPROVED,SYSTEM,OFF-00001,2025-12-29T11:00:00
ALLOC-0001860,2026-02,FPS-0330,WHEAT,125,125,WH-005,APPROVED,SYSTEM,OFF-00001,2025-12-29T11:00:00
ALLOC-0001861,2026-02,FPS-0331,RICE,162,162,WH-006,APPROVED,SYSTEM,OFF-00001,2025-12-29T11:00:00
ALLOC-0001862,2026-02,FPS-0331,WHEAT,136,136,WH-006,APPROVED,SYSTEM,OFF-00001,2025-12-29T11:00:00
ALLOC-0001863,2026-02,FPS-0332,RICE,198,198,WH-007,APPROVED,SYSTEM,OFF-00001,2025-12-29T11:00:00
ALLOC-0001864,2026-02,FPS-0332,WHEAT,153,153,WH-007,APPROVED,SYSTEM,OFF-00001,2025-12-29T11:00:00
ALLOC-0001865,2026-02,FPS-0333,RICE,305,305,WH-008,APPROVED,SYSTEM,OFF-00001,2025-12-29T11:00:00
ALLOC-0001866,2026-02,FPS-0333,WHEAT,211,211,WH-008,APPROVED,SYSTEM,OFF-00001,2025-12-29T11:00:00
ALLOC-0001867,2026-02,FPS-0334,RICE,177,177,WH-009,APPROVED,SYSTEM,OFF-00001,2025-12-29T11:00:00
ALLOC-0001868,2026-02,FPS-0334,WHEAT,146,146,WH-009,APPROVED,SYSTEM,OFF-00001,2025-12-29T11:00:00
ALLOC-0001869,2026-02,FPS-0335,RICE,205,205,WH-010,APPROVED,SYSTEM,OFF-00001,2025-12-29T11:00:00
ALLOC-0001870,2026-02,FPS-0335,WHEAT,161,161,WH-010,APPROVED,SYSTEM,OFF-00001,2025-12-29T11:00:00
ALLOC-0001871,2026-02,FPS-0336,RICE,183,183,WH-011,APPROVED,SYSTEM,OFF-00001,2025-12-29T11:00:00
ALLOC-0001872,2026-02,FPS-0336,WHEAT,136,136,WH-011,APPROVED,SYSTEM,OFF-00001,2025-12-29T11:00:00
ALLOC-0001873,2026-02,FPS-0337,RICE,133,133,WH-012,APPROVED,SYSTEM,OFF-00001,2025-12-29T11:00:00
ALLOC-0001874,2026-02,FPS-0337,WHEAT,115,115,WH-012,APPROVED,SYSTEM,OFF-00001,2025-12-29T11:00:00
ALLOC-0001875,2026-02,FPS-0338,RICE,181,181,WH-013,APPROVED,SYSTEM,OFF-00001,2025-12-29T11:00:00
ALLOC-0001876,2026-02,FPS-0338,WHEAT,141,141,WH-013,APPROVED,SYSTEM,OFF-00001,2025-12-29T11:00:00
ALLOC-0001877,2026-02,FPS-0339,RICE,137,137,WH-014,APPROVED,SYSTEM,OFF-00001,2025-12-29T11:00:00
ALLOC-0001878,2026-02,FPS-0339,WHEAT,123,123,WH-014,APPROVED,SYSTEM,OFF-00001,2025-12-29T11:00:00
ALLOC-0001879,2026-02,FPS-0340,RICE,135,135,WH-015,APPROVED,SYSTEM,OFF-00001,2025-12-29T11:00:00
ALLOC-0001880,2026-02,FPS-0340,WHEAT,127,127,WH-015,APPROVED,SYSTEM,OFF-00001,2025-12-29T11:00:00
ALLOC-0001881,2026-02,FPS-0341,RICE,159,159,WH-016,APPROVED,SYSTEM,OFF-00001,2025-12-29T11:00:00
ALLOC-0001882,2026-02,FPS-0341,WHEAT,143,143,WH-016,APPROVED,SYSTEM,OFF-00001,2025-12-29T11:00:00
ALLOC-0001883,2026-02,FPS-0342,RICE,135,135,WH-017,APPROVED,SYSTEM,OFF-00001,2025-12-29T11:00:00
ALLOC-0001884,2026-02,FPS-0342,WHEAT,121,121,WH-017,APPROVED,SYSTEM,OFF-00001,2025-12-29T11:00:00
ALLOC-0001885,2026-02,FPS-0343,RICE,143,143,WH-018,APPROVED,SYSTEM,OFF-00001,2025-12-29T11:00:00
ALLOC-0001886,2026-02,FPS-0343,WHEAT,133,133,WH-018,APPROVED,SYSTEM,OFF-00001,2025-12-29T11:00:00
ALLOC-0001887,2026-02,FPS-0344,RICE,187,187,WH-019,APPROVED,SYSTEM,OFF-00001,2025-12-29T11:00:00
ALLOC-0001888,2026-02,FPS-0344,WHEAT,144,144,WH-019,APPROVED,SYSTEM,OFF-00001,2025-12-29T11:00:00
ALLOC-0001889,2026-02,FPS-0345,RICE,181,181,WH-020,APPROVED,SYSTEM,OFF-00001,2025-12-29T11:00:00
ALLOC-0001890,2026-02,FPS-0345,WHEAT,146,146,WH-020,APPROVED,SYSTEM,OFF-00001,2025-12-29T11:00:00
ALLOC-0001891,2026-02,FPS-0346,RICE,151,151,WH-021,APPROVED,SYSTEM,OFF-00001,2025-12-29T11:00:00
ALLOC-0001892,2026-02,FPS-0346,WHEAT,125,125,WH-021,APPROVED,SYSTEM,OFF-00001,2025-12-29T11:00:00
ALLOC-0001893,2026-02,FPS-0347,RICE,208,208,WH-022,APPROVED,SYSTEM,OFF-00001,2025-12-29T11:00:00
ALLOC-0001894,2026-02,FPS-0347,WHEAT,162,162,WH-022,APPROVED,SYSTEM,OFF-00001,2025-12-29T11:00:00
ALLOC-0001895,2026-02,FPS-0348,RICE,189,189,WH-023,APPROVED,SYSTEM,OFF-00001,2025-12-29T11:00:00
ALLOC-0001896,2026-02,FPS-0348,WHEAT,140,140,WH-023,APPROVED,SYSTEM,OFF-00001,2025-12-29T11:00:00
ALLOC-0001897,2026-02,FPS-0349,RICE,184,184,WH-024,APPROVED,SYSTEM,OFF-00001,2025-12-29T11:00:00
ALLOC-0001898,2026-02,FPS-0349,WHEAT,139,139,WH-024,APPROVED,SYSTEM,OFF-00001,2025-12-29T11:00:00
ALLOC-0001899,2026-02,FPS-0350,RICE,173,173,WH-025,APPROVED,SYSTEM,OFF-00001,2025-12-29T11:00:00
ALLOC-0001900,2026-02,FPS-0350,WHEAT,136,136,WH-025,APPROVED,SYSTEM,OFF-00001,2025-12-29T11:00:00
ALLOC-0001901,2026-02,FPS-0351,RICE,138,0,WH-001,BLOCKED,SYSTEM,OFF-00001,2025-12-29T11:00:00
ALLOC-0001902,2026-02,FPS-0351,WHEAT,115,115,WH-001,APPROVED,SYSTEM,OFF-00001,2025-12-29T11:00:00
ALLOC-0001903,2026-02,FPS-0352,RICE,178,178,WH-002,APPROVED,SYSTEM,OFF-00001,2025-12-29T11:00:00
ALLOC-0001904,2026-02,FPS-0352,WHEAT,141,141,WH-002,APPROVED,SYSTEM,OFF-00001,2025-12-29T11:00:00
ALLOC-0001905,2026-02,FPS-0353,RICE,155,155,WH-003,APPROVED,SYSTEM,OFF-00001,2025-12-29T11:00:00
ALLOC-0001906,2026-02,FPS-0353,WHEAT,133,133,WH-003,APPROVED,SYSTEM,OFF-00001,2025-12-29T11:00:00
ALLOC-0001907,2026-02,FPS-0354,RICE,157,157,WH-004,APPROVED,SYSTEM,OFF-00001,2025-12-29T11:00:00
ALLOC-0001908,2026-02,FPS-0354,WHEAT,128,128,WH-004,APPROVED,SYSTEM,OFF-00001,2025-12-29T11:00:00
ALLOC-0001909,2026-02,FPS-0355,RICE,158,158,WH-005,APPROVED,SYSTEM,OFF-00001,2025-12-29T11:00:00
ALLOC-0001910,2026-02,FPS-0355,WHEAT,142,142,WH-005,APPROVED,SYSTEM,OFF-00001,2025-12-29T11:00:00
ALLOC-0001911,2026-02,FPS-0356,RICE,167,167,WH-006,APPROVED,SYSTEM,OFF-00001,2025-12-29T11:00:00
ALLOC-0001912,2026-02,FPS-0356,WHEAT,135,135,WH-006,APPROVED,SYSTEM,OFF-00001,2025-12-29T11:00:00
ALLOC-0001913,2026-02,FPS-0357,RICE,215,215,WH-007,APPROVED,SYSTEM,OFF-00001,2025-12-29T11:00:00
ALLOC-0001914,2026-02,FPS-0357,WHEAT,157,157,WH-007,APPROVED,SYSTEM,OFF-00001,2025-12-29T11:00:00
ALLOC-0001915,2026-02,FPS-0358,RICE,196,196,WH-008,APPROVED,SYSTEM,OFF-00001,2025-12-29T11:00:00
ALLOC-0001916,2026-02,FPS-0358,WHEAT,160,160,WH-008,APPROVED,SYSTEM,OFF-00001,2025-12-29T11:00:00
ALLOC-0001917,2026-02,FPS-0359,RICE,262,262,WH-009,APPROVED,SYSTEM,OFF-00001,2025-12-29T11:00:00
ALLOC-0001918,2026-02,FPS-0359,WHEAT,189,189,WH-009,APPROVED,SYSTEM,OFF-00001,2025-12-29T11:00:00
ALLOC-0001919,2026-02,FPS-0360,RICE,132,132,WH-010,APPROVED,SYSTEM,OFF-00001,2025-12-29T11:00:00
ALLOC-0001920,2026-02,FPS-0360,WHEAT,115,115,WH-010,APPROVED,SYSTEM,OFF-00001,2025-12-29T11:00:00
ALLOC-0001921,2026-02,FPS-0361,RICE,152,152,WH-011,APPROVED,SYSTEM,OFF-00001,2025-12-29T11:00:00
ALLOC-0001922,2026-02,FPS-0361,WHEAT,134,134,WH-011,APPROVED,SYSTEM,OFF-00001,2025-12-29T11:00:00
ALLOC-0001923,2026-02,FPS-0362,RICE,153,153,WH-012,APPROVED,SYSTEM,OFF-00001,2025-12-29T11:00:00
ALLOC-0001924,2026-02,FPS-0362,WHEAT,139,139,WH-012,APPROVED,SYSTEM,OFF-00001,2025-12-29T11:00:00
ALLOC-0001925,2026-02,FPS-0363,RICE,173,173,WH-013,APPROVED,SYSTEM,OFF-00001,2025-12-29T11:00:00
ALLOC-0001926,2026-02,FPS-0363,WHEAT,137,137,WH-013,APPROVED,SYSTEM,OFF-00001,2025-12-29T11:00:00
ALLOC-0001927,2026-02,FPS-0364,RICE,175,175,WH-014,APPROVED,SYSTEM,OFF-00001,2025-12-29T11:00:00
ALLOC-0001928,2026-02,FPS-0364,WHEAT,157,157,WH-014,APPROVED,SYSTEM,OFF-00001,2025-12-29T11:00:00
ALLOC-0001929,2026-02,FPS-0365,RICE,139,139,WH-015,APPROVED,SYSTEM,OFF-00001,2025-12-29T11:00:00
ALLOC-0001930,2026-02,FPS-0365,WHEAT,130,130,WH-015,APPROVED,SYSTEM,OFF-00001,2025-12-29T11:00:00
ALLOC-0001931,2026-02,FPS-0366,RICE,180,180,WH-016,APPROVED,SYSTEM,OFF-00001,2025-12-29T11:00:00
ALLOC-0001932,2026-02,FPS-0366,WHEAT,151,151,WH-016,APPROVED,SYSTEM,OFF-00001,2025-12-29T11:00:00
ALLOC-0001933,2026-02,FPS-0367,RICE,132,132,WH-017,APPROVED,SYSTEM,OFF-00001,2025-12-29T11:00:00
ALLOC-0001934,2026-02,FPS-0367,WHEAT,131,131,WH-017,APPROVED,SYSTEM,OFF-00001,2025-12-29T11:00:00
ALLOC-0001935,2026-02,FPS-0368,RICE,179,179,WH-018,APPROVED,SYSTEM,OFF-00001,2025-12-29T11:00:00
ALLOC-0001936,2026-02,FPS-0368,WHEAT,141,141,WH-018,APPROVED,SYSTEM,OFF-00001,2025-12-29T11:00:00
ALLOC-0001937,2026-02,FPS-0369,RICE,166,166,WH-019,APPROVED,SYSTEM,OFF-00001,2025-12-29T11:00:00
ALLOC-0001938,2026-02,FPS-0369,WHEAT,146,146,WH-019,APPROVED,SYSTEM,OFF-00001,2025-12-29T11:00:00
ALLOC-0001939,2026-02,FPS-0370,RICE,187,187,WH-020,APPROVED,SYSTEM,OFF-00001,2025-12-29T11:00:00
ALLOC-0001940,2026-02,FPS-0370,WHEAT,139,139,WH-020,APPROVED,SYSTEM,OFF-00001,2025-12-29T11:00:00
ALLOC-0001941,2026-02,FPS-0371,RICE,145,145,WH-021,APPROVED,SYSTEM,OFF-00001,2025-12-29T11:00:00
ALLOC-0001942,2026-02,FPS-0371,WHEAT,124,124,WH-021,APPROVED,SYSTEM,OFF-00001,2025-12-29T11:00:00
ALLOC-0001943,2026-02,FPS-0372,RICE,112,112,WH-022,APPROVED,SYSTEM,OFF-00001,2025-12-29T11:00:00
ALLOC-0001944,2026-02,FPS-0372,WHEAT,111,111,WH-022,APPROVED,SYSTEM,OFF-00001,2025-12-29T11:00:00
ALLOC-0001945,2026-02,FPS-0373,RICE,160,160,WH-023,APPROVED,SYSTEM,OFF-00001,2025-12-29T11:00:00
ALLOC-0001946,2026-02,FPS-0373,WHEAT,140,140,WH-023,APPROVED,SYSTEM,OFF-00001,2025-12-29T11:00:00
ALLOC-0001947,2026-02,FPS-0374,RICE,143,143,WH-024,APPROVED,SYSTEM,OFF-00001,2025-12-29T11:00:00
ALLOC-0001948,2026-02,FPS-0374,WHEAT,117,117,WH-024,APPROVED,SYSTEM,OFF-00001,2025-12-29T11:00:00
ALLOC-0001949,2026-02,FPS-0375,RICE,176,176,WH-025,APPROVED,SYSTEM,OFF-00001,2025-12-29T11:00:00
ALLOC-0001950,2026-02,FPS-0375,WHEAT,142,142,WH-025,APPROVED,SYSTEM,OFF-00001,2025-12-29T11:00:00
ALLOC-0001951,2026-02,FPS-0376,RICE,155,0,WH-001,BLOCKED,SYSTEM,OFF-00001,2025-12-29T11:00:00
ALLOC-0001952,2026-02,FPS-0376,WHEAT,128,128,WH-001,APPROVED,SYSTEM,OFF-00001,2025-12-29T11:00:00
ALLOC-0001953,2026-02,FPS-0377,RICE,172,172,WH-002,APPROVED,SYSTEM,OFF-00001,2025-12-29T11:00:00
ALLOC-0001954,2026-02,FPS-0377,WHEAT,138,138,WH-002,APPROVED,SYSTEM,OFF-00001,2025-12-29T11:00:00
ALLOC-0001955,2026-02,FPS-0378,RICE,206,206,WH-003,APPROVED,SYSTEM,OFF-00001,2025-12-29T11:00:00
ALLOC-0001956,2026-02,FPS-0378,WHEAT,155,155,WH-003,APPROVED,SYSTEM,OFF-00001,2025-12-29T11:00:00
ALLOC-0001957,2026-02,FPS-0379,RICE,132,132,WH-004,APPROVED,SYSTEM,OFF-00001,2025-12-29T11:00:00
ALLOC-0001958,2026-02,FPS-0379,WHEAT,118,118,WH-004,APPROVED,SYSTEM,OFF-00001,2025-12-29T11:00:00
ALLOC-0001959,2026-02,FPS-0380,RICE,192,192,WH-005,APPROVED,SYSTEM,OFF-00001,2025-12-29T11:00:00
ALLOC-0001960,2026-02,FPS-0380,WHEAT,131,131,WH-005,APPROVED,SYSTEM,OFF-00001,2025-12-29T11:00:00
ALLOC-0001961,2026-02,FPS-0381,RICE,167,167,WH-006,APPROVED,SYSTEM,OFF-00001,2025-12-29T11:00:00
ALLOC-0001962,2026-02,FPS-0381,WHEAT,150,150,WH-006,APPROVED,SYSTEM,OFF-00001,2025-12-29T11:00:00
ALLOC-0001963,2026-02,FPS-0382,RICE,133,133,WH-007,APPROVED,SYSTEM,OFF-00001,2025-12-29T11:00:00
ALLOC-0001964,2026-02,FPS-0382,WHEAT,119,119,WH-007,APPROVED,SYSTEM,OFF-00001,2025-12-29T11:00:00
ALLOC-0001965,2026-02,FPS-0383,RICE,131,131,WH-008,APPROVED,SYSTEM,OFF-00001,2025-12-29T11:00:00
ALLOC-0001966,2026-02,FPS-0383,WHEAT,114,114,WH-008,APPROVED,SYSTEM,OFF-00001,2025-12-29T11:00:00
ALLOC-0001967,2026-02,FPS-0384,RICE,241,241,WH-009,APPROVED,SYSTEM,OFF-00001,2025-12-29T11:00:00
ALLOC-0001968,2026-02,FPS-0384,WHEAT,175,175,WH-009,APPROVED,SYSTEM,OFF-00001,2025-12-29T11:00:00
ALLOC-0001969,2026-02,FPS-0385,RICE,220,220,WH-010,APPROVED,SYSTEM,OFF-00001,2025-12-29T11:00:00
ALLOC-0001970,2026-02,FPS-0385,WHEAT,159,159,WH-010,APPROVED,SYSTEM,OFF-00001,2025-12-29T11:00:00
ALLOC-0001971,2026-02,FPS-0386,RICE,164,164,WH-011,APPROVED,SYSTEM,OFF-00001,2025-12-29T11:00:00
ALLOC-0001972,2026-02,FPS-0386,WHEAT,144,144,WH-011,APPROVED,SYSTEM,OFF-00001,2025-12-29T11:00:00
ALLOC-0001973,2026-02,FPS-0387,RICE,271,271,WH-012,APPROVED,SYSTEM,OFF-00001,2025-12-29T11:00:00
ALLOC-0001974,2026-02,FPS-0387,WHEAT,199,199,WH-012,APPROVED,SYSTEM,OFF-00001,2025-12-29T11:00:00
ALLOC-0001975,2026-02,FPS-0388,RICE,138,138,WH-013,APPROVED,SYSTEM,OFF-00001,2025-12-29T11:00:00
ALLOC-0001976,2026-02,FPS-0388,WHEAT,139,139,WH-013,APPROVED,SYSTEM,OFF-00001,2025-12-29T11:00:00
ALLOC-0001977,2026-02,FPS-0389,RICE,148,148,WH-014,APPROVED,SYSTEM,OFF-00001,2025-12-29T11:00:00
ALLOC-0001978,2026-02,FPS-0389,WHEAT,124,124,WH-014,APPROVED,SYSTEM,OFF-00001,2025-12-29T11:00:00
ALLOC-0001979,2026-02,FPS-0390,RICE,189,189,WH-015,APPROVED,SYSTEM,OFF-00001,2025-12-29T11:00:00
ALLOC-0001980,2026-02,FPS-0390,WHEAT,146,146,WH-015,APPROVED,SYSTEM,OFF-00001,2025-12-29T11:00:00
ALLOC-0001981,2026-02,FPS-0391,RICE,168,168,WH-016,APPROVED,SYSTEM,OFF-00001,2025-12-29T11:00:00
ALLOC-0001982,2026-02,FPS-0391,WHEAT,131,131,WH-016,APPROVED,SYSTEM,OFF-00001,2025-12-29T11:00:00
ALLOC-0001983,2026-02,FPS-0392,RICE,174,174,WH-017,APPROVED,SYSTEM,OFF-00001,2025-12-29T11:00:00
ALLOC-0001984,2026-02,FPS-0392,WHEAT,148,148,WH-017,APPROVED,SYSTEM,OFF-00001,2025-12-29T11:00:00
ALLOC-0001985,2026-02,FPS-0393,RICE,170,170,WH-018,APPROVED,SYSTEM,OFF-00001,2025-12-29T11:00:00
ALLOC-0001986,2026-02,FPS-0393,WHEAT,140,140,WH-018,APPROVED,SYSTEM,OFF-00001,2025-12-29T11:00:00
ALLOC-0001987,2026-02,FPS-0394,RICE,166,166,WH-019,APPROVED,SYSTEM,OFF-00001,2025-12-29T11:00:00
ALLOC-0001988,2026-02,FPS-0394,WHEAT,125,125,WH-019,APPROVED,SYSTEM,OFF-00001,2025-12-29T11:00:00
ALLOC-0001989,2026-02,FPS-0395,RICE,130,130,WH-020,APPROVED,SYSTEM,OFF-00001,2025-12-29T11:00:00
ALLOC-0001990,2026-02,FPS-0395,WHEAT,120,120,WH-020,APPROVED,SYSTEM,OFF-00001,2025-12-29T11:00:00
ALLOC-0001991,2026-02,FPS-0396,RICE,135,135,WH-021,APPROVED,SYSTEM,OFF-00001,2025-12-29T11:00:00
ALLOC-0001992,2026-02,FPS-0396,WHEAT,118,118,WH-021,APPROVED,SYSTEM,OFF-00001,2025-12-29T11:00:00
ALLOC-0001993,2026-02,FPS-0397,RICE,160,160,WH-022,APPROVED,SYSTEM,OFF-00001,2025-12-29T11:00:00
ALLOC-0001994,2026-02,FPS-0397,WHEAT,144,144,WH-022,APPROVED,SYSTEM,OFF-00001,2025-12-29T11:00:00
ALLOC-0001995,2026-02,FPS-0398,RICE,154,154,WH-023,APPROVED,SYSTEM,OFF-00001,2025-12-29T11:00:00
ALLOC-0001996,2026-02,FPS-0398,WHEAT,138,138,WH-023,APPROVED,SYSTEM,OFF-00001,2025-12-29T11:00:00
ALLOC-0001997,2026-02,FPS-0399,RICE,154,154,WH-024,APPROVED,SYSTEM,OFF-00001,2025-12-29T11:00:00
ALLOC-0001998,2026-02,FPS-0399,WHEAT,133,133,WH-024,APPROVED,SYSTEM,OFF-00001,2025-12-29T11:00:00
ALLOC-0001999,2026-02,FPS-0400,RICE,215,215,WH-025,APPROVED,SYSTEM,OFF-00001,2025-12-29T11:00:00
ALLOC-0002000,2026-02,FPS-0400,WHEAT,162,162,WH-025,APPROVED,SYSTEM,OFF-00001,2025-12-29T11:00:00
ALLOC-0002001,2026-02,FPS-0401,RICE,192,0,WH-001,BLOCKED,SYSTEM,OFF-00001,2025-12-29T11:00:00
ALLOC-0002002,2026-02,FPS-0401,WHEAT,141,141,WH-001,APPROVED,SYSTEM,OFF-00001,2025-12-29T11:00:00
ALLOC-0002003,2026-02,FPS-0402,RICE,135,135,WH-002,APPROVED,SYSTEM,OFF-00001,2025-12-29T11:00:00
ALLOC-0002004,2026-02,FPS-0402,WHEAT,130,130,WH-002,APPROVED,SYSTEM,OFF-00001,2025-12-29T11:00:00
ALLOC-0002005,2026-02,FPS-0403,RICE,124,124,WH-003,APPROVED,SYSTEM,OFF-00001,2025-12-29T11:00:00
ALLOC-0002006,2026-02,FPS-0403,WHEAT,120,120,WH-003,APPROVED,SYSTEM,OFF-00001,2025-12-29T11:00:00
ALLOC-0002007,2026-02,FPS-0404,RICE,143,143,WH-004,APPROVED,SYSTEM,OFF-00001,2025-12-29T11:00:00
ALLOC-0002008,2026-02,FPS-0404,WHEAT,124,124,WH-004,APPROVED,SYSTEM,OFF-00001,2025-12-29T11:00:00
ALLOC-0002009,2026-02,FPS-0405,RICE,170,170,WH-005,APPROVED,SYSTEM,OFF-00001,2025-12-29T11:00:00
ALLOC-0002010,2026-02,FPS-0405,WHEAT,146,146,WH-005,APPROVED,SYSTEM,OFF-00001,2025-12-29T11:00:00
ALLOC-0002011,2026-02,FPS-0406,RICE,228,228,WH-006,APPROVED,SYSTEM,OFF-00001,2025-12-29T11:00:00
ALLOC-0002012,2026-02,FPS-0406,WHEAT,155,155,WH-006,APPROVED,SYSTEM,OFF-00001,2025-12-29T11:00:00
ALLOC-0002013,2026-02,FPS-0407,RICE,143,143,WH-007,APPROVED,SYSTEM,OFF-00001,2025-12-29T11:00:00
ALLOC-0002014,2026-02,FPS-0407,WHEAT,122,122,WH-007,APPROVED,SYSTEM,OFF-00001,2025-12-29T11:00:00
ALLOC-0002015,2026-02,FPS-0408,RICE,131,131,WH-008,APPROVED,SYSTEM,OFF-00001,2025-12-29T11:00:00
ALLOC-0002016,2026-02,FPS-0408,WHEAT,120,120,WH-008,APPROVED,SYSTEM,OFF-00001,2025-12-29T11:00:00
ALLOC-0002017,2026-02,FPS-0409,RICE,130,130,WH-009,APPROVED,SYSTEM,OFF-00001,2025-12-29T11:00:00
ALLOC-0002018,2026-02,FPS-0409,WHEAT,123,123,WH-009,APPROVED,SYSTEM,OFF-00001,2025-12-29T11:00:00
ALLOC-0002019,2026-02,FPS-0410,RICE,220,220,WH-010,APPROVED,SYSTEM,OFF-00001,2025-12-29T11:00:00
ALLOC-0002020,2026-02,FPS-0410,WHEAT,146,146,WH-010,APPROVED,SYSTEM,OFF-00001,2025-12-29T11:00:00
ALLOC-0002021,2026-02,FPS-0411,RICE,130,130,WH-011,APPROVED,SYSTEM,OFF-00001,2025-12-29T11:00:00
ALLOC-0002022,2026-02,FPS-0411,WHEAT,118,118,WH-011,APPROVED,SYSTEM,OFF-00001,2025-12-29T11:00:00
ALLOC-0002023,2026-02,FPS-0412,RICE,195,195,WH-012,APPROVED,SYSTEM,OFF-00001,2025-12-29T11:00:00
ALLOC-0002024,2026-02,FPS-0412,WHEAT,152,152,WH-012,APPROVED,SYSTEM,OFF-00001,2025-12-29T11:00:00
ALLOC-0002025,2026-02,FPS-0413,RICE,153,153,WH-013,APPROVED,SYSTEM,OFF-00001,2025-12-29T11:00:00
ALLOC-0002026,2026-02,FPS-0413,WHEAT,129,129,WH-013,APPROVED,SYSTEM,OFF-00001,2025-12-29T11:00:00
ALLOC-0002027,2026-02,FPS-0414,RICE,208,208,WH-014,APPROVED,SYSTEM,OFF-00001,2025-12-29T11:00:00
ALLOC-0002028,2026-02,FPS-0414,WHEAT,143,143,WH-014,APPROVED,SYSTEM,OFF-00001,2025-12-29T11:00:00
ALLOC-0002029,2026-02,FPS-0415,RICE,172,172,WH-015,APPROVED,SYSTEM,OFF-00001,2025-12-29T11:00:00
ALLOC-0002030,2026-02,FPS-0415,WHEAT,143,143,WH-015,APPROVED,SYSTEM,OFF-00001,2025-12-29T11:00:00
ALLOC-0002031,2026-02,FPS-0416,RICE,138,138,WH-016,APPROVED,SYSTEM,OFF-00001,2025-12-29T11:00:00
ALLOC-0002032,2026-02,FPS-0416,WHEAT,126,126,WH-016,APPROVED,SYSTEM,OFF-00001,2025-12-29T11:00:00
ALLOC-0002033,2026-02,FPS-0417,RICE,132,132,WH-017,APPROVED,SYSTEM,OFF-00001,2025-12-29T11:00:00
ALLOC-0002034,2026-02,FPS-0417,WHEAT,128,128,WH-017,APPROVED,SYSTEM,OFF-00001,2025-12-29T11:00:00
ALLOC-0002035,2026-02,FPS-0418,RICE,236,236,WH-018,APPROVED,SYSTEM,OFF-00001,2025-12-29T11:00:00
ALLOC-0002036,2026-02,FPS-0418,WHEAT,165,165,WH-018,APPROVED,SYSTEM,OFF-00001,2025-12-29T11:00:00
ALLOC-0002037,2026-02,FPS-0419,RICE,198,198,WH-019,APPROVED,SYSTEM,OFF-00001,2025-12-29T11:00:00
ALLOC-0002038,2026-02,FPS-0419,WHEAT,146,146,WH-019,APPROVED,SYSTEM,OFF-00001,2025-12-29T11:00:00
ALLOC-0002039,2026-02,FPS-0420,RICE,192,192,WH-020,APPROVED,SYSTEM,OFF-00001,2025-12-29T11:00:00
ALLOC-0002040,2026-02,FPS-0420,WHEAT,161,161,WH-020,APPROVED,SYSTEM,OFF-00001,2025-12-29T11:00:00
ALLOC-0002041,2026-02,FPS-0421,RICE,189,189,WH-021,APPROVED,SYSTEM,OFF-00001,2025-12-29T11:00:00
ALLOC-0002042,2026-02,FPS-0421,WHEAT,150,150,WH-021,APPROVED,SYSTEM,OFF-00001,2025-12-29T11:00:00
ALLOC-0002043,2026-02,FPS-0422,RICE,157,157,WH-022,APPROVED,SYSTEM,OFF-00001,2025-12-29T11:00:00
ALLOC-0002044,2026-02,FPS-0422,WHEAT,129,129,WH-022,APPROVED,SYSTEM,OFF-00001,2025-12-29T11:00:00
ALLOC-0002045,2026-02,FPS-0423,RICE,167,167,WH-023,APPROVED,SYSTEM,OFF-00001,2025-12-29T11:00:00
ALLOC-0002046,2026-02,FPS-0423,WHEAT,139,139,WH-023,APPROVED,SYSTEM,OFF-00001,2025-12-29T11:00:00
ALLOC-0002047,2026-02,FPS-0424,RICE,189,189,WH-024,APPROVED,SYSTEM,OFF-00001,2025-12-29T11:00:00
ALLOC-0002048,2026-02,FPS-0424,WHEAT,146,146,WH-024,APPROVED,SYSTEM,OFF-00001,2025-12-29T11:00:00
ALLOC-0002049,2026-02,FPS-0425,RICE,144,144,WH-025,APPROVED,SYSTEM,OFF-00001,2025-12-29T11:00:00
ALLOC-0002050,2026-02,FPS-0425,WHEAT,133,133,WH-025,APPROVED,SYSTEM,OFF-00001,2025-12-29T11:00:00
ALLOC-0002051,2026-02,FPS-0426,RICE,191,0,WH-001,BLOCKED,SYSTEM,OFF-00001,2025-12-29T11:00:00
ALLOC-0002052,2026-02,FPS-0426,WHEAT,129,129,WH-001,APPROVED,SYSTEM,OFF-00001,2025-12-29T11:00:00
ALLOC-0002053,2026-02,FPS-0427,RICE,148,148,WH-002,APPROVED,SYSTEM,OFF-00001,2025-12-29T11:00:00
ALLOC-0002054,2026-02,FPS-0427,WHEAT,136,136,WH-002,APPROVED,SYSTEM,OFF-00001,2025-12-29T11:00:00
ALLOC-0002055,2026-02,FPS-0428,RICE,147,147,WH-003,APPROVED,SYSTEM,OFF-00001,2025-12-29T11:00:00
ALLOC-0002056,2026-02,FPS-0428,WHEAT,125,125,WH-003,APPROVED,SYSTEM,OFF-00001,2025-12-29T11:00:00
ALLOC-0002057,2026-02,FPS-0429,RICE,135,135,WH-004,APPROVED,SYSTEM,OFF-00001,2025-12-29T11:00:00
ALLOC-0002058,2026-02,FPS-0429,WHEAT,124,124,WH-004,APPROVED,SYSTEM,OFF-00001,2025-12-29T11:00:00
ALLOC-0002059,2026-02,FPS-0430,RICE,150,150,WH-005,APPROVED,SYSTEM,OFF-00001,2025-12-29T11:00:00
ALLOC-0002060,2026-02,FPS-0430,WHEAT,123,123,WH-005,APPROVED,SYSTEM,OFF-00001,2025-12-29T11:00:00
ALLOC-0002061,2026-02,FPS-0431,RICE,122,122,WH-006,APPROVED,SYSTEM,OFF-00001,2025-12-29T11:00:00
ALLOC-0002062,2026-02,FPS-0431,WHEAT,114,114,WH-006,APPROVED,SYSTEM,OFF-00001,2025-12-29T11:00:00
ALLOC-0002063,2026-02,FPS-0432,RICE,252,252,WH-007,APPROVED,SYSTEM,OFF-00001,2025-12-29T11:00:00
ALLOC-0002064,2026-02,FPS-0432,WHEAT,180,180,WH-007,APPROVED,SYSTEM,OFF-00001,2025-12-29T11:00:00
ALLOC-0002065,2026-02,FPS-0433,RICE,146,146,WH-008,APPROVED,SYSTEM,OFF-00001,2025-12-29T11:00:00
ALLOC-0002066,2026-02,FPS-0433,WHEAT,128,128,WH-008,APPROVED,SYSTEM,OFF-00001,2025-12-29T11:00:00
ALLOC-0002067,2026-02,FPS-0434,RICE,179,179,WH-009,APPROVED,SYSTEM,OFF-00001,2025-12-29T11:00:00
ALLOC-0002068,2026-02,FPS-0434,WHEAT,147,147,WH-009,APPROVED,SYSTEM,OFF-00001,2025-12-29T11:00:00
ALLOC-0002069,2026-02,FPS-0435,RICE,173,173,WH-010,APPROVED,SYSTEM,OFF-00001,2025-12-29T11:00:00
ALLOC-0002070,2026-02,FPS-0435,WHEAT,139,139,WH-010,APPROVED,SYSTEM,OFF-00001,2025-12-29T11:00:00
ALLOC-0002071,2026-02,FPS-0436,RICE,149,149,WH-011,APPROVED,SYSTEM,OFF-00001,2025-12-29T11:00:00
ALLOC-0002072,2026-02,FPS-0436,WHEAT,123,123,WH-011,APPROVED,SYSTEM,OFF-00001,2025-12-29T11:00:00
ALLOC-0002073,2026-02,FPS-0437,RICE,157,157,WH-012,APPROVED,SYSTEM,OFF-00001,2025-12-29T11:00:00
ALLOC-0002074,2026-02,FPS-0437,WHEAT,126,126,WH-012,APPROVED,SYSTEM,OFF-00001,2025-12-29T11:00:00
ALLOC-0002075,2026-02,FPS-0438,RICE,140,140,WH-013,APPROVED,SYSTEM,OFF-00001,2025-12-29T11:00:00
ALLOC-0002076,2026-02,FPS-0438,WHEAT,125,125,WH-013,APPROVED,SYSTEM,OFF-00001,2025-12-29T11:00:00
ALLOC-0002077,2026-02,FPS-0439,RICE,179,179,WH-014,APPROVED,SYSTEM,OFF-00001,2025-12-29T11:00:00
ALLOC-0002078,2026-02,FPS-0439,WHEAT,136,136,WH-014,APPROVED,SYSTEM,OFF-00001,2025-12-29T11:00:00
ALLOC-0002079,2026-02,FPS-0440,RICE,174,174,WH-015,APPROVED,SYSTEM,OFF-00001,2025-12-29T11:00:00
ALLOC-0002080,2026-02,FPS-0440,WHEAT,139,139,WH-015,APPROVED,SYSTEM,OFF-00001,2025-12-29T11:00:00
ALLOC-0002081,2026-02,FPS-0441,RICE,264,264,WH-016,APPROVED,SYSTEM,OFF-00001,2025-12-29T11:00:00
ALLOC-0002082,2026-02,FPS-0441,WHEAT,181,181,WH-016,APPROVED,SYSTEM,OFF-00001,2025-12-29T11:00:00
ALLOC-0002083,2026-02,FPS-0442,RICE,140,140,WH-017,APPROVED,SYSTEM,OFF-00001,2025-12-29T11:00:00
ALLOC-0002084,2026-02,FPS-0442,WHEAT,118,118,WH-017,APPROVED,SYSTEM,OFF-00001,2025-12-29T11:00:00
ALLOC-0002085,2026-02,FPS-0443,RICE,136,136,WH-018,APPROVED,SYSTEM,OFF-00001,2025-12-29T11:00:00
ALLOC-0002086,2026-02,FPS-0443,WHEAT,124,124,WH-018,APPROVED,SYSTEM,OFF-00001,2025-12-29T11:00:00
ALLOC-0002087,2026-02,FPS-0444,RICE,133,133,WH-019,APPROVED,SYSTEM,OFF-00001,2025-12-29T11:00:00
ALLOC-0002088,2026-02,FPS-0444,WHEAT,111,111,WH-019,APPROVED,SYSTEM,OFF-00001,2025-12-29T11:00:00
ALLOC-0002089,2026-02,FPS-0445,RICE,124,124,WH-020,APPROVED,SYSTEM,OFF-00001,2025-12-29T11:00:00
ALLOC-0002090,2026-02,FPS-0445,WHEAT,111,111,WH-020,APPROVED,SYSTEM,OFF-00001,2025-12-29T11:00:00
ALLOC-0002091,2026-02,FPS-0446,RICE,133,133,WH-021,APPROVED,SYSTEM,OFF-00001,2025-12-29T11:00:00
ALLOC-0002092,2026-02,FPS-0446,WHEAT,127,127,WH-021,APPROVED,SYSTEM,OFF-00001,2025-12-29T11:00:00
ALLOC-0002093,2026-02,FPS-0447,RICE,145,145,WH-022,APPROVED,SYSTEM,OFF-00001,2025-12-29T11:00:00
ALLOC-0002094,2026-02,FPS-0447,WHEAT,130,130,WH-022,APPROVED,SYSTEM,OFF-00001,2025-12-29T11:00:00
ALLOC-0002095,2026-02,FPS-0448,RICE,150,150,WH-023,APPROVED,SYSTEM,OFF-00001,2025-12-29T11:00:00
ALLOC-0002096,2026-02,FPS-0448,WHEAT,135,135,WH-023,APPROVED,SYSTEM,OFF-00001,2025-12-29T11:00:00
ALLOC-0002097,2026-02,FPS-0449,RICE,153,153,WH-024,APPROVED,SYSTEM,OFF-00001,2025-12-29T11:00:00
ALLOC-0002098,2026-02,FPS-0449,WHEAT,125,125,WH-024,APPROVED,SYSTEM,OFF-00001,2025-12-29T11:00:00
ALLOC-0002099,2026-02,FPS-0450,RICE,127,127,WH-025,APPROVED,SYSTEM,OFF-00001,2025-12-29T11:00:00
ALLOC-0002100,2026-02,FPS-0450,WHEAT,116,116,WH-025,APPROVED,SYSTEM,OFF-00001,2025-12-29T11:00:00
ALLOC-0002101,2026-02,FPS-0451,RICE,236,0,WH-001,BLOCKED,SYSTEM,OFF-00001,2025-12-29T11:00:00
ALLOC-0002102,2026-02,FPS-0451,WHEAT,152,152,WH-001,APPROVED,SYSTEM,OFF-00001,2025-12-29T11:00:00
ALLOC-0002103,2026-02,FPS-0452,RICE,158,158,WH-002,APPROVED,SYSTEM,OFF-00001,2025-12-29T11:00:00
ALLOC-0002104,2026-02,FPS-0452,WHEAT,134,134,WH-002,APPROVED,SYSTEM,OFF-00001,2025-12-29T11:00:00
ALLOC-0002105,2026-02,FPS-0453,RICE,128,128,WH-003,APPROVED,SYSTEM,OFF-00001,2025-12-29T11:00:00
ALLOC-0002106,2026-02,FPS-0453,WHEAT,124,124,WH-003,APPROVED,SYSTEM,OFF-00001,2025-12-29T11:00:00
ALLOC-0002107,2026-02,FPS-0454,RICE,174,174,WH-004,APPROVED,SYSTEM,OFF-00001,2025-12-29T11:00:00
ALLOC-0002108,2026-02,FPS-0454,WHEAT,153,153,WH-004,APPROVED,SYSTEM,OFF-00001,2025-12-29T11:00:00
ALLOC-0002109,2026-02,FPS-0455,RICE,161,161,WH-005,APPROVED,SYSTEM,OFF-00001,2025-12-29T11:00:00
ALLOC-0002110,2026-02,FPS-0455,WHEAT,134,134,WH-005,APPROVED,SYSTEM,OFF-00001,2025-12-29T11:00:00
ALLOC-0002111,2026-02,FPS-0456,RICE,163,163,WH-006,APPROVED,SYSTEM,OFF-00001,2025-12-29T11:00:00
ALLOC-0002112,2026-02,FPS-0456,WHEAT,134,134,WH-006,APPROVED,SYSTEM,OFF-00001,2025-12-29T11:00:00
ALLOC-0002113,2026-02,FPS-0457,RICE,177,177,WH-007,APPROVED,SYSTEM,OFF-00001,2025-12-29T11:00:00
ALLOC-0002114,2026-02,FPS-0457,WHEAT,135,135,WH-007,APPROVED,SYSTEM,OFF-00001,2025-12-29T11:00:00
ALLOC-0002115,2026-02,FPS-0458,RICE,157,157,WH-008,APPROVED,SYSTEM,OFF-00001,2025-12-29T11:00:00
ALLOC-0002116,2026-02,FPS-0458,WHEAT,137,137,WH-008,APPROVED,SYSTEM,OFF-00001,2025-12-29T11:00:00
ALLOC-0002117,2026-02,FPS-0459,RICE,181,181,WH-009,APPROVED,SYSTEM,OFF-00001,2025-12-29T11:00:00
ALLOC-0002118,2026-02,FPS-0459,WHEAT,146,146,WH-009,APPROVED,SYSTEM,OFF-00001,2025-12-29T11:00:00
ALLOC-0002119,2026-02,FPS-0460,RICE,170,170,WH-010,APPROVED,SYSTEM,OFF-00001,2025-12-29T11:00:00
ALLOC-0002120,2026-02,FPS-0460,WHEAT,130,130,WH-010,APPROVED,SYSTEM,OFF-00001,2025-12-29T11:00:00
ALLOC-0002121,2026-02,FPS-0461,RICE,179,179,WH-011,APPROVED,SYSTEM,OFF-00001,2025-12-29T11:00:00
ALLOC-0002122,2026-02,FPS-0461,WHEAT,136,136,WH-011,APPROVED,SYSTEM,OFF-00001,2025-12-29T11:00:00
ALLOC-0002123,2026-02,FPS-0462,RICE,140,140,WH-012,APPROVED,SYSTEM,OFF-00001,2025-12-29T11:00:00
ALLOC-0002124,2026-02,FPS-0462,WHEAT,119,119,WH-012,APPROVED,SYSTEM,OFF-00001,2025-12-29T11:00:00
ALLOC-0002125,2026-02,FPS-0463,RICE,218,218,WH-013,APPROVED,SYSTEM,OFF-00001,2025-12-29T11:00:00
ALLOC-0002126,2026-02,FPS-0463,WHEAT,152,152,WH-013,APPROVED,SYSTEM,OFF-00001,2025-12-29T11:00:00
ALLOC-0002127,2026-02,FPS-0464,RICE,173,173,WH-014,APPROVED,SYSTEM,OFF-00001,2025-12-29T11:00:00
ALLOC-0002128,2026-02,FPS-0464,WHEAT,145,145,WH-014,APPROVED,SYSTEM,OFF-00001,2025-12-29T11:00:00
ALLOC-0002129,2026-02,FPS-0465,RICE,142,142,WH-015,APPROVED,SYSTEM,OFF-00001,2025-12-29T11:00:00
ALLOC-0002130,2026-02,FPS-0465,WHEAT,123,123,WH-015,APPROVED,SYSTEM,OFF-00001,2025-12-29T11:00:00
ALLOC-0002131,2026-02,FPS-0466,RICE,134,134,WH-016,APPROVED,SYSTEM,OFF-00001,2025-12-29T11:00:00
ALLOC-0002132,2026-02,FPS-0466,WHEAT,126,126,WH-016,APPROVED,SYSTEM,OFF-00001,2025-12-29T11:00:00
ALLOC-0002133,2026-02,FPS-0467,RICE,115,115,WH-017,APPROVED,SYSTEM,OFF-00001,2025-12-29T11:00:00
ALLOC-0002134,2026-02,FPS-0467,WHEAT,104,104,WH-017,APPROVED,SYSTEM,OFF-00001,2025-12-29T11:00:00
ALLOC-0002135,2026-02,FPS-0468,RICE,160,160,WH-018,APPROVED,SYSTEM,OFF-00001,2025-12-29T11:00:00
ALLOC-0002136,2026-02,FPS-0468,WHEAT,146,146,WH-018,APPROVED,SYSTEM,OFF-00001,2025-12-29T11:00:00
ALLOC-0002137,2026-02,FPS-0469,RICE,145,145,WH-019,APPROVED,SYSTEM,OFF-00001,2025-12-29T11:00:00
ALLOC-0002138,2026-02,FPS-0469,WHEAT,123,123,WH-019,APPROVED,SYSTEM,OFF-00001,2025-12-29T11:00:00
ALLOC-0002139,2026-02,FPS-0470,RICE,257,257,WH-020,APPROVED,SYSTEM,OFF-00001,2025-12-29T11:00:00
ALLOC-0002140,2026-02,FPS-0470,WHEAT,186,186,WH-020,APPROVED,SYSTEM,OFF-00001,2025-12-29T11:00:00
ALLOC-0002141,2026-02,FPS-0471,RICE,171,171,WH-021,APPROVED,SYSTEM,OFF-00001,2025-12-29T11:00:00
ALLOC-0002142,2026-02,FPS-0471,WHEAT,137,137,WH-021,APPROVED,SYSTEM,OFF-00001,2025-12-29T11:00:00
ALLOC-0002143,2026-02,FPS-0472,RICE,221,221,WH-022,APPROVED,SYSTEM,OFF-00001,2025-12-29T11:00:00
ALLOC-0002144,2026-02,FPS-0472,WHEAT,159,159,WH-022,APPROVED,SYSTEM,OFF-00001,2025-12-29T11:00:00
ALLOC-0002145,2026-02,FPS-0473,RICE,179,179,WH-023,APPROVED,SYSTEM,OFF-00001,2025-12-29T11:00:00
ALLOC-0002146,2026-02,FPS-0473,WHEAT,148,148,WH-023,APPROVED,SYSTEM,OFF-00001,2025-12-29T11:00:00
ALLOC-0002147,2026-02,FPS-0474,RICE,129,129,WH-024,APPROVED,SYSTEM,OFF-00001,2025-12-29T11:00:00
ALLOC-0002148,2026-02,FPS-0474,WHEAT,115,115,WH-024,APPROVED,SYSTEM,OFF-00001,2025-12-29T11:00:00
ALLOC-0002149,2026-02,FPS-0475,RICE,177,177,WH-025,APPROVED,SYSTEM,OFF-00001,2025-12-29T11:00:00
ALLOC-0002150,2026-02,FPS-0475,WHEAT,131,131,WH-025,APPROVED,SYSTEM,OFF-00001,2025-12-29T11:00:00
ALLOC-0002151,2026-02,FPS-0476,RICE,155,0,WH-001,BLOCKED,SYSTEM,OFF-00001,2025-12-29T11:00:00
ALLOC-0002152,2026-02,FPS-0476,WHEAT,131,131,WH-001,APPROVED,SYSTEM,OFF-00001,2025-12-29T11:00:00
ALLOC-0002153,2026-02,FPS-0477,RICE,191,191,WH-002,APPROVED,SYSTEM,OFF-00001,2025-12-29T11:00:00
ALLOC-0002154,2026-02,FPS-0477,WHEAT,150,150,WH-002,APPROVED,SYSTEM,OFF-00001,2025-12-29T11:00:00
ALLOC-0002155,2026-02,FPS-0478,RICE,177,177,WH-003,APPROVED,SYSTEM,OFF-00001,2025-12-29T11:00:00
ALLOC-0002156,2026-02,FPS-0478,WHEAT,145,145,WH-003,APPROVED,SYSTEM,OFF-00001,2025-12-29T11:00:00
ALLOC-0002157,2026-02,FPS-0479,RICE,195,195,WH-004,APPROVED,SYSTEM,OFF-00001,2025-12-29T11:00:00
ALLOC-0002158,2026-02,FPS-0479,WHEAT,153,153,WH-004,APPROVED,SYSTEM,OFF-00001,2025-12-29T11:00:00
ALLOC-0002159,2026-02,FPS-0480,RICE,133,133,WH-005,APPROVED,SYSTEM,OFF-00001,2025-12-29T11:00:00
ALLOC-0002160,2026-02,FPS-0480,WHEAT,122,122,WH-005,APPROVED,SYSTEM,OFF-00001,2025-12-29T11:00:00
ALLOC-0002161,2026-02,FPS-0481,RICE,157,157,WH-006,APPROVED,SYSTEM,OFF-00001,2025-12-29T11:00:00
ALLOC-0002162,2026-02,FPS-0481,WHEAT,140,140,WH-006,APPROVED,SYSTEM,OFF-00001,2025-12-29T11:00:00
ALLOC-0002163,2026-02,FPS-0482,RICE,147,147,WH-007,APPROVED,SYSTEM,OFF-00001,2025-12-29T11:00:00
ALLOC-0002164,2026-02,FPS-0482,WHEAT,142,142,WH-007,APPROVED,SYSTEM,OFF-00001,2025-12-29T11:00:00
ALLOC-0002165,2026-02,FPS-0483,RICE,138,138,WH-008,APPROVED,SYSTEM,OFF-00001,2025-12-29T11:00:00
ALLOC-0002166,2026-02,FPS-0483,WHEAT,127,127,WH-008,APPROVED,SYSTEM,OFF-00001,2025-12-29T11:00:00
ALLOC-0002167,2026-02,FPS-0484,RICE,146,146,WH-009,APPROVED,SYSTEM,OFF-00001,2025-12-29T11:00:00
ALLOC-0002168,2026-02,FPS-0484,WHEAT,134,134,WH-009,APPROVED,SYSTEM,OFF-00001,2025-12-29T11:00:00
ALLOC-0002169,2026-02,FPS-0485,RICE,124,124,WH-010,APPROVED,SYSTEM,OFF-00001,2025-12-29T11:00:00
ALLOC-0002170,2026-02,FPS-0485,WHEAT,119,119,WH-010,APPROVED,SYSTEM,OFF-00001,2025-12-29T11:00:00
ALLOC-0002171,2026-02,FPS-0486,RICE,180,180,WH-011,APPROVED,SYSTEM,OFF-00001,2025-12-29T11:00:00
ALLOC-0002172,2026-02,FPS-0486,WHEAT,144,144,WH-011,APPROVED,SYSTEM,OFF-00001,2025-12-29T11:00:00
ALLOC-0002173,2026-02,FPS-0487,RICE,156,156,WH-012,APPROVED,SYSTEM,OFF-00001,2025-12-29T11:00:00
ALLOC-0002174,2026-02,FPS-0487,WHEAT,127,127,WH-012,APPROVED,SYSTEM,OFF-00001,2025-12-29T11:00:00
ALLOC-0002175,2026-02,FPS-0488,RICE,185,185,WH-013,APPROVED,SYSTEM,OFF-00001,2025-12-29T11:00:00
ALLOC-0002176,2026-02,FPS-0488,WHEAT,135,135,WH-013,APPROVED,SYSTEM,OFF-00001,2025-12-29T11:00:00
ALLOC-0002177,2026-02,FPS-0489,RICE,190,190,WH-014,APPROVED,SYSTEM,OFF-00001,2025-12-29T11:00:00
ALLOC-0002178,2026-02,FPS-0489,WHEAT,154,154,WH-014,APPROVED,SYSTEM,OFF-00001,2025-12-29T11:00:00
ALLOC-0002179,2026-02,FPS-0490,RICE,187,187,WH-015,APPROVED,SYSTEM,OFF-00001,2025-12-29T11:00:00
ALLOC-0002180,2026-02,FPS-0490,WHEAT,158,158,WH-015,APPROVED,SYSTEM,OFF-00001,2025-12-29T11:00:00
ALLOC-0002181,2026-02,FPS-0491,RICE,172,172,WH-016,APPROVED,SYSTEM,OFF-00001,2025-12-29T11:00:00
ALLOC-0002182,2026-02,FPS-0491,WHEAT,134,134,WH-016,APPROVED,SYSTEM,OFF-00001,2025-12-29T11:00:00
ALLOC-0002183,2026-02,FPS-0492,RICE,267,267,WH-017,APPROVED,SYSTEM,OFF-00001,2025-12-29T11:00:00
ALLOC-0002184,2026-02,FPS-0492,WHEAT,185,185,WH-017,APPROVED,SYSTEM,OFF-00001,2025-12-29T11:00:00
ALLOC-0002185,2026-02,FPS-0493,RICE,144,144,WH-018,APPROVED,SYSTEM,OFF-00001,2025-12-29T11:00:00
ALLOC-0002186,2026-02,FPS-0493,WHEAT,126,126,WH-018,APPROVED,SYSTEM,OFF-00001,2025-12-29T11:00:00
ALLOC-0002187,2026-02,FPS-0494,RICE,142,142,WH-019,APPROVED,SYSTEM,OFF-00001,2025-12-29T11:00:00
ALLOC-0002188,2026-02,FPS-0494,WHEAT,130,130,WH-019,APPROVED,SYSTEM,OFF-00001,2025-12-29T11:00:00
ALLOC-0002189,2026-02,FPS-0495,RICE,137,137,WH-020,APPROVED,SYSTEM,OFF-00001,2025-12-29T11:00:00
ALLOC-0002190,2026-02,FPS-0495,WHEAT,119,119,WH-020,APPROVED,SYSTEM,OFF-00001,2025-12-29T11:00:00
ALLOC-0002191,2026-02,FPS-0496,RICE,123,123,WH-021,APPROVED,SYSTEM,OFF-00001,2025-12-29T11:00:00
ALLOC-0002192,2026-02,FPS-0496,WHEAT,110,110,WH-021,APPROVED,SYSTEM,OFF-00001,2025-12-29T11:00:00
ALLOC-0002193,2026-02,FPS-0497,RICE,177,177,WH-022,APPROVED,SYSTEM,OFF-00001,2025-12-29T11:00:00
ALLOC-0002194,2026-02,FPS-0497,WHEAT,127,127,WH-022,APPROVED,SYSTEM,OFF-00001,2025-12-29T11:00:00
ALLOC-0002195,2026-02,FPS-0498,RICE,195,195,WH-023,APPROVED,SYSTEM,OFF-00001,2025-12-29T11:00:00
ALLOC-0002196,2026-02,FPS-0498,WHEAT,146,146,WH-023,APPROVED,SYSTEM,OFF-00001,2025-12-29T11:00:00
ALLOC-0002197,2026-02,FPS-0499,RICE,202,202,WH-024,APPROVED,SYSTEM,OFF-00001,2025-12-29T11:00:00
ALLOC-0002198,2026-02,FPS-0499,WHEAT,144,144,WH-024,APPROVED,SYSTEM,OFF-00001,2025-12-29T11:00:00
ALLOC-0002199,2026-02,FPS-0500,RICE,125,125,WH-025,APPROVED,SYSTEM,OFF-00001,2025-12-29T11:00:00
ALLOC-0002200,2026-02,FPS-0500,WHEAT,122,122,WH-025,APPROVED,SYSTEM,OFF-00001,2025-12-29T11:00:00
ALLOC-0002201,2026-02,FPS-0501,RICE,144,0,WH-001,BLOCKED,SYSTEM,OFF-00001,2025-12-29T11:00:00
ALLOC-0002202,2026-02,FPS-0501,WHEAT,139,139,WH-001,APPROVED,SYSTEM,OFF-00001,2025-12-29T11:00:00
ALLOC-0002203,2026-02,FPS-0502,RICE,204,204,WH-002,APPROVED,SYSTEM,OFF-00001,2025-12-29T11:00:00
ALLOC-0002204,2026-02,FPS-0502,WHEAT,157,157,WH-002,APPROVED,SYSTEM,OFF-00001,2025-12-29T11:00:00
ALLOC-0002205,2026-02,FPS-0503,RICE,189,189,WH-003,APPROVED,SYSTEM,OFF-00001,2025-12-29T11:00:00
ALLOC-0002206,2026-02,FPS-0503,WHEAT,135,135,WH-003,APPROVED,SYSTEM,OFF-00001,2025-12-29T11:00:00
ALLOC-0002207,2026-02,FPS-0504,RICE,133,133,WH-004,APPROVED,SYSTEM,OFF-00001,2025-12-29T11:00:00
ALLOC-0002208,2026-02,FPS-0504,WHEAT,107,107,WH-004,APPROVED,SYSTEM,OFF-00001,2025-12-29T11:00:00
ALLOC-0002209,2026-02,FPS-0505,RICE,162,162,WH-005,APPROVED,SYSTEM,OFF-00001,2025-12-29T11:00:00
ALLOC-0002210,2026-02,FPS-0505,WHEAT,131,131,WH-005,APPROVED,SYSTEM,OFF-00001,2025-12-29T11:00:00
ALLOC-0002211,2026-02,FPS-0506,RICE,147,147,WH-006,APPROVED,SYSTEM,OFF-00001,2025-12-29T11:00:00
ALLOC-0002212,2026-02,FPS-0506,WHEAT,122,122,WH-006,APPROVED,SYSTEM,OFF-00001,2025-12-29T11:00:00
ALLOC-0002213,2026-02,FPS-0507,RICE,128,128,WH-007,APPROVED,SYSTEM,OFF-00001,2025-12-29T11:00:00
ALLOC-0002214,2026-02,FPS-0507,WHEAT,112,112,WH-007,APPROVED,SYSTEM,OFF-00001,2025-12-29T11:00:00
ALLOC-0002215,2026-02,FPS-0508,RICE,215,215,WH-008,APPROVED,SYSTEM,OFF-00001,2025-12-29T11:00:00
ALLOC-0002216,2026-02,FPS-0508,WHEAT,151,151,WH-008,APPROVED,SYSTEM,OFF-00001,2025-12-29T11:00:00
ALLOC-0002217,2026-02,FPS-0509,RICE,150,150,WH-009,APPROVED,SYSTEM,OFF-00001,2025-12-29T11:00:00
ALLOC-0002218,2026-02,FPS-0509,WHEAT,123,123,WH-009,APPROVED,SYSTEM,OFF-00001,2025-12-29T11:00:00
ALLOC-0002219,2026-02,FPS-0510,RICE,141,141,WH-010,APPROVED,SYSTEM,OFF-00001,2025-12-29T11:00:00
ALLOC-0002220,2026-02,FPS-0510,WHEAT,133,133,WH-010,APPROVED,SYSTEM,OFF-00001,2025-12-29T11:00:00
ALLOC-0002221,2026-02,FPS-0511,RICE,147,147,WH-011,APPROVED,SYSTEM,OFF-00001,2025-12-29T11:00:00
ALLOC-0002222,2026-02,FPS-0511,WHEAT,122,122,WH-011,APPROVED,SYSTEM,OFF-00001,2025-12-29T11:00:00
ALLOC-0002223,2026-02,FPS-0512,RICE,120,120,WH-012,APPROVED,SYSTEM,OFF-00001,2025-12-29T11:00:00
ALLOC-0002224,2026-02,FPS-0512,WHEAT,131,131,WH-012,APPROVED,SYSTEM,OFF-00001,2025-12-29T11:00:00
ALLOC-0002225,2026-02,FPS-0513,RICE,172,172,WH-013,APPROVED,SYSTEM,OFF-00001,2025-12-29T11:00:00
ALLOC-0002226,2026-02,FPS-0513,WHEAT,148,148,WH-013,APPROVED,SYSTEM,OFF-00001,2025-12-29T11:00:00
ALLOC-0002227,2026-02,FPS-0514,RICE,104,104,WH-014,APPROVED,SYSTEM,OFF-00001,2025-12-29T11:00:00
ALLOC-0002228,2026-02,FPS-0514,WHEAT,101,101,WH-014,APPROVED,SYSTEM,OFF-00001,2025-12-29T11:00:00
ALLOC-0002229,2026-02,FPS-0515,RICE,109,109,WH-015,APPROVED,SYSTEM,OFF-00001,2025-12-29T11:00:00
ALLOC-0002230,2026-02,FPS-0515,WHEAT,99,99,WH-015,APPROVED,SYSTEM,OFF-00001,2025-12-29T11:00:00
ALLOC-0002231,2026-02,FPS-0516,RICE,134,134,WH-016,APPROVED,SYSTEM,OFF-00001,2025-12-29T11:00:00
ALLOC-0002232,2026-02,FPS-0516,WHEAT,139,139,WH-016,APPROVED,SYSTEM,OFF-00001,2025-12-29T11:00:00
ALLOC-0002233,2026-02,FPS-0517,RICE,146,146,WH-017,APPROVED,SYSTEM,OFF-00001,2025-12-29T11:00:00
ALLOC-0002234,2026-02,FPS-0517,WHEAT,125,125,WH-017,APPROVED,SYSTEM,OFF-00001,2025-12-29T11:00:00
ALLOC-0002235,2026-02,FPS-0518,RICE,146,146,WH-018,APPROVED,SYSTEM,OFF-00001,2025-12-29T11:00:00
ALLOC-0002236,2026-02,FPS-0518,WHEAT,135,135,WH-018,APPROVED,SYSTEM,OFF-00001,2025-12-29T11:00:00
ALLOC-0002237,2026-02,FPS-0519,RICE,155,155,WH-019,APPROVED,SYSTEM,OFF-00001,2025-12-29T11:00:00
ALLOC-0002238,2026-02,FPS-0519,WHEAT,133,133,WH-019,APPROVED,SYSTEM,OFF-00001,2025-12-29T11:00:00
ALLOC-0002239,2026-02,FPS-0520,RICE,126,126,WH-020,APPROVED,SYSTEM,OFF-00001,2025-12-29T11:00:00
ALLOC-0002240,2026-02,FPS-0520,WHEAT,113,113,WH-020,APPROVED,SYSTEM,OFF-00001,2025-12-29T11:00:00
ALLOC-0002241,2026-02,FPS-0521,RICE,174,174,WH-021,APPROVED,SYSTEM,OFF-00001,2025-12-29T11:00:00
ALLOC-0002242,2026-02,FPS-0521,WHEAT,135,135,WH-021,APPROVED,SYSTEM,OFF-00001,2025-12-29T11:00:00
ALLOC-0002243,2026-02,FPS-0522,RICE,214,214,WH-022,APPROVED,SYSTEM,OFF-00001,2025-12-29T11:00:00
ALLOC-0002244,2026-02,FPS-0522,WHEAT,178,178,WH-022,APPROVED,SYSTEM,OFF-00001,2025-12-29T11:00:00
ALLOC-0002245,2026-02,FPS-0523,RICE,167,167,WH-023,APPROVED,SYSTEM,OFF-00001,2025-12-29T11:00:00
ALLOC-0002246,2026-02,FPS-0523,WHEAT,150,150,WH-023,APPROVED,SYSTEM,OFF-00001,2025-12-29T11:00:00
ALLOC-0002247,2026-02,FPS-0524,RICE,137,137,WH-024,APPROVED,SYSTEM,OFF-00001,2025-12-29T11:00:00
ALLOC-0002248,2026-02,FPS-0524,WHEAT,117,117,WH-024,APPROVED,SYSTEM,OFF-00001,2025-12-29T11:00:00
ALLOC-0002249,2026-02,FPS-0525,RICE,127,127,WH-025,APPROVED,SYSTEM,OFF-00001,2025-12-29T11:00:00
ALLOC-0002250,2026-02,FPS-0525,WHEAT,124,124,WH-025,APPROVED,SYSTEM,OFF-00001,2025-12-29T11:00:00
ALLOC-0002251,2026-02,FPS-0526,RICE,171,0,WH-001,BLOCKED,SYSTEM,OFF-00001,2025-12-29T11:00:00
ALLOC-0002252,2026-02,FPS-0526,WHEAT,158,158,WH-001,APPROVED,SYSTEM,OFF-00001,2025-12-29T11:00:00
ALLOC-0002253,2026-02,FPS-0527,RICE,152,152,WH-002,APPROVED,SYSTEM,OFF-00001,2025-12-29T11:00:00
ALLOC-0002254,2026-02,FPS-0527,WHEAT,135,135,WH-002,APPROVED,SYSTEM,OFF-00001,2025-12-29T11:00:00
ALLOC-0002255,2026-02,FPS-0528,RICE,173,173,WH-003,APPROVED,SYSTEM,OFF-00001,2025-12-29T11:00:00
ALLOC-0002256,2026-02,FPS-0528,WHEAT,155,155,WH-003,APPROVED,SYSTEM,OFF-00001,2025-12-29T11:00:00
ALLOC-0002257,2026-02,FPS-0529,RICE,233,233,WH-004,APPROVED,SYSTEM,OFF-00001,2025-12-29T11:00:00
ALLOC-0002258,2026-02,FPS-0529,WHEAT,154,154,WH-004,APPROVED,SYSTEM,OFF-00001,2025-12-29T11:00:00
ALLOC-0002259,2026-02,FPS-0530,RICE,183,183,WH-005,APPROVED,SYSTEM,OFF-00001,2025-12-29T11:00:00
ALLOC-0002260,2026-02,FPS-0530,WHEAT,156,156,WH-005,APPROVED,SYSTEM,OFF-00001,2025-12-29T11:00:00
ALLOC-0002261,2026-02,FPS-0531,RICE,149,149,WH-006,APPROVED,SYSTEM,OFF-00001,2025-12-29T11:00:00
ALLOC-0002262,2026-02,FPS-0531,WHEAT,137,137,WH-006,APPROVED,SYSTEM,OFF-00001,2025-12-29T11:00:00
ALLOC-0002263,2026-02,FPS-0532,RICE,159,159,WH-007,APPROVED,SYSTEM,OFF-00001,2025-12-29T11:00:00
ALLOC-0002264,2026-02,FPS-0532,WHEAT,138,138,WH-007,APPROVED,SYSTEM,OFF-00001,2025-12-29T11:00:00
ALLOC-0002265,2026-02,FPS-0533,RICE,185,185,WH-008,APPROVED,SYSTEM,OFF-00001,2025-12-29T11:00:00
ALLOC-0002266,2026-02,FPS-0533,WHEAT,152,152,WH-008,APPROVED,SYSTEM,OFF-00001,2025-12-29T11:00:00
ALLOC-0002267,2026-02,FPS-0534,RICE,138,138,WH-009,APPROVED,SYSTEM,OFF-00001,2025-12-29T11:00:00
ALLOC-0002268,2026-02,FPS-0534,WHEAT,126,126,WH-009,APPROVED,SYSTEM,OFF-00001,2025-12-29T11:00:00
ALLOC-0002269,2026-02,FPS-0535,RICE,182,182,WH-010,APPROVED,SYSTEM,OFF-00001,2025-12-29T11:00:00
ALLOC-0002270,2026-02,FPS-0535,WHEAT,159,159,WH-010,APPROVED,SYSTEM,OFF-00001,2025-12-29T11:00:00
ALLOC-0002271,2026-02,FPS-0536,RICE,145,145,WH-011,APPROVED,SYSTEM,OFF-00001,2025-12-29T11:00:00
ALLOC-0002272,2026-02,FPS-0536,WHEAT,143,143,WH-011,APPROVED,SYSTEM,OFF-00001,2025-12-29T11:00:00
ALLOC-0002273,2026-02,FPS-0537,RICE,117,117,WH-012,APPROVED,SYSTEM,OFF-00001,2025-12-29T11:00:00
ALLOC-0002274,2026-02,FPS-0537,WHEAT,109,109,WH-012,APPROVED,SYSTEM,OFF-00001,2025-12-29T11:00:00
ALLOC-0002275,2026-02,FPS-0538,RICE,141,141,WH-013,APPROVED,SYSTEM,OFF-00001,2025-12-29T11:00:00
ALLOC-0002276,2026-02,FPS-0538,WHEAT,129,129,WH-013,APPROVED,SYSTEM,OFF-00001,2025-12-29T11:00:00
ALLOC-0002277,2026-02,FPS-0539,RICE,190,190,WH-014,APPROVED,SYSTEM,OFF-00001,2025-12-29T11:00:00
ALLOC-0002278,2026-02,FPS-0539,WHEAT,148,148,WH-014,APPROVED,SYSTEM,OFF-00001,2025-12-29T11:00:00
ALLOC-0002279,2026-02,FPS-0540,RICE,123,123,WH-015,APPROVED,SYSTEM,OFF-00001,2025-12-29T11:00:00
ALLOC-0002280,2026-02,FPS-0540,WHEAT,105,105,WH-015,APPROVED,SYSTEM,OFF-00001,2025-12-29T11:00:00
ALLOC-0002281,2026-02,FPS-0541,RICE,147,147,WH-016,APPROVED,SYSTEM,OFF-00001,2025-12-29T11:00:00
ALLOC-0002282,2026-02,FPS-0541,WHEAT,124,124,WH-016,APPROVED,SYSTEM,OFF-00001,2025-12-29T11:00:00
ALLOC-0002283,2026-02,FPS-0542,RICE,151,151,WH-017,APPROVED,SYSTEM,OFF-00001,2025-12-29T11:00:00
ALLOC-0002284,2026-02,FPS-0542,WHEAT,129,129,WH-017,APPROVED,SYSTEM,OFF-00001,2025-12-29T11:00:00
ALLOC-0002285,2026-02,FPS-0543,RICE,172,172,WH-018,APPROVED,SYSTEM,OFF-00001,2025-12-29T11:00:00
ALLOC-0002286,2026-02,FPS-0543,WHEAT,138,138,WH-018,APPROVED,SYSTEM,OFF-00001,2025-12-29T11:00:00
ALLOC-0002287,2026-02,FPS-0544,RICE,169,169,WH-019,APPROVED,SYSTEM,OFF-00001,2025-12-29T11:00:00
ALLOC-0002288,2026-02,FPS-0544,WHEAT,139,139,WH-019,APPROVED,SYSTEM,OFF-00001,2025-12-29T11:00:00
ALLOC-0002289,2026-02,FPS-0545,RICE,116,116,WH-020,APPROVED,SYSTEM,OFF-00001,2025-12-29T11:00:00
ALLOC-0002290,2026-02,FPS-0545,WHEAT,110,110,WH-020,APPROVED,SYSTEM,OFF-00001,2025-12-29T11:00:00
ALLOC-0002291,2026-02,FPS-0546,RICE,221,221,WH-021,APPROVED,SYSTEM,OFF-00001,2025-12-29T11:00:00
ALLOC-0002292,2026-02,FPS-0546,WHEAT,153,153,WH-021,APPROVED,SYSTEM,OFF-00001,2025-12-29T11:00:00
ALLOC-0002293,2026-02,FPS-0547,RICE,143,143,WH-022,APPROVED,SYSTEM,OFF-00001,2025-12-29T11:00:00
ALLOC-0002294,2026-02,FPS-0547,WHEAT,130,130,WH-022,APPROVED,SYSTEM,OFF-00001,2025-12-29T11:00:00
ALLOC-0002295,2026-02,FPS-0548,RICE,154,154,WH-023,APPROVED,SYSTEM,OFF-00001,2025-12-29T11:00:00
ALLOC-0002296,2026-02,FPS-0548,WHEAT,136,136,WH-023,APPROVED,SYSTEM,OFF-00001,2025-12-29T11:00:00
ALLOC-0002297,2026-02,FPS-0549,RICE,204,204,WH-024,APPROVED,SYSTEM,OFF-00001,2025-12-29T11:00:00
ALLOC-0002298,2026-02,FPS-0549,WHEAT,151,151,WH-024,APPROVED,SYSTEM,OFF-00001,2025-12-29T11:00:00
ALLOC-0002299,2026-02,FPS-0550,RICE,141,141,WH-025,APPROVED,SYSTEM,OFF-00001,2025-12-29T11:00:00
ALLOC-0002300,2026-02,FPS-0550,WHEAT,110,110,WH-025,APPROVED,SYSTEM,OFF-00001,2025-12-29T11:00:00
ALLOC-0002301,2026-02,FPS-0551,RICE,150,0,WH-001,BLOCKED,SYSTEM,OFF-00001,2025-12-29T11:00:00
ALLOC-0002302,2026-02,FPS-0551,WHEAT,144,144,WH-001,APPROVED,SYSTEM,OFF-00001,2025-12-29T11:00:00
ALLOC-0002303,2026-02,FPS-0552,RICE,128,128,WH-002,APPROVED,SYSTEM,OFF-00001,2025-12-29T11:00:00
ALLOC-0002304,2026-02,FPS-0552,WHEAT,118,118,WH-002,APPROVED,SYSTEM,OFF-00001,2025-12-29T11:00:00
ALLOC-0002305,2026-02,FPS-0553,RICE,225,225,WH-003,APPROVED,SYSTEM,OFF-00001,2025-12-29T11:00:00
ALLOC-0002306,2026-02,FPS-0553,WHEAT,161,161,WH-003,APPROVED,SYSTEM,OFF-00001,2025-12-29T11:00:00
ALLOC-0002307,2026-02,FPS-0554,RICE,142,142,WH-004,APPROVED,SYSTEM,OFF-00001,2025-12-29T11:00:00
ALLOC-0002308,2026-02,FPS-0554,WHEAT,129,129,WH-004,APPROVED,SYSTEM,OFF-00001,2025-12-29T11:00:00
ALLOC-0002309,2026-02,FPS-0555,RICE,206,206,WH-005,APPROVED,SYSTEM,OFF-00001,2025-12-29T11:00:00
ALLOC-0002310,2026-02,FPS-0555,WHEAT,145,145,WH-005,APPROVED,SYSTEM,OFF-00001,2025-12-29T11:00:00
ALLOC-0002311,2026-02,FPS-0556,RICE,181,181,WH-006,APPROVED,SYSTEM,OFF-00001,2025-12-29T11:00:00
ALLOC-0002312,2026-02,FPS-0556,WHEAT,148,148,WH-006,APPROVED,SYSTEM,OFF-00001,2025-12-29T11:00:00
ALLOC-0002313,2026-02,FPS-0557,RICE,214,214,WH-007,APPROVED,SYSTEM,OFF-00001,2025-12-29T11:00:00
ALLOC-0002314,2026-02,FPS-0557,WHEAT,153,153,WH-007,APPROVED,SYSTEM,OFF-00001,2025-12-29T11:00:00
ALLOC-0002315,2026-02,FPS-0558,RICE,245,245,WH-008,APPROVED,SYSTEM,OFF-00001,2025-12-29T11:00:00
ALLOC-0002316,2026-02,FPS-0558,WHEAT,188,188,WH-008,APPROVED,SYSTEM,OFF-00001,2025-12-29T11:00:00
ALLOC-0002317,2026-02,FPS-0559,RICE,133,133,WH-009,APPROVED,SYSTEM,OFF-00001,2025-12-29T11:00:00
ALLOC-0002318,2026-02,FPS-0559,WHEAT,114,114,WH-009,APPROVED,SYSTEM,OFF-00001,2025-12-29T11:00:00
ALLOC-0002319,2026-02,FPS-0560,RICE,217,217,WH-010,APPROVED,SYSTEM,OFF-00001,2025-12-29T11:00:00
ALLOC-0002320,2026-02,FPS-0560,WHEAT,155,155,WH-010,APPROVED,SYSTEM,OFF-00001,2025-12-29T11:00:00
ALLOC-0002321,2026-02,FPS-0561,RICE,163,163,WH-011,APPROVED,SYSTEM,OFF-00001,2025-12-29T11:00:00
ALLOC-0002322,2026-02,FPS-0561,WHEAT,135,135,WH-011,APPROVED,SYSTEM,OFF-00001,2025-12-29T11:00:00
ALLOC-0002323,2026-02,FPS-0562,RICE,224,224,WH-012,APPROVED,SYSTEM,OFF-00001,2025-12-29T11:00:00
ALLOC-0002324,2026-02,FPS-0562,WHEAT,170,170,WH-012,APPROVED,SYSTEM,OFF-00001,2025-12-29T11:00:00
ALLOC-0002325,2026-02,FPS-0563,RICE,256,256,WH-013,APPROVED,SYSTEM,OFF-00001,2025-12-29T11:00:00
ALLOC-0002326,2026-02,FPS-0563,WHEAT,186,186,WH-013,APPROVED,SYSTEM,OFF-00001,2025-12-29T11:00:00
ALLOC-0002327,2026-02,FPS-0564,RICE,150,150,WH-014,APPROVED,SYSTEM,OFF-00001,2025-12-29T11:00:00
ALLOC-0002328,2026-02,FPS-0564,WHEAT,120,120,WH-014,APPROVED,SYSTEM,OFF-00001,2025-12-29T11:00:00
ALLOC-0002329,2026-02,FPS-0565,RICE,152,152,WH-015,APPROVED,SYSTEM,OFF-00001,2025-12-29T11:00:00
ALLOC-0002330,2026-02,FPS-0565,WHEAT,138,138,WH-015,APPROVED,SYSTEM,OFF-00001,2025-12-29T11:00:00
ALLOC-0002331,2026-02,FPS-0566,RICE,141,141,WH-016,APPROVED,SYSTEM,OFF-00001,2025-12-29T11:00:00
ALLOC-0002332,2026-02,FPS-0566,WHEAT,123,123,WH-016,APPROVED,SYSTEM,OFF-00001,2025-12-29T11:00:00
ALLOC-0002333,2026-02,FPS-0567,RICE,153,153,WH-017,APPROVED,SYSTEM,OFF-00001,2025-12-29T11:00:00
ALLOC-0002334,2026-02,FPS-0567,WHEAT,130,130,WH-017,APPROVED,SYSTEM,OFF-00001,2025-12-29T11:00:00
ALLOC-0002335,2026-02,FPS-0568,RICE,232,232,WH-018,APPROVED,SYSTEM,OFF-00001,2025-12-29T11:00:00
ALLOC-0002336,2026-02,FPS-0568,WHEAT,151,151,WH-018,APPROVED,SYSTEM,OFF-00001,2025-12-29T11:00:00
ALLOC-0002337,2026-02,FPS-0569,RICE,228,228,WH-019,APPROVED,SYSTEM,OFF-00001,2025-12-29T11:00:00
ALLOC-0002338,2026-02,FPS-0569,WHEAT,147,147,WH-019,APPROVED,SYSTEM,OFF-00001,2025-12-29T11:00:00
ALLOC-0002339,2026-02,FPS-0570,RICE,115,115,WH-020,APPROVED,SYSTEM,OFF-00001,2025-12-29T11:00:00
ALLOC-0002340,2026-02,FPS-0570,WHEAT,109,109,WH-020,APPROVED,SYSTEM,OFF-00001,2025-12-29T11:00:00
ALLOC-0002341,2026-02,FPS-0571,RICE,143,143,WH-021,APPROVED,SYSTEM,OFF-00001,2025-12-29T11:00:00
ALLOC-0002342,2026-02,FPS-0571,WHEAT,117,117,WH-021,APPROVED,SYSTEM,OFF-00001,2025-12-29T11:00:00
ALLOC-0002343,2026-02,FPS-0572,RICE,231,231,WH-022,APPROVED,SYSTEM,OFF-00001,2025-12-29T11:00:00
ALLOC-0002344,2026-02,FPS-0572,WHEAT,158,158,WH-022,APPROVED,SYSTEM,OFF-00001,2025-12-29T11:00:00
ALLOC-0002345,2026-02,FPS-0573,RICE,142,142,WH-023,APPROVED,SYSTEM,OFF-00001,2025-12-29T11:00:00
ALLOC-0002346,2026-02,FPS-0573,WHEAT,130,130,WH-023,APPROVED,SYSTEM,OFF-00001,2025-12-29T11:00:00
ALLOC-0002347,2026-02,FPS-0574,RICE,166,166,WH-024,APPROVED,SYSTEM,OFF-00001,2025-12-29T11:00:00
ALLOC-0002348,2026-02,FPS-0574,WHEAT,125,125,WH-024,APPROVED,SYSTEM,OFF-00001,2025-12-29T11:00:00
ALLOC-0002349,2026-02,FPS-0575,RICE,260,260,WH-025,APPROVED,SYSTEM,OFF-00001,2025-12-29T11:00:00
ALLOC-0002350,2026-02,FPS-0575,WHEAT,188,188,WH-025,APPROVED,SYSTEM,OFF-00001,2025-12-29T11:00:00
ALLOC-0002351,2026-02,FPS-0576,RICE,131,0,WH-001,BLOCKED,SYSTEM,OFF-00001,2025-12-29T11:00:00
ALLOC-0002352,2026-02,FPS-0576,WHEAT,126,126,WH-001,APPROVED,SYSTEM,OFF-00001,2025-12-29T11:00:00
ALLOC-0002353,2026-02,FPS-0577,RICE,143,143,WH-002,APPROVED,SYSTEM,OFF-00001,2025-12-29T11:00:00
ALLOC-0002354,2026-02,FPS-0577,WHEAT,117,117,WH-002,APPROVED,SYSTEM,OFF-00001,2025-12-29T11:00:00
ALLOC-0002355,2026-02,FPS-0578,RICE,131,131,WH-003,APPROVED,SYSTEM,OFF-00001,2025-12-29T11:00:00
ALLOC-0002356,2026-02,FPS-0578,WHEAT,118,118,WH-003,APPROVED,SYSTEM,OFF-00001,2025-12-29T11:00:00
ALLOC-0002357,2026-02,FPS-0579,RICE,155,155,WH-004,APPROVED,SYSTEM,OFF-00001,2025-12-29T11:00:00
ALLOC-0002358,2026-02,FPS-0579,WHEAT,141,141,WH-004,APPROVED,SYSTEM,OFF-00001,2025-12-29T11:00:00
ALLOC-0002359,2026-02,FPS-0580,RICE,214,214,WH-005,APPROVED,SYSTEM,OFF-00001,2025-12-29T11:00:00
ALLOC-0002360,2026-02,FPS-0580,WHEAT,148,148,WH-005,APPROVED,SYSTEM,OFF-00001,2025-12-29T11:00:00
ALLOC-0002361,2026-02,FPS-0581,RICE,149,149,WH-006,APPROVED,SYSTEM,OFF-00001,2025-12-29T11:00:00
ALLOC-0002362,2026-02,FPS-0581,WHEAT,143,143,WH-006,APPROVED,SYSTEM,OFF-00001,2025-12-29T11:00:00
ALLOC-0002363,2026-02,FPS-0582,RICE,98,98,WH-007,APPROVED,SYSTEM,OFF-00001,2025-12-29T11:00:00
ALLOC-0002364,2026-02,FPS-0582,WHEAT,91,91,WH-007,APPROVED,SYSTEM,OFF-00001,2025-12-29T11:00:00
ALLOC-0002365,2026-02,FPS-0583,RICE,163,163,WH-008,APPROVED,SYSTEM,OFF-00001,2025-12-29T11:00:00
ALLOC-0002366,2026-02,FPS-0583,WHEAT,136,136,WH-008,APPROVED,SYSTEM,OFF-00001,2025-12-29T11:00:00
ALLOC-0002367,2026-02,FPS-0584,RICE,138,138,WH-009,APPROVED,SYSTEM,OFF-00001,2025-12-29T11:00:00
ALLOC-0002368,2026-02,FPS-0584,WHEAT,122,122,WH-009,APPROVED,SYSTEM,OFF-00001,2025-12-29T11:00:00
ALLOC-0002369,2026-02,FPS-0585,RICE,132,132,WH-010,APPROVED,SYSTEM,OFF-00001,2025-12-29T11:00:00
ALLOC-0002370,2026-02,FPS-0585,WHEAT,114,114,WH-010,APPROVED,SYSTEM,OFF-00001,2025-12-29T11:00:00
ALLOC-0002371,2026-02,FPS-0586,RICE,156,156,WH-011,APPROVED,SYSTEM,OFF-00001,2025-12-29T11:00:00
ALLOC-0002372,2026-02,FPS-0586,WHEAT,136,136,WH-011,APPROVED,SYSTEM,OFF-00001,2025-12-29T11:00:00
ALLOC-0002373,2026-02,FPS-0587,RICE,161,161,WH-012,APPROVED,SYSTEM,OFF-00001,2025-12-29T11:00:00
ALLOC-0002374,2026-02,FPS-0587,WHEAT,133,133,WH-012,APPROVED,SYSTEM,OFF-00001,2025-12-29T11:00:00
ALLOC-0002375,2026-02,FPS-0588,RICE,167,167,WH-013,APPROVED,SYSTEM,OFF-00001,2025-12-29T11:00:00
ALLOC-0002376,2026-02,FPS-0588,WHEAT,130,130,WH-013,APPROVED,SYSTEM,OFF-00001,2025-12-29T11:00:00
ALLOC-0002377,2026-02,FPS-0589,RICE,165,165,WH-014,APPROVED,SYSTEM,OFF-00001,2025-12-29T11:00:00
ALLOC-0002378,2026-02,FPS-0589,WHEAT,136,136,WH-014,APPROVED,SYSTEM,OFF-00001,2025-12-29T11:00:00
ALLOC-0002379,2026-02,FPS-0590,RICE,156,156,WH-015,APPROVED,SYSTEM,OFF-00001,2025-12-29T11:00:00
ALLOC-0002380,2026-02,FPS-0590,WHEAT,126,126,WH-015,APPROVED,SYSTEM,OFF-00001,2025-12-29T11:00:00
ALLOC-0002381,2026-02,FPS-0591,RICE,146,146,WH-016,APPROVED,SYSTEM,OFF-00001,2025-12-29T11:00:00
ALLOC-0002382,2026-02,FPS-0591,WHEAT,126,126,WH-016,APPROVED,SYSTEM,OFF-00001,2025-12-29T11:00:00
ALLOC-0002383,2026-02,FPS-0592,RICE,171,171,WH-017,APPROVED,SYSTEM,OFF-00001,2025-12-29T11:00:00
ALLOC-0002384,2026-02,FPS-0592,WHEAT,144,144,WH-017,APPROVED,SYSTEM,OFF-00001,2025-12-29T11:00:00
ALLOC-0002385,2026-02,FPS-0593,RICE,245,245,WH-018,APPROVED,SYSTEM,OFF-00001,2025-12-29T11:00:00
ALLOC-0002386,2026-02,FPS-0593,WHEAT,172,172,WH-018,APPROVED,SYSTEM,OFF-00001,2025-12-29T11:00:00
ALLOC-0002387,2026-02,FPS-0594,RICE,170,170,WH-019,APPROVED,SYSTEM,OFF-00001,2025-12-29T11:00:00
ALLOC-0002388,2026-02,FPS-0594,WHEAT,149,149,WH-019,APPROVED,SYSTEM,OFF-00001,2025-12-29T11:00:00
ALLOC-0002389,2026-02,FPS-0595,RICE,139,139,WH-020,APPROVED,SYSTEM,OFF-00001,2025-12-29T11:00:00
ALLOC-0002390,2026-02,FPS-0595,WHEAT,127,127,WH-020,APPROVED,SYSTEM,OFF-00001,2025-12-29T11:00:00
ALLOC-0002391,2026-02,FPS-0596,RICE,153,153,WH-021,APPROVED,SYSTEM,OFF-00001,2025-12-29T11:00:00
ALLOC-0002392,2026-02,FPS-0596,WHEAT,150,150,WH-021,APPROVED,SYSTEM,OFF-00001,2025-12-29T11:00:00
ALLOC-0002393,2026-02,FPS-0597,RICE,345,345,WH-022,APPROVED,SYSTEM,OFF-00001,2025-12-29T11:00:00
ALLOC-0002394,2026-02,FPS-0597,WHEAT,213,213,WH-022,APPROVED,SYSTEM,OFF-00001,2025-12-29T11:00:00
ALLOC-0002395,2026-02,FPS-0598,RICE,186,186,WH-023,APPROVED,SYSTEM,OFF-00001,2025-12-29T11:00:00
ALLOC-0002396,2026-02,FPS-0598,WHEAT,133,133,WH-023,APPROVED,SYSTEM,OFF-00001,2025-12-29T11:00:00
ALLOC-0002397,2026-02,FPS-0599,RICE,128,128,WH-024,APPROVED,SYSTEM,OFF-00001,2025-12-29T11:00:00
ALLOC-0002398,2026-02,FPS-0599,WHEAT,119,119,WH-024,APPROVED,SYSTEM,OFF-00001,2025-12-29T11:00:00
ALLOC-0002399,2026-02,FPS-0600,RICE,133,133,WH-025,APPROVED,SYSTEM,OFF-00001,2025-12-29T11:00:00
ALLOC-0002400,2026-02,FPS-0600,WHEAT,119,119,WH-025,APPROVED,SYSTEM,OFF-00001,2025-12-29T11:00:00
ALLOC-0002401,2026-03,FPS-0001,RICE,290,290,WH-001,APPROVED,SYSTEM,OFF-00001,2025-12-29T11:00:00
ALLOC-0002402,2026-03,FPS-0001,WHEAT,210,210,WH-001,APPROVED,SYSTEM,OFF-00001,2025-12-29T11:00:00
ALLOC-0002403,2026-03,FPS-0002,RICE,187,187,WH-002,APPROVED,SYSTEM,OFF-00001,2025-12-29T11:00:00
ALLOC-0002404,2026-03,FPS-0002,WHEAT,186,186,WH-002,APPROVED,SYSTEM,OFF-00001,2025-12-29T11:00:00
ALLOC-0002405,2026-03,FPS-0003,RICE,283,283,WH-003,APPROVED,SYSTEM,OFF-00001,2025-12-29T11:00:00
ALLOC-0002406,2026-03,FPS-0003,WHEAT,192,192,WH-003,APPROVED,SYSTEM,OFF-00001,2025-12-29T11:00:00
ALLOC-0002407,2026-03,FPS-0004,RICE,195,195,WH-004,APPROVED,SYSTEM,OFF-00001,2025-12-29T11:00:00
ALLOC-0002408,2026-03,FPS-0004,WHEAT,197,197,WH-004,APPROVED,SYSTEM,OFF-00001,2025-12-29T11:00:00
ALLOC-0002409,2026-03,FPS-0005,RICE,189,189,WH-005,APPROVED,SYSTEM,OFF-00001,2025-12-29T11:00:00
ALLOC-0002410,2026-03,FPS-0005,WHEAT,192,192,WH-005,APPROVED,SYSTEM,OFF-00001,2025-12-29T11:00:00
ALLOC-0002411,2026-03,FPS-0006,RICE,277,277,WH-006,APPROVED,SYSTEM,OFF-00001,2025-12-29T11:00:00
ALLOC-0002412,2026-03,FPS-0006,WHEAT,207,207,WH-006,APPROVED,SYSTEM,OFF-00001,2025-12-29T11:00:00
ALLOC-0002413,2026-03,FPS-0007,RICE,187,187,WH-007,APPROVED,SYSTEM,OFF-00001,2025-12-29T11:00:00
ALLOC-0002414,2026-03,FPS-0007,WHEAT,228,228,WH-007,APPROVED,SYSTEM,OFF-00001,2025-12-29T11:00:00
ALLOC-0002415,2026-03,FPS-0008,RICE,185,185,WH-008,APPROVED,SYSTEM,OFF-00001,2025-12-29T11:00:00
ALLOC-0002416,2026-03,FPS-0008,WHEAT,206,206,WH-008,APPROVED,SYSTEM,OFF-00001,2025-12-29T11:00:00
ALLOC-0002417,2026-03,FPS-0009,RICE,194,194,WH-009,APPROVED,SYSTEM,OFF-00001,2025-12-29T11:00:00
ALLOC-0002418,2026-03,FPS-0009,WHEAT,194,194,WH-009,APPROVED,SYSTEM,OFF-00001,2025-12-29T11:00:00
ALLOC-0002419,2026-03,FPS-0010,RICE,256,256,WH-010,APPROVED,SYSTEM,OFF-00001,2025-12-29T11:00:00
ALLOC-0002420,2026-03,FPS-0010,WHEAT,184,184,WH-010,APPROVED,SYSTEM,OFF-00001,2025-12-29T11:00:00
ALLOC-0002421,2026-03,FPS-0011,RICE,199,199,WH-011,APPROVED,SYSTEM,OFF-00001,2025-12-29T11:00:00
ALLOC-0002422,2026-03,FPS-0011,WHEAT,176,176,WH-011,APPROVED,SYSTEM,OFF-00001,2025-12-29T11:00:00
ALLOC-0002423,2026-03,FPS-0012,RICE,241,241,WH-012,APPROVED,SYSTEM,OFF-00001,2025-12-29T11:00:00
ALLOC-0002424,2026-03,FPS-0012,WHEAT,204,204,WH-012,APPROVED,SYSTEM,OFF-00001,2025-12-29T11:00:00
ALLOC-0002425,2026-03,FPS-0013,RICE,222,222,WH-013,APPROVED,SYSTEM,OFF-00001,2025-12-29T11:00:00
ALLOC-0002426,2026-03,FPS-0013,WHEAT,178,178,WH-013,APPROVED,SYSTEM,OFF-00001,2025-12-29T11:00:00
ALLOC-0002427,2026-03,FPS-0014,RICE,200,200,WH-014,APPROVED,SYSTEM,OFF-00001,2025-12-29T11:00:00
ALLOC-0002428,2026-03,FPS-0014,WHEAT,178,178,WH-014,APPROVED,SYSTEM,OFF-00001,2025-12-29T11:00:00
ALLOC-0002429,2026-03,FPS-0015,RICE,193,193,WH-015,APPROVED,SYSTEM,OFF-00001,2025-12-29T11:00:00
ALLOC-0002430,2026-03,FPS-0015,WHEAT,196,196,WH-015,APPROVED,SYSTEM,OFF-00001,2025-12-29T11:00:00
ALLOC-0002431,2026-03,FPS-0016,RICE,204,204,WH-016,APPROVED,SYSTEM,OFF-00001,2025-12-29T11:00:00
ALLOC-0002432,2026-03,FPS-0016,WHEAT,193,193,WH-016,APPROVED,SYSTEM,OFF-00001,2025-12-29T11:00:00
ALLOC-0002433,2026-03,FPS-0017,RICE,201,201,WH-017,APPROVED,SYSTEM,OFF-00001,2025-12-29T11:00:00
ALLOC-0002434,2026-03,FPS-0017,WHEAT,202,202,WH-017,APPROVED,SYSTEM,OFF-00001,2025-12-29T11:00:00
ALLOC-0002435,2026-03,FPS-0018,RICE,250,250,WH-018,APPROVED,SYSTEM,OFF-00001,2025-12-29T11:00:00
ALLOC-0002436,2026-03,FPS-0018,WHEAT,212,212,WH-018,APPROVED,SYSTEM,OFF-00001,2025-12-29T11:00:00
ALLOC-0002437,2026-03,FPS-0019,RICE,219,219,WH-019,APPROVED,SYSTEM,OFF-00001,2025-12-29T11:00:00
ALLOC-0002438,2026-03,FPS-0019,WHEAT,208,208,WH-019,APPROVED,SYSTEM,OFF-00001,2025-12-29T11:00:00
ALLOC-0002439,2026-03,FPS-0020,RICE,202,202,WH-020,APPROVED,SYSTEM,OFF-00001,2025-12-29T11:00:00
ALLOC-0002440,2026-03,FPS-0020,WHEAT,194,194,WH-020,APPROVED,SYSTEM,OFF-00001,2025-12-29T11:00:00
ALLOC-0002441,2026-03,FPS-0021,RICE,291,291,WH-021,APPROVED,SYSTEM,OFF-00001,2025-12-29T11:00:00
ALLOC-0002442,2026-03,FPS-0021,WHEAT,210,210,WH-021,APPROVED,SYSTEM,OFF-00001,2025-12-29T11:00:00
ALLOC-0002443,2026-03,FPS-0022,RICE,198,198,WH-022,APPROVED,SYSTEM,OFF-00001,2025-12-29T11:00:00
ALLOC-0002444,2026-03,FPS-0022,WHEAT,178,178,WH-022,APPROVED,SYSTEM,OFF-00001,2025-12-29T11:00:00
ALLOC-0002445,2026-03,FPS-0023,RICE,202,202,WH-023,APPROVED,SYSTEM,OFF-00001,2025-12-29T11:00:00
ALLOC-0002446,2026-03,FPS-0023,WHEAT,172,172,WH-023,APPROVED,SYSTEM,OFF-00001,2025-12-29T11:00:00
ALLOC-0002447,2026-03,FPS-0024,RICE,216,216,WH-024,APPROVED,SYSTEM,OFF-00001,2025-12-29T11:00:00
ALLOC-0002448,2026-03,FPS-0024,WHEAT,201,201,WH-024,APPROVED,SYSTEM,OFF-00001,2025-12-29T11:00:00
ALLOC-0002449,2026-03,FPS-0025,RICE,294,294,WH-025,APPROVED,SYSTEM,OFF-00001,2025-12-29T11:00:00
ALLOC-0002450,2026-03,FPS-0025,WHEAT,181,181,WH-025,APPROVED,SYSTEM,OFF-00001,2025-12-29T11:00:00
ALLOC-0002451,2026-03,FPS-0026,RICE,194,194,WH-001,APPROVED,SYSTEM,OFF-00001,2025-12-29T11:00:00
ALLOC-0002452,2026-03,FPS-0026,WHEAT,203,203,WH-001,APPROVED,SYSTEM,OFF-00001,2025-12-29T11:00:00
ALLOC-0002453,2026-03,FPS-0027,RICE,203,203,WH-002,APPROVED,SYSTEM,OFF-00001,2025-12-29T11:00:00
ALLOC-0002454,2026-03,FPS-0027,WHEAT,172,172,WH-002,APPROVED,SYSTEM,OFF-00001,2025-12-29T11:00:00
ALLOC-0002455,2026-03,FPS-0028,RICE,182,182,WH-003,APPROVED,SYSTEM,OFF-00001,2025-12-29T11:00:00
ALLOC-0002456,2026-03,FPS-0028,WHEAT,179,179,WH-003,APPROVED,SYSTEM,OFF-00001,2025-12-29T11:00:00
ALLOC-0002457,2026-03,FPS-0029,RICE,242,242,WH-004,APPROVED,SYSTEM,OFF-00001,2025-12-29T11:00:00
ALLOC-0002458,2026-03,FPS-0029,WHEAT,175,175,WH-004,APPROVED,SYSTEM,OFF-00001,2025-12-29T11:00:00
ALLOC-0002459,2026-03,FPS-0030,RICE,170,170,WH-005,APPROVED,SYSTEM,OFF-00001,2025-12-29T11:00:00
ALLOC-0002460,2026-03,FPS-0030,WHEAT,192,192,WH-005,APPROVED,SYSTEM,OFF-00001,2025-12-29T11:00:00
ALLOC-0002461,2026-03,FPS-0031,RICE,194,194,WH-006,APPROVED,SYSTEM,OFF-00001,2025-12-29T11:00:00
ALLOC-0002462,2026-03,FPS-0031,WHEAT,191,191,WH-006,APPROVED,SYSTEM,OFF-00001,2025-12-29T11:00:00
ALLOC-0002463,2026-03,FPS-0032,RICE,184,184,WH-007,APPROVED,SYSTEM,OFF-00001,2025-12-29T11:00:00
ALLOC-0002464,2026-03,FPS-0032,WHEAT,186,186,WH-007,APPROVED,SYSTEM,OFF-00001,2025-12-29T11:00:00
ALLOC-0002465,2026-03,FPS-0033,RICE,199,199,WH-008,APPROVED,SYSTEM,OFF-00001,2025-12-29T11:00:00
ALLOC-0002466,2026-03,FPS-0033,WHEAT,193,193,WH-008,APPROVED,SYSTEM,OFF-00001,2025-12-29T11:00:00
ALLOC-0002467,2026-03,FPS-0034,RICE,209,209,WH-009,APPROVED,SYSTEM,OFF-00001,2025-12-29T11:00:00
ALLOC-0002468,2026-03,FPS-0034,WHEAT,198,198,WH-009,APPROVED,SYSTEM,OFF-00001,2025-12-29T11:00:00
ALLOC-0002469,2026-03,FPS-0035,RICE,211,211,WH-010,APPROVED,SYSTEM,OFF-00001,2025-12-29T11:00:00
ALLOC-0002470,2026-03,FPS-0035,WHEAT,201,201,WH-010,APPROVED,SYSTEM,OFF-00001,2025-12-29T11:00:00
ALLOC-0002471,2026-03,FPS-0036,RICE,261,261,WH-011,APPROVED,SYSTEM,OFF-00001,2025-12-29T11:00:00
ALLOC-0002472,2026-03,FPS-0036,WHEAT,198,198,WH-011,APPROVED,SYSTEM,OFF-00001,2025-12-29T11:00:00
ALLOC-0002473,2026-03,FPS-0037,RICE,211,211,WH-012,APPROVED,SYSTEM,OFF-00001,2025-12-29T11:00:00
ALLOC-0002474,2026-03,FPS-0037,WHEAT,185,185,WH-012,APPROVED,SYSTEM,OFF-00001,2025-12-29T11:00:00
ALLOC-0002475,2026-03,FPS-0038,RICE,237,237,WH-013,APPROVED,SYSTEM,OFF-00001,2025-12-29T11:00:00
ALLOC-0002476,2026-03,FPS-0038,WHEAT,194,194,WH-013,APPROVED,SYSTEM,OFF-00001,2025-12-29T11:00:00
ALLOC-0002477,2026-03,FPS-0039,RICE,200,200,WH-014,APPROVED,SYSTEM,OFF-00001,2025-12-29T11:00:00
ALLOC-0002478,2026-03,FPS-0039,WHEAT,206,206,WH-014,APPROVED,SYSTEM,OFF-00001,2025-12-29T11:00:00
ALLOC-0002479,2026-03,FPS-0040,RICE,202,202,WH-015,APPROVED,SYSTEM,OFF-00001,2025-12-29T11:00:00
ALLOC-0002480,2026-03,FPS-0040,WHEAT,191,191,WH-015,APPROVED,SYSTEM,OFF-00001,2025-12-29T11:00:00
ALLOC-0002481,2026-03,FPS-0041,RICE,192,192,WH-016,APPROVED,SYSTEM,OFF-00001,2025-12-29T11:00:00
ALLOC-0002482,2026-03,FPS-0041,WHEAT,194,194,WH-016,APPROVED,SYSTEM,OFF-00001,2025-12-29T11:00:00
ALLOC-0002483,2026-03,FPS-0042,RICE,177,177,WH-017,APPROVED,SYSTEM,OFF-00001,2025-12-29T11:00:00
ALLOC-0002484,2026-03,FPS-0042,WHEAT,210,210,WH-017,APPROVED,SYSTEM,OFF-00001,2025-12-29T11:00:00
ALLOC-0002485,2026-03,FPS-0043,RICE,198,198,WH-018,APPROVED,SYSTEM,OFF-00001,2025-12-29T11:00:00
ALLOC-0002486,2026-03,FPS-0043,WHEAT,184,184,WH-018,APPROVED,SYSTEM,OFF-00001,2025-12-29T11:00:00
ALLOC-0002487,2026-03,FPS-0044,RICE,196,196,WH-019,APPROVED,SYSTEM,OFF-00001,2025-12-29T11:00:00
ALLOC-0002488,2026-03,FPS-0044,WHEAT,186,186,WH-019,APPROVED,SYSTEM,OFF-00001,2025-12-29T11:00:00
ALLOC-0002489,2026-03,FPS-0045,RICE,228,228,WH-020,APPROVED,SYSTEM,OFF-00001,2025-12-29T11:00:00
ALLOC-0002490,2026-03,FPS-0045,WHEAT,194,194,WH-020,APPROVED,SYSTEM,OFF-00001,2025-12-29T11:00:00
ALLOC-0002491,2026-03,FPS-0046,RICE,183,183,WH-021,APPROVED,SYSTEM,OFF-00001,2025-12-29T11:00:00
ALLOC-0002492,2026-03,FPS-0046,WHEAT,181,181,WH-021,APPROVED,SYSTEM,OFF-00001,2025-12-29T11:00:00
ALLOC-0002493,2026-03,FPS-0047,RICE,262,262,WH-022,APPROVED,SYSTEM,OFF-00001,2025-12-29T11:00:00
ALLOC-0002494,2026-03,FPS-0047,WHEAT,187,187,WH-022,APPROVED,SYSTEM,OFF-00001,2025-12-29T11:00:00
ALLOC-0002495,2026-03,FPS-0048,RICE,183,183,WH-023,APPROVED,SYSTEM,OFF-00001,2025-12-29T11:00:00
ALLOC-0002496,2026-03,FPS-0048,WHEAT,177,177,WH-023,APPROVED,SYSTEM,OFF-00001,2025-12-29T11:00:00
ALLOC-0002497,2026-03,FPS-0049,RICE,218,218,WH-024,APPROVED,SYSTEM,OFF-00001,2025-12-29T11:00:00
ALLOC-0002498,2026-03,FPS-0049,WHEAT,208,208,WH-024,APPROVED,SYSTEM,OFF-00001,2025-12-29T11:00:00
ALLOC-0002499,2026-03,FPS-0050,RICE,295,295,WH-025,APPROVED,SYSTEM,OFF-00001,2025-12-29T11:00:00
ALLOC-0002500,2026-03,FPS-0050,WHEAT,196,196,WH-025,APPROVED,SYSTEM,OFF-00001,2025-12-29T11:00:00
ALLOC-0002501,2026-03,FPS-0051,RICE,214,214,WH-001,APPROVED,SYSTEM,OFF-00001,2025-12-29T11:00:00
ALLOC-0002502,2026-03,FPS-0051,WHEAT,164,164,WH-001,APPROVED,SYSTEM,OFF-00001,2025-12-29T11:00:00
ALLOC-0002503,2026-03,FPS-0052,RICE,267,267,WH-002,APPROVED,SYSTEM,OFF-00001,2025-12-29T11:00:00
ALLOC-0002504,2026-03,FPS-0052,WHEAT,186,186,WH-002,APPROVED,SYSTEM,OFF-00001,2025-12-29T11:00:00
ALLOC-0002505,2026-03,FPS-0053,RICE,197,197,WH-003,APPROVED,SYSTEM,OFF-00001,2025-12-29T11:00:00
ALLOC-0002506,2026-03,FPS-0053,WHEAT,191,191,WH-003,APPROVED,SYSTEM,OFF-00001,2025-12-29T11:00:00
ALLOC-0002507,2026-03,FPS-0054,RICE,194,194,WH-004,APPROVED,SYSTEM,OFF-00001,2025-12-29T11:00:00
ALLOC-0002508,2026-03,FPS-0054,WHEAT,189,189,WH-004,APPROVED,SYSTEM,OFF-00001,2025-12-29T11:00:00
ALLOC-0002509,2026-03,FPS-0055,RICE,233,233,WH-005,APPROVED,SYSTEM,OFF-00001,2025-12-29T11:00:00
ALLOC-0002510,2026-03,FPS-0055,WHEAT,186,186,WH-005,APPROVED,SYSTEM,OFF-00001,2025-12-29T11:00:00
ALLOC-0002511,2026-03,FPS-0056,RICE,197,197,WH-006,APPROVED,SYSTEM,OFF-00001,2025-12-29T11:00:00
ALLOC-0002512,2026-03,FPS-0056,WHEAT,183,183,WH-006,APPROVED,SYSTEM,OFF-00001,2025-12-29T11:00:00
ALLOC-0002513,2026-03,FPS-0057,RICE,244,244,WH-007,APPROVED,SYSTEM,OFF-00001,2025-12-29T11:00:00
ALLOC-0002514,2026-03,FPS-0057,WHEAT,195,195,WH-007,APPROVED,SYSTEM,OFF-00001,2025-12-29T11:00:00
ALLOC-0002515,2026-03,FPS-0058,RICE,213,213,WH-008,APPROVED,SYSTEM,OFF-00001,2025-12-29T11:00:00
ALLOC-0002516,2026-03,FPS-0058,WHEAT,186,186,WH-008,APPROVED,SYSTEM,OFF-00001,2025-12-29T11:00:00
ALLOC-0002517,2026-03,FPS-0059,RICE,210,210,WH-009,APPROVED,SYSTEM,OFF-00001,2025-12-29T11:00:00
ALLOC-0002518,2026-03,FPS-0059,WHEAT,189,189,WH-009,APPROVED,SYSTEM,OFF-00001,2025-12-29T11:00:00
ALLOC-0002519,2026-03,FPS-0060,RICE,220,220,WH-010,APPROVED,SYSTEM,OFF-00001,2025-12-29T11:00:00
ALLOC-0002520,2026-03,FPS-0060,WHEAT,181,181,WH-010,APPROVED,SYSTEM,OFF-00001,2025-12-29T11:00:00
ALLOC-0002521,2026-03,FPS-0061,RICE,187,187,WH-011,APPROVED,SYSTEM,OFF-00001,2025-12-29T11:00:00
ALLOC-0002522,2026-03,FPS-0061,WHEAT,198,198,WH-011,APPROVED,SYSTEM,OFF-00001,2025-12-29T11:00:00
ALLOC-0002523,2026-03,FPS-0062,RICE,196,196,WH-012,APPROVED,SYSTEM,OFF-00001,2025-12-29T11:00:00
ALLOC-0002524,2026-03,FPS-0062,WHEAT,168,168,WH-012,APPROVED,SYSTEM,OFF-00001,2025-12-29T11:00:00
ALLOC-0002525,2026-03,FPS-0063,RICE,244,244,WH-013,APPROVED,SYSTEM,OFF-00001,2025-12-29T11:00:00
ALLOC-0002526,2026-03,FPS-0063,WHEAT,176,176,WH-013,APPROVED,SYSTEM,OFF-00001,2025-12-29T11:00:00
ALLOC-0002527,2026-03,FPS-0064,RICE,170,170,WH-014,APPROVED,SYSTEM,OFF-00001,2025-12-29T11:00:00
ALLOC-0002528,2026-03,FPS-0064,WHEAT,182,182,WH-014,APPROVED,SYSTEM,OFF-00001,2025-12-29T11:00:00
ALLOC-0002529,2026-03,FPS-0065,RICE,211,211,WH-015,APPROVED,SYSTEM,OFF-00001,2025-12-29T11:00:00
ALLOC-0002530,2026-03,FPS-0065,WHEAT,184,184,WH-015,APPROVED,SYSTEM,OFF-00001,2025-12-29T11:00:00
ALLOC-0002531,2026-03,FPS-0066,RICE,218,218,WH-016,APPROVED,SYSTEM,OFF-00001,2025-12-29T11:00:00
ALLOC-0002532,2026-03,FPS-0066,WHEAT,176,176,WH-016,APPROVED,SYSTEM,OFF-00001,2025-12-29T11:00:00
ALLOC-0002533,2026-03,FPS-0067,RICE,184,184,WH-017,APPROVED,SYSTEM,OFF-00001,2025-12-29T11:00:00
ALLOC-0002534,2026-03,FPS-0067,WHEAT,184,184,WH-017,APPROVED,SYSTEM,OFF-00001,2025-12-29T11:00:00
ALLOC-0002535,2026-03,FPS-0068,RICE,191,191,WH-018,APPROVED,SYSTEM,OFF-00001,2025-12-29T11:00:00
ALLOC-0002536,2026-03,FPS-0068,WHEAT,179,179,WH-018,APPROVED,SYSTEM,OFF-00001,2025-12-29T11:00:00
ALLOC-0002537,2026-03,FPS-0069,RICE,205,205,WH-019,APPROVED,SYSTEM,OFF-00001,2025-12-29T11:00:00
ALLOC-0002538,2026-03,FPS-0069,WHEAT,192,192,WH-019,APPROVED,SYSTEM,OFF-00001,2025-12-29T11:00:00
ALLOC-0002539,2026-03,FPS-0070,RICE,171,171,WH-020,APPROVED,SYSTEM,OFF-00001,2025-12-29T11:00:00
ALLOC-0002540,2026-03,FPS-0070,WHEAT,202,202,WH-020,APPROVED,SYSTEM,OFF-00001,2025-12-29T11:00:00
ALLOC-0002541,2026-03,FPS-0071,RICE,180,180,WH-021,APPROVED,SYSTEM,OFF-00001,2025-12-29T11:00:00
ALLOC-0002542,2026-03,FPS-0071,WHEAT,196,196,WH-021,APPROVED,SYSTEM,OFF-00001,2025-12-29T11:00:00
ALLOC-0002543,2026-03,FPS-0072,RICE,237,237,WH-022,APPROVED,SYSTEM,OFF-00001,2025-12-29T11:00:00
ALLOC-0002544,2026-03,FPS-0072,WHEAT,211,211,WH-022,APPROVED,SYSTEM,OFF-00001,2025-12-29T11:00:00
ALLOC-0002545,2026-03,FPS-0073,RICE,223,223,WH-023,APPROVED,SYSTEM,OFF-00001,2025-12-29T11:00:00
ALLOC-0002546,2026-03,FPS-0073,WHEAT,198,198,WH-023,APPROVED,SYSTEM,OFF-00001,2025-12-29T11:00:00
ALLOC-0002547,2026-03,FPS-0074,RICE,179,179,WH-024,APPROVED,SYSTEM,OFF-00001,2025-12-29T11:00:00
ALLOC-0002548,2026-03,FPS-0074,WHEAT,194,194,WH-024,APPROVED,SYSTEM,OFF-00001,2025-12-29T11:00:00
ALLOC-0002549,2026-03,FPS-0075,RICE,238,238,WH-025,APPROVED,SYSTEM,OFF-00001,2025-12-29T11:00:00
ALLOC-0002550,2026-03,FPS-0075,WHEAT,190,190,WH-025,APPROVED,SYSTEM,OFF-00001,2025-12-29T11:00:00
ALLOC-0002551,2026-03,FPS-0076,RICE,300,300,WH-001,APPROVED,SYSTEM,OFF-00001,2025-12-29T11:00:00
ALLOC-0002552,2026-03,FPS-0076,WHEAT,174,174,WH-001,APPROVED,SYSTEM,OFF-00001,2025-12-29T11:00:00
ALLOC-0002553,2026-03,FPS-0077,RICE,189,189,WH-002,APPROVED,SYSTEM,OFF-00001,2025-12-29T11:00:00
ALLOC-0002554,2026-03,FPS-0077,WHEAT,167,167,WH-002,APPROVED,SYSTEM,OFF-00001,2025-12-29T11:00:00
ALLOC-0002555,2026-03,FPS-0078,RICE,213,213,WH-003,APPROVED,SYSTEM,OFF-00001,2025-12-29T11:00:00
ALLOC-0002556,2026-03,FPS-0078,WHEAT,177,177,WH-003,APPROVED,SYSTEM,OFF-00001,2025-12-29T11:00:00
ALLOC-0002557,2026-03,FPS-0079,RICE,186,186,WH-004,APPROVED,SYSTEM,OFF-00001,2025-12-29T11:00:00
ALLOC-0002558,2026-03,FPS-0079,WHEAT,204,204,WH-004,APPROVED,SYSTEM,OFF-00001,2025-12-29T11:00:00
ALLOC-0002559,2026-03,FPS-0080,RICE,179,179,WH-005,APPROVED,SYSTEM,OFF-00001,2025-12-29T11:00:00
ALLOC-0002560,2026-03,FPS-0080,WHEAT,202,202,WH-005,APPROVED,SYSTEM,OFF-00001,2025-12-29T11:00:00
ALLOC-0002561,2026-03,FPS-0081,RICE,225,225,WH-006,APPROVED,SYSTEM,OFF-00001,2025-12-29T11:00:00
ALLOC-0002562,2026-03,FPS-0081,WHEAT,194,194,WH-006,APPROVED,SYSTEM,OFF-00001,2025-12-29T11:00:00
ALLOC-0002563,2026-03,FPS-0082,RICE,226,226,WH-007,APPROVED,SYSTEM,OFF-00001,2025-12-29T11:00:00
ALLOC-0002564,2026-03,FPS-0082,WHEAT,203,203,WH-007,APPROVED,SYSTEM,OFF-00001,2025-12-29T11:00:00
ALLOC-0002565,2026-03,FPS-0083,RICE,200,200,WH-008,APPROVED,SYSTEM,OFF-00001,2025-12-29T11:00:00
ALLOC-0002566,2026-03,FPS-0083,WHEAT,180,180,WH-008,APPROVED,SYSTEM,OFF-00001,2025-12-29T11:00:00
ALLOC-0002567,2026-03,FPS-0084,RICE,276,276,WH-009,APPROVED,SYSTEM,OFF-00001,2025-12-29T11:00:00
ALLOC-0002568,2026-03,FPS-0084,WHEAT,225,225,WH-009,APPROVED,SYSTEM,OFF-00001,2025-12-29T11:00:00
ALLOC-0002569,2026-03,FPS-0085,RICE,196,196,WH-010,APPROVED,SYSTEM,OFF-00001,2025-12-29T11:00:00
ALLOC-0002570,2026-03,FPS-0085,WHEAT,205,205,WH-010,APPROVED,SYSTEM,OFF-00001,2025-12-29T11:00:00
ALLOC-0002571,2026-03,FPS-0086,RICE,190,190,WH-011,APPROVED,SYSTEM,OFF-00001,2025-12-29T11:00:00
ALLOC-0002572,2026-03,FPS-0086,WHEAT,197,197,WH-011,APPROVED,SYSTEM,OFF-00001,2025-12-29T11:00:00
ALLOC-0002573,2026-03,FPS-0087,RICE,193,193,WH-012,APPROVED,SYSTEM,OFF-00001,2025-12-29T11:00:00
ALLOC-0002574,2026-03,FPS-0087,WHEAT,206,206,WH-012,APPROVED,SYSTEM,OFF-00001,2025-12-29T11:00:00
ALLOC-0002575,2026-03,FPS-0088,RICE,207,207,WH-013,APPROVED,SYSTEM,OFF-00001,2025-12-29T11:00:00
ALLOC-0002576,2026-03,FPS-0088,WHEAT,194,194,WH-013,APPROVED,SYSTEM,OFF-00001,2025-12-29T11:00:00
ALLOC-0002577,2026-03,FPS-0089,RICE,210,210,WH-014,APPROVED,SYSTEM,OFF-00001,2025-12-29T11:00:00
ALLOC-0002578,2026-03,FPS-0089,WHEAT,184,184,WH-014,APPROVED,SYSTEM,OFF-00001,2025-12-29T11:00:00
ALLOC-0002579,2026-03,FPS-0090,RICE,216,216,WH-015,APPROVED,SYSTEM,OFF-00001,2025-12-29T11:00:00
ALLOC-0002580,2026-03,FPS-0090,WHEAT,182,182,WH-015,APPROVED,SYSTEM,OFF-00001,2025-12-29T11:00:00
ALLOC-0002581,2026-03,FPS-0091,RICE,203,203,WH-016,APPROVED,SYSTEM,OFF-00001,2025-12-29T11:00:00
ALLOC-0002582,2026-03,FPS-0091,WHEAT,196,196,WH-016,APPROVED,SYSTEM,OFF-00001,2025-12-29T11:00:00
ALLOC-0002583,2026-03,FPS-0092,RICE,243,243,WH-017,APPROVED,SYSTEM,OFF-00001,2025-12-29T11:00:00
ALLOC-0002584,2026-03,FPS-0092,WHEAT,197,197,WH-017,APPROVED,SYSTEM,OFF-00001,2025-12-29T11:00:00
ALLOC-0002585,2026-03,FPS-0093,RICE,262,262,WH-018,APPROVED,SYSTEM,OFF-00001,2025-12-29T11:00:00
ALLOC-0002586,2026-03,FPS-0093,WHEAT,198,198,WH-018,APPROVED,SYSTEM,OFF-00001,2025-12-29T11:00:00
ALLOC-0002587,2026-03,FPS-0094,RICE,270,270,WH-019,APPROVED,SYSTEM,OFF-00001,2025-12-29T11:00:00
ALLOC-0002588,2026-03,FPS-0094,WHEAT,179,179,WH-019,APPROVED,SYSTEM,OFF-00001,2025-12-29T11:00:00
ALLOC-0002589,2026-03,FPS-0095,RICE,245,245,WH-020,APPROVED,SYSTEM,OFF-00001,2025-12-29T11:00:00
ALLOC-0002590,2026-03,FPS-0095,WHEAT,203,203,WH-020,APPROVED,SYSTEM,OFF-00001,2025-12-29T11:00:00
ALLOC-0002591,2026-03,FPS-0096,RICE,198,198,WH-021,APPROVED,SYSTEM,OFF-00001,2025-12-29T11:00:00
ALLOC-0002592,2026-03,FPS-0096,WHEAT,200,200,WH-021,APPROVED,SYSTEM,OFF-00001,2025-12-29T11:00:00
ALLOC-0002593,2026-03,FPS-0097,RICE,267,267,WH-022,APPROVED,SYSTEM,OFF-00001,2025-12-29T11:00:00
ALLOC-0002594,2026-03,FPS-0097,WHEAT,187,187,WH-022,APPROVED,SYSTEM,OFF-00001,2025-12-29T11:00:00
ALLOC-0002595,2026-03,FPS-0098,RICE,278,278,WH-023,APPROVED,SYSTEM,OFF-00001,2025-12-29T11:00:00
ALLOC-0002596,2026-03,FPS-0098,WHEAT,203,203,WH-023,APPROVED,SYSTEM,OFF-00001,2025-12-29T11:00:00
ALLOC-0002597,2026-03,FPS-0099,RICE,198,198,WH-024,APPROVED,SYSTEM,OFF-00001,2025-12-29T11:00:00
ALLOC-0002598,2026-03,FPS-0099,WHEAT,190,190,WH-024,APPROVED,SYSTEM,OFF-00001,2025-12-29T11:00:00
ALLOC-0002599,2026-03,FPS-0100,RICE,176,176,WH-025,APPROVED,SYSTEM,OFF-00001,2025-12-29T11:00:00
ALLOC-0002600,2026-03,FPS-0100,WHEAT,177,177,WH-025,APPROVED,SYSTEM,OFF-00001,2025-12-29T11:00:00
ALLOC-0002601,2026-03,FPS-0101,RICE,245,245,WH-001,APPROVED,SYSTEM,OFF-00001,2025-12-29T11:00:00
ALLOC-0002602,2026-03,FPS-0101,WHEAT,211,211,WH-001,APPROVED,SYSTEM,OFF-00001,2025-12-29T11:00:00
ALLOC-0002603,2026-03,FPS-0102,RICE,200,200,WH-002,APPROVED,SYSTEM,OFF-00001,2025-12-29T11:00:00
ALLOC-0002604,2026-03,FPS-0102,WHEAT,188,188,WH-002,APPROVED,SYSTEM,OFF-00001,2025-12-29T11:00:00
ALLOC-0002605,2026-03,FPS-0103,RICE,269,269,WH-003,APPROVED,SYSTEM,OFF-00001,2025-12-29T11:00:00
ALLOC-0002606,2026-03,FPS-0103,WHEAT,211,211,WH-003,APPROVED,SYSTEM,OFF-00001,2025-12-29T11:00:00
ALLOC-0002607,2026-03,FPS-0104,RICE,183,183,WH-004,APPROVED,SYSTEM,OFF-00001,2025-12-29T11:00:00
ALLOC-0002608,2026-03,FPS-0104,WHEAT,195,195,WH-004,APPROVED,SYSTEM,OFF-00001,2025-12-29T11:00:00
ALLOC-0002609,2026-03,FPS-0105,RICE,294,294,WH-005,APPROVED,SYSTEM,OFF-00001,2025-12-29T11:00:00
ALLOC-0002610,2026-03,FPS-0105,WHEAT,235,235,WH-005,APPROVED,SYSTEM,OFF-00001,2025-12-29T11:00:00
ALLOC-0002611,2026-03,FPS-0106,RICE,186,186,WH-006,APPROVED,SYSTEM,OFF-00001,2025-12-29T11:00:00
ALLOC-0002612,2026-03,FPS-0106,WHEAT,183,183,WH-006,APPROVED,SYSTEM,OFF-00001,2025-12-29T11:00:00
ALLOC-0002613,2026-03,FPS-0107,RICE,198,198,WH-007,APPROVED,SYSTEM,OFF-00001,2025-12-29T11:00:00
ALLOC-0002614,2026-03,FPS-0107,WHEAT,189,189,WH-007,APPROVED,SYSTEM,OFF-00001,2025-12-29T11:00:00
ALLOC-0002615,2026-03,FPS-0108,RICE,203,203,WH-008,APPROVED,SYSTEM,OFF-00001,2025-12-29T11:00:00
ALLOC-0002616,2026-03,FPS-0108,WHEAT,214,214,WH-008,APPROVED,SYSTEM,OFF-00001,2025-12-29T11:00:00
ALLOC-0002617,2026-03,FPS-0109,RICE,187,187,WH-009,APPROVED,SYSTEM,OFF-00001,2025-12-29T11:00:00
ALLOC-0002618,2026-03,FPS-0109,WHEAT,196,196,WH-009,APPROVED,SYSTEM,OFF-00001,2025-12-29T11:00:00
ALLOC-0002619,2026-03,FPS-0110,RICE,193,193,WH-010,APPROVED,SYSTEM,OFF-00001,2025-12-29T11:00:00
ALLOC-0002620,2026-03,FPS-0110,WHEAT,183,183,WH-010,APPROVED,SYSTEM,OFF-00001,2025-12-29T11:00:00
ALLOC-0002621,2026-03,FPS-0111,RICE,191,191,WH-011,APPROVED,SYSTEM,OFF-00001,2025-12-29T11:00:00
ALLOC-0002622,2026-03,FPS-0111,WHEAT,165,165,WH-011,APPROVED,SYSTEM,OFF-00001,2025-12-29T11:00:00
ALLOC-0002623,2026-03,FPS-0112,RICE,190,190,WH-012,APPROVED,SYSTEM,OFF-00001,2025-12-29T11:00:00
ALLOC-0002624,2026-03,FPS-0112,WHEAT,195,195,WH-012,APPROVED,SYSTEM,OFF-00001,2025-12-29T11:00:00
ALLOC-0002625,2026-03,FPS-0113,RICE,200,200,WH-013,APPROVED,SYSTEM,OFF-00001,2025-12-29T11:00:00
ALLOC-0002626,2026-03,FPS-0113,WHEAT,177,177,WH-013,APPROVED,SYSTEM,OFF-00001,2025-12-29T11:00:00
ALLOC-0002627,2026-03,FPS-0114,RICE,195,195,WH-014,APPROVED,SYSTEM,OFF-00001,2025-12-29T11:00:00
ALLOC-0002628,2026-03,FPS-0114,WHEAT,199,199,WH-014,APPROVED,SYSTEM,OFF-00001,2025-12-29T11:00:00
ALLOC-0002629,2026-03,FPS-0115,RICE,186,186,WH-015,APPROVED,SYSTEM,OFF-00001,2025-12-29T11:00:00
ALLOC-0002630,2026-03,FPS-0115,WHEAT,198,198,WH-015,APPROVED,SYSTEM,OFF-00001,2025-12-29T11:00:00
ALLOC-0002631,2026-03,FPS-0116,RICE,195,195,WH-016,APPROVED,SYSTEM,OFF-00001,2025-12-29T11:00:00
ALLOC-0002632,2026-03,FPS-0116,WHEAT,193,193,WH-016,APPROVED,SYSTEM,OFF-00001,2025-12-29T11:00:00
ALLOC-0002633,2026-03,FPS-0117,RICE,194,194,WH-017,APPROVED,SYSTEM,OFF-00001,2025-12-29T11:00:00
ALLOC-0002634,2026-03,FPS-0117,WHEAT,210,210,WH-017,APPROVED,SYSTEM,OFF-00001,2025-12-29T11:00:00
ALLOC-0002635,2026-03,FPS-0118,RICE,165,165,WH-018,APPROVED,SYSTEM,OFF-00001,2025-12-29T11:00:00
ALLOC-0002636,2026-03,FPS-0118,WHEAT,210,210,WH-018,APPROVED,SYSTEM,OFF-00001,2025-12-29T11:00:00
ALLOC-0002637,2026-03,FPS-0119,RICE,212,212,WH-019,APPROVED,SYSTEM,OFF-00001,2025-12-29T11:00:00
ALLOC-0002638,2026-03,FPS-0119,WHEAT,198,198,WH-019,APPROVED,SYSTEM,OFF-00001,2025-12-29T11:00:00
ALLOC-0002639,2026-03,FPS-0120,RICE,206,206,WH-020,APPROVED,SYSTEM,OFF-00001,2025-12-29T11:00:00
ALLOC-0002640,2026-03,FPS-0120,WHEAT,198,198,WH-020,APPROVED,SYSTEM,OFF-00001,2025-12-29T11:00:00
ALLOC-0002641,2026-03,FPS-0121,RICE,201,201,WH-021,APPROVED,SYSTEM,OFF-00001,2025-12-29T11:00:00
ALLOC-0002642,2026-03,FPS-0121,WHEAT,216,216,WH-021,APPROVED,SYSTEM,OFF-00001,2025-12-29T11:00:00
ALLOC-0002643,2026-03,FPS-0122,RICE,178,178,WH-022,APPROVED,SYSTEM,OFF-00001,2025-12-29T11:00:00
ALLOC-0002644,2026-03,FPS-0122,WHEAT,203,203,WH-022,APPROVED,SYSTEM,OFF-00001,2025-12-29T11:00:00
ALLOC-0002645,2026-03,FPS-0123,RICE,202,202,WH-023,APPROVED,SYSTEM,OFF-00001,2025-12-29T11:00:00
ALLOC-0002646,2026-03,FPS-0123,WHEAT,199,199,WH-023,APPROVED,SYSTEM,OFF-00001,2025-12-29T11:00:00
ALLOC-0002647,2026-03,FPS-0124,RICE,307,307,WH-024,APPROVED,SYSTEM,OFF-00001,2025-12-29T11:00:00
ALLOC-0002648,2026-03,FPS-0124,WHEAT,206,206,WH-024,APPROVED,SYSTEM,OFF-00001,2025-12-29T11:00:00
ALLOC-0002649,2026-03,FPS-0125,RICE,205,205,WH-025,APPROVED,SYSTEM,OFF-00001,2025-12-29T11:00:00
ALLOC-0002650,2026-03,FPS-0125,WHEAT,193,193,WH-025,APPROVED,SYSTEM,OFF-00001,2025-12-29T11:00:00
ALLOC-0002651,2026-03,FPS-0126,RICE,196,196,WH-001,APPROVED,SYSTEM,OFF-00001,2025-12-29T11:00:00
ALLOC-0002652,2026-03,FPS-0126,WHEAT,202,202,WH-001,APPROVED,SYSTEM,OFF-00001,2025-12-29T11:00:00
ALLOC-0002653,2026-03,FPS-0127,RICE,191,191,WH-002,APPROVED,SYSTEM,OFF-00001,2025-12-29T11:00:00
ALLOC-0002654,2026-03,FPS-0127,WHEAT,179,179,WH-002,APPROVED,SYSTEM,OFF-00001,2025-12-29T11:00:00
ALLOC-0002655,2026-03,FPS-0128,RICE,191,191,WH-003,APPROVED,SYSTEM,OFF-00001,2025-12-29T11:00:00
ALLOC-0002656,2026-03,FPS-0128,WHEAT,213,213,WH-003,APPROVED,SYSTEM,OFF-00001,2025-12-29T11:00:00
ALLOC-0002657,2026-03,FPS-0129,RICE,213,213,WH-004,APPROVED,SYSTEM,OFF-00001,2025-12-29T11:00:00
ALLOC-0002658,2026-03,FPS-0129,WHEAT,177,177,WH-004,APPROVED,SYSTEM,OFF-00001,2025-12-29T11:00:00
ALLOC-0002659,2026-03,FPS-0130,RICE,208,208,WH-005,APPROVED,SYSTEM,OFF-00001,2025-12-29T11:00:00
ALLOC-0002660,2026-03,FPS-0130,WHEAT,191,191,WH-005,APPROVED,SYSTEM,OFF-00001,2025-12-29T11:00:00
ALLOC-0002661,2026-03,FPS-0131,RICE,197,197,WH-006,APPROVED,SYSTEM,OFF-00001,2025-12-29T11:00:00
ALLOC-0002662,2026-03,FPS-0131,WHEAT,183,183,WH-006,APPROVED,SYSTEM,OFF-00001,2025-12-29T11:00:00
ALLOC-0002663,2026-03,FPS-0132,RICE,302,302,WH-007,APPROVED,SYSTEM,OFF-00001,2025-12-29T11:00:00
ALLOC-0002664,2026-03,FPS-0132,WHEAT,196,196,WH-007,APPROVED,SYSTEM,OFF-00001,2025-12-29T11:00:00
ALLOC-0002665,2026-03,FPS-0133,RICE,205,205,WH-008,APPROVED,SYSTEM,OFF-00001,2025-12-29T11:00:00
ALLOC-0002666,2026-03,FPS-0133,WHEAT,201,201,WH-008,APPROVED,SYSTEM,OFF-00001,2025-12-29T11:00:00
ALLOC-0002667,2026-03,FPS-0134,RICE,192,192,WH-009,APPROVED,SYSTEM,OFF-00001,2025-12-29T11:00:00
ALLOC-0002668,2026-03,FPS-0134,WHEAT,196,196,WH-009,APPROVED,SYSTEM,OFF-00001,2025-12-29T11:00:00
ALLOC-0002669,2026-03,FPS-0135,RICE,192,192,WH-010,APPROVED,SYSTEM,OFF-00001,2025-12-29T11:00:00
ALLOC-0002670,2026-03,FPS-0135,WHEAT,185,185,WH-010,APPROVED,SYSTEM,OFF-00001,2025-12-29T11:00:00
ALLOC-0002671,2026-03,FPS-0136,RICE,217,217,WH-011,APPROVED,SYSTEM,OFF-00001,2025-12-29T11:00:00
ALLOC-0002672,2026-03,FPS-0136,WHEAT,195,195,WH-011,APPROVED,SYSTEM,OFF-00001,2025-12-29T11:00:00
ALLOC-0002673,2026-03,FPS-0137,RICE,175,175,WH-012,APPROVED,SYSTEM,OFF-00001,2025-12-29T11:00:00
ALLOC-0002674,2026-03,FPS-0137,WHEAT,167,167,WH-012,APPROVED,SYSTEM,OFF-00001,2025-12-29T11:00:00
ALLOC-0002675,2026-03,FPS-0138,RICE,275,275,WH-013,APPROVED,SYSTEM,OFF-00001,2025-12-29T11:00:00
ALLOC-0002676,2026-03,FPS-0138,WHEAT,205,205,WH-013,APPROVED,SYSTEM,OFF-00001,2025-12-29T11:00:00
ALLOC-0002677,2026-03,FPS-0139,RICE,197,197,WH-014,APPROVED,SYSTEM,OFF-00001,2025-12-29T11:00:00
ALLOC-0002678,2026-03,FPS-0139,WHEAT,204,204,WH-014,APPROVED,SYSTEM,OFF-00001,2025-12-29T11:00:00
ALLOC-0002679,2026-03,FPS-0140,RICE,206,206,WH-015,APPROVED,SYSTEM,OFF-00001,2025-12-29T11:00:00
ALLOC-0002680,2026-03,FPS-0140,WHEAT,154,154,WH-015,APPROVED,SYSTEM,OFF-00001,2025-12-29T11:00:00
ALLOC-0002681,2026-03,FPS-0141,RICE,183,183,WH-016,APPROVED,SYSTEM,OFF-00001,2025-12-29T11:00:00
ALLOC-0002682,2026-03,FPS-0141,WHEAT,193,193,WH-016,APPROVED,SYSTEM,OFF-00001,2025-12-29T11:00:00
ALLOC-0002683,2026-03,FPS-0142,RICE,177,177,WH-017,APPROVED,SYSTEM,OFF-00001,2025-12-29T11:00:00
ALLOC-0002684,2026-03,FPS-0142,WHEAT,196,196,WH-017,APPROVED,SYSTEM,OFF-00001,2025-12-29T11:00:00
ALLOC-0002685,2026-03,FPS-0143,RICE,233,233,WH-018,APPROVED,SYSTEM,OFF-00001,2025-12-29T11:00:00
ALLOC-0002686,2026-03,FPS-0143,WHEAT,186,186,WH-018,APPROVED,SYSTEM,OFF-00001,2025-12-29T11:00:00
ALLOC-0002687,2026-03,FPS-0144,RICE,243,243,WH-019,APPROVED,SYSTEM,OFF-00001,2025-12-29T11:00:00
ALLOC-0002688,2026-03,FPS-0144,WHEAT,216,216,WH-019,APPROVED,SYSTEM,OFF-00001,2025-12-29T11:00:00
ALLOC-0002689,2026-03,FPS-0145,RICE,162,162,WH-020,APPROVED,SYSTEM,OFF-00001,2025-12-29T11:00:00
ALLOC-0002690,2026-03,FPS-0145,WHEAT,186,186,WH-020,APPROVED,SYSTEM,OFF-00001,2025-12-29T11:00:00
ALLOC-0002691,2026-03,FPS-0146,RICE,200,200,WH-021,APPROVED,SYSTEM,OFF-00001,2025-12-29T11:00:00
ALLOC-0002692,2026-03,FPS-0146,WHEAT,204,204,WH-021,APPROVED,SYSTEM,OFF-00001,2025-12-29T11:00:00
ALLOC-0002693,2026-03,FPS-0147,RICE,199,199,WH-022,APPROVED,SYSTEM,OFF-00001,2025-12-29T11:00:00
ALLOC-0002694,2026-03,FPS-0147,WHEAT,189,189,WH-022,APPROVED,SYSTEM,OFF-00001,2025-12-29T11:00:00
ALLOC-0002695,2026-03,FPS-0148,RICE,299,299,WH-023,APPROVED,SYSTEM,OFF-00001,2025-12-29T11:00:00
ALLOC-0002696,2026-03,FPS-0148,WHEAT,210,210,WH-023,APPROVED,SYSTEM,OFF-00001,2025-12-29T11:00:00
ALLOC-0002697,2026-03,FPS-0149,RICE,288,288,WH-024,APPROVED,SYSTEM,OFF-00001,2025-12-29T11:00:00
ALLOC-0002698,2026-03,FPS-0149,WHEAT,202,202,WH-024,APPROVED,SYSTEM,OFF-00001,2025-12-29T11:00:00
ALLOC-0002699,2026-03,FPS-0150,RICE,193,193,WH-025,APPROVED,SYSTEM,OFF-00001,2025-12-29T11:00:00
ALLOC-0002700,2026-03,FPS-0150,WHEAT,170,170,WH-025,APPROVED,SYSTEM,OFF-00001,2025-12-29T11:00:00
ALLOC-0002701,2026-03,FPS-0151,RICE,231,231,WH-001,APPROVED,SYSTEM,OFF-00001,2025-12-29T11:00:00
ALLOC-0002702,2026-03,FPS-0151,WHEAT,198,198,WH-001,APPROVED,SYSTEM,OFF-00001,2025-12-29T11:00:00
ALLOC-0002703,2026-03,FPS-0152,RICE,211,211,WH-002,APPROVED,SYSTEM,OFF-00001,2025-12-29T11:00:00
ALLOC-0002704,2026-03,FPS-0152,WHEAT,208,208,WH-002,APPROVED,SYSTEM,OFF-00001,2025-12-29T11:00:00
ALLOC-0002705,2026-03,FPS-0153,RICE,210,210,WH-003,APPROVED,SYSTEM,OFF-00001,2025-12-29T11:00:00
ALLOC-0002706,2026-03,FPS-0153,WHEAT,197,197,WH-003,APPROVED,SYSTEM,OFF-00001,2025-12-29T11:00:00
ALLOC-0002707,2026-03,FPS-0154,RICE,174,174,WH-004,APPROVED,SYSTEM,OFF-00001,2025-12-29T11:00:00
ALLOC-0002708,2026-03,FPS-0154,WHEAT,186,186,WH-004,APPROVED,SYSTEM,OFF-00001,2025-12-29T11:00:00
ALLOC-0002709,2026-03,FPS-0155,RICE,213,213,WH-005,APPROVED,SYSTEM,OFF-00001,2025-12-29T11:00:00
ALLOC-0002710,2026-03,FPS-0155,WHEAT,205,205,WH-005,APPROVED,SYSTEM,OFF-00001,2025-12-29T11:00:00
ALLOC-0002711,2026-03,FPS-0156,RICE,180,180,WH-006,APPROVED,SYSTEM,OFF-00001,2025-12-29T11:00:00
ALLOC-0002712,2026-03,FPS-0156,WHEAT,197,197,WH-006,APPROVED,SYSTEM,OFF-00001,2025-12-29T11:00:00
ALLOC-0002713,2026-03,FPS-0157,RICE,219,219,WH-007,APPROVED,SYSTEM,OFF-00001,2025-12-29T11:00:00
ALLOC-0002714,2026-03,FPS-0157,WHEAT,193,193,WH-007,APPROVED,SYSTEM,OFF-00001,2025-12-29T11:00:00
ALLOC-0002715,2026-03,FPS-0158,RICE,198,198,WH-008,APPROVED,SYSTEM,OFF-00001,2025-12-29T11:00:00
ALLOC-0002716,2026-03,FPS-0158,WHEAT,204,204,WH-008,APPROVED,SYSTEM,OFF-00001,2025-12-29T11:00:00
ALLOC-0002717,2026-03,FPS-0159,RICE,179,179,WH-009,APPROVED,SYSTEM,OFF-00001,2025-12-29T11:00:00
ALLOC-0002718,2026-03,FPS-0159,WHEAT,204,204,WH-009,APPROVED,SYSTEM,OFF-00001,2025-12-29T11:00:00
ALLOC-0002719,2026-03,FPS-0160,RICE,190,190,WH-010,APPROVED,SYSTEM,OFF-00001,2025-12-29T11:00:00
ALLOC-0002720,2026-03,FPS-0160,WHEAT,185,185,WH-010,APPROVED,SYSTEM,OFF-00001,2025-12-29T11:00:00
ALLOC-0002721,2026-03,FPS-0161,RICE,275,275,WH-011,APPROVED,SYSTEM,OFF-00001,2025-12-29T11:00:00
ALLOC-0002722,2026-03,FPS-0161,WHEAT,182,182,WH-011,APPROVED,SYSTEM,OFF-00001,2025-12-29T11:00:00
ALLOC-0002723,2026-03,FPS-0162,RICE,186,186,WH-012,APPROVED,SYSTEM,OFF-00001,2025-12-29T11:00:00
ALLOC-0002724,2026-03,FPS-0162,WHEAT,183,183,WH-012,APPROVED,SYSTEM,OFF-00001,2025-12-29T11:00:00
ALLOC-0002725,2026-03,FPS-0163,RICE,177,177,WH-013,APPROVED,SYSTEM,OFF-00001,2025-12-29T11:00:00
ALLOC-0002726,2026-03,FPS-0163,WHEAT,182,182,WH-013,APPROVED,SYSTEM,OFF-00001,2025-12-29T11:00:00
ALLOC-0002727,2026-03,FPS-0164,RICE,208,208,WH-014,APPROVED,SYSTEM,OFF-00001,2025-12-29T11:00:00
ALLOC-0002728,2026-03,FPS-0164,WHEAT,183,183,WH-014,APPROVED,SYSTEM,OFF-00001,2025-12-29T11:00:00
ALLOC-0002729,2026-03,FPS-0165,RICE,178,178,WH-015,APPROVED,SYSTEM,OFF-00001,2025-12-29T11:00:00
ALLOC-0002730,2026-03,FPS-0165,WHEAT,198,198,WH-015,APPROVED,SYSTEM,OFF-00001,2025-12-29T11:00:00
ALLOC-0002731,2026-03,FPS-0166,RICE,197,197,WH-016,APPROVED,SYSTEM,OFF-00001,2025-12-29T11:00:00
ALLOC-0002732,2026-03,FPS-0166,WHEAT,190,190,WH-016,APPROVED,SYSTEM,OFF-00001,2025-12-29T11:00:00
ALLOC-0002733,2026-03,FPS-0167,RICE,220,220,WH-017,APPROVED,SYSTEM,OFF-00001,2025-12-29T11:00:00
ALLOC-0002734,2026-03,FPS-0167,WHEAT,189,189,WH-017,APPROVED,SYSTEM,OFF-00001,2025-12-29T11:00:00
ALLOC-0002735,2026-03,FPS-0168,RICE,187,187,WH-018,APPROVED,SYSTEM,OFF-00001,2025-12-29T11:00:00
ALLOC-0002736,2026-03,FPS-0168,WHEAT,194,194,WH-018,APPROVED,SYSTEM,OFF-00001,2025-12-29T11:00:00
ALLOC-0002737,2026-03,FPS-0169,RICE,169,169,WH-019,APPROVED,SYSTEM,OFF-00001,2025-12-29T11:00:00
ALLOC-0002738,2026-03,FPS-0169,WHEAT,206,206,WH-019,APPROVED,SYSTEM,OFF-00001,2025-12-29T11:00:00
ALLOC-0002739,2026-03,FPS-0170,RICE,182,182,WH-020,APPROVED,SYSTEM,OFF-00001,2025-12-29T11:00:00
ALLOC-0002740,2026-03,FPS-0170,WHEAT,188,188,WH-020,APPROVED,SYSTEM,OFF-00001,2025-12-29T11:00:00
ALLOC-0002741,2026-03,FPS-0171,RICE,182,182,WH-021,APPROVED,SYSTEM,OFF-00001,2025-12-29T11:00:00
ALLOC-0002742,2026-03,FPS-0171,WHEAT,196,196,WH-021,APPROVED,SYSTEM,OFF-00001,2025-12-29T11:00:00
ALLOC-0002743,2026-03,FPS-0172,RICE,239,239,WH-022,APPROVED,SYSTEM,OFF-00001,2025-12-29T11:00:00
ALLOC-0002744,2026-03,FPS-0172,WHEAT,191,191,WH-022,APPROVED,SYSTEM,OFF-00001,2025-12-29T11:00:00
ALLOC-0002745,2026-03,FPS-0173,RICE,168,168,WH-023,APPROVED,SYSTEM,OFF-00001,2025-12-29T11:00:00
ALLOC-0002746,2026-03,FPS-0173,WHEAT,212,212,WH-023,APPROVED,SYSTEM,OFF-00001,2025-12-29T11:00:00
ALLOC-0002747,2026-03,FPS-0174,RICE,257,257,WH-024,APPROVED,SYSTEM,OFF-00001,2025-12-29T11:00:00
ALLOC-0002748,2026-03,FPS-0174,WHEAT,196,196,WH-024,APPROVED,SYSTEM,OFF-00001,2025-12-29T11:00:00
ALLOC-0002749,2026-03,FPS-0175,RICE,223,223,WH-025,APPROVED,SYSTEM,OFF-00001,2025-12-29T11:00:00
ALLOC-0002750,2026-03,FPS-0175,WHEAT,208,208,WH-025,APPROVED,SYSTEM,OFF-00001,2025-12-29T11:00:00
ALLOC-0002751,2026-03,FPS-0176,RICE,190,190,WH-001,APPROVED,SYSTEM,OFF-00001,2025-12-29T11:00:00
ALLOC-0002752,2026-03,FPS-0176,WHEAT,174,174,WH-001,APPROVED,SYSTEM,OFF-00001,2025-12-29T11:00:00
ALLOC-0002753,2026-03,FPS-0177,RICE,189,189,WH-002,APPROVED,SYSTEM,OFF-00001,2025-12-29T11:00:00
ALLOC-0002754,2026-03,FPS-0177,WHEAT,190,190,WH-002,APPROVED,SYSTEM,OFF-00001,2025-12-29T11:00:00
ALLOC-0002755,2026-03,FPS-0178,RICE,192,192,WH-003,APPROVED,SYSTEM,OFF-00001,2025-12-29T11:00:00
ALLOC-0002756,2026-03,FPS-0178,WHEAT,186,186,WH-003,APPROVED,SYSTEM,OFF-00001,2025-12-29T11:00:00
ALLOC-0002757,2026-03,FPS-0179,RICE,251,251,WH-004,APPROVED,SYSTEM,OFF-00001,2025-12-29T11:00:00
ALLOC-0002758,2026-03,FPS-0179,WHEAT,185,185,WH-004,APPROVED,SYSTEM,OFF-00001,2025-12-29T11:00:00
ALLOC-0002759,2026-03,FPS-0180,RICE,200,200,WH-005,APPROVED,SYSTEM,OFF-00001,2025-12-29T11:00:00
ALLOC-0002760,2026-03,FPS-0180,WHEAT,204,204,WH-005,APPROVED,SYSTEM,OFF-00001,2025-12-29T11:00:00
ALLOC-0002761,2026-03,FPS-0181,RICE,221,221,WH-006,APPROVED,SYSTEM,OFF-00001,2025-12-29T11:00:00
ALLOC-0002762,2026-03,FPS-0181,WHEAT,190,190,WH-006,APPROVED,SYSTEM,OFF-00001,2025-12-29T11:00:00
ALLOC-0002763,2026-03,FPS-0182,RICE,206,206,WH-007,APPROVED,SYSTEM,OFF-00001,2025-12-29T11:00:00
ALLOC-0002764,2026-03,FPS-0182,WHEAT,198,198,WH-007,APPROVED,SYSTEM,OFF-00001,2025-12-29T11:00:00
ALLOC-0002765,2026-03,FPS-0183,RICE,223,223,WH-008,APPROVED,SYSTEM,OFF-00001,2025-12-29T11:00:00
ALLOC-0002766,2026-03,FPS-0183,WHEAT,200,200,WH-008,APPROVED,SYSTEM,OFF-00001,2025-12-29T11:00:00
ALLOC-0002767,2026-03,FPS-0184,RICE,256,256,WH-009,APPROVED,SYSTEM,OFF-00001,2025-12-29T11:00:00
ALLOC-0002768,2026-03,FPS-0184,WHEAT,187,187,WH-009,APPROVED,SYSTEM,OFF-00001,2025-12-29T11:00:00
ALLOC-0002769,2026-03,FPS-0185,RICE,207,207,WH-010,APPROVED,SYSTEM,OFF-00001,2025-12-29T11:00:00
ALLOC-0002770,2026-03,FPS-0185,WHEAT,190,190,WH-010,APPROVED,SYSTEM,OFF-00001,2025-12-29T11:00:00
ALLOC-0002771,2026-03,FPS-0186,RICE,264,264,WH-011,APPROVED,SYSTEM,OFF-00001,2025-12-29T11:00:00
ALLOC-0002772,2026-03,FPS-0186,WHEAT,188,188,WH-011,APPROVED,SYSTEM,OFF-00001,2025-12-29T11:00:00
ALLOC-0002773,2026-03,FPS-0187,RICE,237,237,WH-012,APPROVED,SYSTEM,OFF-00001,2025-12-29T11:00:00
ALLOC-0002774,2026-03,FPS-0187,WHEAT,151,151,WH-012,APPROVED,SYSTEM,OFF-00001,2025-12-29T11:00:00
ALLOC-0002775,2026-03,FPS-0188,RICE,182,182,WH-013,APPROVED,SYSTEM,OFF-00001,2025-12-29T11:00:00
ALLOC-0002776,2026-03,FPS-0188,WHEAT,174,174,WH-013,APPROVED,SYSTEM,OFF-00001,2025-12-29T11:00:00
ALLOC-0002777,2026-03,FPS-0189,RICE,294,294,WH-014,APPROVED,SYSTEM,OFF-00001,2025-12-29T11:00:00
ALLOC-0002778,2026-03,FPS-0189,WHEAT,199,199,WH-014,APPROVED,SYSTEM,OFF-00001,2025-12-29T11:00:00
ALLOC-0002779,2026-03,FPS-0190,RICE,186,186,WH-015,APPROVED,SYSTEM,OFF-00001,2025-12-29T11:00:00
ALLOC-0002780,2026-03,FPS-0190,WHEAT,189,189,WH-015,APPROVED,SYSTEM,OFF-00001,2025-12-29T11:00:00
ALLOC-0002781,2026-03,FPS-0191,RICE,176,176,WH-016,APPROVED,SYSTEM,OFF-00001,2025-12-29T11:00:00
ALLOC-0002782,2026-03,FPS-0191,WHEAT,179,179,WH-016,APPROVED,SYSTEM,OFF-00001,2025-12-29T11:00:00
ALLOC-0002783,2026-03,FPS-0192,RICE,203,203,WH-017,APPROVED,SYSTEM,OFF-00001,2025-12-29T11:00:00
ALLOC-0002784,2026-03,FPS-0192,WHEAT,177,177,WH-017,APPROVED,SYSTEM,OFF-00001,2025-12-29T11:00:00
ALLOC-0002785,2026-03,FPS-0193,RICE,225,225,WH-018,APPROVED,SYSTEM,OFF-00001,2025-12-29T11:00:00
ALLOC-0002786,2026-03,FPS-0193,WHEAT,194,194,WH-018,APPROVED,SYSTEM,OFF-00001,2025-12-29T11:00:00
ALLOC-0002787,2026-03,FPS-0194,RICE,195,195,WH-019,APPROVED,SYSTEM,OFF-00001,2025-12-29T11:00:00
ALLOC-0002788,2026-03,FPS-0194,WHEAT,195,195,WH-019,APPROVED,SYSTEM,OFF-00001,2025-12-29T11:00:00
ALLOC-0002789,2026-03,FPS-0195,RICE,196,196,WH-020,APPROVED,SYSTEM,OFF-00001,2025-12-29T11:00:00
ALLOC-0002790,2026-03,FPS-0195,WHEAT,213,213,WH-020,APPROVED,SYSTEM,OFF-00001,2025-12-29T11:00:00
ALLOC-0002791,2026-03,FPS-0196,RICE,242,242,WH-021,APPROVED,SYSTEM,OFF-00001,2025-12-29T11:00:00
ALLOC-0002792,2026-03,FPS-0196,WHEAT,166,166,WH-021,APPROVED,SYSTEM,OFF-00001,2025-12-29T11:00:00
ALLOC-0002793,2026-03,FPS-0197,RICE,248,248,WH-022,APPROVED,SYSTEM,OFF-00001,2025-12-29T11:00:00
ALLOC-0002794,2026-03,FPS-0197,WHEAT,188,188,WH-022,APPROVED,SYSTEM,OFF-00001,2025-12-29T11:00:00
ALLOC-0002795,2026-03,FPS-0198,RICE,198,198,WH-023,APPROVED,SYSTEM,OFF-00001,2025-12-29T11:00:00
ALLOC-0002796,2026-03,FPS-0198,WHEAT,193,193,WH-023,APPROVED,SYSTEM,OFF-00001,2025-12-29T11:00:00
ALLOC-0002797,2026-03,FPS-0199,RICE,204,204,WH-024,APPROVED,SYSTEM,OFF-00001,2025-12-29T11:00:00
ALLOC-0002798,2026-03,FPS-0199,WHEAT,188,188,WH-024,APPROVED,SYSTEM,OFF-00001,2025-12-29T11:00:00
ALLOC-0002799,2026-03,FPS-0200,RICE,202,202,WH-025,APPROVED,SYSTEM,OFF-00001,2025-12-29T11:00:00
ALLOC-0002800,2026-03,FPS-0200,WHEAT,195,195,WH-025,APPROVED,SYSTEM,OFF-00001,2025-12-29T11:00:00
ALLOC-0002801,2026-03,FPS-0201,RICE,204,204,WH-001,APPROVED,SYSTEM,OFF-00001,2025-12-29T11:00:00
ALLOC-0002802,2026-03,FPS-0201,WHEAT,200,200,WH-001,APPROVED,SYSTEM,OFF-00001,2025-12-29T11:00:00
ALLOC-0002803,2026-03,FPS-0202,RICE,214,214,WH-002,APPROVED,SYSTEM,OFF-00001,2025-12-29T11:00:00
ALLOC-0002804,2026-03,FPS-0202,WHEAT,186,186,WH-002,APPROVED,SYSTEM,OFF-00001,2025-12-29T11:00:00
ALLOC-0002805,2026-03,FPS-0203,RICE,204,204,WH-003,APPROVED,SYSTEM,OFF-00001,2025-12-29T11:00:00
ALLOC-0002806,2026-03,FPS-0203,WHEAT,180,180,WH-003,APPROVED,SYSTEM,OFF-00001,2025-12-29T11:00:00
ALLOC-0002807,2026-03,FPS-0204,RICE,239,239,WH-004,APPROVED,SYSTEM,OFF-00001,2025-12-29T11:00:00
ALLOC-0002808,2026-03,FPS-0204,WHEAT,180,180,WH-004,APPROVED,SYSTEM,OFF-00001,2025-12-29T11:00:00
ALLOC-0002809,2026-03,FPS-0205,RICE,184,184,WH-005,APPROVED,SYSTEM,OFF-00001,2025-12-29T11:00:00
ALLOC-0002810,2026-03,FPS-0205,WHEAT,191,191,WH-005,APPROVED,SYSTEM,OFF-00001,2025-12-29T11:00:00
ALLOC-0002811,2026-03,FPS-0206,RICE,271,271,WH-006,APPROVED,SYSTEM,OFF-00001,2025-12-29T11:00:00
ALLOC-0002812,2026-03,FPS-0206,WHEAT,196,196,WH-006,APPROVED,SYSTEM,OFF-00001,2025-12-29T11:00:00
ALLOC-0002813,2026-03,FPS-0207,RICE,316,316,WH-007,APPROVED,SYSTEM,OFF-00001,2025-12-29T11:00:00
ALLOC-0002814,2026-03,FPS-0207,WHEAT,229,229,WH-007,APPROVED,SYSTEM,OFF-00001,2025-12-29T11:00:00
ALLOC-0002815,2026-03,FPS-0208,RICE,203,203,WH-008,APPROVED,SYSTEM,OFF-00001,2025-12-29T11:00:00
ALLOC-0002816,2026-03,FPS-0208,WHEAT,188,188,WH-008,APPROVED,SYSTEM,OFF-00001,2025-12-29T11:00:00
ALLOC-0002817,2026-03,FPS-0209,RICE,232,232,WH-009,APPROVED,SYSTEM,OFF-00001,2025-12-29T11:00:00
ALLOC-0002818,2026-03,FPS-0209,WHEAT,190,190,WH-009,APPROVED,SYSTEM,OFF-00001,2025-12-29T11:00:00
ALLOC-0002819,2026-03,FPS-0210,RICE,203,203,WH-010,APPROVED,SYSTEM,OFF-00001,2025-12-29T11:00:00
ALLOC-0002820,2026-03,FPS-0210,WHEAT,200,200,WH-010,APPROVED,SYSTEM,OFF-00001,2025-12-29T11:00:00
ALLOC-0002821,2026-03,FPS-0211,RICE,220,220,WH-011,APPROVED,SYSTEM,OFF-00001,2025-12-29T11:00:00
ALLOC-0002822,2026-03,FPS-0211,WHEAT,197,197,WH-011,APPROVED,SYSTEM,OFF-00001,2025-12-29T11:00:00
ALLOC-0002823,2026-03,FPS-0212,RICE,191,191,WH-012,APPROVED,SYSTEM,OFF-00001,2025-12-29T11:00:00
ALLOC-0002824,2026-03,FPS-0212,WHEAT,215,215,WH-012,APPROVED,SYSTEM,OFF-00001,2025-12-29T11:00:00
ALLOC-0002825,2026-03,FPS-0213,RICE,199,199,WH-013,APPROVED,SYSTEM,OFF-00001,2025-12-29T11:00:00
ALLOC-0002826,2026-03,FPS-0213,WHEAT,199,199,WH-013,APPROVED,SYSTEM,OFF-00001,2025-12-29T11:00:00
ALLOC-0002827,2026-03,FPS-0214,RICE,193,193,WH-014,APPROVED,SYSTEM,OFF-00001,2025-12-29T11:00:00
ALLOC-0002828,2026-03,FPS-0214,WHEAT,174,174,WH-014,APPROVED,SYSTEM,OFF-00001,2025-12-29T11:00:00
ALLOC-0002829,2026-03,FPS-0215,RICE,173,173,WH-015,APPROVED,SYSTEM,OFF-00001,2025-12-29T11:00:00
ALLOC-0002830,2026-03,FPS-0215,WHEAT,192,192,WH-015,APPROVED,SYSTEM,OFF-00001,2025-12-29T11:00:00
ALLOC-0002831,2026-03,FPS-0216,RICE,165,165,WH-016,APPROVED,SYSTEM,OFF-00001,2025-12-29T11:00:00
ALLOC-0002832,2026-03,FPS-0216,WHEAT,194,194,WH-016,APPROVED,SYSTEM,OFF-00001,2025-12-29T11:00:00
ALLOC-0002833,2026-03,FPS-0217,RICE,194,194,WH-017,APPROVED,SYSTEM,OFF-00001,2025-12-29T11:00:00
ALLOC-0002834,2026-03,FPS-0217,WHEAT,208,208,WH-017,APPROVED,SYSTEM,OFF-00001,2025-12-29T11:00:00
ALLOC-0002835,2026-03,FPS-0218,RICE,184,184,WH-018,APPROVED,SYSTEM,OFF-00001,2025-12-29T11:00:00
ALLOC-0002836,2026-03,FPS-0218,WHEAT,208,208,WH-018,APPROVED,SYSTEM,OFF-00001,2025-12-29T11:00:00
ALLOC-0002837,2026-03,FPS-0219,RICE,234,234,WH-019,APPROVED,SYSTEM,OFF-00001,2025-12-29T11:00:00
ALLOC-0002838,2026-03,FPS-0219,WHEAT,203,203,WH-019,APPROVED,SYSTEM,OFF-00001,2025-12-29T11:00:00
ALLOC-0002839,2026-03,FPS-0220,RICE,278,278,WH-020,APPROVED,SYSTEM,OFF-00001,2025-12-29T11:00:00
ALLOC-0002840,2026-03,FPS-0220,WHEAT,172,172,WH-020,APPROVED,SYSTEM,OFF-00001,2025-12-29T11:00:00
ALLOC-0002841,2026-03,FPS-0221,RICE,220,220,WH-021,APPROVED,SYSTEM,OFF-00001,2025-12-29T11:00:00
ALLOC-0002842,2026-03,FPS-0221,WHEAT,172,172,WH-021,APPROVED,SYSTEM,OFF-00001,2025-12-29T11:00:00
ALLOC-0002843,2026-03,FPS-0222,RICE,228,228,WH-022,APPROVED,SYSTEM,OFF-00001,2025-12-29T11:00:00
ALLOC-0002844,2026-03,FPS-0222,WHEAT,191,191,WH-022,APPROVED,SYSTEM,OFF-00001,2025-12-29T11:00:00
ALLOC-0002845,2026-03,FPS-0223,RICE,234,234,WH-023,APPROVED,SYSTEM,OFF-00001,2025-12-29T11:00:00
ALLOC-0002846,2026-03,FPS-0223,WHEAT,190,190,WH-023,APPROVED,SYSTEM,OFF-00001,2025-12-29T11:00:00
ALLOC-0002847,2026-03,FPS-0224,RICE,181,181,WH-024,APPROVED,SYSTEM,OFF-00001,2025-12-29T11:00:00
ALLOC-0002848,2026-03,FPS-0224,WHEAT,173,173,WH-024,APPROVED,SYSTEM,OFF-00001,2025-12-29T11:00:00
ALLOC-0002849,2026-03,FPS-0225,RICE,195,195,WH-025,APPROVED,SYSTEM,OFF-00001,2025-12-29T11:00:00
ALLOC-0002850,2026-03,FPS-0225,WHEAT,171,171,WH-025,APPROVED,SYSTEM,OFF-00001,2025-12-29T11:00:00
ALLOC-0002851,2026-03,FPS-0226,RICE,192,192,WH-001,APPROVED,SYSTEM,OFF-00001,2025-12-29T11:00:00
ALLOC-0002852,2026-03,FPS-0226,WHEAT,176,176,WH-001,APPROVED,SYSTEM,OFF-00001,2025-12-29T11:00:00
ALLOC-0002853,2026-03,FPS-0227,RICE,171,171,WH-002,APPROVED,SYSTEM,OFF-00001,2025-12-29T11:00:00
ALLOC-0002854,2026-03,FPS-0227,WHEAT,187,187,WH-002,APPROVED,SYSTEM,OFF-00001,2025-12-29T11:00:00
ALLOC-0002855,2026-03,FPS-0228,RICE,198,198,WH-003,APPROVED,SYSTEM,OFF-00001,2025-12-29T11:00:00
ALLOC-0002856,2026-03,FPS-0228,WHEAT,205,205,WH-003,APPROVED,SYSTEM,OFF-00001,2025-12-29T11:00:00
ALLOC-0002857,2026-03,FPS-0229,RICE,205,205,WH-004,APPROVED,SYSTEM,OFF-00001,2025-12-29T11:00:00
ALLOC-0002858,2026-03,FPS-0229,WHEAT,194,194,WH-004,APPROVED,SYSTEM,OFF-00001,2025-12-29T11:00:00
ALLOC-0002859,2026-03,FPS-0230,RICE,298,298,WH-005,APPROVED,SYSTEM,OFF-00001,2025-12-29T11:00:00
ALLOC-0002860,2026-03,FPS-0230,WHEAT,210,210,WH-005,APPROVED,SYSTEM,OFF-00001,2025-12-29T11:00:00
ALLOC-0002861,2026-03,FPS-0231,RICE,193,193,WH-006,APPROVED,SYSTEM,OFF-00001,2025-12-29T11:00:00
ALLOC-0002862,2026-03,FPS-0231,WHEAT,183,183,WH-006,APPROVED,SYSTEM,OFF-00001,2025-12-29T11:00:00
ALLOC-0002863,2026-03,FPS-0232,RICE,209,209,WH-007,APPROVED,SYSTEM,OFF-00001,2025-12-29T11:00:00
ALLOC-0002864,2026-03,FPS-0232,WHEAT,198,198,WH-007,APPROVED,SYSTEM,OFF-00001,2025-12-29T11:00:00
ALLOC-0002865,2026-03,FPS-0233,RICE,187,187,WH-008,APPROVED,SYSTEM,OFF-00001,2025-12-29T11:00:00
ALLOC-0002866,2026-03,FPS-0233,WHEAT,203,203,WH-008,APPROVED,SYSTEM,OFF-00001,2025-12-29T11:00:00
ALLOC-0002867,2026-03,FPS-0234,RICE,207,207,WH-009,APPROVED,SYSTEM,OFF-00001,2025-12-29T11:00:00
ALLOC-0002868,2026-03,FPS-0234,WHEAT,164,164,WH-009,APPROVED,SYSTEM,OFF-00001,2025-12-29T11:00:00
ALLOC-0002869,2026-03,FPS-0235,RICE,236,236,WH-010,APPROVED,SYSTEM,OFF-00001,2025-12-29T11:00:00
ALLOC-0002870,2026-03,FPS-0235,WHEAT,195,195,WH-010,APPROVED,SYSTEM,OFF-00001,2025-12-29T11:00:00
ALLOC-0002871,2026-03,FPS-0236,RICE,198,198,WH-011,APPROVED,SYSTEM,OFF-00001,2025-12-29T11:00:00
ALLOC-0002872,2026-03,FPS-0236,WHEAT,204,204,WH-011,APPROVED,SYSTEM,OFF-00001,2025-12-29T11:00:00
ALLOC-0002873,2026-03,FPS-0237,RICE,204,204,WH-012,APPROVED,SYSTEM,OFF-00001,2025-12-29T11:00:00
ALLOC-0002874,2026-03,FPS-0237,WHEAT,179,179,WH-012,APPROVED,SYSTEM,OFF-00001,2025-12-29T11:00:00
ALLOC-0002875,2026-03,FPS-0238,RICE,223,223,WH-013,APPROVED,SYSTEM,OFF-00001,2025-12-29T11:00:00
ALLOC-0002876,2026-03,FPS-0238,WHEAT,208,208,WH-013,APPROVED,SYSTEM,OFF-00001,2025-12-29T11:00:00
ALLOC-0002877,2026-03,FPS-0239,RICE,271,271,WH-014,APPROVED,SYSTEM,OFF-00001,2025-12-29T11:00:00
ALLOC-0002878,2026-03,FPS-0239,WHEAT,168,168,WH-014,APPROVED,SYSTEM,OFF-00001,2025-12-29T11:00:00
ALLOC-0002879,2026-03,FPS-0240,RICE,240,240,WH-015,APPROVED,SYSTEM,OFF-00001,2025-12-29T11:00:00
ALLOC-0002880,2026-03,FPS-0240,WHEAT,207,207,WH-015,APPROVED,SYSTEM,OFF-00001,2025-12-29T11:00:00
ALLOC-0002881,2026-03,FPS-0241,RICE,215,215,WH-016,APPROVED,SYSTEM,OFF-00001,2025-12-29T11:00:00
ALLOC-0002882,2026-03,FPS-0241,WHEAT,184,184,WH-016,APPROVED,SYSTEM,OFF-00001,2025-12-29T11:00:00
ALLOC-0002883,2026-03,FPS-0242,RICE,181,181,WH-017,APPROVED,SYSTEM,OFF-00001,2025-12-29T11:00:00
ALLOC-0002884,2026-03,FPS-0242,WHEAT,149,149,WH-017,APPROVED,SYSTEM,OFF-00001,2025-12-29T11:00:00
ALLOC-0002885,2026-03,FPS-0243,RICE,233,233,WH-018,APPROVED,SYSTEM,OFF-00001,2025-12-29T11:00:00
ALLOC-0002886,2026-03,FPS-0243,WHEAT,198,198,WH-018,APPROVED,SYSTEM,OFF-00001,2025-12-29T11:00:00
ALLOC-0002887,2026-03,FPS-0244,RICE,188,188,WH-019,APPROVED,SYSTEM,OFF-00001,2025-12-29T11:00:00
ALLOC-0002888,2026-03,FPS-0244,WHEAT,179,179,WH-019,APPROVED,SYSTEM,OFF-00001,2025-12-29T11:00:00
ALLOC-0002889,2026-03,FPS-0245,RICE,187,187,WH-020,APPROVED,SYSTEM,OFF-00001,2025-12-29T11:00:00
ALLOC-0002890,2026-03,FPS-0245,WHEAT,201,201,WH-020,APPROVED,SYSTEM,OFF-00001,2025-12-29T11:00:00
ALLOC-0002891,2026-03,FPS-0246,RICE,320,320,WH-021,APPROVED,SYSTEM,OFF-00001,2025-12-29T11:00:00
ALLOC-0002892,2026-03,FPS-0246,WHEAT,215,215,WH-021,APPROVED,SYSTEM,OFF-00001,2025-12-29T11:00:00
ALLOC-0002893,2026-03,FPS-0247,RICE,185,185,WH-022,APPROVED,SYSTEM,OFF-00001,2025-12-29T11:00:00
ALLOC-0002894,2026-03,FPS-0247,WHEAT,193,193,WH-022,APPROVED,SYSTEM,OFF-00001,2025-12-29T11:00:00
ALLOC-0002895,2026-03,FPS-0248,RICE,344,344,WH-023,APPROVED,SYSTEM,OFF-00001,2025-12-29T11:00:00
ALLOC-0002896,2026-03,FPS-0248,WHEAT,208,208,WH-023,APPROVED,SYSTEM,OFF-00001,2025-12-29T11:00:00
ALLOC-0002897,2026-03,FPS-0249,RICE,271,271,WH-024,APPROVED,SYSTEM,OFF-00001,2025-12-29T11:00:00
ALLOC-0002898,2026-03,FPS-0249,WHEAT,212,212,WH-024,APPROVED,SYSTEM,OFF-00001,2025-12-29T11:00:00
ALLOC-0002899,2026-03,FPS-0250,RICE,193,193,WH-025,APPROVED,SYSTEM,OFF-00001,2025-12-29T11:00:00
ALLOC-0002900,2026-03,FPS-0250,WHEAT,165,165,WH-025,APPROVED,SYSTEM,OFF-00001,2025-12-29T11:00:00
ALLOC-0002901,2026-03,FPS-0251,RICE,187,187,WH-001,APPROVED,SYSTEM,OFF-00001,2025-12-29T11:00:00
ALLOC-0002902,2026-03,FPS-0251,WHEAT,172,172,WH-001,APPROVED,SYSTEM,OFF-00001,2025-12-29T11:00:00
ALLOC-0002903,2026-03,FPS-0252,RICE,193,193,WH-002,APPROVED,SYSTEM,OFF-00001,2025-12-29T11:00:00
ALLOC-0002904,2026-03,FPS-0252,WHEAT,196,196,WH-002,APPROVED,SYSTEM,OFF-00001,2025-12-29T11:00:00
ALLOC-0002905,2026-03,FPS-0253,RICE,248,248,WH-003,APPROVED,SYSTEM,OFF-00001,2025-12-29T11:00:00
ALLOC-0002906,2026-03,FPS-0253,WHEAT,175,175,WH-003,APPROVED,SYSTEM,OFF-00001,2025-12-29T11:00:00
ALLOC-0002907,2026-03,FPS-0254,RICE,204,204,WH-004,APPROVED,SYSTEM,OFF-00001,2025-12-29T11:00:00
ALLOC-0002908,2026-03,FPS-0254,WHEAT,197,197,WH-004,APPROVED,SYSTEM,OFF-00001,2025-12-29T11:00:00
ALLOC-0002909,2026-03,FPS-0255,RICE,191,191,WH-005,APPROVED,SYSTEM,OFF-00001,2025-12-29T11:00:00
ALLOC-0002910,2026-03,FPS-0255,WHEAT,198,198,WH-005,APPROVED,SYSTEM,OFF-00001,2025-12-29T11:00:00
ALLOC-0002911,2026-03,FPS-0256,RICE,194,194,WH-006,APPROVED,SYSTEM,OFF-00001,2025-12-29T11:00:00
ALLOC-0002912,2026-03,FPS-0256,WHEAT,182,182,WH-006,APPROVED,SYSTEM,OFF-00001,2025-12-29T11:00:00
ALLOC-0002913,2026-03,FPS-0257,RICE,160,160,WH-007,APPROVED,SYSTEM,OFF-00001,2025-12-29T11:00:00
ALLOC-0002914,2026-03,FPS-0257,WHEAT,210,210,WH-007,APPROVED,SYSTEM,OFF-00001,2025-12-29T11:00:00
ALLOC-0002915,2026-03,FPS-0258,RICE,192,192,WH-008,APPROVED,SYSTEM,OFF-00001,2025-12-29T11:00:00
ALLOC-0002916,2026-03,FPS-0258,WHEAT,181,181,WH-008,APPROVED,SYSTEM,OFF-00001,2025-12-29T11:00:00
ALLOC-0002917,2026-03,FPS-0259,RICE,184,184,WH-009,APPROVED,SYSTEM,OFF-00001,2025-12-29T11:00:00
ALLOC-0002918,2026-03,FPS-0259,WHEAT,187,187,WH-009,APPROVED,SYSTEM,OFF-00001,2025-12-29T11:00:00
ALLOC-0002919,2026-03,FPS-0260,RICE,193,193,WH-010,APPROVED,SYSTEM,OFF-00001,2025-12-29T11:00:00
ALLOC-0002920,2026-03,FPS-0260,WHEAT,183,183,WH-010,APPROVED,SYSTEM,OFF-00001,2025-12-29T11:00:00
ALLOC-0002921,2026-03,FPS-0261,RICE,207,207,WH-011,APPROVED,SYSTEM,OFF-00001,2025-12-29T11:00:00
ALLOC-0002922,2026-03,FPS-0261,WHEAT,194,194,WH-011,APPROVED,SYSTEM,OFF-00001,2025-12-29T11:00:00
ALLOC-0002923,2026-03,FPS-0262,RICE,183,183,WH-012,APPROVED,SYSTEM,OFF-00001,2025-12-29T11:00:00
ALLOC-0002924,2026-03,FPS-0262,WHEAT,182,182,WH-012,APPROVED,SYSTEM,OFF-00001,2025-12-29T11:00:00
ALLOC-0002925,2026-03,FPS-0263,RICE,204,204,WH-013,APPROVED,SYSTEM,OFF-00001,2025-12-29T11:00:00
ALLOC-0002926,2026-03,FPS-0263,WHEAT,206,206,WH-013,APPROVED,SYSTEM,OFF-00001,2025-12-29T11:00:00
ALLOC-0002927,2026-03,FPS-0264,RICE,185,185,WH-014,APPROVED,SYSTEM,OFF-00001,2025-12-29T11:00:00
ALLOC-0002928,2026-03,FPS-0264,WHEAT,184,184,WH-014,APPROVED,SYSTEM,OFF-00001,2025-12-29T11:00:00
ALLOC-0002929,2026-03,FPS-0265,RICE,227,227,WH-015,APPROVED,SYSTEM,OFF-00001,2025-12-29T11:00:00
ALLOC-0002930,2026-03,FPS-0265,WHEAT,205,205,WH-015,APPROVED,SYSTEM,OFF-00001,2025-12-29T11:00:00
ALLOC-0002931,2026-03,FPS-0266,RICE,185,185,WH-016,APPROVED,SYSTEM,OFF-00001,2025-12-29T11:00:00
ALLOC-0002932,2026-03,FPS-0266,WHEAT,194,194,WH-016,APPROVED,SYSTEM,OFF-00001,2025-12-29T11:00:00
ALLOC-0002933,2026-03,FPS-0267,RICE,190,190,WH-017,APPROVED,SYSTEM,OFF-00001,2025-12-29T11:00:00
ALLOC-0002934,2026-03,FPS-0267,WHEAT,192,192,WH-017,APPROVED,SYSTEM,OFF-00001,2025-12-29T11:00:00
ALLOC-0002935,2026-03,FPS-0268,RICE,198,198,WH-018,APPROVED,SYSTEM,OFF-00001,2025-12-29T11:00:00
ALLOC-0002936,2026-03,FPS-0268,WHEAT,201,201,WH-018,APPROVED,SYSTEM,OFF-00001,2025-12-29T11:00:00
ALLOC-0002937,2026-03,FPS-0269,RICE,215,215,WH-019,APPROVED,SYSTEM,OFF-00001,2025-12-29T11:00:00
ALLOC-0002938,2026-03,FPS-0269,WHEAT,178,178,WH-019,APPROVED,SYSTEM,OFF-00001,2025-12-29T11:00:00
ALLOC-0002939,2026-03,FPS-0270,RICE,200,200,WH-020,APPROVED,SYSTEM,OFF-00001,2025-12-29T11:00:00
ALLOC-0002940,2026-03,FPS-0270,WHEAT,189,189,WH-020,APPROVED,SYSTEM,OFF-00001,2025-12-29T11:00:00
ALLOC-0002941,2026-03,FPS-0271,RICE,189,189,WH-021,APPROVED,SYSTEM,OFF-00001,2025-12-29T11:00:00
ALLOC-0002942,2026-03,FPS-0271,WHEAT,199,199,WH-021,APPROVED,SYSTEM,OFF-00001,2025-12-29T11:00:00
ALLOC-0002943,2026-03,FPS-0272,RICE,231,231,WH-022,APPROVED,SYSTEM,OFF-00001,2025-12-29T11:00:00
ALLOC-0002944,2026-03,FPS-0272,WHEAT,193,193,WH-022,APPROVED,SYSTEM,OFF-00001,2025-12-29T11:00:00
ALLOC-0002945,2026-03,FPS-0273,RICE,271,271,WH-023,APPROVED,SYSTEM,OFF-00001,2025-12-29T11:00:00
ALLOC-0002946,2026-03,FPS-0273,WHEAT,171,171,WH-023,APPROVED,SYSTEM,OFF-00001,2025-12-29T11:00:00
ALLOC-0002947,2026-03,FPS-0274,RICE,191,191,WH-024,APPROVED,SYSTEM,OFF-00001,2025-12-29T11:00:00
ALLOC-0002948,2026-03,FPS-0274,WHEAT,171,171,WH-024,APPROVED,SYSTEM,OFF-00001,2025-12-29T11:00:00
ALLOC-0002949,2026-03,FPS-0275,RICE,192,192,WH-025,APPROVED,SYSTEM,OFF-00001,2025-12-29T11:00:00
ALLOC-0002950,2026-03,FPS-0275,WHEAT,198,198,WH-025,APPROVED,SYSTEM,OFF-00001,2025-12-29T11:00:00
ALLOC-0002951,2026-03,FPS-0276,RICE,188,188,WH-001,APPROVED,SYSTEM,OFF-00001,2025-12-29T11:00:00
ALLOC-0002952,2026-03,FPS-0276,WHEAT,186,186,WH-001,APPROVED,SYSTEM,OFF-00001,2025-12-29T11:00:00
ALLOC-0002953,2026-03,FPS-0277,RICE,197,197,WH-002,APPROVED,SYSTEM,OFF-00001,2025-12-29T11:00:00
ALLOC-0002954,2026-03,FPS-0277,WHEAT,205,205,WH-002,APPROVED,SYSTEM,OFF-00001,2025-12-29T11:00:00
ALLOC-0002955,2026-03,FPS-0278,RICE,196,196,WH-003,APPROVED,SYSTEM,OFF-00001,2025-12-29T11:00:00
ALLOC-0002956,2026-03,FPS-0278,WHEAT,166,166,WH-003,APPROVED,SYSTEM,OFF-00001,2025-12-29T11:00:00
ALLOC-0002957,2026-03,FPS-0279,RICE,307,307,WH-004,APPROVED,SYSTEM,OFF-00001,2025-12-29T11:00:00
ALLOC-0002958,2026-03,FPS-0279,WHEAT,232,232,WH-004,APPROVED,SYSTEM,OFF-00001,2025-12-29T11:00:00
ALLOC-0002959,2026-03,FPS-0280,RICE,170,170,WH-005,APPROVED,SYSTEM,OFF-00001,2025-12-29T11:00:00
ALLOC-0002960,2026-03,FPS-0280,WHEAT,170,170,WH-005,APPROVED,SYSTEM,OFF-00001,2025-12-29T11:00:00
ALLOC-0002961,2026-03,FPS-0281,RICE,201,201,WH-006,APPROVED,SYSTEM,OFF-00001,2025-12-29T11:00:00
ALLOC-0002962,2026-03,FPS-0281,WHEAT,184,184,WH-006,APPROVED,SYSTEM,OFF-00001,2025-12-29T11:00:00
ALLOC-0002963,2026-03,FPS-0282,RICE,239,239,WH-007,APPROVED,SYSTEM,OFF-00001,2025-12-29T11:00:00
ALLOC-0002964,2026-03,FPS-0282,WHEAT,163,163,WH-007,APPROVED,SYSTEM,OFF-00001,2025-12-29T11:00:00
ALLOC-0002965,2026-03,FPS-0283,RICE,179,179,WH-008,APPROVED,SYSTEM,OFF-00001,2025-12-29T11:00:00
ALLOC-0002966,2026-03,FPS-0283,WHEAT,196,196,WH-008,APPROVED,SYSTEM,OFF-00001,2025-12-29T11:00:00
ALLOC-0002967,2026-03,FPS-0284,RICE,206,206,WH-009,APPROVED,SYSTEM,OFF-00001,2025-12-29T11:00:00
ALLOC-0002968,2026-03,FPS-0284,WHEAT,206,206,WH-009,APPROVED,SYSTEM,OFF-00001,2025-12-29T11:00:00
ALLOC-0002969,2026-03,FPS-0285,RICE,212,212,WH-010,APPROVED,SYSTEM,OFF-00001,2025-12-29T11:00:00
ALLOC-0002970,2026-03,FPS-0285,WHEAT,195,195,WH-010,APPROVED,SYSTEM,OFF-00001,2025-12-29T11:00:00
ALLOC-0002971,2026-03,FPS-0286,RICE,204,204,WH-011,APPROVED,SYSTEM,OFF-00001,2025-12-29T11:00:00
ALLOC-0002972,2026-03,FPS-0286,WHEAT,191,191,WH-011,APPROVED,SYSTEM,OFF-00001,2025-12-29T11:00:00
ALLOC-0002973,2026-03,FPS-0287,RICE,339,339,WH-012,APPROVED,SYSTEM,OFF-00001,2025-12-29T11:00:00
ALLOC-0002974,2026-03,FPS-0287,WHEAT,234,234,WH-012,APPROVED,SYSTEM,OFF-00001,2025-12-29T11:00:00
ALLOC-0002975,2026-03,FPS-0288,RICE,208,208,WH-013,APPROVED,SYSTEM,OFF-00001,2025-12-29T11:00:00
ALLOC-0002976,2026-03,FPS-0288,WHEAT,192,192,WH-013,APPROVED,SYSTEM,OFF-00001,2025-12-29T11:00:00
ALLOC-0002977,2026-03,FPS-0289,RICE,172,172,WH-014,APPROVED,SYSTEM,OFF-00001,2025-12-29T11:00:00
ALLOC-0002978,2026-03,FPS-0289,WHEAT,161,161,WH-014,APPROVED,SYSTEM,OFF-00001,2025-12-29T11:00:00
ALLOC-0002979,2026-03,FPS-0290,RICE,178,178,WH-015,APPROVED,SYSTEM,OFF-00001,2025-12-29T11:00:00
ALLOC-0002980,2026-03,FPS-0290,WHEAT,201,201,WH-015,APPROVED,SYSTEM,OFF-00001,2025-12-29T11:00:00
ALLOC-0002981,2026-03,FPS-0291,RICE,244,244,WH-016,APPROVED,SYSTEM,OFF-00001,2025-12-29T11:00:00
ALLOC-0002982,2026-03,FPS-0291,WHEAT,201,201,WH-016,APPROVED,SYSTEM,OFF-00001,2025-12-29T11:00:00
ALLOC-0002983,2026-03,FPS-0292,RICE,285,285,WH-017,APPROVED,SYSTEM,OFF-00001,2025-12-29T11:00:00
ALLOC-0002984,2026-03,FPS-0292,WHEAT,182,182,WH-017,APPROVED,SYSTEM,OFF-00001,2025-12-29T11:00:00
ALLOC-0002985,2026-03,FPS-0293,RICE,216,216,WH-018,APPROVED,SYSTEM,OFF-00001,2025-12-29T11:00:00
ALLOC-0002986,2026-03,FPS-0293,WHEAT,194,194,WH-018,APPROVED,SYSTEM,OFF-00001,2025-12-29T11:00:00
ALLOC-0002987,2026-03,FPS-0294,RICE,195,195,WH-019,APPROVED,SYSTEM,OFF-00001,2025-12-29T11:00:00
ALLOC-0002988,2026-03,FPS-0294,WHEAT,196,196,WH-019,APPROVED,SYSTEM,OFF-00001,2025-12-29T11:00:00
ALLOC-0002989,2026-03,FPS-0295,RICE,197,197,WH-020,APPROVED,SYSTEM,OFF-00001,2025-12-29T11:00:00
ALLOC-0002990,2026-03,FPS-0295,WHEAT,207,207,WH-020,APPROVED,SYSTEM,OFF-00001,2025-12-29T11:00:00
ALLOC-0002991,2026-03,FPS-0296,RICE,197,197,WH-021,APPROVED,SYSTEM,OFF-00001,2025-12-29T11:00:00
ALLOC-0002992,2026-03,FPS-0296,WHEAT,200,200,WH-021,APPROVED,SYSTEM,OFF-00001,2025-12-29T11:00:00
ALLOC-0002993,2026-03,FPS-0297,RICE,206,206,WH-022,APPROVED,SYSTEM,OFF-00001,2025-12-29T11:00:00
ALLOC-0002994,2026-03,FPS-0297,WHEAT,196,196,WH-022,APPROVED,SYSTEM,OFF-00001,2025-12-29T11:00:00
ALLOC-0002995,2026-03,FPS-0298,RICE,189,189,WH-023,APPROVED,SYSTEM,OFF-00001,2025-12-29T11:00:00
ALLOC-0002996,2026-03,FPS-0298,WHEAT,202,202,WH-023,APPROVED,SYSTEM,OFF-00001,2025-12-29T11:00:00
ALLOC-0002997,2026-03,FPS-0299,RICE,199,199,WH-024,APPROVED,SYSTEM,OFF-00001,2025-12-29T11:00:00
ALLOC-0002998,2026-03,FPS-0299,WHEAT,185,185,WH-024,APPROVED,SYSTEM,OFF-00001,2025-12-29T11:00:00
ALLOC-0002999,2026-03,FPS-0300,RICE,219,219,WH-025,APPROVED,SYSTEM,OFF-00001,2025-12-29T11:00:00
ALLOC-0003000,2026-03,FPS-0300,WHEAT,187,187,WH-025,APPROVED,SYSTEM,OFF-00001,2025-12-29T11:00:00
ALLOC-0003001,2026-03,FPS-0301,RICE,195,195,WH-001,APPROVED,SYSTEM,OFF-00001,2025-12-29T11:00:00
ALLOC-0003002,2026-03,FPS-0301,WHEAT,184,184,WH-001,APPROVED,SYSTEM,OFF-00001,2025-12-29T11:00:00
ALLOC-0003003,2026-03,FPS-0302,RICE,194,194,WH-002,APPROVED,SYSTEM,OFF-00001,2025-12-29T11:00:00
ALLOC-0003004,2026-03,FPS-0302,WHEAT,187,187,WH-002,APPROVED,SYSTEM,OFF-00001,2025-12-29T11:00:00
ALLOC-0003005,2026-03,FPS-0303,RICE,197,197,WH-003,APPROVED,SYSTEM,OFF-00001,2025-12-29T11:00:00
ALLOC-0003006,2026-03,FPS-0303,WHEAT,193,193,WH-003,APPROVED,SYSTEM,OFF-00001,2025-12-29T11:00:00
ALLOC-0003007,2026-03,FPS-0304,RICE,240,240,WH-004,APPROVED,SYSTEM,OFF-00001,2025-12-29T11:00:00
ALLOC-0003008,2026-03,FPS-0304,WHEAT,174,174,WH-004,APPROVED,SYSTEM,OFF-00001,2025-12-29T11:00:00
ALLOC-0003009,2026-03,FPS-0305,RICE,196,196,WH-005,APPROVED,SYSTEM,OFF-00001,2025-12-29T11:00:00
ALLOC-0003010,2026-03,FPS-0305,WHEAT,212,212,WH-005,APPROVED,SYSTEM,OFF-00001,2025-12-29T11:00:00
ALLOC-0003011,2026-03,FPS-0306,RICE,201,201,WH-006,APPROVED,SYSTEM,OFF-00001,2025-12-29T11:00:00
ALLOC-0003012,2026-03,FPS-0306,WHEAT,192,192,WH-006,APPROVED,SYSTEM,OFF-00001,2025-12-29T11:00:00
ALLOC-0003013,2026-03,FPS-0307,RICE,191,191,WH-007,APPROVED,SYSTEM,OFF-00001,2025-12-29T11:00:00
ALLOC-0003014,2026-03,FPS-0307,WHEAT,178,178,WH-007,APPROVED,SYSTEM,OFF-00001,2025-12-29T11:00:00
ALLOC-0003015,2026-03,FPS-0308,RICE,215,215,WH-008,APPROVED,SYSTEM,OFF-00001,2025-12-29T11:00:00
ALLOC-0003016,2026-03,FPS-0308,WHEAT,187,187,WH-008,APPROVED,SYSTEM,OFF-00001,2025-12-29T11:00:00
ALLOC-0003017,2026-03,FPS-0309,RICE,220,220,WH-009,APPROVED,SYSTEM,OFF-00001,2025-12-29T11:00:00
ALLOC-0003018,2026-03,FPS-0309,WHEAT,181,181,WH-009,APPROVED,SYSTEM,OFF-00001,2025-12-29T11:00:00
ALLOC-0003019,2026-03,FPS-0310,RICE,207,207,WH-010,APPROVED,SYSTEM,OFF-00001,2025-12-29T11:00:00
ALLOC-0003020,2026-03,FPS-0310,WHEAT,212,212,WH-010,APPROVED,SYSTEM,OFF-00001,2025-12-29T11:00:00
ALLOC-0003021,2026-03,FPS-0311,RICE,252,252,WH-011,APPROVED,SYSTEM,OFF-00001,2025-12-29T11:00:00
ALLOC-0003022,2026-03,FPS-0311,WHEAT,201,201,WH-011,APPROVED,SYSTEM,OFF-00001,2025-12-29T11:00:00
ALLOC-0003023,2026-03,FPS-0312,RICE,238,238,WH-012,APPROVED,SYSTEM,OFF-00001,2025-12-29T11:00:00
ALLOC-0003024,2026-03,FPS-0312,WHEAT,197,197,WH-012,APPROVED,SYSTEM,OFF-00001,2025-12-29T11:00:00
ALLOC-0003025,2026-03,FPS-0313,RICE,179,179,WH-013,APPROVED,SYSTEM,OFF-00001,2025-12-29T11:00:00
ALLOC-0003026,2026-03,FPS-0313,WHEAT,192,192,WH-013,APPROVED,SYSTEM,OFF-00001,2025-12-29T11:00:00
ALLOC-0003027,2026-03,FPS-0314,RICE,230,230,WH-014,APPROVED,SYSTEM,OFF-00001,2025-12-29T11:00:00
ALLOC-0003028,2026-03,FPS-0314,WHEAT,191,191,WH-014,APPROVED,SYSTEM,OFF-00001,2025-12-29T11:00:00
ALLOC-0003029,2026-03,FPS-0315,RICE,212,212,WH-015,APPROVED,SYSTEM,OFF-00001,2025-12-29T11:00:00
ALLOC-0003030,2026-03,FPS-0315,WHEAT,189,189,WH-015,APPROVED,SYSTEM,OFF-00001,2025-12-29T11:00:00
ALLOC-0003031,2026-03,FPS-0316,RICE,201,201,WH-016,APPROVED,SYSTEM,OFF-00001,2025-12-29T11:00:00
ALLOC-0003032,2026-03,FPS-0316,WHEAT,193,193,WH-016,APPROVED,SYSTEM,OFF-00001,2025-12-29T11:00:00
ALLOC-0003033,2026-03,FPS-0317,RICE,196,196,WH-017,APPROVED,SYSTEM,OFF-00001,2025-12-29T11:00:00
ALLOC-0003034,2026-03,FPS-0317,WHEAT,186,186,WH-017,APPROVED,SYSTEM,OFF-00001,2025-12-29T11:00:00
ALLOC-0003035,2026-03,FPS-0318,RICE,156,156,WH-018,APPROVED,SYSTEM,OFF-00001,2025-12-29T11:00:00
ALLOC-0003036,2026-03,FPS-0318,WHEAT,183,183,WH-018,APPROVED,SYSTEM,OFF-00001,2025-12-29T11:00:00
ALLOC-0003037,2026-03,FPS-0319,RICE,213,213,WH-019,APPROVED,SYSTEM,OFF-00001,2025-12-29T11:00:00
ALLOC-0003038,2026-03,FPS-0319,WHEAT,184,184,WH-019,APPROVED,SYSTEM,OFF-00001,2025-12-29T11:00:00
ALLOC-0003039,2026-03,FPS-0320,RICE,178,178,WH-020,APPROVED,SYSTEM,OFF-00001,2025-12-29T11:00:00
ALLOC-0003040,2026-03,FPS-0320,WHEAT,192,192,WH-020,APPROVED,SYSTEM,OFF-00001,2025-12-29T11:00:00
ALLOC-0003041,2026-03,FPS-0321,RICE,258,258,WH-021,APPROVED,SYSTEM,OFF-00001,2025-12-29T11:00:00
ALLOC-0003042,2026-03,FPS-0321,WHEAT,205,205,WH-021,APPROVED,SYSTEM,OFF-00001,2025-12-29T11:00:00
ALLOC-0003043,2026-03,FPS-0322,RICE,228,228,WH-022,APPROVED,SYSTEM,OFF-00001,2025-12-29T11:00:00
ALLOC-0003044,2026-03,FPS-0322,WHEAT,198,198,WH-022,APPROVED,SYSTEM,OFF-00001,2025-12-29T11:00:00
ALLOC-0003045,2026-03,FPS-0323,RICE,175,175,WH-023,APPROVED,SYSTEM,OFF-00001,2025-12-29T11:00:00
ALLOC-0003046,2026-03,FPS-0323,WHEAT,206,206,WH-023,APPROVED,SYSTEM,OFF-00001,2025-12-29T11:00:00
ALLOC-0003047,2026-03,FPS-0324,RICE,209,209,WH-024,APPROVED,SYSTEM,OFF-00001,2025-12-29T11:00:00
ALLOC-0003048,2026-03,FPS-0324,WHEAT,194,194,WH-024,APPROVED,SYSTEM,OFF-00001,2025-12-29T11:00:00
ALLOC-0003049,2026-03,FPS-0325,RICE,234,234,WH-025,APPROVED,SYSTEM,OFF-00001,2025-12-29T11:00:00
ALLOC-0003050,2026-03,FPS-0325,WHEAT,177,177,WH-025,APPROVED,SYSTEM,OFF-00001,2025-12-29T11:00:00
ALLOC-0003051,2026-03,FPS-0326,RICE,182,182,WH-001,APPROVED,SYSTEM,OFF-00001,2025-12-29T11:00:00
ALLOC-0003052,2026-03,FPS-0326,WHEAT,178,178,WH-001,APPROVED,SYSTEM,OFF-00001,2025-12-29T11:00:00
ALLOC-0003053,2026-03,FPS-0327,RICE,212,212,WH-002,APPROVED,SYSTEM,OFF-00001,2025-12-29T11:00:00
ALLOC-0003054,2026-03,FPS-0327,WHEAT,170,170,WH-002,APPROVED,SYSTEM,OFF-00001,2025-12-29T11:00:00
ALLOC-0003055,2026-03,FPS-0328,RICE,220,220,WH-003,APPROVED,SYSTEM,OFF-00001,2025-12-29T11:00:00
ALLOC-0003056,2026-03,FPS-0328,WHEAT,181,181,WH-003,APPROVED,SYSTEM,OFF-00001,2025-12-29T11:00:00
ALLOC-0003057,2026-03,FPS-0329,RICE,202,202,WH-004,APPROVED,SYSTEM,OFF-00001,2025-12-29T11:00:00
ALLOC-0003058,2026-03,FPS-0329,WHEAT,185,185,WH-004,APPROVED,SYSTEM,OFF-00001,2025-12-29T11:00:00
ALLOC-0003059,2026-03,FPS-0330,RICE,219,219,WH-005,APPROVED,SYSTEM,OFF-00001,2025-12-29T11:00:00
ALLOC-0003060,2026-03,FPS-0330,WHEAT,221,221,WH-005,APPROVED,SYSTEM,OFF-00001,2025-12-29T11:00:00
ALLOC-0003061,2026-03,FPS-0331,RICE,216,216,WH-006,APPROVED,SYSTEM,OFF-00001,2025-12-29T11:00:00
ALLOC-0003062,2026-03,FPS-0331,WHEAT,197,197,WH-006,APPROVED,SYSTEM,OFF-00001,2025-12-29T11:00:00
ALLOC-0003063,2026-03,FPS-0332,RICE,202,202,WH-007,APPROVED,SYSTEM,OFF-00001,2025-12-29T11:00:00
ALLOC-0003064,2026-03,FPS-0332,WHEAT,186,186,WH-007,APPROVED,SYSTEM,OFF-00001,2025-12-29T11:00:00
ALLOC-0003065,2026-03,FPS-0333,RICE,350,350,WH-008,APPROVED,SYSTEM,OFF-00001,2025-12-29T11:00:00
ALLOC-0003066,2026-03,FPS-0333,WHEAT,238,238,WH-008,APPROVED,SYSTEM,OFF-00001,2025-12-29T11:00:00
ALLOC-0003067,2026-03,FPS-0334,RICE,195,195,WH-009,APPROVED,SYSTEM,OFF-00001,2025-12-29T11:00:00
ALLOC-0003068,2026-03,FPS-0334,WHEAT,199,199,WH-009,APPROVED,SYSTEM,OFF-00001,2025-12-29T11:00:00
ALLOC-0003069,2026-03,FPS-0335,RICE,256,256,WH-010,APPROVED,SYSTEM,OFF-00001,2025-12-29T11:00:00
ALLOC-0003070,2026-03,FPS-0335,WHEAT,193,193,WH-010,APPROVED,SYSTEM,OFF-00001,2025-12-29T11:00:00
ALLOC-0003071,2026-03,FPS-0336,RICE,228,228,WH-011,APPROVED,SYSTEM,OFF-00001,2025-12-29T11:00:00
ALLOC-0003072,2026-03,FPS-0336,WHEAT,172,172,WH-011,APPROVED,SYSTEM,OFF-00001,2025-12-29T11:00:00
ALLOC-0003073,2026-03,FPS-0337,RICE,178,178,WH-012,APPROVED,SYSTEM,OFF-00001,2025-12-29T11:00:00
ALLOC-0003074,2026-03,FPS-0337,WHEAT,202,202,WH-012,APPROVED,SYSTEM,OFF-00001,2025-12-29T11:00:00
ALLOC-0003075,2026-03,FPS-0338,RICE,213,213,WH-013,APPROVED,SYSTEM,OFF-00001,2025-12-29T11:00:00
ALLOC-0003076,2026-03,FPS-0338,WHEAT,197,197,WH-013,APPROVED,SYSTEM,OFF-00001,2025-12-29T11:00:00
ALLOC-0003077,2026-03,FPS-0339,RICE,174,174,WH-014,APPROVED,SYSTEM,OFF-00001,2025-12-29T11:00:00
ALLOC-0003078,2026-03,FPS-0339,WHEAT,184,184,WH-014,APPROVED,SYSTEM,OFF-00001,2025-12-29T11:00:00
ALLOC-0003079,2026-03,FPS-0340,RICE,182,182,WH-015,APPROVED,SYSTEM,OFF-00001,2025-12-29T11:00:00
ALLOC-0003080,2026-03,FPS-0340,WHEAT,185,185,WH-015,APPROVED,SYSTEM,OFF-00001,2025-12-29T11:00:00
ALLOC-0003081,2026-03,FPS-0341,RICE,204,204,WH-016,APPROVED,SYSTEM,OFF-00001,2025-12-29T11:00:00
ALLOC-0003082,2026-03,FPS-0341,WHEAT,189,189,WH-016,APPROVED,SYSTEM,OFF-00001,2025-12-29T11:00:00
ALLOC-0003083,2026-03,FPS-0342,RICE,197,197,WH-017,APPROVED,SYSTEM,OFF-00001,2025-12-29T11:00:00
ALLOC-0003084,2026-03,FPS-0342,WHEAT,194,194,WH-017,APPROVED,SYSTEM,OFF-00001,2025-12-29T11:00:00
ALLOC-0003085,2026-03,FPS-0343,RICE,169,169,WH-018,APPROVED,SYSTEM,OFF-00001,2025-12-29T11:00:00
ALLOC-0003086,2026-03,FPS-0343,WHEAT,187,187,WH-018,APPROVED,SYSTEM,OFF-00001,2025-12-29T11:00:00
ALLOC-0003087,2026-03,FPS-0344,RICE,198,198,WH-019,APPROVED,SYSTEM,OFF-00001,2025-12-29T11:00:00
ALLOC-0003088,2026-03,FPS-0344,WHEAT,200,200,WH-019,APPROVED,SYSTEM,OFF-00001,2025-12-29T11:00:00
ALLOC-0003089,2026-03,FPS-0345,RICE,190,190,WH-020,APPROVED,SYSTEM,OFF-00001,2025-12-29T11:00:00
ALLOC-0003090,2026-03,FPS-0345,WHEAT,180,180,WH-020,APPROVED,SYSTEM,OFF-00001,2025-12-29T11:00:00
ALLOC-0003091,2026-03,FPS-0346,RICE,194,194,WH-021,APPROVED,SYSTEM,OFF-00001,2025-12-29T11:00:00
ALLOC-0003092,2026-03,FPS-0346,WHEAT,189,189,WH-021,APPROVED,SYSTEM,OFF-00001,2025-12-29T11:00:00
ALLOC-0003093,2026-03,FPS-0347,RICE,275,275,WH-022,APPROVED,SYSTEM,OFF-00001,2025-12-29T11:00:00
ALLOC-0003094,2026-03,FPS-0347,WHEAT,210,210,WH-022,APPROVED,SYSTEM,OFF-00001,2025-12-29T11:00:00
ALLOC-0003095,2026-03,FPS-0348,RICE,224,224,WH-023,APPROVED,SYSTEM,OFF-00001,2025-12-29T11:00:00
ALLOC-0003096,2026-03,FPS-0348,WHEAT,195,195,WH-023,APPROVED,SYSTEM,OFF-00001,2025-12-29T11:00:00
ALLOC-0003097,2026-03,FPS-0349,RICE,188,188,WH-024,APPROVED,SYSTEM,OFF-00001,2025-12-29T11:00:00
ALLOC-0003098,2026-03,FPS-0349,WHEAT,203,203,WH-024,APPROVED,SYSTEM,OFF-00001,2025-12-29T11:00:00
ALLOC-0003099,2026-03,FPS-0350,RICE,225,225,WH-025,APPROVED,SYSTEM,OFF-00001,2025-12-29T11:00:00
ALLOC-0003100,2026-03,FPS-0350,WHEAT,193,193,WH-025,APPROVED,SYSTEM,OFF-00001,2025-12-29T11:00:00
ALLOC-0003101,2026-03,FPS-0351,RICE,180,180,WH-001,APPROVED,SYSTEM,OFF-00001,2025-12-29T11:00:00
ALLOC-0003102,2026-03,FPS-0351,WHEAT,177,177,WH-001,APPROVED,SYSTEM,OFF-00001,2025-12-29T11:00:00
ALLOC-0003103,2026-03,FPS-0352,RICE,228,228,WH-002,APPROVED,SYSTEM,OFF-00001,2025-12-29T11:00:00
ALLOC-0003104,2026-03,FPS-0352,WHEAT,210,210,WH-002,APPROVED,SYSTEM,OFF-00001,2025-12-29T11:00:00
ALLOC-0003105,2026-03,FPS-0353,RICE,212,212,WH-003,APPROVED,SYSTEM,OFF-00001,2025-12-29T11:00:00
ALLOC-0003106,2026-03,FPS-0353,WHEAT,202,202,WH-003,APPROVED,SYSTEM,OFF-00001,2025-12-29T11:00:00
ALLOC-0003107,2026-03,FPS-0354,RICE,203,203,WH-004,APPROVED,SYSTEM,OFF-00001,2025-12-29T11:00:00
ALLOC-0003108,2026-03,FPS-0354,WHEAT,176,176,WH-004,APPROVED,SYSTEM,OFF-00001,2025-12-29T11:00:00
ALLOC-0003109,2026-03,FPS-0355,RICE,211,211,WH-005,APPROVED,SYSTEM,OFF-00001,2025-12-29T11:00:00
ALLOC-0003110,2026-03,FPS-0355,WHEAT,194,194,WH-005,APPROVED,SYSTEM,OFF-00001,2025-12-29T11:00:00
ALLOC-0003111,2026-03,FPS-0356,RICE,195,195,WH-006,APPROVED,SYSTEM,OFF-00001,2025-12-29T11:00:00
ALLOC-0003112,2026-03,FPS-0356,WHEAT,190,190,WH-006,APPROVED,SYSTEM,OFF-00001,2025-12-29T11:00:00
ALLOC-0003113,2026-03,FPS-0357,RICE,188,188,WH-007,APPROVED,SYSTEM,OFF-00001,2025-12-29T11:00:00
ALLOC-0003114,2026-03,FPS-0357,WHEAT,186,186,WH-007,APPROVED,SYSTEM,OFF-00001,2025-12-29T11:00:00
ALLOC-0003115,2026-03,FPS-0358,RICE,196,196,WH-008,APPROVED,SYSTEM,OFF-00001,2025-12-29T11:00:00
ALLOC-0003116,2026-03,FPS-0358,WHEAT,197,197,WH-008,APPROVED,SYSTEM,OFF-00001,2025-12-29T11:00:00
ALLOC-0003117,2026-03,FPS-0359,RICE,330,330,WH-009,APPROVED,SYSTEM,OFF-00001,2025-12-29T11:00:00
ALLOC-0003118,2026-03,FPS-0359,WHEAT,218,218,WH-009,APPROVED,SYSTEM,OFF-00001,2025-12-29T11:00:00
ALLOC-0003119,2026-03,FPS-0360,RICE,210,210,WH-010,APPROVED,SYSTEM,OFF-00001,2025-12-29T11:00:00
ALLOC-0003120,2026-03,FPS-0360,WHEAT,185,185,WH-010,APPROVED,SYSTEM,OFF-00001,2025-12-29T11:00:00
ALLOC-0003121,2026-03,FPS-0361,RICE,204,204,WH-011,APPROVED,SYSTEM,OFF-00001,2025-12-29T11:00:00
ALLOC-0003122,2026-03,FPS-0361,WHEAT,186,186,WH-011,APPROVED,SYSTEM,OFF-00001,2025-12-29T11:00:00
ALLOC-0003123,2026-03,FPS-0362,RICE,174,174,WH-012,APPROVED,SYSTEM,OFF-00001,2025-12-29T11:00:00
ALLOC-0003124,2026-03,FPS-0362,WHEAT,188,188,WH-012,APPROVED,SYSTEM,OFF-00001,2025-12-29T11:00:00
ALLOC-0003125,2026-03,FPS-0363,RICE,212,212,WH-013,APPROVED,SYSTEM,OFF-00001,2025-12-29T11:00:00
ALLOC-0003126,2026-03,FPS-0363,WHEAT,183,183,WH-013,APPROVED,SYSTEM,OFF-00001,2025-12-29T11:00:00
ALLOC-0003127,2026-03,FPS-0364,RICE,192,192,WH-014,APPROVED,SYSTEM,OFF-00001,2025-12-29T11:00:00
ALLOC-0003128,2026-03,FPS-0364,WHEAT,214,214,WH-014,APPROVED,SYSTEM,OFF-00001,2025-12-29T11:00:00
ALLOC-0003129,2026-03,FPS-0365,RICE,186,186,WH-015,APPROVED,SYSTEM,OFF-00001,2025-12-29T11:00:00
ALLOC-0003130,2026-03,FPS-0365,WHEAT,213,213,WH-015,APPROVED,SYSTEM,OFF-00001,2025-12-29T11:00:00
ALLOC-0003131,2026-03,FPS-0366,RICE,202,202,WH-016,APPROVED,SYSTEM,OFF-00001,2025-12-29T11:00:00
ALLOC-0003132,2026-03,FPS-0366,WHEAT,202,202,WH-016,APPROVED,SYSTEM,OFF-00001,2025-12-29T11:00:00
ALLOC-0003133,2026-03,FPS-0367,RICE,185,185,WH-017,APPROVED,SYSTEM,OFF-00001,2025-12-29T11:00:00
ALLOC-0003134,2026-03,FPS-0367,WHEAT,157,157,WH-017,APPROVED,SYSTEM,OFF-00001,2025-12-29T11:00:00
ALLOC-0003135,2026-03,FPS-0368,RICE,207,207,WH-018,APPROVED,SYSTEM,OFF-00001,2025-12-29T11:00:00
ALLOC-0003136,2026-03,FPS-0368,WHEAT,189,189,WH-018,APPROVED,SYSTEM,OFF-00001,2025-12-29T11:00:00
ALLOC-0003137,2026-03,FPS-0369,RICE,188,188,WH-019,APPROVED,SYSTEM,OFF-00001,2025-12-29T11:00:00
ALLOC-0003138,2026-03,FPS-0369,WHEAT,194,194,WH-019,APPROVED,SYSTEM,OFF-00001,2025-12-29T11:00:00
ALLOC-0003139,2026-03,FPS-0370,RICE,210,210,WH-020,APPROVED,SYSTEM,OFF-00001,2025-12-29T11:00:00
ALLOC-0003140,2026-03,FPS-0370,WHEAT,186,186,WH-020,APPROVED,SYSTEM,OFF-00001,2025-12-29T11:00:00
ALLOC-0003141,2026-03,FPS-0371,RICE,179,179,WH-021,APPROVED,SYSTEM,OFF-00001,2025-12-29T11:00:00
ALLOC-0003142,2026-03,FPS-0371,WHEAT,193,193,WH-021,APPROVED,SYSTEM,OFF-00001,2025-12-29T11:00:00
ALLOC-0003143,2026-03,FPS-0372,RICE,188,188,WH-022,APPROVED,SYSTEM,OFF-00001,2025-12-29T11:00:00
ALLOC-0003144,2026-03,FPS-0372,WHEAT,182,182,WH-022,APPROVED,SYSTEM,OFF-00001,2025-12-29T11:00:00
ALLOC-0003145,2026-03,FPS-0373,RICE,184,184,WH-023,APPROVED,SYSTEM,OFF-00001,2025-12-29T11:00:00
ALLOC-0003146,2026-03,FPS-0373,WHEAT,197,197,WH-023,APPROVED,SYSTEM,OFF-00001,2025-12-29T11:00:00
ALLOC-0003147,2026-03,FPS-0374,RICE,182,182,WH-024,APPROVED,SYSTEM,OFF-00001,2025-12-29T11:00:00
ALLOC-0003148,2026-03,FPS-0374,WHEAT,182,182,WH-024,APPROVED,SYSTEM,OFF-00001,2025-12-29T11:00:00
ALLOC-0003149,2026-03,FPS-0375,RICE,201,201,WH-025,APPROVED,SYSTEM,OFF-00001,2025-12-29T11:00:00
ALLOC-0003150,2026-03,FPS-0375,WHEAT,177,177,WH-025,APPROVED,SYSTEM,OFF-00001,2025-12-29T11:00:00
ALLOC-0003151,2026-03,FPS-0376,RICE,222,222,WH-001,APPROVED,SYSTEM,OFF-00001,2025-12-29T11:00:00
ALLOC-0003152,2026-03,FPS-0376,WHEAT,191,191,WH-001,APPROVED,SYSTEM,OFF-00001,2025-12-29T11:00:00
ALLOC-0003153,2026-03,FPS-0377,RICE,191,191,WH-002,APPROVED,SYSTEM,OFF-00001,2025-12-29T11:00:00
ALLOC-0003154,2026-03,FPS-0377,WHEAT,195,195,WH-002,APPROVED,SYSTEM,OFF-00001,2025-12-29T11:00:00
ALLOC-0003155,2026-03,FPS-0378,RICE,266,266,WH-003,APPROVED,SYSTEM,OFF-00001,2025-12-29T11:00:00
ALLOC-0003156,2026-03,FPS-0378,WHEAT,185,185,WH-003,APPROVED,SYSTEM,OFF-00001,2025-12-29T11:00:00
ALLOC-0003157,2026-03,FPS-0379,RICE,198,198,WH-004,APPROVED,SYSTEM,OFF-00001,2025-12-29T11:00:00
ALLOC-0003158,2026-03,FPS-0379,WHEAT,198,198,WH-004,APPROVED,SYSTEM,OFF-00001,2025-12-29T11:00:00
ALLOC-0003159,2026-03,FPS-0380,RICE,223,223,WH-005,APPROVED,SYSTEM,OFF-00001,2025-12-29T11:00:00
ALLOC-0003160,2026-03,FPS-0380,WHEAT,178,178,WH-005,APPROVED,SYSTEM,OFF-00001,2025-12-29T11:00:00
ALLOC-0003161,2026-03,FPS-0381,RICE,184,184,WH-006,APPROVED,SYSTEM,OFF-00001,2025-12-29T11:00:00
ALLOC-0003162,2026-03,FPS-0381,WHEAT,203,203,WH-006,APPROVED,SYSTEM,OFF-00001,2025-12-29T11:00:00
ALLOC-0003163,2026-03,FPS-0382,RICE,199,199,WH-007,APPROVED,SYSTEM,OFF-00001,2025-12-29T11:00:00
ALLOC-0003164,2026-03,FPS-0382,WHEAT,202,202,WH-007,APPROVED,SYSTEM,OFF-00001,2025-12-29T11:00:00
ALLOC-0003165,2026-03,FPS-0383,RICE,187,187,WH-008,APPROVED,SYSTEM,OFF-00001,2025-12-29T11:00:00
ALLOC-0003166,2026-03,FPS-0383,WHEAT,190,190,WH-008,APPROVED,SYSTEM,OFF-00001,2025-12-29T11:00:00
ALLOC-0003167,2026-03,FPS-0384,RICE,254,254,WH-009,APPROVED,SYSTEM,OFF-00001,2025-12-29T11:00:00
ALLOC-0003168,2026-03,FPS-0384,WHEAT,188,188,WH-009,APPROVED,SYSTEM,OFF-00001,2025-12-29T11:00:00
ALLOC-0003169,2026-03,FPS-0385,RICE,272,272,WH-010,APPROVED,SYSTEM,OFF-00001,2025-12-29T11:00:00
ALLOC-0003170,2026-03,FPS-0385,WHEAT,190,190,WH-010,APPROVED,SYSTEM,OFF-00001,2025-12-29T11:00:00
ALLOC-0003171,2026-03,FPS-0386,RICE,182,182,WH-011,APPROVED,SYSTEM,OFF-00001,2025-12-29T11:00:00
ALLOC-0003172,2026-03,FPS-0386,WHEAT,189,189,WH-011,APPROVED,SYSTEM,OFF-00001,2025-12-29T11:00:00
ALLOC-0003173,2026-03,FPS-0387,RICE,311,311,WH-012,APPROVED,SYSTEM,OFF-00001,2025-12-29T11:00:00
ALLOC-0003174,2026-03,FPS-0387,WHEAT,218,218,WH-012,APPROVED,SYSTEM,OFF-00001,2025-12-29T11:00:00
ALLOC-0003175,2026-03,FPS-0388,RICE,163,163,WH-013,APPROVED,SYSTEM,OFF-00001,2025-12-29T11:00:00
ALLOC-0003176,2026-03,FPS-0388,WHEAT,187,187,WH-013,APPROVED,SYSTEM,OFF-00001,2025-12-29T11:00:00
ALLOC-0003177,2026-03,FPS-0389,RICE,210,210,WH-014,APPROVED,SYSTEM,OFF-00001,2025-12-29T11:00:00
ALLOC-0003178,2026-03,FPS-0389,WHEAT,187,187,WH-014,APPROVED,SYSTEM,OFF-00001,2025-12-29T11:00:00
ALLOC-0003179,2026-03,FPS-0390,RICE,216,216,WH-015,APPROVED,SYSTEM,OFF-00001,2025-12-29T11:00:00
ALLOC-0003180,2026-03,FPS-0390,WHEAT,195,195,WH-015,APPROVED,SYSTEM,OFF-00001,2025-12-29T11:00:00
ALLOC-0003181,2026-03,FPS-0391,RICE,239,239,WH-016,APPROVED,SYSTEM,OFF-00001,2025-12-29T11:00:00
ALLOC-0003182,2026-03,FPS-0391,WHEAT,196,196,WH-016,APPROVED,SYSTEM,OFF-00001,2025-12-29T11:00:00
ALLOC-0003183,2026-03,FPS-0392,RICE,196,196,WH-017,APPROVED,SYSTEM,OFF-00001,2025-12-29T11:00:00
ALLOC-0003184,2026-03,FPS-0392,WHEAT,189,189,WH-017,APPROVED,SYSTEM,OFF-00001,2025-12-29T11:00:00
ALLOC-0003185,2026-03,FPS-0393,RICE,215,215,WH-018,APPROVED,SYSTEM,OFF-00001,2025-12-29T11:00:00
ALLOC-0003186,2026-03,FPS-0393,WHEAT,185,185,WH-018,APPROVED,SYSTEM,OFF-00001,2025-12-29T11:00:00
ALLOC-0003187,2026-03,FPS-0394,RICE,228,228,WH-019,APPROVED,SYSTEM,OFF-00001,2025-12-29T11:00:00
ALLOC-0003188,2026-03,FPS-0394,WHEAT,220,220,WH-019,APPROVED,SYSTEM,OFF-00001,2025-12-29T11:00:00
ALLOC-0003189,2026-03,FPS-0395,RICE,192,192,WH-020,APPROVED,SYSTEM,OFF-00001,2025-12-29T11:00:00
ALLOC-0003190,2026-03,FPS-0395,WHEAT,171,171,WH-020,APPROVED,SYSTEM,OFF-00001,2025-12-29T11:00:00
ALLOC-0003191,2026-03,FPS-0396,RICE,189,189,WH-021,APPROVED,SYSTEM,OFF-00001,2025-12-29T11:00:00
ALLOC-0003192,2026-03,FPS-0396,WHEAT,198,198,WH-021,APPROVED,SYSTEM,OFF-00001,2025-12-29T11:00:00
ALLOC-0003193,2026-03,FPS-0397,RICE,190,190,WH-022,APPROVED,SYSTEM,OFF-00001,2025-12-29T11:00:00
ALLOC-0003194,2026-03,FPS-0397,WHEAT,208,208,WH-022,APPROVED,SYSTEM,OFF-00001,2025-12-29T11:00:00
ALLOC-0003195,2026-03,FPS-0398,RICE,204,204,WH-023,APPROVED,SYSTEM,OFF-00001,2025-12-29T11:00:00
ALLOC-0003196,2026-03,FPS-0398,WHEAT,199,199,WH-023,APPROVED,SYSTEM,OFF-00001,2025-12-29T11:00:00
ALLOC-0003197,2026-03,FPS-0399,RICE,199,199,WH-024,APPROVED,SYSTEM,OFF-00001,2025-12-29T11:00:00
ALLOC-0003198,2026-03,FPS-0399,WHEAT,174,174,WH-024,APPROVED,SYSTEM,OFF-00001,2025-12-29T11:00:00
ALLOC-0003199,2026-03,FPS-0400,RICE,241,241,WH-025,APPROVED,SYSTEM,OFF-00001,2025-12-29T11:00:00
ALLOC-0003200,2026-03,FPS-0400,WHEAT,186,186,WH-025,APPROVED,SYSTEM,OFF-00001,2025-12-29T11:00:00
ALLOC-0003201,2026-03,FPS-0401,RICE,237,237,WH-001,APPROVED,SYSTEM,OFF-00001,2025-12-29T11:00:00
ALLOC-0003202,2026-03,FPS-0401,WHEAT,214,214,WH-001,APPROVED,SYSTEM,OFF-00001,2025-12-29T11:00:00
ALLOC-0003203,2026-03,FPS-0402,RICE,208,208,WH-002,APPROVED,SYSTEM,OFF-00001,2025-12-29T11:00:00
ALLOC-0003204,2026-03,FPS-0402,WHEAT,189,189,WH-002,APPROVED,SYSTEM,OFF-00001,2025-12-29T11:00:00
ALLOC-0003205,2026-03,FPS-0403,RICE,207,207,WH-003,APPROVED,SYSTEM,OFF-00001,2025-12-29T11:00:00
ALLOC-0003206,2026-03,FPS-0403,WHEAT,201,201,WH-003,APPROVED,SYSTEM,OFF-00001,2025-12-29T11:00:00
ALLOC-0003207,2026-03,FPS-0404,RICE,195,195,WH-004,APPROVED,SYSTEM,OFF-00001,2025-12-29T11:00:00
ALLOC-0003208,2026-03,FPS-0404,WHEAT,215,215,WH-004,APPROVED,SYSTEM,OFF-00001,2025-12-29T11:00:00
ALLOC-0003209,2026-03,FPS-0405,RICE,196,196,WH-005,APPROVED,SYSTEM,OFF-00001,2025-12-29T11:00:00
ALLOC-0003210,2026-03,FPS-0405,WHEAT,187,187,WH-005,APPROVED,SYSTEM,OFF-00001,2025-12-29T11:00:00
ALLOC-0003211,2026-03,FPS-0406,RICE,255,255,WH-006,APPROVED,SYSTEM,OFF-00001,2025-12-29T11:00:00
ALLOC-0003212,2026-03,FPS-0406,WHEAT,194,194,WH-006,APPROVED,SYSTEM,OFF-00001,2025-12-29T11:00:00
ALLOC-0003213,2026-03,FPS-0407,RICE,191,191,WH-007,APPROVED,SYSTEM,OFF-00001,2025-12-29T11:00:00
ALLOC-0003214,2026-03,FPS-0407,WHEAT,175,175,WH-007,APPROVED,SYSTEM,OFF-00001,2025-12-29T11:00:00
ALLOC-0003215,2026-03,FPS-0408,RICE,192,192,WH-008,APPROVED,SYSTEM,OFF-00001,2025-12-29T11:00:00
ALLOC-0003216,2026-03,FPS-0408,WHEAT,180,180,WH-008,APPROVED,SYSTEM,OFF-00001,2025-12-29T11:00:00
ALLOC-0003217,2026-03,FPS-0409,RICE,222,222,WH-009,APPROVED,SYSTEM,OFF-00001,2025-12-29T11:00:00
ALLOC-0003218,2026-03,FPS-0409,WHEAT,182,182,WH-009,APPROVED,SYSTEM,OFF-00001,2025-12-29T11:00:00
ALLOC-0003219,2026-03,FPS-0410,RICE,285,285,WH-010,APPROVED,SYSTEM,OFF-00001,2025-12-29T11:00:00
ALLOC-0003220,2026-03,FPS-0410,WHEAT,213,213,WH-010,APPROVED,SYSTEM,OFF-00001,2025-12-29T11:00:00
ALLOC-0003221,2026-03,FPS-0411,RICE,204,204,WH-011,APPROVED,SYSTEM,OFF-00001,2025-12-29T11:00:00
ALLOC-0003222,2026-03,FPS-0411,WHEAT,191,191,WH-011,APPROVED,SYSTEM,OFF-00001,2025-12-29T11:00:00
ALLOC-0003223,2026-03,FPS-0412,RICE,231,231,WH-012,APPROVED,SYSTEM,OFF-00001,2025-12-29T11:00:00
ALLOC-0003224,2026-03,FPS-0412,WHEAT,193,193,WH-012,APPROVED,SYSTEM,OFF-00001,2025-12-29T11:00:00
ALLOC-0003225,2026-03,FPS-0413,RICE,154,154,WH-013,APPROVED,SYSTEM,OFF-00001,2025-12-29T11:00:00
ALLOC-0003226,2026-03,FPS-0413,WHEAT,175,175,WH-013,APPROVED,SYSTEM,OFF-00001,2025-12-29T11:00:00
ALLOC-0003227,2026-03,FPS-0414,RICE,269,269,WH-014,APPROVED,SYSTEM,OFF-00001,2025-12-29T11:00:00
ALLOC-0003228,2026-03,FPS-0414,WHEAT,192,192,WH-014,APPROVED,SYSTEM,OFF-00001,2025-12-29T11:00:00
ALLOC-0003229,2026-03,FPS-0415,RICE,210,210,WH-015,APPROVED,SYSTEM,OFF-00001,2025-12-29T11:00:00
ALLOC-0003230,2026-03,FPS-0415,WHEAT,173,173,WH-015,APPROVED,SYSTEM,OFF-00001,2025-12-29T11:00:00
ALLOC-0003231,2026-03,FPS-0416,RICE,191,191,WH-016,APPROVED,SYSTEM,OFF-00001,2025-12-29T11:00:00
ALLOC-0003232,2026-03,FPS-0416,WHEAT,186,186,WH-016,APPROVED,SYSTEM,OFF-00001,2025-12-29T11:00:00
ALLOC-0003233,2026-03,FPS-0417,RICE,173,173,WH-017,APPROVED,SYSTEM,OFF-00001,2025-12-29T11:00:00
ALLOC-0003234,2026-03,FPS-0417,WHEAT,183,183,WH-017,APPROVED,SYSTEM,OFF-00001,2025-12-29T11:00:00
ALLOC-0003235,2026-03,FPS-0418,RICE,250,250,WH-018,APPROVED,SYSTEM,OFF-00001,2025-12-29T11:00:00
ALLOC-0003236,2026-03,FPS-0418,WHEAT,201,201,WH-018,APPROVED,SYSTEM,OFF-00001,2025-12-29T11:00:00
ALLOC-0003237,2026-03,FPS-0419,RICE,237,237,WH-019,APPROVED,SYSTEM,OFF-00001,2025-12-29T11:00:00
ALLOC-0003238,2026-03,FPS-0419,WHEAT,195,195,WH-019,APPROVED,SYSTEM,OFF-00001,2025-12-29T11:00:00
ALLOC-0003239,2026-03,FPS-0420,RICE,238,238,WH-020,APPROVED,SYSTEM,OFF-00001,2025-12-29T11:00:00
ALLOC-0003240,2026-03,FPS-0420,WHEAT,205,205,WH-020,APPROVED,SYSTEM,OFF-00001,2025-12-29T11:00:00
ALLOC-0003241,2026-03,FPS-0421,RICE,248,248,WH-021,APPROVED,SYSTEM,OFF-00001,2025-12-29T11:00:00
ALLOC-0003242,2026-03,FPS-0421,WHEAT,175,175,WH-021,APPROVED,SYSTEM,OFF-00001,2025-12-29T11:00:00
ALLOC-0003243,2026-03,FPS-0422,RICE,208,208,WH-022,APPROVED,SYSTEM,OFF-00001,2025-12-29T11:00:00
ALLOC-0003244,2026-03,FPS-0422,WHEAT,191,191,WH-022,APPROVED,SYSTEM,OFF-00001,2025-12-29T11:00:00
ALLOC-0003245,2026-03,FPS-0423,RICE,190,190,WH-023,APPROVED,SYSTEM,OFF-00001,2025-12-29T11:00:00
ALLOC-0003246,2026-03,FPS-0423,WHEAT,197,197,WH-023,APPROVED,SYSTEM,OFF-00001,2025-12-29T11:00:00
ALLOC-0003247,2026-03,FPS-0424,RICE,210,210,WH-024,APPROVED,SYSTEM,OFF-00001,2025-12-29T11:00:00
ALLOC-0003248,2026-03,FPS-0424,WHEAT,178,178,WH-024,APPROVED,SYSTEM,OFF-00001,2025-12-29T11:00:00
ALLOC-0003249,2026-03,FPS-0425,RICE,182,182,WH-025,APPROVED,SYSTEM,OFF-00001,2025-12-29T11:00:00
ALLOC-0003250,2026-03,FPS-0425,WHEAT,186,186,WH-025,APPROVED,SYSTEM,OFF-00001,2025-12-29T11:00:00
ALLOC-0003251,2026-03,FPS-0426,RICE,255,255,WH-001,APPROVED,SYSTEM,OFF-00001,2025-12-29T11:00:00
ALLOC-0003252,2026-03,FPS-0426,WHEAT,169,169,WH-001,APPROVED,SYSTEM,OFF-00001,2025-12-29T11:00:00
ALLOC-0003253,2026-03,FPS-0427,RICE,183,183,WH-002,APPROVED,SYSTEM,OFF-00001,2025-12-29T11:00:00
ALLOC-0003254,2026-03,FPS-0427,WHEAT,207,207,WH-002,APPROVED,SYSTEM,OFF-00001,2025-12-29T11:00:00
ALLOC-0003255,2026-03,FPS-0428,RICE,190,190,WH-003,APPROVED,SYSTEM,OFF-00001,2025-12-29T11:00:00
ALLOC-0003256,2026-03,FPS-0428,WHEAT,179,179,WH-003,APPROVED,SYSTEM,OFF-00001,2025-12-29T11:00:00
ALLOC-0003257,2026-03,FPS-0429,RICE,192,192,WH-004,APPROVED,SYSTEM,OFF-00001,2025-12-29T11:00:00
ALLOC-0003258,2026-03,FPS-0429,WHEAT,208,208,WH-004,APPROVED,SYSTEM,OFF-00001,2025-12-29T11:00:00
ALLOC-0003259,2026-03,FPS-0430,RICE,195,195,WH-005,APPROVED,SYSTEM,OFF-00001,2025-12-29T11:00:00
ALLOC-0003260,2026-03,FPS-0430,WHEAT,207,207,WH-005,APPROVED,SYSTEM,OFF-00001,2025-12-29T11:00:00
ALLOC-0003261,2026-03,FPS-0431,RICE,177,177,WH-006,APPROVED,SYSTEM,OFF-00001,2025-12-29T11:00:00
ALLOC-0003262,2026-03,FPS-0431,WHEAT,207,207,WH-006,APPROVED,SYSTEM,OFF-00001,2025-12-29T11:00:00
ALLOC-0003263,2026-03,FPS-0432,RICE,334,334,WH-007,APPROVED,SYSTEM,OFF-00001,2025-12-29T11:00:00
ALLOC-0003264,2026-03,FPS-0432,WHEAT,218,218,WH-007,APPROVED,SYSTEM,OFF-00001,2025-12-29T11:00:00
ALLOC-0003265,2026-03,FPS-0433,RICE,176,176,WH-008,APPROVED,SYSTEM,OFF-00001,2025-12-29T11:00:00
ALLOC-0003266,2026-03,FPS-0433,WHEAT,191,191,WH-008,APPROVED,SYSTEM,OFF-00001,2025-12-29T11:00:00
ALLOC-0003267,2026-03,FPS-0434,RICE,238,238,WH-009,APPROVED,SYSTEM,OFF-00001,2025-12-29T11:00:00
ALLOC-0003268,2026-03,FPS-0434,WHEAT,207,207,WH-009,APPROVED,SYSTEM,OFF-00001,2025-12-29T11:00:00
ALLOC-0003269,2026-03,FPS-0435,RICE,211,211,WH-010,APPROVED,SYSTEM,OFF-00001,2025-12-29T11:00:00
ALLOC-0003270,2026-03,FPS-0435,WHEAT,194,194,WH-010,APPROVED,SYSTEM,OFF-00001,2025-12-29T11:00:00
ALLOC-0003271,2026-03,FPS-0436,RICE,210,210,WH-011,APPROVED,SYSTEM,OFF-00001,2025-12-29T11:00:00
ALLOC-0003272,2026-03,FPS-0436,WHEAT,187,187,WH-011,APPROVED,SYSTEM,OFF-00001,2025-12-29T11:00:00
ALLOC-0003273,2026-03,FPS-0437,RICE,188,188,WH-012,APPROVED,SYSTEM,OFF-00001,2025-12-29T11:00:00
ALLOC-0003274,2026-03,FPS-0437,WHEAT,177,177,WH-012,APPROVED,SYSTEM,OFF-00001,2025-12-29T11:00:00
ALLOC-0003275,2026-03,FPS-0438,RICE,195,195,WH-013,APPROVED,SYSTEM,OFF-00001,2025-12-29T11:00:00
ALLOC-0003276,2026-03,FPS-0438,WHEAT,188,188,WH-013,APPROVED,SYSTEM,OFF-00001,2025-12-29T11:00:00
ALLOC-0003277,2026-03,FPS-0439,RICE,229,229,WH-014,APPROVED,SYSTEM,OFF-00001,2025-12-29T11:00:00
ALLOC-0003278,2026-03,FPS-0439,WHEAT,200,200,WH-014,APPROVED,SYSTEM,OFF-00001,2025-12-29T11:00:00
ALLOC-0003279,2026-03,FPS-0440,RICE,203,203,WH-015,APPROVED,SYSTEM,OFF-00001,2025-12-29T11:00:00
ALLOC-0003280,2026-03,FPS-0440,WHEAT,187,187,WH-015,APPROVED,SYSTEM,OFF-00001,2025-12-29T11:00:00
ALLOC-0003281,2026-03,FPS-0441,RICE,286,286,WH-016,APPROVED,SYSTEM,OFF-00001,2025-12-29T11:00:00
ALLOC-0003282,2026-03,FPS-0441,WHEAT,186,186,WH-016,APPROVED,SYSTEM,OFF-00001,2025-12-29T11:00:00
ALLOC-0003283,2026-03,FPS-0442,RICE,194,194,WH-017,APPROVED,SYSTEM,OFF-00001,2025-12-29T11:00:00
ALLOC-0003284,2026-03,FPS-0442,WHEAT,187,187,WH-017,APPROVED,SYSTEM,OFF-00001,2025-12-29T11:00:00
ALLOC-0003285,2026-03,FPS-0443,RICE,170,170,WH-018,APPROVED,SYSTEM,OFF-00001,2025-12-29T11:00:00
ALLOC-0003286,2026-03,FPS-0443,WHEAT,189,189,WH-018,APPROVED,SYSTEM,OFF-00001,2025-12-29T11:00:00
ALLOC-0003287,2026-03,FPS-0444,RICE,177,177,WH-019,APPROVED,SYSTEM,OFF-00001,2025-12-29T11:00:00
ALLOC-0003288,2026-03,FPS-0444,WHEAT,193,193,WH-019,APPROVED,SYSTEM,OFF-00001,2025-12-29T11:00:00
ALLOC-0003289,2026-03,FPS-0445,RICE,208,208,WH-020,APPROVED,SYSTEM,OFF-00001,2025-12-29T11:00:00
ALLOC-0003290,2026-03,FPS-0445,WHEAT,197,197,WH-020,APPROVED,SYSTEM,OFF-00001,2025-12-29T11:00:00
ALLOC-0003291,2026-03,FPS-0446,RICE,188,188,WH-021,APPROVED,SYSTEM,OFF-00001,2025-12-29T11:00:00
ALLOC-0003292,2026-03,FPS-0446,WHEAT,185,185,WH-021,APPROVED,SYSTEM,OFF-00001,2025-12-29T11:00:00
ALLOC-0003293,2026-03,FPS-0447,RICE,198,198,WH-022,APPROVED,SYSTEM,OFF-00001,2025-12-29T11:00:00
ALLOC-0003294,2026-03,FPS-0447,WHEAT,193,193,WH-022,APPROVED,SYSTEM,OFF-00001,2025-12-29T11:00:00
ALLOC-0003295,2026-03,FPS-0448,RICE,188,188,WH-023,APPROVED,SYSTEM,OFF-00001,2025-12-29T11:00:00
ALLOC-0003296,2026-03,FPS-0448,WHEAT,187,187,WH-023,APPROVED,SYSTEM,OFF-00001,2025-12-29T11:00:00
ALLOC-0003297,2026-03,FPS-0449,RICE,195,195,WH-024,APPROVED,SYSTEM,OFF-00001,2025-12-29T11:00:00
ALLOC-0003298,2026-03,FPS-0449,WHEAT,193,193,WH-024,APPROVED,SYSTEM,OFF-00001,2025-12-29T11:00:00
ALLOC-0003299,2026-03,FPS-0450,RICE,202,202,WH-025,APPROVED,SYSTEM,OFF-00001,2025-12-29T11:00:00
ALLOC-0003300,2026-03,FPS-0450,WHEAT,190,190,WH-025,APPROVED,SYSTEM,OFF-00001,2025-12-29T11:00:00
ALLOC-0003301,2026-03,FPS-0451,RICE,290,290,WH-001,APPROVED,SYSTEM,OFF-00001,2025-12-29T11:00:00
ALLOC-0003302,2026-03,FPS-0451,WHEAT,203,203,WH-001,APPROVED,SYSTEM,OFF-00001,2025-12-29T11:00:00
ALLOC-0003303,2026-03,FPS-0452,RICE,209,209,WH-002,APPROVED,SYSTEM,OFF-00001,2025-12-29T11:00:00
ALLOC-0003304,2026-03,FPS-0452,WHEAT,183,183,WH-002,APPROVED,SYSTEM,OFF-00001,2025-12-29T11:00:00
ALLOC-0003305,2026-03,FPS-0453,RICE,200,200,WH-003,APPROVED,SYSTEM,OFF-00001,2025-12-29T11:00:00
ALLOC-0003306,2026-03,FPS-0453,WHEAT,203,203,WH-003,APPROVED,SYSTEM,OFF-00001,2025-12-29T11:00:00
ALLOC-0003307,2026-03,FPS-0454,RICE,207,207,WH-004,APPROVED,SYSTEM,OFF-00001,2025-12-29T11:00:00
ALLOC-0003308,2026-03,FPS-0454,WHEAT,186,186,WH-004,APPROVED,SYSTEM,OFF-00001,2025-12-29T11:00:00
ALLOC-0003309,2026-03,FPS-0455,RICE,187,187,WH-005,APPROVED,SYSTEM,OFF-00001,2025-12-29T11:00:00
ALLOC-0003310,2026-03,FPS-0455,WHEAT,169,169,WH-005,APPROVED,SYSTEM,OFF-00001,2025-12-29T11:00:00
ALLOC-0003311,2026-03,FPS-0456,RICE,189,189,WH-006,APPROVED,SYSTEM,OFF-00001,2025-12-29T11:00:00
ALLOC-0003312,2026-03,FPS-0456,WHEAT,173,173,WH-006,APPROVED,SYSTEM,OFF-00001,2025-12-29T11:00:00
ALLOC-0003313,2026-03,FPS-0457,RICE,217,217,WH-007,APPROVED,SYSTEM,OFF-00001,2025-12-29T11:00:00
ALLOC-0003314,2026-03,FPS-0457,WHEAT,205,205,WH-007,APPROVED,SYSTEM,OFF-00001,2025-12-29T11:00:00
ALLOC-0003315,2026-03,FPS-0458,RICE,190,190,WH-008,APPROVED,SYSTEM,OFF-00001,2025-12-29T11:00:00
ALLOC-0003316,2026-03,FPS-0458,WHEAT,214,214,WH-008,APPROVED,SYSTEM,OFF-00001,2025-12-29T11:00:00
ALLOC-0003317,2026-03,FPS-0459,RICE,210,210,WH-009,APPROVED,SYSTEM,OFF-00001,2025-12-29T11:00:00
ALLOC-0003318,2026-03,FPS-0459,WHEAT,190,190,WH-009,APPROVED,SYSTEM,OFF-00001,2025-12-29T11:00:00
ALLOC-0003319,2026-03,FPS-0460,RICE,202,202,WH-010,APPROVED,SYSTEM,OFF-00001,2025-12-29T11:00:00
ALLOC-0003320,2026-03,FPS-0460,WHEAT,167,167,WH-010,APPROVED,SYSTEM,OFF-00001,2025-12-29T11:00:00
ALLOC-0003321,2026-03,FPS-0461,RICE,207,207,WH-011,APPROVED,SYSTEM,OFF-00001,2025-12-29T11:00:00
ALLOC-0003322,2026-03,FPS-0461,WHEAT,205,205,WH-011,APPROVED,SYSTEM,OFF-00001,2025-12-29T11:00:00
ALLOC-0003323,2026-03,FPS-0462,RICE,184,184,WH-012,APPROVED,SYSTEM,OFF-00001,2025-12-29T11:00:00
ALLOC-0003324,2026-03,FPS-0462,WHEAT,189,189,WH-012,APPROVED,SYSTEM,OFF-00001,2025-12-29T11:00:00
ALLOC-0003325,2026-03,FPS-0463,RICE,248,248,WH-013,APPROVED,SYSTEM,OFF-00001,2025-12-29T11:00:00
ALLOC-0003326,2026-03,FPS-0463,WHEAT,198,198,WH-013,APPROVED,SYSTEM,OFF-00001,2025-12-29T11:00:00
ALLOC-0003327,2026-03,FPS-0464,RICE,203,203,WH-014,APPROVED,SYSTEM,OFF-00001,2025-12-29T11:00:00
ALLOC-0003328,2026-03,FPS-0464,WHEAT,184,184,WH-014,APPROVED,SYSTEM,OFF-00001,2025-12-29T11:00:00
ALLOC-0003329,2026-03,FPS-0465,RICE,197,197,WH-015,APPROVED,SYSTEM,OFF-00001,2025-12-29T11:00:00
ALLOC-0003330,2026-03,FPS-0465,WHEAT,179,179,WH-015,APPROVED,SYSTEM,OFF-00001,2025-12-29T11:00:00
ALLOC-0003331,2026-03,FPS-0466,RICE,173,173,WH-016,APPROVED,SYSTEM,OFF-00001,2025-12-29T11:00:00
ALLOC-0003332,2026-03,FPS-0466,WHEAT,209,209,WH-016,APPROVED,SYSTEM,OFF-00001,2025-12-29T11:00:00
ALLOC-0003333,2026-03,FPS-0467,RICE,187,187,WH-017,APPROVED,SYSTEM,OFF-00001,2025-12-29T11:00:00
ALLOC-0003334,2026-03,FPS-0467,WHEAT,199,199,WH-017,APPROVED,SYSTEM,OFF-00001,2025-12-29T11:00:00
ALLOC-0003335,2026-03,FPS-0468,RICE,192,192,WH-018,APPROVED,SYSTEM,OFF-00001,2025-12-29T11:00:00
ALLOC-0003336,2026-03,FPS-0468,WHEAT,204,204,WH-018,APPROVED,SYSTEM,OFF-00001,2025-12-29T11:00:00
ALLOC-0003337,2026-03,FPS-0469,RICE,198,198,WH-019,APPROVED,SYSTEM,OFF-00001,2025-12-29T11:00:00
ALLOC-0003338,2026-03,FPS-0469,WHEAT,185,185,WH-019,APPROVED,SYSTEM,OFF-00001,2025-12-29T11:00:00
ALLOC-0003339,2026-03,FPS-0470,RICE,306,306,WH-020,APPROVED,SYSTEM,OFF-00001,2025-12-29T11:00:00
ALLOC-0003340,2026-03,FPS-0470,WHEAT,204,204,WH-020,APPROVED,SYSTEM,OFF-00001,2025-12-29T11:00:00
ALLOC-0003341,2026-03,FPS-0471,RICE,186,186,WH-021,APPROVED,SYSTEM,OFF-00001,2025-12-29T11:00:00
ALLOC-0003342,2026-03,FPS-0471,WHEAT,156,156,WH-021,APPROVED,SYSTEM,OFF-00001,2025-12-29T11:00:00
ALLOC-0003343,2026-03,FPS-0472,RICE,245,245,WH-022,APPROVED,SYSTEM,OFF-00001,2025-12-29T11:00:00
ALLOC-0003344,2026-03,FPS-0472,WHEAT,179,179,WH-022,APPROVED,SYSTEM,OFF-00001,2025-12-29T11:00:00
ALLOC-0003345,2026-03,FPS-0473,RICE,214,214,WH-023,APPROVED,SYSTEM,OFF-00001,2025-12-29T11:00:00
ALLOC-0003346,2026-03,FPS-0473,WHEAT,197,197,WH-023,APPROVED,SYSTEM,OFF-00001,2025-12-29T11:00:00
ALLOC-0003347,2026-03,FPS-0474,RICE,200,200,WH-024,APPROVED,SYSTEM,OFF-00001,2025-12-29T11:00:00
ALLOC-0003348,2026-03,FPS-0474,WHEAT,184,184,WH-024,APPROVED,SYSTEM,OFF-00001,2025-12-29T11:00:00
ALLOC-0003349,2026-03,FPS-0475,RICE,207,207,WH-025,APPROVED,SYSTEM,OFF-00001,2025-12-29T11:00:00
ALLOC-0003350,2026-03,FPS-0475,WHEAT,176,176,WH-025,APPROVED,SYSTEM,OFF-00001,2025-12-29T11:00:00
ALLOC-0003351,2026-03,FPS-0476,RICE,190,190,WH-001,APPROVED,SYSTEM,OFF-00001,2025-12-29T11:00:00
ALLOC-0003352,2026-03,FPS-0476,WHEAT,206,206,WH-001,APPROVED,SYSTEM,OFF-00001,2025-12-29T11:00:00
ALLOC-0003353,2026-03,FPS-0477,RICE,224,224,WH-002,APPROVED,SYSTEM,OFF-00001,2025-12-29T11:00:00
ALLOC-0003354,2026-03,FPS-0477,WHEAT,213,213,WH-002,APPROVED,SYSTEM,OFF-00001,2025-12-29T11:00:00
ALLOC-0003355,2026-03,FPS-0478,RICE,201,201,WH-003,APPROVED,SYSTEM,OFF-00001,2025-12-29T11:00:00
ALLOC-0003356,2026-03,FPS-0478,WHEAT,200,200,WH-003,APPROVED,SYSTEM,OFF-00001,2025-12-29T11:00:00
ALLOC-0003357,2026-03,FPS-0479,RICE,222,222,WH-004,APPROVED,SYSTEM,OFF-00001,2025-12-29T11:00:00
ALLOC-0003358,2026-03,FPS-0479,WHEAT,183,183,WH-004,APPROVED,SYSTEM,OFF-00001,2025-12-29T11:00:00
ALLOC-0003359,2026-03,FPS-0480,RICE,169,169,WH-005,APPROVED,SYSTEM,OFF-00001,2025-12-29T11:00:00
ALLOC-0003360,2026-03,FPS-0480,WHEAT,187,187,WH-005,APPROVED,SYSTEM,OFF-00001,2025-12-29T11:00:00
ALLOC-0003361,2026-03,FPS-0481,RICE,200,200,WH-006,APPROVED,SYSTEM,OFF-00001,2025-12-29T11:00:00
ALLOC-0003362,2026-03,FPS-0481,WHEAT,189,189,WH-006,APPROVED,SYSTEM,OFF-00001,2025-12-29T11:00:00
ALLOC-0003363,2026-03,FPS-0482,RICE,159,159,WH-007,APPROVED,SYSTEM,OFF-00001,2025-12-29T11:00:00
ALLOC-0003364,2026-03,FPS-0482,WHEAT,216,216,WH-007,APPROVED,SYSTEM,OFF-00001,2025-12-29T11:00:00
ALLOC-0003365,2026-03,FPS-0483,RICE,207,207,WH-008,APPROVED,SYSTEM,OFF-00001,2025-12-29T11:00:00
ALLOC-0003366,2026-03,FPS-0483,WHEAT,198,198,WH-008,APPROVED,SYSTEM,OFF-00001,2025-12-29T11:00:00
ALLOC-0003367,2026-03,FPS-0484,RICE,189,189,WH-009,APPROVED,SYSTEM,OFF-00001,2025-12-29T11:00:00
ALLOC-0003368,2026-03,FPS-0484,WHEAT,208,208,WH-009,APPROVED,SYSTEM,OFF-00001,2025-12-29T11:00:00
ALLOC-0003369,2026-03,FPS-0485,RICE,206,206,WH-010,APPROVED,SYSTEM,OFF-00001,2025-12-29T11:00:00
ALLOC-0003370,2026-03,FPS-0485,WHEAT,196,196,WH-010,APPROVED,SYSTEM,OFF-00001,2025-12-29T11:00:00
ALLOC-0003371,2026-03,FPS-0486,RICE,197,197,WH-011,APPROVED,SYSTEM,OFF-00001,2025-12-29T11:00:00
ALLOC-0003372,2026-03,FPS-0486,WHEAT,191,191,WH-011,APPROVED,SYSTEM,OFF-00001,2025-12-29T11:00:00
ALLOC-0003373,2026-03,FPS-0487,RICE,196,196,WH-012,APPROVED,SYSTEM,OFF-00001,2025-12-29T11:00:00
ALLOC-0003374,2026-03,FPS-0487,WHEAT,208,208,WH-012,APPROVED,SYSTEM,OFF-00001,2025-12-29T11:00:00
ALLOC-0003375,2026-03,FPS-0488,RICE,213,213,WH-013,APPROVED,SYSTEM,OFF-00001,2025-12-29T11:00:00
ALLOC-0003376,2026-03,FPS-0488,WHEAT,194,194,WH-013,APPROVED,SYSTEM,OFF-00001,2025-12-29T11:00:00
ALLOC-0003377,2026-03,FPS-0489,RICE,195,195,WH-014,APPROVED,SYSTEM,OFF-00001,2025-12-29T11:00:00
ALLOC-0003378,2026-03,FPS-0489,WHEAT,199,199,WH-014,APPROVED,SYSTEM,OFF-00001,2025-12-29T11:00:00
ALLOC-0003379,2026-03,FPS-0490,RICE,220,220,WH-015,APPROVED,SYSTEM,OFF-00001,2025-12-29T11:00:00
ALLOC-0003380,2026-03,FPS-0490,WHEAT,201,201,WH-015,APPROVED,SYSTEM,OFF-00001,2025-12-29T11:00:00
ALLOC-0003381,2026-03,FPS-0491,RICE,222,222,WH-016,APPROVED,SYSTEM,OFF-00001,2025-12-29T11:00:00
ALLOC-0003382,2026-03,FPS-0491,WHEAT,195,195,WH-016,APPROVED,SYSTEM,OFF-00001,2025-12-29T11:00:00
ALLOC-0003383,2026-03,FPS-0492,RICE,274,274,WH-017,APPROVED,SYSTEM,OFF-00001,2025-12-29T11:00:00
ALLOC-0003384,2026-03,FPS-0492,WHEAT,227,227,WH-017,APPROVED,SYSTEM,OFF-00001,2025-12-29T11:00:00
ALLOC-0003385,2026-03,FPS-0493,RICE,203,203,WH-018,APPROVED,SYSTEM,OFF-00001,2025-12-29T11:00:00
ALLOC-0003386,2026-03,FPS-0493,WHEAT,219,219,WH-018,APPROVED,SYSTEM,OFF-00001,2025-12-29T11:00:00
ALLOC-0003387,2026-03,FPS-0494,RICE,206,206,WH-019,APPROVED,SYSTEM,OFF-00001,2025-12-29T11:00:00
ALLOC-0003388,2026-03,FPS-0494,WHEAT,198,198,WH-019,APPROVED,SYSTEM,OFF-00001,2025-12-29T11:00:00
ALLOC-0003389,2026-03,FPS-0495,RICE,182,182,WH-020,APPROVED,SYSTEM,OFF-00001,2025-12-29T11:00:00
ALLOC-0003390,2026-03,FPS-0495,WHEAT,182,182,WH-020,APPROVED,SYSTEM,OFF-00001,2025-12-29T11:00:00
ALLOC-0003391,2026-03,FPS-0496,RICE,180,180,WH-021,APPROVED,SYSTEM,OFF-00001,2025-12-29T11:00:00
ALLOC-0003392,2026-03,FPS-0496,WHEAT,206,206,WH-021,APPROVED,SYSTEM,OFF-00001,2025-12-29T11:00:00
ALLOC-0003393,2026-03,FPS-0497,RICE,202,202,WH-022,APPROVED,SYSTEM,OFF-00001,2025-12-29T11:00:00
ALLOC-0003394,2026-03,FPS-0497,WHEAT,168,168,WH-022,APPROVED,SYSTEM,OFF-00001,2025-12-29T11:00:00
ALLOC-0003395,2026-03,FPS-0498,RICE,203,203,WH-023,APPROVED,SYSTEM,OFF-00001,2025-12-29T11:00:00
ALLOC-0003396,2026-03,FPS-0498,WHEAT,174,174,WH-023,APPROVED,SYSTEM,OFF-00001,2025-12-29T11:00:00
ALLOC-0003397,2026-03,FPS-0499,RICE,253,253,WH-024,APPROVED,SYSTEM,OFF-00001,2025-12-29T11:00:00
ALLOC-0003398,2026-03,FPS-0499,WHEAT,201,201,WH-024,APPROVED,SYSTEM,OFF-00001,2025-12-29T11:00:00
ALLOC-0003399,2026-03,FPS-0500,RICE,198,198,WH-025,APPROVED,SYSTEM,OFF-00001,2025-12-29T11:00:00
ALLOC-0003400,2026-03,FPS-0500,WHEAT,196,196,WH-025,APPROVED,SYSTEM,OFF-00001,2025-12-29T11:00:00
ALLOC-0003401,2026-03,FPS-0501,RICE,175,175,WH-001,APPROVED,SYSTEM,OFF-00001,2025-12-29T11:00:00
ALLOC-0003402,2026-03,FPS-0501,WHEAT,193,193,WH-001,APPROVED,SYSTEM,OFF-00001,2025-12-29T11:00:00
ALLOC-0003403,2026-03,FPS-0502,RICE,236,236,WH-002,APPROVED,SYSTEM,OFF-00001,2025-12-29T11:00:00
ALLOC-0003404,2026-03,FPS-0502,WHEAT,181,181,WH-002,APPROVED,SYSTEM,OFF-00001,2025-12-29T11:00:00
ALLOC-0003405,2026-03,FPS-0503,RICE,211,211,WH-003,APPROVED,SYSTEM,OFF-00001,2025-12-29T11:00:00
ALLOC-0003406,2026-03,FPS-0503,WHEAT,202,202,WH-003,APPROVED,SYSTEM,OFF-00001,2025-12-29T11:00:00
ALLOC-0003407,2026-03,FPS-0504,RICE,186,186,WH-004,APPROVED,SYSTEM,OFF-00001,2025-12-29T11:00:00
ALLOC-0003408,2026-03,FPS-0504,WHEAT,174,174,WH-004,APPROVED,SYSTEM,OFF-00001,2025-12-29T11:00:00
ALLOC-0003409,2026-03,FPS-0505,RICE,188,188,WH-005,APPROVED,SYSTEM,OFF-00001,2025-12-29T11:00:00
ALLOC-0003410,2026-03,FPS-0505,WHEAT,193,193,WH-005,APPROVED,SYSTEM,OFF-00001,2025-12-29T11:00:00
ALLOC-0003411,2026-03,FPS-0506,RICE,193,193,WH-006,APPROVED,SYSTEM,OFF-00001,2025-12-29T11:00:00
ALLOC-0003412,2026-03,FPS-0506,WHEAT,204,204,WH-006,APPROVED,SYSTEM,OFF-00001,2025-12-29T11:00:00
ALLOC-0003413,2026-03,FPS-0507,RICE,204,204,WH-007,APPROVED,SYSTEM,OFF-00001,2025-12-29T11:00:00
ALLOC-0003414,2026-03,FPS-0507,WHEAT,190,190,WH-007,APPROVED,SYSTEM,OFF-00001,2025-12-29T11:00:00
ALLOC-0003415,2026-03,FPS-0508,RICE,255,255,WH-008,APPROVED,SYSTEM,OFF-00001,2025-12-29T11:00:00
ALLOC-0003416,2026-03,FPS-0508,WHEAT,196,196,WH-008,APPROVED,SYSTEM,OFF-00001,2025-12-29T11:00:00
ALLOC-0003417,2026-03,FPS-0509,RICE,198,198,WH-009,APPROVED,SYSTEM,OFF-00001,2025-12-29T11:00:00
ALLOC-0003418,2026-03,FPS-0509,WHEAT,177,177,WH-009,APPROVED,SYSTEM,OFF-00001,2025-12-29T11:00:00
ALLOC-0003419,2026-03,FPS-0510,RICE,182,182,WH-010,APPROVED,SYSTEM,OFF-00001,2025-12-29T11:00:00
ALLOC-0003420,2026-03,FPS-0510,WHEAT,185,185,WH-010,APPROVED,SYSTEM,OFF-00001,2025-12-29T11:00:00
ALLOC-0003421,2026-03,FPS-0511,RICE,175,175,WH-011,APPROVED,SYSTEM,OFF-00001,2025-12-29T11:00:00
ALLOC-0003422,2026-03,FPS-0511,WHEAT,199,199,WH-011,APPROVED,SYSTEM,OFF-00001,2025-12-29T11:00:00
ALLOC-0003423,2026-03,FPS-0512,RICE,180,180,WH-012,APPROVED,SYSTEM,OFF-00001,2025-12-29T11:00:00
ALLOC-0003424,2026-03,FPS-0512,WHEAT,171,171,WH-012,APPROVED,SYSTEM,OFF-00001,2025-12-29T11:00:00
ALLOC-0003425,2026-03,FPS-0513,RICE,180,180,WH-013,APPROVED,SYSTEM,OFF-00001,2025-12-29T11:00:00
ALLOC-0003426,2026-03,FPS-0513,WHEAT,180,180,WH-013,APPROVED,SYSTEM,OFF-00001,2025-12-29T11:00:00
ALLOC-0003427,2026-03,FPS-0514,RICE,197,197,WH-014,APPROVED,SYSTEM,OFF-00001,2025-12-29T11:00:00
ALLOC-0003428,2026-03,FPS-0514,WHEAT,188,188,WH-014,APPROVED,SYSTEM,OFF-00001,2025-12-29T11:00:00
ALLOC-0003429,2026-03,FPS-0515,RICE,210,210,WH-015,APPROVED,SYSTEM,OFF-00001,2025-12-29T11:00:00
ALLOC-0003430,2026-03,FPS-0515,WHEAT,201,201,WH-015,APPROVED,SYSTEM,OFF-00001,2025-12-29T11:00:00
ALLOC-0003431,2026-03,FPS-0516,RICE,204,204,WH-016,APPROVED,SYSTEM,OFF-00001,2025-12-29T11:00:00
ALLOC-0003432,2026-03,FPS-0516,WHEAT,180,180,WH-016,APPROVED,SYSTEM,OFF-00001,2025-12-29T11:00:00
ALLOC-0003433,2026-03,FPS-0517,RICE,189,189,WH-017,APPROVED,SYSTEM,OFF-00001,2025-12-29T11:00:00
ALLOC-0003434,2026-03,FPS-0517,WHEAT,203,203,WH-017,APPROVED,SYSTEM,OFF-00001,2025-12-29T11:00:00
ALLOC-0003435,2026-03,FPS-0518,RICE,204,204,WH-018,APPROVED,SYSTEM,OFF-00001,2025-12-29T11:00:00
ALLOC-0003436,2026-03,FPS-0518,WHEAT,196,196,WH-018,APPROVED,SYSTEM,OFF-00001,2025-12-29T11:00:00
ALLOC-0003437,2026-03,FPS-0519,RICE,177,177,WH-019,APPROVED,SYSTEM,OFF-00001,2025-12-29T11:00:00
ALLOC-0003438,2026-03,FPS-0519,WHEAT,200,200,WH-019,APPROVED,SYSTEM,OFF-00001,2025-12-29T11:00:00
ALLOC-0003439,2026-03,FPS-0520,RICE,189,189,WH-020,APPROVED,SYSTEM,OFF-00001,2025-12-29T11:00:00
ALLOC-0003440,2026-03,FPS-0520,WHEAT,181,181,WH-020,APPROVED,SYSTEM,OFF-00001,2025-12-29T11:00:00
ALLOC-0003441,2026-03,FPS-0521,RICE,240,240,WH-021,APPROVED,SYSTEM,OFF-00001,2025-12-29T11:00:00
ALLOC-0003442,2026-03,FPS-0521,WHEAT,190,190,WH-021,APPROVED,SYSTEM,OFF-00001,2025-12-29T11:00:00
ALLOC-0003443,2026-03,FPS-0522,RICE,238,238,WH-022,APPROVED,SYSTEM,OFF-00001,2025-12-29T11:00:00
ALLOC-0003444,2026-03,FPS-0522,WHEAT,213,213,WH-022,APPROVED,SYSTEM,OFF-00001,2025-12-29T11:00:00
ALLOC-0003445,2026-03,FPS-0523,RICE,205,205,WH-023,APPROVED,SYSTEM,OFF-00001,2025-12-29T11:00:00
ALLOC-0003446,2026-03,FPS-0523,WHEAT,195,195,WH-023,APPROVED,SYSTEM,OFF-00001,2025-12-29T11:00:00
ALLOC-0003447,2026-03,FPS-0524,RICE,198,198,WH-024,APPROVED,SYSTEM,OFF-00001,2025-12-29T11:00:00
ALLOC-0003448,2026-03,FPS-0524,WHEAT,181,181,WH-024,APPROVED,SYSTEM,OFF-00001,2025-12-29T11:00:00
ALLOC-0003449,2026-03,FPS-0525,RICE,196,196,WH-025,APPROVED,SYSTEM,OFF-00001,2025-12-29T11:00:00
ALLOC-0003450,2026-03,FPS-0525,WHEAT,190,190,WH-025,APPROVED,SYSTEM,OFF-00001,2025-12-29T11:00:00
ALLOC-0003451,2026-03,FPS-0526,RICE,197,197,WH-001,APPROVED,SYSTEM,OFF-00001,2025-12-29T11:00:00
ALLOC-0003452,2026-03,FPS-0526,WHEAT,189,189,WH-001,APPROVED,SYSTEM,OFF-00001,2025-12-29T11:00:00
ALLOC-0003453,2026-03,FPS-0527,RICE,208,208,WH-002,APPROVED,SYSTEM,OFF-00001,2025-12-29T11:00:00
ALLOC-0003454,2026-03,FPS-0527,WHEAT,200,200,WH-002,APPROVED,SYSTEM,OFF-00001,2025-12-29T11:00:00
ALLOC-0003455,2026-03,FPS-0528,RICE,199,199,WH-003,APPROVED,SYSTEM,OFF-00001,2025-12-29T11:00:00
ALLOC-0003456,2026-03,FPS-0528,WHEAT,201,201,WH-003,APPROVED,SYSTEM,OFF-00001,2025-12-29T11:00:00
ALLOC-0003457,2026-03,FPS-0529,RICE,256,256,WH-004,APPROVED,SYSTEM,OFF-00001,2025-12-29T11:00:00
ALLOC-0003458,2026-03,FPS-0529,WHEAT,188,188,WH-004,APPROVED,SYSTEM,OFF-00001,2025-12-29T11:00:00
ALLOC-0003459,2026-03,FPS-0530,RICE,191,191,WH-005,APPROVED,SYSTEM,OFF-00001,2025-12-29T11:00:00
ALLOC-0003460,2026-03,FPS-0530,WHEAT,197,197,WH-005,APPROVED,SYSTEM,OFF-00001,2025-12-29T11:00:00
ALLOC-0003461,2026-03,FPS-0531,RICE,199,199,WH-006,APPROVED,SYSTEM,OFF-00001,2025-12-29T11:00:00
ALLOC-0003462,2026-03,FPS-0531,WHEAT,217,217,WH-006,APPROVED,SYSTEM,OFF-00001,2025-12-29T11:00:00
ALLOC-0003463,2026-03,FPS-0532,RICE,179,179,WH-007,APPROVED,SYSTEM,OFF-00001,2025-12-29T11:00:00
ALLOC-0003464,2026-03,FPS-0532,WHEAT,195,195,WH-007,APPROVED,SYSTEM,OFF-00001,2025-12-29T11:00:00
ALLOC-0003465,2026-03,FPS-0533,RICE,229,229,WH-008,APPROVED,SYSTEM,OFF-00001,2025-12-29T11:00:00
ALLOC-0003466,2026-03,FPS-0533,WHEAT,205,205,WH-008,APPROVED,SYSTEM,OFF-00001,2025-12-29T11:00:00
ALLOC-0003467,2026-03,FPS-0534,RICE,188,188,WH-009,APPROVED,SYSTEM,OFF-00001,2025-12-29T11:00:00
ALLOC-0003468,2026-03,FPS-0534,WHEAT,208,208,WH-009,APPROVED,SYSTEM,OFF-00001,2025-12-29T11:00:00
ALLOC-0003469,2026-03,FPS-0535,RICE,196,196,WH-010,APPROVED,SYSTEM,OFF-00001,2025-12-29T11:00:00
ALLOC-0003470,2026-03,FPS-0535,WHEAT,194,194,WH-010,APPROVED,SYSTEM,OFF-00001,2025-12-29T11:00:00
ALLOC-0003471,2026-03,FPS-0536,RICE,170,170,WH-011,APPROVED,SYSTEM,OFF-00001,2025-12-29T11:00:00
ALLOC-0003472,2026-03,FPS-0536,WHEAT,181,181,WH-011,APPROVED,SYSTEM,OFF-00001,2025-12-29T11:00:00
ALLOC-0003473,2026-03,FPS-0537,RICE,187,187,WH-012,APPROVED,SYSTEM,OFF-00001,2025-12-29T11:00:00
ALLOC-0003474,2026-03,FPS-0537,WHEAT,201,201,WH-012,APPROVED,SYSTEM,OFF-00001,2025-12-29T11:00:00
ALLOC-0003475,2026-03,FPS-0538,RICE,183,183,WH-013,APPROVED,SYSTEM,OFF-00001,2025-12-29T11:00:00
ALLOC-0003476,2026-03,FPS-0538,WHEAT,200,200,WH-013,APPROVED,SYSTEM,OFF-00001,2025-12-29T11:00:00
ALLOC-0003477,2026-03,FPS-0539,RICE,202,202,WH-014,APPROVED,SYSTEM,OFF-00001,2025-12-29T11:00:00
ALLOC-0003478,2026-03,FPS-0539,WHEAT,183,183,WH-014,APPROVED,SYSTEM,OFF-00001,2025-12-29T11:00:00
ALLOC-0003479,2026-03,FPS-0540,RICE,174,174,WH-015,APPROVED,SYSTEM,OFF-00001,2025-12-29T11:00:00
ALLOC-0003480,2026-03,FPS-0540,WHEAT,199,199,WH-015,APPROVED,SYSTEM,OFF-00001,2025-12-29T11:00:00
ALLOC-0003481,2026-03,FPS-0541,RICE,196,196,WH-016,APPROVED,SYSTEM,OFF-00001,2025-12-29T11:00:00
ALLOC-0003482,2026-03,FPS-0541,WHEAT,189,189,WH-016,APPROVED,SYSTEM,OFF-00001,2025-12-29T11:00:00
ALLOC-0003483,2026-03,FPS-0542,RICE,193,193,WH-017,APPROVED,SYSTEM,OFF-00001,2025-12-29T11:00:00
ALLOC-0003484,2026-03,FPS-0542,WHEAT,200,200,WH-017,APPROVED,SYSTEM,OFF-00001,2025-12-29T11:00:00
ALLOC-0003485,2026-03,FPS-0543,RICE,205,205,WH-018,APPROVED,SYSTEM,OFF-00001,2025-12-29T11:00:00
ALLOC-0003486,2026-03,FPS-0543,WHEAT,211,211,WH-018,APPROVED,SYSTEM,OFF-00001,2025-12-29T11:00:00
ALLOC-0003487,2026-03,FPS-0544,RICE,195,195,WH-019,APPROVED,SYSTEM,OFF-00001,2025-12-29T11:00:00
ALLOC-0003488,2026-03,FPS-0544,WHEAT,194,194,WH-019,APPROVED,SYSTEM,OFF-00001,2025-12-29T11:00:00
ALLOC-0003489,2026-03,FPS-0545,RICE,215,215,WH-020,APPROVED,SYSTEM,OFF-00001,2025-12-29T11:00:00
ALLOC-0003490,2026-03,FPS-0545,WHEAT,182,182,WH-020,APPROVED,SYSTEM,OFF-00001,2025-12-29T11:00:00
ALLOC-0003491,2026-03,FPS-0546,RICE,266,266,WH-021,APPROVED,SYSTEM,OFF-00001,2025-12-29T11:00:00
ALLOC-0003492,2026-03,FPS-0546,WHEAT,192,192,WH-021,APPROVED,SYSTEM,OFF-00001,2025-12-29T11:00:00
ALLOC-0003493,2026-03,FPS-0547,RICE,182,182,WH-022,APPROVED,SYSTEM,OFF-00001,2025-12-29T11:00:00
ALLOC-0003494,2026-03,FPS-0547,WHEAT,194,194,WH-022,APPROVED,SYSTEM,OFF-00001,2025-12-29T11:00:00
ALLOC-0003495,2026-03,FPS-0548,RICE,207,207,WH-023,APPROVED,SYSTEM,OFF-00001,2025-12-29T11:00:00
ALLOC-0003496,2026-03,FPS-0548,WHEAT,211,211,WH-023,APPROVED,SYSTEM,OFF-00001,2025-12-29T11:00:00
ALLOC-0003497,2026-03,FPS-0549,RICE,241,241,WH-024,APPROVED,SYSTEM,OFF-00001,2025-12-29T11:00:00
ALLOC-0003498,2026-03,FPS-0549,WHEAT,191,191,WH-024,APPROVED,SYSTEM,OFF-00001,2025-12-29T11:00:00
ALLOC-0003499,2026-03,FPS-0550,RICE,198,198,WH-025,APPROVED,SYSTEM,OFF-00001,2025-12-29T11:00:00
ALLOC-0003500,2026-03,FPS-0550,WHEAT,167,167,WH-025,APPROVED,SYSTEM,OFF-00001,2025-12-29T11:00:00
ALLOC-0003501,2026-03,FPS-0551,RICE,191,191,WH-001,APPROVED,SYSTEM,OFF-00001,2025-12-29T11:00:00
ALLOC-0003502,2026-03,FPS-0551,WHEAT,174,174,WH-001,APPROVED,SYSTEM,OFF-00001,2025-12-29T11:00:00
ALLOC-0003503,2026-03,FPS-0552,RICE,194,194,WH-002,APPROVED,SYSTEM,OFF-00001,2025-12-29T11:00:00
ALLOC-0003504,2026-03,FPS-0552,WHEAT,195,195,WH-002,APPROVED,SYSTEM,OFF-00001,2025-12-29T11:00:00
ALLOC-0003505,2026-03,FPS-0553,RICE,255,255,WH-003,APPROVED,SYSTEM,OFF-00001,2025-12-29T11:00:00
ALLOC-0003506,2026-03,FPS-0553,WHEAT,194,194,WH-003,APPROVED,SYSTEM,OFF-00001,2025-12-29T11:00:00
ALLOC-0003507,2026-03,FPS-0554,RICE,182,182,WH-004,APPROVED,SYSTEM,OFF-00001,2025-12-29T11:00:00
ALLOC-0003508,2026-03,FPS-0554,WHEAT,197,197,WH-004,APPROVED,SYSTEM,OFF-00001,2025-12-29T11:00:00
ALLOC-0003509,2026-03,FPS-0555,RICE,288,288,WH-005,APPROVED,SYSTEM,OFF-00001,2025-12-29T11:00:00
ALLOC-0003510,2026-03,FPS-0555,WHEAT,186,186,WH-005,APPROVED,SYSTEM,OFF-00001,2025-12-29T11:00:00
ALLOC-0003511,2026-03,FPS-0556,RICE,217,217,WH-006,APPROVED,SYSTEM,OFF-00001,2025-12-29T11:00:00
ALLOC-0003512,2026-03,FPS-0556,WHEAT,185,185,WH-006,APPROVED,SYSTEM,OFF-00001,2025-12-29T11:00:00
ALLOC-0003513,2026-03,FPS-0557,RICE,206,206,WH-007,APPROVED,SYSTEM,OFF-00001,2025-12-29T11:00:00
ALLOC-0003514,2026-03,FPS-0557,WHEAT,194,194,WH-007,APPROVED,SYSTEM,OFF-00001,2025-12-29T11:00:00
ALLOC-0003515,2026-03,FPS-0558,RICE,261,261,WH-008,APPROVED,SYSTEM,OFF-00001,2025-12-29T11:00:00
ALLOC-0003516,2026-03,FPS-0558,WHEAT,212,212,WH-008,APPROVED,SYSTEM,OFF-00001,2025-12-29T11:00:00
ALLOC-0003517,2026-03,FPS-0559,RICE,155,155,WH-009,APPROVED,SYSTEM,OFF-00001,2025-12-29T11:00:00
ALLOC-0003518,2026-03,FPS-0559,WHEAT,184,184,WH-009,APPROVED,SYSTEM,OFF-00001,2025-12-29T11:00:00
ALLOC-0003519,2026-03,FPS-0560,RICE,258,258,WH-010,APPROVED,SYSTEM,OFF-00001,2025-12-29T11:00:00
ALLOC-0003520,2026-03,FPS-0560,WHEAT,201,201,WH-010,APPROVED,SYSTEM,OFF-00001,2025-12-29T11:00:00
ALLOC-0003521,2026-03,FPS-0561,RICE,197,197,WH-011,APPROVED,SYSTEM,OFF-00001,2025-12-29T11:00:00
ALLOC-0003522,2026-03,FPS-0561,WHEAT,165,165,WH-011,APPROVED,SYSTEM,OFF-00001,2025-12-29T11:00:00
ALLOC-0003523,2026-03,FPS-0562,RICE,262,262,WH-012,APPROVED,SYSTEM,OFF-00001,2025-12-29T11:00:00
ALLOC-0003524,2026-03,FPS-0562,WHEAT,194,194,WH-012,APPROVED,SYSTEM,OFF-00001,2025-12-29T11:00:00
ALLOC-0003525,2026-03,FPS-0563,RICE,355,355,WH-013,APPROVED,SYSTEM,OFF-00001,2025-12-29T11:00:00
ALLOC-0003526,2026-03,FPS-0563,WHEAT,257,257,WH-013,APPROVED,SYSTEM,OFF-00001,2025-12-29T11:00:00
ALLOC-0003527,2026-03,FPS-0564,RICE,187,187,WH-014,APPROVED,SYSTEM,OFF-00001,2025-12-29T11:00:00
ALLOC-0003528,2026-03,FPS-0564,WHEAT,191,191,WH-014,APPROVED,SYSTEM,OFF-00001,2025-12-29T11:00:00
ALLOC-0003529,2026-03,FPS-0565,RICE,194,194,WH-015,APPROVED,SYSTEM,OFF-00001,2025-12-29T11:00:00
ALLOC-0003530,2026-03,FPS-0565,WHEAT,199,199,WH-015,APPROVED,SYSTEM,OFF-00001,2025-12-29T11:00:00
ALLOC-0003531,2026-03,FPS-0566,RICE,180,180,WH-016,APPROVED,SYSTEM,OFF-00001,2025-12-29T11:00:00
ALLOC-0003532,2026-03,FPS-0566,WHEAT,178,178,WH-016,APPROVED,SYSTEM,OFF-00001,2025-12-29T11:00:00
ALLOC-0003533,2026-03,FPS-0567,RICE,188,188,WH-017,APPROVED,SYSTEM,OFF-00001,2025-12-29T11:00:00
ALLOC-0003534,2026-03,FPS-0567,WHEAT,203,203,WH-017,APPROVED,SYSTEM,OFF-00001,2025-12-29T11:00:00
ALLOC-0003535,2026-03,FPS-0568,RICE,279,279,WH-018,APPROVED,SYSTEM,OFF-00001,2025-12-29T11:00:00
ALLOC-0003536,2026-03,FPS-0568,WHEAT,182,182,WH-018,APPROVED,SYSTEM,OFF-00001,2025-12-29T11:00:00
ALLOC-0003537,2026-03,FPS-0569,RICE,215,215,WH-019,APPROVED,SYSTEM,OFF-00001,2025-12-29T11:00:00
ALLOC-0003538,2026-03,FPS-0569,WHEAT,185,185,WH-019,APPROVED,SYSTEM,OFF-00001,2025-12-29T11:00:00
ALLOC-0003539,2026-03,FPS-0570,RICE,199,199,WH-020,APPROVED,SYSTEM,OFF-00001,2025-12-29T11:00:00
ALLOC-0003540,2026-03,FPS-0570,WHEAT,208,208,WH-020,APPROVED,SYSTEM,OFF-00001,2025-12-29T11:00:00
ALLOC-0003541,2026-03,FPS-0571,RICE,201,201,WH-021,APPROVED,SYSTEM,OFF-00001,2025-12-29T11:00:00
ALLOC-0003542,2026-03,FPS-0571,WHEAT,194,194,WH-021,APPROVED,SYSTEM,OFF-00001,2025-12-29T11:00:00
ALLOC-0003543,2026-03,FPS-0572,RICE,252,252,WH-022,APPROVED,SYSTEM,OFF-00001,2025-12-29T11:00:00
ALLOC-0003544,2026-03,FPS-0572,WHEAT,202,202,WH-022,APPROVED,SYSTEM,OFF-00001,2025-12-29T11:00:00
ALLOC-0003545,2026-03,FPS-0573,RICE,181,181,WH-023,APPROVED,SYSTEM,OFF-00001,2025-12-29T11:00:00
ALLOC-0003546,2026-03,FPS-0573,WHEAT,206,206,WH-023,APPROVED,SYSTEM,OFF-00001,2025-12-29T11:00:00
ALLOC-0003547,2026-03,FPS-0574,RICE,208,208,WH-024,APPROVED,SYSTEM,OFF-00001,2025-12-29T11:00:00
ALLOC-0003548,2026-03,FPS-0574,WHEAT,192,192,WH-024,APPROVED,SYSTEM,OFF-00001,2025-12-29T11:00:00
ALLOC-0003549,2026-03,FPS-0575,RICE,251,251,WH-025,APPROVED,SYSTEM,OFF-00001,2025-12-29T11:00:00
ALLOC-0003550,2026-03,FPS-0575,WHEAT,217,217,WH-025,APPROVED,SYSTEM,OFF-00001,2025-12-29T11:00:00
ALLOC-0003551,2026-03,FPS-0576,RICE,204,204,WH-001,APPROVED,SYSTEM,OFF-00001,2025-12-29T11:00:00
ALLOC-0003552,2026-03,FPS-0576,WHEAT,197,197,WH-001,APPROVED,SYSTEM,OFF-00001,2025-12-29T11:00:00
ALLOC-0003553,2026-03,FPS-0577,RICE,202,202,WH-002,APPROVED,SYSTEM,OFF-00001,2025-12-29T11:00:00
ALLOC-0003554,2026-03,FPS-0577,WHEAT,214,214,WH-002,APPROVED,SYSTEM,OFF-00001,2025-12-29T11:00:00
ALLOC-0003555,2026-03,FPS-0578,RICE,194,194,WH-003,APPROVED,SYSTEM,OFF-00001,2025-12-29T11:00:00
ALLOC-0003556,2026-03,FPS-0578,WHEAT,181,181,WH-003,APPROVED,SYSTEM,OFF-00001,2025-12-29T11:00:00
ALLOC-0003557,2026-03,FPS-0579,RICE,205,205,WH-004,APPROVED,SYSTEM,OFF-00001,2025-12-29T11:00:00
ALLOC-0003558,2026-03,FPS-0579,WHEAT,184,184,WH-004,APPROVED,SYSTEM,OFF-00001,2025-12-29T11:00:00
ALLOC-0003559,2026-03,FPS-0580,RICE,236,236,WH-005,APPROVED,SYSTEM,OFF-00001,2025-12-29T11:00:00
ALLOC-0003560,2026-03,FPS-0580,WHEAT,155,155,WH-005,APPROVED,SYSTEM,OFF-00001,2025-12-29T11:00:00
ALLOC-0003561,2026-03,FPS-0581,RICE,209,209,WH-006,APPROVED,SYSTEM,OFF-00001,2025-12-29T11:00:00
ALLOC-0003562,2026-03,FPS-0581,WHEAT,199,199,WH-006,APPROVED,SYSTEM,OFF-00001,2025-12-29T11:00:00
ALLOC-0003563,2026-03,FPS-0582,RICE,189,189,WH-007,APPROVED,SYSTEM,OFF-00001,2025-12-29T11:00:00
ALLOC-0003564,2026-03,FPS-0582,WHEAT,203,203,WH-007,APPROVED,SYSTEM,OFF-00001,2025-12-29T11:00:00
ALLOC-0003565,2026-03,FPS-0583,RICE,180,180,WH-008,APPROVED,SYSTEM,OFF-00001,2025-12-29T11:00:00
ALLOC-0003566,2026-03,FPS-0583,WHEAT,176,176,WH-008,APPROVED,SYSTEM,OFF-00001,2025-12-29T11:00:00
ALLOC-0003567,2026-03,FPS-0584,RICE,205,205,WH-009,APPROVED,SYSTEM,OFF-00001,2025-12-29T11:00:00
ALLOC-0003568,2026-03,FPS-0584,WHEAT,194,194,WH-009,APPROVED,SYSTEM,OFF-00001,2025-12-29T11:00:00
ALLOC-0003569,2026-03,FPS-0585,RICE,202,202,WH-010,APPROVED,SYSTEM,OFF-00001,2025-12-29T11:00:00
ALLOC-0003570,2026-03,FPS-0585,WHEAT,198,198,WH-010,APPROVED,SYSTEM,OFF-00001,2025-12-29T11:00:00
ALLOC-0003571,2026-03,FPS-0586,RICE,214,214,WH-011,APPROVED,SYSTEM,OFF-00001,2025-12-29T11:00:00
ALLOC-0003572,2026-03,FPS-0586,WHEAT,189,189,WH-011,APPROVED,SYSTEM,OFF-00001,2025-12-29T11:00:00
ALLOC-0003573,2026-03,FPS-0587,RICE,217,217,WH-012,APPROVED,SYSTEM,OFF-00001,2025-12-29T11:00:00
ALLOC-0003574,2026-03,FPS-0587,WHEAT,181,181,WH-012,APPROVED,SYSTEM,OFF-00001,2025-12-29T11:00:00
ALLOC-0003575,2026-03,FPS-0588,RICE,217,217,WH-013,APPROVED,SYSTEM,OFF-00001,2025-12-29T11:00:00
ALLOC-0003576,2026-03,FPS-0588,WHEAT,199,199,WH-013,APPROVED,SYSTEM,OFF-00001,2025-12-29T11:00:00
ALLOC-0003577,2026-03,FPS-0589,RICE,207,207,WH-014,APPROVED,SYSTEM,OFF-00001,2025-12-29T11:00:00
ALLOC-0003578,2026-03,FPS-0589,WHEAT,197,197,WH-014,APPROVED,SYSTEM,OFF-00001,2025-12-29T11:00:00
ALLOC-0003579,2026-03,FPS-0590,RICE,218,218,WH-015,APPROVED,SYSTEM,OFF-00001,2025-12-29T11:00:00
ALLOC-0003580,2026-03,FPS-0590,WHEAT,202,202,WH-015,APPROVED,SYSTEM,OFF-00001,2025-12-29T11:00:00
ALLOC-0003581,2026-03,FPS-0591,RICE,183,183,WH-016,APPROVED,SYSTEM,OFF-00001,2025-12-29T11:00:00
ALLOC-0003582,2026-03,FPS-0591,WHEAT,183,183,WH-016,APPROVED,SYSTEM,OFF-00001,2025-12-29T11:00:00
ALLOC-0003583,2026-03,FPS-0592,RICE,192,192,WH-017,APPROVED,SYSTEM,OFF-00001,2025-12-29T11:00:00
ALLOC-0003584,2026-03,FPS-0592,WHEAT,209,209,WH-017,APPROVED,SYSTEM,OFF-00001,2025-12-29T11:00:00
ALLOC-0003585,2026-03,FPS-0593,RICE,308,308,WH-018,APPROVED,SYSTEM,OFF-00001,2025-12-29T11:00:00
ALLOC-0003586,2026-03,FPS-0593,WHEAT,234,234,WH-018,APPROVED,SYSTEM,OFF-00001,2025-12-29T11:00:00
ALLOC-0003587,2026-03,FPS-0594,RICE,194,194,WH-019,APPROVED,SYSTEM,OFF-00001,2025-12-29T11:00:00
ALLOC-0003588,2026-03,FPS-0594,WHEAT,206,206,WH-019,APPROVED,SYSTEM,OFF-00001,2025-12-29T11:00:00
ALLOC-0003589,2026-03,FPS-0595,RICE,172,172,WH-020,APPROVED,SYSTEM,OFF-00001,2025-12-29T11:00:00
ALLOC-0003590,2026-03,FPS-0595,WHEAT,185,185,WH-020,APPROVED,SYSTEM,OFF-00001,2025-12-29T11:00:00
ALLOC-0003591,2026-03,FPS-0596,RICE,176,176,WH-021,APPROVED,SYSTEM,OFF-00001,2025-12-29T11:00:00
ALLOC-0003592,2026-03,FPS-0596,WHEAT,184,184,WH-021,APPROVED,SYSTEM,OFF-00001,2025-12-29T11:00:00
ALLOC-0003593,2026-03,FPS-0597,RICE,438,438,WH-022,APPROVED,SYSTEM,OFF-00001,2025-12-29T11:00:00
ALLOC-0003594,2026-03,FPS-0597,WHEAT,290,290,WH-022,APPROVED,SYSTEM,OFF-00001,2025-12-29T11:00:00
ALLOC-0003595,2026-03,FPS-0598,RICE,225,225,WH-023,APPROVED,SYSTEM,OFF-00001,2025-12-29T11:00:00
ALLOC-0003596,2026-03,FPS-0598,WHEAT,195,195,WH-023,APPROVED,SYSTEM,OFF-00001,2025-12-29T11:00:00
ALLOC-0003597,2026-03,FPS-0599,RICE,207,207,WH-024,APPROVED,SYSTEM,OFF-00001,2025-12-29T11:00:00
ALLOC-0003598,2026-03,FPS-0599,WHEAT,200,200,WH-024,APPROVED,SYSTEM,OFF-00001,2025-12-29T11:00:00
ALLOC-0003599,2026-03,FPS-0600,RICE,195,195,WH-025,APPROVED,SYSTEM,OFF-00001,2025-12-29T11:00:00
ALLOC-0003600,2026-03,FPS-0600,WHEAT,180,180,WH-025,APPROVED,SYSTEM,OFF-00001,2025-12-29T11:00:00
