forecast_id,fps_id,cycle,commodity,baseline_demand_kg,intent_demand_kg,forecast_demand_kg,model_version,prediction_generated_at,training_dataset_version,prediction_horizon
FC-0000001,FPS-0001,2026-01,RICE,290,207,239,xgb-v1.0,2025-12-28T10:00:00,hist-v1-202512,30d
FC-0000002,FPS-0001,2026-01,WHEAT,211,134,168,xgb-v1.0,2025-12-28T10:00:00,hist-v1-202512,30d
FC-0000003,FPS-0002,2026-01,RICE,200,72,128,xgb-v1.0,2025-12-28T10:00:00,hist-v1-202512,30d
FC-0000004,FPS-0002,2026-01,WHEAT,200,50,122,xgb-v1.0,2025-12-28T10:00:00,hist-v1-202512,30d
FC-0000005,FPS-0003,2026-01,RICE,282,207,248,xgb-v1.0,2025-12-28T10:00:00,hist-v1-202512,30d
FC-0000006,FPS-0003,2026-01,WHEAT,213,136,178,xgb-v1.0,2025-12-28T10:00:00,hist-v1-202512,30d
FC-0000007,FPS-0004,2026-01,RICE,200,64,132,xgb-v1.0,2025-12-28T10:00:00,hist-v1-202512,30d
FC-0000008,FPS-0004,2026-01,WHEAT,200,43,115,xgb-v1.0,2025-12-28T10:00:00,hist-v1-202512,30d
FC-0000009,FPS-0005,2026-01,RICE,204,159,182,xgb-v1.0,2025-12-28T10:00:00,hist-v1-202512,30d
FC-0000010,FPS-0005,2026-01,WHEAT,200,112,150,xgb-v1.0,2025-12-28T10:00:00,hist-v1-202512,30d
FC-0000011,FPS-0006,2026-01,RICE,294,163,230,xgb-v1.0,2025-12-28T10:00:00,hist-v1-202512,30d
FC-0000012,FPS-0006,2026-01,WHEAT,214,105,156,xgb-v1.0,2025-12-28T10:00:00,hist-v1-202512,30d
FC-0000013,FPS-0007,2026-01,RICE,200,37,113,xgb-v1.0,2025-12-28T10:00:00,hist-v1-202512,30d
FC-0000014,FPS-0007,2026-01,WHEAT,200,24,101,xgb-v1.0,2025-12-28T10:00:00,hist-v1-202512,30d
FC-0000015,FPS-0008,2026-01,RICE,205,165,193,xgb-v1.0,2025-12-28T10:00:00,hist-v1-202512,30d
FC-0000016,FPS-0008,2026-01,WHEAT,200,112,160,xgb-v1.0,2025-12-28T10:00:00,hist-v1-202512,30d
FC-0000017,FPS-0009,2026-01,RICE,200,58,122,xgb-v1.0,2025-12-28T10:00:00,hist-v1-202512,30d
FC-0000018,FPS-0009,2026-01,WHEAT,200,39,116,xgb-v1.0,2025-12-28T10:00:00,hist-v1-202512,30d
FC-0000019,FPS-0010,2026-01,RICE,246,200,231,xgb-v1.0,2025-12-28T10:00:00,hist-v1-202512,30d
FC-0000020,FPS-0010,2026-01,WHEAT,180,131,159,xgb-v1.0,2025-12-28T10:00:00,hist-v1-202512,30d
FC-0000021,FPS-0011,2026-01,RICE,200,99,146,xgb-v1.0,2025-12-28T10:00:00,hist-v1-202512,30d
FC-0000022,FPS-0011,2026-01,WHEAT,180,64,121,xgb-v1.0,2025-12-28T10:00:00,hist-v1-202512,30d
FC-0000023,FPS-0012,2026-01,RICE,228,159,197,xgb-v1.0,2025-12-28T10:00:00,hist-v1-202512,30d
FC-0000024,FPS-0012,2026-01,WHEAT,200,103,155,xgb-v1.0,2025-12-28T10:00:00,hist-v1-202512,30d
FC-0000025,FPS-0013,2026-01,RICE,231,185,205,xgb-v1.0,2025-12-28T10:00:00,hist-v1-202512,30d
FC-0000026,FPS-0013,2026-01,WHEAT,200,133,169,xgb-v1.0,2025-12-28T10:00:00,hist-v1-202512,30d
FC-0000027,FPS-0014,2026-01,RICE,200,68,131,xgb-v1.0,2025-12-28T10:00:00,hist-v1-202512,30d
FC-0000028,FPS-0014,2026-01,WHEAT,200,44,112,xgb-v1.0,2025-12-28T10:00:00,hist-v1-202512,30d
FC-0000029,FPS-0015,2026-01,RICE,200,132,171,xgb-v1.0,2025-12-28T10:00:00,hist-v1-202512,30d
FC-0000030,FPS-0015,2026-01,WHEAT,200,88,141,xgb-v1.0,2025-12-28T10:00:00,hist-v1-202512,30d
FC-0000031,FPS-0016,2026-01,RICE,231,129,183,xgb-v1.0,2025-12-28T10:00:00,hist-v1-202512,30d
FC-0000032,FPS-0016,2026-01,WHEAT,200,84,140,xgb-v1.0,2025-12-28T10:00:00,hist-v1-202512,30d
FC-0000033,FPS-0017,2026-01,RICE,200,114,153,xgb-v1.0,2025-12-28T10:00:00,hist-v1-202512,30d
FC-0000034,FPS-0017,2026-01,WHEAT,200,73,137,xgb-v1.0,2025-12-28T10:00:00,hist-v1-202512,30d
FC-0000035,FPS-0018,2026-01,RICE,276,232,253,xgb-v1.0,2025-12-28T10:00:00,hist-v1-202512,30d
FC-0000036,FPS-0018,2026-01,WHEAT,212,149,181,xgb-v1.0,2025-12-28T10:00:00,hist-v1-202512,30d
FC-0000037,FPS-0019,2026-01,RICE,235,135,183,xgb-v1.0,2025-12-28T10:00:00,hist-v1-202512,30d
FC-0000038,FPS-0019,2026-01,WHEAT,200,87,140,xgb-v1.0,2025-12-28T10:00:00,hist-v1-202512,30d
FC-0000039,FPS-0020,2026-01,RICE,200,107,150,xgb-v1.0,2025-12-28T10:00:00,hist-v1-202512,30d
FC-0000040,FPS-0020,2026-01,WHEAT,200,72,134,xgb-v1.0,2025-12-28T10:00:00,hist-v1-202512,30d
FC-0000041,FPS-0021,2026-01,RICE,307,218,255,xgb-v1.0,2025-12-28T10:00:00,hist-v1-202512,30d
FC-0000042,FPS-0021,2026-01,WHEAT,208,148,183,xgb-v1.0,2025-12-28T10:00:00,hist-v1-202512,30d
FC-0000043,FPS-0022,2026-01,RICE,200,117,154,xgb-v1.0,2025-12-28T10:00:00,hist-v1-202512,30d
FC-0000044,FPS-0022,2026-01,WHEAT,200,82,141,xgb-v1.0,2025-12-28T10:00:00,hist-v1-202512,30d
FC-0000045,FPS-0023,2026-01,RICE,200,95,143,xgb-v1.0,2025-12-28T10:00:00,hist-v1-202512,30d
FC-0000046,FPS-0023,2026-01,WHEAT,200,67,127,xgb-v1.0,2025-12-28T10:00:00,hist-v1-202512,30d
FC-0000047,FPS-0024,2026-01,RICE,201,104,146,xgb-v1.0,2025-12-28T10:00:00,hist-v1-202512,30d
FC-0000048,FPS-0024,2026-01,WHEAT,200,72,135,xgb-v1.0,2025-12-28T10:00:00,hist-v1-202512,30d
FC-0000049,FPS-0025,2026-01,RICE,284,202,246,xgb-v1.0,2025-12-28T10:00:00,hist-v1-202512,30d
FC-0000050,FPS-0025,2026-01,WHEAT,201,130,159,xgb-v1.0,2025-12-28T10:00:00,hist-v1-202512,30d
FC-0000051,FPS-0026,2026-01,RICE,204,98,148,xgb-v1.0,2025-12-28T10:00:00,hist-v1-202512,30d
FC-0000052,FPS-0026,2026-01,WHEAT,200,67,130,xgb-v1.0,2025-12-28T10:00:00,hist-v1-202512,30d
FC-0000053,FPS-0027,2026-01,RICE,200,95,145,xgb-v1.0,2025-12-28T10:00:00,hist-v1-202512,30d
FC-0000054,FPS-0027,2026-01,WHEAT,180,68,122,xgb-v1.0,2025-12-28T10:00:00,hist-v1-202512,30d
FC-0000055,FPS-0028,2026-01,RICE,200,75,137,xgb-v1.0,2025-12-28T10:00:00,hist-v1-202512,30d
FC-0000056,FPS-0028,2026-01,WHEAT,200,48,121,xgb-v1.0,2025-12-28T10:00:00,hist-v1-202512,30d
FC-0000057,FPS-0029,2026-01,RICE,235,174,198,xgb-v1.0,2025-12-28T10:00:00,hist-v1-202512,30d
FC-0000058,FPS-0029,2026-01,WHEAT,180,117,145,xgb-v1.0,2025-12-28T10:00:00,hist-v1-202512,30d
FC-0000059,FPS-0030,2026-01,RICE,200,84,144,xgb-v1.0,2025-12-28T10:00:00,hist-v1-202512,30d
FC-0000060,FPS-0030,2026-01,WHEAT,200,57,122,xgb-v1.0,2025-12-28T10:00:00,hist-v1-202512,30d
FC-0000061,FPS-0031,2026-01,RICE,200,103,145,xgb-v1.0,2025-12-28T10:00:00,hist-v1-202512,30d
FC-0000062,FPS-0031,2026-01,WHEAT,200,64,125,xgb-v1.0,2025-12-28T10:00:00,hist-v1-202512,30d
FC-0000063,FPS-0032,2026-01,RICE,205,105,155,xgb-v1.0,2025-12-28T10:00:00,hist-v1-202512,30d
FC-0000064,FPS-0032,2026-01,WHEAT,200,75,130,xgb-v1.0,2025-12-28T10:00:00,hist-v1-202512,30d
FC-0000065,FPS-0033,2026-01,RICE,221,155,194,xgb-v1.0,2025-12-28T10:00:00,hist-v1-202512,30d
FC-0000066,FPS-0033,2026-01,WHEAT,200,106,146,xgb-v1.0,2025-12-28T10:00:00,hist-v1-202512,30d
FC-0000067,FPS-0034,2026-01,RICE,233,140,188,xgb-v1.0,2025-12-28T10:00:00,hist-v1-202512,30d
FC-0000068,FPS-0034,2026-01,WHEAT,200,93,143,xgb-v1.0,2025-12-28T10:00:00,hist-v1-202512,30d
FC-0000069,FPS-0035,2026-01,RICE,232,163,202,xgb-v1.0,2025-12-28T10:00:00,hist-v1-202512,30d
FC-0000070,FPS-0035,2026-01,WHEAT,200,107,151,xgb-v1.0,2025-12-28T10:00:00,hist-v1-202512,30d
FC-0000071,FPS-0036,2026-01,RICE,271,119,196,xgb-v1.0,2025-12-28T10:00:00,hist-v1-202512,30d
FC-0000072,FPS-0036,2026-01,WHEAT,200,79,139,xgb-v1.0,2025-12-28T10:00:00,hist-v1-202512,30d
FC-0000073,FPS-0037,2026-01,RICE,229,156,187,xgb-v1.0,2025-12-28T10:00:00,hist-v1-202512,30d
FC-0000074,FPS-0037,2026-01,WHEAT,200,105,155,xgb-v1.0,2025-12-28T10:00:00,hist-v1-202512,30d
FC-0000075,FPS-0038,2026-01,RICE,253,194,229,xgb-v1.0,2025-12-28T10:00:00,hist-v1-202512,30d
FC-0000076,FPS-0038,2026-01,WHEAT,200,128,167,xgb-v1.0,2025-12-28T10:00:00,hist-v1-202512,30d
FC-0000077,FPS-0039,2026-01,RICE,238,176,201,xgb-v1.0,2025-12-28T10:00:00,hist-v1-202512,30d
FC-0000078,FPS-0039,2026-01,WHEAT,200,130,165,xgb-v1.0,2025-12-28T10:00:00,hist-v1-202512,30d
FC-0000079,FPS-0040,2026-01,RICE,200,100,151,xgb-v1.0,2025-12-28T10:00:00,hist-v1-202512,30d
FC-0000080,FPS-0040,2026-01,WHEAT,200,62,122,xgb-v1.0,2025-12-28T10:00:00,hist-v1-202512,30d
FC-0000081,FPS-0041,2026-01,RICE,200,102,152,xgb-v1.0,2025-12-28T10:00:00,hist-v1-202512,30d
FC-0000082,FPS-0041,2026-01,WHEAT,200,69,134,xgb-v1.0,2025-12-28T10:00:00,hist-v1-202512,30d
FC-0000083,FPS-0042,2026-01,RICE,183,134,153,xgb-v1.0,2025-12-28T10:00:00,hist-v1-202512,30d
FC-0000084,FPS-0042,2026-01,WHEAT,200,88,143,xgb-v1.0,2025-12-28T10:00:00,hist-v1-202512,30d
FC-0000085,FPS-0043,2026-01,RICE,200,132,171,xgb-v1.0,2025-12-28T10:00:00,hist-v1-202512,30d
FC-0000086,FPS-0043,2026-01,WHEAT,200,88,139,xgb-v1.0,2025-12-28T10:00:00,hist-v1-202512,30d
FC-0000087,FPS-0044,2026-01,RICE,200,123,161,xgb-v1.0,2025-12-28T10:00:00,hist-v1-202512,30d
FC-0000088,FPS-0044,2026-01,WHEAT,200,77,133,xgb-v1.0,2025-12-28T10:00:00,hist-v1-202512,30d
FC-0000089,FPS-0045,2026-01,RICE,242,177,204,xgb-v1.0,2025-12-28T10:00:00,hist-v1-202512,30d
FC-0000090,FPS-0045,2026-01,WHEAT,200,113,151,xgb-v1.0,2025-12-28T10:00:00,hist-v1-202512,30d
FC-0000091,FPS-0046,2026-01,RICE,200,126,165,xgb-v1.0,2025-12-28T10:00:00,hist-v1-202512,30d
FC-0000092,FPS-0046,2026-01,WHEAT,200,79,138,xgb-v1.0,2025-12-28T10:00:00,hist-v1-202512,30d
FC-0000093,FPS-0047,2026-01,RICE,258,138,195,xgb-v1.0,2025-12-28T10:00:00,hist-v1-202512,30d
FC-0000094,FPS-0047,2026-01,WHEAT,202,92,139,xgb-v1.0,2025-12-28T10:00:00,hist-v1-202512,30d
FC-0000095,FPS-0048,2026-01,RICE,180,94,132,xgb-v1.0,2025-12-28T10:00:00,hist-v1-202512,30d
FC-0000096,FPS-0048,2026-01,WHEAT,180,62,115,xgb-v1.0,2025-12-28T10:00:00,hist-v1-202512,30d
FC-0000097,FPS-0049,2026-01,RICE,218,156,185,xgb-v1.0,2025-12-28T10:00:00,hist-v1-202512,30d
FC-0000098,FPS-0049,2026-01,WHEAT,200,109,153,xgb-v1.0,2025-12-28T10:00:00,hist-v1-202512,30d
FC-0000099,FPS-0050,2026-01,RICE,294,199,246,xgb-v1.0,2025-12-28T10:00:00,hist-v1-202512,30d
FC-0000100,FPS-0050,2026-01,WHEAT,223,134,180,xgb-v1.0,2025-12-28T10:00:00,hist-v1-202512,30d
FC-0000101,FPS-0051,2026-01,RICE,220,150,179,xgb-v1.0,2025-12-28T10:00:00,hist-v1-202512,30d
FC-0000102,FPS-0051,2026-01,WHEAT,180,101,139,xgb-v1.0,2025-12-28T10:00:00,hist-v1-202512,30d
FC-0000103,FPS-0052,2026-01,RICE,263,156,204,xgb-v1.0,2025-12-28T10:00:00,hist-v1-202512,30d
FC-0000104,FPS-0052,2026-01,WHEAT,200,104,146,xgb-v1.0,2025-12-28T10:00:00,hist-v1-202512,30d
FC-0000105,FPS-0053,2026-01,RICE,200,152,175,xgb-v1.0,2025-12-28T10:00:00,hist-v1-202512,30d
FC-0000106,FPS-0053,2026-01,WHEAT,200,101,144,xgb-v1.0,2025-12-28T10:00:00,hist-v1-202512,30d
FC-0000107,FPS-0054,2026-01,RICE,200,69,128,xgb-v1.0,2025-12-28T10:00:00,hist-v1-202512,30d
FC-0000108,FPS-0054,2026-01,WHEAT,200,47,121,xgb-v1.0,2025-12-28T10:00:00,hist-v1-202512,30d
FC-0000109,FPS-0055,2026-01,RICE,243,85,154,xgb-v1.0,2025-12-28T10:00:00,hist-v1-202512,30d
FC-0000110,FPS-0055,2026-01,WHEAT,200,62,130,xgb-v1.0,2025-12-28T10:00:00,hist-v1-202512,30d
FC-0000111,FPS-0056,2026-01,RICE,188,141,167,xgb-v1.0,2025-12-28T10:00:00,hist-v1-202512,30d
FC-0000112,FPS-0056,2026-01,WHEAT,200,96,142,xgb-v1.0,2025-12-28T10:00:00,hist-v1-202512,30d
FC-0000113,FPS-0057,2026-01,RICE,232,150,188,xgb-v1.0,2025-12-28T10:00:00,hist-v1-202512,30d
FC-0000114,FPS-0057,2026-01,WHEAT,200,102,144,xgb-v1.0,2025-12-28T10:00:00,hist-v1-202512,30d
FC-0000115,FPS-0058,2026-01,RICE,229,99,157,xgb-v1.0,2025-12-28T10:00:00,hist-v1-202512,30d
FC-0000116,FPS-0058,2026-01,WHEAT,200,67,133,xgb-v1.0,2025-12-28T10:00:00,hist-v1-202512,30d
FC-0000117,FPS-0059,2026-01,RICE,207,131,171,xgb-v1.0,2025-12-28T10:00:00,hist-v1-202512,30d
FC-0000118,FPS-0059,2026-01,WHEAT,200,100,153,xgb-v1.0,2025-12-28T10:00:00,hist-v1-202512,30d
FC-0000119,FPS-0060,2026-01,RICE,242,177,212,xgb-v1.0,2025-12-28T10:00:00,hist-v1-202512,30d
FC-0000120,FPS-0060,2026-01,WHEAT,200,118,155,xgb-v1.0,2025-12-28T10:00:00,hist-v1-202512,30d
FC-0000121,FPS-0061,2026-01,RICE,200,80,139,xgb-v1.0,2025-12-28T10:00:00,hist-v1-202512,30d
FC-0000122,FPS-0061,2026-01,WHEAT,200,55,124,xgb-v1.0,2025-12-28T10:00:00,hist-v1-202512,30d
FC-0000123,FPS-0062,2026-01,RICE,200,105,146,xgb-v1.0,2025-12-28T10:00:00,hist-v1-202512,30d
FC-0000124,FPS-0062,2026-01,WHEAT,180,70,126,xgb-v1.0,2025-12-28T10:00:00,hist-v1-202512,30d
FC-0000125,FPS-0063,2026-01,RICE,255,171,214,xgb-v1.0,2025-12-28T10:00:00,hist-v1-202512,30d
FC-0000126,FPS-0063,2026-01,WHEAT,180,112,143,xgb-v1.0,2025-12-28T10:00:00,hist-v1-202512,30d
FC-0000127,FPS-0064,2026-01,RICE,180,87,132,xgb-v1.0,2025-12-28T10:00:00,hist-v1-202512,30d
FC-0000128,FPS-0064,2026-01,WHEAT,200,61,121,xgb-v1.0,2025-12-28T10:00:00,hist-v1-202512,30d
FC-0000129,FPS-0065,2026-01,RICE,200,70,135,xgb-v1.0,2025-12-28T10:00:00,hist-v1-202512,30d
FC-0000130,FPS-0065,2026-01,WHEAT,200,41,118,xgb-v1.0,2025-12-28T10:00:00,hist-v1-202512,30d
FC-0000131,FPS-0066,2026-01,RICE,204,134,166,xgb-v1.0,2025-12-28T10:00:00,hist-v1-202512,30d
FC-0000132,FPS-0066,2026-01,WHEAT,200,89,136,xgb-v1.0,2025-12-28T10:00:00,hist-v1-202512,30d
FC-0000133,FPS-0067,2026-01,RICE,200,158,181,xgb-v1.0,2025-12-28T10:00:00,hist-v1-202512,30d
FC-0000134,FPS-0067,2026-01,WHEAT,200,100,144,xgb-v1.0,2025-12-28T10:00:00,hist-v1-202512,30d
FC-0000135,FPS-0068,2026-01,RICE,205,135,167,xgb-v1.0,2025-12-28T10:00:00,hist-v1-202512,30d
FC-0000136,FPS-0068,2026-01,WHEAT,200,96,150,xgb-v1.0,2025-12-28T10:00:00,hist-v1-202512,30d
FC-0000137,FPS-0069,2026-01,RICE,200,117,155,xgb-v1.0,2025-12-28T10:00:00,hist-v1-202512,30d
FC-0000138,FPS-0069,2026-01,WHEAT,200,83,140,xgb-v1.0,2025-12-28T10:00:00,hist-v1-202512,30d
FC-0000139,FPS-0070,2026-01,RICE,182,111,143,xgb-v1.0,2025-12-28T10:00:00,hist-v1-202512,30d
FC-0000140,FPS-0070,2026-01,WHEAT,200,79,138,xgb-v1.0,2025-12-28T10:00:00,hist-v1-202512,30d
FC-0000141,FPS-0071,2026-01,RICE,200,58,126,xgb-v1.0,2025-12-28T10:00:00,hist-v1-202512,30d
FC-0000142,FPS-0071,2026-01,WHEAT,200,36,113,xgb-v1.0,2025-12-28T10:00:00,hist-v1-202512,30d
FC-0000143,FPS-0072,2026-01,RICE,252,206,226,xgb-v1.0,2025-12-28T10:00:00,hist-v1-202512,30d
FC-0000144,FPS-0072,2026-01,WHEAT,201,140,166,xgb-v1.0,2025-12-28T10:00:00,hist-v1-202512,30d
FC-0000145,FPS-0073,2026-01,RICE,228,144,183,xgb-v1.0,2025-12-28T10:00:00,hist-v1-202512,30d
FC-0000146,FPS-0073,2026-01,WHEAT,200,98,148,xgb-v1.0,2025-12-28T10:00:00,hist-v1-202512,30d
FC-0000147,FPS-0074,2026-01,RICE,200,61,130,xgb-v1.0,2025-12-28T10:00:00,hist-v1-202512,30d
FC-0000148,FPS-0074,2026-01,WHEAT,180,41,109,xgb-v1.0,2025-12-28T10:00:00,hist-v1-202512,30d
FC-0000149,FPS-0075,2026-01,RICE,248,141,191,xgb-v1.0,2025-12-28T10:00:00,hist-v1-202512,30d
FC-0000150,FPS-0075,2026-01,WHEAT,200,97,143,xgb-v1.0,2025-12-28T10:00:00,hist-v1-202512,30d
FC-0000151,FPS-0076,2026-01,RICE,292,183,230,xgb-v1.0,2025-12-28T10:00:00,hist-v1-202512,30d
FC-0000152,FPS-0076,2026-01,WHEAT,188,122,152,xgb-v1.0,2025-12-28T10:00:00,hist-v1-202512,30d
FC-0000153,FPS-0077,2026-01,RICE,200,119,157,xgb-v1.0,2025-12-28T10:00:00,hist-v1-202512,30d
FC-0000154,FPS-0077,2026-01,WHEAT,180,73,118,xgb-v1.0,2025-12-28T10:00:00,hist-v1-202512,30d
FC-0000155,FPS-0078,2026-01,RICE,227,171,200,xgb-v1.0,2025-12-28T10:00:00,hist-v1-202512,30d
FC-0000156,FPS-0078,2026-01,WHEAT,200,111,153,xgb-v1.0,2025-12-28T10:00:00,hist-v1-202512,30d
FC-0000157,FPS-0079,2026-01,RICE,200,111,150,xgb-v1.0,2025-12-28T10:00:00,hist-v1-202512,30d
FC-0000158,FPS-0079,2026-01,WHEAT,200,76,134,xgb-v1.0,2025-12-28T10:00:00,hist-v1-202512,30d
FC-0000159,FPS-0080,2026-01,RICE,202,161,179,xgb-v1.0,2025-12-28T10:00:00,hist-v1-202512,30d
FC-0000160,FPS-0080,2026-01,WHEAT,200,104,149,xgb-v1.0,2025-12-28T10:00:00,hist-v1-202512,30d
FC-0000161,FPS-0081,2026-01,RICE,220,106,155,xgb-v1.0,2025-12-28T10:00:00,hist-v1-202512,30d
FC-0000162,FPS-0081,2026-01,WHEAT,200,68,133,xgb-v1.0,2025-12-28T10:00:00,hist-v1-202512,30d
FC-0000163,FPS-0082,2026-01,RICE,246,178,205,xgb-v1.0,2025-12-28T10:00:00,hist-v1-202512,30d
FC-0000164,FPS-0082,2026-01,WHEAT,200,117,159,xgb-v1.0,2025-12-28T10:00:00,hist-v1-202512,30d
FC-0000165,FPS-0083,2026-01,RICE,215,138,177,xgb-v1.0,2025-12-28T10:00:00,hist-v1-202512,30d
FC-0000166,FPS-0083,2026-01,WHEAT,180,94,134,xgb-v1.0,2025-12-28T10:00:00,hist-v1-202512,30d
FC-0000167,FPS-0084,2026-01,RICE,282,196,240,xgb-v1.0,2025-12-28T10:00:00,hist-v1-202512,30d
FC-0000168,FPS-0084,2026-01,WHEAT,217,133,168,xgb-v1.0,2025-12-28T10:00:00,hist-v1-202512,30d
FC-0000169,FPS-0085,2026-01,RICE,200,61,125,xgb-v1.0,2025-12-28T10:00:00,hist-v1-202512,30d
FC-0000170,FPS-0085,2026-01,WHEAT,200,41,115,xgb-v1.0,2025-12-28T10:00:00,hist-v1-202512,30d
FC-0000171,FPS-0086,2026-01,RICE,201,93,143,xgb-v1.0,2025-12-28T10:00:00,hist-v1-202512,30d
FC-0000172,FPS-0086,2026-01,WHEAT,200,65,128,xgb-v1.0,2025-12-28T10:00:00,hist-v1-202512,30d
FC-0000173,FPS-0087,2026-01,RICE,200,81,140,xgb-v1.0,2025-12-28T10:00:00,hist-v1-202512,30d
FC-0000174,FPS-0087,2026-01,WHEAT,200,52,123,xgb-v1.0,2025-12-28T10:00:00,hist-v1-202512,30d
FC-0000175,FPS-0088,2026-01,RICE,200,143,177,xgb-v1.0,2025-12-28T10:00:00,hist-v1-202512,30d
FC-0000176,FPS-0088,2026-01,WHEAT,200,91,138,xgb-v1.0,2025-12-28T10:00:00,hist-v1-202512,30d
FC-0000177,FPS-0089,2026-01,RICE,222,152,186,xgb-v1.0,2025-12-28T10:00:00,hist-v1-202512,30d
FC-0000178,FPS-0089,2026-01,WHEAT,200,104,152,xgb-v1.0,2025-12-28T10:00:00,hist-v1-202512,30d
FC-0000179,FPS-0090,2026-01,RICE,204,160,182,xgb-v1.0,2025-12-28T10:00:00,hist-v1-202512,30d
FC-0000180,FPS-0090,2026-01,WHEAT,200,109,155,xgb-v1.0,2025-12-28T10:00:00,hist-v1-202512,30d
FC-0000181,FPS-0091,2026-01,RICE,204,135,171,xgb-v1.0,2025-12-28T10:00:00,hist-v1-202512,30d
FC-0000182,FPS-0091,2026-01,WHEAT,200,94,139,xgb-v1.0,2025-12-28T10:00:00,hist-v1-202512,30d
FC-0000183,FPS-0092,2026-01,RICE,253,171,209,xgb-v1.0,2025-12-28T10:00:00,hist-v1-202512,30d
FC-0000184,FPS-0092,2026-01,WHEAT,203,117,156,xgb-v1.0,2025-12-28T10:00:00,hist-v1-202512,30d
FC-0000185,FPS-0093,2026-01,RICE,278,173,227,xgb-v1.0,2025-12-28T10:00:00,hist-v1-202512,30d
FC-0000186,FPS-0093,2026-01,WHEAT,201,127,159,xgb-v1.0,2025-12-28T10:00:00,hist-v1-202512,30d
FC-0000187,FPS-0094,2026-01,RICE,266,199,229,xgb-v1.0,2025-12-28T10:00:00,hist-v1-202512,30d
FC-0000188,FPS-0094,2026-01,WHEAT,180,135,152,xgb-v1.0,2025-12-28T10:00:00,hist-v1-202512,30d
FC-0000189,FPS-0095,2026-01,RICE,273,148,202,xgb-v1.0,2025-12-28T10:00:00,hist-v1-202512,30d
FC-0000190,FPS-0095,2026-01,WHEAT,203,101,144,xgb-v1.0,2025-12-28T10:00:00,hist-v1-202512,30d
FC-0000191,FPS-0096,2026-01,RICE,200,128,165,xgb-v1.0,2025-12-28T10:00:00,hist-v1-202512,30d
FC-0000192,FPS-0096,2026-01,WHEAT,200,80,135,xgb-v1.0,2025-12-28T10:00:00,hist-v1-202512,30d
FC-0000193,FPS-0097,2026-01,RICE,270,153,211,xgb-v1.0,2025-12-28T10:00:00,hist-v1-202512,30d
FC-0000194,FPS-0097,2026-01,WHEAT,200,102,151,xgb-v1.0,2025-12-28T10:00:00,hist-v1-202512,30d
FC-0000195,FPS-0098,2026-01,RICE,273,216,237,xgb-v1.0,2025-12-28T10:00:00,hist-v1-202512,30d
FC-0000196,FPS-0098,2026-01,WHEAT,200,147,167,xgb-v1.0,2025-12-28T10:00:00,hist-v1-202512,30d
FC-0000197,FPS-0099,2026-01,RICE,205,116,163,xgb-v1.0,2025-12-28T10:00:00,hist-v1-202512,30d
FC-0000198,FPS-0099,2026-01,WHEAT,200,79,140,xgb-v1.0,2025-12-28T10:00:00,hist-v1-202512,30d
FC-0000199,FPS-0100,2026-01,RICE,180,52,111,xgb-v1.0,2025-12-28T10:00:00,hist-v1-202512,30d
FC-0000200,FPS-0100,2026-01,WHEAT,180,35,102,xgb-v1.0,2025-12-28T10:00:00,hist-v1-202512,30d
FC-0000201,FPS-0101,2026-01,RICE,256,181,211,xgb-v1.0,2025-12-28T10:00:00,hist-v1-202512,30d
FC-0000202,FPS-0101,2026-01,WHEAT,206,119,167,xgb-v1.0,2025-12-28T10:00:00,hist-v1-202512,30d
FC-0000203,FPS-0102,2026-01,RICE,200,131,163,xgb-v1.0,2025-12-28T10:00:00,hist-v1-202512,30d
FC-0000204,FPS-0102,2026-01,WHEAT,200,90,138,xgb-v1.0,2025-12-28T10:00:00,hist-v1-202512,30d
FC-0000205,FPS-0103,2026-01,RICE,277,195,228,xgb-v1.0,2025-12-28T10:00:00,hist-v1-202512,30d
FC-0000206,FPS-0103,2026-01,WHEAT,220,135,177,xgb-v1.0,2025-12-28T10:00:00,hist-v1-202512,30d
FC-0000207,FPS-0104,2026-01,RICE,200,106,149,xgb-v1.0,2025-12-28T10:00:00,hist-v1-202512,30d
FC-0000208,FPS-0104,2026-01,WHEAT,200,71,127,xgb-v1.0,2025-12-28T10:00:00,hist-v1-202512,30d
FC-0000209,FPS-0105,2026-01,RICE,299,232,277,xgb-v1.0,2025-12-28T10:00:00,hist-v1-202512,30d
FC-0000210,FPS-0105,2026-01,WHEAT,230,152,193,xgb-v1.0,2025-12-28T10:00:00,hist-v1-202512,30d
FC-0000211,FPS-0106,2026-01,RICE,200,98,151,xgb-v1.0,2025-12-28T10:00:00,hist-v1-202512,30d
FC-0000212,FPS-0106,2026-01,WHEAT,200,64,128,xgb-v1.0,2025-12-28T10:00:00,hist-v1-202512,30d
FC-0000213,FPS-0107,2026-01,RICE,200,120,165,xgb-v1.0,2025-12-28T10:00:00,hist-v1-202512,30d
FC-0000214,FPS-0107,2026-01,WHEAT,200,82,143,xgb-v1.0,2025-12-28T10:00:00,hist-v1-202512,30d
FC-0000215,FPS-0108,2026-01,RICE,200,88,145,xgb-v1.0,2025-12-28T10:00:00,hist-v1-202512,30d
FC-0000216,FPS-0108,2026-01,WHEAT,200,62,122,xgb-v1.0,2025-12-28T10:00:00,hist-v1-202512,30d
FC-0000217,FPS-0109,2026-01,RICE,200,97,144,xgb-v1.0,2025-12-28T10:00:00,hist-v1-202512,30d
FC-0000218,FPS-0109,2026-01,WHEAT,200,66,131,xgb-v1.0,2025-12-28T10:00:00,hist-v1-202512,30d
FC-0000219,FPS-0110,2026-01,RICE,200,77,131,xgb-v1.0,2025-12-28T10:00:00,hist-v1-202512,30d
FC-0000220,FPS-0110,2026-01,WHEAT,200,56,123,xgb-v1.0,2025-12-28T10:00:00,hist-v1-202512,30d
FC-0000221,FPS-0111,2026-01,RICE,200,117,161,xgb-v1.0,2025-12-28T10:00:00,hist-v1-202512,30d
FC-0000222,FPS-0111,2026-01,WHEAT,180,79,129,xgb-v1.0,2025-12-28T10:00:00,hist-v1-202512,30d
FC-0000223,FPS-0112,2026-01,RICE,200,97,147,xgb-v1.0,2025-12-28T10:00:00,hist-v1-202512,30d
FC-0000224,FPS-0112,2026-01,WHEAT,200,66,130,xgb-v1.0,2025-12-28T10:00:00,hist-v1-202512,30d
FC-0000225,FPS-0113,2026-01,RICE,200,36,111,xgb-v1.0,2025-12-28T10:00:00,hist-v1-202512,30d
FC-0000226,FPS-0113,2026-01,WHEAT,200,25,105,xgb-v1.0,2025-12-28T10:00:00,hist-v1-202512,30d
FC-0000227,FPS-0114,2026-01,RICE,200,125,168,xgb-v1.0,2025-12-28T10:00:00,hist-v1-202512,30d
FC-0000228,FPS-0114,2026-01,WHEAT,200,83,139,xgb-v1.0,2025-12-28T10:00:00,hist-v1-202512,30d
FC-0000229,FPS-0115,2026-01,RICE,200,72,133,xgb-v1.0,2025-12-28T10:00:00,hist-v1-202512,30d
FC-0000230,FPS-0115,2026-01,WHEAT,200,49,117,xgb-v1.0,2025-12-28T10:00:00,hist-v1-202512,30d
FC-0000231,FPS-0116,2026-01,RICE,200,65,129,xgb-v1.0,2025-12-28T10:00:00,hist-v1-202512,30d
FC-0000232,FPS-0116,2026-01,WHEAT,200,42,116,xgb-v1.0,2025-12-28T10:00:00,hist-v1-202512,30d
FC-0000233,FPS-0117,2026-01,RICE,200,109,155,xgb-v1.0,2025-12-28T10:00:00,hist-v1-202512,30d
FC-0000234,FPS-0117,2026-01,WHEAT,200,74,136,xgb-v1.0,2025-12-28T10:00:00,hist-v1-202512,30d
FC-0000235,FPS-0118,2026-01,RICE,185,96,134,xgb-v1.0,2025-12-28T10:00:00,hist-v1-202512,30d
FC-0000236,FPS-0118,2026-01,WHEAT,200,63,125,xgb-v1.0,2025-12-28T10:00:00,hist-v1-202512,30d
FC-0000237,FPS-0119,2026-01,RICE,200,80,135,xgb-v1.0,2025-12-28T10:00:00,hist-v1-202512,30d
FC-0000238,FPS-0119,2026-01,WHEAT,200,54,125,xgb-v1.0,2025-12-28T10:00:00,hist-v1-202512,30d
FC-0000239,FPS-0120,2026-01,RICE,200,86,144,xgb-v1.0,2025-12-28T10:00:00,hist-v1-202512,30d
FC-0000240,FPS-0120,2026-01,WHEAT,200,54,122,xgb-v1.0,2025-12-28T10:00:00,hist-v1-202512,30d
FC-0000241,FPS-0121,2026-01,RICE,200,120,155,xgb-v1.0,2025-12-28T10:00:00,hist-v1-202512,30d
FC-0000242,FPS-0121,2026-01,WHEAT,200,76,135,xgb-v1.0,2025-12-28T10:00:00,hist-v1-202512,30d
FC-0000243,FPS-0122,2026-01,RICE,200,97,145,xgb-v1.0,2025-12-28T10:00:00,hist-v1-202512,30d
FC-0000244,FPS-0122,2026-01,WHEAT,200,66,128,xgb-v1.0,2025-12-28T10:00:00,hist-v1-202512,30d
FC-0000245,FPS-0123,2026-01,RICE,200,95,148,xgb-v1.0,2025-12-28T10:00:00,hist-v1-202512,30d
FC-0000246,FPS-0123,2026-01,WHEAT,200,64,130,xgb-v1.0,2025-12-28T10:00:00,hist-v1-202512,30d
FC-0000247,FPS-0124,2026-01,RICE,290,185,230,xgb-v1.0,2025-12-28T10:00:00,hist-v1-202512,30d
FC-0000248,FPS-0124,2026-01,WHEAT,204,129,163,xgb-v1.0,2025-12-28T10:00:00,hist-v1-202512,30d
FC-0000249,FPS-0125,2026-01,RICE,200,111,153,xgb-v1.0,2025-12-28T10:00:00,hist-v1-202512,30d
FC-0000250,FPS-0125,2026-01,WHEAT,200,75,138,xgb-v1.0,2025-12-28T10:00:00,hist-v1-202512,30d
FC-0000251,FPS-0126,2026-01,RICE,200,82,135,xgb-v1.0,2025-12-28T10:00:00,hist-v1-202512,30d
FC-0000252,FPS-0126,2026-01,WHEAT,200,50,123,xgb-v1.0,2025-12-28T10:00:00,hist-v1-202512,30d
FC-0000253,FPS-0127,2026-01,RICE,200,46,122,xgb-v1.0,2025-12-28T10:00:00,hist-v1-202512,30d
FC-0000254,FPS-0127,2026-01,WHEAT,180,34,101,xgb-v1.0,2025-12-28T10:00:00,hist-v1-202512,30d
FC-0000255,FPS-0128,2026-01,RICE,200,101,147,xgb-v1.0,2025-12-28T10:00:00,hist-v1-202512,30d
FC-0000256,FPS-0128,2026-01,WHEAT,200,73,137,xgb-v1.0,2025-12-28T10:00:00,hist-v1-202512,30d
FC-0000257,FPS-0129,2026-01,RICE,200,116,162,xgb-v1.0,2025-12-28T10:00:00,hist-v1-202512,30d
FC-0000258,FPS-0129,2026-01,WHEAT,200,84,140,xgb-v1.0,2025-12-28T10:00:00,hist-v1-202512,30d
FC-0000259,FPS-0130,2026-01,RICE,200,78,133,xgb-v1.0,2025-12-28T10:00:00,hist-v1-202512,30d
FC-0000260,FPS-0130,2026-01,WHEAT,200,50,115,xgb-v1.0,2025-12-28T10:00:00,hist-v1-202512,30d
FC-0000261,FPS-0131,2026-01,RICE,200,131,167,xgb-v1.0,2025-12-28T10:00:00,hist-v1-202512,30d
FC-0000262,FPS-0131,2026-01,WHEAT,200,85,144,xgb-v1.0,2025-12-28T10:00:00,hist-v1-202512,30d
FC-0000263,FPS-0132,2026-01,RICE,276,158,219,xgb-v1.0,2025-12-28T10:00:00,hist-v1-202512,30d
FC-0000264,FPS-0132,2026-01,WHEAT,200,107,152,xgb-v1.0,2025-12-28T10:00:00,hist-v1-202512,30d
FC-0000265,FPS-0133,2026-01,RICE,200,78,132,xgb-v1.0,2025-12-28T10:00:00,hist-v1-202512,30d
FC-0000266,FPS-0133,2026-01,WHEAT,200,57,122,xgb-v1.0,2025-12-28T10:00:00,hist-v1-202512,30d
FC-0000267,FPS-0134,2026-01,RICE,202,95,140,xgb-v1.0,2025-12-28T10:00:00,hist-v1-202512,30d
FC-0000268,FPS-0134,2026-01,WHEAT,200,61,129,xgb-v1.0,2025-12-28T10:00:00,hist-v1-202512,30d
FC-0000269,FPS-0135,2026-01,RICE,200,103,152,xgb-v1.0,2025-12-28T10:00:00,hist-v1-202512,30d
FC-0000270,FPS-0135,2026-01,WHEAT,200,76,136,xgb-v1.0,2025-12-28T10:00:00,hist-v1-202512,30d
FC-0000271,FPS-0136,2026-01,RICE,217,172,189,xgb-v1.0,2025-12-28T10:00:00,hist-v1-202512,30d
FC-0000272,FPS-0136,2026-01,WHEAT,200,118,157,xgb-v1.0,2025-12-28T10:00:00,hist-v1-202512,30d
FC-0000273,FPS-0137,2026-01,RICE,200,120,155,xgb-v1.0,2025-12-28T10:00:00,hist-v1-202512,30d
FC-0000274,FPS-0137,2026-01,WHEAT,180,78,128,xgb-v1.0,2025-12-28T10:00:00,hist-v1-202512,30d
FC-0000275,FPS-0138,2026-01,RICE,273,150,211,xgb-v1.0,2025-12-28T10:00:00,hist-v1-202512,30d
FC-0000276,FPS-0138,2026-01,WHEAT,202,102,151,xgb-v1.0,2025-12-28T10:00:00,hist-v1-202512,30d
FC-0000277,FPS-0139,2026-01,RICE,202,134,167,xgb-v1.0,2025-12-28T10:00:00,hist-v1-202512,30d
FC-0000278,FPS-0139,2026-01,WHEAT,200,87,145,xgb-v1.0,2025-12-28T10:00:00,hist-v1-202512,30d
FC-0000279,FPS-0140,2026-01,RICE,200,104,153,xgb-v1.0,2025-12-28T10:00:00,hist-v1-202512,30d
FC-0000280,FPS-0140,2026-01,WHEAT,180,72,125,xgb-v1.0,2025-12-28T10:00:00,hist-v1-202512,30d
FC-0000281,FPS-0141,2026-01,RICE,200,42,112,xgb-v1.0,2025-12-28T10:00:00,hist-v1-202512,30d
FC-0000282,FPS-0141,2026-01,WHEAT,200,27,107,xgb-v1.0,2025-12-28T10:00:00,hist-v1-202512,30d
FC-0000283,FPS-0142,2026-01,RICE,210,122,166,xgb-v1.0,2025-12-28T10:00:00,hist-v1-202512,30d
FC-0000284,FPS-0142,2026-01,WHEAT,200,82,137,xgb-v1.0,2025-12-28T10:00:00,hist-v1-202512,30d
FC-0000285,FPS-0143,2026-01,RICE,238,154,191,xgb-v1.0,2025-12-28T10:00:00,hist-v1-202512,30d
FC-0000286,FPS-0143,2026-01,WHEAT,200,113,151,xgb-v1.0,2025-12-28T10:00:00,hist-v1-202512,30d
FC-0000287,FPS-0144,2026-01,RICE,257,156,200,xgb-v1.0,2025-12-28T10:00:00,hist-v1-202512,30d
FC-0000288,FPS-0144,2026-01,WHEAT,201,103,149,xgb-v1.0,2025-12-28T10:00:00,hist-v1-202512,30d
FC-0000289,FPS-0145,2026-01,RICE,180,69,126,xgb-v1.0,2025-12-28T10:00:00,hist-v1-202512,30d
FC-0000290,FPS-0145,2026-01,WHEAT,200,50,122,xgb-v1.0,2025-12-28T10:00:00,hist-v1-202512,30d
FC-0000291,FPS-0146,2026-01,RICE,200,69,129,xgb-v1.0,2025-12-28T10:00:00,hist-v1-202512,30d
FC-0000292,FPS-0146,2026-01,WHEAT,200,45,116,xgb-v1.0,2025-12-28T10:00:00,hist-v1-202512,30d
FC-0000293,FPS-0147,2026-01,RICE,205,91,147,xgb-v1.0,2025-12-28T10:00:00,hist-v1-202512,30d
FC-0000294,FPS-0147,2026-01,WHEAT,200,64,132,xgb-v1.0,2025-12-28T10:00:00,hist-v1-202512,30d
FC-0000295,FPS-0148,2026-01,RICE,283,217,247,xgb-v1.0,2025-12-28T10:00:00,hist-v1-202512,30d
FC-0000296,FPS-0148,2026-01,WHEAT,216,147,184,xgb-v1.0,2025-12-28T10:00:00,hist-v1-202512,30d
FC-0000297,FPS-0149,2026-01,RICE,320,214,257,xgb-v1.0,2025-12-28T10:00:00,hist-v1-202512,30d
FC-0000298,FPS-0149,2026-01,WHEAT,230,144,189,xgb-v1.0,2025-12-28T10:00:00,hist-v1-202512,30d
FC-0000299,FPS-0150,2026-01,RICE,200,87,142,xgb-v1.0,2025-12-28T10:00:00,hist-v1-202512,30d
FC-0000300,FPS-0150,2026-01,WHEAT,180,59,111,xgb-v1.0,2025-12-28T10:00:00,hist-v1-202512,30d
FC-0000301,FPS-0151,2026-01,RICE,228,147,182,xgb-v1.0,2025-12-28T10:00:00,hist-v1-202512,30d
FC-0000302,FPS-0151,2026-01,WHEAT,200,105,144,xgb-v1.0,2025-12-28T10:00:00,hist-v1-202512,30d
FC-0000303,FPS-0152,2026-01,RICE,209,139,175,xgb-v1.0,2025-12-28T10:00:00,hist-v1-202512,30d
FC-0000304,FPS-0152,2026-01,WHEAT,200,93,148,xgb-v1.0,2025-12-28T10:00:00,hist-v1-202512,30d
FC-0000305,FPS-0153,2026-01,RICE,224,89,154,xgb-v1.0,2025-12-28T10:00:00,hist-v1-202512,30d
FC-0000306,FPS-0153,2026-01,WHEAT,200,62,123,xgb-v1.0,2025-12-28T10:00:00,hist-v1-202512,30d
FC-0000307,FPS-0154,2026-01,RICE,180,76,126,xgb-v1.0,2025-12-28T10:00:00,hist-v1-202512,30d
FC-0000308,FPS-0154,2026-01,WHEAT,200,58,125,xgb-v1.0,2025-12-28T10:00:00,hist-v1-202512,30d
FC-0000309,FPS-0155,2026-01,RICE,215,150,179,xgb-v1.0,2025-12-28T10:00:00,hist-v1-202512,30d
FC-0000310,FPS-0155,2026-01,WHEAT,200,102,154,xgb-v1.0,2025-12-28T10:00:00,hist-v1-202512,30d
FC-0000311,FPS-0156,2026-01,RICE,200,96,148,xgb-v1.0,2025-12-28T10:00:00,hist-v1-202512,30d
FC-0000312,FPS-0156,2026-01,WHEAT,200,62,126,xgb-v1.0,2025-12-28T10:00:00,hist-v1-202512,30d
FC-0000313,FPS-0157,2026-01,RICE,209,120,165,xgb-v1.0,2025-12-28T10:00:00,hist-v1-202512,30d
FC-0000314,FPS-0157,2026-01,WHEAT,200,82,141,xgb-v1.0,2025-12-28T10:00:00,hist-v1-202512,30d
FC-0000315,FPS-0158,2026-01,RICE,200,99,144,xgb-v1.0,2025-12-28T10:00:00,hist-v1-202512,30d
FC-0000316,FPS-0158,2026-01,WHEAT,200,72,135,xgb-v1.0,2025-12-28T10:00:00,hist-v1-202512,30d
FC-0000317,FPS-0159,2026-01,RICE,180,102,137,xgb-v1.0,2025-12-28T10:00:00,hist-v1-202512,30d
FC-0000318,FPS-0159,2026-01,WHEAT,200,71,135,xgb-v1.0,2025-12-28T10:00:00,hist-v1-202512,30d
FC-0000319,FPS-0160,2026-01,RICE,200,69,125,xgb-v1.0,2025-12-28T10:00:00,hist-v1-202512,30d
FC-0000320,FPS-0160,2026-01,WHEAT,200,50,123,xgb-v1.0,2025-12-28T10:00:00,hist-v1-202512,30d
FC-0000321,FPS-0161,2026-01,RICE,274,159,221,xgb-v1.0,2025-12-28T10:00:00,hist-v1-202512,30d
FC-0000322,FPS-0161,2026-01,WHEAT,183,112,142,xgb-v1.0,2025-12-28T10:00:00,hist-v1-202512,30d
FC-0000323,FPS-0162,2026-01,RICE,200,101,152,xgb-v1.0,2025-12-28T10:00:00,hist-v1-202512,30d
FC-0000324,FPS-0162,2026-01,WHEAT,200,67,127,xgb-v1.0,2025-12-28T10:00:00,hist-v1-202512,30d
FC-0000325,FPS-0163,2026-01,RICE,180,100,139,xgb-v1.0,2025-12-28T10:00:00,hist-v1-202512,30d
FC-0000326,FPS-0163,2026-01,WHEAT,200,65,127,xgb-v1.0,2025-12-28T10:00:00,hist-v1-202512,30d
FC-0000327,FPS-0164,2026-01,RICE,200,60,125,xgb-v1.0,2025-12-28T10:00:00,hist-v1-202512,30d
FC-0000328,FPS-0164,2026-01,WHEAT,200,41,115,xgb-v1.0,2025-12-28T10:00:00,hist-v1-202512,30d
FC-0000329,FPS-0165,2026-01,RICE,200,98,150,xgb-v1.0,2025-12-28T10:00:00,hist-v1-202512,30d
FC-0000330,FPS-0165,2026-01,WHEAT,200,66,131,xgb-v1.0,2025-12-28T10:00:00,hist-v1-202512,30d
FC-0000331,FPS-0166,2026-01,RICE,212,161,180,xgb-v1.0,2025-12-28T10:00:00,hist-v1-202512,30d
FC-0000332,FPS-0166,2026-01,WHEAT,200,109,149,xgb-v1.0,2025-12-28T10:00:00,hist-v1-202512,30d
FC-0000333,FPS-0167,2026-01,RICE,200,125,162,xgb-v1.0,2025-12-28T10:00:00,hist-v1-202512,30d
FC-0000334,FPS-0167,2026-01,WHEAT,200,81,139,xgb-v1.0,2025-12-28T10:00:00,hist-v1-202512,30d
FC-0000335,FPS-0168,2026-01,RICE,200,100,153,xgb-v1.0,2025-12-28T10:00:00,hist-v1-202512,30d
FC-0000336,FPS-0168,2026-01,WHEAT,200,68,128,xgb-v1.0,2025-12-28T10:00:00,hist-v1-202512,30d
FC-0000337,FPS-0169,2026-01,RICE,180,108,142,xgb-v1.0,2025-12-28T10:00:00,hist-v1-202512,30d
FC-0000338,FPS-0169,2026-01,WHEAT,200,74,129,xgb-v1.0,2025-12-28T10:00:00,hist-v1-202512,30d
FC-0000339,FPS-0170,2026-01,RICE,180,109,147,xgb-v1.0,2025-12-28T10:00:00,hist-v1-202512,30d
FC-0000340,FPS-0170,2026-01,WHEAT,200,77,130,xgb-v1.0,2025-12-28T10:00:00,hist-v1-202512,30d
FC-0000341,FPS-0171,2026-01,RICE,200,101,147,xgb-v1.0,2025-12-28T10:00:00,hist-v1-202512,30d
FC-0000342,FPS-0171,2026-01,WHEAT,200,71,127,xgb-v1.0,2025-12-28T10:00:00,hist-v1-202512,30d
FC-0000343,FPS-0172,2026-01,RICE,233,131,186,xgb-v1.0,2025-12-28T10:00:00,hist-v1-202512,30d
FC-0000344,FPS-0172,2026-01,WHEAT,200,86,140,xgb-v1.0,2025-12-28T10:00:00,hist-v1-202512,30d
FC-0000345,FPS-0173,2026-01,RICE,181,141,161,xgb-v1.0,2025-12-28T10:00:00,hist-v1-202512,30d
FC-0000346,FPS-0173,2026-01,WHEAT,200,95,145,xgb-v1.0,2025-12-28T10:00:00,hist-v1-202512,30d
FC-0000347,FPS-0174,2026-01,RICE,256,143,201,xgb-v1.0,2025-12-28T10:00:00,hist-v1-202512,30d
FC-0000348,FPS-0174,2026-01,WHEAT,200,88,137,xgb-v1.0,2025-12-28T10:00:00,hist-v1-202512,30d
FC-0000349,FPS-0175,2026-01,RICE,234,152,189,xgb-v1.0,2025-12-28T10:00:00,hist-v1-202512,30d
FC-0000350,FPS-0175,2026-01,WHEAT,200,106,153,xgb-v1.0,2025-12-28T10:00:00,hist-v1-202512,30d
FC-0000351,FPS-0176,2026-01,RICE,200,168,182,xgb-v1.0,2025-12-28T10:00:00,hist-v1-202512,30d
FC-0000352,FPS-0176,2026-01,WHEAT,180,120,144,xgb-v1.0,2025-12-28T10:00:00,hist-v1-202512,30d
FC-0000353,FPS-0177,2026-01,RICE,200,93,144,xgb-v1.0,2025-12-28T10:00:00,hist-v1-202512,30d
FC-0000354,FPS-0177,2026-01,WHEAT,200,61,124,xgb-v1.0,2025-12-28T10:00:00,hist-v1-202512,30d
FC-0000355,FPS-0178,2026-01,RICE,200,103,150,xgb-v1.0,2025-12-28T10:00:00,hist-v1-202512,30d
FC-0000356,FPS-0178,2026-01,WHEAT,200,69,134,xgb-v1.0,2025-12-28T10:00:00,hist-v1-202512,30d
FC-0000357,FPS-0179,2026-01,RICE,260,194,220,xgb-v1.0,2025-12-28T10:00:00,hist-v1-202512,30d
FC-0000358,FPS-0179,2026-01,WHEAT,203,127,163,xgb-v1.0,2025-12-28T10:00:00,hist-v1-202512,30d
FC-0000359,FPS-0180,2026-01,RICE,200,58,122,xgb-v1.0,2025-12-28T10:00:00,hist-v1-202512,30d
FC-0000360,FPS-0180,2026-01,WHEAT,200,41,117,xgb-v1.0,2025-12-28T10:00:00,hist-v1-202512,30d
FC-0000361,FPS-0181,2026-01,RICE,227,129,171,xgb-v1.0,2025-12-28T10:00:00,hist-v1-202512,30d
FC-0000362,FPS-0181,2026-01,WHEAT,200,89,146,xgb-v1.0,2025-12-28T10:00:00,hist-v1-202512,30d
FC-0000363,FPS-0182,2026-01,RICE,216,91,154,xgb-v1.0,2025-12-28T10:00:00,hist-v1-202512,30d
FC-0000364,FPS-0182,2026-01,WHEAT,200,59,121,xgb-v1.0,2025-12-28T10:00:00,hist-v1-202512,30d
FC-0000365,FPS-0183,2026-01,RICE,212,113,161,xgb-v1.0,2025-12-28T10:00:00,hist-v1-202512,30d
FC-0000366,FPS-0183,2026-01,WHEAT,200,73,127,xgb-v1.0,2025-12-28T10:00:00,hist-v1-202512,30d
FC-0000367,FPS-0184,2026-01,RICE,266,166,221,xgb-v1.0,2025-12-28T10:00:00,hist-v1-202512,30d
FC-0000368,FPS-0184,2026-01,WHEAT,200,115,156,xgb-v1.0,2025-12-28T10:00:00,hist-v1-202512,30d
FC-0000369,FPS-0185,2026-01,RICE,203,108,159,xgb-v1.0,2025-12-28T10:00:00,hist-v1-202512,30d
FC-0000370,FPS-0185,2026-01,WHEAT,200,75,133,xgb-v1.0,2025-12-28T10:00:00,hist-v1-202512,30d
FC-0000371,FPS-0186,2026-01,RICE,245,167,206,xgb-v1.0,2025-12-28T10:00:00,hist-v1-202512,30d
FC-0000372,FPS-0186,2026-01,WHEAT,200,121,162,xgb-v1.0,2025-12-28T10:00:00,hist-v1-202512,30d
FC-0000373,FPS-0187,2026-01,RICE,233,140,185,xgb-v1.0,2025-12-28T10:00:00,hist-v1-202512,30d
FC-0000374,FPS-0187,2026-01,WHEAT,180,87,129,xgb-v1.0,2025-12-28T10:00:00,hist-v1-202512,30d
FC-0000375,FPS-0188,2026-01,RICE,200,117,161,xgb-v1.0,2025-12-28T10:00:00,hist-v1-202512,30d
FC-0000376,FPS-0188,2026-01,WHEAT,200,75,138,xgb-v1.0,2025-12-28T10:00:00,hist-v1-202512,30d
FC-0000377,FPS-0189,2026-01,RICE,295,168,226,xgb-v1.0,2025-12-28T10:00:00,hist-v1-202512,30d
FC-0000378,FPS-0189,2026-01,WHEAT,215,114,157,xgb-v1.0,2025-12-28T10:00:00,hist-v1-202512,30d
FC-0000379,FPS-0190,2026-01,RICE,180,91,129,xgb-v1.0,2025-12-28T10:00:00,hist-v1-202512,30d
FC-0000380,FPS-0190,2026-01,WHEAT,200,56,123,xgb-v1.0,2025-12-28T10:00:00,hist-v1-202512,30d
FC-0000381,FPS-0191,2026-01,RICE,200,88,137,xgb-v1.0,2025-12-28T10:00:00,hist-v1-202512,30d
FC-0000382,FPS-0191,2026-01,WHEAT,200,55,118,xgb-v1.0,2025-12-28T10:00:00,hist-v1-202512,30d
FC-0000383,FPS-0192,2026-01,RICE,200,58,128,xgb-v1.0,2025-12-28T10:00:00,hist-v1-202512,30d
FC-0000384,FPS-0192,2026-01,WHEAT,180,38,104,xgb-v1.0,2025-12-28T10:00:00,hist-v1-202512,30d
FC-0000385,FPS-0193,2026-01,RICE,229,85,154,xgb-v1.0,2025-12-28T10:00:00,hist-v1-202512,30d
FC-0000386,FPS-0193,2026-01,WHEAT,200,61,129,xgb-v1.0,2025-12-28T10:00:00,hist-v1-202512,30d
FC-0000387,FPS-0194,2026-01,RICE,200,95,146,xgb-v1.0,2025-12-28T10:00:00,hist-v1-202512,30d
FC-0000388,FPS-0194,2026-01,WHEAT,200,65,131,xgb-v1.0,2025-12-28T10:00:00,hist-v1-202512,30d
FC-0000389,FPS-0195,2026-01,RICE,200,159,183,xgb-v1.0,2025-12-28T10:00:00,hist-v1-202512,30d
FC-0000390,FPS-0195,2026-01,WHEAT,200,106,145,xgb-v1.0,2025-12-28T10:00:00,hist-v1-202512,30d
FC-0000391,FPS-0196,2026-01,RICE,265,154,200,xgb-v1.0,2025-12-28T10:00:00,hist-v1-202512,30d
FC-0000392,FPS-0196,2026-01,WHEAT,181,104,138,xgb-v1.0,2025-12-28T10:00:00,hist-v1-202512,30d
FC-0000393,FPS-0197,2026-01,RICE,248,154,199,xgb-v1.0,2025-12-28T10:00:00,hist-v1-202512,30d
FC-0000394,FPS-0197,2026-01,WHEAT,200,108,154,xgb-v1.0,2025-12-28T10:00:00,hist-v1-202512,30d
FC-0000395,FPS-0198,2026-01,RICE,200,122,155,xgb-v1.0,2025-12-28T10:00:00,hist-v1-202512,30d
FC-0000396,FPS-0198,2026-01,WHEAT,200,77,132,xgb-v1.0,2025-12-28T10:00:00,hist-v1-202512,30d
FC-0000397,FPS-0199,2026-01,RICE,200,99,150,xgb-v1.0,2025-12-28T10:00:00,hist-v1-202512,30d
FC-0000398,FPS-0199,2026-01,WHEAT,200,68,132,xgb-v1.0,2025-12-28T10:00:00,hist-v1-202512,30d
FC-0000399,FPS-0200,2026-01,RICE,200,57,123,xgb-v1.0,2025-12-28T10:00:00,hist-v1-202512,30d
FC-0000400,FPS-0200,2026-01,WHEAT,200,41,111,xgb-v1.0,2025-12-28T10:00:00,hist-v1-202512,30d
FC-0000401,FPS-0201,2026-01,RICE,200,73,135,xgb-v1.0,2025-12-28T10:00:00,hist-v1-202512,30d
FC-0000402,FPS-0201,2026-01,WHEAT,200,49,123,xgb-v1.0,2025-12-28T10:00:00,hist-v1-202512,30d
FC-0000403,FPS-0202,2026-01,RICE,200,85,141,xgb-v1.0,2025-12-28T10:00:00,hist-v1-202512,30d
FC-0000404,FPS-0202,2026-01,WHEAT,200,57,123,xgb-v1.0,2025-12-28T10:00:00,hist-v1-202512,30d
FC-0000405,FPS-0203,2026-01,RICE,200,69,125,xgb-v1.0,2025-12-28T10:00:00,hist-v1-202512,30d
FC-0000406,FPS-0203,2026-01,WHEAT,200,52,116,xgb-v1.0,2025-12-28T10:00:00,hist-v1-202512,30d
FC-0000407,FPS-0204,2026-01,RICE,229,156,196,xgb-v1.0,2025-12-28T10:00:00,hist-v1-202512,30d
FC-0000408,FPS-0204,2026-01,WHEAT,200,109,150,xgb-v1.0,2025-12-28T10:00:00,hist-v1-202512,30d
FC-0000409,FPS-0205,2026-01,RICE,200,86,144,xgb-v1.0,2025-12-28T10:00:00,hist-v1-202512,30d
FC-0000410,FPS-0205,2026-01,WHEAT,200,65,124,xgb-v1.0,2025-12-28T10:00:00,hist-v1-202512,30d
FC-0000411,FPS-0206,2026-01,RICE,285,209,242,xgb-v1.0,2025-12-28T10:00:00,hist-v1-202512,30d
FC-0000412,FPS-0206,2026-01,WHEAT,214,137,173,xgb-v1.0,2025-12-28T10:00:00,hist-v1-202512,30d
FC-0000413,FPS-0207,2026-01,RICE,369,211,291,xgb-v1.0,2025-12-28T10:00:00,hist-v1-202512,30d
FC-0000414,FPS-0207,2026-01,WHEAT,246,140,197,xgb-v1.0,2025-12-28T10:00:00,hist-v1-202512,30d
FC-0000415,FPS-0208,2026-01,RICE,219,141,184,xgb-v1.0,2025-12-28T10:00:00,hist-v1-202512,30d
FC-0000416,FPS-0208,2026-01,WHEAT,200,104,155,xgb-v1.0,2025-12-28T10:00:00,hist-v1-202512,30d
FC-0000417,FPS-0209,2026-01,RICE,247,208,234,xgb-v1.0,2025-12-28T10:00:00,hist-v1-202512,30d
FC-0000418,FPS-0209,2026-01,WHEAT,202,138,175,xgb-v1.0,2025-12-28T10:00:00,hist-v1-202512,30d
FC-0000419,FPS-0210,2026-01,RICE,208,91,144,xgb-v1.0,2025-12-28T10:00:00,hist-v1-202512,30d
FC-0000420,FPS-0210,2026-01,WHEAT,200,59,127,xgb-v1.0,2025-12-28T10:00:00,hist-v1-202512,30d
FC-0000421,FPS-0211,2026-01,RICE,231,103,164,xgb-v1.0,2025-12-28T10:00:00,hist-v1-202512,30d
FC-0000422,FPS-0211,2026-01,WHEAT,200,71,132,xgb-v1.0,2025-12-28T10:00:00,hist-v1-202512,30d
FC-0000423,FPS-0212,2026-01,RICE,200,93,146,xgb-v1.0,2025-12-28T10:00:00,hist-v1-202512,30d
FC-0000424,FPS-0212,2026-01,WHEAT,200,57,119,xgb-v1.0,2025-12-28T10:00:00,hist-v1-202512,30d
FC-0000425,FPS-0213,2026-01,RICE,201,90,147,xgb-v1.0,2025-12-28T10:00:00,hist-v1-202512,30d
FC-0000426,FPS-0213,2026-01,WHEAT,200,60,121,xgb-v1.0,2025-12-28T10:00:00,hist-v1-202512,30d
FC-0000427,FPS-0214,2026-01,RICE,200,65,131,xgb-v1.0,2025-12-28T10:00:00,hist-v1-202512,30d
FC-0000428,FPS-0214,2026-01,WHEAT,180,49,109,xgb-v1.0,2025-12-28T10:00:00,hist-v1-202512,30d
FC-0000429,FPS-0215,2026-01,RICE,200,95,150,xgb-v1.0,2025-12-28T10:00:00,hist-v1-202512,30d
FC-0000430,FPS-0215,2026-01,WHEAT,200,68,127,xgb-v1.0,2025-12-28T10:00:00,hist-v1-202512,30d
FC-0000431,FPS-0216,2026-01,RICE,180,124,154,xgb-v1.0,2025-12-28T10:00:00,hist-v1-202512,30d
FC-0000432,FPS-0216,2026-01,WHEAT,200,84,144,xgb-v1.0,2025-12-28T10:00:00,hist-v1-202512,30d
FC-0000433,FPS-0217,2026-01,RICE,208,93,145,xgb-v1.0,2025-12-28T10:00:00,hist-v1-202512,30d
FC-0000434,FPS-0217,2026-01,WHEAT,200,67,130,xgb-v1.0,2025-12-28T10:00:00,hist-v1-202512,30d
FC-0000435,FPS-0218,2026-01,RICE,180,94,138,xgb-v1.0,2025-12-28T10:00:00,hist-v1-202512,30d
FC-0000436,FPS-0218,2026-01,WHEAT,200,64,132,xgb-v1.0,2025-12-28T10:00:00,hist-v1-202512,30d
FC-0000437,FPS-0219,2026-01,RICE,208,190,207,xgb-v1.0,2025-12-28T10:00:00,hist-v1-202512,30d
FC-0000438,FPS-0219,2026-01,WHEAT,200,132,165,xgb-v1.0,2025-12-28T10:00:00,hist-v1-202512,30d
FC-0000439,FPS-0220,2026-01,RICE,260,134,194,xgb-v1.0,2025-12-28T10:00:00,hist-v1-202512,30d
FC-0000440,FPS-0220,2026-01,WHEAT,180,87,130,xgb-v1.0,2025-12-28T10:00:00,hist-v1-202512,30d
FC-0000441,FPS-0221,2026-01,RICE,227,172,206,xgb-v1.0,2025-12-28T10:00:00,hist-v1-202512,30d
FC-0000442,FPS-0221,2026-01,WHEAT,200,117,162,xgb-v1.0,2025-12-28T10:00:00,hist-v1-202512,30d
FC-0000443,FPS-0222,2026-01,RICE,242,154,204,xgb-v1.0,2025-12-28T10:00:00,hist-v1-202512,30d
FC-0000444,FPS-0222,2026-01,WHEAT,200,106,152,xgb-v1.0,2025-12-28T10:00:00,hist-v1-202512,30d
FC-0000445,FPS-0223,2026-01,RICE,236,107,170,xgb-v1.0,2025-12-28T10:00:00,hist-v1-202512,30d
FC-0000446,FPS-0223,2026-01,WHEAT,200,78,137,xgb-v1.0,2025-12-28T10:00:00,hist-v1-202512,30d
FC-0000447,FPS-0224,2026-01,RICE,211,116,158,xgb-v1.0,2025-12-28T10:00:00,hist-v1-202512,30d
FC-0000448,FPS-0224,2026-01,WHEAT,200,76,134,xgb-v1.0,2025-12-28T10:00:00,hist-v1-202512,30d
FC-0000449,FPS-0225,2026-01,RICE,200,112,150,xgb-v1.0,2025-12-28T10:00:00,hist-v1-202512,30d
FC-0000450,FPS-0225,2026-01,WHEAT,200,75,137,xgb-v1.0,2025-12-28T10:00:00,hist-v1-202512,30d
FC-0000451,FPS-0226,2026-01,RICE,200,110,157,xgb-v1.0,2025-12-28T10:00:00,hist-v1-202512,30d
FC-0000452,FPS-0226,2026-01,WHEAT,200,74,133,xgb-v1.0,2025-12-28T10:00:00,hist-v1-202512,30d
FC-0000453,FPS-0227,2026-01,RICE,180,68,125,xgb-v1.0,2025-12-28T10:00:00,hist-v1-202512,30d
FC-0000454,FPS-0227,2026-01,WHEAT,200,51,118,xgb-v1.0,2025-12-28T10:00:00,hist-v1-202512,30d
FC-0000455,FPS-0228,2026-01,RICE,223,154,188,xgb-v1.0,2025-12-28T10:00:00,hist-v1-202512,30d
FC-0000456,FPS-0228,2026-01,WHEAT,200,109,155,xgb-v1.0,2025-12-28T10:00:00,hist-v1-202512,30d
FC-0000457,FPS-0229,2026-01,RICE,200,78,130,xgb-v1.0,2025-12-28T10:00:00,hist-v1-202512,30d
FC-0000458,FPS-0229,2026-01,WHEAT,200,54,124,xgb-v1.0,2025-12-28T10:00:00,hist-v1-202512,30d
FC-0000459,FPS-0230,2026-01,RICE,288,199,243,xgb-v1.0,2025-12-28T10:00:00,hist-v1-202512,30d
FC-0000460,FPS-0230,2026-01,WHEAT,201,140,165,xgb-v1.0,2025-12-28T10:00:00,hist-v1-202512,30d
FC-0000461,FPS-0231,2026-01,RICE,202,108,153,xgb-v1.0,2025-12-28T10:00:00,hist-v1-202512,30d
FC-0000462,FPS-0231,2026-01,WHEAT,200,72,132,xgb-v1.0,2025-12-28T10:00:00,hist-v1-202512,30d
FC-0000463,FPS-0232,2026-01,RICE,200,64,126,xgb-v1.0,2025-12-28T10:00:00,hist-v1-202512,30d
FC-0000464,FPS-0232,2026-01,WHEAT,200,48,117,xgb-v1.0,2025-12-28T10:00:00,hist-v1-202512,30d
FC-0000465,FPS-0233,2026-01,RICE,200,55,118,xgb-v1.0,2025-12-28T10:00:00,hist-v1-202512,30d
FC-0000466,FPS-0233,2026-01,WHEAT,200,39,114,xgb-v1.0,2025-12-28T10:00:00,hist-v1-202512,30d
FC-0000467,FPS-0234,2026-01,RICE,204,89,139,xgb-v1.0,2025-12-28T10:00:00,hist-v1-202512,30d
FC-0000468,FPS-0234,2026-01,WHEAT,180,58,116,xgb-v1.0,2025-12-28T10:00:00,hist-v1-202512,30d
FC-0000469,FPS-0235,2026-01,RICE,231,89,156,xgb-v1.0,2025-12-28T10:00:00,hist-v1-202512,30d
FC-0000470,FPS-0235,2026-01,WHEAT,200,58,126,xgb-v1.0,2025-12-28T10:00:00,hist-v1-202512,30d
FC-0000471,FPS-0236,2026-01,RICE,200,107,155,xgb-v1.0,2025-12-28T10:00:00,hist-v1-202512,30d
FC-0000472,FPS-0236,2026-01,WHEAT,200,73,129,xgb-v1.0,2025-12-28T10:00:00,hist-v1-202512,30d
FC-0000473,FPS-0237,2026-01,RICE,208,70,139,xgb-v1.0,2025-12-28T10:00:00,hist-v1-202512,30d
FC-0000474,FPS-0237,2026-01,WHEAT,200,53,119,xgb-v1.0,2025-12-28T10:00:00,hist-v1-202512,30d
FC-0000475,FPS-0238,2026-01,RICE,225,149,188,xgb-v1.0,2025-12-28T10:00:00,hist-v1-202512,30d
FC-0000476,FPS-0238,2026-01,WHEAT,200,105,147,xgb-v1.0,2025-12-28T10:00:00,hist-v1-202512,30d
FC-0000477,FPS-0239,2026-01,RICE,235,140,187,xgb-v1.0,2025-12-28T10:00:00,hist-v1-202512,30d
FC-0000478,FPS-0239,2026-01,WHEAT,180,91,128,xgb-v1.0,2025-12-28T10:00:00,hist-v1-202512,30d
FC-0000479,FPS-0240,2026-01,RICE,259,106,175,xgb-v1.0,2025-12-28T10:00:00,hist-v1-202512,30d
FC-0000480,FPS-0240,2026-01,WHEAT,200,77,132,xgb-v1.0,2025-12-28T10:00:00,hist-v1-202512,30d
FC-0000481,FPS-0241,2026-01,RICE,224,133,171,xgb-v1.0,2025-12-28T10:00:00,hist-v1-202512,30d
FC-0000482,FPS-0241,2026-01,WHEAT,200,92,148,xgb-v1.0,2025-12-28T10:00:00,hist-v1-202512,30d
FC-0000483,FPS-0242,2026-01,RICE,200,98,147,xgb-v1.0,2025-12-28T10:00:00,hist-v1-202512,30d
FC-0000484,FPS-0242,2026-01,WHEAT,160,67,112,xgb-v1.0,2025-12-28T10:00:00,hist-v1-202512,30d
FC-0000485,FPS-0243,2026-01,RICE,248,156,200,xgb-v1.0,2025-12-28T10:00:00,hist-v1-202512,30d
FC-0000486,FPS-0243,2026-01,WHEAT,200,111,149,xgb-v1.0,2025-12-28T10:00:00,hist-v1-202512,30d
FC-0000487,FPS-0244,2026-01,RICE,200,146,175,xgb-v1.0,2025-12-28T10:00:00,hist-v1-202512,30d
FC-0000488,FPS-0244,2026-01,WHEAT,200,98,142,xgb-v1.0,2025-12-28T10:00:00,hist-v1-202512,30d
FC-0000489,FPS-0245,2026-01,RICE,200,64,129,xgb-v1.0,2025-12-28T10:00:00,hist-v1-202512,30d
FC-0000490,FPS-0245,2026-01,WHEAT,200,40,118,xgb-v1.0,2025-12-28T10:00:00,hist-v1-202512,30d
FC-0000491,FPS-0246,2026-01,RICE,300,235,268,xgb-v1.0,2025-12-28T10:00:00,hist-v1-202512,30d
FC-0000492,FPS-0246,2026-01,WHEAT,215,161,190,xgb-v1.0,2025-12-28T10:00:00,hist-v1-202512,30d
FC-0000493,FPS-0247,2026-01,RICE,209,49,120,xgb-v1.0,2025-12-28T10:00:00,hist-v1-202512,30d
FC-0000494,FPS-0247,2026-01,WHEAT,200,34,108,xgb-v1.0,2025-12-28T10:00:00,hist-v1-202512,30d
FC-0000495,FPS-0248,2026-01,RICE,315,193,257,xgb-v1.0,2025-12-28T10:00:00,hist-v1-202512,30d
FC-0000496,FPS-0248,2026-01,WHEAT,229,143,188,xgb-v1.0,2025-12-28T10:00:00,hist-v1-202512,30d
FC-0000497,FPS-0249,2026-01,RICE,291,138,215,xgb-v1.0,2025-12-28T10:00:00,hist-v1-202512,30d
FC-0000498,FPS-0249,2026-01,WHEAT,216,98,160,xgb-v1.0,2025-12-28T10:00:00,hist-v1-202512,30d
FC-0000499,FPS-0250,2026-01,RICE,200,124,159,xgb-v1.0,2025-12-28T10:00:00,hist-v1-202512,30d
FC-0000500,FPS-0250,2026-01,WHEAT,180,86,127,xgb-v1.0,2025-12-28T10:00:00,hist-v1-202512,30d
FC-0000501,FPS-0251,2026-01,RICE,200,115,162,xgb-v1.0,2025-12-28T10:00:00,hist-v1-202512,30d
FC-0000502,FPS-0251,2026-01,WHEAT,200,80,132,xgb-v1.0,2025-12-28T10:00:00,hist-v1-202512,30d
FC-0000503,FPS-0252,2026-01,RICE,204,143,178,xgb-v1.0,2025-12-28T10:00:00,hist-v1-202512,30d
FC-0000504,FPS-0252,2026-01,WHEAT,200,102,151,xgb-v1.0,2025-12-28T10:00:00,hist-v1-202512,30d
FC-0000505,FPS-0253,2026-01,RICE,263,122,183,xgb-v1.0,2025-12-28T10:00:00,hist-v1-202512,30d
FC-0000506,FPS-0253,2026-01,WHEAT,180,86,127,xgb-v1.0,2025-12-28T10:00:00,hist-v1-202512,30d
FC-0000507,FPS-0254,2026-01,RICE,200,97,144,xgb-v1.0,2025-12-28T10:00:00,hist-v1-202512,30d
FC-0000508,FPS-0254,2026-01,WHEAT,200,65,129,xgb-v1.0,2025-12-28T10:00:00,hist-v1-202512,30d
FC-0000509,FPS-0255,2026-01,RICE,200,120,162,xgb-v1.0,2025-12-28T10:00:00,hist-v1-202512,30d
FC-0000510,FPS-0255,2026-01,WHEAT,200,82,139,xgb-v1.0,2025-12-28T10:00:00,hist-v1-202512,30d
FC-0000511,FPS-0256,2026-01,RICE,200,97,151,xgb-v1.0,2025-12-28T10:00:00,hist-v1-202512,30d
FC-0000512,FPS-0256,2026-01,WHEAT,200,65,128,xgb-v1.0,2025-12-28T10:00:00,hist-v1-202512,30d
FC-0000513,FPS-0257,2026-01,RICE,182,145,158,xgb-v1.0,2025-12-28T10:00:00,hist-v1-202512,30d
FC-0000514,FPS-0257,2026-01,WHEAT,200,92,147,xgb-v1.0,2025-12-28T10:00:00,hist-v1-202512,30d
FC-0000515,FPS-0258,2026-01,RICE,200,119,154,xgb-v1.0,2025-12-28T10:00:00,hist-v1-202512,30d
FC-0000516,FPS-0258,2026-01,WHEAT,200,79,137,xgb-v1.0,2025-12-28T10:00:00,hist-v1-202512,30d
FC-0000517,FPS-0259,2026-01,RICE,200,91,145,xgb-v1.0,2025-12-28T10:00:00,hist-v1-202512,30d
FC-0000518,FPS-0259,2026-01,WHEAT,200,59,120,xgb-v1.0,2025-12-28T10:00:00,hist-v1-202512,30d
FC-0000519,FPS-0260,2026-01,RICE,200,33,112,xgb-v1.0,2025-12-28T10:00:00,hist-v1-202512,30d
FC-0000520,FPS-0260,2026-01,WHEAT,200,21,105,xgb-v1.0,2025-12-28T10:00:00,hist-v1-202512,30d
FC-0000521,FPS-0261,2026-01,RICE,200,22,101,xgb-v1.0,2025-12-28T10:00:00,hist-v1-202512,30d
FC-0000522,FPS-0261,2026-01,WHEAT,200,16,99,xgb-v1.0,2025-12-28T10:00:00,hist-v1-202512,30d
FC-0000523,FPS-0262,2026-01,RICE,200,131,169,xgb-v1.0,2025-12-28T10:00:00,hist-v1-202512,30d
FC-0000524,FPS-0262,2026-01,WHEAT,200,87,143,xgb-v1.0,2025-12-28T10:00:00,hist-v1-202512,30d
FC-0000525,FPS-0263,2026-01,RICE,200,94,148,xgb-v1.0,2025-12-28T10:00:00,hist-v1-202512,30d
FC-0000526,FPS-0263,2026-01,WHEAT,200,61,126,xgb-v1.0,2025-12-28T10:00:00,hist-v1-202512,30d
FC-0000527,FPS-0264,2026-01,RICE,200,20,103,xgb-v1.0,2025-12-28T10:00:00,hist-v1-202512,30d
FC-0000528,FPS-0264,2026-01,WHEAT,200,15,99,xgb-v1.0,2025-12-28T10:00:00,hist-v1-202512,30d
FC-0000529,FPS-0265,2026-01,RICE,231,158,199,xgb-v1.0,2025-12-28T10:00:00,hist-v1-202512,30d
FC-0000530,FPS-0265,2026-01,WHEAT,200,102,153,xgb-v1.0,2025-12-28T10:00:00,hist-v1-202512,30d
FC-0000531,FPS-0266,2026-01,RICE,180,107,138,xgb-v1.0,2025-12-28T10:00:00,hist-v1-202512,30d
FC-0000532,FPS-0266,2026-01,WHEAT,200,79,131,xgb-v1.0,2025-12-28T10:00:00,hist-v1-202512,30d
FC-0000533,FPS-0267,2026-01,RICE,200,92,140,xgb-v1.0,2025-12-28T10:00:00,hist-v1-202512,30d
FC-0000534,FPS-0267,2026-01,WHEAT,200,60,122,xgb-v1.0,2025-12-28T10:00:00,hist-v1-202512,30d
FC-0000535,FPS-0268,2026-01,RICE,200,139,170,xgb-v1.0,2025-12-28T10:00:00,hist-v1-202512,30d
FC-0000536,FPS-0268,2026-01,WHEAT,200,98,146,xgb-v1.0,2025-12-28T10:00:00,hist-v1-202512,30d
FC-0000537,FPS-0269,2026-01,RICE,238,110,174,xgb-v1.0,2025-12-28T10:00:00,hist-v1-202512,30d
FC-0000538,FPS-0269,2026-01,WHEAT,200,79,137,xgb-v1.0,2025-12-28T10:00:00,hist-v1-202512,30d
FC-0000539,FPS-0270,2026-01,RICE,200,86,143,xgb-v1.0,2025-12-28T10:00:00,hist-v1-202512,30d
FC-0000540,FPS-0270,2026-01,WHEAT,200,57,127,xgb-v1.0,2025-12-28T10:00:00,hist-v1-202512,30d
FC-0000541,FPS-0271,2026-01,RICE,215,126,165,xgb-v1.0,2025-12-28T10:00:00,hist-v1-202512,30d
FC-0000542,FPS-0271,2026-01,WHEAT,200,86,137,xgb-v1.0,2025-12-28T10:00:00,hist-v1-202512,30d
FC-0000543,FPS-0272,2026-01,RICE,272,189,227,xgb-v1.0,2025-12-28T10:00:00,hist-v1-202512,30d
FC-0000544,FPS-0272,2026-01,WHEAT,203,126,163,xgb-v1.0,2025-12-28T10:00:00,hist-v1-202512,30d
FC-0000545,FPS-0273,2026-01,RICE,286,171,232,xgb-v1.0,2025-12-28T10:00:00,hist-v1-202512,30d
FC-0000546,FPS-0273,2026-01,WHEAT,182,113,145,xgb-v1.0,2025-12-28T10:00:00,hist-v1-202512,30d
FC-0000547,FPS-0274,2026-01,RICE,206,163,180,xgb-v1.0,2025-12-28T10:00:00,hist-v1-202512,30d
FC-0000548,FPS-0274,2026-01,WHEAT,180,115,147,xgb-v1.0,2025-12-28T10:00:00,hist-v1-202512,30d
FC-0000549,FPS-0275,2026-01,RICE,203,121,157,xgb-v1.0,2025-12-28T10:00:00,hist-v1-202512,30d
FC-0000550,FPS-0275,2026-01,WHEAT,200,82,141,xgb-v1.0,2025-12-28T10:00:00,hist-v1-202512,30d
FC-0000551,FPS-0276,2026-01,RICE,211,127,167,xgb-v1.0,2025-12-28T10:00:00,hist-v1-202512,30d
FC-0000552,FPS-0276,2026-01,WHEAT,200,88,139,xgb-v1.0,2025-12-28T10:00:00,hist-v1-202512,30d
FC-0000553,FPS-0277,2026-01,RICE,212,92,153,xgb-v1.0,2025-12-28T10:00:00,hist-v1-202512,30d
FC-0000554,FPS-0277,2026-01,WHEAT,200,61,128,xgb-v1.0,2025-12-28T10:00:00,hist-v1-202512,30d
FC-0000555,FPS-0278,2026-01,RICE,200,106,152,xgb-v1.0,2025-12-28T10:00:00,hist-v1-202512,30d
FC-0000556,FPS-0278,2026-01,WHEAT,200,72,134,xgb-v1.0,2025-12-28T10:00:00,hist-v1-202512,30d
FC-0000557,FPS-0279,2026-01,RICE,307,222,274,xgb-v1.0,2025-12-28T10:00:00,hist-v1-202512,30d
FC-0000558,FPS-0279,2026-01,WHEAT,227,145,185,xgb-v1.0,2025-12-28T10:00:00,hist-v1-202512,30d
FC-0000559,FPS-0280,2026-01,RICE,200,92,144,xgb-v1.0,2025-12-28T10:00:00,hist-v1-202512,30d
FC-0000560,FPS-0280,2026-01,WHEAT,180,63,115,xgb-v1.0,2025-12-28T10:00:00,hist-v1-202512,30d
FC-0000561,FPS-0281,2026-01,RICE,203,118,164,xgb-v1.0,2025-12-28T10:00:00,hist-v1-202512,30d
FC-0000562,FPS-0281,2026-01,WHEAT,200,77,135,xgb-v1.0,2025-12-28T10:00:00,hist-v1-202512,30d
FC-0000563,FPS-0282,2026-01,RICE,239,126,177,xgb-v1.0,2025-12-28T10:00:00,hist-v1-202512,30d
FC-0000564,FPS-0282,2026-01,WHEAT,180,84,134,xgb-v1.0,2025-12-28T10:00:00,hist-v1-202512,30d
FC-0000565,FPS-0283,2026-01,RICE,200,122,157,xgb-v1.0,2025-12-28T10:00:00,hist-v1-202512,30d
FC-0000566,FPS-0283,2026-01,WHEAT,200,80,131,xgb-v1.0,2025-12-28T10:00:00,hist-v1-202512,30d
FC-0000567,FPS-0284,2026-01,RICE,200,111,159,xgb-v1.0,2025-12-28T10:00:00,hist-v1-202512,30d
FC-0000568,FPS-0284,2026-01,WHEAT,200,76,131,xgb-v1.0,2025-12-28T10:00:00,hist-v1-202512,30d
FC-0000569,FPS-0285,2026-01,RICE,221,197,210,xgb-v1.0,2025-12-28T10:00:00,hist-v1-202512,30d
FC-0000570,FPS-0285,2026-01,WHEAT,200,135,169,xgb-v1.0,2025-12-28T10:00:00,hist-v1-202512,30d
FC-0000571,FPS-0286,2026-01,RICE,200,120,155,xgb-v1.0,2025-12-28T10:00:00,hist-v1-202512,30d
FC-0000572,FPS-0286,2026-01,WHEAT,200,83,139,xgb-v1.0,2025-12-28T10:00:00,hist-v1-202512,30d
FC-0000573,FPS-0287,2026-01,RICE,345,225,275,xgb-v1.0,2025-12-28T10:00:00,hist-v1-202512,30d
FC-0000574,FPS-0287,2026-01,WHEAT,238,145,186,xgb-v1.0,2025-12-28T10:00:00,hist-v1-202512,30d
FC-0000575,FPS-0288,2026-01,RICE,200,111,149,xgb-v1.0,2025-12-28T10:00:00,hist-v1-202512,30d
FC-0000576,FPS-0288,2026-01,WHEAT,200,74,135,xgb-v1.0,2025-12-28T10:00:00,hist-v1-202512,30d
FC-0000577,FPS-0289,2026-01,RICE,200,67,125,xgb-v1.0,2025-12-28T10:00:00,hist-v1-202512,30d
FC-0000578,FPS-0289,2026-01,WHEAT,200,43,116,xgb-v1.0,2025-12-28T10:00:00,hist-v1-202512,30d
FC-0000579,FPS-0290,2026-01,RICE,205,117,157,xgb-v1.0,2025-12-28T10:00:00,hist-v1-202512,30d
FC-0000580,FPS-0290,2026-01,WHEAT,200,75,139,xgb-v1.0,2025-12-28T10:00:00,hist-v1-202512,30d
FC-0000581,FPS-0291,2026-01,RICE,238,134,184,xgb-v1.0,2025-12-28T10:00:00,hist-v1-202512,30d
FC-0000582,FPS-0291,2026-01,WHEAT,200,92,142,xgb-v1.0,2025-12-28T10:00:00,hist-v1-202512,30d
FC-0000583,FPS-0292,2026-01,RICE,268,151,205,xgb-v1.0,2025-12-28T10:00:00,hist-v1-202512,30d
FC-0000584,FPS-0292,2026-01,WHEAT,180,95,136,xgb-v1.0,2025-12-28T10:00:00,hist-v1-202512,30d
FC-0000585,FPS-0293,2026-01,RICE,216,78,141,xgb-v1.0,2025-12-28T10:00:00,hist-v1-202512,30d
FC-0000586,FPS-0293,2026-01,WHEAT,200,49,120,xgb-v1.0,2025-12-28T10:00:00,hist-v1-202512,30d
FC-0000587,FPS-0294,2026-01,RICE,209,98,152,xgb-v1.0,2025-12-28T10:00:00,hist-v1-202512,30d
FC-0000588,FPS-0294,2026-01,WHEAT,200,66,124,xgb-v1.0,2025-12-28T10:00:00,hist-v1-202512,30d
FC-0000589,FPS-0295,2026-01,RICE,200,113,158,xgb-v1.0,2025-12-28T10:00:00,hist-v1-202512,30d
FC-0000590,FPS-0295,2026-01,WHEAT,200,75,129,xgb-v1.0,2025-12-28T10:00:00,hist-v1-202512,30d
FC-0000591,FPS-0296,2026-01,RICE,200,65,132,xgb-v1.0,2025-12-28T10:00:00,hist-v1-202512,30d
FC-0000592,FPS-0296,2026-01,WHEAT,200,43,111,xgb-v1.0,2025-12-28T10:00:00,hist-v1-202512,30d
FC-0000593,FPS-0297,2026-01,RICE,204,120,164,xgb-v1.0,2025-12-28T10:00:00,hist-v1-202512,30d
FC-0000594,FPS-0297,2026-01,WHEAT,200,76,133,xgb-v1.0,2025-12-28T10:00:00,hist-v1-202512,30d
FC-0000595,FPS-0298,2026-01,RICE,200,85,143,xgb-v1.0,2025-12-28T10:00:00,hist-v1-202512,30d
FC-0000596,FPS-0298,2026-01,WHEAT,200,56,124,xgb-v1.0,2025-12-28T10:00:00,hist-v1-202512,30d
FC-0000597,FPS-0299,2026-01,RICE,200,102,154,xgb-v1.0,2025-12-28T10:00:00,hist-v1-202512,30d
FC-0000598,FPS-0299,2026-01,WHEAT,200,69,128,xgb-v1.0,2025-12-28T10:00:00,hist-v1-202512,30d
FC-0000599,FPS-0300,2026-01,RICE,238,102,163,xgb-v1.0,2025-12-28T10:00:00,hist-v1-202512,30d
FC-0000600,FPS-0300,2026-01,WHEAT,200,72,127,xgb-v1.0,2025-12-28T10:00:00,hist-v1-202512,30d
FC-0000601,FPS-0301,2026-01,RICE,219,159,185,xgb-v1.0,2025-12-28T10:00:00,hist-v1-202512,30d
FC-0000602,FPS-0301,2026-01,WHEAT,200,107,150,xgb-v1.0,2025-12-28T10:00:00,hist-v1-202512,30d
FC-0000603,FPS-0302,2026-01,RICE,222,129,171,xgb-v1.0,2025-12-28T10:00:00,hist-v1-202512,30d
FC-0000604,FPS-0302,2026-01,WHEAT,200,85,140,xgb-v1.0,2025-12-28T10:00:00,hist-v1-202512,30d
FC-0000605,FPS-0303,2026-01,RICE,200,82,141,xgb-v1.0,2025-12-28T10:00:00,hist-v1-202512,30d
FC-0000606,FPS-0303,2026-01,WHEAT,200,55,125,xgb-v1.0,2025-12-28T10:00:00,hist-v1-202512,30d
FC-0000607,FPS-0304,2026-01,RICE,238,135,178,xgb-v1.0,2025-12-28T10:00:00,hist-v1-202512,30d
FC-0000608,FPS-0304,2026-01,WHEAT,200,93,148,xgb-v1.0,2025-12-28T10:00:00,hist-v1-202512,30d
FC-0000609,FPS-0305,2026-01,RICE,208,173,188,xgb-v1.0,2025-12-28T10:00:00,hist-v1-202512,30d
FC-0000610,FPS-0305,2026-01,WHEAT,200,108,154,xgb-v1.0,2025-12-28T10:00:00,hist-v1-202512,30d
FC-0000611,FPS-0306,2026-01,RICE,200,55,124,xgb-v1.0,2025-12-28T10:00:00,hist-v1-202512,30d
FC-0000612,FPS-0306,2026-01,WHEAT,200,36,111,xgb-v1.0,2025-12-28T10:00:00,hist-v1-202512,30d
FC-0000613,FPS-0307,2026-01,RICE,218,139,184,xgb-v1.0,2025-12-28T10:00:00,hist-v1-202512,30d
FC-0000614,FPS-0307,2026-01,WHEAT,200,96,148,xgb-v1.0,2025-12-28T10:00:00,hist-v1-202512,30d
FC-0000615,FPS-0308,2026-01,RICE,210,190,204,xgb-v1.0,2025-12-28T10:00:00,hist-v1-202512,30d
FC-0000616,FPS-0308,2026-01,WHEAT,200,126,159,xgb-v1.0,2025-12-28T10:00:00,hist-v1-202512,30d
FC-0000617,FPS-0309,2026-01,RICE,234,155,201,xgb-v1.0,2025-12-28T10:00:00,hist-v1-202512,30d
FC-0000618,FPS-0309,2026-01,WHEAT,200,106,148,xgb-v1.0,2025-12-28T10:00:00,hist-v1-202512,30d
FC-0000619,FPS-0310,2026-01,RICE,200,78,137,xgb-v1.0,2025-12-28T10:00:00,hist-v1-202512,30d
FC-0000620,FPS-0310,2026-01,WHEAT,200,55,124,xgb-v1.0,2025-12-28T10:00:00,hist-v1-202512,30d
FC-0000621,FPS-0311,2026-01,RICE,251,191,228,xgb-v1.0,2025-12-28T10:00:00,hist-v1-202512,30d
FC-0000622,FPS-0311,2026-01,WHEAT,202,129,161,xgb-v1.0,2025-12-28T10:00:00,hist-v1-202512,30d
FC-0000623,FPS-0312,2026-01,RICE,253,191,222,xgb-v1.0,2025-12-28T10:00:00,hist-v1-202512,30d
FC-0000624,FPS-0312,2026-01,WHEAT,200,128,160,xgb-v1.0,2025-12-28T10:00:00,hist-v1-202512,30d
FC-0000625,FPS-0313,2026-01,RICE,181,116,152,xgb-v1.0,2025-12-28T10:00:00,hist-v1-202512,30d
FC-0000626,FPS-0313,2026-01,WHEAT,200,84,143,xgb-v1.0,2025-12-28T10:00:00,hist-v1-202512,30d
FC-0000627,FPS-0314,2026-01,RICE,229,157,195,xgb-v1.0,2025-12-28T10:00:00,hist-v1-202512,30d
FC-0000628,FPS-0314,2026-01,WHEAT,200,106,149,xgb-v1.0,2025-12-28T10:00:00,hist-v1-202512,30d
FC-0000629,FPS-0315,2026-01,RICE,221,142,183,xgb-v1.0,2025-12-28T10:00:00,hist-v1-202512,30d
FC-0000630,FPS-0315,2026-01,WHEAT,200,96,142,xgb-v1.0,2025-12-28T10:00:00,hist-v1-202512,30d
FC-0000631,FPS-0316,2026-01,RICE,200,82,136,xgb-v1.0,2025-12-28T10:00:00,hist-v1-202512,30d
FC-0000632,FPS-0316,2026-01,WHEAT,200,54,121,xgb-v1.0,2025-12-28T10:00:00,hist-v1-202512,30d
FC-0000633,FPS-0317,2026-01,RICE,200,138,173,xgb-v1.0,2025-12-28T10:00:00,hist-v1-202512,30d
FC-0000634,FPS-0317,2026-01,WHEAT,200,96,150,xgb-v1.0,2025-12-28T10:00:00,hist-v1-202512,30d
FC-0000635,FPS-0318,2026-01,RICE,181,141,161,xgb-v1.0,2025-12-28T10:00:00,hist-v1-202512,30d
FC-0000636,FPS-0318,2026-01,WHEAT,200,95,146,xgb-v1.0,2025-12-28T10:00:00,hist-v1-202512,30d
FC-0000637,FPS-0319,2026-01,RICE,200,102,146,xgb-v1.0,2025-12-28T10:00:00,hist-v1-202512,30d
FC-0000638,FPS-0319,2026-01,WHEAT,200,72,130,xgb-v1.0,2025-12-28T10:00:00,hist-v1-202512,30d
FC-0000639,FPS-0320,2026-01,RICE,180,58,118,xgb-v1.0,2025-12-28T10:00:00,hist-v1-202512,30d
FC-0000640,FPS-0320,2026-01,WHEAT,200,34,109,xgb-v1.0,2025-12-28T10:00:00,hist-v1-202512,30d
FC-0000641,FPS-0321,2026-01,RICE,258,194,222,xgb-v1.0,2025-12-28T10:00:00,hist-v1-202512,30d
FC-0000642,FPS-0321,2026-01,WHEAT,201,126,157,xgb-v1.0,2025-12-28T10:00:00,hist-v1-202512,30d
FC-0000643,FPS-0322,2026-01,RICE,234,129,176,xgb-v1.0,2025-12-28T10:00:00,hist-v1-202512,30d
FC-0000644,FPS-0322,2026-01,WHEAT,200,92,144,xgb-v1.0,2025-12-28T10:00:00,hist-v1-202512,30d
FC-0000645,FPS-0323,2026-01,RICE,184,146,172,xgb-v1.0,2025-12-28T10:00:00,hist-v1-202512,30d
FC-0000646,FPS-0323,2026-01,WHEAT,200,102,153,xgb-v1.0,2025-12-28T10:00:00,hist-v1-202512,30d
FC-0000647,FPS-0324,2026-01,RICE,200,103,144,xgb-v1.0,2025-12-28T10:00:00,hist-v1-202512,30d
FC-0000648,FPS-0324,2026-01,WHEAT,200,68,125,xgb-v1.0,2025-12-28T10:00:00,hist-v1-202512,30d
FC-0000649,FPS-0325,2026-01,RICE,226,155,185,xgb-v1.0,2025-12-28T10:00:00,hist-v1-202512,30d
FC-0000650,FPS-0325,2026-01,WHEAT,200,114,158,xgb-v1.0,2025-12-28T10:00:00,hist-v1-202512,30d
FC-0000651,FPS-0326,2026-01,RICE,200,118,152,xgb-v1.0,2025-12-28T10:00:00,hist-v1-202512,30d
FC-0000652,FPS-0326,2026-01,WHEAT,180,76,128,xgb-v1.0,2025-12-28T10:00:00,hist-v1-202512,30d
FC-0000653,FPS-0327,2026-01,RICE,230,155,187,xgb-v1.0,2025-12-28T10:00:00,hist-v1-202512,30d
FC-0000654,FPS-0327,2026-01,WHEAT,180,109,147,xgb-v1.0,2025-12-28T10:00:00,hist-v1-202512,30d
FC-0000655,FPS-0328,2026-01,RICE,222,147,179,xgb-v1.0,2025-12-28T10:00:00,hist-v1-202512,30d
FC-0000656,FPS-0328,2026-01,WHEAT,200,101,152,xgb-v1.0,2025-12-28T10:00:00,hist-v1-202512,30d
FC-0000657,FPS-0329,2026-01,RICE,200,88,143,xgb-v1.0,2025-12-28T10:00:00,hist-v1-202512,30d
FC-0000658,FPS-0329,2026-01,WHEAT,200,60,120,xgb-v1.0,2025-12-28T10:00:00,hist-v1-202512,30d
FC-0000659,FPS-0330,2026-01,RICE,218,187,208,xgb-v1.0,2025-12-28T10:00:00,hist-v1-202512,30d
FC-0000660,FPS-0330,2026-01,WHEAT,200,121,161,xgb-v1.0,2025-12-28T10:00:00,hist-v1-202512,30d
FC-0000661,FPS-0331,2026-01,RICE,204,95,149,xgb-v1.0,2025-12-28T10:00:00,hist-v1-202512,30d
FC-0000662,FPS-0331,2026-01,WHEAT,200,66,128,xgb-v1.0,2025-12-28T10:00:00,hist-v1-202512,30d
FC-0000663,FPS-0332,2026-01,RICE,222,177,205,xgb-v1.0,2025-12-28T10:00:00,hist-v1-202512,30d
FC-0000664,FPS-0332,2026-01,WHEAT,200,118,154,xgb-v1.0,2025-12-28T10:00:00,hist-v1-202512,30d
FC-0000665,FPS-0333,2026-01,RICE,364,261,325,xgb-v1.0,2025-12-28T10:00:00,hist-v1-202512,30d
FC-0000666,FPS-0333,2026-01,WHEAT,244,179,204,xgb-v1.0,2025-12-28T10:00:00,hist-v1-202512,30d
FC-0000667,FPS-0334,2026-01,RICE,203,112,160,xgb-v1.0,2025-12-28T10:00:00,hist-v1-202512,30d
FC-0000668,FPS-0334,2026-01,WHEAT,200,75,134,xgb-v1.0,2025-12-28T10:00:00,hist-v1-202512,30d
FC-0000669,FPS-0335,2026-01,RICE,259,176,224,xgb-v1.0,2025-12-28T10:00:00,hist-v1-202512,30d
FC-0000670,FPS-0335,2026-01,WHEAT,200,119,159,xgb-v1.0,2025-12-28T10:00:00,hist-v1-202512,30d
FC-0000671,FPS-0336,2026-01,RICE,229,187,217,xgb-v1.0,2025-12-28T10:00:00,hist-v1-202512,30d
FC-0000672,FPS-0336,2026-01,WHEAT,180,124,152,xgb-v1.0,2025-12-28T10:00:00,hist-v1-202512,30d
FC-0000673,FPS-0337,2026-01,RICE,200,104,146,xgb-v1.0,2025-12-28T10:00:00,hist-v1-202512,30d
FC-0000674,FPS-0337,2026-01,WHEAT,200,76,134,xgb-v1.0,2025-12-28T10:00:00,hist-v1-202512,30d
FC-0000675,FPS-0338,2026-01,RICE,203,124,159,xgb-v1.0,2025-12-28T10:00:00,hist-v1-202512,30d
FC-0000676,FPS-0338,2026-01,WHEAT,200,85,137,xgb-v1.0,2025-12-28T10:00:00,hist-v1-202512,30d
FC-0000677,FPS-0339,2026-01,RICE,200,107,148,xgb-v1.0,2025-12-28T10:00:00,hist-v1-202512,30d
FC-0000678,FPS-0339,2026-01,WHEAT,200,71,136,xgb-v1.0,2025-12-28T10:00:00,hist-v1-202512,30d
FC-0000679,FPS-0340,2026-01,RICE,200,76,130,xgb-v1.0,2025-12-28T10:00:00,hist-v1-202512,30d
FC-0000680,FPS-0340,2026-01,WHEAT,200,49,122,xgb-v1.0,2025-12-28T10:00:00,hist-v1-202512,30d
FC-0000681,FPS-0341,2026-01,RICE,200,88,143,xgb-v1.0,2025-12-28T10:00:00,hist-v1-202512,30d
FC-0000682,FPS-0341,2026-01,WHEAT,200,60,121,xgb-v1.0,2025-12-28T10:00:00,hist-v1-202512,30d
FC-0000683,FPS-0342,2026-01,RICE,200,86,135,xgb-v1.0,2025-12-28T10:00:00,hist-v1-202512,30d
FC-0000684,FPS-0342,2026-01,WHEAT,200,64,131,xgb-v1.0,2025-12-28T10:00:00,hist-v1-202512,30d
FC-0000685,FPS-0343,2026-01,RICE,180,103,142,xgb-v1.0,2025-12-28T10:00:00,hist-v1-202512,30d
FC-0000686,FPS-0343,2026-01,WHEAT,200,67,131,xgb-v1.0,2025-12-28T10:00:00,hist-v1-202512,30d
FC-0000687,FPS-0344,2026-01,RICE,200,164,176,xgb-v1.0,2025-12-28T10:00:00,hist-v1-202512,30d
FC-0000688,FPS-0344,2026-01,WHEAT,200,105,145,xgb-v1.0,2025-12-28T10:00:00,hist-v1-202512,30d
FC-0000689,FPS-0345,2026-01,RICE,206,129,165,xgb-v1.0,2025-12-28T10:00:00,hist-v1-202512,30d
FC-0000690,FPS-0345,2026-01,WHEAT,200,84,134,xgb-v1.0,2025-12-28T10:00:00,hist-v1-202512,30d
FC-0000691,FPS-0346,2026-01,RICE,210,156,190,xgb-v1.0,2025-12-28T10:00:00,hist-v1-202512,30d
FC-0000692,FPS-0346,2026-01,WHEAT,200,99,144,xgb-v1.0,2025-12-28T10:00:00,hist-v1-202512,30d
FC-0000693,FPS-0347,2026-01,RICE,287,223,255,xgb-v1.0,2025-12-28T10:00:00,hist-v1-202512,30d
FC-0000694,FPS-0347,2026-01,WHEAT,213,152,186,xgb-v1.0,2025-12-28T10:00:00,hist-v1-202512,30d
FC-0000695,FPS-0348,2026-01,RICE,228,140,183,xgb-v1.0,2025-12-28T10:00:00,hist-v1-202512,30d
FC-0000696,FPS-0348,2026-01,WHEAT,200,102,145,xgb-v1.0,2025-12-28T10:00:00,hist-v1-202512,30d
FC-0000697,FPS-0349,2026-01,RICE,200,151,177,xgb-v1.0,2025-12-28T10:00:00,hist-v1-202512,30d
FC-0000698,FPS-0349,2026-01,WHEAT,200,100,142,xgb-v1.0,2025-12-28T10:00:00,hist-v1-202512,30d
FC-0000699,FPS-0350,2026-01,RICE,233,136,184,xgb-v1.0,2025-12-28T10:00:00,hist-v1-202512,30d
FC-0000700,FPS-0350,2026-01,WHEAT,200,94,145,xgb-v1.0,2025-12-28T10:00:00,hist-v1-202512,30d
FC-0000701,FPS-0351,2026-01,RICE,200,42,111,xgb-v1.0,2025-12-28T10:00:00,hist-v1-202512,30d
FC-0000702,FPS-0351,2026-01,WHEAT,200,31,112,xgb-v1.0,2025-12-28T10:00:00,hist-v1-202512,30d
FC-0000703,FPS-0352,2026-01,RICE,222,161,185,xgb-v1.0,2025-12-28T10:00:00,hist-v1-202512,30d
FC-0000704,FPS-0352,2026-01,WHEAT,200,103,146,xgb-v1.0,2025-12-28T10:00:00,hist-v1-202512,30d
FC-0000705,FPS-0353,2026-01,RICE,200,98,148,xgb-v1.0,2025-12-28T10:00:00,hist-v1-202512,30d
FC-0000706,FPS-0353,2026-01,WHEAT,200,65,132,xgb-v1.0,2025-12-28T10:00:00,hist-v1-202512,30d
FC-0000707,FPS-0354,2026-01,RICE,205,152,182,xgb-v1.0,2025-12-28T10:00:00,hist-v1-202512,30d
FC-0000708,FPS-0354,2026-01,WHEAT,180,96,141,xgb-v1.0,2025-12-28T10:00:00,hist-v1-202512,30d
FC-0000709,FPS-0355,2026-01,RICE,215,127,164,xgb-v1.0,2025-12-28T10:00:00,hist-v1-202512,30d
FC-0000710,FPS-0355,2026-01,WHEAT,200,83,136,xgb-v1.0,2025-12-28T10:00:00,hist-v1-202512,30d
FC-0000711,FPS-0356,2026-01,RICE,200,106,152,xgb-v1.0,2025-12-28T10:00:00,hist-v1-202512,30d
FC-0000712,FPS-0356,2026-01,WHEAT,200,77,130,xgb-v1.0,2025-12-28T10:00:00,hist-v1-202512,30d
FC-0000713,FPS-0357,2026-01,RICE,219,138,178,xgb-v1.0,2025-12-28T10:00:00,hist-v1-202512,30d
FC-0000714,FPS-0357,2026-01,WHEAT,200,88,136,xgb-v1.0,2025-12-28T10:00:00,hist-v1-202512,30d
FC-0000715,FPS-0358,2026-01,RICE,200,157,177,xgb-v1.0,2025-12-28T10:00:00,hist-v1-202512,30d
FC-0000716,FPS-0358,2026-01,WHEAT,200,94,144,xgb-v1.0,2025-12-28T10:00:00,hist-v1-202512,30d
FC-0000717,FPS-0359,2026-01,RICE,320,166,245,xgb-v1.0,2025-12-28T10:00:00,hist-v1-202512,30d
FC-0000718,FPS-0359,2026-01,WHEAT,217,117,166,xgb-v1.0,2025-12-28T10:00:00,hist-v1-202512,30d
FC-0000719,FPS-0360,2026-01,RICE,200,101,147,xgb-v1.0,2025-12-28T10:00:00,hist-v1-202512,30d
FC-0000720,FPS-0360,2026-01,WHEAT,200,70,134,xgb-v1.0,2025-12-28T10:00:00,hist-v1-202512,30d
FC-0000721,FPS-0361,2026-01,RICE,200,86,145,xgb-v1.0,2025-12-28T10:00:00,hist-v1-202512,30d
FC-0000722,FPS-0361,2026-01,WHEAT,200,61,125,xgb-v1.0,2025-12-28T10:00:00,hist-v1-202512,30d
FC-0000723,FPS-0362,2026-01,RICE,200,110,151,xgb-v1.0,2025-12-28T10:00:00,hist-v1-202512,30d
FC-0000724,FPS-0362,2026-01,WHEAT,200,70,131,xgb-v1.0,2025-12-28T10:00:00,hist-v1-202512,30d
FC-0000725,FPS-0363,2026-01,RICE,200,111,152,xgb-v1.0,2025-12-28T10:00:00,hist-v1-202512,30d
FC-0000726,FPS-0363,2026-01,WHEAT,200,76,135,xgb-v1.0,2025-12-28T10:00:00,hist-v1-202512,30d
FC-0000727,FPS-0364,2026-01,RICE,213,154,191,xgb-v1.0,2025-12-28T10:00:00,hist-v1-202512,30d
FC-0000728,FPS-0364,2026-01,WHEAT,200,104,146,xgb-v1.0,2025-12-28T10:00:00,hist-v1-202512,30d
FC-0000729,FPS-0365,2026-01,RICE,200,127,158,xgb-v1.0,2025-12-28T10:00:00,hist-v1-202512,30d
FC-0000730,FPS-0365,2026-01,WHEAT,200,91,143,xgb-v1.0,2025-12-28T10:00:00,hist-v1-202512,30d
FC-0000731,FPS-0366,2026-01,RICE,212,106,151,xgb-v1.0,2025-12-28T10:00:00,hist-v1-202512,30d
FC-0000732,FPS-0366,2026-01,WHEAT,200,71,130,xgb-v1.0,2025-12-28T10:00:00,hist-v1-202512,30d
FC-0000733,FPS-0367,2026-01,RICE,180,125,149,xgb-v1.0,2025-12-28T10:00:00,hist-v1-202512,30d
FC-0000734,FPS-0367,2026-01,WHEAT,200,87,143,xgb-v1.0,2025-12-28T10:00:00,hist-v1-202512,30d
FC-0000735,FPS-0368,2026-01,RICE,221,79,147,xgb-v1.0,2025-12-28T10:00:00,hist-v1-202512,30d
FC-0000736,FPS-0368,2026-01,WHEAT,200,56,127,xgb-v1.0,2025-12-28T10:00:00,hist-v1-202512,30d
FC-0000737,FPS-0369,2026-01,RICE,201,120,157,xgb-v1.0,2025-12-28T10:00:00,hist-v1-202512,30d
FC-0000738,FPS-0369,2026-01,WHEAT,200,83,143,xgb-v1.0,2025-12-28T10:00:00,hist-v1-202512,30d
FC-0000739,FPS-0370,2026-01,RICE,204,131,169,xgb-v1.0,2025-12-28T10:00:00,hist-v1-202512,30d
FC-0000740,FPS-0370,2026-01,WHEAT,200,85,142,xgb-v1.0,2025-12-28T10:00:00,hist-v1-202512,30d
FC-0000741,FPS-0371,2026-01,RICE,200,108,154,xgb-v1.0,2025-12-28T10:00:00,hist-v1-202512,30d
FC-0000742,FPS-0371,2026-01,WHEAT,200,76,130,xgb-v1.0,2025-12-28T10:00:00,hist-v1-202512,30d
FC-0000743,FPS-0372,2026-01,RICE,200,68,133,xgb-v1.0,2025-12-28T10:00:00,hist-v1-202512,30d
FC-0000744,FPS-0372,2026-01,WHEAT,200,49,123,xgb-v1.0,2025-12-28T10:00:00,hist-v1-202512,30d
FC-0000745,FPS-0373,2026-01,RICE,213,103,151,xgb-v1.0,2025-12-28T10:00:00,hist-v1-202512,30d
FC-0000746,FPS-0373,2026-01,WHEAT,200,68,131,xgb-v1.0,2025-12-28T10:00:00,hist-v1-202512,30d
FC-0000747,FPS-0374,2026-01,RICE,200,102,144,xgb-v1.0,2025-12-28T10:00:00,hist-v1-202512,30d
FC-0000748,FPS-0374,2026-01,WHEAT,200,77,134,xgb-v1.0,2025-12-28T10:00:00,hist-v1-202512,30d
FC-0000749,FPS-0375,2026-01,RICE,211,209,210,xgb-v1.0,2025-12-28T10:00:00,hist-v1-202512,30d
FC-0000750,FPS-0375,2026-01,WHEAT,200,134,173,xgb-v1.0,2025-12-28T10:00:00,hist-v1-202512,30d
FC-0000751,FPS-0376,2026-01,RICE,215,91,148,xgb-v1.0,2025-12-28T10:00:00,hist-v1-202512,30d
FC-0000752,FPS-0376,2026-01,WHEAT,200,55,124,xgb-v1.0,2025-12-28T10:00:00,hist-v1-202512,30d
FC-0000753,FPS-0377,2026-01,RICE,202,119,165,xgb-v1.0,2025-12-28T10:00:00,hist-v1-202512,30d
FC-0000754,FPS-0377,2026-01,WHEAT,200,84,140,xgb-v1.0,2025-12-28T10:00:00,hist-v1-202512,30d
FC-0000755,FPS-0378,2026-01,RICE,268,205,239,xgb-v1.0,2025-12-28T10:00:00,hist-v1-202512,30d
FC-0000756,FPS-0378,2026-01,WHEAT,206,135,171,xgb-v1.0,2025-12-28T10:00:00,hist-v1-202512,30d
FC-0000757,FPS-0379,2026-01,RICE,200,86,145,xgb-v1.0,2025-12-28T10:00:00,hist-v1-202512,30d
FC-0000758,FPS-0379,2026-01,WHEAT,200,54,119,xgb-v1.0,2025-12-28T10:00:00,hist-v1-202512,30d
FC-0000759,FPS-0380,2026-01,RICE,237,178,203,xgb-v1.0,2025-12-28T10:00:00,hist-v1-202512,30d
FC-0000760,FPS-0380,2026-01,WHEAT,180,114,148,xgb-v1.0,2025-12-28T10:00:00,hist-v1-202512,30d
FC-0000761,FPS-0381,2026-01,RICE,202,93,147,xgb-v1.0,2025-12-28T10:00:00,hist-v1-202512,30d
FC-0000762,FPS-0381,2026-01,WHEAT,200,64,132,xgb-v1.0,2025-12-28T10:00:00,hist-v1-202512,30d
FC-0000763,FPS-0382,2026-01,RICE,200,54,122,xgb-v1.0,2025-12-28T10:00:00,hist-v1-202512,30d
FC-0000764,FPS-0382,2026-01,WHEAT,200,34,112,xgb-v1.0,2025-12-28T10:00:00,hist-v1-202512,30d
FC-0000765,FPS-0383,2026-01,RICE,200,64,131,xgb-v1.0,2025-12-28T10:00:00,hist-v1-202512,30d
FC-0000766,FPS-0383,2026-01,WHEAT,200,43,118,xgb-v1.0,2025-12-28T10:00:00,hist-v1-202512,30d
FC-0000767,FPS-0384,2026-01,RICE,263,125,196,xgb-v1.0,2025-12-28T10:00:00,hist-v1-202512,30d
FC-0000768,FPS-0384,2026-01,WHEAT,202,88,141,xgb-v1.0,2025-12-28T10:00:00,hist-v1-202512,30d
FC-0000769,FPS-0385,2026-01,RICE,295,162,222,xgb-v1.0,2025-12-28T10:00:00,hist-v1-202512,30d
FC-0000770,FPS-0385,2026-01,WHEAT,217,109,160,xgb-v1.0,2025-12-28T10:00:00,hist-v1-202512,30d
FC-0000771,FPS-0386,2026-01,RICE,200,161,179,xgb-v1.0,2025-12-28T10:00:00,hist-v1-202512,30d
FC-0000772,FPS-0386,2026-01,WHEAT,200,111,160,xgb-v1.0,2025-12-28T10:00:00,hist-v1-202512,30d
FC-0000773,FPS-0387,2026-01,RICE,347,255,297,xgb-v1.0,2025-12-28T10:00:00,hist-v1-202512,30d
FC-0000774,FPS-0387,2026-01,WHEAT,256,171,220,xgb-v1.0,2025-12-28T10:00:00,hist-v1-202512,30d
FC-0000775,FPS-0388,2026-01,RICE,180,112,147,xgb-v1.0,2025-12-28T10:00:00,hist-v1-202512,30d
FC-0000776,FPS-0388,2026-01,WHEAT,200,73,128,xgb-v1.0,2025-12-28T10:00:00,hist-v1-202512,30d
FC-0000777,FPS-0389,2026-01,RICE,205,107,154,xgb-v1.0,2025-12-28T10:00:00,hist-v1-202512,30d
FC-0000778,FPS-0389,2026-01,WHEAT,200,79,134,xgb-v1.0,2025-12-28T10:00:00,hist-v1-202512,30d
FC-0000779,FPS-0390,2026-01,RICE,223,155,194,xgb-v1.0,2025-12-28T10:00:00,hist-v1-202512,30d
FC-0000780,FPS-0390,2026-01,WHEAT,200,101,146,xgb-v1.0,2025-12-28T10:00:00,hist-v1-202512,30d
FC-0000781,FPS-0391,2026-01,RICE,246,151,199,xgb-v1.0,2025-12-28T10:00:00,hist-v1-202512,30d
FC-0000782,FPS-0391,2026-01,WHEAT,200,96,149,xgb-v1.0,2025-12-28T10:00:00,hist-v1-202512,30d
FC-0000783,FPS-0392,2026-01,RICE,200,130,160,xgb-v1.0,2025-12-28T10:00:00,hist-v1-202512,30d
FC-0000784,FPS-0392,2026-01,WHEAT,200,86,140,xgb-v1.0,2025-12-28T10:00:00,hist-v1-202512,30d
FC-0000785,FPS-0393,2026-01,RICE,201,90,143,xgb-v1.0,2025-12-28T10:00:00,hist-v1-202512,30d
FC-0000786,FPS-0393,2026-01,WHEAT,200,58,128,xgb-v1.0,2025-12-28T10:00:00,hist-v1-202512,30d
FC-0000787,FPS-0394,2026-01,RICE,231,133,186,xgb-v1.0,2025-12-28T10:00:00,hist-v1-202512,30d
FC-0000788,FPS-0394,2026-01,WHEAT,200,97,151,xgb-v1.0,2025-12-28T10:00:00,hist-v1-202512,30d
FC-0000789,FPS-0395,2026-01,RICE,180,89,127,xgb-v1.0,2025-12-28T10:00:00,hist-v1-202512,30d
FC-0000790,FPS-0395,2026-01,WHEAT,200,61,127,xgb-v1.0,2025-12-28T10:00:00,hist-v1-202512,30d
FC-0000791,FPS-0396,2026-01,RICE,200,86,141,xgb-v1.0,2025-12-28T10:00:00,hist-v1-202512,30d
FC-0000792,FPS-0396,2026-01,WHEAT,200,63,130,xgb-v1.0,2025-12-28T10:00:00,hist-v1-202512,30d
FC-0000793,FPS-0397,2026-01,RICE,200,91,148,xgb-v1.0,2025-12-28T10:00:00,hist-v1-202512,30d
FC-0000794,FPS-0397,2026-01,WHEAT,200,62,124,xgb-v1.0,2025-12-28T10:00:00,hist-v1-202512,30d
FC-0000795,FPS-0398,2026-01,RICE,200,70,132,xgb-v1.0,2025-12-28T10:00:00,hist-v1-202512,30d
FC-0000796,FPS-0398,2026-01,WHEAT,200,49,116,xgb-v1.0,2025-12-28T10:00:00,hist-v1-202512,30d
FC-0000797,FPS-0399,2026-01,RICE,200,117,158,xgb-v1.0,2025-12-28T10:00:00,hist-v1-202512,30d
FC-0000798,FPS-0399,2026-01,WHEAT,180,80,124,xgb-v1.0,2025-12-28T10:00:00,hist-v1-202512,30d
FC-0000799,FPS-0400,2026-01,RICE,249,127,180,xgb-v1.0,2025-12-28T10:00:00,hist-v1-202512,30d
FC-0000800,FPS-0400,2026-01,WHEAT,200,81,132,xgb-v1.0,2025-12-28T10:00:00,hist-v1-202512,30d
FC-0000801,FPS-0401,2026-01,RICE,251,177,214,xgb-v1.0,2025-12-28T10:00:00,hist-v1-202512,30d
FC-0000802,FPS-0401,2026-01,WHEAT,200,129,167,xgb-v1.0,2025-12-28T10:00:00,hist-v1-202512,30d
FC-0000803,FPS-0402,2026-01,RICE,200,52,116,xgb-v1.0,2025-12-28T10:00:00,hist-v1-202512,30d
FC-0000804,FPS-0402,2026-01,WHEAT,200,36,108,xgb-v1.0,2025-12-28T10:00:00,hist-v1-202512,30d
FC-0000805,FPS-0403,2026-01,RICE,200,103,147,xgb-v1.0,2025-12-28T10:00:00,hist-v1-202512,30d
FC-0000806,FPS-0403,2026-01,WHEAT,200,71,136,xgb-v1.0,2025-12-28T10:00:00,hist-v1-202512,30d
FC-0000807,FPS-0404,2026-01,RICE,200,126,167,xgb-v1.0,2025-12-28T10:00:00,hist-v1-202512,30d
FC-0000808,FPS-0404,2026-01,WHEAT,200,85,137,xgb-v1.0,2025-12-28T10:00:00,hist-v1-202512,30d
FC-0000809,FPS-0405,2026-01,RICE,205,125,162,xgb-v1.0,2025-12-28T10:00:00,hist-v1-202512,30d
FC-0000810,FPS-0405,2026-01,WHEAT,200,78,135,xgb-v1.0,2025-12-28T10:00:00,hist-v1-202512,30d
FC-0000811,FPS-0406,2026-01,RICE,263,143,194,xgb-v1.0,2025-12-28T10:00:00,hist-v1-202512,30d
FC-0000812,FPS-0406,2026-01,WHEAT,200,97,151,xgb-v1.0,2025-12-28T10:00:00,hist-v1-202512,30d
FC-0000813,FPS-0407,2026-01,RICE,209,167,182,xgb-v1.0,2025-12-28T10:00:00,hist-v1-202512,30d
FC-0000814,FPS-0407,2026-01,WHEAT,200,110,153,xgb-v1.0,2025-12-28T10:00:00,hist-v1-202512,30d
FC-0000815,FPS-0408,2026-01,RICE,200,52,118,xgb-v1.0,2025-12-28T10:00:00,hist-v1-202512,30d
FC-0000816,FPS-0408,2026-01,WHEAT,200,36,109,xgb-v1.0,2025-12-28T10:00:00,hist-v1-202512,30d
FC-0000817,FPS-0409,2026-01,RICE,200,98,151,xgb-v1.0,2025-12-28T10:00:00,hist-v1-202512,30d
FC-0000818,FPS-0409,2026-01,WHEAT,200,71,136,xgb-v1.0,2025-12-28T10:00:00,hist-v1-202512,30d
FC-0000819,FPS-0410,2026-01,RICE,283,121,199,xgb-v1.0,2025-12-28T10:00:00,hist-v1-202512,30d
FC-0000820,FPS-0410,2026-01,WHEAT,211,87,140,xgb-v1.0,2025-12-28T10:00:00,hist-v1-202512,30d
FC-0000821,FPS-0411,2026-01,RICE,200,112,154,xgb-v1.0,2025-12-28T10:00:00,hist-v1-202512,30d
FC-0000822,FPS-0411,2026-01,WHEAT,200,76,136,xgb-v1.0,2025-12-28T10:00:00,hist-v1-202512,30d
FC-0000823,FPS-0412,2026-01,RICE,247,145,198,xgb-v1.0,2025-12-28T10:00:00,hist-v1-202512,30d
FC-0000824,FPS-0412,2026-01,WHEAT,200,94,148,xgb-v1.0,2025-12-28T10:00:00,hist-v1-202512,30d
FC-0000825,FPS-0413,2026-01,RICE,200,93,140,xgb-v1.0,2025-12-28T10:00:00,hist-v1-202512,30d
FC-0000826,FPS-0413,2026-01,WHEAT,200,62,128,xgb-v1.0,2025-12-28T10:00:00,hist-v1-202512,30d
FC-0000827,FPS-0414,2026-01,RICE,271,138,203,xgb-v1.0,2025-12-28T10:00:00,hist-v1-202512,30d
FC-0000828,FPS-0414,2026-01,WHEAT,200,92,142,xgb-v1.0,2025-12-28T10:00:00,hist-v1-202512,30d
FC-0000829,FPS-0415,2026-01,RICE,220,161,191,xgb-v1.0,2025-12-28T10:00:00,hist-v1-202512,30d
FC-0000830,FPS-0415,2026-01,WHEAT,200,102,148,xgb-v1.0,2025-12-28T10:00:00,hist-v1-202512,30d
FC-0000831,FPS-0416,2026-01,RICE,200,77,133,xgb-v1.0,2025-12-28T10:00:00,hist-v1-202512,30d
FC-0000832,FPS-0416,2026-01,WHEAT,200,53,116,xgb-v1.0,2025-12-28T10:00:00,hist-v1-202512,30d
FC-0000833,FPS-0417,2026-01,RICE,180,127,149,xgb-v1.0,2025-12-28T10:00:00,hist-v1-202512,30d
FC-0000834,FPS-0417,2026-01,WHEAT,200,86,143,xgb-v1.0,2025-12-28T10:00:00,hist-v1-202512,30d
FC-0000835,FPS-0418,2026-01,RICE,263,155,206,xgb-v1.0,2025-12-28T10:00:00,hist-v1-202512,30d
FC-0000836,FPS-0418,2026-01,WHEAT,200,103,151,xgb-v1.0,2025-12-28T10:00:00,hist-v1-202512,30d
FC-0000837,FPS-0419,2026-01,RICE,255,197,218,xgb-v1.0,2025-12-28T10:00:00,hist-v1-202512,30d
FC-0000838,FPS-0419,2026-01,WHEAT,205,139,178,xgb-v1.0,2025-12-28T10:00:00,hist-v1-202512,30d
FC-0000839,FPS-0420,2026-01,RICE,237,190,217,xgb-v1.0,2025-12-28T10:00:00,hist-v1-202512,30d
FC-0000840,FPS-0420,2026-01,WHEAT,200,125,162,xgb-v1.0,2025-12-28T10:00:00,hist-v1-202512,30d
FC-0000841,FPS-0421,2026-01,RICE,264,118,184,xgb-v1.0,2025-12-28T10:00:00,hist-v1-202512,30d
FC-0000842,FPS-0421,2026-01,WHEAT,200,79,140,xgb-v1.0,2025-12-28T10:00:00,hist-v1-202512,30d
FC-0000843,FPS-0422,2026-01,RICE,200,119,160,xgb-v1.0,2025-12-28T10:00:00,hist-v1-202512,30d
FC-0000844,FPS-0422,2026-01,WHEAT,200,77,131,xgb-v1.0,2025-12-28T10:00:00,hist-v1-202512,30d
FC-0000845,FPS-0423,2026-01,RICE,200,126,166,xgb-v1.0,2025-12-28T10:00:00,hist-v1-202512,30d
FC-0000846,FPS-0423,2026-01,WHEAT,200,84,139,xgb-v1.0,2025-12-28T10:00:00,hist-v1-202512,30d
FC-0000847,FPS-0424,2026-01,RICE,232,156,199,xgb-v1.0,2025-12-28T10:00:00,hist-v1-202512,30d
FC-0000848,FPS-0424,2026-01,WHEAT,200,97,146,xgb-v1.0,2025-12-28T10:00:00,hist-v1-202512,30d
FC-0000849,FPS-0425,2026-01,RICE,200,127,166,xgb-v1.0,2025-12-28T10:00:00,hist-v1-202512,30d
FC-0000850,FPS-0425,2026-01,WHEAT,200,90,142,xgb-v1.0,2025-12-28T10:00:00,hist-v1-202512,30d
FC-0000851,FPS-0426,2026-01,RICE,251,179,218,xgb-v1.0,2025-12-28T10:00:00,hist-v1-202512,30d
FC-0000852,FPS-0426,2026-01,WHEAT,180,118,151,xgb-v1.0,2025-12-28T10:00:00,hist-v1-202512,30d
FC-0000853,FPS-0427,2026-01,RICE,200,97,147,xgb-v1.0,2025-12-28T10:00:00,hist-v1-202512,30d
FC-0000854,FPS-0427,2026-01,WHEAT,200,63,122,xgb-v1.0,2025-12-28T10:00:00,hist-v1-202512,30d
FC-0000855,FPS-0428,2026-01,RICE,200,76,135,xgb-v1.0,2025-12-28T10:00:00,hist-v1-202512,30d
FC-0000856,FPS-0428,2026-01,WHEAT,200,51,118,xgb-v1.0,2025-12-28T10:00:00,hist-v1-202512,30d
FC-0000857,FPS-0429,2026-01,RICE,200,91,148,xgb-v1.0,2025-12-28T10:00:00,hist-v1-202512,30d
FC-0000858,FPS-0429,2026-01,WHEAT,200,63,128,xgb-v1.0,2025-12-28T10:00:00,hist-v1-202512,30d
FC-0000859,FPS-0430,2026-01,RICE,202,135,163,xgb-v1.0,2025-12-28T10:00:00,hist-v1-202512,30d
FC-0000860,FPS-0430,2026-01,WHEAT,200,81,138,xgb-v1.0,2025-12-28T10:00:00,hist-v1-202512,30d
FC-0000861,FPS-0431,2026-01,RICE,200,48,123,xgb-v1.0,2025-12-28T10:00:00,hist-v1-202512,30d
FC-0000862,FPS-0431,2026-01,WHEAT,200,30,112,xgb-v1.0,2025-12-28T10:00:00,hist-v1-202512,30d
FC-0000863,FPS-0432,2026-01,RICE,331,242,299,xgb-v1.0,2025-12-28T10:00:00,hist-v1-202512,30d
FC-0000864,FPS-0432,2026-01,WHEAT,253,153,208,xgb-v1.0,2025-12-28T10:00:00,hist-v1-202512,30d
FC-0000865,FPS-0433,2026-01,RICE,200,111,157,xgb-v1.0,2025-12-28T10:00:00,hist-v1-202512,30d
FC-0000866,FPS-0433,2026-01,WHEAT,200,76,129,xgb-v1.0,2025-12-28T10:00:00,hist-v1-202512,30d
FC-0000867,FPS-0434,2026-01,RICE,248,179,209,xgb-v1.0,2025-12-28T10:00:00,hist-v1-202512,30d
FC-0000868,FPS-0434,2026-01,WHEAT,201,122,158,xgb-v1.0,2025-12-28T10:00:00,hist-v1-202512,30d
FC-0000869,FPS-0435,2026-01,RICE,220,159,185,xgb-v1.0,2025-12-28T10:00:00,hist-v1-202512,30d
FC-0000870,FPS-0435,2026-01,WHEAT,200,109,149,xgb-v1.0,2025-12-28T10:00:00,hist-v1-202512,30d
FC-0000871,FPS-0436,2026-01,RICE,200,75,132,xgb-v1.0,2025-12-28T10:00:00,hist-v1-202512,30d
FC-0000872,FPS-0436,2026-01,WHEAT,180,50,114,xgb-v1.0,2025-12-28T10:00:00,hist-v1-202512,30d
FC-0000873,FPS-0437,2026-01,RICE,200,110,153,xgb-v1.0,2025-12-28T10:00:00,hist-v1-202512,30d
FC-0000874,FPS-0437,2026-01,WHEAT,200,77,131,xgb-v1.0,2025-12-28T10:00:00,hist-v1-202512,30d
FC-0000875,FPS-0438,2026-01,RICE,200,125,158,xgb-v1.0,2025-12-28T10:00:00,hist-v1-202512,30d
FC-0000876,FPS-0438,2026-01,WHEAT,200,81,142,xgb-v1.0,2025-12-28T10:00:00,hist-v1-202512,30d
FC-0000877,FPS-0439,2026-01,RICE,244,160,209,xgb-v1.0,2025-12-28T10:00:00,hist-v1-202512,30d
FC-0000878,FPS-0439,2026-01,WHEAT,200,105,150,xgb-v1.0,2025-12-28T10:00:00,hist-v1-202512,30d
FC-0000879,FPS-0440,2026-01,RICE,200,123,156,xgb-v1.0,2025-12-28T10:00:00,hist-v1-202512,30d
FC-0000880,FPS-0440,2026-01,WHEAT,200,82,141,xgb-v1.0,2025-12-28T10:00:00,hist-v1-202512,30d
FC-0000881,FPS-0441,2026-01,RICE,297,136,212,xgb-v1.0,2025-12-28T10:00:00,hist-v1-202512,30d
FC-0000882,FPS-0441,2026-01,WHEAT,224,93,154,xgb-v1.0,2025-12-28T10:00:00,hist-v1-202512,30d
FC-0000883,FPS-0442,2026-01,RICE,200,100,147,xgb-v1.0,2025-12-28T10:00:00,hist-v1-202512,30d
FC-0000884,FPS-0442,2026-01,WHEAT,200,66,125,xgb-v1.0,2025-12-28T10:00:00,hist-v1-202512,30d
FC-0000885,FPS-0443,2026-01,RICE,180,114,145,xgb-v1.0,2025-12-28T10:00:00,hist-v1-202512,30d
FC-0000886,FPS-0443,2026-01,WHEAT,200,73,128,xgb-v1.0,2025-12-28T10:00:00,hist-v1-202512,30d
FC-0000887,FPS-0444,2026-01,RICE,200,80,131,xgb-v1.0,2025-12-28T10:00:00,hist-v1-202512,30d
FC-0000888,FPS-0444,2026-01,WHEAT,200,49,121,xgb-v1.0,2025-12-28T10:00:00,hist-v1-202512,30d
FC-0000889,FPS-0445,2026-01,RICE,200,122,154,xgb-v1.0,2025-12-28T10:00:00,hist-v1-202512,30d
FC-0000890,FPS-0445,2026-01,WHEAT,200,75,130,xgb-v1.0,2025-12-28T10:00:00,hist-v1-202512,30d
FC-0000891,FPS-0446,2026-01,RICE,200,121,158,xgb-v1.0,2025-12-28T10:00:00,hist-v1-202512,30d
FC-0000892,FPS-0446,2026-01,WHEAT,200,83,134,xgb-v1.0,2025-12-28T10:00:00,hist-v1-202512,30d
FC-0000893,FPS-0447,2026-01,RICE,200,66,130,xgb-v1.0,2025-12-28T10:00:00,hist-v1-202512,30d
FC-0000894,FPS-0447,2026-01,WHEAT,200,40,117,xgb-v1.0,2025-12-28T10:00:00,hist-v1-202512,30d
FC-0000895,FPS-0448,2026-01,RICE,200,138,167,xgb-v1.0,2025-12-28T10:00:00,hist-v1-202512,30d
FC-0000896,FPS-0448,2026-01,WHEAT,200,97,149,xgb-v1.0,2025-12-28T10:00:00,hist-v1-202512,30d
FC-0000897,FPS-0449,2026-01,RICE,200,97,149,xgb-v1.0,2025-12-28T10:00:00,hist-v1-202512,30d
FC-0000898,FPS-0449,2026-01,WHEAT,200,60,120,xgb-v1.0,2025-12-28T10:00:00,hist-v1-202512,30d
FC-0000899,FPS-0450,2026-01,RICE,200,59,120,xgb-v1.0,2025-12-28T10:00:00,hist-v1-202512,30d
FC-0000900,FPS-0450,2026-01,WHEAT,200,39,113,xgb-v1.0,2025-12-28T10:00:00,hist-v1-202512,30d
FC-0000901,FPS-0451,2026-01,RICE,266,129,191,xgb-v1.0,2025-12-28T10:00:00,hist-v1-202512,30d
FC-0000902,FPS-0451,2026-01,WHEAT,200,87,138,xgb-v1.0,2025-12-28T10:00:00,hist-v1-202512,30d
FC-0000903,FPS-0452,2026-01,RICE,215,149,180,xgb-v1.0,2025-12-28T10:00:00,hist-v1-202512,30d
FC-0000904,FPS-0452,2026-01,WHEAT,200,97,142,xgb-v1.0,2025-12-28T10:00:00,hist-v1-202512,30d
FC-0000905,FPS-0453,2026-01,RICE,200,115,155,xgb-v1.0,2025-12-28T10:00:00,hist-v1-202512,30d
FC-0000906,FPS-0453,2026-01,WHEAT,200,77,135,xgb-v1.0,2025-12-28T10:00:00,hist-v1-202512,30d
FC-0000907,FPS-0454,2026-01,RICE,217,137,179,xgb-v1.0,2025-12-28T10:00:00,hist-v1-202512,30d
FC-0000908,FPS-0454,2026-01,WHEAT,200,97,146,xgb-v1.0,2025-12-28T10:00:00,hist-v1-202512,30d
FC-0000909,FPS-0455,2026-01,RICE,202,164,181,xgb-v1.0,2025-12-28T10:00:00,hist-v1-202512,30d
FC-0000910,FPS-0455,2026-01,WHEAT,180,105,146,xgb-v1.0,2025-12-28T10:00:00,hist-v1-202512,30d
FC-0000911,FPS-0456,2026-01,RICE,200,138,169,xgb-v1.0,2025-12-28T10:00:00,hist-v1-202512,30d
FC-0000912,FPS-0456,2026-01,WHEAT,180,98,133,xgb-v1.0,2025-12-28T10:00:00,hist-v1-202512,30d
FC-0000913,FPS-0457,2026-01,RICE,226,156,198,xgb-v1.0,2025-12-28T10:00:00,hist-v1-202512,30d
FC-0000914,FPS-0457,2026-01,WHEAT,200,99,145,xgb-v1.0,2025-12-28T10:00:00,hist-v1-202512,30d
FC-0000915,FPS-0458,2026-01,RICE,200,115,156,xgb-v1.0,2025-12-28T10:00:00,hist-v1-202512,30d
FC-0000916,FPS-0458,2026-01,WHEAT,200,76,132,xgb-v1.0,2025-12-28T10:00:00,hist-v1-202512,30d
FC-0000917,FPS-0459,2026-01,RICE,214,173,193,xgb-v1.0,2025-12-28T10:00:00,hist-v1-202512,30d
FC-0000918,FPS-0459,2026-01,WHEAT,200,117,156,xgb-v1.0,2025-12-28T10:00:00,hist-v1-202512,30d
FC-0000919,FPS-0460,2026-01,RICE,200,129,163,xgb-v1.0,2025-12-28T10:00:00,hist-v1-202512,30d
FC-0000920,FPS-0460,2026-01,WHEAT,180,89,130,xgb-v1.0,2025-12-28T10:00:00,hist-v1-202512,30d
FC-0000921,FPS-0461,2026-01,RICE,234,132,185,xgb-v1.0,2025-12-28T10:00:00,hist-v1-202512,30d
FC-0000922,FPS-0461,2026-01,WHEAT,200,88,141,xgb-v1.0,2025-12-28T10:00:00,hist-v1-202512,30d
FC-0000923,FPS-0462,2026-01,RICE,200,65,126,xgb-v1.0,2025-12-28T10:00:00,hist-v1-202512,30d
FC-0000924,FPS-0462,2026-01,WHEAT,200,48,115,xgb-v1.0,2025-12-28T10:00:00,hist-v1-202512,30d
FC-0000925,FPS-0463,2026-01,RICE,262,143,200,xgb-v1.0,2025-12-28T10:00:00,hist-v1-202512,30d
FC-0000926,FPS-0463,2026-01,WHEAT,201,93,143,xgb-v1.0,2025-12-28T10:00:00,hist-v1-202512,30d
FC-0000927,FPS-0464,2026-01,RICE,204,138,174,xgb-v1.0,2025-12-28T10:00:00,hist-v1-202512,30d
FC-0000928,FPS-0464,2026-01,WHEAT,200,95,141,xgb-v1.0,2025-12-28T10:00:00,hist-v1-202512,30d
FC-0000929,FPS-0465,2026-01,RICE,200,149,168,xgb-v1.0,2025-12-28T10:00:00,hist-v1-202512,30d
FC-0000930,FPS-0465,2026-01,WHEAT,200,102,150,xgb-v1.0,2025-12-28T10:00:00,hist-v1-202512,30d
FC-0000931,FPS-0466,2026-01,RICE,200,165,181,xgb-v1.0,2025-12-28T10:00:00,hist-v1-202512,30d
FC-0000932,FPS-0466,2026-01,WHEAT,200,114,161,xgb-v1.0,2025-12-28T10:00:00,hist-v1-202512,30d
FC-0000933,FPS-0467,2026-01,RICE,200,39,114,xgb-v1.0,2025-12-28T10:00:00,hist-v1-202512,30d
FC-0000934,FPS-0467,2026-01,WHEAT,200,27,106,xgb-v1.0,2025-12-28T10:00:00,hist-v1-202512,30d
FC-0000935,FPS-0468,2026-01,RICE,202,110,150,xgb-v1.0,2025-12-28T10:00:00,hist-v1-202512,30d
FC-0000936,FPS-0468,2026-01,WHEAT,200,71,128,xgb-v1.0,2025-12-28T10:00:00,hist-v1-202512,30d
FC-0000937,FPS-0469,2026-01,RICE,200,142,169,xgb-v1.0,2025-12-28T10:00:00,hist-v1-202512,30d
FC-0000938,FPS-0469,2026-01,WHEAT,200,95,146,xgb-v1.0,2025-12-28T10:00:00,hist-v1-202512,30d
FC-0000939,FPS-0470,2026-01,RICE,295,172,240,xgb-v1.0,2025-12-28T10:00:00,hist-v1-202512,30d
FC-0000940,FPS-0470,2026-01,WHEAT,211,121,161,xgb-v1.0,2025-12-28T10:00:00,hist-v1-202512,30d
FC-0000941,FPS-0471,2026-01,RICE,200,132,160,xgb-v1.0,2025-12-28T10:00:00,hist-v1-202512,30d
FC-0000942,FPS-0471,2026-01,WHEAT,180,92,134,xgb-v1.0,2025-12-28T10:00:00,hist-v1-202512,30d
FC-0000943,FPS-0472,2026-01,RICE,254,184,222,xgb-v1.0,2025-12-28T10:00:00,hist-v1-202512,30d
FC-0000944,FPS-0472,2026-01,WHEAT,200,120,162,xgb-v1.0,2025-12-28T10:00:00,hist-v1-202512,30d
FC-0000945,FPS-0473,2026-01,RICE,203,134,164,xgb-v1.0,2025-12-28T10:00:00,hist-v1-202512,30d
FC-0000946,FPS-0473,2026-01,WHEAT,200,90,139,xgb-v1.0,2025-12-28T10:00:00,hist-v1-202512,30d
FC-0000947,FPS-0474,2026-01,RICE,200,138,162,xgb-v1.0,2025-12-28T10:00:00,hist-v1-202512,30d
FC-0000948,FPS-0474,2026-01,WHEAT,200,91,144,xgb-v1.0,2025-12-28T10:00:00,hist-v1-202512,30d
FC-0000949,FPS-0475,2026-01,RICE,237,174,203,xgb-v1.0,2025-12-28T10:00:00,hist-v1-202512,30d
FC-0000950,FPS-0475,2026-01,WHEAT,180,115,144,xgb-v1.0,2025-12-28T10:00:00,hist-v1-202512,30d
FC-0000951,FPS-0476,2026-01,RICE,200,109,150,xgb-v1.0,2025-12-28T10:00:00,hist-v1-202512,30d
FC-0000952,FPS-0476,2026-01,WHEAT,200,77,129,xgb-v1.0,2025-12-28T10:00:00,hist-v1-202512,30d
FC-0000953,FPS-0477,2026-01,RICE,230,132,182,xgb-v1.0,2025-12-28T10:00:00,hist-v1-202512,30d
FC-0000954,FPS-0477,2026-01,WHEAT,200,88,141,xgb-v1.0,2025-12-28T10:00:00,hist-v1-202512,30d
FC-0000955,FPS-0478,2026-01,RICE,200,116,150,xgb-v1.0,2025-12-28T10:00:00,hist-v1-202512,30d
FC-0000956,FPS-0478,2026-01,WHEAT,200,79,137,xgb-v1.0,2025-12-28T10:00:00,hist-v1-202512,30d
FC-0000957,FPS-0479,2026-01,RICE,217,164,188,xgb-v1.0,2025-12-28T10:00:00,hist-v1-202512,30d
FC-0000958,FPS-0479,2026-01,WHEAT,200,108,151,xgb-v1.0,2025-12-28T10:00:00,hist-v1-202512,30d
FC-0000959,FPS-0480,2026-01,RICE,200,105,145,xgb-v1.0,2025-12-28T10:00:00,hist-v1-202512,30d
FC-0000960,FPS-0480,2026-01,WHEAT,200,72,127,xgb-v1.0,2025-12-28T10:00:00,hist-v1-202512,30d
FC-0000961,FPS-0481,2026-01,RICE,204,116,161,xgb-v1.0,2025-12-28T10:00:00,hist-v1-202512,30d
FC-0000962,FPS-0481,2026-01,WHEAT,200,76,135,xgb-v1.0,2025-12-28T10:00:00,hist-v1-202512,30d
FC-0000963,FPS-0482,2026-01,RICE,160,125,146,xgb-v1.0,2025-12-28T10:00:00,hist-v1-202512,30d
FC-0000964,FPS-0482,2026-01,WHEAT,200,86,142,xgb-v1.0,2025-12-28T10:00:00,hist-v1-202512,30d
FC-0000965,FPS-0483,2026-01,RICE,200,86,141,xgb-v1.0,2025-12-28T10:00:00,hist-v1-202512,30d
FC-0000966,FPS-0483,2026-01,WHEAT,200,60,124,xgb-v1.0,2025-12-28T10:00:00,hist-v1-202512,30d
FC-0000967,FPS-0484,2026-01,RICE,200,131,170,xgb-v1.0,2025-12-28T10:00:00,hist-v1-202512,30d
FC-0000968,FPS-0484,2026-01,WHEAT,200,86,137,xgb-v1.0,2025-12-28T10:00:00,hist-v1-202512,30d
FC-0000969,FPS-0485,2026-01,RICE,200,118,153,xgb-v1.0,2025-12-28T10:00:00,hist-v1-202512,30d
FC-0000970,FPS-0485,2026-01,WHEAT,200,79,140,xgb-v1.0,2025-12-28T10:00:00,hist-v1-202512,30d
FC-0000971,FPS-0486,2026-01,RICE,217,162,194,xgb-v1.0,2025-12-28T10:00:00,hist-v1-202512,30d
FC-0000972,FPS-0486,2026-01,WHEAT,200,104,154,xgb-v1.0,2025-12-28T10:00:00,hist-v1-202512,30d
FC-0000973,FPS-0487,2026-01,RICE,200,73,132,xgb-v1.0,2025-12-28T10:00:00,hist-v1-202512,30d
FC-0000974,FPS-0487,2026-01,WHEAT,200,46,120,xgb-v1.0,2025-12-28T10:00:00,hist-v1-202512,30d
FC-0000975,FPS-0488,2026-01,RICE,200,69,132,xgb-v1.0,2025-12-28T10:00:00,hist-v1-202512,30d
FC-0000976,FPS-0488,2026-01,WHEAT,200,42,112,xgb-v1.0,2025-12-28T10:00:00,hist-v1-202512,30d
FC-0000977,FPS-0489,2026-01,RICE,221,146,188,xgb-v1.0,2025-12-28T10:00:00,hist-v1-202512,30d
FC-0000978,FPS-0489,2026-01,WHEAT,200,99,152,xgb-v1.0,2025-12-28T10:00:00,hist-v1-202512,30d
FC-0000979,FPS-0490,2026-01,RICE,224,146,180,xgb-v1.0,2025-12-28T10:00:00,hist-v1-202512,30d
FC-0000980,FPS-0490,2026-01,WHEAT,200,94,145,xgb-v1.0,2025-12-28T10:00:00,hist-v1-202512,30d
FC-0000981,FPS-0491,2026-01,RICE,237,156,189,xgb-v1.0,2025-12-28T10:00:00,hist-v1-202512,30d
FC-0000982,FPS-0491,2026-01,WHEAT,200,94,141,xgb-v1.0,2025-12-28T10:00:00,hist-v1-202512,30d
FC-0000983,FPS-0492,2026-01,RICE,292,214,254,xgb-v1.0,2025-12-28T10:00:00,hist-v1-202512,30d
FC-0000984,FPS-0492,2026-01,WHEAT,217,152,191,xgb-v1.0,2025-12-28T10:00:00,hist-v1-202512,30d
FC-0000985,FPS-0493,2026-01,RICE,201,109,150,xgb-v1.0,2025-12-28T10:00:00,hist-v1-202512,30d
FC-0000986,FPS-0493,2026-01,WHEAT,200,72,129,xgb-v1.0,2025-12-28T10:00:00,hist-v1-202512,30d
FC-0000987,FPS-0494,2026-01,RICE,200,73,134,xgb-v1.0,2025-12-28T10:00:00,hist-v1-202512,30d
FC-0000988,FPS-0494,2026-01,WHEAT,200,47,120,xgb-v1.0,2025-12-28T10:00:00,hist-v1-202512,30d
FC-0000989,FPS-0495,2026-01,RICE,200,68,131,xgb-v1.0,2025-12-28T10:00:00,hist-v1-202512,30d
FC-0000990,FPS-0495,2026-01,WHEAT,200,45,115,xgb-v1.0,2025-12-28T10:00:00,hist-v1-202512,30d
FC-0000991,FPS-0496,2026-01,RICE,200,113,157,xgb-v1.0,2025-12-28T10:00:00,hist-v1-202512,30d
FC-0000992,FPS-0496,2026-01,WHEAT,200,73,129,xgb-v1.0,2025-12-28T10:00:00,hist-v1-202512,30d
FC-0000993,FPS-0497,2026-01,RICE,214,186,209,xgb-v1.0,2025-12-28T10:00:00,hist-v1-202512,30d
FC-0000994,FPS-0497,2026-01,WHEAT,180,120,149,xgb-v1.0,2025-12-28T10:00:00,hist-v1-202512,30d
FC-0000995,FPS-0498,2026-01,RICE,221,126,167,xgb-v1.0,2025-12-28T10:00:00,hist-v1-202512,30d
FC-0000996,FPS-0498,2026-01,WHEAT,200,85,136,xgb-v1.0,2025-12-28T10:00:00,hist-v1-202512,30d
FC-0000997,FPS-0499,2026-01,RICE,277,167,223,xgb-v1.0,2025-12-28T10:00:00,hist-v1-202512,30d
FC-0000998,FPS-0499,2026-01,WHEAT,200,121,156,xgb-v1.0,2025-12-28T10:00:00,hist-v1-202512,30d
FC-0000999,FPS-0500,2026-01,RICE,200,123,163,xgb-v1.0,2025-12-28T10:00:00,hist-v1-202512,30d
FC-0001000,FPS-0500,2026-01,WHEAT,200,78,133,xgb-v1.0,2025-12-28T10:00:00,hist-v1-202512,30d
FC-0001001,FPS-0501,2026-01,RICE,180,132,155,xgb-v1.0,2025-12-28T10:00:00,hist-v1-202512,30d
FC-0001002,FPS-0501,2026-01,WHEAT,200,87,141,xgb-v1.0,2025-12-28T10:00:00,hist-v1-202512,30d
FC-0001003,FPS-0502,2026-01,RICE,239,162,198,xgb-v1.0,2025-12-28T10:00:00,hist-v1-202512,30d
FC-0001004,FPS-0502,2026-01,WHEAT,200,111,154,xgb-v1.0,2025-12-28T10:00:00,hist-v1-202512,30d
FC-0001005,FPS-0503,2026-01,RICE,228,41,122,xgb-v1.0,2025-12-28T10:00:00,hist-v1-202512,30d
FC-0001006,FPS-0503,2026-01,WHEAT,200,24,105,xgb-v1.0,2025-12-28T10:00:00,hist-v1-202512,30d
FC-0001007,FPS-0504,2026-01,RICE,200,108,154,xgb-v1.0,2025-12-28T10:00:00,hist-v1-202512,30d
FC-0001008,FPS-0504,2026-01,WHEAT,180,75,127,xgb-v1.0,2025-12-28T10:00:00,hist-v1-202512,30d
FC-0001009,FPS-0505,2026-01,RICE,201,114,153,xgb-v1.0,2025-12-28T10:00:00,hist-v1-202512,30d
FC-0001010,FPS-0505,2026-01,WHEAT,200,78,137,xgb-v1.0,2025-12-28T10:00:00,hist-v1-202512,30d
FC-0001011,FPS-0506,2026-01,RICE,200,77,138,xgb-v1.0,2025-12-28T10:00:00,hist-v1-202512,30d
FC-0001012,FPS-0506,2026-01,WHEAT,200,49,116,xgb-v1.0,2025-12-28T10:00:00,hist-v1-202512,30d
FC-0001013,FPS-0507,2026-01,RICE,200,88,142,xgb-v1.0,2025-12-28T10:00:00,hist-v1-202512,30d
FC-0001014,FPS-0507,2026-01,WHEAT,200,60,124,xgb-v1.0,2025-12-28T10:00:00,hist-v1-202512,30d
FC-0001015,FPS-0508,2026-01,RICE,250,192,219,xgb-v1.0,2025-12-28T10:00:00,hist-v1-202512,30d
FC-0001016,FPS-0508,2026-01,WHEAT,200,133,169,xgb-v1.0,2025-12-28T10:00:00,hist-v1-202512,30d
FC-0001017,FPS-0509,2026-01,RICE,204,131,170,xgb-v1.0,2025-12-28T10:00:00,hist-v1-202512,30d
FC-0001018,FPS-0509,2026-01,WHEAT,200,85,142,xgb-v1.0,2025-12-28T10:00:00,hist-v1-202512,30d
FC-0001019,FPS-0510,2026-01,RICE,200,105,153,xgb-v1.0,2025-12-28T10:00:00,hist-v1-202512,30d
FC-0001020,FPS-0510,2026-01,WHEAT,200,79,131,xgb-v1.0,2025-12-28T10:00:00,hist-v1-202512,30d
FC-0001021,FPS-0511,2026-01,RICE,200,136,163,xgb-v1.0,2025-12-28T10:00:00,hist-v1-202512,30d
FC-0001022,FPS-0511,2026-01,WHEAT,200,91,140,xgb-v1.0,2025-12-28T10:00:00,hist-v1-202512,30d
FC-0001023,FPS-0512,2026-01,RICE,180,109,148,xgb-v1.0,2025-12-28T10:00:00,hist-v1-202512,30d
FC-0001024,FPS-0512,2026-01,WHEAT,200,74,138,xgb-v1.0,2025-12-28T10:00:00,hist-v1-202512,30d
FC-0001025,FPS-0513,2026-01,RICE,200,100,152,xgb-v1.0,2025-12-28T10:00:00,hist-v1-202512,30d
FC-0001026,FPS-0513,2026-01,WHEAT,200,68,134,xgb-v1.0,2025-12-28T10:00:00,hist-v1-202512,30d
FC-0001027,FPS-0514,2026-01,RICE,200,40,115,xgb-v1.0,2025-12-28T10:00:00,hist-v1-202512,30d
FC-0001028,FPS-0514,2026-01,WHEAT,200,29,108,xgb-v1.0,2025-12-28T10:00:00,hist-v1-202512,30d
FC-0001029,FPS-0515,2026-01,RICE,200,58,124,xgb-v1.0,2025-12-28T10:00:00,hist-v1-202512,30d
FC-0001030,FPS-0515,2026-01,WHEAT,200,37,112,xgb-v1.0,2025-12-28T10:00:00,hist-v1-202512,30d
FC-0001031,FPS-0516,2026-01,RICE,200,103,154,xgb-v1.0,2025-12-28T10:00:00,hist-v1-202512,30d
FC-0001032,FPS-0516,2026-01,WHEAT,200,74,137,xgb-v1.0,2025-12-28T10:00:00,hist-v1-202512,30d
FC-0001033,FPS-0517,2026-01,RICE,200,97,147,xgb-v1.0,2025-12-28T10:00:00,hist-v1-202512,30d
FC-0001034,FPS-0517,2026-01,WHEAT,200,65,133,xgb-v1.0,2025-12-28T10:00:00,hist-v1-202512,30d
FC-0001035,FPS-0518,2026-01,RICE,200,106,149,xgb-v1.0,2025-12-28T10:00:00,hist-v1-202512,30d
FC-0001036,FPS-0518,2026-01,WHEAT,200,69,131,xgb-v1.0,2025-12-28T10:00:00,hist-v1-202512,30d
FC-0001037,FPS-0519,2026-01,RICE,201,141,175,xgb-v1.0,2025-12-28T10:00:00,hist-v1-202512,30d
FC-0001038,FPS-0519,2026-01,WHEAT,200,99,148,xgb-v1.0,2025-12-28T10:00:00,hist-v1-202512,30d
FC-0001039,FPS-0520,2026-01,RICE,200,83,136,xgb-v1.0,2025-12-28T10:00:00,hist-v1-202512,30d
FC-0001040,FPS-0520,2026-01,WHEAT,200,61,123,xgb-v1.0,2025-12-28T10:00:00,hist-v1-202512,30d
FC-0001041,FPS-0521,2026-01,RICE,235,137,191,xgb-v1.0,2025-12-28T10:00:00,hist-v1-202512,30d
FC-0001042,FPS-0521,2026-01,WHEAT,200,94,142,xgb-v1.0,2025-12-28T10:00:00,hist-v1-202512,30d
FC-0001043,FPS-0522,2026-01,RICE,239,133,191,xgb-v1.0,2025-12-28T10:00:00,hist-v1-202512,30d
FC-0001044,FPS-0522,2026-01,WHEAT,200,94,149,xgb-v1.0,2025-12-28T10:00:00,hist-v1-202512,30d
FC-0001045,FPS-0523,2026-01,RICE,215,130,177,xgb-v1.0,2025-12-28T10:00:00,hist-v1-202512,30d
FC-0001046,FPS-0523,2026-01,WHEAT,200,93,149,xgb-v1.0,2025-12-28T10:00:00,hist-v1-202512,30d
FC-0001047,FPS-0524,2026-01,RICE,200,65,125,xgb-v1.0,2025-12-28T10:00:00,hist-v1-202512,30d
FC-0001048,FPS-0524,2026-01,WHEAT,200,42,118,xgb-v1.0,2025-12-28T10:00:00,hist-v1-202512,30d
FC-0001049,FPS-0525,2026-01,RICE,200,64,124,xgb-v1.0,2025-12-28T10:00:00,hist-v1-202512,30d
FC-0001050,FPS-0525,2026-01,WHEAT,200,46,120,xgb-v1.0,2025-12-28T10:00:00,hist-v1-202512,30d
FC-0001051,FPS-0526,2026-01,RICE,205,101,154,xgb-v1.0,2025-12-28T10:00:00,hist-v1-202512,30d
FC-0001052,FPS-0526,2026-01,WHEAT,200,71,130,xgb-v1.0,2025-12-28T10:00:00,hist-v1-202512,30d
FC-0001053,FPS-0527,2026-01,RICE,200,137,173,xgb-v1.0,2025-12-28T10:00:00,hist-v1-202512,30d
FC-0001054,FPS-0527,2026-01,WHEAT,200,87,144,xgb-v1.0,2025-12-28T10:00:00,hist-v1-202512,30d
FC-0001055,FPS-0528,2026-01,RICE,206,105,149,xgb-v1.0,2025-12-28T10:00:00,hist-v1-202512,30d
FC-0001056,FPS-0528,2026-01,WHEAT,200,75,137,xgb-v1.0,2025-12-28T10:00:00,hist-v1-202512,30d
FC-0001057,FPS-0529,2026-01,RICE,279,199,247,xgb-v1.0,2025-12-28T10:00:00,hist-v1-202512,30d
FC-0001058,FPS-0529,2026-01,WHEAT,205,128,167,xgb-v1.0,2025-12-28T10:00:00,hist-v1-202512,30d
FC-0001059,FPS-0530,2026-01,RICE,204,161,186,xgb-v1.0,2025-12-28T10:00:00,hist-v1-202512,30d
FC-0001060,FPS-0530,2026-01,WHEAT,200,108,148,xgb-v1.0,2025-12-28T10:00:00,hist-v1-202512,30d
FC-0001061,FPS-0531,2026-01,RICE,200,135,173,xgb-v1.0,2025-12-28T10:00:00,hist-v1-202512,30d
FC-0001062,FPS-0531,2026-01,WHEAT,200,94,143,xgb-v1.0,2025-12-28T10:00:00,hist-v1-202512,30d
FC-0001063,FPS-0532,2026-01,RICE,200,89,141,xgb-v1.0,2025-12-28T10:00:00,hist-v1-202512,30d
FC-0001064,FPS-0532,2026-01,WHEAT,200,58,125,xgb-v1.0,2025-12-28T10:00:00,hist-v1-202512,30d
FC-0001065,FPS-0533,2026-01,RICE,229,123,174,xgb-v1.0,2025-12-28T10:00:00,hist-v1-202512,30d
FC-0001066,FPS-0533,2026-01,WHEAT,200,84,143,xgb-v1.0,2025-12-28T10:00:00,hist-v1-202512,30d
FC-0001067,FPS-0534,2026-01,RICE,200,76,138,xgb-v1.0,2025-12-28T10:00:00,hist-v1-202512,30d
FC-0001068,FPS-0534,2026-01,WHEAT,200,53,120,xgb-v1.0,2025-12-28T10:00:00,hist-v1-202512,30d
FC-0001069,FPS-0535,2026-01,RICE,210,172,199,xgb-v1.0,2025-12-28T10:00:00,hist-v1-202512,30d
FC-0001070,FPS-0535,2026-01,WHEAT,200,115,155,xgb-v1.0,2025-12-28T10:00:00,hist-v1-202512,30d
FC-0001071,FPS-0536,2026-01,RICE,180,132,154,xgb-v1.0,2025-12-28T10:00:00,hist-v1-202512,30d
FC-0001072,FPS-0536,2026-01,WHEAT,200,84,142,xgb-v1.0,2025-12-28T10:00:00,hist-v1-202512,30d
FC-0001073,FPS-0537,2026-01,RICE,200,106,149,xgb-v1.0,2025-12-28T10:00:00,hist-v1-202512,30d
FC-0001074,FPS-0537,2026-01,WHEAT,200,72,135,xgb-v1.0,2025-12-28T10:00:00,hist-v1-202512,30d
FC-0001075,FPS-0538,2026-01,RICE,200,109,154,xgb-v1.0,2025-12-28T10:00:00,hist-v1-202512,30d
FC-0001076,FPS-0538,2026-01,WHEAT,200,71,126,xgb-v1.0,2025-12-28T10:00:00,hist-v1-202512,30d
FC-0001077,FPS-0539,2026-01,RICE,210,155,189,xgb-v1.0,2025-12-28T10:00:00,hist-v1-202512,30d
FC-0001078,FPS-0539,2026-01,WHEAT,200,111,158,xgb-v1.0,2025-12-28T10:00:00,hist-v1-202512,30d
FC-0001079,FPS-0540,2026-01,RICE,200,74,132,xgb-v1.0,2025-12-28T10:00:00,hist-v1-202512,30d
FC-0001080,FPS-0540,2026-01,WHEAT,200,52,117,xgb-v1.0,2025-12-28T10:00:00,hist-v1-202512,30d
FC-0001081,FPS-0541,2026-01,RICE,200,123,160,xgb-v1.0,2025-12-28T10:00:00,hist-v1-202512,30d
FC-0001082,FPS-0541,2026-01,WHEAT,200,83,142,xgb-v1.0,2025-12-28T10:00:00,hist-v1-202512,30d
FC-0001083,FPS-0542,2026-01,RICE,200,114,159,xgb-v1.0,2025-12-28T10:00:00,hist-v1-202512,30d
FC-0001084,FPS-0542,2026-01,WHEAT,200,77,140,xgb-v1.0,2025-12-28T10:00:00,hist-v1-202512,30d
FC-0001085,FPS-0543,2026-01,RICE,200,126,159,xgb-v1.0,2025-12-28T10:00:00,hist-v1-202512,30d
FC-0001086,FPS-0543,2026-01,WHEAT,200,77,135,xgb-v1.0,2025-12-28T10:00:00,hist-v1-202512,30d
FC-0001087,FPS-0544,2026-01,RICE,200,84,143,xgb-v1.0,2025-12-28T10:00:00,hist-v1-202512,30d
FC-0001088,FPS-0544,2026-01,WHEAT,200,53,117,xgb-v1.0,2025-12-28T10:00:00,hist-v1-202512,30d
FC-0001089,FPS-0545,2026-01,RICE,200,62,122,xgb-v1.0,2025-12-28T10:00:00,hist-v1-202512,30d
FC-0001090,FPS-0545,2026-01,WHEAT,200,44,114,xgb-v1.0,2025-12-28T10:00:00,hist-v1-202512,30d
FC-0001091,FPS-0546,2026-01,RICE,268,207,244,xgb-v1.0,2025-12-28T10:00:00,hist-v1-202512,30d
FC-0001092,FPS-0546,2026-01,WHEAT,200,139,169,xgb-v1.0,2025-12-28T10:00:00,hist-v1-202512,30d
FC-0001093,FPS-0547,2026-01,RICE,200,76,131,xgb-v1.0,2025-12-28T10:00:00,hist-v1-202512,30d
FC-0001094,FPS-0547,2026-01,WHEAT,200,49,117,xgb-v1.0,2025-12-28T10:00:00,hist-v1-202512,30d
FC-0001095,FPS-0548,2026-01,RICE,200,146,171,xgb-v1.0,2025-12-28T10:00:00,hist-v1-202512,30d
FC-0001096,FPS-0548,2026-01,WHEAT,200,94,144,xgb-v1.0,2025-12-28T10:00:00,hist-v1-202512,30d
FC-0001097,FPS-0549,2026-01,RICE,241,190,221,xgb-v1.0,2025-12-28T10:00:00,hist-v1-202512,30d
FC-0001098,FPS-0549,2026-01,WHEAT,200,130,164,xgb-v1.0,2025-12-28T10:00:00,hist-v1-202512,30d
FC-0001099,FPS-0550,2026-01,RICE,200,71,132,xgb-v1.0,2025-12-28T10:00:00,hist-v1-202512,30d
FC-0001100,FPS-0550,2026-01,WHEAT,180,49,109,xgb-v1.0,2025-12-28T10:00:00,hist-v1-202512,30d
FC-0001101,FPS-0551,2026-01,RICE,200,83,136,xgb-v1.0,2025-12-28T10:00:00,hist-v1-202512,30d
FC-0001102,FPS-0551,2026-01,WHEAT,200,55,120,xgb-v1.0,2025-12-28T10:00:00,hist-v1-202512,30d
FC-0001103,FPS-0552,2026-01,RICE,200,60,128,xgb-v1.0,2025-12-28T10:00:00,hist-v1-202512,30d
FC-0001104,FPS-0552,2026-01,WHEAT,200,44,120,xgb-v1.0,2025-12-28T10:00:00,hist-v1-202512,30d
FC-0001105,FPS-0553,2026-01,RICE,275,169,220,xgb-v1.0,2025-12-28T10:00:00,hist-v1-202512,30d
FC-0001106,FPS-0553,2026-01,WHEAT,204,114,157,xgb-v1.0,2025-12-28T10:00:00,hist-v1-202512,30d
FC-0001107,FPS-0554,2026-01,RICE,200,79,138,xgb-v1.0,2025-12-28T10:00:00,hist-v1-202512,30d
FC-0001108,FPS-0554,2026-01,WHEAT,200,54,124,xgb-v1.0,2025-12-28T10:00:00,hist-v1-202512,30d
FC-0001109,FPS-0555,2026-01,RICE,264,158,217,xgb-v1.0,2025-12-28T10:00:00,hist-v1-202512,30d
FC-0001110,FPS-0555,2026-01,WHEAT,202,107,158,xgb-v1.0,2025-12-28T10:00:00,hist-v1-202512,30d
FC-0001111,FPS-0556,2026-01,RICE,231,127,180,xgb-v1.0,2025-12-28T10:00:00,hist-v1-202512,30d
FC-0001112,FPS-0556,2026-01,WHEAT,200,80,137,xgb-v1.0,2025-12-28T10:00:00,hist-v1-202512,30d
FC-0001113,FPS-0557,2026-01,RICE,229,111,168,xgb-v1.0,2025-12-28T10:00:00,hist-v1-202512,30d
FC-0001114,FPS-0557,2026-01,WHEAT,200,73,128,xgb-v1.0,2025-12-28T10:00:00,hist-v1-202512,30d
FC-0001115,FPS-0558,2026-01,RICE,295,208,245,xgb-v1.0,2025-12-28T10:00:00,hist-v1-202512,30d
FC-0001116,FPS-0558,2026-01,WHEAT,210,136,166,xgb-v1.0,2025-12-28T10:00:00,hist-v1-202512,30d
FC-0001117,FPS-0559,2026-01,RICE,160,109,138,xgb-v1.0,2025-12-28T10:00:00,hist-v1-202512,30d
FC-0001118,FPS-0559,2026-01,WHEAT,180,66,118,xgb-v1.0,2025-12-28T10:00:00,hist-v1-202512,30d
FC-0001119,FPS-0560,2026-01,RICE,262,195,236,xgb-v1.0,2025-12-28T10:00:00,hist-v1-202512,30d
FC-0001120,FPS-0560,2026-01,WHEAT,204,138,175,xgb-v1.0,2025-12-28T10:00:00,hist-v1-202512,30d
FC-0001121,FPS-0561,2026-01,RICE,200,106,154,xgb-v1.0,2025-12-28T10:00:00,hist-v1-202512,30d
FC-0001122,FPS-0561,2026-01,WHEAT,200,72,127,xgb-v1.0,2025-12-28T10:00:00,hist-v1-202512,30d
FC-0001123,FPS-0562,2026-01,RICE,270,221,249,xgb-v1.0,2025-12-28T10:00:00,hist-v1-202512,30d
FC-0001124,FPS-0562,2026-01,WHEAT,204,145,177,xgb-v1.0,2025-12-28T10:00:00,hist-v1-202512,30d
FC-0001125,FPS-0563,2026-01,RICE,341,189,253,xgb-v1.0,2025-12-28T10:00:00,hist-v1-202512,30d
FC-0001126,FPS-0563,2026-01,WHEAT,243,121,185,xgb-v1.0,2025-12-28T10:00:00,hist-v1-202512,30d
FC-0001127,FPS-0564,2026-01,RICE,200,41,111,xgb-v1.0,2025-12-28T10:00:00,hist-v1-202512,30d
FC-0001128,FPS-0564,2026-01,WHEAT,200,30,110,xgb-v1.0,2025-12-28T10:00:00,hist-v1-202512,30d
FC-0001129,FPS-0565,2026-01,RICE,202,83,142,xgb-v1.0,2025-12-28T10:00:00,hist-v1-202512,30d
FC-0001130,FPS-0565,2026-01,WHEAT,200,57,120,xgb-v1.0,2025-12-28T10:00:00,hist-v1-202512,30d
FC-0001131,FPS-0566,2026-01,RICE,200,100,142,xgb-v1.0,2025-12-28T10:00:00,hist-v1-202512,30d
FC-0001132,FPS-0566,2026-01,WHEAT,200,71,135,xgb-v1.0,2025-12-28T10:00:00,hist-v1-202512,30d
FC-0001133,FPS-0567,2026-01,RICE,200,77,137,xgb-v1.0,2025-12-28T10:00:00,hist-v1-202512,30d
FC-0001134,FPS-0567,2026-01,WHEAT,200,49,115,xgb-v1.0,2025-12-28T10:00:00,hist-v1-202512,30d
FC-0001135,FPS-0568,2026-01,RICE,289,178,233,xgb-v1.0,2025-12-28T10:00:00,hist-v1-202512,30d
FC-0001136,FPS-0568,2026-01,WHEAT,200,117,153,xgb-v1.0,2025-12-28T10:00:00,hist-v1-202512,30d
FC-0001137,FPS-0569,2026-01,RICE,255,128,186,xgb-v1.0,2025-12-28T10:00:00,hist-v1-202512,30d
FC-0001138,FPS-0569,2026-01,WHEAT,180,87,130,xgb-v1.0,2025-12-28T10:00:00,hist-v1-202512,30d
FC-0001139,FPS-0570,2026-01,RICE,200,43,118,xgb-v1.0,2025-12-28T10:00:00,hist-v1-202512,30d
FC-0001140,FPS-0570,2026-01,WHEAT,200,29,107,xgb-v1.0,2025-12-28T10:00:00,hist-v1-202512,30d
FC-0001141,FPS-0571,2026-01,RICE,200,93,139,xgb-v1.0,2025-12-28T10:00:00,hist-v1-202512,30d
FC-0001142,FPS-0571,2026-01,WHEAT,200,69,129,xgb-v1.0,2025-12-28T10:00:00,hist-v1-202512,30d
FC-0001143,FPS-0572,2026-01,RICE,277,196,245,xgb-v1.0,2025-12-28T10:00:00,hist-v1-202512,30d
FC-0001144,FPS-0572,2026-01,WHEAT,201,134,162,xgb-v1.0,2025-12-28T10:00:00,hist-v1-202512,30d
FC-0001145,FPS-0573,2026-01,RICE,200,64,124,xgb-v1.0,2025-12-28T10:00:00,hist-v1-202512,30d
FC-0001146,FPS-0573,2026-01,WHEAT,200,41,113,xgb-v1.0,2025-12-28T10:00:00,hist-v1-202512,30d
FC-0001147,FPS-0574,2026-01,RICE,227,158,193,xgb-v1.0,2025-12-28T10:00:00,hist-v1-202512,30d
FC-0001148,FPS-0574,2026-01,WHEAT,200,104,151,xgb-v1.0,2025-12-28T10:00:00,hist-v1-202512,30d
FC-0001149,FPS-0575,2026-01,RICE,271,190,237,xgb-v1.0,2025-12-28T10:00:00,hist-v1-202512,30d
FC-0001150,FPS-0575,2026-01,WHEAT,221,121,166,xgb-v1.0,2025-12-28T10:00:00,hist-v1-202512,30d
FC-0001151,FPS-0576,2026-01,RICE,200,105,154,xgb-v1.0,2025-12-28T10:00:00,hist-v1-202512,30d
FC-0001152,FPS-0576,2026-01,WHEAT,200,79,134,xgb-v1.0,2025-12-28T10:00:00,hist-v1-202512,30d
FC-0001153,FPS-0577,2026-01,RICE,200,99,150,xgb-v1.0,2025-12-28T10:00:00,hist-v1-202512,30d
FC-0001154,FPS-0577,2026-01,WHEAT,200,65,133,xgb-v1.0,2025-12-28T10:00:00,hist-v1-202512,30d
FC-0001155,FPS-0578,2026-01,RICE,200,113,155,xgb-v1.0,2025-12-28T10:00:00,hist-v1-202512,30d
FC-0001156,FPS-0578,2026-01,WHEAT,200,74,130,xgb-v1.0,2025-12-28T10:00:00,hist-v1-202512,30d
FC-0001157,FPS-0579,2026-01,RICE,200,75,135,xgb-v1.0,2025-12-28T10:00:00,hist-v1-202512,30d
FC-0001158,FPS-0579,2026-01,WHEAT,200,58,129,xgb-v1.0,2025-12-28T10:00:00,hist-v1-202512,30d
FC-0001159,FPS-0580,2026-01,RICE,246,215,237,xgb-v1.0,2025-12-28T10:00:00,hist-v1-202512,30d
FC-0001160,FPS-0580,2026-01,WHEAT,180,144,168,xgb-v1.0,2025-12-28T10:00:00,hist-v1-202512,30d
FC-0001161,FPS-0581,2026-01,RICE,204,191,199,xgb-v1.0,2025-12-28T10:00:00,hist-v1-202512,30d
FC-0001162,FPS-0581,2026-01,WHEAT,200,124,167,xgb-v1.0,2025-12-28T10:00:00,hist-v1-202512,30d
FC-0001163,FPS-0582,2026-01,RICE,200,54,118,xgb-v1.0,2025-12-28T10:00:00,hist-v1-202512,30d
FC-0001164,FPS-0582,2026-01,WHEAT,200,38,114,xgb-v1.0,2025-12-28T10:00:00,hist-v1-202512,30d
FC-0001165,FPS-0583,2026-01,RICE,200,99,145,xgb-v1.0,2025-12-28T10:00:00,hist-v1-202512,30d
FC-0001166,FPS-0583,2026-01,WHEAT,200,65,128,xgb-v1.0,2025-12-28T10:00:00,hist-v1-202512,30d
FC-0001167,FPS-0584,2026-01,RICE,200,57,119,xgb-v1.0,2025-12-28T10:00:00,hist-v1-202512,30d
FC-0001168,FPS-0584,2026-01,WHEAT,200,41,117,xgb-v1.0,2025-12-28T10:00:00,hist-v1-202512,30d
FC-0001169,FPS-0585,2026-01,RICE,200,105,153,xgb-v1.0,2025-12-28T10:00:00,hist-v1-202512,30d
FC-0001170,FPS-0585,2026-01,WHEAT,200,68,127,xgb-v1.0,2025-12-28T10:00:00,hist-v1-202512,30d
FC-0001171,FPS-0586,2026-01,RICE,200,101,153,xgb-v1.0,2025-12-28T10:00:00,hist-v1-202512,30d
FC-0001172,FPS-0586,2026-01,WHEAT,200,72,129,xgb-v1.0,2025-12-28T10:00:00,hist-v1-202512,30d
FC-0001173,FPS-0587,2026-01,RICE,223,137,177,xgb-v1.0,2025-12-28T10:00:00,hist-v1-202512,30d
FC-0001174,FPS-0587,2026-01,WHEAT,200,90,145,xgb-v1.0,2025-12-28T10:00:00,hist-v1-202512,30d
FC-0001175,FPS-0588,2026-01,RICE,214,139,175,xgb-v1.0,2025-12-28T10:00:00,hist-v1-202512,30d
FC-0001176,FPS-0588,2026-01,WHEAT,200,97,143,xgb-v1.0,2025-12-28T10:00:00,hist-v1-202512,30d
FC-0001177,FPS-0589,2026-01,RICE,200,91,143,xgb-v1.0,2025-12-28T10:00:00,hist-v1-202512,30d
FC-0001178,FPS-0589,2026-01,WHEAT,200,70,133,xgb-v1.0,2025-12-28T10:00:00,hist-v1-202512,30d
FC-0001179,FPS-0590,2026-01,RICE,200,160,188,xgb-v1.0,2025-12-28T10:00:00,hist-v1-202512,30d
FC-0001180,FPS-0590,2026-01,WHEAT,200,107,149,xgb-v1.0,2025-12-28T10:00:00,hist-v1-202512,30d
FC-0001181,FPS-0591,2026-01,RICE,200,100,147,xgb-v1.0,2025-12-28T10:00:00,hist-v1-202512,30d
FC-0001182,FPS-0591,2026-01,WHEAT,200,73,134,xgb-v1.0,2025-12-28T10:00:00,hist-v1-202512,30d
FC-0001183,FPS-0592,2026-01,RICE,208,104,155,xgb-v1.0,2025-12-28T10:00:00,hist-v1-202512,30d
FC-0001184,FPS-0592,2026-01,WHEAT,200,70,130,xgb-v1.0,2025-12-28T10:00:00,hist-v1-202512,30d
FC-0001185,FPS-0593,2026-01,RICE,305,176,243,xgb-v1.0,2025-12-28T10:00:00,hist-v1-202512,30d
FC-0001186,FPS-0593,2026-01,WHEAT,232,129,172,xgb-v1.0,2025-12-28T10:00:00,hist-v1-202512,30d
FC-0001187,FPS-0594,2026-01,RICE,206,154,187,xgb-v1.0,2025-12-28T10:00:00,hist-v1-202512,30d
FC-0001188,FPS-0594,2026-01,WHEAT,200,98,144,xgb-v1.0,2025-12-28T10:00:00,hist-v1-202512,30d
FC-0001189,FPS-0595,2026-01,RICE,180,83,126,xgb-v1.0,2025-12-28T10:00:00,hist-v1-202512,30d
FC-0001190,FPS-0595,2026-01,WHEAT,200,51,119,xgb-v1.0,2025-12-28T10:00:00,hist-v1-202512,30d
FC-0001191,FPS-0596,2026-01,RICE,200,85,135,xgb-v1.0,2025-12-28T10:00:00,hist-v1-202512,30d
FC-0001192,FPS-0596,2026-01,WHEAT,200,59,122,xgb-v1.0,2025-12-28T10:00:00,hist-v1-202512,30d
FC-0001193,FPS-0597,2026-01,RICE,415,288,352,xgb-v1.0,2025-12-28T10:00:00,hist-v1-202512,30d
FC-0001194,FPS-0597,2026-01,WHEAT,298,185,234,xgb-v1.0,2025-12-28T10:00:00,hist-v1-202512,30d
FC-0001195,FPS-0598,2026-01,RICE,231,142,191,xgb-v1.0,2025-12-28T10:00:00,hist-v1-202512,30d
FC-0001196,FPS-0598,2026-01,WHEAT,200,88,139,xgb-v1.0,2025-12-28T10:00:00,hist-v1-202512,30d
FC-0001197,FPS-0599,2026-01,RICE,200,73,136,xgb-v1.0,2025-12-28T10:00:00,hist-v1-202512,30d
FC-0001198,FPS-0599,2026-01,WHEAT,200,49,118,xgb-v1.0,2025-12-28T10:00:00,hist-v1-202512,30d
FC-0001199,FPS-0600,2026-01,RICE,200,110,151,xgb-v1.0,2025-12-28T10:00:00,hist-v1-202512,30d
FC-0001200,FPS-0600,2026-01,WHEAT,200,76,137,xgb-v1.0,2025-12-28T10:00:00,hist-v1-202512,30d
FC-0001201,FPS-0001,2026-02,RICE,290,172,223,xgb-v1.0,2025-12-28T10:00:00,hist-v1-202512,30d
FC-0001202,FPS-0001,2026-02,WHEAT,211,114,166,xgb-v1.0,2025-12-28T10:00:00,hist-v1-202512,30d
FC-0001203,FPS-0002,2026-02,RICE,200,112,148,xgb-v1.0,2025-12-28T10:00:00,hist-v1-202512,30d
FC-0001204,FPS-0002,2026-02,WHEAT,200,73,133,xgb-v1.0,2025-12-28T10:00:00,hist-v1-202512,30d
FC-0001205,FPS-0003,2026-02,RICE,282,180,226,xgb-v1.0,2025-12-28T10:00:00,hist-v1-202512,30d
FC-0001206,FPS-0003,2026-02,WHEAT,213,123,168,xgb-v1.0,2025-12-28T10:00:00,hist-v1-202512,30d
FC-0001207,FPS-0004,2026-02,RICE,200,169,182,xgb-v1.0,2025-12-28T10:00:00,hist-v1-202512,30d
FC-0001208,FPS-0004,2026-02,WHEAT,200,111,155,xgb-v1.0,2025-12-28T10:00:00,hist-v1-202512,30d
FC-0001209,FPS-0005,2026-02,RICE,204,154,180,xgb-v1.0,2025-12-28T10:00:00,hist-v1-202512,30d
FC-0001210,FPS-0005,2026-02,WHEAT,200,109,157,xgb-v1.0,2025-12-28T10:00:00,hist-v1-202512,30d
FC-0001211,FPS-0006,2026-02,RICE,294,235,259,xgb-v1.0,2025-12-28T10:00:00,hist-v1-202512,30d
FC-0001212,FPS-0006,2026-02,WHEAT,214,151,176,xgb-v1.0,2025-12-28T10:00:00,hist-v1-202512,30d
FC-0001213,FPS-0007,2026-02,RICE,200,74,137,xgb-v1.0,2025-12-28T10:00:00,hist-v1-202512,30d
FC-0001214,FPS-0007,2026-02,WHEAT,200,51,124,xgb-v1.0,2025-12-28T10:00:00,hist-v1-202512,30d
FC-0001215,FPS-0008,2026-02,RICE,205,94,152,xgb-v1.0,2025-12-28T10:00:00,hist-v1-202512,30d
FC-0001216,FPS-0008,2026-02,WHEAT,200,67,128,xgb-v1.0,2025-12-28T10:00:00,hist-v1-202512,30d
FC-0001217,FPS-0009,2026-02,RICE,200,101,148,xgb-v1.0,2025-12-28T10:00:00,hist-v1-202512,30d
FC-0001218,FPS-0009,2026-02,WHEAT,200,66,129,xgb-v1.0,2025-12-28T10:00:00,hist-v1-202512,30d
FC-0001219,FPS-0010,2026-02,RICE,246,137,194,xgb-v1.0,2025-12-28T10:00:00,hist-v1-202512,30d
FC-0001220,FPS-0010,2026-02,WHEAT,180,88,127,xgb-v1.0,2025-12-28T10:00:00,hist-v1-202512,30d
FC-0001221,FPS-0011,2026-02,RICE,200,132,160,xgb-v1.0,2025-12-28T10:00:00,hist-v1-202512,30d
FC-0001222,FPS-0011,2026-02,WHEAT,180,83,128,xgb-v1.0,2025-12-28T10:00:00,hist-v1-202512,30d
FC-0001223,FPS-0012,2026-02,RICE,228,133,183,xgb-v1.0,2025-12-28T10:00:00,hist-v1-202512,30d
FC-0001224,FPS-0012,2026-02,WHEAT,200,86,138,xgb-v1.0,2025-12-28T10:00:00,hist-v1-202512,30d
FC-0001225,FPS-0013,2026-02,RICE,231,139,182,xgb-v1.0,2025-12-28T10:00:00,hist-v1-202512,30d
FC-0001226,FPS-0013,2026-02,WHEAT,200,95,150,xgb-v1.0,2025-12-28T10:00:00,hist-v1-202512,30d
FC-0001227,FPS-0014,2026-02,RICE,200,63,124,xgb-v1.0,2025-12-28T10:00:00,hist-v1-202512,30d
FC-0001228,FPS-0014,2026-02,WHEAT,200,42,111,xgb-v1.0,2025-12-28T10:00:00,hist-v1-202512,30d
FC-0001229,FPS-0015,2026-02,RICE,200,113,151,xgb-v1.0,2025-12-28T10:00:00,hist-v1-202512,30d
FC-0001230,FPS-0015,2026-02,WHEAT,200,75,133,xgb-v1.0,2025-12-28T10:00:00,hist-v1-202512,30d
FC-0001231,FPS-0016,2026-02,RICE,231,188,211,xgb-v1.0,2025-12-28T10:00:00,hist-v1-202512,30d
FC-0001232,FPS-0016,2026-02,WHEAT,200,120,161,xgb-v1.0,2025-12-28T10:00:00,hist-v1-202512,30d
FC-0001233,FPS-0017,2026-02,RICE,200,116,155,xgb-v1.0,2025-12-28T10:00:00,hist-v1-202512,30d
FC-0001234,FPS-0017,2026-02,WHEAT,200,78,132,xgb-v1.0,2025-12-28T10:00:00,hist-v1-202512,30d
FC-0001235,FPS-0018,2026-02,RICE,276,235,248,xgb-v1.0,2025-12-28T10:00:00,hist-v1-202512,30d
FC-0001236,FPS-0018,2026-02,WHEAT,212,152,181,xgb-v1.0,2025-12-28T10:00:00,hist-v1-202512,30d
FC-0001237,FPS-0019,2026-02,RICE,235,166,202,xgb-v1.0,2025-12-28T10:00:00,hist-v1-202512,30d
FC-0001238,FPS-0019,2026-02,WHEAT,200,107,148,xgb-v1.0,2025-12-28T10:00:00,hist-v1-202512,30d
FC-0001239,FPS-0020,2026-02,RICE,200,77,132,xgb-v1.0,2025-12-28T10:00:00,hist-v1-202512,30d
FC-0001240,FPS-0020,2026-02,WHEAT,200,50,118,xgb-v1.0,2025-12-28T10:00:00,hist-v1-202512,30d
FC-0001241,FPS-0021,2026-02,RICE,307,223,268,xgb-v1.0,2025-12-28T10:00:00,hist-v1-202512,30d
FC-0001242,FPS-0021,2026-02,WHEAT,208,156,184,xgb-v1.0,2025-12-28T10:00:00,hist-v1-202512,30d
FC-0001243,FPS-0022,2026-02,RICE,200,71,136,xgb-v1.0,2025-12-28T10:00:00,hist-v1-202512,30d
FC-0001244,FPS-0022,2026-02,WHEAT,200,50,122,xgb-v1.0,2025-12-28T10:00:00,hist-v1-202512,30d
FC-0001245,FPS-0023,2026-02,RICE,200,112,151,xgb-v1.0,2025-12-28T10:00:00,hist-v1-202512,30d
FC-0001246,FPS-0023,2026-02,WHEAT,200,80,132,xgb-v1.0,2025-12-28T10:00:00,hist-v1-202512,30d
FC-0001247,FPS-0024,2026-02,RICE,201,134,163,xgb-v1.0,2025-12-28T10:00:00,hist-v1-202512,30d
FC-0001248,FPS-0024,2026-02,WHEAT,200,90,138,xgb-v1.0,2025-12-28T10:00:00,hist-v1-202512,30d
FC-0001249,FPS-0025,2026-02,RICE,284,126,204,xgb-v1.0,2025-12-28T10:00:00,hist-v1-202512,30d
FC-0001250,FPS-0025,2026-02,WHEAT,201,78,139,xgb-v1.0,2025-12-28T10:00:00,hist-v1-202512,30d
FC-0001251,FPS-0026,2026-02,RICE,204,115,160,xgb-v1.0,2025-12-28T10:00:00,hist-v1-202512,30d
FC-0001252,FPS-0026,2026-02,WHEAT,200,86,137,xgb-v1.0,2025-12-28T10:00:00,hist-v1-202512,30d
FC-0001253,FPS-0027,2026-02,RICE,200,64,131,xgb-v1.0,2025-12-28T10:00:00,hist-v1-202512,30d
FC-0001254,FPS-0027,2026-02,WHEAT,180,37,104,xgb-v1.0,2025-12-28T10:00:00,hist-v1-202512,30d
FC-0001255,FPS-0028,2026-02,RICE,200,100,153,xgb-v1.0,2025-12-28T10:00:00,hist-v1-202512,30d
FC-0001256,FPS-0028,2026-02,WHEAT,200,66,128,xgb-v1.0,2025-12-28T10:00:00,hist-v1-202512,30d
FC-0001257,FPS-0029,2026-02,RICE,235,102,162,xgb-v1.0,2025-12-28T10:00:00,hist-v1-202512,30d
FC-0001258,FPS-0029,2026-02,WHEAT,180,66,118,xgb-v1.0,2025-12-28T10:00:00,hist-v1-202512,30d
FC-0001259,FPS-0030,2026-02,RICE,200,56,121,xgb-v1.0,2025-12-28T10:00:00,hist-v1-202512,30d
FC-0001260,FPS-0030,2026-02,WHEAT,200,37,109,xgb-v1.0,2025-12-28T10:00:00,hist-v1-202512,30d
FC-0001261,FPS-0031,2026-02,RICE,200,54,118,xgb-v1.0,2025-12-28T10:00:00,hist-v1-202512,30d
FC-0001262,FPS-0031,2026-02,WHEAT,200,37,112,xgb-v1.0,2025-12-28T10:00:00,hist-v1-202512,30d
FC-0001263,FPS-0032,2026-02,RICE,205,132,164,xgb-v1.0,2025-12-28T10:00:00,hist-v1-202512,30d
FC-0001264,FPS-0032,2026-02,WHEAT,200,94,149,xgb-v1.0,2025-12-28T10:00:00,hist-v1-202512,30d
FC-0001265,FPS-0033,2026-02,RICE,221,150,180,xgb-v1.0,2025-12-28T10:00:00,hist-v1-202512,30d
FC-0001266,FPS-0033,2026-02,WHEAT,200,99,150,xgb-v1.0,2025-12-28T10:00:00,hist-v1-202512,30d
FC-0001267,FPS-0034,2026-02,RICE,233,122,179,xgb-v1.0,2025-12-28T10:00:00,hist-v1-202512,30d
FC-0001268,FPS-0034,2026-02,WHEAT,200,84,141,xgb-v1.0,2025-12-28T10:00:00,hist-v1-202512,30d
FC-0001269,FPS-0035,2026-02,RICE,232,125,180,xgb-v1.0,2025-12-28T10:00:00,hist-v1-202512,30d
FC-0001270,FPS-0035,2026-02,WHEAT,200,84,141,xgb-v1.0,2025-12-28T10:00:00,hist-v1-202512,30d
FC-0001271,FPS-0036,2026-02,RICE,271,175,226,xgb-v1.0,2025-12-28T10:00:00,hist-v1-202512,30d
FC-0001272,FPS-0036,2026-02,WHEAT,200,113,151,xgb-v1.0,2025-12-28T10:00:00,hist-v1-202512,30d
FC-0001273,FPS-0037,2026-02,RICE,229,163,192,xgb-v1.0,2025-12-28T10:00:00,hist-v1-202512,30d
FC-0001274,FPS-0037,2026-02,WHEAT,200,112,158,xgb-v1.0,2025-12-28T10:00:00,hist-v1-202512,30d
FC-0001275,FPS-0038,2026-02,RICE,253,162,212,xgb-v1.0,2025-12-28T10:00:00,hist-v1-202512,30d
FC-0001276,FPS-0038,2026-02,WHEAT,200,106,146,xgb-v1.0,2025-12-28T10:00:00,hist-v1-202512,30d
FC-0001277,FPS-0039,2026-02,RICE,238,153,194,xgb-v1.0,2025-12-28T10:00:00,hist-v1-202512,30d
FC-0001278,FPS-0039,2026-02,WHEAT,200,111,155,xgb-v1.0,2025-12-28T10:00:00,hist-v1-202512,30d
FC-0001279,FPS-0040,2026-02,RICE,200,95,145,xgb-v1.0,2025-12-28T10:00:00,hist-v1-202512,30d
FC-0001280,FPS-0040,2026-02,WHEAT,200,62,126,xgb-v1.0,2025-12-28T10:00:00,hist-v1-202512,30d
FC-0001281,FPS-0041,2026-02,RICE,200,113,149,xgb-v1.0,2025-12-28T10:00:00,hist-v1-202512,30d
FC-0001282,FPS-0041,2026-02,WHEAT,200,77,133,xgb-v1.0,2025-12-28T10:00:00,hist-v1-202512,30d
FC-0001283,FPS-0042,2026-02,RICE,183,144,167,xgb-v1.0,2025-12-28T10:00:00,hist-v1-202512,30d
FC-0001284,FPS-0042,2026-02,WHEAT,200,90,140,xgb-v1.0,2025-12-28T10:00:00,hist-v1-202512,30d
FC-0001285,FPS-0043,2026-02,RICE,200,122,157,xgb-v1.0,2025-12-28T10:00:00,hist-v1-202512,30d
FC-0001286,FPS-0043,2026-02,WHEAT,200,77,136,xgb-v1.0,2025-12-28T10:00:00,hist-v1-202512,30d
FC-0001287,FPS-0044,2026-02,RICE,200,113,154,xgb-v1.0,2025-12-28T10:00:00,hist-v1-202512,30d
FC-0001288,FPS-0044,2026-02,WHEAT,200,72,137,xgb-v1.0,2025-12-28T10:00:00,hist-v1-202512,30d
FC-0001289,FPS-0045,2026-02,RICE,242,175,203,xgb-v1.0,2025-12-28T10:00:00,hist-v1-202512,30d
FC-0001290,FPS-0045,2026-02,WHEAT,200,113,158,xgb-v1.0,2025-12-28T10:00:00,hist-v1-202512,30d
FC-0001291,FPS-0046,2026-02,RICE,200,111,155,xgb-v1.0,2025-12-28T10:00:00,hist-v1-202512,30d
FC-0001292,FPS-0046,2026-02,WHEAT,200,71,130,xgb-v1.0,2025-12-28T10:00:00,hist-v1-202512,30d
FC-0001293,FPS-0047,2026-02,RICE,258,108,182,xgb-v1.0,2025-12-28T10:00:00,hist-v1-202512,30d
FC-0001294,FPS-0047,2026-02,WHEAT,202,70,135,xgb-v1.0,2025-12-28T10:00:00,hist-v1-202512,30d
FC-0001295,FPS-0048,2026-02,RICE,180,81,124,xgb-v1.0,2025-12-28T10:00:00,hist-v1-202512,30d
FC-0001296,FPS-0048,2026-02,WHEAT,180,52,108,xgb-v1.0,2025-12-28T10:00:00,hist-v1-202512,30d
FC-0001297,FPS-0049,2026-02,RICE,218,158,194,xgb-v1.0,2025-12-28T10:00:00,hist-v1-202512,30d
FC-0001298,FPS-0049,2026-02,WHEAT,200,111,148,xgb-v1.0,2025-12-28T10:00:00,hist-v1-202512,30d
FC-0001299,FPS-0050,2026-02,RICE,294,155,221,xgb-v1.0,2025-12-28T10:00:00,hist-v1-202512,30d
FC-0001300,FPS-0050,2026-02,WHEAT,223,101,152,xgb-v1.0,2025-12-28T10:00:00,hist-v1-202512,30d
FC-0001301,FPS-0051,2026-02,RICE,220,156,190,xgb-v1.0,2025-12-28T10:00:00,hist-v1-202512,30d
FC-0001302,FPS-0051,2026-02,WHEAT,180,103,144,xgb-v1.0,2025-12-28T10:00:00,hist-v1-202512,30d
FC-0001303,FPS-0052,2026-02,RICE,263,170,217,xgb-v1.0,2025-12-28T10:00:00,hist-v1-202512,30d
FC-0001304,FPS-0052,2026-02,WHEAT,200,115,155,xgb-v1.0,2025-12-28T10:00:00,hist-v1-202512,30d
FC-0001305,FPS-0053,2026-02,RICE,200,111,148,xgb-v1.0,2025-12-28T10:00:00,hist-v1-202512,30d
FC-0001306,FPS-0053,2026-02,WHEAT,200,74,136,xgb-v1.0,2025-12-28T10:00:00,hist-v1-202512,30d
FC-0001307,FPS-0054,2026-02,RICE,200,102,146,xgb-v1.0,2025-12-28T10:00:00,hist-v1-202512,30d
FC-0001308,FPS-0054,2026-02,WHEAT,200,70,134,xgb-v1.0,2025-12-28T10:00:00,hist-v1-202512,30d
FC-0001309,FPS-0055,2026-02,RICE,243,142,188,xgb-v1.0,2025-12-28T10:00:00,hist-v1-202512,30d
FC-0001310,FPS-0055,2026-02,WHEAT,200,94,139,xgb-v1.0,2025-12-28T10:00:00,hist-v1-202512,30d
FC-0001311,FPS-0056,2026-02,RICE,188,121,151,xgb-v1.0,2025-12-28T10:00:00,hist-v1-202512,30d
FC-0001312,FPS-0056,2026-02,WHEAT,200,82,139,xgb-v1.0,2025-12-28T10:00:00,hist-v1-202512,30d
FC-0001313,FPS-0057,2026-02,RICE,232,131,175,xgb-v1.0,2025-12-28T10:00:00,hist-v1-202512,30d
FC-0001314,FPS-0057,2026-02,WHEAT,200,91,138,xgb-v1.0,2025-12-28T10:00:00,hist-v1-202512,30d
FC-0001315,FPS-0058,2026-02,RICE,229,186,205,xgb-v1.0,2025-12-28T10:00:00,hist-v1-202512,30d
FC-0001316,FPS-0058,2026-02,WHEAT,200,127,159,xgb-v1.0,2025-12-28T10:00:00,hist-v1-202512,30d
FC-0001317,FPS-0059,2026-02,RICE,207,115,165,xgb-v1.0,2025-12-28T10:00:00,hist-v1-202512,30d
FC-0001318,FPS-0059,2026-02,WHEAT,200,89,143,xgb-v1.0,2025-12-28T10:00:00,hist-v1-202512,30d
FC-0001319,FPS-0060,2026-02,RICE,242,172,201,xgb-v1.0,2025-12-28T10:00:00,hist-v1-202512,30d
FC-0001320,FPS-0060,2026-02,WHEAT,200,120,157,xgb-v1.0,2025-12-28T10:00:00,hist-v1-202512,30d
FC-0001321,FPS-0061,2026-02,RICE,200,94,139,xgb-v1.0,2025-12-28T10:00:00,hist-v1-202512,30d
FC-0001322,FPS-0061,2026-02,WHEAT,200,63,129,xgb-v1.0,2025-12-28T10:00:00,hist-v1-202512,30d
FC-0001323,FPS-0062,2026-02,RICE,200,132,165,xgb-v1.0,2025-12-28T10:00:00,hist-v1-202512,30d
FC-0001324,FPS-0062,2026-02,WHEAT,180,87,129,xgb-v1.0,2025-12-28T10:00:00,hist-v1-202512,30d
FC-0001325,FPS-0063,2026-02,RICE,255,164,213,xgb-v1.0,2025-12-28T10:00:00,hist-v1-202512,30d
FC-0001326,FPS-0063,2026-02,WHEAT,180,107,139,xgb-v1.0,2025-12-28T10:00:00,hist-v1-202512,30d
FC-0001327,FPS-0064,2026-02,RICE,180,101,140,xgb-v1.0,2025-12-28T10:00:00,hist-v1-202512,30d
FC-0001328,FPS-0064,2026-02,WHEAT,200,72,127,xgb-v1.0,2025-12-28T10:00:00,hist-v1-202512,30d
FC-0001329,FPS-0065,2026-02,RICE,200,108,152,xgb-v1.0,2025-12-28T10:00:00,hist-v1-202512,30d
FC-0001330,FPS-0065,2026-02,WHEAT,200,67,128,xgb-v1.0,2025-12-28T10:00:00,hist-v1-202512,30d
FC-0001331,FPS-0066,2026-02,RICE,204,129,164,xgb-v1.0,2025-12-28T10:00:00,hist-v1-202512,30d
FC-0001332,FPS-0066,2026-02,WHEAT,200,81,138,xgb-v1.0,2025-12-28T10:00:00,hist-v1-202512,30d
FC-0001333,FPS-0067,2026-02,RICE,200,122,166,xgb-v1.0,2025-12-28T10:00:00,hist-v1-202512,30d
FC-0001334,FPS-0067,2026-02,WHEAT,200,78,133,xgb-v1.0,2025-12-28T10:00:00,hist-v1-202512,30d
FC-0001335,FPS-0068,2026-02,RICE,205,145,181,xgb-v1.0,2025-12-28T10:00:00,hist-v1-202512,30d
FC-0001336,FPS-0068,2026-02,WHEAT,200,99,147,xgb-v1.0,2025-12-28T10:00:00,hist-v1-202512,30d
FC-0001337,FPS-0069,2026-02,RICE,200,145,173,xgb-v1.0,2025-12-28T10:00:00,hist-v1-202512,30d
FC-0001338,FPS-0069,2026-02,WHEAT,200,100,143,xgb-v1.0,2025-12-28T10:00:00,hist-v1-202512,30d
FC-0001339,FPS-0070,2026-02,RICE,182,127,155,xgb-v1.0,2025-12-28T10:00:00,hist-v1-202512,30d
FC-0001340,FPS-0070,2026-02,WHEAT,200,87,144,xgb-v1.0,2025-12-28T10:00:00,hist-v1-202512,30d
FC-0001341,FPS-0071,2026-02,RICE,200,97,141,xgb-v1.0,2025-12-28T10:00:00,hist-v1-202512,30d
FC-0001342,FPS-0071,2026-02,WHEAT,200,69,134,xgb-v1.0,2025-12-28T10:00:00,hist-v1-202512,30d
FC-0001343,FPS-0072,2026-02,RICE,252,201,230,xgb-v1.0,2025-12-28T10:00:00,hist-v1-202512,30d
FC-0001344,FPS-0072,2026-02,WHEAT,201,132,160,xgb-v1.0,2025-12-28T10:00:00,hist-v1-202512,30d
FC-0001345,FPS-0073,2026-02,RICE,228,166,191,xgb-v1.0,2025-12-28T10:00:00,hist-v1-202512,30d
FC-0001346,FPS-0073,2026-02,WHEAT,200,117,160,xgb-v1.0,2025-12-28T10:00:00,hist-v1-202512,30d
FC-0001347,FPS-0074,2026-02,RICE,200,101,151,xgb-v1.0,2025-12-28T10:00:00,hist-v1-202512,30d
FC-0001348,FPS-0074,2026-02,WHEAT,180,64,122,xgb-v1.0,2025-12-28T10:00:00,hist-v1-202512,30d
FC-0001349,FPS-0075,2026-02,RICE,248,149,198,xgb-v1.0,2025-12-28T10:00:00,hist-v1-202512,30d
FC-0001350,FPS-0075,2026-02,WHEAT,200,95,140,xgb-v1.0,2025-12-28T10:00:00,hist-v1-202512,30d
FC-0001351,FPS-0076,2026-02,RICE,292,138,214,xgb-v1.0,2025-12-28T10:00:00,hist-v1-202512,30d
FC-0001352,FPS-0076,2026-02,WHEAT,188,92,138,xgb-v1.0,2025-12-28T10:00:00,hist-v1-202512,30d
FC-0001353,FPS-0077,2026-02,RICE,200,96,150,xgb-v1.0,2025-12-28T10:00:00,hist-v1-202512,30d
FC-0001354,FPS-0077,2026-02,WHEAT,180,60,115,xgb-v1.0,2025-12-28T10:00:00,hist-v1-202512,30d
FC-0001355,FPS-0078,2026-02,RICE,227,177,207,xgb-v1.0,2025-12-28T10:00:00,hist-v1-202512,30d
FC-0001356,FPS-0078,2026-02,WHEAT,200,116,152,xgb-v1.0,2025-12-28T10:00:00,hist-v1-202512,30d
FC-0001357,FPS-0079,2026-02,RICE,200,65,131,xgb-v1.0,2025-12-28T10:00:00,hist-v1-202512,30d
FC-0001358,FPS-0079,2026-02,WHEAT,200,43,119,xgb-v1.0,2025-12-28T10:00:00,hist-v1-202512,30d
FC-0001359,FPS-0080,2026-02,RICE,202,82,143,xgb-v1.0,2025-12-28T10:00:00,hist-v1-202512,30d
FC-0001360,FPS-0080,2026-02,WHEAT,200,58,128,xgb-v1.0,2025-12-28T10:00:00,hist-v1-202512,30d
FC-0001361,FPS-0081,2026-02,RICE,220,112,168,xgb-v1.0,2025-12-28T10:00:00,hist-v1-202512,30d
FC-0001362,FPS-0081,2026-02,WHEAT,200,72,130,xgb-v1.0,2025-12-28T10:00:00,hist-v1-202512,30d
FC-0001363,FPS-0082,2026-02,RICE,246,101,167,xgb-v1.0,2025-12-28T10:00:00,hist-v1-202512,30d
FC-0001364,FPS-0082,2026-02,WHEAT,200,65,127,xgb-v1.0,2025-12-28T10:00:00,hist-v1-202512,30d
FC-0001365,FPS-0083,2026-02,RICE,215,129,170,xgb-v1.0,2025-12-28T10:00:00,hist-v1-202512,30d
FC-0001366,FPS-0083,2026-02,WHEAT,180,87,135,xgb-v1.0,2025-12-28T10:00:00,hist-v1-202512,30d
FC-0001367,FPS-0084,2026-02,RICE,282,84,181,xgb-v1.0,2025-12-28T10:00:00,hist-v1-202512,30d
FC-0001368,FPS-0084,2026-02,WHEAT,217,54,127,xgb-v1.0,2025-12-28T10:00:00,hist-v1-202512,30d
FC-0001369,FPS-0085,2026-02,RICE,200,82,137,xgb-v1.0,2025-12-28T10:00:00,hist-v1-202512,30d
FC-0001370,FPS-0085,2026-02,WHEAT,200,56,124,xgb-v1.0,2025-12-28T10:00:00,hist-v1-202512,30d
FC-0001371,FPS-0086,2026-02,RICE,201,135,171,xgb-v1.0,2025-12-28T10:00:00,hist-v1-202512,30d
FC-0001372,FPS-0086,2026-02,WHEAT,200,89,143,xgb-v1.0,2025-12-28T10:00:00,hist-v1-202512,30d
FC-0001373,FPS-0087,2026-02,RICE,200,107,155,xgb-v1.0,2025-12-28T10:00:00,hist-v1-202512,30d
FC-0001374,FPS-0087,2026-02,WHEAT,200,73,128,xgb-v1.0,2025-12-28T10:00:00,hist-v1-202512,30d
FC-0001375,FPS-0088,2026-02,RICE,200,126,164,xgb-v1.0,2025-12-28T10:00:00,hist-v1-202512,30d
FC-0001376,FPS-0088,2026-02,WHEAT,200,84,139,xgb-v1.0,2025-12-28T10:00:00,hist-v1-202512,30d
FC-0001377,FPS-0089,2026-02,RICE,222,176,193,xgb-v1.0,2025-12-28T10:00:00,hist-v1-202512,30d
FC-0001378,FPS-0089,2026-02,WHEAT,200,120,162,xgb-v1.0,2025-12-28T10:00:00,hist-v1-202512,30d
FC-0001379,FPS-0090,2026-02,RICE,204,127,161,xgb-v1.0,2025-12-28T10:00:00,hist-v1-202512,30d
FC-0001380,FPS-0090,2026-02,WHEAT,200,86,134,xgb-v1.0,2025-12-28T10:00:00,hist-v1-202512,30d
FC-0001381,FPS-0091,2026-02,RICE,204,104,147,xgb-v1.0,2025-12-28T10:00:00,hist-v1-202512,30d
FC-0001382,FPS-0091,2026-02,WHEAT,200,75,133,xgb-v1.0,2025-12-28T10:00:00,hist-v1-202512,30d
FC-0001383,FPS-0092,2026-02,RICE,253,207,231,xgb-v1.0,2025-12-28T10:00:00,hist-v1-202512,30d
FC-0001384,FPS-0092,2026-02,WHEAT,203,142,168,xgb-v1.0,2025-12-28T10:00:00,hist-v1-202512,30d
FC-0001385,FPS-0093,2026-02,RICE,278,137,205,xgb-v1.0,2025-12-28T10:00:00,hist-v1-202512,30d
FC-0001386,FPS-0093,2026-02,WHEAT,201,99,145,xgb-v1.0,2025-12-28T10:00:00,hist-v1-202512,30d
FC-0001387,FPS-0094,2026-02,RICE,266,151,208,xgb-v1.0,2025-12-28T10:00:00,hist-v1-202512,30d
FC-0001388,FPS-0094,2026-02,WHEAT,180,104,138,xgb-v1.0,2025-12-28T10:00:00,hist-v1-202512,30d
FC-0001389,FPS-0095,2026-02,RICE,273,172,222,xgb-v1.0,2025-12-28T10:00:00,hist-v1-202512,30d
FC-0001390,FPS-0095,2026-02,WHEAT,203,116,156,xgb-v1.0,2025-12-28T10:00:00,hist-v1-202512,30d
FC-0001391,FPS-0096,2026-02,RICE,200,127,159,xgb-v1.0,2025-12-28T10:00:00,hist-v1-202512,30d
FC-0001392,FPS-0096,2026-02,WHEAT,200,79,140,xgb-v1.0,2025-12-28T10:00:00,hist-v1-202512,30d
FC-0001393,FPS-0097,2026-02,RICE,270,151,205,xgb-v1.0,2025-12-28T10:00:00,hist-v1-202512,30d
FC-0001394,FPS-0097,2026-02,WHEAT,200,103,147,xgb-v1.0,2025-12-28T10:00:00,hist-v1-202512,30d
FC-0001395,FPS-0098,2026-02,RICE,273,158,208,xgb-v1.0,2025-12-28T10:00:00,hist-v1-202512,30d
FC-0001396,FPS-0098,2026-02,WHEAT,200,103,153,xgb-v1.0,2025-12-28T10:00:00,hist-v1-202512,30d
FC-0001397,FPS-0099,2026-02,RICE,205,149,179,xgb-v1.0,2025-12-28T10:00:00,hist-v1-202512,30d
FC-0001398,FPS-0099,2026-02,WHEAT,200,99,142,xgb-v1.0,2025-12-28T10:00:00,hist-v1-202512,30d
FC-0001399,FPS-0100,2026-02,RICE,180,64,120,xgb-v1.0,2025-12-28T10:00:00,hist-v1-202512,30d
FC-0001400,FPS-0100,2026-02,WHEAT,180,43,104,xgb-v1.0,2025-12-28T10:00:00,hist-v1-202512,30d
FC-0001401,FPS-0101,2026-02,RICE,256,168,215,xgb-v1.0,2025-12-28T10:00:00,hist-v1-202512,30d
FC-0001402,FPS-0101,2026-02,WHEAT,206,107,150,xgb-v1.0,2025-12-28T10:00:00,hist-v1-202512,30d
FC-0001403,FPS-0102,2026-02,RICE,200,78,133,xgb-v1.0,2025-12-28T10:00:00,hist-v1-202512,30d
FC-0001404,FPS-0102,2026-02,WHEAT,200,52,123,xgb-v1.0,2025-12-28T10:00:00,hist-v1-202512,30d
FC-0001405,FPS-0103,2026-02,RICE,277,173,220,xgb-v1.0,2025-12-28T10:00:00,hist-v1-202512,30d
FC-0001406,FPS-0103,2026-02,WHEAT,220,112,163,xgb-v1.0,2025-12-28T10:00:00,hist-v1-202512,30d
FC-0001407,FPS-0104,2026-02,RICE,200,71,136,xgb-v1.0,2025-12-28T10:00:00,hist-v1-202512,30d
FC-0001408,FPS-0104,2026-02,WHEAT,200,44,114,xgb-v1.0,2025-12-28T10:00:00,hist-v1-202512,30d
FC-0001409,FPS-0105,2026-02,RICE,299,198,249,xgb-v1.0,2025-12-28T10:00:00,hist-v1-202512,30d
FC-0001410,FPS-0105,2026-02,WHEAT,230,136,183,xgb-v1.0,2025-12-28T10:00:00,hist-v1-202512,30d
FC-0001411,FPS-0106,2026-02,RICE,200,95,144,xgb-v1.0,2025-12-28T10:00:00,hist-v1-202512,30d
FC-0001412,FPS-0106,2026-02,WHEAT,200,62,128,xgb-v1.0,2025-12-28T10:00:00,hist-v1-202512,30d
FC-0001413,FPS-0107,2026-02,RICE,200,87,142,xgb-v1.0,2025-12-28T10:00:00,hist-v1-202512,30d
FC-0001414,FPS-0107,2026-02,WHEAT,200,53,120,xgb-v1.0,2025-12-28T10:00:00,hist-v1-202512,30d
FC-0001415,FPS-0108,2026-02,RICE,200,90,142,xgb-v1.0,2025-12-28T10:00:00,hist-v1-202512,30d
FC-0001416,FPS-0108,2026-02,WHEAT,200,60,121,xgb-v1.0,2025-12-28T10:00:00,hist-v1-202512,30d
FC-0001417,FPS-0109,2026-02,RICE,200,124,161,xgb-v1.0,2025-12-28T10:00:00,hist-v1-202512,30d
FC-0001418,FPS-0109,2026-02,WHEAT,200,78,132,xgb-v1.0,2025-12-28T10:00:00,hist-v1-202512,30d
FC-0001419,FPS-0110,2026-02,RICE,200,94,141,xgb-v1.0,2025-12-28T10:00:00,hist-v1-202512,30d
FC-0001420,FPS-0110,2026-02,WHEAT,200,69,128,xgb-v1.0,2025-12-28T10:00:00,hist-v1-202512,30d
FC-0001421,FPS-0111,2026-02,RICE,200,91,143,xgb-v1.0,2025-12-28T10:00:00,hist-v1-202512,30d
FC-0001422,FPS-0111,2026-02,WHEAT,180,61,119,xgb-v1.0,2025-12-28T10:00:00,hist-v1-202512,30d
FC-0001423,FPS-0112,2026-02,RICE,200,91,138,xgb-v1.0,2025-12-28T10:00:00,hist-v1-202512,30d
FC-0001424,FPS-0112,2026-02,WHEAT,200,62,131,xgb-v1.0,2025-12-28T10:00:00,hist-v1-202512,30d
FC-0001425,FPS-0113,2026-02,RICE,200,59,126,xgb-v1.0,2025-12-28T10:00:00,hist-v1-202512,30d
FC-0001426,FPS-0113,2026-02,WHEAT,200,36,109,xgb-v1.0,2025-12-28T10:00:00,hist-v1-202512,30d
FC-0001427,FPS-0114,2026-02,RICE,200,135,165,xgb-v1.0,2025-12-28T10:00:00,hist-v1-202512,30d
FC-0001428,FPS-0114,2026-02,WHEAT,200,94,150,xgb-v1.0,2025-12-28T10:00:00,hist-v1-202512,30d
FC-0001429,FPS-0115,2026-02,RICE,200,81,135,xgb-v1.0,2025-12-28T10:00:00,hist-v1-202512,30d
FC-0001430,FPS-0115,2026-02,WHEAT,200,55,126,xgb-v1.0,2025-12-28T10:00:00,hist-v1-202512,30d
FC-0001431,FPS-0116,2026-02,RICE,200,84,138,xgb-v1.0,2025-12-28T10:00:00,hist-v1-202512,30d
FC-0001432,FPS-0116,2026-02,WHEAT,200,57,120,xgb-v1.0,2025-12-28T10:00:00,hist-v1-202512,30d
FC-0001433,FPS-0117,2026-02,RICE,200,123,156,xgb-v1.0,2025-12-28T10:00:00,hist-v1-202512,30d
FC-0001434,FPS-0117,2026-02,WHEAT,200,84,142,xgb-v1.0,2025-12-28T10:00:00,hist-v1-202512,30d
FC-0001435,FPS-0118,2026-02,RICE,185,76,129,xgb-v1.0,2025-12-28T10:00:00,hist-v1-202512,30d
FC-0001436,FPS-0118,2026-02,WHEAT,200,53,117,xgb-v1.0,2025-12-28T10:00:00,hist-v1-202512,30d
FC-0001437,FPS-0119,2026-02,RICE,200,105,146,xgb-v1.0,2025-12-28T10:00:00,hist-v1-202512,30d
FC-0001438,FPS-0119,2026-02,WHEAT,200,70,129,xgb-v1.0,2025-12-28T10:00:00,hist-v1-202512,30d
FC-0001439,FPS-0120,2026-02,RICE,200,87,141,xgb-v1.0,2025-12-28T10:00:00,hist-v1-202512,30d
FC-0001440,FPS-0120,2026-02,WHEAT,200,62,122,xgb-v1.0,2025-12-28T10:00:00,hist-v1-202512,30d
FC-0001441,FPS-0121,2026-02,RICE,200,109,158,xgb-v1.0,2025-12-28T10:00:00,hist-v1-202512,30d
FC-0001442,FPS-0121,2026-02,WHEAT,200,71,129,xgb-v1.0,2025-12-28T10:00:00,hist-v1-202512,30d
FC-0001443,FPS-0122,2026-02,RICE,200,104,148,xgb-v1.0,2025-12-28T10:00:00,hist-v1-202512,30d
FC-0001444,FPS-0122,2026-02,WHEAT,200,70,131,xgb-v1.0,2025-12-28T10:00:00,hist-v1-202512,30d
FC-0001445,FPS-0123,2026-02,RICE,200,101,151,xgb-v1.0,2025-12-28T10:00:00,hist-v1-202512,30d
FC-0001446,FPS-0123,2026-02,WHEAT,200,72,135,xgb-v1.0,2025-12-28T10:00:00,hist-v1-202512,30d
FC-0001447,FPS-0124,2026-02,RICE,290,163,225,xgb-v1.0,2025-12-28T10:00:00,hist-v1-202512,30d
FC-0001448,FPS-0124,2026-02,WHEAT,204,113,154,xgb-v1.0,2025-12-28T10:00:00,hist-v1-202512,30d
FC-0001449,FPS-0125,2026-02,RICE,200,121,164,xgb-v1.0,2025-12-28T10:00:00,hist-v1-202512,30d
FC-0001450,FPS-0125,2026-02,WHEAT,200,83,133,xgb-v1.0,2025-12-28T10:00:00,hist-v1-202512,30d
FC-0001451,FPS-0126,2026-02,RICE,200,134,172,xgb-v1.0,2025-12-28T10:00:00,hist-v1-202512,30d
FC-0001452,FPS-0126,2026-02,WHEAT,200,83,134,xgb-v1.0,2025-12-28T10:00:00,hist-v1-202512,30d
FC-0001453,FPS-0127,2026-02,RICE,200,68,130,xgb-v1.0,2025-12-28T10:00:00,hist-v1-202512,30d
FC-0001454,FPS-0127,2026-02,WHEAT,180,44,107,xgb-v1.0,2025-12-28T10:00:00,hist-v1-202512,30d
FC-0001455,FPS-0128,2026-02,RICE,200,97,148,xgb-v1.0,2025-12-28T10:00:00,hist-v1-202512,30d
FC-0001456,FPS-0128,2026-02,WHEAT,200,70,130,xgb-v1.0,2025-12-28T10:00:00,hist-v1-202512,30d
FC-0001457,FPS-0129,2026-02,RICE,200,144,173,xgb-v1.0,2025-12-28T10:00:00,hist-v1-202512,30d
FC-0001458,FPS-0129,2026-02,WHEAT,200,102,153,xgb-v1.0,2025-12-28T10:00:00,hist-v1-202512,30d
FC-0001459,FPS-0130,2026-02,RICE,200,77,129,xgb-v1.0,2025-12-28T10:00:00,hist-v1-202512,30d
FC-0001460,FPS-0130,2026-02,WHEAT,200,51,121,xgb-v1.0,2025-12-28T10:00:00,hist-v1-202512,30d
FC-0001461,FPS-0131,2026-02,RICE,200,118,157,xgb-v1.0,2025-12-28T10:00:00,hist-v1-202512,30d
FC-0001462,FPS-0131,2026-02,WHEAT,200,80,131,xgb-v1.0,2025-12-28T10:00:00,hist-v1-202512,30d
FC-0001463,FPS-0132,2026-02,RICE,276,171,225,xgb-v1.0,2025-12-28T10:00:00,hist-v1-202512,30d
FC-0001464,FPS-0132,2026-02,WHEAT,200,121,155,xgb-v1.0,2025-12-28T10:00:00,hist-v1-202512,30d
FC-0001465,FPS-0133,2026-02,RICE,200,82,139,xgb-v1.0,2025-12-28T10:00:00,hist-v1-202512,30d
FC-0001466,FPS-0133,2026-02,WHEAT,200,59,126,xgb-v1.0,2025-12-28T10:00:00,hist-v1-202512,30d
FC-0001467,FPS-0134,2026-02,RICE,202,142,167,xgb-v1.0,2025-12-28T10:00:00,hist-v1-202512,30d
FC-0001468,FPS-0134,2026-02,WHEAT,200,92,146,xgb-v1.0,2025-12-28T10:00:00,hist-v1-202512,30d
FC-0001469,FPS-0135,2026-02,RICE,200,76,129,xgb-v1.0,2025-12-28T10:00:00,hist-v1-202512,30d
FC-0001470,FPS-0135,2026-02,WHEAT,200,56,123,xgb-v1.0,2025-12-28T10:00:00,hist-v1-202512,30d
FC-0001471,FPS-0136,2026-02,RICE,217,148,179,xgb-v1.0,2025-12-28T10:00:00,hist-v1-202512,30d
FC-0001472,FPS-0136,2026-02,WHEAT,200,102,147,xgb-v1.0,2025-12-28T10:00:00,hist-v1-202512,30d
FC-0001473,FPS-0137,2026-02,RICE,200,133,172,xgb-v1.0,2025-12-28T10:00:00,hist-v1-202512,30d
FC-0001474,FPS-0137,2026-02,WHEAT,180,86,129,xgb-v1.0,2025-12-28T10:00:00,hist-v1-202512,30d
FC-0001475,FPS-0138,2026-02,RICE,273,155,209,xgb-v1.0,2025-12-28T10:00:00,hist-v1-202512,30d
FC-0001476,FPS-0138,2026-02,WHEAT,202,107,146,xgb-v1.0,2025-12-28T10:00:00,hist-v1-202512,30d
FC-0001477,FPS-0139,2026-02,RICE,202,150,172,xgb-v1.0,2025-12-28T10:00:00,hist-v1-202512,30d
FC-0001478,FPS-0139,2026-02,WHEAT,200,93,139,xgb-v1.0,2025-12-28T10:00:00,hist-v1-202512,30d
FC-0001479,FPS-0140,2026-02,RICE,200,77,138,xgb-v1.0,2025-12-28T10:00:00,hist-v1-202512,30d
FC-0001480,FPS-0140,2026-02,WHEAT,180,54,109,xgb-v1.0,2025-12-28T10:00:00,hist-v1-202512,30d
FC-0001481,FPS-0141,2026-02,RICE,200,72,134,xgb-v1.0,2025-12-28T10:00:00,hist-v1-202512,30d
FC-0001482,FPS-0141,2026-02,WHEAT,200,46,119,xgb-v1.0,2025-12-28T10:00:00,hist-v1-202512,30d
FC-0001483,FPS-0142,2026-02,RICE,210,137,175,xgb-v1.0,2025-12-28T10:00:00,hist-v1-202512,30d
FC-0001484,FPS-0142,2026-02,WHEAT,200,89,138,xgb-v1.0,2025-12-28T10:00:00,hist-v1-202512,30d
FC-0001485,FPS-0143,2026-02,RICE,238,137,186,xgb-v1.0,2025-12-28T10:00:00,hist-v1-202512,30d
FC-0001486,FPS-0143,2026-02,WHEAT,200,101,148,xgb-v1.0,2025-12-28T10:00:00,hist-v1-202512,30d
FC-0001487,FPS-0144,2026-02,RICE,257,159,207,xgb-v1.0,2025-12-28T10:00:00,hist-v1-202512,30d
FC-0001488,FPS-0144,2026-02,WHEAT,201,101,145,xgb-v1.0,2025-12-28T10:00:00,hist-v1-202512,30d
FC-0001489,FPS-0145,2026-02,RICE,180,69,123,xgb-v1.0,2025-12-28T10:00:00,hist-v1-202512,30d
FC-0001490,FPS-0145,2026-02,WHEAT,200,50,124,xgb-v1.0,2025-12-28T10:00:00,hist-v1-202512,30d
FC-0001491,FPS-0146,2026-02,RICE,200,72,134,xgb-v1.0,2025-12-28T10:00:00,hist-v1-202512,30d
FC-0001492,FPS-0146,2026-02,WHEAT,200,45,115,xgb-v1.0,2025-12-28T10:00:00,hist-v1-202512,30d
FC-0001493,FPS-0147,2026-02,RICE,205,100,152,xgb-v1.0,2025-12-28T10:00:00,hist-v1-202512,30d
FC-0001494,FPS-0147,2026-02,WHEAT,200,69,135,xgb-v1.0,2025-12-28T10:00:00,hist-v1-202512,30d
FC-0001495,FPS-0148,2026-02,RICE,283,175,229,xgb-v1.0,2025-12-28T10:00:00,hist-v1-202512,30d
FC-0001496,FPS-0148,2026-02,WHEAT,216,117,165,xgb-v1.0,2025-12-28T10:00:00,hist-v1-202512,30d
FC-0001497,FPS-0149,2026-02,RICE,320,276,298,xgb-v1.0,2025-12-28T10:00:00,hist-v1-202512,30d
FC-0001498,FPS-0149,2026-02,WHEAT,230,185,207,xgb-v1.0,2025-12-28T10:00:00,hist-v1-202512,30d
FC-0001499,FPS-0150,2026-02,RICE,200,87,135,xgb-v1.0,2025-12-28T10:00:00,hist-v1-202512,30d
FC-0001500,FPS-0150,2026-02,WHEAT,180,55,117,xgb-v1.0,2025-12-28T10:00:00,hist-v1-202512,30d
FC-0001501,FPS-0151,2026-02,RICE,228,124,175,xgb-v1.0,2025-12-28T10:00:00,hist-v1-202512,30d
FC-0001502,FPS-0151,2026-02,WHEAT,200,87,135,xgb-v1.0,2025-12-28T10:00:00,hist-v1-202512,30d
FC-0001503,FPS-0152,2026-02,RICE,209,112,163,xgb-v1.0,2025-12-28T10:00:00,hist-v1-202512,30d
FC-0001504,FPS-0152,2026-02,WHEAT,200,74,132,xgb-v1.0,2025-12-28T10:00:00,hist-v1-202512,30d
FC-0001505,FPS-0153,2026-02,RICE,224,149,180,xgb-v1.0,2025-12-28T10:00:00,hist-v1-202512,30d
FC-0001506,FPS-0153,2026-02,WHEAT,200,109,153,xgb-v1.0,2025-12-28T10:00:00,hist-v1-202512,30d
FC-0001507,FPS-0154,2026-02,RICE,180,97,141,xgb-v1.0,2025-12-28T10:00:00,hist-v1-202512,30d
FC-0001508,FPS-0154,2026-02,WHEAT,200,70,135,xgb-v1.0,2025-12-28T10:00:00,hist-v1-202512,30d
FC-0001509,FPS-0155,2026-02,RICE,215,163,189,xgb-v1.0,2025-12-28T10:00:00,hist-v1-202512,30d
FC-0001510,FPS-0155,2026-02,WHEAT,200,109,157,xgb-v1.0,2025-12-28T10:00:00,hist-v1-202512,30d
FC-0001511,FPS-0156,2026-02,RICE,200,118,161,xgb-v1.0,2025-12-28T10:00:00,hist-v1-202512,30d
FC-0001512,FPS-0156,2026-02,WHEAT,200,81,135,xgb-v1.0,2025-12-28T10:00:00,hist-v1-202512,30d
FC-0001513,FPS-0157,2026-02,RICE,209,179,189,xgb-v1.0,2025-12-28T10:00:00,hist-v1-202512,30d
FC-0001514,FPS-0157,2026-02,WHEAT,200,115,162,xgb-v1.0,2025-12-28T10:00:00,hist-v1-202512,30d
FC-0001515,FPS-0158,2026-02,RICE,200,145,175,xgb-v1.0,2025-12-28T10:00:00,hist-v1-202512,30d
FC-0001516,FPS-0158,2026-02,WHEAT,200,103,147,xgb-v1.0,2025-12-28T10:00:00,hist-v1-202512,30d
FC-0001517,FPS-0159,2026-02,RICE,180,75,125,xgb-v1.0,2025-12-28T10:00:00,hist-v1-202512,30d
FC-0001518,FPS-0159,2026-02,WHEAT,200,50,124,xgb-v1.0,2025-12-28T10:00:00,hist-v1-202512,30d
FC-0001519,FPS-0160,2026-02,RICE,200,59,127,xgb-v1.0,2025-12-28T10:00:00,hist-v1-202512,30d
FC-0001520,FPS-0160,2026-02,WHEAT,200,41,111,xgb-v1.0,2025-12-28T10:00:00,hist-v1-202512,30d
FC-0001521,FPS-0161,2026-02,RICE,274,173,224,xgb-v1.0,2025-12-28T10:00:00,hist-v1-202512,30d
FC-0001522,FPS-0161,2026-02,WHEAT,183,117,151,xgb-v1.0,2025-12-28T10:00:00,hist-v1-202512,30d
FC-0001523,FPS-0162,2026-02,RICE,200,104,154,xgb-v1.0,2025-12-28T10:00:00,hist-v1-202512,30d
FC-0001524,FPS-0162,2026-02,WHEAT,200,70,136,xgb-v1.0,2025-12-28T10:00:00,hist-v1-202512,30d
FC-0001525,FPS-0163,2026-02,RICE,180,102,142,xgb-v1.0,2025-12-28T10:00:00,hist-v1-202512,30d
FC-0001526,FPS-0163,2026-02,WHEAT,200,74,136,xgb-v1.0,2025-12-28T10:00:00,hist-v1-202512,30d
FC-0001527,FPS-0164,2026-02,RICE,200,84,141,xgb-v1.0,2025-12-28T10:00:00,hist-v1-202512,30d
FC-0001528,FPS-0164,2026-02,WHEAT,200,54,126,xgb-v1.0,2025-12-28T10:00:00,hist-v1-202512,30d
FC-0001529,FPS-0165,2026-02,RICE,200,105,154,xgb-v1.0,2025-12-28T10:00:00,hist-v1-202512,30d
FC-0001530,FPS-0165,2026-02,WHEAT,200,74,133,xgb-v1.0,2025-12-28T10:00:00,hist-v1-202512,30d
FC-0001531,FPS-0166,2026-02,RICE,212,127,168,xgb-v1.0,2025-12-28T10:00:00,hist-v1-202512,30d
FC-0001532,FPS-0166,2026-02,WHEAT,200,86,141,xgb-v1.0,2025-12-28T10:00:00,hist-v1-202512,30d
FC-0001533,FPS-0167,2026-02,RICE,200,101,147,xgb-v1.0,2025-12-28T10:00:00,hist-v1-202512,30d
FC-0001534,FPS-0167,2026-02,WHEAT,200,65,133,xgb-v1.0,2025-12-28T10:00:00,hist-v1-202512,30d
FC-0001535,FPS-0168,2026-02,RICE,200,66,128,xgb-v1.0,2025-12-28T10:00:00,hist-v1-202512,30d
FC-0001536,FPS-0168,2026-02,WHEAT,200,41,117,xgb-v1.0,2025-12-28T10:00:00,hist-v1-202512,30d
FC-0001537,FPS-0169,2026-02,RICE,180,116,151,xgb-v1.0,2025-12-28T10:00:00,hist-v1-202512,30d
FC-0001538,FPS-0169,2026-02,WHEAT,200,79,131,xgb-v1.0,2025-12-28T10:00:00,hist-v1-202512,30d
FC-0001539,FPS-0170,2026-02,RICE,180,166,173,xgb-v1.0,2025-12-28T10:00:00,hist-v1-202512,30d
FC-0001540,FPS-0170,2026-02,WHEAT,200,113,154,xgb-v1.0,2025-12-28T10:00:00,hist-v1-202512,30d
FC-0001541,FPS-0171,2026-02,RICE,200,94,142,xgb-v1.0,2025-12-28T10:00:00,hist-v1-202512,30d
FC-0001542,FPS-0171,2026-02,WHEAT,200,68,125,xgb-v1.0,2025-12-28T10:00:00,hist-v1-202512,30d
FC-0001543,FPS-0172,2026-02,RICE,233,100,159,xgb-v1.0,2025-12-28T10:00:00,hist-v1-202512,30d
FC-0001544,FPS-0172,2026-02,WHEAT,200,69,126,xgb-v1.0,2025-12-28T10:00:00,hist-v1-202512,30d
FC-0001545,FPS-0173,2026-02,RICE,181,141,160,xgb-v1.0,2025-12-28T10:00:00,hist-v1-202512,30d
FC-0001546,FPS-0173,2026-02,WHEAT,200,98,144,xgb-v1.0,2025-12-28T10:00:00,hist-v1-202512,30d
FC-0001547,FPS-0174,2026-02,RICE,256,182,215,xgb-v1.0,2025-12-28T10:00:00,hist-v1-202512,30d
FC-0001548,FPS-0174,2026-02,WHEAT,200,111,148,xgb-v1.0,2025-12-28T10:00:00,hist-v1-202512,30d
FC-0001549,FPS-0175,2026-02,RICE,234,153,195,xgb-v1.0,2025-12-28T10:00:00,hist-v1-202512,30d
FC-0001550,FPS-0175,2026-02,WHEAT,200,104,154,xgb-v1.0,2025-12-28T10:00:00,hist-v1-202512,30d
FC-0001551,FPS-0176,2026-02,RICE,200,116,160,xgb-v1.0,2025-12-28T10:00:00,hist-v1-202512,30d
FC-0001552,FPS-0176,2026-02,WHEAT,180,84,126,xgb-v1.0,2025-12-28T10:00:00,hist-v1-202512,30d
FC-0001553,FPS-0177,2026-02,RICE,200,75,132,xgb-v1.0,2025-12-28T10:00:00,hist-v1-202512,30d
FC-0001554,FPS-0177,2026-02,WHEAT,200,48,118,xgb-v1.0,2025-12-28T10:00:00,hist-v1-202512,30d
FC-0001555,FPS-0178,2026-02,RICE,200,83,138,xgb-v1.0,2025-12-28T10:00:00,hist-v1-202512,30d
FC-0001556,FPS-0178,2026-02,WHEAT,200,56,121,xgb-v1.0,2025-12-28T10:00:00,hist-v1-202512,30d
FC-0001557,FPS-0179,2026-02,RICE,260,156,200,xgb-v1.0,2025-12-28T10:00:00,hist-v1-202512,30d
FC-0001558,FPS-0179,2026-02,WHEAT,203,104,155,xgb-v1.0,2025-12-28T10:00:00,hist-v1-202512,30d
FC-0001559,FPS-0180,2026-02,RICE,200,101,147,xgb-v1.0,2025-12-28T10:00:00,hist-v1-202512,30d
FC-0001560,FPS-0180,2026-02,WHEAT,200,70,129,xgb-v1.0,2025-12-28T10:00:00,hist-v1-202512,30d
FC-0001561,FPS-0181,2026-02,RICE,227,174,205,xgb-v1.0,2025-12-28T10:00:00,hist-v1-202512,30d
FC-0001562,FPS-0181,2026-02,WHEAT,200,112,148,xgb-v1.0,2025-12-28T10:00:00,hist-v1-202512,30d
FC-0001563,FPS-0182,2026-02,RICE,216,108,162,xgb-v1.0,2025-12-28T10:00:00,hist-v1-202512,30d
FC-0001564,FPS-0182,2026-02,WHEAT,200,65,127,xgb-v1.0,2025-12-28T10:00:00,hist-v1-202512,30d
FC-0001565,FPS-0183,2026-02,RICE,212,122,163,xgb-v1.0,2025-12-28T10:00:00,hist-v1-202512,30d
FC-0001566,FPS-0183,2026-02,WHEAT,200,84,141,xgb-v1.0,2025-12-28T10:00:00,hist-v1-202512,30d
FC-0001567,FPS-0184,2026-02,RICE,266,164,206,xgb-v1.0,2025-12-28T10:00:00,hist-v1-202512,30d
FC-0001568,FPS-0184,2026-02,WHEAT,200,113,150,xgb-v1.0,2025-12-28T10:00:00,hist-v1-202512,30d
FC-0001569,FPS-0185,2026-02,RICE,203,145,175,xgb-v1.0,2025-12-28T10:00:00,hist-v1-202512,30d
FC-0001570,FPS-0185,2026-02,WHEAT,200,101,150,xgb-v1.0,2025-12-28T10:00:00,hist-v1-202512,30d
FC-0001571,FPS-0186,2026-02,RICE,245,196,223,xgb-v1.0,2025-12-28T10:00:00,hist-v1-202512,30d
FC-0001572,FPS-0186,2026-02,WHEAT,200,138,175,xgb-v1.0,2025-12-28T10:00:00,hist-v1-202512,30d
FC-0001573,FPS-0187,2026-02,RICE,233,130,180,xgb-v1.0,2025-12-28T10:00:00,hist-v1-202512,30d
FC-0001574,FPS-0187,2026-02,WHEAT,180,80,131,xgb-v1.0,2025-12-28T10:00:00,hist-v1-202512,30d
FC-0001575,FPS-0188,2026-02,RICE,200,78,138,xgb-v1.0,2025-12-28T10:00:00,hist-v1-202512,30d
FC-0001576,FPS-0188,2026-02,WHEAT,200,50,121,xgb-v1.0,2025-12-28T10:00:00,hist-v1-202512,30d
FC-0001577,FPS-0189,2026-02,RICE,295,153,227,xgb-v1.0,2025-12-28T10:00:00,hist-v1-202512,30d
FC-0001578,FPS-0189,2026-02,WHEAT,215,98,148,xgb-v1.0,2025-12-28T10:00:00,hist-v1-202512,30d
FC-0001579,FPS-0190,2026-02,RICE,180,81,126,xgb-v1.0,2025-12-28T10:00:00,hist-v1-202512,30d
FC-0001580,FPS-0190,2026-02,WHEAT,200,51,118,xgb-v1.0,2025-12-28T10:00:00,hist-v1-202512,30d
FC-0001581,FPS-0191,2026-02,RICE,200,79,138,xgb-v1.0,2025-12-28T10:00:00,hist-v1-202512,30d
FC-0001582,FPS-0191,2026-02,WHEAT,200,47,118,xgb-v1.0,2025-12-28T10:00:00,hist-v1-202512,30d
FC-0001583,FPS-0192,2026-02,RICE,200,80,135,xgb-v1.0,2025-12-28T10:00:00,hist-v1-202512,30d
FC-0001584,FPS-0192,2026-02,WHEAT,180,54,109,xgb-v1.0,2025-12-28T10:00:00,hist-v1-202512,30d
FC-0001585,FPS-0193,2026-02,RICE,229,132,173,xgb-v1.0,2025-12-28T10:00:00,hist-v1-202512,30d
FC-0001586,FPS-0193,2026-02,WHEAT,200,95,145,xgb-v1.0,2025-12-28T10:00:00,hist-v1-202512,30d
FC-0001587,FPS-0194,2026-02,RICE,200,76,136,xgb-v1.0,2025-12-28T10:00:00,hist-v1-202512,30d
FC-0001588,FPS-0194,2026-02,WHEAT,200,50,115,xgb-v1.0,2025-12-28T10:00:00,hist-v1-202512,30d
FC-0001589,FPS-0195,2026-02,RICE,200,148,168,xgb-v1.0,2025-12-28T10:00:00,hist-v1-202512,30d
FC-0001590,FPS-0195,2026-02,WHEAT,200,100,150,xgb-v1.0,2025-12-28T10:00:00,hist-v1-202512,30d
FC-0001591,FPS-0196,2026-02,RICE,265,187,222,xgb-v1.0,2025-12-28T10:00:00,hist-v1-202512,30d
FC-0001592,FPS-0196,2026-02,WHEAT,181,126,150,xgb-v1.0,2025-12-28T10:00:00,hist-v1-202512,30d
FC-0001593,FPS-0197,2026-02,RICE,248,158,198,xgb-v1.0,2025-12-28T10:00:00,hist-v1-202512,30d
FC-0001594,FPS-0197,2026-02,WHEAT,200,101,144,xgb-v1.0,2025-12-28T10:00:00,hist-v1-202512,30d
FC-0001595,FPS-0198,2026-02,RICE,200,93,140,xgb-v1.0,2025-12-28T10:00:00,hist-v1-202512,30d
FC-0001596,FPS-0198,2026-02,WHEAT,200,63,124,xgb-v1.0,2025-12-28T10:00:00,hist-v1-202512,30d
FC-0001597,FPS-0199,2026-02,RICE,200,97,148,xgb-v1.0,2025-12-28T10:00:00,hist-v1-202512,30d
FC-0001598,FPS-0199,2026-02,WHEAT,200,68,129,xgb-v1.0,2025-12-28T10:00:00,hist-v1-202512,30d
FC-0001599,FPS-0200,2026-02,RICE,200,71,135,xgb-v1.0,2025-12-28T10:00:00,hist-v1-202512,30d
FC-0001600,FPS-0200,2026-02,WHEAT,200,47,115,xgb-v1.0,2025-12-28T10:00:00,hist-v1-202512,30d
FC-0001601,FPS-0201,2026-02,RICE,200,76,139,xgb-v1.0,2025-12-28T10:00:00,hist-v1-202512,30d
FC-0001602,FPS-0201,2026-02,WHEAT,200,52,119,xgb-v1.0,2025-12-28T10:00:00,hist-v1-202512,30d
FC-0001603,FPS-0202,2026-02,RICE,200,121,153,xgb-v1.0,2025-12-28T10:00:00,hist-v1-202512,30d
FC-0001604,FPS-0202,2026-02,WHEAT,200,75,130,xgb-v1.0,2025-12-28T10:00:00,hist-v1-202512,30d
FC-0001605,FPS-0203,2026-02,RICE,200,77,137,xgb-v1.0,2025-12-28T10:00:00,hist-v1-202512,30d
FC-0001606,FPS-0203,2026-02,WHEAT,200,54,126,xgb-v1.0,2025-12-28T10:00:00,hist-v1-202512,30d
FC-0001607,FPS-0204,2026-02,RICE,229,129,174,xgb-v1.0,2025-12-28T10:00:00,hist-v1-202512,30d
FC-0001608,FPS-0204,2026-02,WHEAT,200,91,148,xgb-v1.0,2025-12-28T10:00:00,hist-v1-202512,30d
FC-0001609,FPS-0205,2026-02,RICE,200,112,153,xgb-v1.0,2025-12-28T10:00:00,hist-v1-202512,30d
FC-0001610,FPS-0205,2026-02,WHEAT,200,77,139,xgb-v1.0,2025-12-28T10:00:00,hist-v1-202512,30d
FC-0001611,FPS-0206,2026-02,RICE,285,180,223,xgb-v1.0,2025-12-28T10:00:00,hist-v1-202512,30d
FC-0001612,FPS-0206,2026-02,WHEAT,214,123,167,xgb-v1.0,2025-12-28T10:00:00,hist-v1-202512,30d
FC-0001613,FPS-0207,2026-02,RICE,369,204,286,xgb-v1.0,2025-12-28T10:00:00,hist-v1-202512,30d
FC-0001614,FPS-0207,2026-02,WHEAT,246,135,185,xgb-v1.0,2025-12-28T10:00:00,hist-v1-202512,30d
FC-0001615,FPS-0208,2026-02,RICE,219,151,190,xgb-v1.0,2025-12-28T10:00:00,hist-v1-202512,30d
FC-0001616,FPS-0208,2026-02,WHEAT,200,112,152,xgb-v1.0,2025-12-28T10:00:00,hist-v1-202512,30d
FC-0001617,FPS-0209,2026-02,RICE,247,153,203,xgb-v1.0,2025-12-28T10:00:00,hist-v1-202512,30d
FC-0001618,FPS-0209,2026-02,WHEAT,202,104,152,xgb-v1.0,2025-12-28T10:00:00,hist-v1-202512,30d
FC-0001619,FPS-0210,2026-02,RICE,208,156,178,xgb-v1.0,2025-12-28T10:00:00,hist-v1-202512,30d
FC-0001620,FPS-0210,2026-02,WHEAT,200,111,150,xgb-v1.0,2025-12-28T10:00:00,hist-v1-202512,30d
FC-0001621,FPS-0211,2026-02,RICE,231,135,187,xgb-v1.0,2025-12-28T10:00:00,hist-v1-202512,30d
FC-0001622,FPS-0211,2026-02,WHEAT,200,91,138,xgb-v1.0,2025-12-28T10:00:00,hist-v1-202512,30d
FC-0001623,FPS-0212,2026-02,RICE,200,51,122,xgb-v1.0,2025-12-28T10:00:00,hist-v1-202512,30d
FC-0001624,FPS-0212,2026-02,WHEAT,200,33,106,xgb-v1.0,2025-12-28T10:00:00,hist-v1-202512,30d
FC-0001625,FPS-0213,2026-02,RICE,201,108,156,xgb-v1.0,2025-12-28T10:00:00,hist-v1-202512,30d
FC-0001626,FPS-0213,2026-02,WHEAT,200,67,125,xgb-v1.0,2025-12-28T10:00:00,hist-v1-202512,30d
FC-0001627,FPS-0214,2026-02,RICE,200,79,133,xgb-v1.0,2025-12-28T10:00:00,hist-v1-202512,30d
FC-0001628,FPS-0214,2026-02,WHEAT,180,58,119,xgb-v1.0,2025-12-28T10:00:00,hist-v1-202512,30d
FC-0001629,FPS-0215,2026-02,RICE,200,84,139,xgb-v1.0,2025-12-28T10:00:00,hist-v1-202512,30d
FC-0001630,FPS-0215,2026-02,WHEAT,200,58,122,xgb-v1.0,2025-12-28T10:00:00,hist-v1-202512,30d
FC-0001631,FPS-0216,2026-02,RICE,180,116,145,xgb-v1.0,2025-12-28T10:00:00,hist-v1-202512,30d
FC-0001632,FPS-0216,2026-02,WHEAT,200,76,134,xgb-v1.0,2025-12-28T10:00:00,hist-v1-202512,30d
FC-0001633,FPS-0217,2026-02,RICE,208,89,149,xgb-v1.0,2025-12-28T10:00:00,hist-v1-202512,30d
FC-0001634,FPS-0217,2026-02,WHEAT,200,61,125,xgb-v1.0,2025-12-28T10:00:00,hist-v1-202512,30d
FC-0001635,FPS-0218,2026-02,RICE,180,93,131,xgb-v1.0,2025-12-28T10:00:00,hist-v1-202512,30d
FC-0001636,FPS-0218,2026-02,WHEAT,200,65,125,xgb-v1.0,2025-12-28T10:00:00,hist-v1-202512,30d
FC-0001637,FPS-0219,2026-02,RICE,208,132,175,xgb-v1.0,2025-12-28T10:00:00,hist-v1-202512,30d
FC-0001638,FPS-0219,2026-02,WHEAT,200,93,148,xgb-v1.0,2025-12-28T10:00:00,hist-v1-202512,30d
FC-0001639,FPS-0220,2026-02,RICE,260,178,223,xgb-v1.0,2025-12-28T10:00:00,hist-v1-202512,30d
FC-0001640,FPS-0220,2026-02,WHEAT,180,116,143,xgb-v1.0,2025-12-28T10:00:00,hist-v1-202512,30d
FC-0001641,FPS-0221,2026-02,RICE,227,134,178,xgb-v1.0,2025-12-28T10:00:00,hist-v1-202512,30d
FC-0001642,FPS-0221,2026-02,WHEAT,200,90,147,xgb-v1.0,2025-12-28T10:00:00,hist-v1-202512,30d
FC-0001643,FPS-0222,2026-02,RICE,242,167,198,xgb-v1.0,2025-12-28T10:00:00,hist-v1-202512,30d
FC-0001644,FPS-0222,2026-02,WHEAT,200,112,149,xgb-v1.0,2025-12-28T10:00:00,hist-v1-202512,30d
FC-0001645,FPS-0223,2026-02,RICE,236,134,182,xgb-v1.0,2025-12-28T10:00:00,hist-v1-202512,30d
FC-0001646,FPS-0223,2026-02,WHEAT,200,92,140,xgb-v1.0,2025-12-28T10:00:00,hist-v1-202512,30d
FC-0001647,FPS-0224,2026-02,RICE,211,92,152,xgb-v1.0,2025-12-28T10:00:00,hist-v1-202512,30d
FC-0001648,FPS-0224,2026-02,WHEAT,200,64,125,xgb-v1.0,2025-12-28T10:00:00,hist-v1-202512,30d
FC-0001649,FPS-0225,2026-02,RICE,200,108,151,xgb-v1.0,2025-12-28T10:00:00,hist-v1-202512,30d
FC-0001650,FPS-0225,2026-02,WHEAT,200,71,130,xgb-v1.0,2025-12-28T10:00:00,hist-v1-202512,30d
FC-0001651,FPS-0226,2026-02,RICE,200,111,148,xgb-v1.0,2025-12-28T10:00:00,hist-v1-202512,30d
FC-0001652,FPS-0226,2026-02,WHEAT,200,75,130,xgb-v1.0,2025-12-28T10:00:00,hist-v1-202512,30d
FC-0001653,FPS-0227,2026-02,RICE,180,94,133,xgb-v1.0,2025-12-28T10:00:00,hist-v1-202512,30d
FC-0001654,FPS-0227,2026-02,WHEAT,200,64,130,xgb-v1.0,2025-12-28T10:00:00,hist-v1-202512,30d
FC-0001655,FPS-0228,2026-02,RICE,223,130,177,xgb-v1.0,2025-12-28T10:00:00,hist-v1-202512,30d
FC-0001656,FPS-0228,2026-02,WHEAT,200,84,140,xgb-v1.0,2025-12-28T10:00:00,hist-v1-202512,30d
FC-0001657,FPS-0229,2026-02,RICE,200,138,167,xgb-v1.0,2025-12-28T10:00:00,hist-v1-202512,30d
FC-0001658,FPS-0229,2026-02,WHEAT,200,92,145,xgb-v1.0,2025-12-28T10:00:00,hist-v1-202512,30d
FC-0001659,FPS-0230,2026-02,RICE,288,210,249,xgb-v1.0,2025-12-28T10:00:00,hist-v1-202512,30d
FC-0001660,FPS-0230,2026-02,WHEAT,201,141,175,xgb-v1.0,2025-12-28T10:00:00,hist-v1-202512,30d
FC-0001661,FPS-0231,2026-02,RICE,202,134,167,xgb-v1.0,2025-12-28T10:00:00,hist-v1-202512,30d
FC-0001662,FPS-0231,2026-02,WHEAT,200,92,148,xgb-v1.0,2025-12-28T10:00:00,hist-v1-202512,30d
FC-0001663,FPS-0232,2026-02,RICE,200,144,165,xgb-v1.0,2025-12-28T10:00:00,hist-v1-202512,30d
FC-0001664,FPS-0232,2026-02,WHEAT,200,105,145,xgb-v1.0,2025-12-28T10:00:00,hist-v1-202512,30d
FC-0001665,FPS-0233,2026-02,RICE,200,76,131,xgb-v1.0,2025-12-28T10:00:00,hist-v1-202512,30d
FC-0001666,FPS-0233,2026-02,WHEAT,200,54,120,xgb-v1.0,2025-12-28T10:00:00,hist-v1-202512,30d
FC-0001667,FPS-0234,2026-02,RICE,204,130,168,xgb-v1.0,2025-12-28T10:00:00,hist-v1-202512,30d
FC-0001668,FPS-0234,2026-02,WHEAT,180,89,133,xgb-v1.0,2025-12-28T10:00:00,hist-v1-202512,30d
FC-0001669,FPS-0235,2026-02,RICE,231,128,184,xgb-v1.0,2025-12-28T10:00:00,hist-v1-202512,30d
FC-0001670,FPS-0235,2026-02,WHEAT,200,80,133,xgb-v1.0,2025-12-28T10:00:00,hist-v1-202512,30d
FC-0001671,FPS-0236,2026-02,RICE,200,104,148,xgb-v1.0,2025-12-28T10:00:00,hist-v1-202512,30d
FC-0001672,FPS-0236,2026-02,WHEAT,200,66,127,xgb-v1.0,2025-12-28T10:00:00,hist-v1-202512,30d
FC-0001673,FPS-0237,2026-02,RICE,208,139,176,xgb-v1.0,2025-12-28T10:00:00,hist-v1-202512,30d
FC-0001674,FPS-0237,2026-02,WHEAT,200,96,147,xgb-v1.0,2025-12-28T10:00:00,hist-v1-202512,30d
FC-0001675,FPS-0238,2026-02,RICE,225,129,179,xgb-v1.0,2025-12-28T10:00:00,hist-v1-202512,30d
FC-0001676,FPS-0238,2026-02,WHEAT,200,93,139,xgb-v1.0,2025-12-28T10:00:00,hist-v1-202512,30d
FC-0001677,FPS-0239,2026-02,RICE,235,116,178,xgb-v1.0,2025-12-28T10:00:00,hist-v1-202512,30d
FC-0001678,FPS-0239,2026-02,WHEAT,180,73,121,xgb-v1.0,2025-12-28T10:00:00,hist-v1-202512,30d
FC-0001679,FPS-0240,2026-02,RICE,259,177,216,xgb-v1.0,2025-12-28T10:00:00,hist-v1-202512,30d
FC-0001680,FPS-0240,2026-02,WHEAT,200,126,166,xgb-v1.0,2025-12-28T10:00:00,hist-v1-202512,30d
FC-0001681,FPS-0241,2026-02,RICE,224,112,164,xgb-v1.0,2025-12-28T10:00:00,hist-v1-202512,30d
FC-0001682,FPS-0241,2026-02,WHEAT,200,76,136,xgb-v1.0,2025-12-28T10:00:00,hist-v1-202512,30d
FC-0001683,FPS-0242,2026-02,RICE,200,69,127,xgb-v1.0,2025-12-28T10:00:00,hist-v1-202512,30d
FC-0001684,FPS-0242,2026-02,WHEAT,160,48,101,xgb-v1.0,2025-12-28T10:00:00,hist-v1-202512,30d
FC-0001685,FPS-0243,2026-02,RICE,248,180,223,xgb-v1.0,2025-12-28T10:00:00,hist-v1-202512,30d
FC-0001686,FPS-0243,2026-02,WHEAT,200,121,158,xgb-v1.0,2025-12-28T10:00:00,hist-v1-202512,30d
FC-0001687,FPS-0244,2026-02,RICE,200,91,146,xgb-v1.0,2025-12-28T10:00:00,hist-v1-202512,30d
FC-0001688,FPS-0244,2026-02,WHEAT,200,64,131,xgb-v1.0,2025-12-28T10:00:00,hist-v1-202512,30d
FC-0001689,FPS-0245,2026-02,RICE,200,85,135,xgb-v1.0,2025-12-28T10:00:00,hist-v1-202512,30d
FC-0001690,FPS-0245,2026-02,WHEAT,200,53,119,xgb-v1.0,2025-12-28T10:00:00,hist-v1-202512,30d
FC-0001691,FPS-0246,2026-02,RICE,300,221,270,xgb-v1.0,2025-12-28T10:00:00,hist-v1-202512,30d
FC-0001692,FPS-0246,2026-02,WHEAT,215,154,188,xgb-v1.0,2025-12-28T10:00:00,hist-v1-202512,30d
FC-0001693,FPS-0247,2026-02,RICE,209,93,145,xgb-v1.0,2025-12-28T10:00:00,hist-v1-202512,30d
FC-0001694,FPS-0247,2026-02,WHEAT,200,65,123,xgb-v1.0,2025-12-28T10:00:00,hist-v1-202512,30d
FC-0001695,FPS-0248,2026-02,RICE,315,196,253,xgb-v1.0,2025-12-28T10:00:00,hist-v1-202512,30d
FC-0001696,FPS-0248,2026-02,WHEAT,229,129,183,xgb-v1.0,2025-12-28T10:00:00,hist-v1-202512,30d
FC-0001697,FPS-0249,2026-02,RICE,291,190,238,xgb-v1.0,2025-12-28T10:00:00,hist-v1-202512,30d
FC-0001698,FPS-0249,2026-02,WHEAT,216,134,180,xgb-v1.0,2025-12-28T10:00:00,hist-v1-202512,30d
FC-0001699,FPS-0250,2026-02,RICE,200,92,146,xgb-v1.0,2025-12-28T10:00:00,hist-v1-202512,30d
FC-0001700,FPS-0250,2026-02,WHEAT,180,61,113,xgb-v1.0,2025-12-28T10:00:00,hist-v1-202512,30d
FC-0001701,FPS-0251,2026-02,RICE,200,131,162,xgb-v1.0,2025-12-28T10:00:00,hist-v1-202512,30d
FC-0001702,FPS-0251,2026-02,WHEAT,200,85,140,xgb-v1.0,2025-12-28T10:00:00,hist-v1-202512,30d
FC-0001703,FPS-0252,2026-02,RICE,204,86,141,xgb-v1.0,2025-12-28T10:00:00,hist-v1-202512,30d
FC-0001704,FPS-0252,2026-02,WHEAT,200,62,128,xgb-v1.0,2025-12-28T10:00:00,hist-v1-202512,30d
FC-0001705,FPS-0253,2026-02,RICE,263,189,226,xgb-v1.0,2025-12-28T10:00:00,hist-v1-202512,30d
FC-0001706,FPS-0253,2026-02,WHEAT,180,131,152,xgb-v1.0,2025-12-28T10:00:00,hist-v1-202512,30d
FC-0001707,FPS-0254,2026-02,RICE,200,66,132,xgb-v1.0,2025-12-28T10:00:00,hist-v1-202512,30d
FC-0001708,FPS-0254,2026-02,WHEAT,200,44,116,xgb-v1.0,2025-12-28T10:00:00,hist-v1-202512,30d
FC-0001709,FPS-0255,2026-02,RICE,200,140,168,xgb-v1.0,2025-12-28T10:00:00,hist-v1-202512,30d
FC-0001710,FPS-0255,2026-02,WHEAT,200,96,148,xgb-v1.0,2025-12-28T10:00:00,hist-v1-202512,30d
FC-0001711,FPS-0256,2026-02,RICE,200,133,171,xgb-v1.0,2025-12-28T10:00:00,hist-v1-202512,30d
FC-0001712,FPS-0256,2026-02,WHEAT,200,91,138,xgb-v1.0,2025-12-28T10:00:00,hist-v1-202512,30d
FC-0001713,FPS-0257,2026-02,RICE,182,107,140,xgb-v1.0,2025-12-28T10:00:00,hist-v1-202512,30d
FC-0001714,FPS-0257,2026-02,WHEAT,200,71,131,xgb-v1.0,2025-12-28T10:00:00,hist-v1-202512,30d
FC-0001715,FPS-0258,2026-02,RICE,200,105,151,xgb-v1.0,2025-12-28T10:00:00,hist-v1-202512,30d
FC-0001716,FPS-0258,2026-02,WHEAT,200,68,131,xgb-v1.0,2025-12-28T10:00:00,hist-v1-202512,30d
FC-0001717,FPS-0259,2026-02,RICE,200,74,134,xgb-v1.0,2025-12-28T10:00:00,hist-v1-202512,30d
FC-0001718,FPS-0259,2026-02,WHEAT,200,51,123,xgb-v1.0,2025-12-28T10:00:00,hist-v1-202512,30d
FC-0001719,FPS-0260,2026-02,RICE,200,50,117,xgb-v1.0,2025-12-28T10:00:00,hist-v1-202512,30d
FC-0001720,FPS-0260,2026-02,WHEAT,200,35,112,xgb-v1.0,2025-12-28T10:00:00,hist-v1-202512,30d
FC-0001721,FPS-0261,2026-02,RICE,200,47,120,xgb-v1.0,2025-12-28T10:00:00,hist-v1-202512,30d
FC-0001722,FPS-0261,2026-02,WHEAT,200,30,109,xgb-v1.0,2025-12-28T10:00:00,hist-v1-202512,30d
FC-0001723,FPS-0262,2026-02,RICE,200,117,157,xgb-v1.0,2025-12-28T10:00:00,hist-v1-202512,30d
FC-0001724,FPS-0262,2026-02,WHEAT,200,78,134,xgb-v1.0,2025-12-28T10:00:00,hist-v1-202512,30d
FC-0001725,FPS-0263,2026-02,RICE,200,110,150,xgb-v1.0,2025-12-28T10:00:00,hist-v1-202512,30d
FC-0001726,FPS-0263,2026-02,WHEAT,200,79,133,xgb-v1.0,2025-12-28T10:00:00,hist-v1-202512,30d
FC-0001727,FPS-0264,2026-02,RICE,200,12,94,xgb-v1.0,2025-12-28T10:00:00,hist-v1-202512,30d
FC-0001728,FPS-0264,2026-02,WHEAT,200,9,95,xgb-v1.0,2025-12-28T10:00:00,hist-v1-202512,30d
FC-0001729,FPS-0265,2026-02,RICE,231,150,191,xgb-v1.0,2025-12-28T10:00:00,hist-v1-202512,30d
FC-0001730,FPS-0265,2026-02,WHEAT,200,100,145,xgb-v1.0,2025-12-28T10:00:00,hist-v1-202512,30d
FC-0001731,FPS-0266,2026-02,RICE,180,94,136,xgb-v1.0,2025-12-28T10:00:00,hist-v1-202512,30d
FC-0001732,FPS-0266,2026-02,WHEAT,200,64,125,xgb-v1.0,2025-12-28T10:00:00,hist-v1-202512,30d
FC-0001733,FPS-0267,2026-02,RICE,200,83,140,xgb-v1.0,2025-12-28T10:00:00,hist-v1-202512,30d
FC-0001734,FPS-0267,2026-02,WHEAT,200,57,126,xgb-v1.0,2025-12-28T10:00:00,hist-v1-202512,30d
FC-0001735,FPS-0268,2026-02,RICE,200,131,168,xgb-v1.0,2025-12-28T10:00:00,hist-v1-202512,30d
FC-0001736,FPS-0268,2026-02,WHEAT,200,91,143,xgb-v1.0,2025-12-28T10:00:00,hist-v1-202512,30d
FC-0001737,FPS-0269,2026-02,RICE,238,141,191,xgb-v1.0,2025-12-28T10:00:00,hist-v1-202512,30d
FC-0001738,FPS-0269,2026-02,WHEAT,200,92,142,xgb-v1.0,2025-12-28T10:00:00,hist-v1-202512,30d
FC-0001739,FPS-0270,2026-02,RICE,200,61,128,xgb-v1.0,2025-12-28T10:00:00,hist-v1-202512,30d
FC-0001740,FPS-0270,2026-02,WHEAT,200,42,114,xgb-v1.0,2025-12-28T10:00:00,hist-v1-202512,30d
FC-0001741,FPS-0271,2026-02,RICE,215,132,172,xgb-v1.0,2025-12-28T10:00:00,hist-v1-202512,30d
FC-0001742,FPS-0271,2026-02,WHEAT,200,94,141,xgb-v1.0,2025-12-28T10:00:00,hist-v1-202512,30d
FC-0001743,FPS-0272,2026-02,RICE,272,196,234,xgb-v1.0,2025-12-28T10:00:00,hist-v1-202512,30d
FC-0001744,FPS-0272,2026-02,WHEAT,203,127,169,xgb-v1.0,2025-12-28T10:00:00,hist-v1-202512,30d
FC-0001745,FPS-0273,2026-02,RICE,286,196,243,xgb-v1.0,2025-12-28T10:00:00,hist-v1-202512,30d
FC-0001746,FPS-0273,2026-02,WHEAT,182,131,156,xgb-v1.0,2025-12-28T10:00:00,hist-v1-202512,30d
FC-0001747,FPS-0274,2026-02,RICE,206,96,145,xgb-v1.0,2025-12-28T10:00:00,hist-v1-202512,30d
FC-0001748,FPS-0274,2026-02,WHEAT,180,66,120,xgb-v1.0,2025-12-28T10:00:00,hist-v1-202512,30d
FC-0001749,FPS-0275,2026-02,RICE,203,114,160,xgb-v1.0,2025-12-28T10:00:00,hist-v1-202512,30d
FC-0001750,FPS-0275,2026-02,WHEAT,200,72,127,xgb-v1.0,2025-12-28T10:00:00,hist-v1-202512,30d
FC-0001751,FPS-0276,2026-02,RICE,211,129,174,xgb-v1.0,2025-12-28T10:00:00,hist-v1-202512,30d
FC-0001752,FPS-0276,2026-02,WHEAT,200,90,140,xgb-v1.0,2025-12-28T10:00:00,hist-v1-202512,30d
FC-0001753,FPS-0277,2026-02,RICE,212,131,167,xgb-v1.0,2025-12-28T10:00:00,hist-v1-202512,30d
FC-0001754,FPS-0277,2026-02,WHEAT,200,89,142,xgb-v1.0,2025-12-28T10:00:00,hist-v1-202512,30d
FC-0001755,FPS-0278,2026-02,RICE,200,106,145,xgb-v1.0,2025-12-28T10:00:00,hist-v1-202512,30d
FC-0001756,FPS-0278,2026-02,WHEAT,200,75,134,xgb-v1.0,2025-12-28T10:00:00,hist-v1-202512,30d
FC-0001757,FPS-0279,2026-02,RICE,307,224,258,xgb-v1.0,2025-12-28T10:00:00,hist-v1-202512,30d
FC-0001758,FPS-0279,2026-02,WHEAT,227,151,192,xgb-v1.0,2025-12-28T10:00:00,hist-v1-202512,30d
FC-0001759,FPS-0280,2026-02,RICE,200,105,152,xgb-v1.0,2025-12-28T10:00:00,hist-v1-202512,30d
FC-0001760,FPS-0280,2026-02,WHEAT,180,74,127,xgb-v1.0,2025-12-28T10:00:00,hist-v1-202512,30d
FC-0001761,FPS-0281,2026-02,RICE,203,119,162,xgb-v1.0,2025-12-28T10:00:00,hist-v1-202512,30d
FC-0001762,FPS-0281,2026-02,WHEAT,200,78,131,xgb-v1.0,2025-12-28T10:00:00,hist-v1-202512,30d
FC-0001763,FPS-0282,2026-02,RICE,239,150,188,xgb-v1.0,2025-12-28T10:00:00,hist-v1-202512,30d
FC-0001764,FPS-0282,2026-02,WHEAT,180,105,140,xgb-v1.0,2025-12-28T10:00:00,hist-v1-202512,30d
FC-0001765,FPS-0283,2026-02,RICE,200,122,163,xgb-v1.0,2025-12-28T10:00:00,hist-v1-202512,30d
FC-0001766,FPS-0283,2026-02,WHEAT,200,77,132,xgb-v1.0,2025-12-28T10:00:00,hist-v1-202512,30d
FC-0001767,FPS-0284,2026-02,RICE,200,107,148,xgb-v1.0,2025-12-28T10:00:00,hist-v1-202512,30d
FC-0001768,FPS-0284,2026-02,WHEAT,200,70,134,xgb-v1.0,2025-12-28T10:00:00,hist-v1-202512,30d
FC-0001769,FPS-0285,2026-02,RICE,221,162,188,xgb-v1.0,2025-12-28T10:00:00,hist-v1-202512,30d
FC-0001770,FPS-0285,2026-02,WHEAT,200,111,155,xgb-v1.0,2025-12-28T10:00:00,hist-v1-202512,30d
FC-0001771,FPS-0286,2026-02,RICE,200,105,149,xgb-v1.0,2025-12-28T10:00:00,hist-v1-202512,30d
FC-0001772,FPS-0286,2026-02,WHEAT,200,70,127,xgb-v1.0,2025-12-28T10:00:00,hist-v1-202512,30d
FC-0001773,FPS-0287,2026-02,RICE,345,218,271,xgb-v1.0,2025-12-28T10:00:00,hist-v1-202512,30d
FC-0001774,FPS-0287,2026-02,WHEAT,238,151,189,xgb-v1.0,2025-12-28T10:00:00,hist-v1-202512,30d
FC-0001775,FPS-0288,2026-02,RICE,200,103,145,xgb-v1.0,2025-12-28T10:00:00,hist-v1-202512,30d
FC-0001776,FPS-0288,2026-02,WHEAT,200,70,126,xgb-v1.0,2025-12-28T10:00:00,hist-v1-202512,30d
FC-0001777,FPS-0289,2026-02,RICE,200,82,135,xgb-v1.0,2025-12-28T10:00:00,hist-v1-202512,30d
FC-0001778,FPS-0289,2026-02,WHEAT,200,54,117,xgb-v1.0,2025-12-28T10:00:00,hist-v1-202512,30d
FC-0001779,FPS-0290,2026-02,RICE,205,160,181,xgb-v1.0,2025-12-28T10:00:00,hist-v1-202512,30d
FC-0001780,FPS-0290,2026-02,WHEAT,200,100,144,xgb-v1.0,2025-12-28T10:00:00,hist-v1-202512,30d
FC-0001781,FPS-0291,2026-02,RICE,238,80,159,xgb-v1.0,2025-12-28T10:00:00,hist-v1-202512,30d
FC-0001782,FPS-0291,2026-02,WHEAT,200,54,118,xgb-v1.0,2025-12-28T10:00:00,hist-v1-202512,30d
FC-0001783,FPS-0292,2026-02,RICE,268,239,258,xgb-v1.0,2025-12-28T10:00:00,hist-v1-202512,30d
FC-0001784,FPS-0292,2026-02,WHEAT,180,150,160,xgb-v1.0,2025-12-28T10:00:00,hist-v1-202512,30d
FC-0001785,FPS-0293,2026-02,RICE,216,123,173,xgb-v1.0,2025-12-28T10:00:00,hist-v1-202512,30d
FC-0001786,FPS-0293,2026-02,WHEAT,200,80,139,xgb-v1.0,2025-12-28T10:00:00,hist-v1-202512,30d
FC-0001787,FPS-0294,2026-02,RICE,209,151,176,xgb-v1.0,2025-12-28T10:00:00,hist-v1-202512,30d
FC-0001788,FPS-0294,2026-02,WHEAT,200,103,145,xgb-v1.0,2025-12-28T10:00:00,hist-v1-202512,30d
FC-0001789,FPS-0295,2026-02,RICE,200,81,141,xgb-v1.0,2025-12-28T10:00:00,hist-v1-202512,30d
FC-0001790,FPS-0295,2026-02,WHEAT,200,56,125,xgb-v1.0,2025-12-28T10:00:00,hist-v1-202512,30d
FC-0001791,FPS-0296,2026-02,RICE,200,103,143,xgb-v1.0,2025-12-28T10:00:00,hist-v1-202512,30d
FC-0001792,FPS-0296,2026-02,WHEAT,200,68,127,xgb-v1.0,2025-12-28T10:00:00,hist-v1-202512,30d
FC-0001793,FPS-0297,2026-02,RICE,204,88,143,xgb-v1.0,2025-12-28T10:00:00,hist-v1-202512,30d
FC-0001794,FPS-0297,2026-02,WHEAT,200,58,128,xgb-v1.0,2025-12-28T10:00:00,hist-v1-202512,30d
FC-0001795,FPS-0298,2026-02,RICE,200,108,156,xgb-v1.0,2025-12-28T10:00:00,hist-v1-202512,30d
FC-0001796,FPS-0298,2026-02,WHEAT,200,71,129,xgb-v1.0,2025-12-28T10:00:00,hist-v1-202512,30d
FC-0001797,FPS-0299,2026-02,RICE,200,94,139,xgb-v1.0,2025-12-28T10:00:00,hist-v1-202512,30d
FC-0001798,FPS-0299,2026-02,WHEAT,200,69,126,xgb-v1.0,2025-12-28T10:00:00,hist-v1-202512,30d
FC-0001799,FPS-0300,2026-02,RICE,238,143,187,xgb-v1.0,2025-12-28T10:00:00,hist-v1-202512,30d
FC-0001800,FPS-0300,2026-02,WHEAT,200,101,145,xgb-v1.0,2025-12-28T10:00:00,hist-v1-202512,30d
FC-0001801,FPS-0301,2026-02,RICE,219,126,167,xgb-v1.0,2025-12-28T10:00:00,hist-v1-202512,30d
FC-0001802,FPS-0301,2026-02,WHEAT,200,85,137,xgb-v1.0,2025-12-28T10:00:00,hist-v1-202512,30d
FC-0001803,FPS-0302,2026-02,RICE,222,112,164,xgb-v1.0,2025-12-28T10:00:00,hist-v1-202512,30d
FC-0001804,FPS-0302,2026-02,WHEAT,200,76,132,xgb-v1.0,2025-12-28T10:00:00,hist-v1-202512,30d
FC-0001805,FPS-0303,2026-02,RICE,200,71,128,xgb-v1.0,2025-12-28T10:00:00,hist-v1-202512,30d
FC-0001806,FPS-0303,2026-02,WHEAT,200,46,115,xgb-v1.0,2025-12-28T10:00:00,hist-v1-202512,30d
FC-0001807,FPS-0304,2026-02,RICE,238,122,183,xgb-v1.0,2025-12-28T10:00:00,hist-v1-202512,30d
FC-0001808,FPS-0304,2026-02,WHEAT,200,84,137,xgb-v1.0,2025-12-28T10:00:00,hist-v1-202512,30d
FC-0001809,FPS-0305,2026-02,RICE,208,97,146,xgb-v1.0,2025-12-28T10:00:00,hist-v1-202512,30d
FC-0001810,FPS-0305,2026-02,WHEAT,200,67,132,xgb-v1.0,2025-12-28T10:00:00,hist-v1-202512,30d
FC-0001811,FPS-0306,2026-02,RICE,200,83,141,xgb-v1.0,2025-12-28T10:00:00,hist-v1-202512,30d
FC-0001812,FPS-0306,2026-02,WHEAT,200,50,121,xgb-v1.0,2025-12-28T10:00:00,hist-v1-202512,30d
FC-0001813,FPS-0307,2026-02,RICE,218,131,177,xgb-v1.0,2025-12-28T10:00:00,hist-v1-202512,30d
FC-0001814,FPS-0307,2026-02,WHEAT,200,98,142,xgb-v1.0,2025-12-28T10:00:00,hist-v1-202512,30d
FC-0001815,FPS-0308,2026-02,RICE,210,145,175,xgb-v1.0,2025-12-28T10:00:00,hist-v1-202512,30d
FC-0001816,FPS-0308,2026-02,WHEAT,200,102,152,xgb-v1.0,2025-12-28T10:00:00,hist-v1-202512,30d
FC-0001817,FPS-0309,2026-02,RICE,234,157,188,xgb-v1.0,2025-12-28T10:00:00,hist-v1-202512,30d
FC-0001818,FPS-0309,2026-02,WHEAT,200,106,150,xgb-v1.0,2025-12-28T10:00:00,hist-v1-202512,30d
FC-0001819,FPS-0310,2026-02,RICE,200,108,147,xgb-v1.0,2025-12-28T10:00:00,hist-v1-202512,30d
FC-0001820,FPS-0310,2026-02,WHEAT,200,77,134,xgb-v1.0,2025-12-28T10:00:00,hist-v1-202512,30d
FC-0001821,FPS-0311,2026-02,RICE,251,181,210,xgb-v1.0,2025-12-28T10:00:00,hist-v1-202512,30d
FC-0001822,FPS-0311,2026-02,WHEAT,202,122,167,xgb-v1.0,2025-12-28T10:00:00,hist-v1-202512,30d
FC-0001823,FPS-0312,2026-02,RICE,253,169,205,xgb-v1.0,2025-12-28T10:00:00,hist-v1-202512,30d
FC-0001824,FPS-0312,2026-02,WHEAT,200,110,157,xgb-v1.0,2025-12-28T10:00:00,hist-v1-202512,30d
FC-0001825,FPS-0313,2026-02,RICE,181,143,167,xgb-v1.0,2025-12-28T10:00:00,hist-v1-202512,30d
FC-0001826,FPS-0313,2026-02,WHEAT,200,101,145,xgb-v1.0,2025-12-28T10:00:00,hist-v1-202512,30d
FC-0001827,FPS-0314,2026-02,RICE,229,124,172,xgb-v1.0,2025-12-28T10:00:00,hist-v1-202512,30d
FC-0001828,FPS-0314,2026-02,WHEAT,200,83,141,xgb-v1.0,2025-12-28T10:00:00,hist-v1-202512,30d
FC-0001829,FPS-0315,2026-02,RICE,221,129,170,xgb-v1.0,2025-12-28T10:00:00,hist-v1-202512,30d
FC-0001830,FPS-0315,2026-02,WHEAT,200,89,137,xgb-v1.0,2025-12-28T10:00:00,hist-v1-202512,30d
FC-0001831,FPS-0316,2026-02,RICE,200,65,128,xgb-v1.0,2025-12-28T10:00:00,hist-v1-202512,30d
FC-0001832,FPS-0316,2026-02,WHEAT,200,48,117,xgb-v1.0,2025-12-28T10:00:00,hist-v1-202512,30d
FC-0001833,FPS-0317,2026-02,RICE,200,90,136,xgb-v1.0,2025-12-28T10:00:00,hist-v1-202512,30d
FC-0001834,FPS-0317,2026-02,WHEAT,200,64,123,xgb-v1.0,2025-12-28T10:00:00,hist-v1-202512,30d
FC-0001835,FPS-0318,2026-02,RICE,181,140,165,xgb-v1.0,2025-12-28T10:00:00,hist-v1-202512,30d
FC-0001836,FPS-0318,2026-02,WHEAT,200,95,141,xgb-v1.0,2025-12-28T10:00:00,hist-v1-202512,30d
FC-0001837,FPS-0319,2026-02,RICE,200,61,122,xgb-v1.0,2025-12-28T10:00:00,hist-v1-202512,30d
FC-0001838,FPS-0319,2026-02,WHEAT,200,42,114,xgb-v1.0,2025-12-28T10:00:00,hist-v1-202512,30d
FC-0001839,FPS-0320,2026-02,RICE,180,30,97,xgb-v1.0,2025-12-28T10:00:00,hist-v1-202512,30d
FC-0001840,FPS-0320,2026-02,WHEAT,200,19,102,xgb-v1.0,2025-12-28T10:00:00,hist-v1-202512,30d
FC-0001841,FPS-0321,2026-02,RICE,258,130,194,xgb-v1.0,2025-12-28T10:00:00,hist-v1-202512,30d
FC-0001842,FPS-0321,2026-02,WHEAT,201,87,141,xgb-v1.0,2025-12-28T10:00:00,hist-v1-202512,30d
FC-0001843,FPS-0322,2026-02,RICE,234,152,189,xgb-v1.0,2025-12-28T10:00:00,hist-v1-202512,30d
FC-0001844,FPS-0322,2026-02,WHEAT,200,101,147,xgb-v1.0,2025-12-28T10:00:00,hist-v1-202512,30d
FC-0001845,FPS-0323,2026-02,RICE,184,150,164,xgb-v1.0,2025-12-28T10:00:00,hist-v1-202512,30d
FC-0001846,FPS-0323,2026-02,WHEAT,200,105,148,xgb-v1.0,2025-12-28T10:00:00,hist-v1-202512,30d
FC-0001847,FPS-0324,2026-02,RICE,200,104,148,xgb-v1.0,2025-12-28T10:00:00,hist-v1-202512,30d
FC-0001848,FPS-0324,2026-02,WHEAT,200,68,127,xgb-v1.0,2025-12-28T10:00:00,hist-v1-202512,30d
FC-0001849,FPS-0325,2026-02,RICE,226,87,157,xgb-v1.0,2025-12-28T10:00:00,hist-v1-202512,30d
FC-0001850,FPS-0325,2026-02,WHEAT,200,61,125,xgb-v1.0,2025-12-28T10:00:00,hist-v1-202512,30d
FC-0001851,FPS-0326,2026-02,RICE,200,151,173,xgb-v1.0,2025-12-28T10:00:00,hist-v1-202512,30d
FC-0001852,FPS-0326,2026-02,WHEAT,180,101,143,xgb-v1.0,2025-12-28T10:00:00,hist-v1-202512,30d
FC-0001853,FPS-0327,2026-02,RICE,230,164,199,xgb-v1.0,2025-12-28T10:00:00,hist-v1-202512,30d
FC-0001854,FPS-0327,2026-02,WHEAT,180,116,144,xgb-v1.0,2025-12-28T10:00:00,hist-v1-202512,30d
FC-0001855,FPS-0328,2026-02,RICE,222,115,164,xgb-v1.0,2025-12-28T10:00:00,hist-v1-202512,30d
FC-0001856,FPS-0328,2026-02,WHEAT,200,84,143,xgb-v1.0,2025-12-28T10:00:00,hist-v1-202512,30d
FC-0001857,FPS-0329,2026-02,RICE,200,82,141,xgb-v1.0,2025-12-28T10:00:00,hist-v1-202512,30d
FC-0001858,FPS-0329,2026-02,WHEAT,200,59,127,xgb-v1.0,2025-12-28T10:00:00,hist-v1-202512,30d
FC-0001859,FPS-0330,2026-02,RICE,218,73,141,xgb-v1.0,2025-12-28T10:00:00,hist-v1-202512,30d
FC-0001860,FPS-0330,2026-02,WHEAT,200,53,121,xgb-v1.0,2025-12-28T10:00:00,hist-v1-202512,30d
FC-0001861,FPS-0331,2026-02,RICE,204,131,166,xgb-v1.0,2025-12-28T10:00:00,hist-v1-202512,30d
FC-0001862,FPS-0331,2026-02,WHEAT,200,85,137,xgb-v1.0,2025-12-28T10:00:00,hist-v1-202512,30d
FC-0001863,FPS-0332,2026-02,RICE,222,158,197,xgb-v1.0,2025-12-28T10:00:00,hist-v1-202512,30d
FC-0001864,FPS-0332,2026-02,WHEAT,200,110,148,xgb-v1.0,2025-12-28T10:00:00,hist-v1-202512,30d
FC-0001865,FPS-0333,2026-02,RICE,364,263,311,xgb-v1.0,2025-12-28T10:00:00,hist-v1-202512,30d
FC-0001866,FPS-0333,2026-02,WHEAT,244,182,216,xgb-v1.0,2025-12-28T10:00:00,hist-v1-202512,30d
FC-0001867,FPS-0334,2026-02,RICE,203,137,175,xgb-v1.0,2025-12-28T10:00:00,hist-v1-202512,30d
FC-0001868,FPS-0334,2026-02,WHEAT,200,91,143,xgb-v1.0,2025-12-28T10:00:00,hist-v1-202512,30d
FC-0001869,FPS-0335,2026-02,RICE,259,168,207,xgb-v1.0,2025-12-28T10:00:00,hist-v1-202512,30d
FC-0001870,FPS-0335,2026-02,WHEAT,200,121,164,xgb-v1.0,2025-12-28T10:00:00,hist-v1-202512,30d
FC-0001871,FPS-0336,2026-02,RICE,229,149,182,xgb-v1.0,2025-12-28T10:00:00,hist-v1-202512,30d
FC-0001872,FPS-0336,2026-02,WHEAT,180,97,134,xgb-v1.0,2025-12-28T10:00:00,hist-v1-202512,30d
FC-0001873,FPS-0337,2026-02,RICE,200,82,134,xgb-v1.0,2025-12-28T10:00:00,hist-v1-202512,30d
FC-0001874,FPS-0337,2026-02,WHEAT,200,55,119,xgb-v1.0,2025-12-28T10:00:00,hist-v1-202512,30d
FC-0001875,FPS-0338,2026-02,RICE,203,148,175,xgb-v1.0,2025-12-28T10:00:00,hist-v1-202512,30d
FC-0001876,FPS-0338,2026-02,WHEAT,200,92,139,xgb-v1.0,2025-12-28T10:00:00,hist-v1-202512,30d
FC-0001877,FPS-0339,2026-02,RICE,200,97,144,xgb-v1.0,2025-12-28T10:00:00,hist-v1-202512,30d
FC-0001878,FPS-0339,2026-02,WHEAT,200,59,121,xgb-v1.0,2025-12-28T10:00:00,hist-v1-202512,30d
FC-0001879,FPS-0340,2026-02,RICE,200,87,141,xgb-v1.0,2025-12-28T10:00:00,hist-v1-202512,30d
FC-0001880,FPS-0340,2026-02,WHEAT,200,61,123,xgb-v1.0,2025-12-28T10:00:00,hist-v1-202512,30d
FC-0001881,FPS-0341,2026-02,RICE,200,138,167,xgb-v1.0,2025-12-28T10:00:00,hist-v1-202512,30d
FC-0001882,FPS-0341,2026-02,WHEAT,200,92,143,xgb-v1.0,2025-12-28T10:00:00,hist-v1-202512,30d
FC-0001883,FPS-0342,2026-02,RICE,200,78,132,xgb-v1.0,2025-12-28T10:00:00,hist-v1-202512,30d
FC-0001884,FPS-0342,2026-02,WHEAT,200,56,126,xgb-v1.0,2025-12-28T10:00:00,hist-v1-202512,30d
FC-0001885,FPS-0343,2026-02,RICE,180,108,148,xgb-v1.0,2025-12-28T10:00:00,hist-v1-202512,30d
FC-0001886,FPS-0343,2026-02,WHEAT,200,70,135,xgb-v1.0,2025-12-28T10:00:00,hist-v1-202512,30d
FC-0001887,FPS-0344,2026-02,RICE,200,158,183,xgb-v1.0,2025-12-28T10:00:00,hist-v1-202512,30d
FC-0001888,FPS-0344,2026-02,WHEAT,200,98,147,xgb-v1.0,2025-12-28T10:00:00,hist-v1-202512,30d
FC-0001889,FPS-0345,2026-02,RICE,206,166,184,xgb-v1.0,2025-12-28T10:00:00,hist-v1-202512,30d
FC-0001890,FPS-0345,2026-02,WHEAT,200,109,152,xgb-v1.0,2025-12-28T10:00:00,hist-v1-202512,30d
FC-0001891,FPS-0346,2026-02,RICE,210,104,159,xgb-v1.0,2025-12-28T10:00:00,hist-v1-202512,30d
FC-0001892,FPS-0346,2026-02,WHEAT,200,67,130,xgb-v1.0,2025-12-28T10:00:00,hist-v1-202512,30d
FC-0001893,FPS-0347,2026-02,RICE,287,152,208,xgb-v1.0,2025-12-28T10:00:00,hist-v1-202512,30d
FC-0001894,FPS-0347,2026-02,WHEAT,213,105,159,xgb-v1.0,2025-12-28T10:00:00,hist-v1-202512,30d
FC-0001895,FPS-0348,2026-02,RICE,228,145,187,xgb-v1.0,2025-12-28T10:00:00,hist-v1-202512,30d
FC-0001896,FPS-0348,2026-02,WHEAT,200,107,147,xgb-v1.0,2025-12-28T10:00:00,hist-v1-202512,30d
FC-0001897,FPS-0349,2026-02,RICE,200,140,176,xgb-v1.0,2025-12-28T10:00:00,hist-v1-202512,30d
FC-0001898,FPS-0349,2026-02,WHEAT,200,92,139,xgb-v1.0,2025-12-28T10:00:00,hist-v1-202512,30d
FC-0001899,FPS-0350,2026-02,RICE,233,125,181,xgb-v1.0,2025-12-28T10:00:00,hist-v1-202512,30d
FC-0001900,FPS-0350,2026-02,WHEAT,200,89,139,xgb-v1.0,2025-12-28T10:00:00,hist-v1-202512,30d
FC-0001901,FPS-0351,2026-02,RICE,200,85,134,xgb-v1.0,2025-12-28T10:00:00,hist-v1-202512,30d
FC-0001902,FPS-0351,2026-02,WHEAT,200,58,120,xgb-v1.0,2025-12-28T10:00:00,hist-v1-202512,30d
FC-0001903,FPS-0352,2026-02,RICE,222,138,176,xgb-v1.0,2025-12-28T10:00:00,hist-v1-202512,30d
FC-0001904,FPS-0352,2026-02,WHEAT,200,89,138,xgb-v1.0,2025-12-28T10:00:00,hist-v1-202512,30d
FC-0001905,FPS-0353,2026-02,RICE,200,116,162,xgb-v1.0,2025-12-28T10:00:00,hist-v1-202512,30d
FC-0001906,FPS-0353,2026-02,WHEAT,200,82,133,xgb-v1.0,2025-12-28T10:00:00,hist-v1-202512,30d
FC-0001907,FPS-0354,2026-02,RICE,205,126,163,xgb-v1.0,2025-12-28T10:00:00,hist-v1-202512,30d
FC-0001908,FPS-0354,2026-02,WHEAT,180,82,129,xgb-v1.0,2025-12-28T10:00:00,hist-v1-202512,30d
FC-0001909,FPS-0355,2026-02,RICE,215,133,166,xgb-v1.0,2025-12-28T10:00:00,hist-v1-202512,30d
FC-0001910,FPS-0355,2026-02,WHEAT,200,88,139,xgb-v1.0,2025-12-28T10:00:00,hist-v1-202512,30d
FC-0001911,FPS-0356,2026-02,RICE,200,123,162,xgb-v1.0,2025-12-28T10:00:00,hist-v1-202512,30d
FC-0001912,FPS-0356,2026-02,WHEAT,200,87,138,xgb-v1.0,2025-12-28T10:00:00,hist-v1-202512,30d
FC-0001913,FPS-0357,2026-02,RICE,219,176,205,xgb-v1.0,2025-12-28T10:00:00,hist-v1-202512,30d
FC-0001914,FPS-0357,2026-02,WHEAT,200,116,154,xgb-v1.0,2025-12-28T10:00:00,hist-v1-202512,30d
FC-0001915,FPS-0358,2026-02,RICE,200,174,194,xgb-v1.0,2025-12-28T10:00:00,hist-v1-202512,30d
FC-0001916,FPS-0358,2026-02,WHEAT,200,108,157,xgb-v1.0,2025-12-28T10:00:00,hist-v1-202512,30d
FC-0001917,FPS-0359,2026-02,RICE,320,221,272,xgb-v1.0,2025-12-28T10:00:00,hist-v1-202512,30d
FC-0001918,FPS-0359,2026-02,WHEAT,217,152,191,xgb-v1.0,2025-12-28T10:00:00,hist-v1-202512,30d
FC-0001919,FPS-0360,2026-02,RICE,200,74,132,xgb-v1.0,2025-12-28T10:00:00,hist-v1-202512,30d
FC-0001920,FPS-0360,2026-02,WHEAT,200,50,119,xgb-v1.0,2025-12-28T10:00:00,hist-v1-202512,30d
FC-0001921,FPS-0361,2026-02,RICE,200,102,148,xgb-v1.0,2025-12-28T10:00:00,hist-v1-202512,30d
FC-0001922,FPS-0361,2026-02,WHEAT,200,70,129,xgb-v1.0,2025-12-28T10:00:00,hist-v1-202512,30d
FC-0001923,FPS-0362,2026-02,RICE,200,130,159,xgb-v1.0,2025-12-28T10:00:00,hist-v1-202512,30d
FC-0001924,FPS-0362,2026-02,WHEAT,200,89,142,xgb-v1.0,2025-12-28T10:00:00,hist-v1-202512,30d
FC-0001925,FPS-0363,2026-02,RICE,200,129,167,xgb-v1.0,2025-12-28T10:00:00,hist-v1-202512,30d
FC-0001926,FPS-0363,2026-02,WHEAT,200,89,144,xgb-v1.0,2025-12-28T10:00:00,hist-v1-202512,30d
FC-0001927,FPS-0364,2026-02,RICE,213,145,172,xgb-v1.0,2025-12-28T10:00:00,hist-v1-202512,30d
FC-0001928,FPS-0364,2026-02,WHEAT,200,106,153,xgb-v1.0,2025-12-28T10:00:00,hist-v1-202512,30d
FC-0001929,FPS-0365,2026-02,RICE,200,107,146,xgb-v1.0,2025-12-28T10:00:00,hist-v1-202512,30d
FC-0001930,FPS-0365,2026-02,WHEAT,200,78,136,xgb-v1.0,2025-12-28T10:00:00,hist-v1-202512,30d
FC-0001931,FPS-0366,2026-02,RICE,212,152,177,xgb-v1.0,2025-12-28T10:00:00,hist-v1-202512,30d
FC-0001932,FPS-0366,2026-02,WHEAT,200,103,144,xgb-v1.0,2025-12-28T10:00:00,hist-v1-202512,30d
FC-0001933,FPS-0367,2026-02,RICE,180,93,139,xgb-v1.0,2025-12-28T10:00:00,hist-v1-202512,30d
FC-0001934,FPS-0367,2026-02,WHEAT,200,63,128,xgb-v1.0,2025-12-28T10:00:00,hist-v1-202512,30d
FC-0001935,FPS-0368,2026-02,RICE,221,144,178,xgb-v1.0,2025-12-28T10:00:00,hist-v1-202512,30d
FC-0001936,FPS-0368,2026-02,WHEAT,200,95,147,xgb-v1.0,2025-12-28T10:00:00,hist-v1-202512,30d
FC-0001937,FPS-0369,2026-02,RICE,201,140,173,xgb-v1.0,2025-12-28T10:00:00,hist-v1-202512,30d
FC-0001938,FPS-0369,2026-02,WHEAT,200,97,147,xgb-v1.0,2025-12-28T10:00:00,hist-v1-202512,30d
FC-0001939,FPS-0370,2026-02,RICE,204,154,182,xgb-v1.0,2025-12-28T10:00:00,hist-v1-202512,30d
FC-0001940,FPS-0370,2026-02,WHEAT,200,98,146,xgb-v1.0,2025-12-28T10:00:00,hist-v1-202512,30d
FC-0001941,FPS-0371,2026-02,RICE,200,86,141,xgb-v1.0,2025-12-28T10:00:00,hist-v1-202512,30d
FC-0001942,FPS-0371,2026-02,WHEAT,200,60,124,xgb-v1.0,2025-12-28T10:00:00,hist-v1-202512,30d
FC-0001943,FPS-0372,2026-02,RICE,200,43,113,xgb-v1.0,2025-12-28T10:00:00,hist-v1-202512,30d
FC-0001944,FPS-0372,2026-02,WHEAT,200,34,109,xgb-v1.0,2025-12-28T10:00:00,hist-v1-202512,30d
FC-0001945,FPS-0373,2026-02,RICE,213,126,167,xgb-v1.0,2025-12-28T10:00:00,hist-v1-202512,30d
FC-0001946,FPS-0373,2026-02,WHEAT,200,87,138,xgb-v1.0,2025-12-28T10:00:00,hist-v1-202512,30d
FC-0001947,FPS-0374,2026-02,RICE,200,92,141,xgb-v1.0,2025-12-28T10:00:00,hist-v1-202512,30d
FC-0001948,FPS-0374,2026-02,WHEAT,200,66,123,xgb-v1.0,2025-12-28T10:00:00,hist-v1-202512,30d
FC-0001949,FPS-0375,2026-02,RICE,211,146,184,xgb-v1.0,2025-12-28T10:00:00,hist-v1-202512,30d
FC-0001950,FPS-0375,2026-02,WHEAT,200,97,148,xgb-v1.0,2025-12-28T10:00:00,hist-v1-202512,30d
FC-0001951,FPS-0376,2026-02,RICE,215,105,161,xgb-v1.0,2025-12-28T10:00:00,hist-v1-202512,30d
FC-0001952,FPS-0376,2026-02,WHEAT,200,66,132,xgb-v1.0,2025-12-28T10:00:00,hist-v1-202512,30d
FC-0001953,FPS-0377,2026-02,RICE,202,134,171,xgb-v1.0,2025-12-28T10:00:00,hist-v1-202512,30d
FC-0001954,FPS-0377,2026-02,WHEAT,200,97,140,xgb-v1.0,2025-12-28T10:00:00,hist-v1-202512,30d
FC-0001955,FPS-0378,2026-02,RICE,268,176,217,xgb-v1.0,2025-12-28T10:00:00,hist-v1-202512,30d
FC-0001956,FPS-0378,2026-02,WHEAT,206,118,155,xgb-v1.0,2025-12-28T10:00:00,hist-v1-202512,30d
FC-0001957,FPS-0379,2026-02,RICE,200,74,137,xgb-v1.0,2025-12-28T10:00:00,hist-v1-202512,30d
FC-0001958,FPS-0379,2026-02,WHEAT,200,48,118,xgb-v1.0,2025-12-28T10:00:00,hist-v1-202512,30d
FC-0001959,FPS-0380,2026-02,RICE,237,146,187,xgb-v1.0,2025-12-28T10:00:00,hist-v1-202512,30d
FC-0001960,FPS-0380,2026-02,WHEAT,180,98,135,xgb-v1.0,2025-12-28T10:00:00,hist-v1-202512,30d
FC-0001961,FPS-0381,2026-02,RICE,202,149,170,xgb-v1.0,2025-12-28T10:00:00,hist-v1-202512,30d
FC-0001962,FPS-0381,2026-02,WHEAT,200,100,145,xgb-v1.0,2025-12-28T10:00:00,hist-v1-202512,30d
FC-0001963,FPS-0382,2026-02,RICE,200,77,133,xgb-v1.0,2025-12-28T10:00:00,hist-v1-202512,30d
FC-0001964,FPS-0382,2026-02,WHEAT,200,51,119,xgb-v1.0,2025-12-28T10:00:00,hist-v1-202512,30d
FC-0001965,FPS-0383,2026-02,RICE,200,57,127,xgb-v1.0,2025-12-28T10:00:00,hist-v1-202512,30d
FC-0001966,FPS-0383,2026-02,WHEAT,200,36,110,xgb-v1.0,2025-12-28T10:00:00,hist-v1-202512,30d
FC-0001967,FPS-0384,2026-02,RICE,263,195,236,xgb-v1.0,2025-12-28T10:00:00,hist-v1-202512,30d
FC-0001968,FPS-0384,2026-02,WHEAT,202,137,175,xgb-v1.0,2025-12-28T10:00:00,hist-v1-202512,30d
FC-0001969,FPS-0385,2026-02,RICE,295,145,219,xgb-v1.0,2025-12-28T10:00:00,hist-v1-202512,30d
FC-0001970,FPS-0385,2026-02,WHEAT,217,99,156,xgb-v1.0,2025-12-28T10:00:00,hist-v1-202512,30d
FC-0001971,FPS-0386,2026-02,RICE,200,144,173,xgb-v1.0,2025-12-28T10:00:00,hist-v1-202512,30d
FC-0001972,FPS-0386,2026-02,WHEAT,200,98,143,xgb-v1.0,2025-12-28T10:00:00,hist-v1-202512,30d
FC-0001973,FPS-0387,2026-02,RICE,347,194,261,xgb-v1.0,2025-12-28T10:00:00,hist-v1-202512,30d
FC-0001974,FPS-0387,2026-02,WHEAT,256,131,194,xgb-v1.0,2025-12-28T10:00:00,hist-v1-202512,30d
FC-0001975,FPS-0388,2026-02,RICE,180,102,135,xgb-v1.0,2025-12-28T10:00:00,hist-v1-202512,30d
FC-0001976,FPS-0388,2026-02,WHEAT,200,68,134,xgb-v1.0,2025-12-28T10:00:00,hist-v1-202512,30d
FC-0001977,FPS-0389,2026-02,RICE,205,80,142,xgb-v1.0,2025-12-28T10:00:00,hist-v1-202512,30d
FC-0001978,FPS-0389,2026-02,WHEAT,200,58,126,xgb-v1.0,2025-12-28T10:00:00,hist-v1-202512,30d
FC-0001979,FPS-0390,2026-02,RICE,223,182,199,xgb-v1.0,2025-12-28T10:00:00,hist-v1-202512,30d
FC-0001980,FPS-0390,2026-02,WHEAT,200,117,153,xgb-v1.0,2025-12-28T10:00:00,hist-v1-202512,30d
FC-0001981,FPS-0391,2026-02,RICE,246,97,167,xgb-v1.0,2025-12-28T10:00:00,hist-v1-202512,30d
FC-0001982,FPS-0391,2026-02,WHEAT,200,63,127,xgb-v1.0,2025-12-28T10:00:00,hist-v1-202512,30d
FC-0001983,FPS-0392,2026-02,RICE,200,143,170,xgb-v1.0,2025-12-28T10:00:00,hist-v1-202512,30d
FC-0001984,FPS-0392,2026-02,WHEAT,200,98,143,xgb-v1.0,2025-12-28T10:00:00,hist-v1-202512,30d
FC-0001985,FPS-0393,2026-02,RICE,201,135,174,xgb-v1.0,2025-12-28T10:00:00,hist-v1-202512,30d
FC-0001986,FPS-0393,2026-02,WHEAT,200,88,137,xgb-v1.0,2025-12-28T10:00:00,hist-v1-202512,30d
FC-0001987,FPS-0394,2026-02,RICE,231,112,163,xgb-v1.0,2025-12-28T10:00:00,hist-v1-202512,30d
FC-0001988,FPS-0394,2026-02,WHEAT,200,77,129,xgb-v1.0,2025-12-28T10:00:00,hist-v1-202512,30d
FC-0001989,FPS-0395,2026-02,RICE,180,88,129,xgb-v1.0,2025-12-28T10:00:00,hist-v1-202512,30d
FC-0001990,FPS-0395,2026-02,WHEAT,200,60,122,xgb-v1.0,2025-12-28T10:00:00,hist-v1-202512,30d
FC-0001991,FPS-0396,2026-02,RICE,200,91,138,xgb-v1.0,2025-12-28T10:00:00,hist-v1-202512,30d
FC-0001992,FPS-0396,2026-02,WHEAT,200,63,123,xgb-v1.0,2025-12-28T10:00:00,hist-v1-202512,30d
FC-0001993,FPS-0397,2026-02,RICE,200,123,157,xgb-v1.0,2025-12-28T10:00:00,hist-v1-202512,30d
FC-0001994,FPS-0397,2026-02,WHEAT,200,84,138,xgb-v1.0,2025-12-28T10:00:00,hist-v1-202512,30d
FC-0001995,FPS-0398,2026-02,RICE,200,122,160,xgb-v1.0,2025-12-28T10:00:00,hist-v1-202512,30d
FC-0001996,FPS-0398,2026-02,WHEAT,200,85,141,xgb-v1.0,2025-12-28T10:00:00,hist-v1-202512,30d
FC-0001997,FPS-0399,2026-02,RICE,200,124,158,xgb-v1.0,2025-12-28T10:00:00,hist-v1-202512,30d
FC-0001998,FPS-0399,2026-02,WHEAT,180,83,128,xgb-v1.0,2025-12-28T10:00:00,hist-v1-202512,30d
FC-0001999,FPS-0400,2026-02,RICE,249,196,220,xgb-v1.0,2025-12-28T10:00:00,hist-v1-202512,30d
FC-0002000,FPS-0400,2026-02,WHEAT,200,134,169,xgb-v1.0,2025-12-28T10:00:00,hist-v1-202512,30d
FC-0002001,FPS-0401,2026-02,RICE,251,149,195,xgb-v1.0,2025-12-28T10:00:00,hist-v1-202512,30d
FC-0002002,FPS-0401,2026-02,WHEAT,200,104,144,xgb-v1.0,2025-12-28T10:00:00,hist-v1-202512,30d
FC-0002003,FPS-0402,2026-02,RICE,200,84,134,xgb-v1.0,2025-12-28T10:00:00,hist-v1-202512,30d
FC-0002004,FPS-0402,2026-02,WHEAT,200,58,128,xgb-v1.0,2025-12-28T10:00:00,hist-v1-202512,30d
FC-0002005,FPS-0403,2026-02,RICE,200,79,131,xgb-v1.0,2025-12-28T10:00:00,hist-v1-202512,30d
FC-0002006,FPS-0403,2026-02,WHEAT,200,55,121,xgb-v1.0,2025-12-28T10:00:00,hist-v1-202512,30d
FC-0002007,FPS-0404,2026-02,RICE,200,94,141,xgb-v1.0,2025-12-28T10:00:00,hist-v1-202512,30d
FC-0002008,FPS-0404,2026-02,WHEAT,200,62,126,xgb-v1.0,2025-12-28T10:00:00,hist-v1-202512,30d
FC-0002009,FPS-0405,2026-02,RICE,205,154,178,xgb-v1.0,2025-12-28T10:00:00,hist-v1-202512,30d
FC-0002010,FPS-0405,2026-02,WHEAT,200,101,143,xgb-v1.0,2025-12-28T10:00:00,hist-v1-202512,30d
FC-0002011,FPS-0406,2026-02,RICE,263,185,223,xgb-v1.0,2025-12-28T10:00:00,hist-v1-202512,30d
FC-0002012,FPS-0406,2026-02,WHEAT,200,127,157,xgb-v1.0,2025-12-28T10:00:00,hist-v1-202512,30d
FC-0002013,FPS-0407,2026-02,RICE,209,90,147,xgb-v1.0,2025-12-28T10:00:00,hist-v1-202512,30d
FC-0002014,FPS-0407,2026-02,WHEAT,200,54,120,xgb-v1.0,2025-12-28T10:00:00,hist-v1-202512,30d
FC-0002015,FPS-0408,2026-02,RICE,200,80,132,xgb-v1.0,2025-12-28T10:00:00,hist-v1-202512,30d
FC-0002016,FPS-0408,2026-02,WHEAT,200,54,120,xgb-v1.0,2025-12-28T10:00:00,hist-v1-202512,30d
FC-0002017,FPS-0409,2026-02,RICE,200,78,136,xgb-v1.0,2025-12-28T10:00:00,hist-v1-202512,30d
FC-0002018,FPS-0409,2026-02,WHEAT,200,59,122,xgb-v1.0,2025-12-28T10:00:00,hist-v1-202512,30d
FC-0002019,FPS-0410,2026-02,RICE,283,155,214,xgb-v1.0,2025-12-28T10:00:00,hist-v1-202512,30d
FC-0002020,FPS-0410,2026-02,WHEAT,211,106,151,xgb-v1.0,2025-12-28T10:00:00,hist-v1-202512,30d
FC-0002021,FPS-0411,2026-02,RICE,200,71,128,xgb-v1.0,2025-12-28T10:00:00,hist-v1-202512,30d
FC-0002022,FPS-0411,2026-02,WHEAT,200,53,119,xgb-v1.0,2025-12-28T10:00:00,hist-v1-202512,30d
FC-0002023,FPS-0412,2026-02,RICE,247,156,205,xgb-v1.0,2025-12-28T10:00:00,hist-v1-202512,30d
FC-0002024,FPS-0412,2026-02,WHEAT,200,106,153,xgb-v1.0,2025-12-28T10:00:00,hist-v1-202512,30d
FC-0002025,FPS-0413,2026-02,RICE,200,115,154,xgb-v1.0,2025-12-28T10:00:00,hist-v1-202512,30d
FC-0002026,FPS-0413,2026-02,WHEAT,200,74,133,xgb-v1.0,2025-12-28T10:00:00,hist-v1-202512,30d
FC-0002027,FPS-0414,2026-02,RICE,271,158,211,xgb-v1.0,2025-12-28T10:00:00,hist-v1-202512,30d
FC-0002028,FPS-0414,2026-02,WHEAT,200,101,148,xgb-v1.0,2025-12-28T10:00:00,hist-v1-202512,30d
FC-0002029,FPS-0415,2026-02,RICE,220,142,174,xgb-v1.0,2025-12-28T10:00:00,hist-v1-202512,30d
FC-0002030,FPS-0415,2026-02,WHEAT,200,92,146,xgb-v1.0,2025-12-28T10:00:00,hist-v1-202512,30d
FC-0002031,FPS-0416,2026-02,RICE,200,91,141,xgb-v1.0,2025-12-28T10:00:00,hist-v1-202512,30d
FC-0002032,FPS-0416,2026-02,WHEAT,200,61,124,xgb-v1.0,2025-12-28T10:00:00,hist-v1-202512,30d
FC-0002033,FPS-0417,2026-02,RICE,180,100,136,xgb-v1.0,2025-12-28T10:00:00,hist-v1-202512,30d
FC-0002034,FPS-0417,2026-02,WHEAT,200,67,128,xgb-v1.0,2025-12-28T10:00:00,hist-v1-202512,30d
FC-0002035,FPS-0418,2026-02,RICE,263,202,235,xgb-v1.0,2025-12-28T10:00:00,hist-v1-202512,30d
FC-0002036,FPS-0418,2026-02,WHEAT,200,139,173,xgb-v1.0,2025-12-28T10:00:00,hist-v1-202512,30d
FC-0002037,FPS-0419,2026-02,RICE,255,151,205,xgb-v1.0,2025-12-28T10:00:00,hist-v1-202512,30d
FC-0002038,FPS-0419,2026-02,WHEAT,205,106,149,xgb-v1.0,2025-12-28T10:00:00,hist-v1-202512,30d
FC-0002039,FPS-0420,2026-02,RICE,237,157,196,xgb-v1.0,2025-12-28T10:00:00,hist-v1-202512,30d
FC-0002040,FPS-0420,2026-02,WHEAT,200,108,155,xgb-v1.0,2025-12-28T10:00:00,hist-v1-202512,30d
FC-0002041,FPS-0421,2026-02,RICE,264,146,197,xgb-v1.0,2025-12-28T10:00:00,hist-v1-202512,30d
FC-0002042,FPS-0421,2026-02,WHEAT,200,101,149,xgb-v1.0,2025-12-28T10:00:00,hist-v1-202512,30d
FC-0002043,FPS-0422,2026-02,RICE,200,106,151,xgb-v1.0,2025-12-28T10:00:00,hist-v1-202512,30d
FC-0002044,FPS-0422,2026-02,WHEAT,200,72,134,xgb-v1.0,2025-12-28T10:00:00,hist-v1-202512,30d
FC-0002045,FPS-0423,2026-02,RICE,200,121,163,xgb-v1.0,2025-12-28T10:00:00,hist-v1-202512,30d
FC-0002046,FPS-0423,2026-02,WHEAT,200,84,141,xgb-v1.0,2025-12-28T10:00:00,hist-v1-202512,30d
FC-0002047,FPS-0424,2026-02,RICE,232,154,193,xgb-v1.0,2025-12-28T10:00:00,hist-v1-202512,30d
FC-0002048,FPS-0424,2026-02,WHEAT,200,96,146,xgb-v1.0,2025-12-28T10:00:00,hist-v1-202512,30d
FC-0002049,FPS-0425,2026-02,RICE,200,109,147,xgb-v1.0,2025-12-28T10:00:00,hist-v1-202512,30d
FC-0002050,FPS-0425,2026-02,WHEAT,200,77,133,xgb-v1.0,2025-12-28T10:00:00,hist-v1-202512,30d
FC-0002051,FPS-0426,2026-02,RICE,251,124,188,xgb-v1.0,2025-12-28T10:00:00,hist-v1-202512,30d
FC-0002052,FPS-0426,2026-02,WHEAT,180,81,124,xgb-v1.0,2025-12-28T10:00:00,hist-v1-202512,30d
FC-0002053,FPS-0427,2026-02,RICE,200,117,155,xgb-v1.0,2025-12-28T10:00:00,hist-v1-202512,30d
FC-0002054,FPS-0427,2026-02,WHEAT,200,74,138,xgb-v1.0,2025-12-28T10:00:00,hist-v1-202512,30d
FC-0002055,FPS-0428,2026-02,RICE,200,117,151,xgb-v1.0,2025-12-28T10:00:00,hist-v1-202512,30d
FC-0002056,FPS-0428,2026-02,WHEAT,200,73,128,xgb-v1.0,2025-12-28T10:00:00,hist-v1-202512,30d
FC-0002057,FPS-0429,2026-02,RICE,200,94,140,xgb-v1.0,2025-12-28T10:00:00,hist-v1-202512,30d
FC-0002058,FPS-0429,2026-02,WHEAT,200,68,125,xgb-v1.0,2025-12-28T10:00:00,hist-v1-202512,30d
FC-0002059,FPS-0430,2026-02,RICE,202,107,147,xgb-v1.0,2025-12-28T10:00:00,hist-v1-202512,30d
FC-0002060,FPS-0430,2026-02,WHEAT,200,67,126,xgb-v1.0,2025-12-28T10:00:00,hist-v1-202512,30d
FC-0002061,FPS-0431,2026-02,RICE,200,53,117,xgb-v1.0,2025-12-28T10:00:00,hist-v1-202512,30d
FC-0002062,FPS-0431,2026-02,WHEAT,200,34,114,xgb-v1.0,2025-12-28T10:00:00,hist-v1-202512,30d
FC-0002063,FPS-0432,2026-02,RICE,331,182,263,xgb-v1.0,2025-12-28T10:00:00,hist-v1-202512,30d
FC-0002064,FPS-0432,2026-02,WHEAT,253,116,180,xgb-v1.0,2025-12-28T10:00:00,hist-v1-202512,30d
FC-0002065,FPS-0433,2026-02,RICE,200,100,146,xgb-v1.0,2025-12-28T10:00:00,hist-v1-202512,30d
FC-0002066,FPS-0433,2026-02,WHEAT,200,66,123,xgb-v1.0,2025-12-28T10:00:00,hist-v1-202512,30d
FC-0002067,FPS-0434,2026-02,RICE,248,133,187,xgb-v1.0,2025-12-28T10:00:00,hist-v1-202512,30d
FC-0002068,FPS-0434,2026-02,WHEAT,201,88,142,xgb-v1.0,2025-12-28T10:00:00,hist-v1-202512,30d
FC-0002069,FPS-0435,2026-02,RICE,220,133,171,xgb-v1.0,2025-12-28T10:00:00,hist-v1-202512,30d
FC-0002070,FPS-0435,2026-02,WHEAT,200,92,146,xgb-v1.0,2025-12-28T10:00:00,hist-v1-202512,30d
FC-0002071,FPS-0436,2026-02,RICE,200,111,150,xgb-v1.0,2025-12-28T10:00:00,hist-v1-202512,30d
FC-0002072,FPS-0436,2026-02,WHEAT,180,72,120,xgb-v1.0,2025-12-28T10:00:00,hist-v1-202512,30d
FC-0002073,FPS-0437,2026-02,RICE,200,107,152,xgb-v1.0,2025-12-28T10:00:00,hist-v1-202512,30d
FC-0002074,FPS-0437,2026-02,WHEAT,200,74,133,xgb-v1.0,2025-12-28T10:00:00,hist-v1-202512,30d
FC-0002075,FPS-0438,2026-02,RICE,200,104,145,xgb-v1.0,2025-12-28T10:00:00,hist-v1-202512,30d
FC-0002076,FPS-0438,2026-02,WHEAT,200,64,125,xgb-v1.0,2025-12-28T10:00:00,hist-v1-202512,30d
FC-0002077,FPS-0439,2026-02,RICE,244,125,183,xgb-v1.0,2025-12-28T10:00:00,hist-v1-202512,30d
FC-0002078,FPS-0439,2026-02,WHEAT,200,81,139,xgb-v1.0,2025-12-28T10:00:00,hist-v1-202512,30d
FC-0002079,FPS-0440,2026-02,RICE,200,128,167,xgb-v1.0,2025-12-28T10:00:00,hist-v1-202512,30d
FC-0002080,FPS-0440,2026-02,WHEAT,200,87,139,xgb-v1.0,2025-12-28T10:00:00,hist-v1-202512,30d
FC-0002081,FPS-0441,2026-02,RICE,297,198,256,xgb-v1.0,2025-12-28T10:00:00,hist-v1-202512,30d
FC-0002082,FPS-0441,2026-02,WHEAT,224,133,183,xgb-v1.0,2025-12-28T10:00:00,hist-v1-202512,30d
FC-0002083,FPS-0442,2026-02,RICE,200,79,138,xgb-v1.0,2025-12-28T10:00:00,hist-v1-202512,30d
FC-0002084,FPS-0442,2026-02,WHEAT,200,51,116,xgb-v1.0,2025-12-28T10:00:00,hist-v1-202512,30d
FC-0002085,FPS-0443,2026-02,RICE,180,90,131,xgb-v1.0,2025-12-28T10:00:00,hist-v1-202512,30d
FC-0002086,FPS-0443,2026-02,WHEAT,200,57,124,xgb-v1.0,2025-12-28T10:00:00,hist-v1-202512,30d
FC-0002087,FPS-0444,2026-02,RICE,200,62,131,xgb-v1.0,2025-12-28T10:00:00,hist-v1-202512,30d
FC-0002088,FPS-0444,2026-02,WHEAT,200,38,108,xgb-v1.0,2025-12-28T10:00:00,hist-v1-202512,30d
FC-0002089,FPS-0445,2026-02,RICE,200,58,123,xgb-v1.0,2025-12-28T10:00:00,hist-v1-202512,30d
FC-0002090,FPS-0445,2026-02,WHEAT,200,37,114,xgb-v1.0,2025-12-28T10:00:00,hist-v1-202512,30d
FC-0002091,FPS-0446,2026-02,RICE,200,77,138,xgb-v1.0,2025-12-28T10:00:00,hist-v1-202512,30d
FC-0002092,FPS-0446,2026-02,WHEAT,200,52,125,xgb-v1.0,2025-12-28T10:00:00,hist-v1-202512,30d
FC-0002093,FPS-0447,2026-02,RICE,200,92,144,xgb-v1.0,2025-12-28T10:00:00,hist-v1-202512,30d
FC-0002094,FPS-0447,2026-02,WHEAT,200,60,128,xgb-v1.0,2025-12-28T10:00:00,hist-v1-202512,30d
FC-0002095,FPS-0448,2026-02,RICE,200,94,145,xgb-v1.0,2025-12-28T10:00:00,hist-v1-202512,30d
FC-0002096,FPS-0448,2026-02,WHEAT,200,63,132,xgb-v1.0,2025-12-28T10:00:00,hist-v1-202512,30d
FC-0002097,FPS-0449,2026-02,RICE,200,121,156,xgb-v1.0,2025-12-28T10:00:00,hist-v1-202512,30d
FC-0002098,FPS-0449,2026-02,WHEAT,200,78,131,xgb-v1.0,2025-12-28T10:00:00,hist-v1-202512,30d
FC-0002099,FPS-0450,2026-02,RICE,200,76,129,xgb-v1.0,2025-12-28T10:00:00,hist-v1-202512,30d
FC-0002100,FPS-0450,2026-02,WHEAT,200,49,118,xgb-v1.0,2025-12-28T10:00:00,hist-v1-202512,30d
FC-0002101,FPS-0451,2026-02,RICE,266,187,235,xgb-v1.0,2025-12-28T10:00:00,hist-v1-202512,30d
FC-0002102,FPS-0451,2026-02,WHEAT,200,119,156,xgb-v1.0,2025-12-28T10:00:00,hist-v1-202512,30d
FC-0002103,FPS-0452,2026-02,RICE,215,128,166,xgb-v1.0,2025-12-28T10:00:00,hist-v1-202512,30d
FC-0002104,FPS-0452,2026-02,WHEAT,200,86,140,xgb-v1.0,2025-12-28T10:00:00,hist-v1-202512,30d
FC-0002105,FPS-0453,2026-02,RICE,200,82,134,xgb-v1.0,2025-12-28T10:00:00,hist-v1-202512,30d
FC-0002106,FPS-0453,2026-02,WHEAT,200,56,119,xgb-v1.0,2025-12-28T10:00:00,hist-v1-202512,30d
FC-0002107,FPS-0454,2026-02,RICE,217,149,176,xgb-v1.0,2025-12-28T10:00:00,hist-v1-202512,30d
FC-0002108,FPS-0454,2026-02,WHEAT,200,102,151,xgb-v1.0,2025-12-28T10:00:00,hist-v1-202512,30d
FC-0002109,FPS-0455,2026-02,RICE,202,130,161,xgb-v1.0,2025-12-28T10:00:00,hist-v1-202512,30d
FC-0002110,FPS-0455,2026-02,WHEAT,180,86,135,xgb-v1.0,2025-12-28T10:00:00,hist-v1-202512,30d
FC-0002111,FPS-0456,2026-02,RICE,200,147,167,xgb-v1.0,2025-12-28T10:00:00,hist-v1-202512,30d
FC-0002112,FPS-0456,2026-02,WHEAT,180,104,140,xgb-v1.0,2025-12-28T10:00:00,hist-v1-202512,30d
FC-0002113,FPS-0457,2026-02,RICE,226,138,176,xgb-v1.0,2025-12-28T10:00:00,hist-v1-202512,30d
FC-0002114,FPS-0457,2026-02,WHEAT,200,84,136,xgb-v1.0,2025-12-28T10:00:00,hist-v1-202512,30d
FC-0002115,FPS-0458,2026-02,RICE,200,121,157,xgb-v1.0,2025-12-28T10:00:00,hist-v1-202512,30d
FC-0002116,FPS-0458,2026-02,WHEAT,200,79,135,xgb-v1.0,2025-12-28T10:00:00,hist-v1-202512,30d
FC-0002117,FPS-0459,2026-02,RICE,214,154,190,xgb-v1.0,2025-12-28T10:00:00,hist-v1-202512,30d
FC-0002118,FPS-0459,2026-02,WHEAT,200,103,146,xgb-v1.0,2025-12-28T10:00:00,hist-v1-202512,30d
FC-0002119,FPS-0460,2026-02,RICE,200,155,173,xgb-v1.0,2025-12-28T10:00:00,hist-v1-202512,30d
FC-0002120,FPS-0460,2026-02,WHEAT,180,103,137,xgb-v1.0,2025-12-28T10:00:00,hist-v1-202512,30d
FC-0002121,FPS-0461,2026-02,RICE,234,115,178,xgb-v1.0,2025-12-28T10:00:00,hist-v1-202512,30d
FC-0002122,FPS-0461,2026-02,WHEAT,200,79,134,xgb-v1.0,2025-12-28T10:00:00,hist-v1-202512,30d
FC-0002123,FPS-0462,2026-02,RICE,200,84,134,xgb-v1.0,2025-12-28T10:00:00,hist-v1-202512,30d
FC-0002124,FPS-0462,2026-02,WHEAT,200,60,125,xgb-v1.0,2025-12-28T10:00:00,hist-v1-202512,30d
FC-0002125,FPS-0463,2026-02,RICE,262,169,221,xgb-v1.0,2025-12-28T10:00:00,hist-v1-202512,30d
FC-0002126,FPS-0463,2026-02,WHEAT,201,109,150,xgb-v1.0,2025-12-28T10:00:00,hist-v1-202512,30d
FC-0002127,FPS-0464,2026-02,RICE,204,134,167,xgb-v1.0,2025-12-28T10:00:00,hist-v1-202512,30d
FC-0002128,FPS-0464,2026-02,WHEAT,200,94,139,xgb-v1.0,2025-12-28T10:00:00,hist-v1-202512,30d
FC-0002129,FPS-0465,2026-02,RICE,200,98,148,xgb-v1.0,2025-12-28T10:00:00,hist-v1-202512,30d
FC-0002130,FPS-0465,2026-02,WHEAT,200,67,127,xgb-v1.0,2025-12-28T10:00:00,hist-v1-202512,30d
FC-0002131,FPS-0466,2026-02,RICE,200,81,135,xgb-v1.0,2025-12-28T10:00:00,hist-v1-202512,30d
FC-0002132,FPS-0466,2026-02,WHEAT,200,61,130,xgb-v1.0,2025-12-28T10:00:00,hist-v1-202512,30d
FC-0002133,FPS-0467,2026-02,RICE,200,39,117,xgb-v1.0,2025-12-28T10:00:00,hist-v1-202512,30d
FC-0002134,FPS-0467,2026-02,WHEAT,200,28,108,xgb-v1.0,2025-12-28T10:00:00,hist-v1-202512,30d
FC-0002135,FPS-0468,2026-02,RICE,202,119,161,xgb-v1.0,2025-12-28T10:00:00,hist-v1-202512,30d
FC-0002136,FPS-0468,2026-02,WHEAT,200,77,140,xgb-v1.0,2025-12-28T10:00:00,hist-v1-202512,30d
FC-0002137,FPS-0469,2026-02,RICE,200,104,148,xgb-v1.0,2025-12-28T10:00:00,hist-v1-202512,30d
FC-0002138,FPS-0469,2026-02,WHEAT,200,68,125,xgb-v1.0,2025-12-28T10:00:00,hist-v1-202512,30d
FC-0002139,FPS-0470,2026-02,RICE,295,229,265,xgb-v1.0,2025-12-28T10:00:00,hist-v1-202512,30d
FC-0002140,FPS-0470,2026-02,WHEAT,211,158,178,xgb-v1.0,2025-12-28T10:00:00,hist-v1-202512,30d
FC-0002141,FPS-0471,2026-02,RICE,200,142,176,xgb-v1.0,2025-12-28T10:00:00,hist-v1-202512,30d
FC-0002142,FPS-0471,2026-02,WHEAT,180,98,139,xgb-v1.0,2025-12-28T10:00:00,hist-v1-202512,30d
FC-0002143,FPS-0472,2026-02,RICE,254,190,219,xgb-v1.0,2025-12-28T10:00:00,hist-v1-202512,30d
FC-0002144,FPS-0472,2026-02,WHEAT,200,128,162,xgb-v1.0,2025-12-28T10:00:00,hist-v1-202512,30d
FC-0002145,FPS-0473,2026-02,RICE,203,160,186,xgb-v1.0,2025-12-28T10:00:00,hist-v1-202512,30d
FC-0002146,FPS-0473,2026-02,WHEAT,200,108,155,xgb-v1.0,2025-12-28T10:00:00,hist-v1-202512,30d
FC-0002147,FPS-0474,2026-02,RICE,200,76,135,xgb-v1.0,2025-12-28T10:00:00,hist-v1-202512,30d
FC-0002148,FPS-0474,2026-02,WHEAT,200,57,119,xgb-v1.0,2025-12-28T10:00:00,hist-v1-202512,30d
FC-0002149,FPS-0475,2026-02,RICE,237,125,177,xgb-v1.0,2025-12-28T10:00:00,hist-v1-202512,30d
FC-0002150,FPS-0475,2026-02,WHEAT,180,83,126,xgb-v1.0,2025-12-28T10:00:00,hist-v1-202512,30d
FC-0002151,FPS-0476,2026-02,RICE,200,92,148,xgb-v1.0,2025-12-28T10:00:00,hist-v1-202512,30d
FC-0002152,FPS-0476,2026-02,WHEAT,200,65,127,xgb-v1.0,2025-12-28T10:00:00,hist-v1-202512,30d
FC-0002153,FPS-0477,2026-02,RICE,230,175,196,xgb-v1.0,2025-12-28T10:00:00,hist-v1-202512,30d
FC-0002154,FPS-0477,2026-02,WHEAT,200,104,152,xgb-v1.0,2025-12-28T10:00:00,hist-v1-202512,30d
FC-0002155,FPS-0478,2026-02,RICE,200,158,175,xgb-v1.0,2025-12-28T10:00:00,hist-v1-202512,30d
FC-0002156,FPS-0478,2026-02,WHEAT,200,107,148,xgb-v1.0,2025-12-28T10:00:00,hist-v1-202512,30d
FC-0002157,FPS-0479,2026-02,RICE,217,151,188,xgb-v1.0,2025-12-28T10:00:00,hist-v1-202512,30d
FC-0002158,FPS-0479,2026-02,WHEAT,200,93,148,xgb-v1.0,2025-12-28T10:00:00,hist-v1-202512,30d
FC-0002159,FPS-0480,2026-02,RICE,200,92,140,xgb-v1.0,2025-12-28T10:00:00,hist-v1-202512,30d
FC-0002160,FPS-0480,2026-02,WHEAT,200,64,124,xgb-v1.0,2025-12-28T10:00:00,hist-v1-202512,30d
FC-0002161,FPS-0481,2026-02,RICE,204,122,158,xgb-v1.0,2025-12-28T10:00:00,hist-v1-202512,30d
FC-0002162,FPS-0481,2026-02,WHEAT,200,83,135,xgb-v1.0,2025-12-28T10:00:00,hist-v1-202512,30d
FC-0002163,FPS-0482,2026-02,RICE,160,124,143,xgb-v1.0,2025-12-28T10:00:00,hist-v1-202512,30d
FC-0002164,FPS-0482,2026-02,WHEAT,200,86,138,xgb-v1.0,2025-12-28T10:00:00,hist-v1-202512,30d
FC-0002165,FPS-0483,2026-02,RICE,200,98,143,xgb-v1.0,2025-12-28T10:00:00,hist-v1-202512,30d
FC-0002166,FPS-0483,2026-02,WHEAT,200,66,129,xgb-v1.0,2025-12-28T10:00:00,hist-v1-202512,30d
FC-0002167,FPS-0484,2026-02,RICE,200,101,148,xgb-v1.0,2025-12-28T10:00:00,hist-v1-202512,30d
FC-0002168,FPS-0484,2026-02,WHEAT,200,69,133,xgb-v1.0,2025-12-28T10:00:00,hist-v1-202512,30d
FC-0002169,FPS-0485,2026-02,RICE,200,73,128,xgb-v1.0,2025-12-28T10:00:00,hist-v1-202512,30d
FC-0002170,FPS-0485,2026-02,WHEAT,200,47,121,xgb-v1.0,2025-12-28T10:00:00,hist-v1-202512,30d
FC-0002171,FPS-0486,2026-02,RICE,217,129,178,xgb-v1.0,2025-12-28T10:00:00,hist-v1-202512,30d
FC-0002172,FPS-0486,2026-02,WHEAT,200,92,144,xgb-v1.0,2025-12-28T10:00:00,hist-v1-202512,30d
FC-0002173,FPS-0487,2026-02,RICE,200,103,154,xgb-v1.0,2025-12-28T10:00:00,hist-v1-202512,30d
FC-0002174,FPS-0487,2026-02,WHEAT,200,71,129,xgb-v1.0,2025-12-28T10:00:00,hist-v1-202512,30d
FC-0002175,FPS-0488,2026-02,RICE,200,153,177,xgb-v1.0,2025-12-28T10:00:00,hist-v1-202512,30d
FC-0002176,FPS-0488,2026-02,WHEAT,200,93,142,xgb-v1.0,2025-12-28T10:00:00,hist-v1-202512,30d
FC-0002177,FPS-0489,2026-02,RICE,221,158,187,xgb-v1.0,2025-12-28T10:00:00,hist-v1-202512,30d
FC-0002178,FPS-0489,2026-02,WHEAT,200,109,152,xgb-v1.0,2025-12-28T10:00:00,hist-v1-202512,30d
FC-0002179,FPS-0490,2026-02,RICE,224,171,196,xgb-v1.0,2025-12-28T10:00:00,hist-v1-202512,30d
FC-0002180,FPS-0490,2026-02,WHEAT,200,108,151,xgb-v1.0,2025-12-28T10:00:00,hist-v1-202512,30d
FC-0002181,FPS-0491,2026-02,RICE,237,138,181,xgb-v1.0,2025-12-28T10:00:00,hist-v1-202512,30d
FC-0002182,FPS-0491,2026-02,WHEAT,200,85,135,xgb-v1.0,2025-12-28T10:00:00,hist-v1-202512,30d
FC-0002183,FPS-0492,2026-02,RICE,292,233,262,xgb-v1.0,2025-12-28T10:00:00,hist-v1-202512,30d
FC-0002184,FPS-0492,2026-02,WHEAT,217,162,187,xgb-v1.0,2025-12-28T10:00:00,hist-v1-202512,30d
FC-0002185,FPS-0493,2026-02,RICE,201,97,145,xgb-v1.0,2025-12-28T10:00:00,hist-v1-202512,30d
FC-0002186,FPS-0493,2026-02,WHEAT,200,70,125,xgb-v1.0,2025-12-28T10:00:00,hist-v1-202512,30d
FC-0002187,FPS-0494,2026-02,RICE,200,112,149,xgb-v1.0,2025-12-28T10:00:00,hist-v1-202512,30d
FC-0002188,FPS-0494,2026-02,WHEAT,200,78,131,xgb-v1.0,2025-12-28T10:00:00,hist-v1-202512,30d
FC-0002189,FPS-0495,2026-02,RICE,200,75,137,xgb-v1.0,2025-12-28T10:00:00,hist-v1-202512,30d
FC-0002190,FPS-0495,2026-02,WHEAT,200,48,122,xgb-v1.0,2025-12-28T10:00:00,hist-v1-202512,30d
FC-0002191,FPS-0496,2026-02,RICE,200,66,128,xgb-v1.0,2025-12-28T10:00:00,hist-v1-202512,30d
FC-0002192,FPS-0496,2026-02,WHEAT,200,41,114,xgb-v1.0,2025-12-28T10:00:00,hist-v1-202512,30d
FC-0002193,FPS-0497,2026-02,RICE,214,146,183,xgb-v1.0,2025-12-28T10:00:00,hist-v1-202512,30d
FC-0002194,FPS-0497,2026-02,WHEAT,180,100,134,xgb-v1.0,2025-12-28T10:00:00,hist-v1-202512,30d
FC-0002195,FPS-0498,2026-02,RICE,221,168,199,xgb-v1.0,2025-12-28T10:00:00,hist-v1-202512,30d
FC-0002196,FPS-0498,2026-02,WHEAT,200,113,149,xgb-v1.0,2025-12-28T10:00:00,hist-v1-202512,30d
FC-0002197,FPS-0499,2026-02,RICE,277,134,202,xgb-v1.0,2025-12-28T10:00:00,hist-v1-202512,30d
FC-0002198,FPS-0499,2026-02,WHEAT,200,97,147,xgb-v1.0,2025-12-28T10:00:00,hist-v1-202512,30d
FC-0002199,FPS-0500,2026-02,RICE,200,60,128,xgb-v1.0,2025-12-28T10:00:00,hist-v1-202512,30d
FC-0002200,FPS-0500,2026-02,WHEAT,200,40,118,xgb-v1.0,2025-12-28T10:00:00,hist-v1-202512,30d
FC-0002201,FPS-0501,2026-02,RICE,180,123,151,xgb-v1.0,2025-12-28T10:00:00,hist-v1-202512,30d
FC-0002202,FPS-0501,2026-02,WHEAT,200,85,136,xgb-v1.0,2025-12-28T10:00:00,hist-v1-202512,30d
FC-0002203,FPS-0502,2026-02,RICE,239,197,212,xgb-v1.0,2025-12-28T10:00:00,hist-v1-202512,30d
FC-0002204,FPS-0502,2026-02,WHEAT,200,131,165,xgb-v1.0,2025-12-28T10:00:00,hist-v1-202512,30d
FC-0002205,FPS-0503,2026-02,RICE,228,144,187,xgb-v1.0,2025-12-28T10:00:00,hist-v1-202512,30d
FC-0002206,FPS-0503,2026-02,WHEAT,200,94,139,xgb-v1.0,2025-12-28T10:00:00,hist-v1-202512,30d
FC-0002207,FPS-0504,2026-02,RICE,200,76,134,xgb-v1.0,2025-12-28T10:00:00,hist-v1-202512,30d
FC-0002208,FPS-0504,2026-02,WHEAT,180,54,110,xgb-v1.0,2025-12-28T10:00:00,hist-v1-202512,30d
FC-0002209,FPS-0505,2026-02,RICE,201,123,158,xgb-v1.0,2025-12-28T10:00:00,hist-v1-202512,30d
FC-0002210,FPS-0505,2026-02,WHEAT,200,83,138,xgb-v1.0,2025-12-28T10:00:00,hist-v1-202512,30d
FC-0002211,FPS-0506,2026-02,RICE,200,87,142,xgb-v1.0,2025-12-28T10:00:00,hist-v1-202512,30d
FC-0002212,FPS-0506,2026-02,WHEAT,200,58,126,xgb-v1.0,2025-12-28T10:00:00,hist-v1-202512,30d
FC-0002213,FPS-0507,2026-02,RICE,200,50,123,xgb-v1.0,2025-12-28T10:00:00,hist-v1-202512,30d
FC-0002214,FPS-0507,2026-02,WHEAT,200,32,108,xgb-v1.0,2025-12-28T10:00:00,hist-v1-202512,30d
FC-0002215,FPS-0508,2026-02,RICE,250,156,207,xgb-v1.0,2025-12-28T10:00:00,hist-v1-202512,30d
FC-0002216,FPS-0508,2026-02,WHEAT,200,104,149,xgb-v1.0,2025-12-28T10:00:00,hist-v1-202512,30d
FC-0002217,FPS-0509,2026-02,RICE,204,116,156,xgb-v1.0,2025-12-28T10:00:00,hist-v1-202512,30d
FC-0002218,FPS-0509,2026-02,WHEAT,200,74,128,xgb-v1.0,2025-12-28T10:00:00,hist-v1-202512,30d
FC-0002219,FPS-0510,2026-02,RICE,200,109,147,xgb-v1.0,2025-12-28T10:00:00,hist-v1-202512,30d
FC-0002220,FPS-0510,2026-02,WHEAT,200,75,133,xgb-v1.0,2025-12-28T10:00:00,hist-v1-202512,30d
FC-0002221,FPS-0511,2026-02,RICE,200,110,152,xgb-v1.0,2025-12-28T10:00:00,hist-v1-202512,30d
FC-0002222,FPS-0511,2026-02,WHEAT,200,73,127,xgb-v1.0,2025-12-28T10:00:00,hist-v1-202512,30d
FC-0002223,FPS-0512,2026-02,RICE,180,76,123,xgb-v1.0,2025-12-28T10:00:00,hist-v1-202512,30d
FC-0002224,FPS-0512,2026-02,WHEAT,200,57,126,xgb-v1.0,2025-12-28T10:00:00,hist-v1-202512,30d
FC-0002225,FPS-0513,2026-02,RICE,200,145,172,xgb-v1.0,2025-12-28T10:00:00,hist-v1-202512,30d
FC-0002226,FPS-0513,2026-02,WHEAT,200,98,145,xgb-v1.0,2025-12-28T10:00:00,hist-v1-202512,30d
FC-0002227,FPS-0514,2026-02,RICE,200,21,105,xgb-v1.0,2025-12-28T10:00:00,hist-v1-202512,30d
FC-0002228,FPS-0514,2026-02,WHEAT,200,16,101,xgb-v1.0,2025-12-28T10:00:00,hist-v1-202512,30d
FC-0002229,FPS-0515,2026-02,RICE,200,35,107,xgb-v1.0,2025-12-28T10:00:00,hist-v1-202512,30d
FC-0002230,FPS-0515,2026-02,WHEAT,200,23,100,xgb-v1.0,2025-12-28T10:00:00,hist-v1-202512,30d
FC-0002231,FPS-0516,2026-02,RICE,200,99,142,xgb-v1.0,2025-12-28T10:00:00,hist-v1-202512,30d
FC-0002232,FPS-0516,2026-02,WHEAT,200,68,134,xgb-v1.0,2025-12-28T10:00:00,hist-v1-202512,30d
FC-0002233,FPS-0517,2026-02,RICE,200,99,152,xgb-v1.0,2025-12-28T10:00:00,hist-v1-202512,30d
FC-0002234,FPS-0517,2026-02,WHEAT,200,68,128,xgb-v1.0,2025-12-28T10:00:00,hist-v1-202512,30d
FC-0002235,FPS-0518,2026-02,RICE,200,104,150,xgb-v1.0,2025-12-28T10:00:00,hist-v1-202512,30d
FC-0002236,FPS-0518,2026-02,WHEAT,200,71,130,xgb-v1.0,2025-12-28T10:00:00,hist-v1-202512,30d
FC-0002237,FPS-0519,2026-02,RICE,201,115,160,xgb-v1.0,2025-12-28T10:00:00,hist-v1-202512,30d
FC-0002238,FPS-0519,2026-02,WHEAT,200,81,135,xgb-v1.0,2025-12-28T10:00:00,hist-v1-202512,30d
FC-0002239,FPS-0520,2026-02,RICE,200,54,121,xgb-v1.0,2025-12-28T10:00:00,hist-v1-202512,30d
FC-0002240,FPS-0520,2026-02,WHEAT,200,36,112,xgb-v1.0,2025-12-28T10:00:00,hist-v1-202512,30d
FC-0002241,FPS-0521,2026-02,RICE,235,116,167,xgb-v1.0,2025-12-28T10:00:00,hist-v1-202512,30d
FC-0002242,FPS-0521,2026-02,WHEAT,200,80,133,xgb-v1.0,2025-12-28T10:00:00,hist-v1-202512,30d
FC-0002243,FPS-0522,2026-02,RICE,239,202,224,xgb-v1.0,2025-12-28T10:00:00,hist-v1-202512,30d
FC-0002244,FPS-0522,2026-02,WHEAT,200,144,178,xgb-v1.0,2025-12-28T10:00:00,hist-v1-202512,30d
FC-0002245,FPS-0523,2026-02,RICE,215,127,166,xgb-v1.0,2025-12-28T10:00:00,hist-v1-202512,30d
FC-0002246,FPS-0523,2026-02,WHEAT,200,84,144,xgb-v1.0,2025-12-28T10:00:00,hist-v1-202512,30d
FC-0002247,FPS-0524,2026-02,RICE,200,89,142,xgb-v1.0,2025-12-28T10:00:00,hist-v1-202512,30d
FC-0002248,FPS-0524,2026-02,WHEAT,200,57,119,xgb-v1.0,2025-12-28T10:00:00,hist-v1-202512,30d
FC-0002249,FPS-0525,2026-02,RICE,200,68,126,xgb-v1.0,2025-12-28T10:00:00,hist-v1-202512,30d
FC-0002250,FPS-0525,2026-02,WHEAT,200,44,120,xgb-v1.0,2025-12-28T10:00:00,hist-v1-202512,30d
FC-0002251,FPS-0526,2026-02,RICE,205,151,181,xgb-v1.0,2025-12-28T10:00:00,hist-v1-202512,30d
FC-0002252,FPS-0526,2026-02,WHEAT,200,106,156,xgb-v1.0,2025-12-28T10:00:00,hist-v1-202512,30d
FC-0002253,FPS-0527,2026-02,RICE,200,104,147,xgb-v1.0,2025-12-28T10:00:00,hist-v1-202512,30d
FC-0002254,FPS-0527,2026-02,WHEAT,200,71,131,xgb-v1.0,2025-12-28T10:00:00,hist-v1-202512,30d
FC-0002255,FPS-0528,2026-02,RICE,206,159,177,xgb-v1.0,2025-12-28T10:00:00,hist-v1-202512,30d
FC-0002256,FPS-0528,2026-02,WHEAT,200,111,154,xgb-v1.0,2025-12-28T10:00:00,hist-v1-202512,30d
FC-0002257,FPS-0529,2026-02,RICE,279,189,236,xgb-v1.0,2025-12-28T10:00:00,hist-v1-202512,30d
FC-0002258,FPS-0529,2026-02,WHEAT,205,128,162,xgb-v1.0,2025-12-28T10:00:00,hist-v1-202512,30d
FC-0002259,FPS-0530,2026-02,RICE,204,149,181,xgb-v1.0,2025-12-28T10:00:00,hist-v1-202512,30d
FC-0002260,FPS-0530,2026-02,WHEAT,200,101,150,xgb-v1.0,2025-12-28T10:00:00,hist-v1-202512,30d
FC-0002261,FPS-0531,2026-02,RICE,200,110,151,xgb-v1.0,2025-12-28T10:00:00,hist-v1-202512,30d
FC-0002262,FPS-0531,2026-02,WHEAT,200,71,131,xgb-v1.0,2025-12-28T10:00:00,hist-v1-202512,30d
FC-0002263,FPS-0532,2026-02,RICE,200,119,164,xgb-v1.0,2025-12-28T10:00:00,hist-v1-202512,30d
FC-0002264,FPS-0532,2026-02,WHEAT,200,85,143,xgb-v1.0,2025-12-28T10:00:00,hist-v1-202512,30d
FC-0002265,FPS-0533,2026-02,RICE,229,146,193,xgb-v1.0,2025-12-28T10:00:00,hist-v1-202512,30d
FC-0002266,FPS-0533,2026-02,WHEAT,200,100,152,xgb-v1.0,2025-12-28T10:00:00,hist-v1-202512,30d
FC-0002267,FPS-0534,2026-02,RICE,200,95,140,xgb-v1.0,2025-12-28T10:00:00,hist-v1-202512,30d
FC-0002268,FPS-0534,2026-02,WHEAT,200,65,127,xgb-v1.0,2025-12-28T10:00:00,hist-v1-202512,30d
FC-0002269,FPS-0535,2026-02,RICE,210,156,180,xgb-v1.0,2025-12-28T10:00:00,hist-v1-202512,30d
FC-0002270,FPS-0535,2026-02,WHEAT,200,105,154,xgb-v1.0,2025-12-28T10:00:00,hist-v1-202512,30d
FC-0002271,FPS-0536,2026-02,RICE,180,115,143,xgb-v1.0,2025-12-28T10:00:00,hist-v1-202512,30d
FC-0002272,FPS-0536,2026-02,WHEAT,200,74,138,xgb-v1.0,2025-12-28T10:00:00,hist-v1-202512,30d
FC-0002273,FPS-0537,2026-02,RICE,200,50,115,xgb-v1.0,2025-12-28T10:00:00,hist-v1-202512,30d
FC-0002274,FPS-0537,2026-02,WHEAT,200,34,111,xgb-v1.0,2025-12-28T10:00:00,hist-v1-202512,30d
FC-0002275,FPS-0538,2026-02,RICE,200,94,145,xgb-v1.0,2025-12-28T10:00:00,hist-v1-202512,30d
FC-0002276,FPS-0538,2026-02,WHEAT,200,65,129,xgb-v1.0,2025-12-28T10:00:00,hist-v1-202512,30d
FC-0002277,FPS-0539,2026-02,RICE,210,152,188,xgb-v1.0,2025-12-28T10:00:00,hist-v1-202512,30d
FC-0002278,FPS-0539,2026-02,WHEAT,200,110,149,xgb-v1.0,2025-12-28T10:00:00,hist-v1-202512,30d
FC-0002279,FPS-0540,2026-02,RICE,200,47,119,xgb-v1.0,2025-12-28T10:00:00,hist-v1-202512,30d
FC-0002280,FPS-0540,2026-02,WHEAT,200,33,107,xgb-v1.0,2025-12-28T10:00:00,hist-v1-202512,30d
FC-0002281,FPS-0541,2026-02,RICE,200,90,143,xgb-v1.0,2025-12-28T10:00:00,hist-v1-202512,30d
FC-0002282,FPS-0541,2026-02,WHEAT,200,64,126,xgb-v1.0,2025-12-28T10:00:00,hist-v1-202512,30d
FC-0002283,FPS-0542,2026-02,RICE,200,94,149,xgb-v1.0,2025-12-28T10:00:00,hist-v1-202512,30d
FC-0002284,FPS-0542,2026-02,WHEAT,200,64,131,xgb-v1.0,2025-12-28T10:00:00,hist-v1-202512,30d
FC-0002285,FPS-0543,2026-02,RICE,200,135,170,xgb-v1.0,2025-12-28T10:00:00,hist-v1-202512,30d
FC-0002286,FPS-0543,2026-02,WHEAT,200,83,133,xgb-v1.0,2025-12-28T10:00:00,hist-v1-202512,30d
FC-0002287,FPS-0544,2026-02,RICE,200,139,171,xgb-v1.0,2025-12-28T10:00:00,hist-v1-202512,30d
FC-0002288,FPS-0544,2026-02,WHEAT,200,85,138,xgb-v1.0,2025-12-28T10:00:00,hist-v1-202512,30d
FC-0002289,FPS-0545,2026-02,RICE,200,36,115,xgb-v1.0,2025-12-28T10:00:00,hist-v1-202512,30d
FC-0002290,FPS-0545,2026-02,WHEAT,200,26,107,xgb-v1.0,2025-12-28T10:00:00,hist-v1-202512,30d
FC-0002291,FPS-0546,2026-02,RICE,268,168,222,xgb-v1.0,2025-12-28T10:00:00,hist-v1-202512,30d
FC-0002292,FPS-0546,2026-02,WHEAT,200,113,153,xgb-v1.0,2025-12-28T10:00:00,hist-v1-202512,30d
FC-0002293,FPS-0547,2026-02,RICE,200,93,148,xgb-v1.0,2025-12-28T10:00:00,hist-v1-202512,30d
FC-0002294,FPS-0547,2026-02,WHEAT,200,59,129,xgb-v1.0,2025-12-28T10:00:00,hist-v1-202512,30d
FC-0002295,FPS-0548,2026-02,RICE,200,104,148,xgb-v1.0,2025-12-28T10:00:00,hist-v1-202512,30d
FC-0002296,FPS-0548,2026-02,WHEAT,200,68,131,xgb-v1.0,2025-12-28T10:00:00,hist-v1-202512,30d
FC-0002297,FPS-0549,2026-02,RICE,241,169,198,xgb-v1.0,2025-12-28T10:00:00,hist-v1-202512,30d
FC-0002298,FPS-0549,2026-02,WHEAT,200,114,152,xgb-v1.0,2025-12-28T10:00:00,hist-v1-202512,30d
FC-0002299,FPS-0550,2026-02,RICE,200,78,138,xgb-v1.0,2025-12-28T10:00:00,hist-v1-202512,30d
FC-0002300,FPS-0550,2026-02,WHEAT,180,52,113,xgb-v1.0,2025-12-28T10:00:00,hist-v1-202512,30d
FC-0002301,FPS-0551,2026-02,RICE,200,118,158,xgb-v1.0,2025-12-28T10:00:00,hist-v1-202512,30d
FC-0002302,FPS-0551,2026-02,WHEAT,200,82,142,xgb-v1.0,2025-12-28T10:00:00,hist-v1-202512,30d
FC-0002303,FPS-0552,2026-02,RICE,200,71,135,xgb-v1.0,2025-12-28T10:00:00,hist-v1-202512,30d
FC-0002304,FPS-0552,2026-02,WHEAT,200,49,123,xgb-v1.0,2025-12-28T10:00:00,hist-v1-202512,30d
FC-0002305,FPS-0553,2026-02,RICE,275,166,215,xgb-v1.0,2025-12-28T10:00:00,hist-v1-202512,30d
FC-0002306,FPS-0553,2026-02,WHEAT,204,112,158,xgb-v1.0,2025-12-28T10:00:00,hist-v1-202512,30d
FC-0002307,FPS-0554,2026-02,RICE,200,85,141,xgb-v1.0,2025-12-28T10:00:00,hist-v1-202512,30d
FC-0002308,FPS-0554,2026-02,WHEAT,200,58,124,xgb-v1.0,2025-12-28T10:00:00,hist-v1-202512,30d
FC-0002309,FPS-0555,2026-02,RICE,264,144,209,xgb-v1.0,2025-12-28T10:00:00,hist-v1-202512,30d
FC-0002310,FPS-0555,2026-02,WHEAT,202,93,142,xgb-v1.0,2025-12-28T10:00:00,hist-v1-202512,30d
FC-0002311,FPS-0556,2026-02,RICE,231,143,187,xgb-v1.0,2025-12-28T10:00:00,hist-v1-202512,30d
FC-0002312,FPS-0556,2026-02,WHEAT,200,96,148,xgb-v1.0,2025-12-28T10:00:00,hist-v1-202512,30d
FC-0002313,FPS-0557,2026-02,RICE,229,168,206,xgb-v1.0,2025-12-28T10:00:00,hist-v1-202512,30d
FC-0002314,FPS-0557,2026-02,WHEAT,200,108,154,xgb-v1.0,2025-12-28T10:00:00,hist-v1-202512,30d
FC-0002315,FPS-0558,2026-02,RICE,295,219,258,xgb-v1.0,2025-12-28T10:00:00,hist-v1-202512,30d
FC-0002316,FPS-0558,2026-02,WHEAT,210,145,183,xgb-v1.0,2025-12-28T10:00:00,hist-v1-202512,30d
FC-0002317,FPS-0559,2026-02,RICE,160,109,133,xgb-v1.0,2025-12-28T10:00:00,hist-v1-202512,30d
FC-0002318,FPS-0559,2026-02,WHEAT,180,72,118,xgb-v1.0,2025-12-28T10:00:00,hist-v1-202512,30d
FC-0002319,FPS-0560,2026-02,RICE,262,168,209,xgb-v1.0,2025-12-28T10:00:00,hist-v1-202512,30d
FC-0002320,FPS-0560,2026-02,WHEAT,204,114,162,xgb-v1.0,2025-12-28T10:00:00,hist-v1-202512,30d
FC-0002321,FPS-0561,2026-02,RICE,200,129,170,xgb-v1.0,2025-12-28T10:00:00,hist-v1-202512,30d
FC-0002322,FPS-0561,2026-02,WHEAT,200,85,136,xgb-v1.0,2025-12-28T10:00:00,hist-v1-202512,30d
FC-0002323,FPS-0562,2026-02,RICE,270,199,234,xgb-v1.0,2025-12-28T10:00:00,hist-v1-202512,30d
FC-0002324,FPS-0562,2026-02,WHEAT,204,128,169,xgb-v1.0,2025-12-28T10:00:00,hist-v1-202512,30d
FC-0002325,FPS-0563,2026-02,RICE,341,187,265,xgb-v1.0,2025-12-28T10:00:00,hist-v1-202512,30d
FC-0002326,FPS-0563,2026-02,WHEAT,243,123,180,xgb-v1.0,2025-12-28T10:00:00,hist-v1-202512,30d
FC-0002327,FPS-0564,2026-02,RICE,200,99,143,xgb-v1.0,2025-12-28T10:00:00,hist-v1-202512,30d
FC-0002328,FPS-0564,2026-02,WHEAT,200,69,125,xgb-v1.0,2025-12-28T10:00:00,hist-v1-202512,30d
FC-0002329,FPS-0565,2026-02,RICE,202,112,152,xgb-v1.0,2025-12-28T10:00:00,hist-v1-202512,30d
FC-0002330,FPS-0565,2026-02,WHEAT,200,77,140,xgb-v1.0,2025-12-28T10:00:00,hist-v1-202512,30d
FC-0002331,FPS-0566,2026-02,RICE,200,83,138,xgb-v1.0,2025-12-28T10:00:00,hist-v1-202512,30d
FC-0002332,FPS-0566,2026-02,WHEAT,200,54,123,xgb-v1.0,2025-12-28T10:00:00,hist-v1-202512,30d
FC-0002333,FPS-0567,2026-02,RICE,200,108,150,xgb-v1.0,2025-12-28T10:00:00,hist-v1-202512,30d
FC-0002334,FPS-0567,2026-02,WHEAT,200,69,130,xgb-v1.0,2025-12-28T10:00:00,hist-v1-202512,30d
FC-0002335,FPS-0568,2026-02,RICE,289,186,241,xgb-v1.0,2025-12-28T10:00:00,hist-v1-202512,30d
FC-0002336,FPS-0568,2026-02,WHEAT,200,118,153,xgb-v1.0,2025-12-28T10:00:00,hist-v1-202512,30d
FC-0002337,FPS-0569,2026-02,RICE,255,180,219,xgb-v1.0,2025-12-28T10:00:00,hist-v1-202512,30d
FC-0002338,FPS-0569,2026-02,WHEAT,180,122,152,xgb-v1.0,2025-12-28T10:00:00,hist-v1-202512,30d
FC-0002339,FPS-0570,2026-02,RICE,200,30,111,xgb-v1.0,2025-12-28T10:00:00,hist-v1-202512,30d
FC-0002340,FPS-0570,2026-02,WHEAT,200,21,107,xgb-v1.0,2025-12-28T10:00:00,hist-v1-202512,30d
FC-0002341,FPS-0571,2026-02,RICE,200,87,140,xgb-v1.0,2025-12-28T10:00:00,hist-v1-202512,30d
FC-0002342,FPS-0571,2026-02,WHEAT,200,65,123,xgb-v1.0,2025-12-28T10:00:00,hist-v1-202512,30d
FC-0002343,FPS-0572,2026-02,RICE,277,189,234,xgb-v1.0,2025-12-28T10:00:00,hist-v1-202512,30d
FC-0002344,FPS-0572,2026-02,WHEAT,201,124,160,xgb-v1.0,2025-12-28T10:00:00,hist-v1-202512,30d
FC-0002345,FPS-0573,2026-02,RICE,200,90,146,xgb-v1.0,2025-12-28T10:00:00,hist-v1-202512,30d
FC-0002346,FPS-0573,2026-02,WHEAT,200,63,128,xgb-v1.0,2025-12-28T10:00:00,hist-v1-202512,30d
FC-0002347,FPS-0574,2026-02,RICE,227,120,171,xgb-v1.0,2025-12-28T10:00:00,hist-v1-202512,30d
FC-0002348,FPS-0574,2026-02,WHEAT,200,80,132,xgb-v1.0,2025-12-28T10:00:00,hist-v1-202512,30d
FC-0002349,FPS-0575,2026-02,RICE,271,226,260,xgb-v1.0,2025-12-28T10:00:00,hist-v1-202512,30d
FC-0002350,FPS-0575,2026-02,WHEAT,221,149,182,xgb-v1.0,2025-12-28T10:00:00,hist-v1-202512,30d
FC-0002351,FPS-0576,2026-02,RICE,200,87,138,xgb-v1.0,2025-12-28T10:00:00,hist-v1-202512,30d
FC-0002352,FPS-0576,2026-02,WHEAT,200,66,130,xgb-v1.0,2025-12-28T10:00:00,hist-v1-202512,30d
FC-0002353,FPS-0577,2026-02,RICE,200,82,142,xgb-v1.0,2025-12-28T10:00:00,hist-v1-202512,30d
FC-0002354,FPS-0577,2026-02,WHEAT,200,54,123,xgb-v1.0,2025-12-28T10:00:00,hist-v1-202512,30d
FC-0002355,FPS-0578,2026-02,RICE,200,71,135,xgb-v1.0,2025-12-28T10:00:00,hist-v1-202512,30d
FC-0002356,FPS-0578,2026-02,WHEAT,200,48,117,xgb-v1.0,2025-12-28T10:00:00,hist-v1-202512,30d
FC-0002357,FPS-0579,2026-02,RICE,200,115,158,xgb-v1.0,2025-12-28T10:00:00,hist-v1-202512,30d
FC-0002358,FPS-0579,2026-02,WHEAT,200,83,136,xgb-v1.0,2025-12-28T10:00:00,hist-v1-202512,30d
FC-0002359,FPS-0580,2026-02,RICE,246,170,210,xgb-v1.0,2025-12-28T10:00:00,hist-v1-202512,30d
FC-0002360,FPS-0580,2026-02,WHEAT,180,117,147,xgb-v1.0,2025-12-28T10:00:00,hist-v1-202512,30d
FC-0002361,FPS-0581,2026-02,RICE,204,116,153,xgb-v1.0,2025-12-28T10:00:00,hist-v1-202512,30d
FC-0002362,FPS-0581,2026-02,WHEAT,200,78,138,xgb-v1.0,2025-12-28T10:00:00,hist-v1-202512,30d
FC-0002363,FPS-0582,2026-02,RICE,200,14,96,xgb-v1.0,2025-12-28T10:00:00,hist-v1-202512,30d
FC-0002364,FPS-0582,2026-02,WHEAT,200,9,95,xgb-v1.0,2025-12-28T10:00:00,hist-v1-202512,30d
FC-0002365,FPS-0583,2026-02,RICE,200,116,159,xgb-v1.0,2025-12-28T10:00:00,hist-v1-202512,30d
FC-0002366,FPS-0583,2026-02,WHEAT,200,79,136,xgb-v1.0,2025-12-28T10:00:00,hist-v1-202512,30d
FC-0002367,FPS-0584,2026-02,RICE,200,73,133,xgb-v1.0,2025-12-28T10:00:00,hist-v1-202512,30d
FC-0002368,FPS-0584,2026-02,WHEAT,200,50,118,xgb-v1.0,2025-12-28T10:00:00,hist-v1-202512,30d
FC-0002369,FPS-0585,2026-02,RICE,200,65,126,xgb-v1.0,2025-12-28T10:00:00,hist-v1-202512,30d
FC-0002370,FPS-0585,2026-02,WHEAT,200,41,110,xgb-v1.0,2025-12-28T10:00:00,hist-v1-202512,30d
FC-0002371,FPS-0586,2026-02,RICE,200,120,153,xgb-v1.0,2025-12-28T10:00:00,hist-v1-202512,30d
FC-0002372,FPS-0586,2026-02,WHEAT,200,85,141,xgb-v1.0,2025-12-28T10:00:00,hist-v1-202512,30d
FC-0002373,FPS-0587,2026-02,RICE,223,113,170,xgb-v1.0,2025-12-28T10:00:00,hist-v1-202512,30d
FC-0002374,FPS-0587,2026-02,WHEAT,200,76,133,xgb-v1.0,2025-12-28T10:00:00,hist-v1-202512,30d
FC-0002375,FPS-0588,2026-02,RICE,214,115,161,xgb-v1.0,2025-12-28T10:00:00,hist-v1-202512,30d
FC-0002376,FPS-0588,2026-02,WHEAT,200,82,132,xgb-v1.0,2025-12-28T10:00:00,hist-v1-202512,30d
FC-0002377,FPS-0589,2026-02,RICE,200,109,158,xgb-v1.0,2025-12-28T10:00:00,hist-v1-202512,30d
FC-0002378,FPS-0589,2026-02,WHEAT,200,81,136,xgb-v1.0,2025-12-28T10:00:00,hist-v1-202512,30d
FC-0002379,FPS-0590,2026-02,RICE,200,117,152,xgb-v1.0,2025-12-28T10:00:00,hist-v1-202512,30d
FC-0002380,FPS-0590,2026-02,WHEAT,200,80,131,xgb-v1.0,2025-12-28T10:00:00,hist-v1-202512,30d
FC-0002381,FPS-0591,2026-02,RICE,200,98,148,xgb-v1.0,2025-12-28T10:00:00,hist-v1-202512,30d
FC-0002382,FPS-0591,2026-02,WHEAT,200,66,132,xgb-v1.0,2025-12-28T10:00:00,hist-v1-202512,30d
FC-0002383,FPS-0592,2026-02,RICE,208,149,171,xgb-v1.0,2025-12-28T10:00:00,hist-v1-202512,30d
FC-0002384,FPS-0592,2026-02,WHEAT,200,99,152,xgb-v1.0,2025-12-28T10:00:00,hist-v1-202512,30d
FC-0002385,FPS-0593,2026-02,RICE,305,183,251,xgb-v1.0,2025-12-28T10:00:00,hist-v1-202512,30d
FC-0002386,FPS-0593,2026-02,WHEAT,232,130,173,xgb-v1.0,2025-12-28T10:00:00,hist-v1-202512,30d
FC-0002387,FPS-0594,2026-02,RICE,206,152,177,xgb-v1.0,2025-12-28T10:00:00,hist-v1-202512,30d
FC-0002388,FPS-0594,2026-02,WHEAT,200,101,146,xgb-v1.0,2025-12-28T10:00:00,hist-v1-202512,30d
FC-0002389,FPS-0595,2026-02,RICE,180,97,139,xgb-v1.0,2025-12-28T10:00:00,hist-v1-202512,30d
FC-0002390,FPS-0595,2026-02,WHEAT,200,63,128,xgb-v1.0,2025-12-28T10:00:00,hist-v1-202512,30d
FC-0002391,FPS-0596,2026-02,RICE,200,127,158,xgb-v1.0,2025-12-28T10:00:00,hist-v1-202512,30d
FC-0002392,FPS-0596,2026-02,WHEAT,200,89,146,xgb-v1.0,2025-12-28T10:00:00,hist-v1-202512,30d
FC-0002393,FPS-0597,2026-02,RICE,415,245,339,xgb-v1.0,2025-12-28T10:00:00,hist-v1-202512,30d
FC-0002394,FPS-0597,2026-02,WHEAT,298,162,221,xgb-v1.0,2025-12-28T10:00:00,hist-v1-202512,30d
FC-0002395,FPS-0598,2026-02,RICE,231,137,183,xgb-v1.0,2025-12-28T10:00:00,hist-v1-202512,30d
FC-0002396,FPS-0598,2026-02,WHEAT,200,92,139,xgb-v1.0,2025-12-28T10:00:00,hist-v1-202512,30d
FC-0002397,FPS-0599,2026-02,RICE,200,81,133,xgb-v1.0,2025-12-28T10:00:00,hist-v1-202512,30d
FC-0002398,FPS-0599,2026-02,WHEAT,200,59,120,xgb-v1.0,2025-12-28T10:00:00,hist-v1-202512,30d
FC-0002399,FPS-0600,2026-02,RICE,200,83,140,xgb-v1.0,2025-12-28T10:00:00,hist-v1-202512,30d
FC-0002400,FPS-0600,2026-02,WHEAT,200,59,119,xgb-v1.0,2025-12-28T10:00:00,hist-v1-202512,30d
FC-0002401,FPS-0001,2026-03,RICE,290,259,278,xgb-v1.0,2025-12-28T10:00:00,hist-v1-202512,30d
FC-0002402,FPS-0001,2026-03,WHEAT,211,207,208,xgb-v1.0,2025-12-28T10:00:00,hist-v1-202512,30d
FC-0002403,FPS-0002,2026-03,RICE,200,181,190,xgb-v1.0,2025-12-28T10:00:00,hist-v1-202512,30d
FC-0002404,FPS-0002,2026-03,WHEAT,200,181,194,xgb-v1.0,2025-12-28T10:00:00,hist-v1-202512,30d
FC-0002405,FPS-0003,2026-03,RICE,282,278,285,xgb-v1.0,2025-12-28T10:00:00,hist-v1-202512,30d
FC-0002406,FPS-0003,2026-03,WHEAT,213,191,193,xgb-v1.0,2025-12-28T10:00:00,hist-v1-202512,30d
FC-0002407,FPS-0004,2026-03,RICE,200,190,200,xgb-v1.0,2025-12-28T10:00:00,hist-v1-202512,30d
FC-0002408,FPS-0004,2026-03,WHEAT,200,196,191,xgb-v1.0,2025-12-28T10:00:00,hist-v1-202512,30d
FC-0002409,FPS-0005,2026-03,RICE,204,181,196,xgb-v1.0,2025-12-28T10:00:00,hist-v1-202512,30d
FC-0002410,FPS-0005,2026-03,WHEAT,200,204,201,xgb-v1.0,2025-12-28T10:00:00,hist-v1-202512,30d
FC-0002411,FPS-0006,2026-03,RICE,294,281,269,xgb-v1.0,2025-12-28T10:00:00,hist-v1-202512,30d
FC-0002412,FPS-0006,2026-03,WHEAT,214,184,201,xgb-v1.0,2025-12-28T10:00:00,hist-v1-202512,30d
FC-0002413,FPS-0007,2026-03,RICE,200,188,193,xgb-v1.0,2025-12-28T10:00:00,hist-v1-202512,30d
FC-0002414,FPS-0007,2026-03,WHEAT,200,194,219,xgb-v1.0,2025-12-28T10:00:00,hist-v1-202512,30d
FC-0002415,FPS-0008,2026-03,RICE,205,181,193,xgb-v1.0,2025-12-28T10:00:00,hist-v1-202512,30d
FC-0002416,FPS-0008,2026-03,WHEAT,200,204,207,xgb-v1.0,2025-12-28T10:00:00,hist-v1-202512,30d
FC-0002417,FPS-0009,2026-03,RICE,200,173,191,xgb-v1.0,2025-12-28T10:00:00,hist-v1-202512,30d
FC-0002418,FPS-0009,2026-03,WHEAT,200,194,199,xgb-v1.0,2025-12-28T10:00:00,hist-v1-202512,30d
FC-0002419,FPS-0010,2026-03,RICE,246,250,246,xgb-v1.0,2025-12-28T10:00:00,hist-v1-202512,30d
FC-0002420,FPS-0010,2026-03,WHEAT,180,168,177,xgb-v1.0,2025-12-28T10:00:00,hist-v1-202512,30d
FC-0002421,FPS-0011,2026-03,RICE,200,182,191,xgb-v1.0,2025-12-28T10:00:00,hist-v1-202512,30d
FC-0002422,FPS-0011,2026-03,WHEAT,180,187,168,xgb-v1.0,2025-12-28T10:00:00,hist-v1-202512,30d
FC-0002423,FPS-0012,2026-03,RICE,228,233,238,xgb-v1.0,2025-12-28T10:00:00,hist-v1-202512,30d
FC-0002424,FPS-0012,2026-03,WHEAT,200,192,197,xgb-v1.0,2025-12-28T10:00:00,hist-v1-202512,30d
FC-0002425,FPS-0013,2026-03,RICE,231,229,221,xgb-v1.0,2025-12-28T10:00:00,hist-v1-202512,30d
FC-0002426,FPS-0013,2026-03,WHEAT,200,172,182,xgb-v1.0,2025-12-28T10:00:00,hist-v1-202512,30d
FC-0002427,FPS-0014,2026-03,RICE,200,205,206,xgb-v1.0,2025-12-28T10:00:00,hist-v1-202512,30d
FC-0002428,FPS-0014,2026-03,WHEAT,200,172,183,xgb-v1.0,2025-12-28T10:00:00,hist-v1-202512,30d
FC-0002429,FPS-0015,2026-03,RICE,200,189,191,xgb-v1.0,2025-12-28T10:00:00,hist-v1-202512,30d
FC-0002430,FPS-0015,2026-03,WHEAT,200,207,201,xgb-v1.0,2025-12-28T10:00:00,hist-v1-202512,30d
FC-0002431,FPS-0016,2026-03,RICE,231,203,213,xgb-v1.0,2025-12-28T10:00:00,hist-v1-202512,30d
FC-0002432,FPS-0016,2026-03,WHEAT,200,177,193,xgb-v1.0,2025-12-28T10:00:00,hist-v1-202512,30d
FC-0002433,FPS-0017,2026-03,RICE,200,194,206,xgb-v1.0,2025-12-28T10:00:00,hist-v1-202512,30d
FC-0002434,FPS-0017,2026-03,WHEAT,200,193,197,xgb-v1.0,2025-12-28T10:00:00,hist-v1-202512,30d
FC-0002435,FPS-0018,2026-03,RICE,276,237,258,xgb-v1.0,2025-12-28T10:00:00,hist-v1-202512,30d
FC-0002436,FPS-0018,2026-03,WHEAT,212,204,209,xgb-v1.0,2025-12-28T10:00:00,hist-v1-202512,30d
FC-0002437,FPS-0019,2026-03,RICE,235,235,229,xgb-v1.0,2025-12-28T10:00:00,hist-v1-202512,30d
FC-0002438,FPS-0019,2026-03,WHEAT,200,205,211,xgb-v1.0,2025-12-28T10:00:00,hist-v1-202512,30d
FC-0002439,FPS-0020,2026-03,RICE,200,201,202,xgb-v1.0,2025-12-28T10:00:00,hist-v1-202512,30d
FC-0002440,FPS-0020,2026-03,WHEAT,200,182,197,xgb-v1.0,2025-12-28T10:00:00,hist-v1-202512,30d
FC-0002441,FPS-0021,2026-03,RICE,307,278,296,xgb-v1.0,2025-12-28T10:00:00,hist-v1-202512,30d
FC-0002442,FPS-0021,2026-03,WHEAT,208,212,204,xgb-v1.0,2025-12-28T10:00:00,hist-v1-202512,30d
FC-0002443,FPS-0022,2026-03,RICE,200,185,192,xgb-v1.0,2025-12-28T10:00:00,hist-v1-202512,30d
FC-0002444,FPS-0022,2026-03,WHEAT,200,172,181,xgb-v1.0,2025-12-28T10:00:00,hist-v1-202512,30d
FC-0002445,FPS-0023,2026-03,RICE,200,196,202,xgb-v1.0,2025-12-28T10:00:00,hist-v1-202512,30d
FC-0002446,FPS-0023,2026-03,WHEAT,200,177,181,xgb-v1.0,2025-12-28T10:00:00,hist-v1-202512,30d
FC-0002447,FPS-0024,2026-03,RICE,201,201,206,xgb-v1.0,2025-12-28T10:00:00,hist-v1-202512,30d
FC-0002448,FPS-0024,2026-03,WHEAT,200,205,207,xgb-v1.0,2025-12-28T10:00:00,hist-v1-202512,30d
FC-0002449,FPS-0025,2026-03,RICE,284,294,286,xgb-v1.0,2025-12-28T10:00:00,hist-v1-202512,30d
FC-0002450,FPS-0025,2026-03,WHEAT,201,193,190,xgb-v1.0,2025-12-28T10:00:00,hist-v1-202512,30d
FC-0002451,FPS-0026,2026-03,RICE,204,189,202,xgb-v1.0,2025-12-28T10:00:00,hist-v1-202512,30d
FC-0002452,FPS-0026,2026-03,WHEAT,200,195,207,xgb-v1.0,2025-12-28T10:00:00,hist-v1-202512,30d
FC-0002453,FPS-0027,2026-03,RICE,200,201,206,xgb-v1.0,2025-12-28T10:00:00,hist-v1-202512,30d
FC-0002454,FPS-0027,2026-03,WHEAT,180,160,172,xgb-v1.0,2025-12-28T10:00:00,hist-v1-202512,30d
FC-0002455,FPS-0028,2026-03,RICE,200,192,188,xgb-v1.0,2025-12-28T10:00:00,hist-v1-202512,30d
FC-0002456,FPS-0028,2026-03,WHEAT,200,176,185,xgb-v1.0,2025-12-28T10:00:00,hist-v1-202512,30d
FC-0002457,FPS-0029,2026-03,RICE,235,228,235,xgb-v1.0,2025-12-28T10:00:00,hist-v1-202512,30d
FC-0002458,FPS-0029,2026-03,WHEAT,180,171,175,xgb-v1.0,2025-12-28T10:00:00,hist-v1-202512,30d
FC-0002459,FPS-0030,2026-03,RICE,200,172,178,xgb-v1.0,2025-12-28T10:00:00,hist-v1-202512,30d
FC-0002460,FPS-0030,2026-03,WHEAT,200,180,194,xgb-v1.0,2025-12-28T10:00:00,hist-v1-202512,30d
FC-0002461,FPS-0031,2026-03,RICE,200,171,190,xgb-v1.0,2025-12-28T10:00:00,hist-v1-202512,30d
FC-0002462,FPS-0031,2026-03,WHEAT,200,177,184,xgb-v1.0,2025-12-28T10:00:00,hist-v1-202512,30d
FC-0002463,FPS-0032,2026-03,RICE,205,186,194,xgb-v1.0,2025-12-28T10:00:00,hist-v1-202512,30d
FC-0002464,FPS-0032,2026-03,WHEAT,200,181,187,xgb-v1.0,2025-12-28T10:00:00,hist-v1-202512,30d
FC-0002465,FPS-0033,2026-03,RICE,221,195,209,xgb-v1.0,2025-12-28T10:00:00,hist-v1-202512,30d
FC-0002466,FPS-0033,2026-03,WHEAT,200,181,195,xgb-v1.0,2025-12-28T10:00:00,hist-v1-202512,30d
FC-0002467,FPS-0034,2026-03,RICE,233,209,212,xgb-v1.0,2025-12-28T10:00:00,hist-v1-202512,30d
FC-0002468,FPS-0034,2026-03,WHEAT,200,195,193,xgb-v1.0,2025-12-28T10:00:00,hist-v1-202512,30d
FC-0002469,FPS-0035,2026-03,RICE,232,200,211,xgb-v1.0,2025-12-28T10:00:00,hist-v1-202512,30d
FC-0002470,FPS-0035,2026-03,WHEAT,200,207,204,xgb-v1.0,2025-12-28T10:00:00,hist-v1-202512,30d
FC-0002471,FPS-0036,2026-03,RICE,271,254,258,xgb-v1.0,2025-12-28T10:00:00,hist-v1-202512,30d
FC-0002472,FPS-0036,2026-03,WHEAT,200,195,201,xgb-v1.0,2025-12-28T10:00:00,hist-v1-202512,30d
FC-0002473,FPS-0037,2026-03,RICE,229,215,222,xgb-v1.0,2025-12-28T10:00:00,hist-v1-202512,30d
FC-0002474,FPS-0037,2026-03,WHEAT,200,194,191,xgb-v1.0,2025-12-28T10:00:00,hist-v1-202512,30d
FC-0002475,FPS-0038,2026-03,RICE,253,219,235,xgb-v1.0,2025-12-28T10:00:00,hist-v1-202512,30d
FC-0002476,FPS-0038,2026-03,WHEAT,200,203,204,xgb-v1.0,2025-12-28T10:00:00,hist-v1-202512,30d
FC-0002477,FPS-0039,2026-03,RICE,238,205,211,xgb-v1.0,2025-12-28T10:00:00,hist-v1-202512,30d
FC-0002478,FPS-0039,2026-03,WHEAT,200,200,206,xgb-v1.0,2025-12-28T10:00:00,hist-v1-202512,30d
FC-0002479,FPS-0040,2026-03,RICE,200,187,194,xgb-v1.0,2025-12-28T10:00:00,hist-v1-202512,30d
FC-0002480,FPS-0040,2026-03,WHEAT,200,203,198,xgb-v1.0,2025-12-28T10:00:00,hist-v1-202512,30d
FC-0002481,FPS-0041,2026-03,RICE,200,182,194,xgb-v1.0,2025-12-28T10:00:00,hist-v1-202512,30d
FC-0002482,FPS-0041,2026-03,WHEAT,200,206,201,xgb-v1.0,2025-12-28T10:00:00,hist-v1-202512,30d
FC-0002483,FPS-0042,2026-03,RICE,183,164,173,xgb-v1.0,2025-12-28T10:00:00,hist-v1-202512,30d
FC-0002484,FPS-0042,2026-03,WHEAT,200,203,201,xgb-v1.0,2025-12-28T10:00:00,hist-v1-202512,30d
FC-0002485,FPS-0043,2026-03,RICE,200,201,202,xgb-v1.0,2025-12-28T10:00:00,hist-v1-202512,30d
FC-0002486,FPS-0043,2026-03,WHEAT,200,190,187,xgb-v1.0,2025-12-28T10:00:00,hist-v1-202512,30d
FC-0002487,FPS-0044,2026-03,RICE,200,195,201,xgb-v1.0,2025-12-28T10:00:00,hist-v1-202512,30d
FC-0002488,FPS-0044,2026-03,WHEAT,200,182,194,xgb-v1.0,2025-12-28T10:00:00,hist-v1-202512,30d
FC-0002489,FPS-0045,2026-03,RICE,242,251,238,xgb-v1.0,2025-12-28T10:00:00,hist-v1-202512,30d
FC-0002490,FPS-0045,2026-03,WHEAT,200,200,202,xgb-v1.0,2025-12-28T10:00:00,hist-v1-202512,30d
FC-0002491,FPS-0046,2026-03,RICE,200,178,189,xgb-v1.0,2025-12-28T10:00:00,hist-v1-202512,30d
FC-0002492,FPS-0046,2026-03,WHEAT,200,186,190,xgb-v1.0,2025-12-28T10:00:00,hist-v1-202512,30d
FC-0002493,FPS-0047,2026-03,RICE,258,267,258,xgb-v1.0,2025-12-28T10:00:00,hist-v1-202512,30d
FC-0002494,FPS-0047,2026-03,WHEAT,202,180,189,xgb-v1.0,2025-12-28T10:00:00,hist-v1-202512,30d
FC-0002495,FPS-0048,2026-03,RICE,180,187,186,xgb-v1.0,2025-12-28T10:00:00,hist-v1-202512,30d
FC-0002496,FPS-0048,2026-03,WHEAT,180,181,179,xgb-v1.0,2025-12-28T10:00:00,hist-v1-202512,30d
FC-0002497,FPS-0049,2026-03,RICE,218,224,221,xgb-v1.0,2025-12-28T10:00:00,hist-v1-202512,30d
FC-0002498,FPS-0049,2026-03,WHEAT,200,209,204,xgb-v1.0,2025-12-28T10:00:00,hist-v1-202512,30d
FC-0002499,FPS-0050,2026-03,RICE,294,289,294,xgb-v1.0,2025-12-28T10:00:00,hist-v1-202512,30d
FC-0002500,FPS-0050,2026-03,WHEAT,223,205,206,xgb-v1.0,2025-12-28T10:00:00,hist-v1-202512,30d
FC-0002501,FPS-0051,2026-03,RICE,220,218,213,xgb-v1.0,2025-12-28T10:00:00,hist-v1-202512,30d
FC-0002502,FPS-0051,2026-03,WHEAT,180,153,160,xgb-v1.0,2025-12-28T10:00:00,hist-v1-202512,30d
FC-0002503,FPS-0052,2026-03,RICE,263,267,272,xgb-v1.0,2025-12-28T10:00:00,hist-v1-202512,30d
FC-0002504,FPS-0052,2026-03,WHEAT,200,193,195,xgb-v1.0,2025-12-28T10:00:00,hist-v1-202512,30d
FC-0002505,FPS-0053,2026-03,RICE,200,203,204,xgb-v1.0,2025-12-28T10:00:00,hist-v1-202512,30d
FC-0002506,FPS-0053,2026-03,WHEAT,200,190,197,xgb-v1.0,2025-12-28T10:00:00,hist-v1-202512,30d
FC-0002507,FPS-0054,2026-03,RICE,200,196,195,xgb-v1.0,2025-12-28T10:00:00,hist-v1-202512,30d
FC-0002508,FPS-0054,2026-03,WHEAT,200,189,191,xgb-v1.0,2025-12-28T10:00:00,hist-v1-202512,30d
FC-0002509,FPS-0055,2026-03,RICE,243,212,226,xgb-v1.0,2025-12-28T10:00:00,hist-v1-202512,30d
FC-0002510,FPS-0055,2026-03,WHEAT,200,181,190,xgb-v1.0,2025-12-28T10:00:00,hist-v1-202512,30d
FC-0002511,FPS-0056,2026-03,RICE,188,184,190,xgb-v1.0,2025-12-28T10:00:00,hist-v1-202512,30d
FC-0002512,FPS-0056,2026-03,WHEAT,200,173,186,xgb-v1.0,2025-12-28T10:00:00,hist-v1-202512,30d
FC-0002513,FPS-0057,2026-03,RICE,232,237,233,xgb-v1.0,2025-12-28T10:00:00,hist-v1-202512,30d
FC-0002514,FPS-0057,2026-03,WHEAT,200,191,201,xgb-v1.0,2025-12-28T10:00:00,hist-v1-202512,30d
FC-0002515,FPS-0058,2026-03,RICE,229,200,205,xgb-v1.0,2025-12-28T10:00:00,hist-v1-202512,30d
FC-0002516,FPS-0058,2026-03,WHEAT,200,177,183,xgb-v1.0,2025-12-28T10:00:00,hist-v1-202512,30d
FC-0002517,FPS-0059,2026-03,RICE,207,214,218,xgb-v1.0,2025-12-28T10:00:00,hist-v1-202512,30d
FC-0002518,FPS-0059,2026-03,WHEAT,200,183,188,xgb-v1.0,2025-12-28T10:00:00,hist-v1-202512,30d
FC-0002519,FPS-0060,2026-03,RICE,242,240,231,xgb-v1.0,2025-12-28T10:00:00,hist-v1-202512,30d
FC-0002520,FPS-0060,2026-03,WHEAT,200,192,189,xgb-v1.0,2025-12-28T10:00:00,hist-v1-202512,30d
FC-0002521,FPS-0061,2026-03,RICE,200,184,187,xgb-v1.0,2025-12-28T10:00:00,hist-v1-202512,30d
FC-0002522,FPS-0061,2026-03,WHEAT,200,188,198,xgb-v1.0,2025-12-28T10:00:00,hist-v1-202512,30d
FC-0002523,FPS-0062,2026-03,RICE,200,201,202,xgb-v1.0,2025-12-28T10:00:00,hist-v1-202512,30d
FC-0002524,FPS-0062,2026-03,WHEAT,180,154,164,xgb-v1.0,2025-12-28T10:00:00,hist-v1-202512,30d
FC-0002525,FPS-0063,2026-03,RICE,255,246,242,xgb-v1.0,2025-12-28T10:00:00,hist-v1-202512,30d
FC-0002526,FPS-0063,2026-03,WHEAT,180,178,175,xgb-v1.0,2025-12-28T10:00:00,hist-v1-202512,30d
FC-0002527,FPS-0064,2026-03,RICE,180,154,164,xgb-v1.0,2025-12-28T10:00:00,hist-v1-202512,30d
FC-0002528,FPS-0064,2026-03,WHEAT,200,170,189,xgb-v1.0,2025-12-28T10:00:00,hist-v1-202512,30d
FC-0002529,FPS-0065,2026-03,RICE,200,196,202,xgb-v1.0,2025-12-28T10:00:00,hist-v1-202512,30d
FC-0002530,FPS-0065,2026-03,WHEAT,200,177,184,xgb-v1.0,2025-12-28T10:00:00,hist-v1-202512,30d
FC-0002531,FPS-0066,2026-03,RICE,204,209,211,xgb-v1.0,2025-12-28T10:00:00,hist-v1-202512,30d
FC-0002532,FPS-0066,2026-03,WHEAT,200,180,183,xgb-v1.0,2025-12-28T10:00:00,hist-v1-202512,30d
FC-0002533,FPS-0067,2026-03,RICE,200,197,193,xgb-v1.0,2025-12-28T10:00:00,hist-v1-202512,30d
FC-0002534,FPS-0067,2026-03,WHEAT,200,191,192,xgb-v1.0,2025-12-28T10:00:00,hist-v1-202512,30d
FC-0002535,FPS-0068,2026-03,RICE,205,202,200,xgb-v1.0,2025-12-28T10:00:00,hist-v1-202512,30d
FC-0002536,FPS-0068,2026-03,WHEAT,200,177,188,xgb-v1.0,2025-12-28T10:00:00,hist-v1-202512,30d
FC-0002537,FPS-0069,2026-03,RICE,200,204,209,xgb-v1.0,2025-12-28T10:00:00,hist-v1-202512,30d
FC-0002538,FPS-0069,2026-03,WHEAT,200,179,186,xgb-v1.0,2025-12-28T10:00:00,hist-v1-202512,30d
FC-0002539,FPS-0070,2026-03,RICE,182,167,169,xgb-v1.0,2025-12-28T10:00:00,hist-v1-202512,30d
FC-0002540,FPS-0070,2026-03,WHEAT,200,198,201,xgb-v1.0,2025-12-28T10:00:00,hist-v1-202512,30d
FC-0002541,FPS-0071,2026-03,RICE,200,178,184,xgb-v1.0,2025-12-28T10:00:00,hist-v1-202512,30d
FC-0002542,FPS-0071,2026-03,WHEAT,200,196,193,xgb-v1.0,2025-12-28T10:00:00,hist-v1-202512,30d
FC-0002543,FPS-0072,2026-03,RICE,252,218,237,xgb-v1.0,2025-12-28T10:00:00,hist-v1-202512,30d
FC-0002544,FPS-0072,2026-03,WHEAT,201,209,203,xgb-v1.0,2025-12-28T10:00:00,hist-v1-202512,30d
FC-0002545,FPS-0073,2026-03,RICE,228,207,221,xgb-v1.0,2025-12-28T10:00:00,hist-v1-202512,30d
FC-0002546,FPS-0073,2026-03,WHEAT,200,189,191,xgb-v1.0,2025-12-28T10:00:00,hist-v1-202512,30d
FC-0002547,FPS-0074,2026-03,RICE,200,175,184,xgb-v1.0,2025-12-28T10:00:00,hist-v1-202512,30d
FC-0002548,FPS-0074,2026-03,WHEAT,180,187,190,xgb-v1.0,2025-12-28T10:00:00,hist-v1-202512,30d
FC-0002549,FPS-0075,2026-03,RICE,248,252,250,xgb-v1.0,2025-12-28T10:00:00,hist-v1-202512,30d
FC-0002550,FPS-0075,2026-03,WHEAT,200,199,195,xgb-v1.0,2025-12-28T10:00:00,hist-v1-202512,30d
FC-0002551,FPS-0076,2026-03,RICE,292,302,308,xgb-v1.0,2025-12-28T10:00:00,hist-v1-202512,30d
FC-0002552,FPS-0076,2026-03,WHEAT,188,166,179,xgb-v1.0,2025-12-28T10:00:00,hist-v1-202512,30d
FC-0002553,FPS-0077,2026-03,RICE,200,187,194,xgb-v1.0,2025-12-28T10:00:00,hist-v1-202512,30d
FC-0002554,FPS-0077,2026-03,WHEAT,180,156,166,xgb-v1.0,2025-12-28T10:00:00,hist-v1-202512,30d
FC-0002555,FPS-0078,2026-03,RICE,227,212,213,xgb-v1.0,2025-12-28T10:00:00,hist-v1-202512,30d
FC-0002556,FPS-0078,2026-03,WHEAT,200,189,186,xgb-v1.0,2025-12-28T10:00:00,hist-v1-202512,30d
FC-0002557,FPS-0079,2026-03,RICE,200,180,186,xgb-v1.0,2025-12-28T10:00:00,hist-v1-202512,30d
FC-0002558,FPS-0079,2026-03,WHEAT,200,188,196,xgb-v1.0,2025-12-28T10:00:00,hist-v1-202512,30d
FC-0002559,FPS-0080,2026-03,RICE,202,172,183,xgb-v1.0,2025-12-28T10:00:00,hist-v1-202512,30d
FC-0002560,FPS-0080,2026-03,WHEAT,200,201,195,xgb-v1.0,2025-12-28T10:00:00,hist-v1-202512,30d
FC-0002561,FPS-0081,2026-03,RICE,220,225,221,xgb-v1.0,2025-12-28T10:00:00,hist-v1-202512,30d
FC-0002562,FPS-0081,2026-03,WHEAT,200,184,191,xgb-v1.0,2025-12-28T10:00:00,hist-v1-202512,30d
FC-0002563,FPS-0082,2026-03,RICE,246,224,230,xgb-v1.0,2025-12-28T10:00:00,hist-v1-202512,30d
FC-0002564,FPS-0082,2026-03,WHEAT,200,202,195,xgb-v1.0,2025-12-28T10:00:00,hist-v1-202512,30d
FC-0002565,FPS-0083,2026-03,RICE,215,209,210,xgb-v1.0,2025-12-28T10:00:00,hist-v1-202512,30d
FC-0002566,FPS-0083,2026-03,WHEAT,180,182,180,xgb-v1.0,2025-12-28T10:00:00,hist-v1-202512,30d
FC-0002567,FPS-0084,2026-03,RICE,282,268,271,xgb-v1.0,2025-12-28T10:00:00,hist-v1-202512,30d
FC-0002568,FPS-0084,2026-03,WHEAT,217,224,227,xgb-v1.0,2025-12-28T10:00:00,hist-v1-202512,30d
FC-0002569,FPS-0085,2026-03,RICE,200,206,199,xgb-v1.0,2025-12-28T10:00:00,hist-v1-202512,30d
FC-0002570,FPS-0085,2026-03,WHEAT,200,208,206,xgb-v1.0,2025-12-28T10:00:00,hist-v1-202512,30d
FC-0002571,FPS-0086,2026-03,RICE,201,176,182,xgb-v1.0,2025-12-28T10:00:00,hist-v1-202512,30d
FC-0002572,FPS-0086,2026-03,WHEAT,200,193,203,xgb-v1.0,2025-12-28T10:00:00,hist-v1-202512,30d
FC-0002573,FPS-0087,2026-03,RICE,200,190,200,xgb-v1.0,2025-12-28T10:00:00,hist-v1-202512,30d
FC-0002574,FPS-0087,2026-03,WHEAT,200,205,198,xgb-v1.0,2025-12-28T10:00:00,hist-v1-202512,30d
FC-0002575,FPS-0088,2026-03,RICE,200,183,198,xgb-v1.0,2025-12-28T10:00:00,hist-v1-202512,30d
FC-0002576,FPS-0088,2026-03,WHEAT,200,197,205,xgb-v1.0,2025-12-28T10:00:00,hist-v1-202512,30d
FC-0002577,FPS-0089,2026-03,RICE,222,208,215,xgb-v1.0,2025-12-28T10:00:00,hist-v1-202512,30d
FC-0002578,FPS-0089,2026-03,WHEAT,200,174,192,xgb-v1.0,2025-12-28T10:00:00,hist-v1-202512,30d
FC-0002579,FPS-0090,2026-03,RICE,204,212,206,xgb-v1.0,2025-12-28T10:00:00,hist-v1-202512,30d
FC-0002580,FPS-0090,2026-03,WHEAT,200,171,187,xgb-v1.0,2025-12-28T10:00:00,hist-v1-202512,30d
FC-0002581,FPS-0091,2026-03,RICE,204,192,200,xgb-v1.0,2025-12-28T10:00:00,hist-v1-202512,30d
FC-0002582,FPS-0091,2026-03,WHEAT,200,192,194,xgb-v1.0,2025-12-28T10:00:00,hist-v1-202512,30d
FC-0002583,FPS-0092,2026-03,RICE,253,236,234,xgb-v1.0,2025-12-28T10:00:00,hist-v1-202512,30d
FC-0002584,FPS-0092,2026-03,WHEAT,203,193,203,xgb-v1.0,2025-12-28T10:00:00,hist-v1-202512,30d
FC-0002585,FPS-0093,2026-03,RICE,278,268,274,xgb-v1.0,2025-12-28T10:00:00,hist-v1-202512,30d
FC-0002586,FPS-0093,2026-03,WHEAT,201,199,197,xgb-v1.0,2025-12-28T10:00:00,hist-v1-202512,30d
FC-0002587,FPS-0094,2026-03,RICE,266,255,259,xgb-v1.0,2025-12-28T10:00:00,hist-v1-202512,30d
FC-0002588,FPS-0094,2026-03,WHEAT,180,174,172,xgb-v1.0,2025-12-28T10:00:00,hist-v1-202512,30d
FC-0002589,FPS-0095,2026-03,RICE,273,250,251,xgb-v1.0,2025-12-28T10:00:00,hist-v1-202512,30d
FC-0002590,FPS-0095,2026-03,WHEAT,203,186,195,xgb-v1.0,2025-12-28T10:00:00,hist-v1-202512,30d
FC-0002591,FPS-0096,2026-03,RICE,200,183,195,xgb-v1.0,2025-12-28T10:00:00,hist-v1-202512,30d
FC-0002592,FPS-0096,2026-03,WHEAT,200,205,202,xgb-v1.0,2025-12-28T10:00:00,hist-v1-202512,30d
FC-0002593,FPS-0097,2026-03,RICE,270,269,278,xgb-v1.0,2025-12-28T10:00:00,hist-v1-202512,30d
FC-0002594,FPS-0097,2026-03,WHEAT,200,179,181,xgb-v1.0,2025-12-28T10:00:00,hist-v1-202512,30d
FC-0002595,FPS-0098,2026-03,RICE,273,248,267,xgb-v1.0,2025-12-28T10:00:00,hist-v1-202512,30d
FC-0002596,FPS-0098,2026-03,WHEAT,200,198,202,xgb-v1.0,2025-12-28T10:00:00,hist-v1-202512,30d
FC-0002597,FPS-0099,2026-03,RICE,205,185,190,xgb-v1.0,2025-12-28T10:00:00,hist-v1-202512,30d
FC-0002598,FPS-0099,2026-03,WHEAT,200,202,193,xgb-v1.0,2025-12-28T10:00:00,hist-v1-202512,30d
FC-0002599,FPS-0100,2026-03,RICE,180,187,184,xgb-v1.0,2025-12-28T10:00:00,hist-v1-202512,30d
FC-0002600,FPS-0100,2026-03,WHEAT,180,176,177,xgb-v1.0,2025-12-28T10:00:00,hist-v1-202512,30d
FC-0002601,FPS-0101,2026-03,RICE,256,249,255,xgb-v1.0,2025-12-28T10:00:00,hist-v1-202512,30d
FC-0002602,FPS-0101,2026-03,WHEAT,206,215,212,xgb-v1.0,2025-12-28T10:00:00,hist-v1-202512,30d
FC-0002603,FPS-0102,2026-03,RICE,200,209,204,xgb-v1.0,2025-12-28T10:00:00,hist-v1-202512,30d
FC-0002604,FPS-0102,2026-03,WHEAT,200,177,181,xgb-v1.0,2025-12-28T10:00:00,hist-v1-202512,30d
FC-0002605,FPS-0103,2026-03,RICE,277,249,260,xgb-v1.0,2025-12-28T10:00:00,hist-v1-202512,30d
FC-0002606,FPS-0103,2026-03,WHEAT,220,200,214,xgb-v1.0,2025-12-28T10:00:00,hist-v1-202512,30d
FC-0002607,FPS-0104,2026-03,RICE,200,187,181,xgb-v1.0,2025-12-28T10:00:00,hist-v1-202512,30d
FC-0002608,FPS-0104,2026-03,WHEAT,200,197,191,xgb-v1.0,2025-12-28T10:00:00,hist-v1-202512,30d
FC-0002609,FPS-0105,2026-03,RICE,299,286,294,xgb-v1.0,2025-12-28T10:00:00,hist-v1-202512,30d
FC-0002610,FPS-0105,2026-03,WHEAT,230,231,225,xgb-v1.0,2025-12-28T10:00:00,hist-v1-202512,30d
FC-0002611,FPS-0106,2026-03,RICE,200,179,185,xgb-v1.0,2025-12-28T10:00:00,hist-v1-202512,30d
FC-0002612,FPS-0106,2026-03,WHEAT,200,187,192,xgb-v1.0,2025-12-28T10:00:00,hist-v1-202512,30d
FC-0002613,FPS-0107,2026-03,RICE,200,205,204,xgb-v1.0,2025-12-28T10:00:00,hist-v1-202512,30d
FC-0002614,FPS-0107,2026-03,WHEAT,200,172,187,xgb-v1.0,2025-12-28T10:00:00,hist-v1-202512,30d
FC-0002615,FPS-0108,2026-03,RICE,200,208,205,xgb-v1.0,2025-12-28T10:00:00,hist-v1-202512,30d
FC-0002616,FPS-0108,2026-03,WHEAT,200,206,210,xgb-v1.0,2025-12-28T10:00:00,hist-v1-202512,30d
FC-0002617,FPS-0109,2026-03,RICE,200,206,196,xgb-v1.0,2025-12-28T10:00:00,hist-v1-202512,30d
FC-0002618,FPS-0109,2026-03,WHEAT,200,186,198,xgb-v1.0,2025-12-28T10:00:00,hist-v1-202512,30d
FC-0002619,FPS-0110,2026-03,RICE,200,191,193,xgb-v1.0,2025-12-28T10:00:00,hist-v1-202512,30d
FC-0002620,FPS-0110,2026-03,WHEAT,200,188,185,xgb-v1.0,2025-12-28T10:00:00,hist-v1-202512,30d
FC-0002621,FPS-0111,2026-03,RICE,200,171,183,xgb-v1.0,2025-12-28T10:00:00,hist-v1-202512,30d
FC-0002622,FPS-0111,2026-03,WHEAT,180,154,169,xgb-v1.0,2025-12-28T10:00:00,hist-v1-202512,30d
FC-0002623,FPS-0112,2026-03,RICE,200,197,195,xgb-v1.0,2025-12-28T10:00:00,hist-v1-202512,30d
FC-0002624,FPS-0112,2026-03,WHEAT,200,196,194,xgb-v1.0,2025-12-28T10:00:00,hist-v1-202512,30d
FC-0002625,FPS-0113,2026-03,RICE,200,204,199,xgb-v1.0,2025-12-28T10:00:00,hist-v1-202512,30d
FC-0002626,FPS-0113,2026-03,WHEAT,200,176,179,xgb-v1.0,2025-12-28T10:00:00,hist-v1-202512,30d
FC-0002627,FPS-0114,2026-03,RICE,200,173,186,xgb-v1.0,2025-12-28T10:00:00,hist-v1-202512,30d
FC-0002628,FPS-0114,2026-03,WHEAT,200,197,192,xgb-v1.0,2025-12-28T10:00:00,hist-v1-202512,30d
FC-0002629,FPS-0115,2026-03,RICE,200,176,186,xgb-v1.0,2025-12-28T10:00:00,hist-v1-202512,30d
FC-0002630,FPS-0115,2026-03,WHEAT,200,197,191,xgb-v1.0,2025-12-28T10:00:00,hist-v1-202512,30d
FC-0002631,FPS-0116,2026-03,RICE,200,197,195,xgb-v1.0,2025-12-28T10:00:00,hist-v1-202512,30d
FC-0002632,FPS-0116,2026-03,WHEAT,200,187,185,xgb-v1.0,2025-12-28T10:00:00,hist-v1-202512,30d
FC-0002633,FPS-0117,2026-03,RICE,200,203,195,xgb-v1.0,2025-12-28T10:00:00,hist-v1-202512,30d
FC-0002634,FPS-0117,2026-03,WHEAT,200,205,210,xgb-v1.0,2025-12-28T10:00:00,hist-v1-202512,30d
FC-0002635,FPS-0118,2026-03,RICE,185,172,171,xgb-v1.0,2025-12-28T10:00:00,hist-v1-202512,30d
FC-0002636,FPS-0118,2026-03,WHEAT,200,200,201,xgb-v1.0,2025-12-28T10:00:00,hist-v1-202512,30d
FC-0002637,FPS-0119,2026-03,RICE,200,202,207,xgb-v1.0,2025-12-28T10:00:00,hist-v1-202512,30d
FC-0002638,FPS-0119,2026-03,WHEAT,200,185,195,xgb-v1.0,2025-12-28T10:00:00,hist-v1-202512,30d
FC-0002639,FPS-0120,2026-03,RICE,200,201,203,xgb-v1.0,2025-12-28T10:00:00,hist-v1-202512,30d
FC-0002640,FPS-0120,2026-03,WHEAT,200,179,190,xgb-v1.0,2025-12-28T10:00:00,hist-v1-202512,30d
FC-0002641,FPS-0121,2026-03,RICE,200,200,205,xgb-v1.0,2025-12-28T10:00:00,hist-v1-202512,30d
FC-0002642,FPS-0121,2026-03,WHEAT,200,204,208,xgb-v1.0,2025-12-28T10:00:00,hist-v1-202512,30d
FC-0002643,FPS-0122,2026-03,RICE,200,177,182,xgb-v1.0,2025-12-28T10:00:00,hist-v1-202512,30d
FC-0002644,FPS-0122,2026-03,WHEAT,200,189,201,xgb-v1.0,2025-12-28T10:00:00,hist-v1-202512,30d
FC-0002645,FPS-0123,2026-03,RICE,200,193,202,xgb-v1.0,2025-12-28T10:00:00,hist-v1-202512,30d
FC-0002646,FPS-0123,2026-03,WHEAT,200,208,205,xgb-v1.0,2025-12-28T10:00:00,hist-v1-202512,30d
FC-0002647,FPS-0124,2026-03,RICE,290,285,296,xgb-v1.0,2025-12-28T10:00:00,hist-v1-202512,30d
FC-0002648,FPS-0124,2026-03,WHEAT,204,213,209,xgb-v1.0,2025-12-28T10:00:00,hist-v1-202512,30d
FC-0002649,FPS-0125,2026-03,RICE,200,195,200,xgb-v1.0,2025-12-28T10:00:00,hist-v1-202512,30d
FC-0002650,FPS-0125,2026-03,WHEAT,200,205,203,xgb-v1.0,2025-12-28T10:00:00,hist-v1-202512,30d
FC-0002651,FPS-0126,2026-03,RICE,200,172,188,xgb-v1.0,2025-12-28T10:00:00,hist-v1-202512,30d
FC-0002652,FPS-0126,2026-03,WHEAT,200,195,199,xgb-v1.0,2025-12-28T10:00:00,hist-v1-202512,30d
FC-0002653,FPS-0127,2026-03,RICE,200,182,185,xgb-v1.0,2025-12-28T10:00:00,hist-v1-202512,30d
FC-0002654,FPS-0127,2026-03,WHEAT,180,162,176,xgb-v1.0,2025-12-28T10:00:00,hist-v1-202512,30d
FC-0002655,FPS-0128,2026-03,RICE,200,191,198,xgb-v1.0,2025-12-28T10:00:00,hist-v1-202512,30d
FC-0002656,FPS-0128,2026-03,WHEAT,200,204,206,xgb-v1.0,2025-12-28T10:00:00,hist-v1-202512,30d
FC-0002657,FPS-0129,2026-03,RICE,200,208,211,xgb-v1.0,2025-12-28T10:00:00,hist-v1-202512,30d
FC-0002658,FPS-0129,2026-03,WHEAT,200,188,185,xgb-v1.0,2025-12-28T10:00:00,hist-v1-202512,30d
FC-0002659,FPS-0130,2026-03,RICE,200,208,199,xgb-v1.0,2025-12-28T10:00:00,hist-v1-202512,30d
FC-0002660,FPS-0130,2026-03,WHEAT,200,170,187,xgb-v1.0,2025-12-28T10:00:00,hist-v1-202512,30d
FC-0002661,FPS-0131,2026-03,RICE,200,195,197,xgb-v1.0,2025-12-28T10:00:00,hist-v1-202512,30d
FC-0002662,FPS-0131,2026-03,WHEAT,200,182,185,xgb-v1.0,2025-12-28T10:00:00,hist-v1-202512,30d
FC-0002663,FPS-0132,2026-03,RICE,276,286,296,xgb-v1.0,2025-12-28T10:00:00,hist-v1-202512,30d
FC-0002664,FPS-0132,2026-03,WHEAT,200,200,206,xgb-v1.0,2025-12-28T10:00:00,hist-v1-202512,30d
FC-0002665,FPS-0133,2026-03,RICE,200,200,199,xgb-v1.0,2025-12-28T10:00:00,hist-v1-202512,30d
FC-0002666,FPS-0133,2026-03,WHEAT,200,209,207,xgb-v1.0,2025-12-28T10:00:00,hist-v1-202512,30d
FC-0002667,FPS-0134,2026-03,RICE,202,190,192,xgb-v1.0,2025-12-28T10:00:00,hist-v1-202512,30d
FC-0002668,FPS-0134,2026-03,WHEAT,200,196,198,xgb-v1.0,2025-12-28T10:00:00,hist-v1-202512,30d
FC-0002669,FPS-0135,2026-03,RICE,200,192,191,xgb-v1.0,2025-12-28T10:00:00,hist-v1-202512,30d
FC-0002670,FPS-0135,2026-03,WHEAT,200,174,178,xgb-v1.0,2025-12-28T10:00:00,hist-v1-202512,30d
FC-0002671,FPS-0136,2026-03,RICE,217,201,209,xgb-v1.0,2025-12-28T10:00:00,hist-v1-202512,30d
FC-0002672,FPS-0136,2026-03,WHEAT,200,188,196,xgb-v1.0,2025-12-28T10:00:00,hist-v1-202512,30d
FC-0002673,FPS-0137,2026-03,RICE,200,170,182,xgb-v1.0,2025-12-28T10:00:00,hist-v1-202512,30d
FC-0002674,FPS-0137,2026-03,WHEAT,180,162,169,xgb-v1.0,2025-12-28T10:00:00,hist-v1-202512,30d
FC-0002675,FPS-0138,2026-03,RICE,273,271,274,xgb-v1.0,2025-12-28T10:00:00,hist-v1-202512,30d
FC-0002676,FPS-0138,2026-03,WHEAT,202,194,197,xgb-v1.0,2025-12-28T10:00:00,hist-v1-202512,30d
FC-0002677,FPS-0139,2026-03,RICE,202,184,197,xgb-v1.0,2025-12-28T10:00:00,hist-v1-202512,30d
FC-0002678,FPS-0139,2026-03,WHEAT,200,204,200,xgb-v1.0,2025-12-28T10:00:00,hist-v1-202512,30d
FC-0002679,FPS-0140,2026-03,RICE,200,200,198,xgb-v1.0,2025-12-28T10:00:00,hist-v1-202512,30d
FC-0002680,FPS-0140,2026-03,WHEAT,180,156,160,xgb-v1.0,2025-12-28T10:00:00,hist-v1-202512,30d
FC-0002681,FPS-0141,2026-03,RICE,200,191,187,xgb-v1.0,2025-12-28T10:00:00,hist-v1-202512,30d
FC-0002682,FPS-0141,2026-03,WHEAT,200,172,191,xgb-v1.0,2025-12-28T10:00:00,hist-v1-202512,30d
FC-0002683,FPS-0142,2026-03,RICE,210,203,183,xgb-v1.0,2025-12-28T10:00:00,hist-v1-202512,30d
FC-0002684,FPS-0142,2026-03,WHEAT,200,203,205,xgb-v1.0,2025-12-28T10:00:00,hist-v1-202512,30d
FC-0002685,FPS-0143,2026-03,RICE,238,235,240,xgb-v1.0,2025-12-28T10:00:00,hist-v1-202512,30d
FC-0002686,FPS-0143,2026-03,WHEAT,200,201,196,xgb-v1.0,2025-12-28T10:00:00,hist-v1-202512,30d
FC-0002687,FPS-0144,2026-03,RICE,257,242,241,xgb-v1.0,2025-12-28T10:00:00,hist-v1-202512,30d
FC-0002688,FPS-0144,2026-03,WHEAT,201,203,207,xgb-v1.0,2025-12-28T10:00:00,hist-v1-202512,30d
FC-0002689,FPS-0145,2026-03,RICE,180,172,155,xgb-v1.0,2025-12-28T10:00:00,hist-v1-202512,30d
FC-0002690,FPS-0145,2026-03,WHEAT,200,172,181,xgb-v1.0,2025-12-28T10:00:00,hist-v1-202512,30d
FC-0002691,FPS-0146,2026-03,RICE,200,199,201,xgb-v1.0,2025-12-28T10:00:00,hist-v1-202512,30d
FC-0002692,FPS-0146,2026-03,WHEAT,200,209,208,xgb-v1.0,2025-12-28T10:00:00,hist-v1-202512,30d
FC-0002693,FPS-0147,2026-03,RICE,205,181,192,xgb-v1.0,2025-12-28T10:00:00,hist-v1-202512,30d
FC-0002694,FPS-0147,2026-03,WHEAT,200,196,199,xgb-v1.0,2025-12-28T10:00:00,hist-v1-202512,30d
FC-0002695,FPS-0148,2026-03,RICE,283,296,287,xgb-v1.0,2025-12-28T10:00:00,hist-v1-202512,30d
FC-0002696,FPS-0148,2026-03,WHEAT,216,197,212,xgb-v1.0,2025-12-28T10:00:00,hist-v1-202512,30d
FC-0002697,FPS-0149,2026-03,RICE,320,285,298,xgb-v1.0,2025-12-28T10:00:00,hist-v1-202512,30d
FC-0002698,FPS-0149,2026-03,WHEAT,230,206,209,xgb-v1.0,2025-12-28T10:00:00,hist-v1-202512,30d
FC-0002699,FPS-0150,2026-03,RICE,200,183,185,xgb-v1.0,2025-12-28T10:00:00,hist-v1-202512,30d
FC-0002700,FPS-0150,2026-03,WHEAT,180,171,176,xgb-v1.0,2025-12-28T10:00:00,hist-v1-202512,30d
FC-0002701,FPS-0151,2026-03,RICE,228,231,221,xgb-v1.0,2025-12-28T10:00:00,hist-v1-202512,30d
FC-0002702,FPS-0151,2026-03,WHEAT,200,202,198,xgb-v1.0,2025-12-28T10:00:00,hist-v1-202512,30d
FC-0002703,FPS-0152,2026-03,RICE,209,185,203,xgb-v1.0,2025-12-28T10:00:00,hist-v1-202512,30d
FC-0002704,FPS-0152,2026-03,WHEAT,200,207,202,xgb-v1.0,2025-12-28T10:00:00,hist-v1-202512,30d
FC-0002705,FPS-0153,2026-03,RICE,224,205,210,xgb-v1.0,2025-12-28T10:00:00,hist-v1-202512,30d
FC-0002706,FPS-0153,2026-03,WHEAT,200,186,196,xgb-v1.0,2025-12-28T10:00:00,hist-v1-202512,30d
FC-0002707,FPS-0154,2026-03,RICE,180,183,181,xgb-v1.0,2025-12-28T10:00:00,hist-v1-202512,30d
FC-0002708,FPS-0154,2026-03,WHEAT,200,171,190,xgb-v1.0,2025-12-28T10:00:00,hist-v1-202512,30d
FC-0002709,FPS-0155,2026-03,RICE,215,202,213,xgb-v1.0,2025-12-28T10:00:00,hist-v1-202512,30d
FC-0002710,FPS-0155,2026-03,WHEAT,200,199,198,xgb-v1.0,2025-12-28T10:00:00,hist-v1-202512,30d
FC-0002711,FPS-0156,2026-03,RICE,200,176,188,xgb-v1.0,2025-12-28T10:00:00,hist-v1-202512,30d
FC-0002712,FPS-0156,2026-03,WHEAT,200,201,197,xgb-v1.0,2025-12-28T10:00:00,hist-v1-202512,30d
FC-0002713,FPS-0157,2026-03,RICE,209,206,209,xgb-v1.0,2025-12-28T10:00:00,hist-v1-202512,30d
FC-0002714,FPS-0157,2026-03,WHEAT,200,184,188,xgb-v1.0,2025-12-28T10:00:00,hist-v1-202512,30d
FC-0002715,FPS-0158,2026-03,RICE,200,197,193,xgb-v1.0,2025-12-28T10:00:00,hist-v1-202512,30d
FC-0002716,FPS-0158,2026-03,WHEAT,200,208,210,xgb-v1.0,2025-12-28T10:00:00,hist-v1-202512,30d
FC-0002717,FPS-0159,2026-03,RICE,180,158,172,xgb-v1.0,2025-12-28T10:00:00,hist-v1-202512,30d
FC-0002718,FPS-0159,2026-03,WHEAT,200,201,208,xgb-v1.0,2025-12-28T10:00:00,hist-v1-202512,30d
FC-0002719,FPS-0160,2026-03,RICE,200,190,194,xgb-v1.0,2025-12-28T10:00:00,hist-v1-202512,30d
FC-0002720,FPS-0160,2026-03,WHEAT,200,183,195,xgb-v1.0,2025-12-28T10:00:00,hist-v1-202512,30d
FC-0002721,FPS-0161,2026-03,RICE,274,268,279,xgb-v1.0,2025-12-28T10:00:00,hist-v1-202512,30d
FC-0002722,FPS-0161,2026-03,WHEAT,183,174,176,xgb-v1.0,2025-12-28T10:00:00,hist-v1-202512,30d
FC-0002723,FPS-0162,2026-03,RICE,200,184,186,xgb-v1.0,2025-12-28T10:00:00,hist-v1-202512,30d
FC-0002724,FPS-0162,2026-03,WHEAT,200,180,187,xgb-v1.0,2025-12-28T10:00:00,hist-v1-202512,30d
FC-0002725,FPS-0163,2026-03,RICE,180,167,178,xgb-v1.0,2025-12-28T10:00:00,hist-v1-202512,30d
FC-0002726,FPS-0163,2026-03,WHEAT,200,181,187,xgb-v1.0,2025-12-28T10:00:00,hist-v1-202512,30d
FC-0002727,FPS-0164,2026-03,RICE,200,204,201,xgb-v1.0,2025-12-28T10:00:00,hist-v1-202512,30d
FC-0002728,FPS-0164,2026-03,WHEAT,200,181,185,xgb-v1.0,2025-12-28T10:00:00,hist-v1-202512,30d
FC-0002729,FPS-0165,2026-03,RICE,200,184,188,xgb-v1.0,2025-12-28T10:00:00,hist-v1-202512,30d
FC-0002730,FPS-0165,2026-03,WHEAT,200,196,190,xgb-v1.0,2025-12-28T10:00:00,hist-v1-202512,30d
FC-0002731,FPS-0166,2026-03,RICE,212,192,204,xgb-v1.0,2025-12-28T10:00:00,hist-v1-202512,30d
FC-0002732,FPS-0166,2026-03,WHEAT,200,196,191,xgb-v1.0,2025-12-28T10:00:00,hist-v1-202512,30d
FC-0002733,FPS-0167,2026-03,RICE,200,200,218,xgb-v1.0,2025-12-28T10:00:00,hist-v1-202512,30d
FC-0002734,FPS-0167,2026-03,WHEAT,200,203,196,xgb-v1.0,2025-12-28T10:00:00,hist-v1-202512,30d
FC-0002735,FPS-0168,2026-03,RICE,200,199,196,xgb-v1.0,2025-12-28T10:00:00,hist-v1-202512,30d
FC-0002736,FPS-0168,2026-03,WHEAT,200,198,191,xgb-v1.0,2025-12-28T10:00:00,hist-v1-202512,30d
FC-0002737,FPS-0169,2026-03,RICE,180,174,170,xgb-v1.0,2025-12-28T10:00:00,hist-v1-202512,30d
FC-0002738,FPS-0169,2026-03,WHEAT,200,200,198,xgb-v1.0,2025-12-28T10:00:00,hist-v1-202512,30d
FC-0002739,FPS-0170,2026-03,RICE,180,188,184,xgb-v1.0,2025-12-28T10:00:00,hist-v1-202512,30d
FC-0002740,FPS-0170,2026-03,WHEAT,200,193,182,xgb-v1.0,2025-12-28T10:00:00,hist-v1-202512,30d
FC-0002741,FPS-0171,2026-03,RICE,200,176,181,xgb-v1.0,2025-12-28T10:00:00,hist-v1-202512,30d
FC-0002742,FPS-0171,2026-03,WHEAT,200,194,199,xgb-v1.0,2025-12-28T10:00:00,hist-v1-202512,30d
FC-0002743,FPS-0172,2026-03,RICE,233,243,240,xgb-v1.0,2025-12-28T10:00:00,hist-v1-202512,30d
FC-0002744,FPS-0172,2026-03,WHEAT,200,184,186,xgb-v1.0,2025-12-28T10:00:00,hist-v1-202512,30d
FC-0002745,FPS-0173,2026-03,RICE,181,160,170,xgb-v1.0,2025-12-28T10:00:00,hist-v1-202512,30d
FC-0002746,FPS-0173,2026-03,WHEAT,200,200,203,xgb-v1.0,2025-12-28T10:00:00,hist-v1-202512,30d
FC-0002747,FPS-0174,2026-03,RICE,256,266,251,xgb-v1.0,2025-12-28T10:00:00,hist-v1-202512,30d
FC-0002748,FPS-0174,2026-03,WHEAT,200,190,187,xgb-v1.0,2025-12-28T10:00:00,hist-v1-202512,30d
FC-0002749,FPS-0175,2026-03,RICE,234,223,221,xgb-v1.0,2025-12-28T10:00:00,hist-v1-202512,30d
FC-0002750,FPS-0175,2026-03,WHEAT,200,191,202,xgb-v1.0,2025-12-28T10:00:00,hist-v1-202512,30d
FC-0002751,FPS-0176,2026-03,RICE,200,201,192,xgb-v1.0,2025-12-28T10:00:00,hist-v1-202512,30d
FC-0002752,FPS-0176,2026-03,WHEAT,180,169,170,xgb-v1.0,2025-12-28T10:00:00,hist-v1-202512,30d
FC-0002753,FPS-0177,2026-03,RICE,200,178,191,xgb-v1.0,2025-12-28T10:00:00,hist-v1-202512,30d
FC-0002754,FPS-0177,2026-03,WHEAT,200,180,190,xgb-v1.0,2025-12-28T10:00:00,hist-v1-202512,30d
FC-0002755,FPS-0178,2026-03,RICE,200,196,191,xgb-v1.0,2025-12-28T10:00:00,hist-v1-202512,30d
FC-0002756,FPS-0178,2026-03,WHEAT,200,172,180,xgb-v1.0,2025-12-28T10:00:00,hist-v1-202512,30d
FC-0002757,FPS-0179,2026-03,RICE,260,234,254,xgb-v1.0,2025-12-28T10:00:00,hist-v1-202512,30d
FC-0002758,FPS-0179,2026-03,WHEAT,203,174,187,xgb-v1.0,2025-12-28T10:00:00,hist-v1-202512,30d
FC-0002759,FPS-0180,2026-03,RICE,200,207,197,xgb-v1.0,2025-12-28T10:00:00,hist-v1-202512,30d
FC-0002760,FPS-0180,2026-03,WHEAT,200,193,196,xgb-v1.0,2025-12-28T10:00:00,hist-v1-202512,30d
FC-0002761,FPS-0181,2026-03,RICE,227,232,227,xgb-v1.0,2025-12-28T10:00:00,hist-v1-202512,30d
FC-0002762,FPS-0181,2026-03,WHEAT,200,184,197,xgb-v1.0,2025-12-28T10:00:00,hist-v1-202512,30d
FC-0002763,FPS-0182,2026-03,RICE,216,220,212,xgb-v1.0,2025-12-28T10:00:00,hist-v1-202512,30d
FC-0002764,FPS-0182,2026-03,WHEAT,200,194,198,xgb-v1.0,2025-12-28T10:00:00,hist-v1-202512,30d
FC-0002765,FPS-0183,2026-03,RICE,212,220,221,xgb-v1.0,2025-12-28T10:00:00,hist-v1-202512,30d
FC-0002766,FPS-0183,2026-03,WHEAT,200,191,194,xgb-v1.0,2025-12-28T10:00:00,hist-v1-202512,30d
FC-0002767,FPS-0184,2026-03,RICE,266,256,263,xgb-v1.0,2025-12-28T10:00:00,hist-v1-202512,30d
FC-0002768,FPS-0184,2026-03,WHEAT,200,191,194,xgb-v1.0,2025-12-28T10:00:00,hist-v1-202512,30d
FC-0002769,FPS-0185,2026-03,RICE,203,210,213,xgb-v1.0,2025-12-28T10:00:00,hist-v1-202512,30d
FC-0002770,FPS-0185,2026-03,WHEAT,200,170,189,xgb-v1.0,2025-12-28T10:00:00,hist-v1-202512,30d
FC-0002771,FPS-0186,2026-03,RICE,245,253,257,xgb-v1.0,2025-12-28T10:00:00,hist-v1-202512,30d
FC-0002772,FPS-0186,2026-03,WHEAT,200,183,185,xgb-v1.0,2025-12-28T10:00:00,hist-v1-202512,30d
FC-0002773,FPS-0187,2026-03,RICE,233,214,228,xgb-v1.0,2025-12-28T10:00:00,hist-v1-202512,30d
FC-0002774,FPS-0187,2026-03,WHEAT,180,153,158,xgb-v1.0,2025-12-28T10:00:00,hist-v1-202512,30d
FC-0002775,FPS-0188,2026-03,RICE,200,176,185,xgb-v1.0,2025-12-28T10:00:00,hist-v1-202512,30d
FC-0002776,FPS-0188,2026-03,WHEAT,200,179,181,xgb-v1.0,2025-12-28T10:00:00,hist-v1-202512,30d
FC-0002777,FPS-0189,2026-03,RICE,295,301,287,xgb-v1.0,2025-12-28T10:00:00,hist-v1-202512,30d
FC-0002778,FPS-0189,2026-03,WHEAT,215,192,205,xgb-v1.0,2025-12-28T10:00:00,hist-v1-202512,30d
FC-0002779,FPS-0190,2026-03,RICE,180,182,185,xgb-v1.0,2025-12-28T10:00:00,hist-v1-202512,30d
FC-0002780,FPS-0190,2026-03,WHEAT,200,177,182,xgb-v1.0,2025-12-28T10:00:00,hist-v1-202512,30d
FC-0002781,FPS-0191,2026-03,RICE,200,171,181,xgb-v1.0,2025-12-28T10:00:00,hist-v1-202512,30d
FC-0002782,FPS-0191,2026-03,WHEAT,200,172,177,xgb-v1.0,2025-12-28T10:00:00,hist-v1-202512,30d
FC-0002783,FPS-0192,2026-03,RICE,200,176,194,xgb-v1.0,2025-12-28T10:00:00,hist-v1-202512,30d
FC-0002784,FPS-0192,2026-03,WHEAT,180,186,184,xgb-v1.0,2025-12-28T10:00:00,hist-v1-202512,30d
FC-0002785,FPS-0193,2026-03,RICE,229,225,229,xgb-v1.0,2025-12-28T10:00:00,hist-v1-202512,30d
FC-0002786,FPS-0193,2026-03,WHEAT,200,173,190,xgb-v1.0,2025-12-28T10:00:00,hist-v1-202512,30d
FC-0002787,FPS-0194,2026-03,RICE,200,189,192,xgb-v1.0,2025-12-28T10:00:00,hist-v1-202512,30d
FC-0002788,FPS-0194,2026-03,WHEAT,200,200,203,xgb-v1.0,2025-12-28T10:00:00,hist-v1-202512,30d
FC-0002789,FPS-0195,2026-03,RICE,200,184,195,xgb-v1.0,2025-12-28T10:00:00,hist-v1-202512,30d
FC-0002790,FPS-0195,2026-03,WHEAT,200,205,206,xgb-v1.0,2025-12-28T10:00:00,hist-v1-202512,30d
FC-0002791,FPS-0196,2026-03,RICE,265,245,251,xgb-v1.0,2025-12-28T10:00:00,hist-v1-202512,30d
FC-0002792,FPS-0196,2026-03,WHEAT,181,166,174,xgb-v1.0,2025-12-28T10:00:00,hist-v1-202512,30d
FC-0002793,FPS-0197,2026-03,RICE,248,241,243,xgb-v1.0,2025-12-28T10:00:00,hist-v1-202512,30d
FC-0002794,FPS-0197,2026-03,WHEAT,200,182,196,xgb-v1.0,2025-12-28T10:00:00,hist-v1-202512,30d
FC-0002795,FPS-0198,2026-03,RICE,200,197,194,xgb-v1.0,2025-12-28T10:00:00,hist-v1-202512,30d
FC-0002796,FPS-0198,2026-03,WHEAT,200,182,195,xgb-v1.0,2025-12-28T10:00:00,hist-v1-202512,30d
FC-0002797,FPS-0199,2026-03,RICE,200,205,200,xgb-v1.0,2025-12-28T10:00:00,hist-v1-202512,30d
FC-0002798,FPS-0199,2026-03,WHEAT,200,175,184,xgb-v1.0,2025-12-28T10:00:00,hist-v1-202512,30d
FC-0002799,FPS-0200,2026-03,RICE,200,206,205,xgb-v1.0,2025-12-28T10:00:00,hist-v1-202512,30d
FC-0002800,FPS-0200,2026-03,WHEAT,200,203,204,xgb-v1.0,2025-12-28T10:00:00,hist-v1-202512,30d
FC-0002801,FPS-0201,2026-03,RICE,200,184,197,xgb-v1.0,2025-12-28T10:00:00,hist-v1-202512,30d
FC-0002802,FPS-0201,2026-03,WHEAT,200,204,207,xgb-v1.0,2025-12-28T10:00:00,hist-v1-202512,30d
FC-0002803,FPS-0202,2026-03,RICE,200,204,208,xgb-v1.0,2025-12-28T10:00:00,hist-v1-202512,30d
FC-0002804,FPS-0202,2026-03,WHEAT,200,204,195,xgb-v1.0,2025-12-28T10:00:00,hist-v1-202512,30d
FC-0002805,FPS-0203,2026-03,RICE,200,203,201,xgb-v1.0,2025-12-28T10:00:00,hist-v1-202512,30d
FC-0002806,FPS-0203,2026-03,WHEAT,200,173,186,xgb-v1.0,2025-12-28T10:00:00,hist-v1-202512,30d
FC-0002807,FPS-0204,2026-03,RICE,229,238,229,xgb-v1.0,2025-12-28T10:00:00,hist-v1-202512,30d
FC-0002808,FPS-0204,2026-03,WHEAT,200,173,188,xgb-v1.0,2025-12-28T10:00:00,hist-v1-202512,30d
FC-0002809,FPS-0205,2026-03,RICE,200,177,193,xgb-v1.0,2025-12-28T10:00:00,hist-v1-202512,30d
FC-0002810,FPS-0205,2026-03,WHEAT,200,189,200,xgb-v1.0,2025-12-28T10:00:00,hist-v1-202512,30d
FC-0002811,FPS-0206,2026-03,RICE,285,281,279,xgb-v1.0,2025-12-28T10:00:00,hist-v1-202512,30d
FC-0002812,FPS-0206,2026-03,WHEAT,214,196,201,xgb-v1.0,2025-12-28T10:00:00,hist-v1-202512,30d
FC-0002813,FPS-0207,2026-03,RICE,369,319,331,xgb-v1.0,2025-12-28T10:00:00,hist-v1-202512,30d
FC-0002814,FPS-0207,2026-03,WHEAT,246,241,239,xgb-v1.0,2025-12-28T10:00:00,hist-v1-202512,30d
FC-0002815,FPS-0208,2026-03,RICE,219,197,207,xgb-v1.0,2025-12-28T10:00:00,hist-v1-202512,30d
FC-0002816,FPS-0208,2026-03,WHEAT,200,170,183,xgb-v1.0,2025-12-28T10:00:00,hist-v1-202512,30d
FC-0002817,FPS-0209,2026-03,RICE,247,213,224,xgb-v1.0,2025-12-28T10:00:00,hist-v1-202512,30d
FC-0002818,FPS-0209,2026-03,WHEAT,202,173,190,xgb-v1.0,2025-12-28T10:00:00,hist-v1-202512,30d
FC-0002819,FPS-0210,2026-03,RICE,208,203,207,xgb-v1.0,2025-12-28T10:00:00,hist-v1-202512,30d
FC-0002820,FPS-0210,2026-03,WHEAT,200,179,193,xgb-v1.0,2025-12-28T10:00:00,hist-v1-202512,30d
FC-0002821,FPS-0211,2026-03,RICE,231,197,218,xgb-v1.0,2025-12-28T10:00:00,hist-v1-202512,30d
FC-0002822,FPS-0211,2026-03,WHEAT,200,195,200,xgb-v1.0,2025-12-28T10:00:00,hist-v1-202512,30d
FC-0002823,FPS-0212,2026-03,RICE,200,198,191,xgb-v1.0,2025-12-28T10:00:00,hist-v1-202512,30d
FC-0002824,FPS-0212,2026-03,WHEAT,200,208,207,xgb-v1.0,2025-12-28T10:00:00,hist-v1-202512,30d
FC-0002825,FPS-0213,2026-03,RICE,201,209,200,xgb-v1.0,2025-12-28T10:00:00,hist-v1-202512,30d
FC-0002826,FPS-0213,2026-03,WHEAT,200,193,192,xgb-v1.0,2025-12-28T10:00:00,hist-v1-202512,30d
FC-0002827,FPS-0214,2026-03,RICE,200,203,202,xgb-v1.0,2025-12-28T10:00:00,hist-v1-202512,30d
FC-0002828,FPS-0214,2026-03,WHEAT,180,160,169,xgb-v1.0,2025-12-28T10:00:00,hist-v1-202512,30d
FC-0002829,FPS-0215,2026-03,RICE,200,190,167,xgb-v1.0,2025-12-28T10:00:00,hist-v1-202512,30d
FC-0002830,FPS-0215,2026-03,WHEAT,200,177,187,xgb-v1.0,2025-12-28T10:00:00,hist-v1-202512,30d
FC-0002831,FPS-0216,2026-03,RICE,180,172,170,xgb-v1.0,2025-12-28T10:00:00,hist-v1-202512,30d
FC-0002832,FPS-0216,2026-03,WHEAT,200,181,187,xgb-v1.0,2025-12-28T10:00:00,hist-v1-202512,30d
FC-0002833,FPS-0217,2026-03,RICE,208,187,191,xgb-v1.0,2025-12-28T10:00:00,hist-v1-202512,30d
FC-0002834,FPS-0217,2026-03,WHEAT,200,188,200,xgb-v1.0,2025-12-28T10:00:00,hist-v1-202512,30d
FC-0002835,FPS-0218,2026-03,RICE,180,188,185,xgb-v1.0,2025-12-28T10:00:00,hist-v1-202512,30d
FC-0002836,FPS-0218,2026-03,WHEAT,200,197,206,xgb-v1.0,2025-12-28T10:00:00,hist-v1-202512,30d
FC-0002837,FPS-0219,2026-03,RICE,208,215,235,xgb-v1.0,2025-12-28T10:00:00,hist-v1-202512,30d
FC-0002838,FPS-0219,2026-03,WHEAT,200,195,201,xgb-v1.0,2025-12-28T10:00:00,hist-v1-202512,30d
FC-0002839,FPS-0220,2026-03,RICE,260,255,266,xgb-v1.0,2025-12-28T10:00:00,hist-v1-202512,30d
FC-0002840,FPS-0220,2026-03,WHEAT,180,181,175,xgb-v1.0,2025-12-28T10:00:00,hist-v1-202512,30d
FC-0002841,FPS-0221,2026-03,RICE,227,206,218,xgb-v1.0,2025-12-28T10:00:00,hist-v1-202512,30d
FC-0002842,FPS-0221,2026-03,WHEAT,200,173,180,xgb-v1.0,2025-12-28T10:00:00,hist-v1-202512,30d
FC-0002843,FPS-0222,2026-03,RICE,242,248,240,xgb-v1.0,2025-12-28T10:00:00,hist-v1-202512,30d
FC-0002844,FPS-0222,2026-03,WHEAT,200,180,186,xgb-v1.0,2025-12-28T10:00:00,hist-v1-202512,30d
FC-0002845,FPS-0223,2026-03,RICE,236,230,235,xgb-v1.0,2025-12-28T10:00:00,hist-v1-202512,30d
FC-0002846,FPS-0223,2026-03,WHEAT,200,192,194,xgb-v1.0,2025-12-28T10:00:00,hist-v1-202512,30d
FC-0002847,FPS-0224,2026-03,RICE,211,199,174,xgb-v1.0,2025-12-28T10:00:00,hist-v1-202512,30d
FC-0002848,FPS-0224,2026-03,WHEAT,200,179,181,xgb-v1.0,2025-12-28T10:00:00,hist-v1-202512,30d
FC-0002849,FPS-0225,2026-03,RICE,200,185,197,xgb-v1.0,2025-12-28T10:00:00,hist-v1-202512,30d
FC-0002850,FPS-0225,2026-03,WHEAT,200,177,180,xgb-v1.0,2025-12-28T10:00:00,hist-v1-202512,30d
FC-0002851,FPS-0226,2026-03,RICE,200,199,192,xgb-v1.0,2025-12-28T10:00:00,hist-v1-202512,30d
FC-0002852,FPS-0226,2026-03,WHEAT,200,183,186,xgb-v1.0,2025-12-28T10:00:00,hist-v1-202512,30d
FC-0002853,FPS-0227,2026-03,RICE,180,173,169,xgb-v1.0,2025-12-28T10:00:00,hist-v1-202512,30d
FC-0002854,FPS-0227,2026-03,WHEAT,200,178,193,xgb-v1.0,2025-12-28T10:00:00,hist-v1-202512,30d
FC-0002855,FPS-0228,2026-03,RICE,223,207,208,xgb-v1.0,2025-12-28T10:00:00,hist-v1-202512,30d
FC-0002856,FPS-0228,2026-03,WHEAT,200,202,204,xgb-v1.0,2025-12-28T10:00:00,hist-v1-202512,30d
FC-0002857,FPS-0229,2026-03,RICE,200,200,196,xgb-v1.0,2025-12-28T10:00:00,hist-v1-202512,30d
FC-0002858,FPS-0229,2026-03,WHEAT,200,181,196,xgb-v1.0,2025-12-28T10:00:00,hist-v1-202512,30d
FC-0002859,FPS-0230,2026-03,RICE,288,287,295,xgb-v1.0,2025-12-28T10:00:00,hist-v1-202512,30d
FC-0002860,FPS-0230,2026-03,WHEAT,201,205,211,xgb-v1.0,2025-12-28T10:00:00,hist-v1-202512,30d
FC-0002861,FPS-0231,2026-03,RICE,202,200,202,xgb-v1.0,2025-12-28T10:00:00,hist-v1-202512,30d
FC-0002862,FPS-0231,2026-03,WHEAT,200,173,190,xgb-v1.0,2025-12-28T10:00:00,hist-v1-202512,30d
FC-0002863,FPS-0232,2026-03,RICE,200,191,200,xgb-v1.0,2025-12-28T10:00:00,hist-v1-202512,30d
FC-0002864,FPS-0232,2026-03,WHEAT,200,198,200,xgb-v1.0,2025-12-28T10:00:00,hist-v1-202512,30d
FC-0002865,FPS-0233,2026-03,RICE,200,201,193,xgb-v1.0,2025-12-28T10:00:00,hist-v1-202512,30d
FC-0002866,FPS-0233,2026-03,WHEAT,200,183,195,xgb-v1.0,2025-12-28T10:00:00,hist-v1-202512,30d
FC-0002867,FPS-0234,2026-03,RICE,204,193,200,xgb-v1.0,2025-12-28T10:00:00,hist-v1-202512,30d
FC-0002868,FPS-0234,2026-03,WHEAT,180,156,164,xgb-v1.0,2025-12-28T10:00:00,hist-v1-202512,30d
FC-0002869,FPS-0235,2026-03,RICE,231,219,232,xgb-v1.0,2025-12-28T10:00:00,hist-v1-202512,30d
FC-0002870,FPS-0235,2026-03,WHEAT,200,199,200,xgb-v1.0,2025-12-28T10:00:00,hist-v1-202512,30d
FC-0002871,FPS-0236,2026-03,RICE,200,194,195,xgb-v1.0,2025-12-28T10:00:00,hist-v1-202512,30d
FC-0002872,FPS-0236,2026-03,WHEAT,200,194,202,xgb-v1.0,2025-12-28T10:00:00,hist-v1-202512,30d
FC-0002873,FPS-0237,2026-03,RICE,208,193,203,xgb-v1.0,2025-12-28T10:00:00,hist-v1-202512,30d
FC-0002874,FPS-0237,2026-03,WHEAT,200,191,187,xgb-v1.0,2025-12-28T10:00:00,hist-v1-202512,30d
FC-0002875,FPS-0238,2026-03,RICE,225,205,220,xgb-v1.0,2025-12-28T10:00:00,hist-v1-202512,30d
FC-0002876,FPS-0238,2026-03,WHEAT,200,209,211,xgb-v1.0,2025-12-28T10:00:00,hist-v1-202512,30d
FC-0002877,FPS-0239,2026-03,RICE,235,245,267,xgb-v1.0,2025-12-28T10:00:00,hist-v1-202512,30d
FC-0002878,FPS-0239,2026-03,WHEAT,180,162,163,xgb-v1.0,2025-12-28T10:00:00,hist-v1-202512,30d
FC-0002879,FPS-0240,2026-03,RICE,259,258,251,xgb-v1.0,2025-12-28T10:00:00,hist-v1-202512,30d
FC-0002880,FPS-0240,2026-03,WHEAT,200,200,207,xgb-v1.0,2025-12-28T10:00:00,hist-v1-202512,30d
FC-0002881,FPS-0241,2026-03,RICE,224,209,220,xgb-v1.0,2025-12-28T10:00:00,hist-v1-202512,30d
FC-0002882,FPS-0241,2026-03,WHEAT,200,187,185,xgb-v1.0,2025-12-28T10:00:00,hist-v1-202512,30d
FC-0002883,FPS-0242,2026-03,RICE,200,177,187,xgb-v1.0,2025-12-28T10:00:00,hist-v1-202512,30d
FC-0002884,FPS-0242,2026-03,WHEAT,160,158,154,xgb-v1.0,2025-12-28T10:00:00,hist-v1-202512,30d
FC-0002885,FPS-0243,2026-03,RICE,248,227,237,xgb-v1.0,2025-12-28T10:00:00,hist-v1-202512,30d
FC-0002886,FPS-0243,2026-03,WHEAT,200,204,196,xgb-v1.0,2025-12-28T10:00:00,hist-v1-202512,30d
FC-0002887,FPS-0244,2026-03,RICE,200,178,189,xgb-v1.0,2025-12-28T10:00:00,hist-v1-202512,30d
FC-0002888,FPS-0244,2026-03,WHEAT,200,177,184,xgb-v1.0,2025-12-28T10:00:00,hist-v1-202512,30d
FC-0002889,FPS-0245,2026-03,RICE,200,189,192,xgb-v1.0,2025-12-28T10:00:00,hist-v1-202512,30d
FC-0002890,FPS-0245,2026-03,WHEAT,200,196,195,xgb-v1.0,2025-12-28T10:00:00,hist-v1-202512,30d
FC-0002891,FPS-0246,2026-03,RICE,300,300,307,xgb-v1.0,2025-12-28T10:00:00,hist-v1-202512,30d
FC-0002892,FPS-0246,2026-03,WHEAT,215,214,218,xgb-v1.0,2025-12-28T10:00:00,hist-v1-202512,30d
FC-0002893,FPS-0247,2026-03,RICE,209,183,195,xgb-v1.0,2025-12-28T10:00:00,hist-v1-202512,30d
FC-0002894,FPS-0247,2026-03,WHEAT,200,194,196,xgb-v1.0,2025-12-28T10:00:00,hist-v1-202512,30d
FC-0002895,FPS-0248,2026-03,RICE,315,329,334,xgb-v1.0,2025-12-28T10:00:00,hist-v1-202512,30d
FC-0002896,FPS-0248,2026-03,WHEAT,229,200,204,xgb-v1.0,2025-12-28T10:00:00,hist-v1-202512,30d
FC-0002897,FPS-0249,2026-03,RICE,291,274,280,xgb-v1.0,2025-12-28T10:00:00,hist-v1-202512,30d
FC-0002898,FPS-0249,2026-03,WHEAT,216,198,211,xgb-v1.0,2025-12-28T10:00:00,hist-v1-202512,30d
FC-0002899,FPS-0250,2026-03,RICE,200,181,194,xgb-v1.0,2025-12-28T10:00:00,hist-v1-202512,30d
FC-0002900,FPS-0250,2026-03,WHEAT,180,158,172,xgb-v1.0,2025-12-28T10:00:00,hist-v1-202512,30d
FC-0002901,FPS-0251,2026-03,RICE,200,193,190,xgb-v1.0,2025-12-28T10:00:00,hist-v1-202512,30d
FC-0002902,FPS-0251,2026-03,WHEAT,200,171,179,xgb-v1.0,2025-12-28T10:00:00,hist-v1-202512,30d
FC-0002903,FPS-0252,2026-03,RICE,204,190,197,xgb-v1.0,2025-12-28T10:00:00,hist-v1-202512,30d
FC-0002904,FPS-0252,2026-03,WHEAT,200,180,195,xgb-v1.0,2025-12-28T10:00:00,hist-v1-202512,30d
FC-0002905,FPS-0253,2026-03,RICE,263,254,255,xgb-v1.0,2025-12-28T10:00:00,hist-v1-202512,30d
FC-0002906,FPS-0253,2026-03,WHEAT,180,181,174,xgb-v1.0,2025-12-28T10:00:00,hist-v1-202512,30d
FC-0002907,FPS-0254,2026-03,RICE,200,184,197,xgb-v1.0,2025-12-28T10:00:00,hist-v1-202512,30d
FC-0002908,FPS-0254,2026-03,WHEAT,200,183,189,xgb-v1.0,2025-12-28T10:00:00,hist-v1-202512,30d
FC-0002909,FPS-0255,2026-03,RICE,200,192,184,xgb-v1.0,2025-12-28T10:00:00,hist-v1-202512,30d
FC-0002910,FPS-0255,2026-03,WHEAT,200,198,192,xgb-v1.0,2025-12-28T10:00:00,hist-v1-202512,30d
FC-0002911,FPS-0256,2026-03,RICE,200,172,187,xgb-v1.0,2025-12-28T10:00:00,hist-v1-202512,30d
FC-0002912,FPS-0256,2026-03,WHEAT,200,171,178,xgb-v1.0,2025-12-28T10:00:00,hist-v1-202512,30d
FC-0002913,FPS-0257,2026-03,RICE,182,165,167,xgb-v1.0,2025-12-28T10:00:00,hist-v1-202512,30d
FC-0002914,FPS-0257,2026-03,WHEAT,200,205,210,xgb-v1.0,2025-12-28T10:00:00,hist-v1-202512,30d
FC-0002915,FPS-0258,2026-03,RICE,200,184,193,xgb-v1.0,2025-12-28T10:00:00,hist-v1-202512,30d
FC-0002916,FPS-0258,2026-03,WHEAT,200,173,189,xgb-v1.0,2025-12-28T10:00:00,hist-v1-202512,30d
FC-0002917,FPS-0259,2026-03,RICE,200,181,186,xgb-v1.0,2025-12-28T10:00:00,hist-v1-202512,30d
FC-0002918,FPS-0259,2026-03,WHEAT,200,189,196,xgb-v1.0,2025-12-28T10:00:00,hist-v1-202512,30d
FC-0002919,FPS-0260,2026-03,RICE,200,186,195,xgb-v1.0,2025-12-28T10:00:00,hist-v1-202512,30d
FC-0002920,FPS-0260,2026-03,WHEAT,200,170,186,xgb-v1.0,2025-12-28T10:00:00,hist-v1-202512,30d
FC-0002921,FPS-0261,2026-03,RICE,200,207,201,xgb-v1.0,2025-12-28T10:00:00,hist-v1-202512,30d
FC-0002922,FPS-0261,2026-03,WHEAT,200,193,190,xgb-v1.0,2025-12-28T10:00:00,hist-v1-202512,30d
FC-0002923,FPS-0262,2026-03,RICE,200,178,192,xgb-v1.0,2025-12-28T10:00:00,hist-v1-202512,30d
FC-0002924,FPS-0262,2026-03,WHEAT,200,179,186,xgb-v1.0,2025-12-28T10:00:00,hist-v1-202512,30d
FC-0002925,FPS-0263,2026-03,RICE,200,185,212,xgb-v1.0,2025-12-28T10:00:00,hist-v1-202512,30d
FC-0002926,FPS-0263,2026-03,WHEAT,200,208,199,xgb-v1.0,2025-12-28T10:00:00,hist-v1-202512,30d
FC-0002927,FPS-0264,2026-03,RICE,200,174,192,xgb-v1.0,2025-12-28T10:00:00,hist-v1-202512,30d
FC-0002928,FPS-0264,2026-03,WHEAT,200,178,190,xgb-v1.0,2025-12-28T10:00:00,hist-v1-202512,30d
FC-0002929,FPS-0265,2026-03,RICE,231,233,236,xgb-v1.0,2025-12-28T10:00:00,hist-v1-202512,30d
FC-0002930,FPS-0265,2026-03,WHEAT,200,194,203,xgb-v1.0,2025-12-28T10:00:00,hist-v1-202512,30d
FC-0002931,FPS-0266,2026-03,RICE,180,178,183,xgb-v1.0,2025-12-28T10:00:00,hist-v1-202512,30d
FC-0002932,FPS-0266,2026-03,WHEAT,200,186,198,xgb-v1.0,2025-12-28T10:00:00,hist-v1-202512,30d
FC-0002933,FPS-0267,2026-03,RICE,200,180,183,xgb-v1.0,2025-12-28T10:00:00,hist-v1-202512,30d
FC-0002934,FPS-0267,2026-03,WHEAT,200,178,191,xgb-v1.0,2025-12-28T10:00:00,hist-v1-202512,30d
FC-0002935,FPS-0268,2026-03,RICE,200,200,199,xgb-v1.0,2025-12-28T10:00:00,hist-v1-202512,30d
FC-0002936,FPS-0268,2026-03,WHEAT,200,193,194,xgb-v1.0,2025-12-28T10:00:00,hist-v1-202512,30d
FC-0002937,FPS-0269,2026-03,RICE,238,209,219,xgb-v1.0,2025-12-28T10:00:00,hist-v1-202512,30d
FC-0002938,FPS-0269,2026-03,WHEAT,200,173,187,xgb-v1.0,2025-12-28T10:00:00,hist-v1-202512,30d
FC-0002939,FPS-0270,2026-03,RICE,200,203,199,xgb-v1.0,2025-12-28T10:00:00,hist-v1-202512,30d
FC-0002940,FPS-0270,2026-03,WHEAT,200,197,198,xgb-v1.0,2025-12-28T10:00:00,hist-v1-202512,30d
FC-0002941,FPS-0271,2026-03,RICE,215,183,197,xgb-v1.0,2025-12-28T10:00:00,hist-v1-202512,30d
FC-0002942,FPS-0271,2026-03,WHEAT,200,196,203,xgb-v1.0,2025-12-28T10:00:00,hist-v1-202512,30d
FC-0002943,FPS-0272,2026-03,RICE,272,233,243,xgb-v1.0,2025-12-28T10:00:00,hist-v1-202512,30d
FC-0002944,FPS-0272,2026-03,WHEAT,203,182,190,xgb-v1.0,2025-12-28T10:00:00,hist-v1-202512,30d
FC-0002945,FPS-0273,2026-03,RICE,286,293,280,xgb-v1.0,2025-12-28T10:00:00,hist-v1-202512,30d
FC-0002946,FPS-0273,2026-03,WHEAT,182,176,173,xgb-v1.0,2025-12-28T10:00:00,hist-v1-202512,30d
FC-0002947,FPS-0274,2026-03,RICE,206,175,193,xgb-v1.0,2025-12-28T10:00:00,hist-v1-202512,30d
FC-0002948,FPS-0274,2026-03,WHEAT,180,169,172,xgb-v1.0,2025-12-28T10:00:00,hist-v1-202512,30d
FC-0002949,FPS-0275,2026-03,RICE,203,202,196,xgb-v1.0,2025-12-28T10:00:00,hist-v1-202512,30d
FC-0002950,FPS-0275,2026-03,WHEAT,200,188,191,xgb-v1.0,2025-12-28T10:00:00,hist-v1-202512,30d
FC-0002951,FPS-0276,2026-03,RICE,211,194,196,xgb-v1.0,2025-12-28T10:00:00,hist-v1-202512,30d
FC-0002952,FPS-0276,2026-03,WHEAT,200,178,186,xgb-v1.0,2025-12-28T10:00:00,hist-v1-202512,30d
FC-0002953,FPS-0277,2026-03,RICE,212,204,201,xgb-v1.0,2025-12-28T10:00:00,hist-v1-202512,30d
FC-0002954,FPS-0277,2026-03,WHEAT,200,201,200,xgb-v1.0,2025-12-28T10:00:00,hist-v1-202512,30d
FC-0002955,FPS-0278,2026-03,RICE,200,190,198,xgb-v1.0,2025-12-28T10:00:00,hist-v1-202512,30d
FC-0002956,FPS-0278,2026-03,WHEAT,200,193,173,xgb-v1.0,2025-12-28T10:00:00,hist-v1-202512,30d
FC-0002957,FPS-0279,2026-03,RICE,307,269,297,xgb-v1.0,2025-12-28T10:00:00,hist-v1-202512,30d
FC-0002958,FPS-0279,2026-03,WHEAT,227,222,226,xgb-v1.0,2025-12-28T10:00:00,hist-v1-202512,30d
FC-0002959,FPS-0280,2026-03,RICE,200,195,171,xgb-v1.0,2025-12-28T10:00:00,hist-v1-202512,30d
FC-0002960,FPS-0280,2026-03,WHEAT,180,184,178,xgb-v1.0,2025-12-28T10:00:00,hist-v1-202512,30d
FC-0002961,FPS-0281,2026-03,RICE,203,190,195,xgb-v1.0,2025-12-28T10:00:00,hist-v1-202512,30d
FC-0002962,FPS-0281,2026-03,WHEAT,200,182,193,xgb-v1.0,2025-12-28T10:00:00,hist-v1-202512,30d
FC-0002963,FPS-0282,2026-03,RICE,239,209,229,xgb-v1.0,2025-12-28T10:00:00,hist-v1-202512,30d
FC-0002964,FPS-0282,2026-03,WHEAT,180,166,171,xgb-v1.0,2025-12-28T10:00:00,hist-v1-202512,30d
FC-0002965,FPS-0283,2026-03,RICE,200,170,184,xgb-v1.0,2025-12-28T10:00:00,hist-v1-202512,30d
FC-0002966,FPS-0283,2026-03,WHEAT,200,184,195,xgb-v1.0,2025-12-28T10:00:00,hist-v1-202512,30d
FC-0002967,FPS-0284,2026-03,RICE,200,192,197,xgb-v1.0,2025-12-28T10:00:00,hist-v1-202512,30d
FC-0002968,FPS-0284,2026-03,WHEAT,200,209,212,xgb-v1.0,2025-12-28T10:00:00,hist-v1-202512,30d
FC-0002969,FPS-0285,2026-03,RICE,221,202,217,xgb-v1.0,2025-12-28T10:00:00,hist-v1-202512,30d
FC-0002970,FPS-0285,2026-03,WHEAT,200,177,192,xgb-v1.0,2025-12-28T10:00:00,hist-v1-202512,30d
FC-0002971,FPS-0286,2026-03,RICE,200,209,206,xgb-v1.0,2025-12-28T10:00:00,hist-v1-202512,30d
FC-0002972,FPS-0286,2026-03,WHEAT,200,174,185,xgb-v1.0,2025-12-28T10:00:00,hist-v1-202512,30d
FC-0002973,FPS-0287,2026-03,RICE,345,316,331,xgb-v1.0,2025-12-28T10:00:00,hist-v1-202512,30d
FC-0002974,FPS-0287,2026-03,WHEAT,238,221,232,xgb-v1.0,2025-12-28T10:00:00,hist-v1-202512,30d
FC-0002975,FPS-0288,2026-03,RICE,200,201,208,xgb-v1.0,2025-12-28T10:00:00,hist-v1-202512,30d
FC-0002976,FPS-0288,2026-03,WHEAT,200,209,202,xgb-v1.0,2025-12-28T10:00:00,hist-v1-202512,30d
FC-0002977,FPS-0289,2026-03,RICE,200,175,181,xgb-v1.0,2025-12-28T10:00:00,hist-v1-202512,30d
FC-0002978,FPS-0289,2026-03,WHEAT,200,196,167,xgb-v1.0,2025-12-28T10:00:00,hist-v1-202512,30d
FC-0002979,FPS-0290,2026-03,RICE,205,177,183,xgb-v1.0,2025-12-28T10:00:00,hist-v1-202512,30d
FC-0002980,FPS-0290,2026-03,WHEAT,200,193,201,xgb-v1.0,2025-12-28T10:00:00,hist-v1-202512,30d
FC-0002981,FPS-0291,2026-03,RICE,238,230,234,xgb-v1.0,2025-12-28T10:00:00,hist-v1-202512,30d
FC-0002982,FPS-0291,2026-03,WHEAT,200,196,193,xgb-v1.0,2025-12-28T10:00:00,hist-v1-202512,30d
FC-0002983,FPS-0292,2026-03,RICE,268,280,273,xgb-v1.0,2025-12-28T10:00:00,hist-v1-202512,30d
FC-0002984,FPS-0292,2026-03,WHEAT,180,175,177,xgb-v1.0,2025-12-28T10:00:00,hist-v1-202512,30d
FC-0002985,FPS-0293,2026-03,RICE,216,214,219,xgb-v1.0,2025-12-28T10:00:00,hist-v1-202512,30d
FC-0002986,FPS-0293,2026-03,WHEAT,200,204,196,xgb-v1.0,2025-12-28T10:00:00,hist-v1-202512,30d
FC-0002987,FPS-0294,2026-03,RICE,209,199,202,xgb-v1.0,2025-12-28T10:00:00,hist-v1-202512,30d
FC-0002988,FPS-0294,2026-03,WHEAT,200,189,200,xgb-v1.0,2025-12-28T10:00:00,hist-v1-202512,30d
FC-0002989,FPS-0295,2026-03,RICE,200,172,190,xgb-v1.0,2025-12-28T10:00:00,hist-v1-202512,30d
FC-0002990,FPS-0295,2026-03,WHEAT,200,206,205,xgb-v1.0,2025-12-28T10:00:00,hist-v1-202512,30d
FC-0002991,FPS-0296,2026-03,RICE,200,174,188,xgb-v1.0,2025-12-28T10:00:00,hist-v1-202512,30d
FC-0002992,FPS-0296,2026-03,WHEAT,200,207,201,xgb-v1.0,2025-12-28T10:00:00,hist-v1-202512,30d
FC-0002993,FPS-0297,2026-03,RICE,204,188,199,xgb-v1.0,2025-12-28T10:00:00,hist-v1-202512,30d
FC-0002994,FPS-0297,2026-03,WHEAT,200,186,198,xgb-v1.0,2025-12-28T10:00:00,hist-v1-202512,30d
FC-0002995,FPS-0298,2026-03,RICE,200,187,185,xgb-v1.0,2025-12-28T10:00:00,hist-v1-202512,30d
FC-0002996,FPS-0298,2026-03,WHEAT,200,183,198,xgb-v1.0,2025-12-28T10:00:00,hist-v1-202512,30d
FC-0002997,FPS-0299,2026-03,RICE,200,206,210,xgb-v1.0,2025-12-28T10:00:00,hist-v1-202512,30d
FC-0002998,FPS-0299,2026-03,WHEAT,200,176,183,xgb-v1.0,2025-12-28T10:00:00,hist-v1-202512,30d
FC-0002999,FPS-0300,2026-03,RICE,238,249,229,xgb-v1.0,2025-12-28T10:00:00,hist-v1-202512,30d
FC-0003000,FPS-0300,2026-03,WHEAT,200,195,196,xgb-v1.0,2025-12-28T10:00:00,hist-v1-202512,30d
FC-0003001,FPS-0301,2026-03,RICE,219,196,203,xgb-v1.0,2025-12-28T10:00:00,hist-v1-202512,30d
FC-0003002,FPS-0301,2026-03,WHEAT,200,181,191,xgb-v1.0,2025-12-28T10:00:00,hist-v1-202512,30d
FC-0003003,FPS-0302,2026-03,RICE,222,201,203,xgb-v1.0,2025-12-28T10:00:00,hist-v1-202512,30d
FC-0003004,FPS-0302,2026-03,WHEAT,200,184,192,xgb-v1.0,2025-12-28T10:00:00,hist-v1-202512,30d
FC-0003005,FPS-0303,2026-03,RICE,200,185,193,xgb-v1.0,2025-12-28T10:00:00,hist-v1-202512,30d
FC-0003006,FPS-0303,2026-03,WHEAT,200,188,190,xgb-v1.0,2025-12-28T10:00:00,hist-v1-202512,30d
FC-0003007,FPS-0304,2026-03,RICE,238,248,242,xgb-v1.0,2025-12-28T10:00:00,hist-v1-202512,30d
FC-0003008,FPS-0304,2026-03,WHEAT,200,174,183,xgb-v1.0,2025-12-28T10:00:00,hist-v1-202512,30d
FC-0003009,FPS-0305,2026-03,RICE,208,177,188,xgb-v1.0,2025-12-28T10:00:00,hist-v1-202512,30d
FC-0003010,FPS-0305,2026-03,WHEAT,200,197,203,xgb-v1.0,2025-12-28T10:00:00,hist-v1-202512,30d
FC-0003011,FPS-0306,2026-03,RICE,200,194,198,xgb-v1.0,2025-12-28T10:00:00,hist-v1-202512,30d
FC-0003012,FPS-0306,2026-03,WHEAT,200,191,200,xgb-v1.0,2025-12-28T10:00:00,hist-v1-202512,30d
FC-0003013,FPS-0307,2026-03,RICE,218,188,202,xgb-v1.0,2025-12-28T10:00:00,hist-v1-202512,30d
FC-0003014,FPS-0307,2026-03,WHEAT,200,181,187,xgb-v1.0,2025-12-28T10:00:00,hist-v1-202512,30d
FC-0003015,FPS-0308,2026-03,RICE,210,217,213,xgb-v1.0,2025-12-28T10:00:00,hist-v1-202512,30d
FC-0003016,FPS-0308,2026-03,WHEAT,200,172,181,xgb-v1.0,2025-12-28T10:00:00,hist-v1-202512,30d
FC-0003017,FPS-0309,2026-03,RICE,234,220,223,xgb-v1.0,2025-12-28T10:00:00,hist-v1-202512,30d
FC-0003018,FPS-0309,2026-03,WHEAT,200,178,191,xgb-v1.0,2025-12-28T10:00:00,hist-v1-202512,30d
FC-0003019,FPS-0310,2026-03,RICE,200,202,199,xgb-v1.0,2025-12-28T10:00:00,hist-v1-202512,30d
FC-0003020,FPS-0310,2026-03,WHEAT,200,201,204,xgb-v1.0,2025-12-28T10:00:00,hist-v1-202512,30d
FC-0003021,FPS-0311,2026-03,RICE,251,235,242,xgb-v1.0,2025-12-28T10:00:00,hist-v1-202512,30d
FC-0003022,FPS-0311,2026-03,WHEAT,202,191,202,xgb-v1.0,2025-12-28T10:00:00,hist-v1-202512,30d
FC-0003023,FPS-0312,2026-03,RICE,253,238,248,xgb-v1.0,2025-12-28T10:00:00,hist-v1-202512,30d
FC-0003024,FPS-0312,2026-03,WHEAT,200,176,191,xgb-v1.0,2025-12-28T10:00:00,hist-v1-202512,30d
FC-0003025,FPS-0313,2026-03,RICE,181,176,184,xgb-v1.0,2025-12-28T10:00:00,hist-v1-202512,30d
FC-0003026,FPS-0313,2026-03,WHEAT,200,191,202,xgb-v1.0,2025-12-28T10:00:00,hist-v1-202512,30d
FC-0003027,FPS-0314,2026-03,RICE,229,217,227,xgb-v1.0,2025-12-28T10:00:00,hist-v1-202512,30d
FC-0003028,FPS-0314,2026-03,WHEAT,200,183,193,xgb-v1.0,2025-12-28T10:00:00,hist-v1-202512,30d
FC-0003029,FPS-0315,2026-03,RICE,221,229,219,xgb-v1.0,2025-12-28T10:00:00,hist-v1-202512,30d
FC-0003030,FPS-0315,2026-03,WHEAT,200,171,187,xgb-v1.0,2025-12-28T10:00:00,hist-v1-202512,30d
FC-0003031,FPS-0316,2026-03,RICE,200,180,196,xgb-v1.0,2025-12-28T10:00:00,hist-v1-202512,30d
FC-0003032,FPS-0316,2026-03,WHEAT,200,191,195,xgb-v1.0,2025-12-28T10:00:00,hist-v1-202512,30d
FC-0003033,FPS-0317,2026-03,RICE,200,179,193,xgb-v1.0,2025-12-28T10:00:00,hist-v1-202512,30d
FC-0003034,FPS-0317,2026-03,WHEAT,200,193,196,xgb-v1.0,2025-12-28T10:00:00,hist-v1-202512,30d
FC-0003035,FPS-0318,2026-03,RICE,181,160,163,xgb-v1.0,2025-12-28T10:00:00,hist-v1-202512,30d
FC-0003036,FPS-0318,2026-03,WHEAT,200,186,191,xgb-v1.0,2025-12-28T10:00:00,hist-v1-202512,30d
FC-0003037,FPS-0319,2026-03,RICE,200,202,205,xgb-v1.0,2025-12-28T10:00:00,hist-v1-202512,30d
FC-0003038,FPS-0319,2026-03,WHEAT,200,196,192,xgb-v1.0,2025-12-28T10:00:00,hist-v1-202512,30d
FC-0003039,FPS-0320,2026-03,RICE,180,183,176,xgb-v1.0,2025-12-28T10:00:00,hist-v1-202512,30d
FC-0003040,FPS-0320,2026-03,WHEAT,200,178,187,xgb-v1.0,2025-12-28T10:00:00,hist-v1-202512,30d
FC-0003041,FPS-0321,2026-03,RICE,258,225,249,xgb-v1.0,2025-12-28T10:00:00,hist-v1-202512,30d
FC-0003042,FPS-0321,2026-03,WHEAT,201,200,199,xgb-v1.0,2025-12-28T10:00:00,hist-v1-202512,30d
FC-0003043,FPS-0322,2026-03,RICE,234,219,226,xgb-v1.0,2025-12-28T10:00:00,hist-v1-202512,30d
FC-0003044,FPS-0322,2026-03,WHEAT,200,180,191,xgb-v1.0,2025-12-28T10:00:00,hist-v1-202512,30d
FC-0003045,FPS-0323,2026-03,RICE,184,163,167,xgb-v1.0,2025-12-28T10:00:00,hist-v1-202512,30d
FC-0003046,FPS-0323,2026-03,WHEAT,200,206,204,xgb-v1.0,2025-12-28T10:00:00,hist-v1-202512,30d
FC-0003047,FPS-0324,2026-03,RICE,200,208,205,xgb-v1.0,2025-12-28T10:00:00,hist-v1-202512,30d
FC-0003048,FPS-0324,2026-03,WHEAT,200,179,187,xgb-v1.0,2025-12-28T10:00:00,hist-v1-202512,30d
FC-0003049,FPS-0325,2026-03,RICE,226,213,224,xgb-v1.0,2025-12-28T10:00:00,hist-v1-202512,30d
FC-0003050,FPS-0325,2026-03,WHEAT,200,196,182,xgb-v1.0,2025-12-28T10:00:00,hist-v1-202512,30d
FC-0003051,FPS-0326,2026-03,RICE,200,187,186,xgb-v1.0,2025-12-28T10:00:00,hist-v1-202512,30d
FC-0003052,FPS-0326,2026-03,WHEAT,180,180,176,xgb-v1.0,2025-12-28T10:00:00,hist-v1-202512,30d
FC-0003053,FPS-0327,2026-03,RICE,230,201,218,xgb-v1.0,2025-12-28T10:00:00,hist-v1-202512,30d
FC-0003054,FPS-0327,2026-03,WHEAT,180,185,179,xgb-v1.0,2025-12-28T10:00:00,hist-v1-202512,30d
FC-0003055,FPS-0328,2026-03,RICE,222,216,225,xgb-v1.0,2025-12-28T10:00:00,hist-v1-202512,30d
FC-0003056,FPS-0328,2026-03,WHEAT,200,188,190,xgb-v1.0,2025-12-28T10:00:00,hist-v1-202512,30d
FC-0003057,FPS-0329,2026-03,RICE,200,196,198,xgb-v1.0,2025-12-28T10:00:00,hist-v1-202512,30d
FC-0003058,FPS-0329,2026-03,WHEAT,200,191,188,xgb-v1.0,2025-12-28T10:00:00,hist-v1-202512,30d
FC-0003059,FPS-0330,2026-03,RICE,218,214,209,xgb-v1.0,2025-12-28T10:00:00,hist-v1-202512,30d
FC-0003060,FPS-0330,2026-03,WHEAT,200,193,217,xgb-v1.0,2025-12-28T10:00:00,hist-v1-202512,30d
FC-0003061,FPS-0331,2026-03,RICE,204,211,208,xgb-v1.0,2025-12-28T10:00:00,hist-v1-202512,30d
FC-0003062,FPS-0331,2026-03,WHEAT,200,182,189,xgb-v1.0,2025-12-28T10:00:00,hist-v1-202512,30d
FC-0003063,FPS-0332,2026-03,RICE,222,195,208,xgb-v1.0,2025-12-28T10:00:00,hist-v1-202512,30d
FC-0003064,FPS-0332,2026-03,WHEAT,200,185,191,xgb-v1.0,2025-12-28T10:00:00,hist-v1-202512,30d
FC-0003065,FPS-0333,2026-03,RICE,364,371,369,xgb-v1.0,2025-12-28T10:00:00,hist-v1-202512,30d
FC-0003066,FPS-0333,2026-03,WHEAT,244,214,232,xgb-v1.0,2025-12-28T10:00:00,hist-v1-202512,30d
FC-0003067,FPS-0334,2026-03,RICE,203,181,194,xgb-v1.0,2025-12-28T10:00:00,hist-v1-202512,30d
FC-0003068,FPS-0334,2026-03,WHEAT,200,180,195,xgb-v1.0,2025-12-28T10:00:00,hist-v1-202512,30d
FC-0003069,FPS-0335,2026-03,RICE,259,266,259,xgb-v1.0,2025-12-28T10:00:00,hist-v1-202512,30d
FC-0003070,FPS-0335,2026-03,WHEAT,200,197,195,xgb-v1.0,2025-12-28T10:00:00,hist-v1-202512,30d
FC-0003071,FPS-0336,2026-03,RICE,229,221,222,xgb-v1.0,2025-12-28T10:00:00,hist-v1-202512,30d
FC-0003072,FPS-0336,2026-03,WHEAT,180,156,169,xgb-v1.0,2025-12-28T10:00:00,hist-v1-202512,30d
FC-0003073,FPS-0337,2026-03,RICE,200,170,178,xgb-v1.0,2025-12-28T10:00:00,hist-v1-202512,30d
FC-0003074,FPS-0337,2026-03,WHEAT,200,204,209,xgb-v1.0,2025-12-28T10:00:00,hist-v1-202512,30d
FC-0003075,FPS-0338,2026-03,RICE,203,208,209,xgb-v1.0,2025-12-28T10:00:00,hist-v1-202512,30d
FC-0003076,FPS-0338,2026-03,WHEAT,200,199,195,xgb-v1.0,2025-12-28T10:00:00,hist-v1-202512,30d
FC-0003077,FPS-0339,2026-03,RICE,200,197,183,xgb-v1.0,2025-12-28T10:00:00,hist-v1-202512,30d
FC-0003078,FPS-0339,2026-03,WHEAT,200,176,180,xgb-v1.0,2025-12-28T10:00:00,hist-v1-202512,30d
FC-0003079,FPS-0340,2026-03,RICE,200,170,190,xgb-v1.0,2025-12-28T10:00:00,hist-v1-202512,30d
FC-0003080,FPS-0340,2026-03,WHEAT,200,172,184,xgb-v1.0,2025-12-28T10:00:00,hist-v1-202512,30d
FC-0003081,FPS-0341,2026-03,RICE,200,209,197,xgb-v1.0,2025-12-28T10:00:00,hist-v1-202512,30d
FC-0003082,FPS-0341,2026-03,WHEAT,200,177,189,xgb-v1.0,2025-12-28T10:00:00,hist-v1-202512,30d
FC-0003083,FPS-0342,2026-03,RICE,200,185,195,xgb-v1.0,2025-12-28T10:00:00,hist-v1-202512,30d
FC-0003084,FPS-0342,2026-03,WHEAT,200,197,203,xgb-v1.0,2025-12-28T10:00:00,hist-v1-202512,30d
FC-0003085,FPS-0343,2026-03,RICE,180,165,168,xgb-v1.0,2025-12-28T10:00:00,hist-v1-202512,30d
FC-0003086,FPS-0343,2026-03,WHEAT,200,199,197,xgb-v1.0,2025-12-28T10:00:00,hist-v1-202512,30d
FC-0003087,FPS-0344,2026-03,RICE,200,195,197,xgb-v1.0,2025-12-28T10:00:00,hist-v1-202512,30d
FC-0003088,FPS-0344,2026-03,WHEAT,200,197,200,xgb-v1.0,2025-12-28T10:00:00,hist-v1-202512,30d
FC-0003089,FPS-0345,2026-03,RICE,206,191,196,xgb-v1.0,2025-12-28T10:00:00,hist-v1-202512,30d
FC-0003090,FPS-0345,2026-03,WHEAT,200,175,182,xgb-v1.0,2025-12-28T10:00:00,hist-v1-202512,30d
FC-0003091,FPS-0346,2026-03,RICE,210,181,188,xgb-v1.0,2025-12-28T10:00:00,hist-v1-202512,30d
FC-0003092,FPS-0346,2026-03,WHEAT,200,207,197,xgb-v1.0,2025-12-28T10:00:00,hist-v1-202512,30d
FC-0003093,FPS-0347,2026-03,RICE,287,256,273,xgb-v1.0,2025-12-28T10:00:00,hist-v1-202512,30d
FC-0003094,FPS-0347,2026-03,WHEAT,213,213,221,xgb-v1.0,2025-12-28T10:00:00,hist-v1-202512,30d
FC-0003095,FPS-0348,2026-03,RICE,228,232,233,xgb-v1.0,2025-12-28T10:00:00,hist-v1-202512,30d
FC-0003096,FPS-0348,2026-03,WHEAT,200,190,193,xgb-v1.0,2025-12-28T10:00:00,hist-v1-202512,30d
FC-0003097,FPS-0349,2026-03,RICE,200,178,183,xgb-v1.0,2025-12-28T10:00:00,hist-v1-202512,30d
FC-0003098,FPS-0349,2026-03,WHEAT,200,208,200,xgb-v1.0,2025-12-28T10:00:00,hist-v1-202512,30d
FC-0003099,FPS-0350,2026-03,RICE,233,233,226,xgb-v1.0,2025-12-28T10:00:00,hist-v1-202512,30d
FC-0003100,FPS-0350,2026-03,WHEAT,200,204,194,xgb-v1.0,2025-12-28T10:00:00,hist-v1-202512,30d
FC-0003101,FPS-0351,2026-03,RICE,200,175,189,xgb-v1.0,2025-12-28T10:00:00,hist-v1-202512,30d
FC-0003102,FPS-0351,2026-03,WHEAT,200,170,184,xgb-v1.0,2025-12-28T10:00:00,hist-v1-202512,30d
FC-0003103,FPS-0352,2026-03,RICE,222,224,229,xgb-v1.0,2025-12-28T10:00:00,hist-v1-202512,30d
FC-0003104,FPS-0352,2026-03,WHEAT,200,199,216,xgb-v1.0,2025-12-28T10:00:00,hist-v1-202512,30d
FC-0003105,FPS-0353,2026-03,RICE,200,206,203,xgb-v1.0,2025-12-28T10:00:00,hist-v1-202512,30d
FC-0003106,FPS-0353,2026-03,WHEAT,200,189,195,xgb-v1.0,2025-12-28T10:00:00,hist-v1-202512,30d
FC-0003107,FPS-0354,2026-03,RICE,205,204,210,xgb-v1.0,2025-12-28T10:00:00,hist-v1-202512,30d
FC-0003108,FPS-0354,2026-03,WHEAT,180,155,172,xgb-v1.0,2025-12-28T10:00:00,hist-v1-202512,30d
FC-0003109,FPS-0355,2026-03,RICE,215,208,214,xgb-v1.0,2025-12-28T10:00:00,hist-v1-202512,30d
FC-0003110,FPS-0355,2026-03,WHEAT,200,187,196,xgb-v1.0,2025-12-28T10:00:00,hist-v1-202512,30d
FC-0003111,FPS-0356,2026-03,RICE,200,177,188,xgb-v1.0,2025-12-28T10:00:00,hist-v1-202512,30d
FC-0003112,FPS-0356,2026-03,WHEAT,200,184,185,xgb-v1.0,2025-12-28T10:00:00,hist-v1-202512,30d
FC-0003113,FPS-0357,2026-03,RICE,219,191,196,xgb-v1.0,2025-12-28T10:00:00,hist-v1-202512,30d
FC-0003114,FPS-0357,2026-03,WHEAT,200,181,191,xgb-v1.0,2025-12-28T10:00:00,hist-v1-202512,30d
FC-0003115,FPS-0358,2026-03,RICE,200,208,196,xgb-v1.0,2025-12-28T10:00:00,hist-v1-202512,30d
FC-0003116,FPS-0358,2026-03,WHEAT,200,196,198,xgb-v1.0,2025-12-28T10:00:00,hist-v1-202512,30d
FC-0003117,FPS-0359,2026-03,RICE,320,322,320,xgb-v1.0,2025-12-28T10:00:00,hist-v1-202512,30d
FC-0003118,FPS-0359,2026-03,WHEAT,217,226,222,xgb-v1.0,2025-12-28T10:00:00,hist-v1-202512,30d
FC-0003119,FPS-0360,2026-03,RICE,200,203,209,xgb-v1.0,2025-12-28T10:00:00,hist-v1-202512,30d
FC-0003120,FPS-0360,2026-03,WHEAT,200,203,193,xgb-v1.0,2025-12-28T10:00:00,hist-v1-202512,30d
FC-0003121,FPS-0361,2026-03,RICE,200,209,200,xgb-v1.0,2025-12-28T10:00:00,hist-v1-202512,30d
FC-0003122,FPS-0361,2026-03,WHEAT,200,172,190,xgb-v1.0,2025-12-28T10:00:00,hist-v1-202512,30d
FC-0003123,FPS-0362,2026-03,RICE,200,173,181,xgb-v1.0,2025-12-28T10:00:00,hist-v1-202512,30d
FC-0003124,FPS-0362,2026-03,WHEAT,200,193,190,xgb-v1.0,2025-12-28T10:00:00,hist-v1-202512,30d
FC-0003125,FPS-0363,2026-03,RICE,200,200,207,xgb-v1.0,2025-12-28T10:00:00,hist-v1-202512,30d
FC-0003126,FPS-0363,2026-03,WHEAT,200,174,180,xgb-v1.0,2025-12-28T10:00:00,hist-v1-202512,30d
FC-0003127,FPS-0364,2026-03,RICE,213,188,194,xgb-v1.0,2025-12-28T10:00:00,hist-v1-202512,30d
FC-0003128,FPS-0364,2026-03,WHEAT,200,205,210,xgb-v1.0,2025-12-28T10:00:00,hist-v1-202512,30d
FC-0003129,FPS-0365,2026-03,RICE,200,204,196,xgb-v1.0,2025-12-28T10:00:00,hist-v1-202512,30d
FC-0003130,FPS-0365,2026-03,WHEAT,200,206,210,xgb-v1.0,2025-12-28T10:00:00,hist-v1-202512,30d
FC-0003131,FPS-0366,2026-03,RICE,212,192,204,xgb-v1.0,2025-12-28T10:00:00,hist-v1-202512,30d
FC-0003132,FPS-0366,2026-03,WHEAT,200,204,207,xgb-v1.0,2025-12-28T10:00:00,hist-v1-202512,30d
FC-0003133,FPS-0367,2026-03,RICE,180,171,177,xgb-v1.0,2025-12-28T10:00:00,hist-v1-202512,30d
FC-0003134,FPS-0367,2026-03,WHEAT,200,185,165,xgb-v1.0,2025-12-28T10:00:00,hist-v1-202512,30d
FC-0003135,FPS-0368,2026-03,RICE,221,192,209,xgb-v1.0,2025-12-28T10:00:00,hist-v1-202512,30d
FC-0003136,FPS-0368,2026-03,WHEAT,200,191,192,xgb-v1.0,2025-12-28T10:00:00,hist-v1-202512,30d
FC-0003137,FPS-0369,2026-03,RICE,201,198,197,xgb-v1.0,2025-12-28T10:00:00,hist-v1-202512,30d
FC-0003138,FPS-0369,2026-03,WHEAT,200,203,201,xgb-v1.0,2025-12-28T10:00:00,hist-v1-202512,30d
FC-0003139,FPS-0370,2026-03,RICE,204,213,201,xgb-v1.0,2025-12-28T10:00:00,hist-v1-202512,30d
FC-0003140,FPS-0370,2026-03,WHEAT,200,201,192,xgb-v1.0,2025-12-28T10:00:00,hist-v1-202512,30d
FC-0003141,FPS-0371,2026-03,RICE,200,171,178,xgb-v1.0,2025-12-28T10:00:00,hist-v1-202512,30d
FC-0003142,FPS-0371,2026-03,WHEAT,200,176,188,xgb-v1.0,2025-12-28T10:00:00,hist-v1-202512,30d
FC-0003143,FPS-0372,2026-03,RICE,200,172,190,xgb-v1.0,2025-12-28T10:00:00,hist-v1-202512,30d
FC-0003144,FPS-0372,2026-03,WHEAT,200,181,183,xgb-v1.0,2025-12-28T10:00:00,hist-v1-202512,30d
FC-0003145,FPS-0373,2026-03,RICE,213,192,194,xgb-v1.0,2025-12-28T10:00:00,hist-v1-202512,30d
FC-0003146,FPS-0373,2026-03,WHEAT,200,190,192,xgb-v1.0,2025-12-28T10:00:00,hist-v1-202512,30d
FC-0003147,FPS-0374,2026-03,RICE,200,185,187,xgb-v1.0,2025-12-28T10:00:00,hist-v1-202512,30d
FC-0003148,FPS-0374,2026-03,WHEAT,200,178,192,xgb-v1.0,2025-12-28T10:00:00,hist-v1-202512,30d
FC-0003149,FPS-0375,2026-03,RICE,211,188,203,xgb-v1.0,2025-12-28T10:00:00,hist-v1-202512,30d
FC-0003150,FPS-0375,2026-03,WHEAT,200,176,181,xgb-v1.0,2025-12-28T10:00:00,hist-v1-202512,30d
FC-0003151,FPS-0376,2026-03,RICE,215,213,222,xgb-v1.0,2025-12-28T10:00:00,hist-v1-202512,30d
FC-0003152,FPS-0376,2026-03,WHEAT,200,195,197,xgb-v1.0,2025-12-28T10:00:00,hist-v1-202512,30d
FC-0003153,FPS-0377,2026-03,RICE,202,176,186,xgb-v1.0,2025-12-28T10:00:00,hist-v1-202512,30d
FC-0003154,FPS-0377,2026-03,WHEAT,200,207,201,xgb-v1.0,2025-12-28T10:00:00,hist-v1-202512,30d
FC-0003155,FPS-0378,2026-03,RICE,268,256,265,xgb-v1.0,2025-12-28T10:00:00,hist-v1-202512,30d
FC-0003156,FPS-0378,2026-03,WHEAT,206,177,188,xgb-v1.0,2025-12-28T10:00:00,hist-v1-202512,30d
FC-0003157,FPS-0379,2026-03,RICE,200,195,197,xgb-v1.0,2025-12-28T10:00:00,hist-v1-202512,30d
FC-0003158,FPS-0379,2026-03,WHEAT,200,209,204,xgb-v1.0,2025-12-28T10:00:00,hist-v1-202512,30d
FC-0003159,FPS-0380,2026-03,RICE,237,217,231,xgb-v1.0,2025-12-28T10:00:00,hist-v1-202512,30d
FC-0003160,FPS-0380,2026-03,WHEAT,180,182,177,xgb-v1.0,2025-12-28T10:00:00,hist-v1-202512,30d
FC-0003161,FPS-0381,2026-03,RICE,202,173,191,xgb-v1.0,2025-12-28T10:00:00,hist-v1-202512,30d
FC-0003162,FPS-0381,2026-03,WHEAT,200,192,201,xgb-v1.0,2025-12-28T10:00:00,hist-v1-202512,30d
FC-0003163,FPS-0382,2026-03,RICE,200,185,192,xgb-v1.0,2025-12-28T10:00:00,hist-v1-202512,30d
FC-0003164,FPS-0382,2026-03,WHEAT,200,192,200,xgb-v1.0,2025-12-28T10:00:00,hist-v1-202512,30d
FC-0003165,FPS-0383,2026-03,RICE,200,188,190,xgb-v1.0,2025-12-28T10:00:00,hist-v1-202512,30d
FC-0003166,FPS-0383,2026-03,WHEAT,200,189,190,xgb-v1.0,2025-12-28T10:00:00,hist-v1-202512,30d
FC-0003167,FPS-0384,2026-03,RICE,263,255,253,xgb-v1.0,2025-12-28T10:00:00,hist-v1-202512,30d
FC-0003168,FPS-0384,2026-03,WHEAT,202,203,194,xgb-v1.0,2025-12-28T10:00:00,hist-v1-202512,30d
FC-0003169,FPS-0385,2026-03,RICE,295,268,273,xgb-v1.0,2025-12-28T10:00:00,hist-v1-202512,30d
FC-0003170,FPS-0385,2026-03,WHEAT,217,188,196,xgb-v1.0,2025-12-28T10:00:00,hist-v1-202512,30d
FC-0003171,FPS-0386,2026-03,RICE,200,178,185,xgb-v1.0,2025-12-28T10:00:00,hist-v1-202512,30d
FC-0003172,FPS-0386,2026-03,WHEAT,200,186,198,xgb-v1.0,2025-12-28T10:00:00,hist-v1-202512,30d
FC-0003173,FPS-0387,2026-03,RICE,347,299,326,xgb-v1.0,2025-12-28T10:00:00,hist-v1-202512,30d
FC-0003174,FPS-0387,2026-03,WHEAT,256,217,230,xgb-v1.0,2025-12-28T10:00:00,hist-v1-202512,30d
FC-0003175,FPS-0388,2026-03,RICE,180,174,169,xgb-v1.0,2025-12-28T10:00:00,hist-v1-202512,30d
FC-0003176,FPS-0388,2026-03,WHEAT,200,172,179,xgb-v1.0,2025-12-28T10:00:00,hist-v1-202512,30d
FC-0003177,FPS-0389,2026-03,RICE,205,209,206,xgb-v1.0,2025-12-28T10:00:00,hist-v1-202512,30d
FC-0003178,FPS-0389,2026-03,WHEAT,200,179,190,xgb-v1.0,2025-12-28T10:00:00,hist-v1-202512,30d
FC-0003179,FPS-0390,2026-03,RICE,223,231,226,xgb-v1.0,2025-12-28T10:00:00,hist-v1-202512,30d
FC-0003180,FPS-0390,2026-03,WHEAT,200,184,188,xgb-v1.0,2025-12-28T10:00:00,hist-v1-202512,30d
FC-0003181,FPS-0391,2026-03,RICE,246,217,232,xgb-v1.0,2025-12-28T10:00:00,hist-v1-202512,30d
FC-0003182,FPS-0391,2026-03,WHEAT,200,185,194,xgb-v1.0,2025-12-28T10:00:00,hist-v1-202512,30d
FC-0003183,FPS-0392,2026-03,RICE,200,199,192,xgb-v1.0,2025-12-28T10:00:00,hist-v1-202512,30d
FC-0003184,FPS-0392,2026-03,WHEAT,200,183,186,xgb-v1.0,2025-12-28T10:00:00,hist-v1-202512,30d
FC-0003185,FPS-0393,2026-03,RICE,201,211,207,xgb-v1.0,2025-12-28T10:00:00,hist-v1-202512,30d
FC-0003186,FPS-0393,2026-03,WHEAT,200,189,186,xgb-v1.0,2025-12-28T10:00:00,hist-v1-202512,30d
FC-0003187,FPS-0394,2026-03,RICE,231,216,218,xgb-v1.0,2025-12-28T10:00:00,hist-v1-202512,30d
FC-0003188,FPS-0394,2026-03,WHEAT,200,209,211,xgb-v1.0,2025-12-28T10:00:00,hist-v1-202512,30d
FC-0003189,FPS-0395,2026-03,RICE,180,183,188,xgb-v1.0,2025-12-28T10:00:00,hist-v1-202512,30d
FC-0003190,FPS-0395,2026-03,WHEAT,200,170,177,xgb-v1.0,2025-12-28T10:00:00,hist-v1-202512,30d
FC-0003191,FPS-0396,2026-03,RICE,200,173,186,xgb-v1.0,2025-12-28T10:00:00,hist-v1-202512,30d
FC-0003192,FPS-0396,2026-03,WHEAT,200,186,191,xgb-v1.0,2025-12-28T10:00:00,hist-v1-202512,30d
FC-0003193,FPS-0397,2026-03,RICE,200,183,190,xgb-v1.0,2025-12-28T10:00:00,hist-v1-202512,30d
FC-0003194,FPS-0397,2026-03,WHEAT,200,191,201,xgb-v1.0,2025-12-28T10:00:00,hist-v1-202512,30d
FC-0003195,FPS-0398,2026-03,RICE,200,204,197,xgb-v1.0,2025-12-28T10:00:00,hist-v1-202512,30d
FC-0003196,FPS-0398,2026-03,WHEAT,200,205,201,xgb-v1.0,2025-12-28T10:00:00,hist-v1-202512,30d
FC-0003197,FPS-0399,2026-03,RICE,200,206,201,xgb-v1.0,2025-12-28T10:00:00,hist-v1-202512,30d
FC-0003198,FPS-0399,2026-03,WHEAT,180,163,175,xgb-v1.0,2025-12-28T10:00:00,hist-v1-202512,30d
FC-0003199,FPS-0400,2026-03,RICE,249,235,245,xgb-v1.0,2025-12-28T10:00:00,hist-v1-202512,30d
FC-0003200,FPS-0400,2026-03,WHEAT,200,207,196,xgb-v1.0,2025-12-28T10:00:00,hist-v1-202512,30d
FC-0003201,FPS-0401,2026-03,RICE,251,255,248,xgb-v1.0,2025-12-28T10:00:00,hist-v1-202512,30d
FC-0003202,FPS-0401,2026-03,WHEAT,200,205,206,xgb-v1.0,2025-12-28T10:00:00,hist-v1-202512,30d
FC-0003203,FPS-0402,2026-03,RICE,200,198,203,xgb-v1.0,2025-12-28T10:00:00,hist-v1-202512,30d
FC-0003204,FPS-0402,2026-03,WHEAT,200,189,194,xgb-v1.0,2025-12-28T10:00:00,hist-v1-202512,30d
FC-0003205,FPS-0403,2026-03,RICE,200,200,198,xgb-v1.0,2025-12-28T10:00:00,hist-v1-202512,30d
FC-0003206,FPS-0403,2026-03,WHEAT,200,187,199,xgb-v1.0,2025-12-28T10:00:00,hist-v1-202512,30d
FC-0003207,FPS-0404,2026-03,RICE,200,185,195,xgb-v1.0,2025-12-28T10:00:00,hist-v1-202512,30d
FC-0003208,FPS-0404,2026-03,WHEAT,200,201,206,xgb-v1.0,2025-12-28T10:00:00,hist-v1-202512,30d
FC-0003209,FPS-0405,2026-03,RICE,205,198,201,xgb-v1.0,2025-12-28T10:00:00,hist-v1-202512,30d
FC-0003210,FPS-0405,2026-03,WHEAT,200,181,184,xgb-v1.0,2025-12-28T10:00:00,hist-v1-202512,30d
FC-0003211,FPS-0406,2026-03,RICE,263,239,254,xgb-v1.0,2025-12-28T10:00:00,hist-v1-202512,30d
FC-0003212,FPS-0406,2026-03,WHEAT,200,199,194,xgb-v1.0,2025-12-28T10:00:00,hist-v1-202512,30d
FC-0003213,FPS-0407,2026-03,RICE,209,192,194,xgb-v1.0,2025-12-28T10:00:00,hist-v1-202512,30d
FC-0003214,FPS-0407,2026-03,WHEAT,200,176,180,xgb-v1.0,2025-12-28T10:00:00,hist-v1-202512,30d
FC-0003215,FPS-0408,2026-03,RICE,200,182,189,xgb-v1.0,2025-12-28T10:00:00,hist-v1-202512,30d
FC-0003216,FPS-0408,2026-03,WHEAT,200,189,186,xgb-v1.0,2025-12-28T10:00:00,hist-v1-202512,30d
FC-0003217,FPS-0409,2026-03,RICE,200,209,213,xgb-v1.0,2025-12-28T10:00:00,hist-v1-202512,30d
FC-0003218,FPS-0409,2026-03,WHEAT,200,172,179,xgb-v1.0,2025-12-28T10:00:00,hist-v1-202512,30d
FC-0003219,FPS-0410,2026-03,RICE,283,285,294,xgb-v1.0,2025-12-28T10:00:00,hist-v1-202512,30d
FC-0003220,FPS-0410,2026-03,WHEAT,211,195,207,xgb-v1.0,2025-12-28T10:00:00,hist-v1-202512,30d
FC-0003221,FPS-0411,2026-03,RICE,200,206,203,xgb-v1.0,2025-12-28T10:00:00,hist-v1-202512,30d
FC-0003222,FPS-0411,2026-03,WHEAT,200,182,195,xgb-v1.0,2025-12-28T10:00:00,hist-v1-202512,30d
FC-0003223,FPS-0412,2026-03,RICE,247,244,238,xgb-v1.0,2025-12-28T10:00:00,hist-v1-202512,30d
FC-0003224,FPS-0412,2026-03,WHEAT,200,193,192,xgb-v1.0,2025-12-28T10:00:00,hist-v1-202512,30d
FC-0003225,FPS-0413,2026-03,RICE,200,184,158,xgb-v1.0,2025-12-28T10:00:00,hist-v1-202512,30d
FC-0003226,FPS-0413,2026-03,WHEAT,200,181,184,xgb-v1.0,2025-12-28T10:00:00,hist-v1-202512,30d
FC-0003227,FPS-0414,2026-03,RICE,271,257,271,xgb-v1.0,2025-12-28T10:00:00,hist-v1-202512,30d
FC-0003228,FPS-0414,2026-03,WHEAT,200,207,199,xgb-v1.0,2025-12-28T10:00:00,hist-v1-202512,30d
FC-0003229,FPS-0415,2026-03,RICE,220,227,211,xgb-v1.0,2025-12-28T10:00:00,hist-v1-202512,30d
FC-0003230,FPS-0415,2026-03,WHEAT,200,190,174,xgb-v1.0,2025-12-28T10:00:00,hist-v1-202512,30d
FC-0003231,FPS-0416,2026-03,RICE,200,208,201,xgb-v1.0,2025-12-28T10:00:00,hist-v1-202512,30d
FC-0003232,FPS-0416,2026-03,WHEAT,200,173,192,xgb-v1.0,2025-12-28T10:00:00,hist-v1-202512,30d
FC-0003233,FPS-0417,2026-03,RICE,180,156,169,xgb-v1.0,2025-12-28T10:00:00,hist-v1-202512,30d
FC-0003234,FPS-0417,2026-03,WHEAT,200,174,181,xgb-v1.0,2025-12-28T10:00:00,hist-v1-202512,30d
FC-0003235,FPS-0418,2026-03,RICE,263,248,252,xgb-v1.0,2025-12-28T10:00:00,hist-v1-202512,30d
FC-0003236,FPS-0418,2026-03,WHEAT,200,205,198,xgb-v1.0,2025-12-28T10:00:00,hist-v1-202512,30d
FC-0003237,FPS-0419,2026-03,RICE,255,233,239,xgb-v1.0,2025-12-28T10:00:00,hist-v1-202512,30d
FC-0003238,FPS-0419,2026-03,WHEAT,205,202,197,xgb-v1.0,2025-12-28T10:00:00,hist-v1-202512,30d
FC-0003239,FPS-0420,2026-03,RICE,237,224,245,xgb-v1.0,2025-12-28T10:00:00,hist-v1-202512,30d
FC-0003240,FPS-0420,2026-03,WHEAT,200,190,201,xgb-v1.0,2025-12-28T10:00:00,hist-v1-202512,30d
FC-0003241,FPS-0421,2026-03,RICE,264,244,256,xgb-v1.0,2025-12-28T10:00:00,hist-v1-202512,30d
FC-0003242,FPS-0421,2026-03,WHEAT,200,173,181,xgb-v1.0,2025-12-28T10:00:00,hist-v1-202512,30d
FC-0003243,FPS-0422,2026-03,RICE,200,208,204,xgb-v1.0,2025-12-28T10:00:00,hist-v1-202512,30d
FC-0003244,FPS-0422,2026-03,WHEAT,200,202,194,xgb-v1.0,2025-12-28T10:00:00,hist-v1-202512,30d
FC-0003245,FPS-0423,2026-03,RICE,200,177,188,xgb-v1.0,2025-12-28T10:00:00,hist-v1-202512,30d
FC-0003246,FPS-0423,2026-03,WHEAT,200,192,194,xgb-v1.0,2025-12-28T10:00:00,hist-v1-202512,30d
FC-0003247,FPS-0424,2026-03,RICE,232,205,209,xgb-v1.0,2025-12-28T10:00:00,hist-v1-202512,30d
FC-0003248,FPS-0424,2026-03,WHEAT,200,171,181,xgb-v1.0,2025-12-28T10:00:00,hist-v1-202512,30d
FC-0003249,FPS-0425,2026-03,RICE,200,172,184,xgb-v1.0,2025-12-28T10:00:00,hist-v1-202512,30d
FC-0003250,FPS-0425,2026-03,WHEAT,200,181,191,xgb-v1.0,2025-12-28T10:00:00,hist-v1-202512,30d
FC-0003251,FPS-0426,2026-03,RICE,251,231,245,xgb-v1.0,2025-12-28T10:00:00,hist-v1-202512,30d
FC-0003252,FPS-0426,2026-03,WHEAT,180,178,174,xgb-v1.0,2025-12-28T10:00:00,hist-v1-202512,30d
FC-0003253,FPS-0427,2026-03,RICE,200,173,180,xgb-v1.0,2025-12-28T10:00:00,hist-v1-202512,30d
FC-0003254,FPS-0427,2026-03,WHEAT,200,207,208,xgb-v1.0,2025-12-28T10:00:00,hist-v1-202512,30d
FC-0003255,FPS-0428,2026-03,RICE,200,202,200,xgb-v1.0,2025-12-28T10:00:00,hist-v1-202512,30d
FC-0003256,FPS-0428,2026-03,WHEAT,200,182,187,xgb-v1.0,2025-12-28T10:00:00,hist-v1-202512,30d
FC-0003257,FPS-0429,2026-03,RICE,200,173,186,xgb-v1.0,2025-12-28T10:00:00,hist-v1-202512,30d
FC-0003258,FPS-0429,2026-03,WHEAT,200,199,201,xgb-v1.0,2025-12-28T10:00:00,hist-v1-202512,30d
FC-0003259,FPS-0430,2026-03,RICE,202,184,191,xgb-v1.0,2025-12-28T10:00:00,hist-v1-202512,30d
FC-0003260,FPS-0430,2026-03,WHEAT,200,208,210,xgb-v1.0,2025-12-28T10:00:00,hist-v1-202512,30d
FC-0003261,FPS-0431,2026-03,RICE,200,174,183,xgb-v1.0,2025-12-28T10:00:00,hist-v1-202512,30d
FC-0003262,FPS-0431,2026-03,WHEAT,200,206,199,xgb-v1.0,2025-12-28T10:00:00,hist-v1-202512,30d
FC-0003263,FPS-0432,2026-03,RICE,331,325,332,xgb-v1.0,2025-12-28T10:00:00,hist-v1-202512,30d
FC-0003264,FPS-0432,2026-03,WHEAT,253,219,227,xgb-v1.0,2025-12-28T10:00:00,hist-v1-202512,30d
FC-0003265,FPS-0433,2026-03,RICE,200,176,180,xgb-v1.0,2025-12-28T10:00:00,hist-v1-202512,30d
FC-0003266,FPS-0433,2026-03,WHEAT,200,176,184,xgb-v1.0,2025-12-28T10:00:00,hist-v1-202512,30d
FC-0003267,FPS-0434,2026-03,RICE,248,241,244,xgb-v1.0,2025-12-28T10:00:00,hist-v1-202512,30d
FC-0003268,FPS-0434,2026-03,WHEAT,201,202,200,xgb-v1.0,2025-12-28T10:00:00,hist-v1-202512,30d
FC-0003269,FPS-0435,2026-03,RICE,220,196,207,xgb-v1.0,2025-12-28T10:00:00,hist-v1-202512,30d
FC-0003270,FPS-0435,2026-03,WHEAT,200,199,194,xgb-v1.0,2025-12-28T10:00:00,hist-v1-202512,30d
FC-0003271,FPS-0436,2026-03,RICE,200,208,210,xgb-v1.0,2025-12-28T10:00:00,hist-v1-202512,30d
FC-0003272,FPS-0436,2026-03,WHEAT,180,179,186,xgb-v1.0,2025-12-28T10:00:00,hist-v1-202512,30d
FC-0003273,FPS-0437,2026-03,RICE,200,185,190,xgb-v1.0,2025-12-28T10:00:00,hist-v1-202512,30d
FC-0003274,FPS-0437,2026-03,WHEAT,200,177,185,xgb-v1.0,2025-12-28T10:00:00,hist-v1-202512,30d
FC-0003275,FPS-0438,2026-03,RICE,200,194,195,xgb-v1.0,2025-12-28T10:00:00,hist-v1-202512,30d
FC-0003276,FPS-0438,2026-03,WHEAT,200,184,190,xgb-v1.0,2025-12-28T10:00:00,hist-v1-202512,30d
FC-0003277,FPS-0439,2026-03,RICE,244,210,230,xgb-v1.0,2025-12-28T10:00:00,hist-v1-202512,30d
FC-0003278,FPS-0439,2026-03,WHEAT,200,191,202,xgb-v1.0,2025-12-28T10:00:00,hist-v1-202512,30d
FC-0003279,FPS-0440,2026-03,RICE,200,188,198,xgb-v1.0,2025-12-28T10:00:00,hist-v1-202512,30d
FC-0003280,FPS-0440,2026-03,WHEAT,200,180,189,xgb-v1.0,2025-12-28T10:00:00,hist-v1-202512,30d
FC-0003281,FPS-0441,2026-03,RICE,297,265,275,xgb-v1.0,2025-12-28T10:00:00,hist-v1-202512,30d
FC-0003282,FPS-0441,2026-03,WHEAT,224,214,195,xgb-v1.0,2025-12-28T10:00:00,hist-v1-202512,30d
FC-0003283,FPS-0442,2026-03,RICE,200,182,191,xgb-v1.0,2025-12-28T10:00:00,hist-v1-202512,30d
FC-0003284,FPS-0442,2026-03,WHEAT,200,185,196,xgb-v1.0,2025-12-28T10:00:00,hist-v1-202512,30d
FC-0003285,FPS-0443,2026-03,RICE,180,184,179,xgb-v1.0,2025-12-28T10:00:00,hist-v1-202512,30d
FC-0003286,FPS-0443,2026-03,WHEAT,200,185,191,xgb-v1.0,2025-12-28T10:00:00,hist-v1-202512,30d
FC-0003287,FPS-0444,2026-03,RICE,200,176,180,xgb-v1.0,2025-12-28T10:00:00,hist-v1-202512,30d
FC-0003288,FPS-0444,2026-03,WHEAT,200,207,194,xgb-v1.0,2025-12-28T10:00:00,hist-v1-202512,30d
FC-0003289,FPS-0445,2026-03,RICE,200,205,206,xgb-v1.0,2025-12-28T10:00:00,hist-v1-202512,30d
FC-0003290,FPS-0445,2026-03,WHEAT,200,199,206,xgb-v1.0,2025-12-28T10:00:00,hist-v1-202512,30d
FC-0003291,FPS-0446,2026-03,RICE,200,174,192,xgb-v1.0,2025-12-28T10:00:00,hist-v1-202512,30d
FC-0003292,FPS-0446,2026-03,WHEAT,200,173,182,xgb-v1.0,2025-12-28T10:00:00,hist-v1-202512,30d
FC-0003293,FPS-0447,2026-03,RICE,200,203,202,xgb-v1.0,2025-12-28T10:00:00,hist-v1-202512,30d
FC-0003294,FPS-0447,2026-03,WHEAT,200,185,194,xgb-v1.0,2025-12-28T10:00:00,hist-v1-202512,30d
FC-0003295,FPS-0448,2026-03,RICE,200,185,187,xgb-v1.0,2025-12-28T10:00:00,hist-v1-202512,30d
FC-0003296,FPS-0448,2026-03,WHEAT,200,180,185,xgb-v1.0,2025-12-28T10:00:00,hist-v1-202512,30d
FC-0003297,FPS-0449,2026-03,RICE,200,173,192,xgb-v1.0,2025-12-28T10:00:00,hist-v1-202512,30d
FC-0003298,FPS-0449,2026-03,WHEAT,200,189,192,xgb-v1.0,2025-12-28T10:00:00,hist-v1-202512,30d
FC-0003299,FPS-0450,2026-03,RICE,200,209,204,xgb-v1.0,2025-12-28T10:00:00,hist-v1-202512,30d
FC-0003300,FPS-0450,2026-03,WHEAT,200,187,196,xgb-v1.0,2025-12-28T10:00:00,hist-v1-202512,30d
FC-0003301,FPS-0451,2026-03,RICE,266,278,282,xgb-v1.0,2025-12-28T10:00:00,hist-v1-202512,30d
FC-0003302,FPS-0451,2026-03,WHEAT,200,197,200,xgb-v1.0,2025-12-28T10:00:00,hist-v1-202512,30d
FC-0003303,FPS-0452,2026-03,RICE,215,205,212,xgb-v1.0,2025-12-28T10:00:00,hist-v1-202512,30d
FC-0003304,FPS-0452,2026-03,WHEAT,200,180,182,xgb-v1.0,2025-12-28T10:00:00,hist-v1-202512,30d
FC-0003305,FPS-0453,2026-03,RICE,200,201,193,xgb-v1.0,2025-12-28T10:00:00,hist-v1-202512,30d
FC-0003306,FPS-0453,2026-03,WHEAT,200,201,198,xgb-v1.0,2025-12-28T10:00:00,hist-v1-202512,30d
FC-0003307,FPS-0454,2026-03,RICE,217,189,201,xgb-v1.0,2025-12-28T10:00:00,hist-v1-202512,30d
FC-0003308,FPS-0454,2026-03,WHEAT,200,175,181,xgb-v1.0,2025-12-28T10:00:00,hist-v1-202512,30d
FC-0003309,FPS-0455,2026-03,RICE,202,194,193,xgb-v1.0,2025-12-28T10:00:00,hist-v1-202512,30d
FC-0003310,FPS-0455,2026-03,WHEAT,180,174,178,xgb-v1.0,2025-12-28T10:00:00,hist-v1-202512,30d
FC-0003311,FPS-0456,2026-03,RICE,200,179,195,xgb-v1.0,2025-12-28T10:00:00,hist-v1-202512,30d
FC-0003312,FPS-0456,2026-03,WHEAT,180,165,166,xgb-v1.0,2025-12-28T10:00:00,hist-v1-202512,30d
FC-0003313,FPS-0457,2026-03,RICE,226,206,211,xgb-v1.0,2025-12-28T10:00:00,hist-v1-202512,30d
FC-0003314,FPS-0457,2026-03,WHEAT,200,190,200,xgb-v1.0,2025-12-28T10:00:00,hist-v1-202512,30d
FC-0003315,FPS-0458,2026-03,RICE,200,172,191,xgb-v1.0,2025-12-28T10:00:00,hist-v1-202512,30d
FC-0003316,FPS-0458,2026-03,WHEAT,200,208,209,xgb-v1.0,2025-12-28T10:00:00,hist-v1-202512,30d
FC-0003317,FPS-0459,2026-03,RICE,214,199,202,xgb-v1.0,2025-12-28T10:00:00,hist-v1-202512,30d
FC-0003318,FPS-0459,2026-03,WHEAT,200,184,194,xgb-v1.0,2025-12-28T10:00:00,hist-v1-202512,30d
FC-0003319,FPS-0460,2026-03,RICE,200,206,207,xgb-v1.0,2025-12-28T10:00:00,hist-v1-202512,30d
FC-0003320,FPS-0460,2026-03,WHEAT,180,157,166,xgb-v1.0,2025-12-28T10:00:00,hist-v1-202512,30d
FC-0003321,FPS-0461,2026-03,RICE,234,202,214,xgb-v1.0,2025-12-28T10:00:00,hist-v1-202512,30d
FC-0003322,FPS-0461,2026-03,WHEAT,200,197,200,xgb-v1.0,2025-12-28T10:00:00,hist-v1-202512,30d
FC-0003323,FPS-0462,2026-03,RICE,200,179,183,xgb-v1.0,2025-12-28T10:00:00,hist-v1-202512,30d
FC-0003324,FPS-0462,2026-03,WHEAT,200,195,194,xgb-v1.0,2025-12-28T10:00:00,hist-v1-202512,30d
FC-0003325,FPS-0463,2026-03,RICE,262,263,259,xgb-v1.0,2025-12-28T10:00:00,hist-v1-202512,30d
FC-0003326,FPS-0463,2026-03,WHEAT,201,197,191,xgb-v1.0,2025-12-28T10:00:00,hist-v1-202512,30d
FC-0003327,FPS-0464,2026-03,RICE,204,177,194,xgb-v1.0,2025-12-28T10:00:00,hist-v1-202512,30d
FC-0003328,FPS-0464,2026-03,WHEAT,200,181,187,xgb-v1.0,2025-12-28T10:00:00,hist-v1-202512,30d
FC-0003329,FPS-0465,2026-03,RICE,200,183,189,xgb-v1.0,2025-12-28T10:00:00,hist-v1-202512,30d
FC-0003330,FPS-0465,2026-03,WHEAT,200,170,177,xgb-v1.0,2025-12-28T10:00:00,hist-v1-202512,30d
FC-0003331,FPS-0466,2026-03,RICE,200,175,180,xgb-v1.0,2025-12-28T10:00:00,hist-v1-202512,30d
FC-0003332,FPS-0466,2026-03,WHEAT,200,191,202,xgb-v1.0,2025-12-28T10:00:00,hist-v1-202512,30d
FC-0003333,FPS-0467,2026-03,RICE,200,189,188,xgb-v1.0,2025-12-28T10:00:00,hist-v1-202512,30d
FC-0003334,FPS-0467,2026-03,WHEAT,200,202,205,xgb-v1.0,2025-12-28T10:00:00,hist-v1-202512,30d
FC-0003335,FPS-0468,2026-03,RICE,202,195,194,xgb-v1.0,2025-12-28T10:00:00,hist-v1-202512,30d
FC-0003336,FPS-0468,2026-03,WHEAT,200,197,198,xgb-v1.0,2025-12-28T10:00:00,hist-v1-202512,30d
FC-0003337,FPS-0469,2026-03,RICE,200,192,198,xgb-v1.0,2025-12-28T10:00:00,hist-v1-202512,30d
FC-0003338,FPS-0469,2026-03,WHEAT,200,195,190,xgb-v1.0,2025-12-28T10:00:00,hist-v1-202512,30d
FC-0003339,FPS-0470,2026-03,RICE,295,293,299,xgb-v1.0,2025-12-28T10:00:00,hist-v1-202512,30d
FC-0003340,FPS-0470,2026-03,WHEAT,211,205,204,xgb-v1.0,2025-12-28T10:00:00,hist-v1-202512,30d
FC-0003341,FPS-0471,2026-03,RICE,200,188,190,xgb-v1.0,2025-12-28T10:00:00,hist-v1-202512,30d
FC-0003342,FPS-0471,2026-03,WHEAT,180,154,164,xgb-v1.0,2025-12-28T10:00:00,hist-v1-202512,30d
FC-0003343,FPS-0472,2026-03,RICE,254,256,254,xgb-v1.0,2025-12-28T10:00:00,hist-v1-202512,30d
FC-0003344,FPS-0472,2026-03,WHEAT,200,182,185,xgb-v1.0,2025-12-28T10:00:00,hist-v1-202512,30d
FC-0003345,FPS-0473,2026-03,RICE,203,207,212,xgb-v1.0,2025-12-28T10:00:00,hist-v1-202512,30d
FC-0003346,FPS-0473,2026-03,WHEAT,200,199,191,xgb-v1.0,2025-12-28T10:00:00,hist-v1-202512,30d
FC-0003347,FPS-0474,2026-03,RICE,200,198,195,xgb-v1.0,2025-12-28T10:00:00,hist-v1-202512,30d
FC-0003348,FPS-0474,2026-03,WHEAT,200,175,184,xgb-v1.0,2025-12-28T10:00:00,hist-v1-202512,30d
FC-0003349,FPS-0475,2026-03,RICE,237,211,217,xgb-v1.0,2025-12-28T10:00:00,hist-v1-202512,30d
FC-0003350,FPS-0475,2026-03,WHEAT,180,181,176,xgb-v1.0,2025-12-28T10:00:00,hist-v1-202512,30d
FC-0003351,FPS-0476,2026-03,RICE,200,184,197,xgb-v1.0,2025-12-28T10:00:00,hist-v1-202512,30d
FC-0003352,FPS-0476,2026-03,WHEAT,200,201,202,xgb-v1.0,2025-12-28T10:00:00,hist-v1-202512,30d
FC-0003353,FPS-0477,2026-03,RICE,230,209,224,xgb-v1.0,2025-12-28T10:00:00,hist-v1-202512,30d
FC-0003354,FPS-0477,2026-03,WHEAT,200,201,204,xgb-v1.0,2025-12-28T10:00:00,hist-v1-202512,30d
FC-0003355,FPS-0478,2026-03,RICE,200,204,199,xgb-v1.0,2025-12-28T10:00:00,hist-v1-202512,30d
FC-0003356,FPS-0478,2026-03,WHEAT,200,193,202,xgb-v1.0,2025-12-28T10:00:00,hist-v1-202512,30d
FC-0003357,FPS-0479,2026-03,RICE,217,216,219,xgb-v1.0,2025-12-28T10:00:00,hist-v1-202512,30d
FC-0003358,FPS-0479,2026-03,WHEAT,200,177,180,xgb-v1.0,2025-12-28T10:00:00,hist-v1-202512,30d
FC-0003359,FPS-0480,2026-03,RICE,200,171,177,xgb-v1.0,2025-12-28T10:00:00,hist-v1-202512,30d
FC-0003360,FPS-0480,2026-03,WHEAT,200,186,190,xgb-v1.0,2025-12-28T10:00:00,hist-v1-202512,30d
FC-0003361,FPS-0481,2026-03,RICE,204,212,200,xgb-v1.0,2025-12-28T10:00:00,hist-v1-202512,30d
FC-0003362,FPS-0481,2026-03,WHEAT,200,192,199,xgb-v1.0,2025-12-28T10:00:00,hist-v1-202512,30d
FC-0003363,FPS-0482,2026-03,RICE,160,158,164,xgb-v1.0,2025-12-28T10:00:00,hist-v1-202512,30d
FC-0003364,FPS-0482,2026-03,WHEAT,200,201,208,xgb-v1.0,2025-12-28T10:00:00,hist-v1-202512,30d
FC-0003365,FPS-0483,2026-03,RICE,200,201,199,xgb-v1.0,2025-12-28T10:00:00,hist-v1-202512,30d
FC-0003366,FPS-0483,2026-03,WHEAT,200,196,197,xgb-v1.0,2025-12-28T10:00:00,hist-v1-202512,30d
FC-0003367,FPS-0484,2026-03,RICE,200,195,196,xgb-v1.0,2025-12-28T10:00:00,hist-v1-202512,30d
FC-0003368,FPS-0484,2026-03,WHEAT,200,204,202,xgb-v1.0,2025-12-28T10:00:00,hist-v1-202512,30d
FC-0003369,FPS-0485,2026-03,RICE,200,192,199,xgb-v1.0,2025-12-28T10:00:00,hist-v1-202512,30d
FC-0003370,FPS-0485,2026-03,WHEAT,200,201,198,xgb-v1.0,2025-12-28T10:00:00,hist-v1-202512,30d
FC-0003371,FPS-0486,2026-03,RICE,217,206,202,xgb-v1.0,2025-12-28T10:00:00,hist-v1-202512,30d
FC-0003372,FPS-0486,2026-03,WHEAT,200,198,201,xgb-v1.0,2025-12-28T10:00:00,hist-v1-202512,30d
FC-0003373,FPS-0487,2026-03,RICE,200,199,205,xgb-v1.0,2025-12-28T10:00:00,hist-v1-202512,30d
FC-0003374,FPS-0487,2026-03,WHEAT,200,200,201,xgb-v1.0,2025-12-28T10:00:00,hist-v1-202512,30d
FC-0003375,FPS-0488,2026-03,RICE,200,206,208,xgb-v1.0,2025-12-28T10:00:00,hist-v1-202512,30d
FC-0003376,FPS-0488,2026-03,WHEAT,200,188,191,xgb-v1.0,2025-12-28T10:00:00,hist-v1-202512,30d
FC-0003377,FPS-0489,2026-03,RICE,221,190,205,xgb-v1.0,2025-12-28T10:00:00,hist-v1-202512,30d
FC-0003378,FPS-0489,2026-03,WHEAT,200,189,206,xgb-v1.0,2025-12-28T10:00:00,hist-v1-202512,30d
FC-0003379,FPS-0490,2026-03,RICE,224,225,231,xgb-v1.0,2025-12-28T10:00:00,hist-v1-202512,30d
FC-0003380,FPS-0490,2026-03,WHEAT,200,190,198,xgb-v1.0,2025-12-28T10:00:00,hist-v1-202512,30d
FC-0003381,FPS-0491,2026-03,RICE,237,213,222,xgb-v1.0,2025-12-28T10:00:00,hist-v1-202512,30d
FC-0003382,FPS-0491,2026-03,WHEAT,200,204,198,xgb-v1.0,2025-12-28T10:00:00,hist-v1-202512,30d
FC-0003383,FPS-0492,2026-03,RICE,292,259,276,xgb-v1.0,2025-12-28T10:00:00,hist-v1-202512,30d
FC-0003384,FPS-0492,2026-03,WHEAT,217,226,219,xgb-v1.0,2025-12-28T10:00:00,hist-v1-202512,30d
FC-0003385,FPS-0493,2026-03,RICE,201,194,196,xgb-v1.0,2025-12-28T10:00:00,hist-v1-202512,30d
FC-0003386,FPS-0493,2026-03,WHEAT,200,198,215,xgb-v1.0,2025-12-28T10:00:00,hist-v1-202512,30d
FC-0003387,FPS-0494,2026-03,RICE,200,198,206,xgb-v1.0,2025-12-28T10:00:00,hist-v1-202512,30d
FC-0003388,FPS-0494,2026-03,WHEAT,200,176,191,xgb-v1.0,2025-12-28T10:00:00,hist-v1-202512,30d
FC-0003389,FPS-0495,2026-03,RICE,200,175,184,xgb-v1.0,2025-12-28T10:00:00,hist-v1-202512,30d
FC-0003390,FPS-0495,2026-03,WHEAT,200,179,181,xgb-v1.0,2025-12-28T10:00:00,hist-v1-202512,30d
FC-0003391,FPS-0496,2026-03,RICE,200,191,187,xgb-v1.0,2025-12-28T10:00:00,hist-v1-202512,30d
FC-0003392,FPS-0496,2026-03,WHEAT,200,194,197,xgb-v1.0,2025-12-28T10:00:00,hist-v1-202512,30d
FC-0003393,FPS-0497,2026-03,RICE,214,201,213,xgb-v1.0,2025-12-28T10:00:00,hist-v1-202512,30d
FC-0003394,FPS-0497,2026-03,WHEAT,180,177,174,xgb-v1.0,2025-12-28T10:00:00,hist-v1-202512,30d
FC-0003395,FPS-0498,2026-03,RICE,221,220,211,xgb-v1.0,2025-12-28T10:00:00,hist-v1-202512,30d
FC-0003396,FPS-0498,2026-03,WHEAT,200,170,176,xgb-v1.0,2025-12-28T10:00:00,hist-v1-202512,30d
FC-0003397,FPS-0499,2026-03,RICE,277,251,267,xgb-v1.0,2025-12-28T10:00:00,hist-v1-202512,30d
FC-0003398,FPS-0499,2026-03,WHEAT,200,202,199,xgb-v1.0,2025-12-28T10:00:00,hist-v1-202512,30d
FC-0003399,FPS-0500,2026-03,RICE,200,196,202,xgb-v1.0,2025-12-28T10:00:00,hist-v1-202512,30d
FC-0003400,FPS-0500,2026-03,WHEAT,200,192,197,xgb-v1.0,2025-12-28T10:00:00,hist-v1-202512,30d
FC-0003401,FPS-0501,2026-03,RICE,180,184,175,xgb-v1.0,2025-12-28T10:00:00,hist-v1-202512,30d
FC-0003402,FPS-0501,2026-03,WHEAT,200,195,197,xgb-v1.0,2025-12-28T10:00:00,hist-v1-202512,30d
FC-0003403,FPS-0502,2026-03,RICE,239,235,245,xgb-v1.0,2025-12-28T10:00:00,hist-v1-202512,30d
FC-0003404,FPS-0502,2026-03,WHEAT,200,171,178,xgb-v1.0,2025-12-28T10:00:00,hist-v1-202512,30d
FC-0003405,FPS-0503,2026-03,RICE,228,217,215,xgb-v1.0,2025-12-28T10:00:00,hist-v1-202512,30d
FC-0003406,FPS-0503,2026-03,WHEAT,200,200,194,xgb-v1.0,2025-12-28T10:00:00,hist-v1-202512,30d
FC-0003407,FPS-0504,2026-03,RICE,200,180,186,xgb-v1.0,2025-12-28T10:00:00,hist-v1-202512,30d
FC-0003408,FPS-0504,2026-03,WHEAT,180,174,179,xgb-v1.0,2025-12-28T10:00:00,hist-v1-202512,30d
FC-0003409,FPS-0505,2026-03,RICE,201,171,190,xgb-v1.0,2025-12-28T10:00:00,hist-v1-202512,30d
FC-0003410,FPS-0505,2026-03,WHEAT,200,184,192,xgb-v1.0,2025-12-28T10:00:00,hist-v1-202512,30d
FC-0003411,FPS-0506,2026-03,RICE,200,179,185,xgb-v1.0,2025-12-28T10:00:00,hist-v1-202512,30d
FC-0003412,FPS-0506,2026-03,WHEAT,200,195,199,xgb-v1.0,2025-12-28T10:00:00,hist-v1-202512,30d
FC-0003413,FPS-0507,2026-03,RICE,200,198,202,xgb-v1.0,2025-12-28T10:00:00,hist-v1-202512,30d
FC-0003414,FPS-0507,2026-03,WHEAT,200,178,189,xgb-v1.0,2025-12-28T10:00:00,hist-v1-202512,30d
FC-0003415,FPS-0508,2026-03,RICE,250,255,245,xgb-v1.0,2025-12-28T10:00:00,hist-v1-202512,30d
FC-0003416,FPS-0508,2026-03,WHEAT,200,191,188,xgb-v1.0,2025-12-28T10:00:00,hist-v1-202512,30d
FC-0003417,FPS-0509,2026-03,RICE,204,180,192,xgb-v1.0,2025-12-28T10:00:00,hist-v1-202512,30d
FC-0003418,FPS-0509,2026-03,WHEAT,200,172,179,xgb-v1.0,2025-12-28T10:00:00,hist-v1-202512,30d
FC-0003419,FPS-0510,2026-03,RICE,200,199,191,xgb-v1.0,2025-12-28T10:00:00,hist-v1-202512,30d
FC-0003420,FPS-0510,2026-03,WHEAT,200,171,185,xgb-v1.0,2025-12-28T10:00:00,hist-v1-202512,30d
FC-0003421,FPS-0511,2026-03,RICE,200,170,179,xgb-v1.0,2025-12-28T10:00:00,hist-v1-202512,30d
FC-0003422,FPS-0511,2026-03,WHEAT,200,201,193,xgb-v1.0,2025-12-28T10:00:00,hist-v1-202512,30d
FC-0003423,FPS-0512,2026-03,RICE,180,185,177,xgb-v1.0,2025-12-28T10:00:00,hist-v1-202512,30d
FC-0003424,FPS-0512,2026-03,WHEAT,200,205,179,xgb-v1.0,2025-12-28T10:00:00,hist-v1-202512,30d
FC-0003425,FPS-0513,2026-03,RICE,200,188,187,xgb-v1.0,2025-12-28T10:00:00,hist-v1-202512,30d
FC-0003426,FPS-0513,2026-03,WHEAT,200,191,189,xgb-v1.0,2025-12-28T10:00:00,hist-v1-202512,30d
FC-0003427,FPS-0514,2026-03,RICE,200,193,198,xgb-v1.0,2025-12-28T10:00:00,hist-v1-202512,30d
FC-0003428,FPS-0514,2026-03,WHEAT,200,183,197,xgb-v1.0,2025-12-28T10:00:00,hist-v1-202512,30d
FC-0003429,FPS-0515,2026-03,RICE,200,204,201,xgb-v1.0,2025-12-28T10:00:00,hist-v1-202512,30d
FC-0003430,FPS-0515,2026-03,WHEAT,200,202,194,xgb-v1.0,2025-12-28T10:00:00,hist-v1-202512,30d
FC-0003431,FPS-0516,2026-03,RICE,200,204,196,xgb-v1.0,2025-12-28T10:00:00,hist-v1-202512,30d
FC-0003432,FPS-0516,2026-03,WHEAT,200,173,185,xgb-v1.0,2025-12-28T10:00:00,hist-v1-202512,30d
FC-0003433,FPS-0517,2026-03,RICE,200,182,191,xgb-v1.0,2025-12-28T10:00:00,hist-v1-202512,30d
FC-0003434,FPS-0517,2026-03,WHEAT,200,185,198,xgb-v1.0,2025-12-28T10:00:00,hist-v1-202512,30d
FC-0003435,FPS-0518,2026-03,RICE,200,202,203,xgb-v1.0,2025-12-28T10:00:00,hist-v1-202512,30d
FC-0003436,FPS-0518,2026-03,WHEAT,200,202,199,xgb-v1.0,2025-12-28T10:00:00,hist-v1-202512,30d
FC-0003437,FPS-0519,2026-03,RICE,201,171,178,xgb-v1.0,2025-12-28T10:00:00,hist-v1-202512,30d
FC-0003438,FPS-0519,2026-03,WHEAT,200,188,197,xgb-v1.0,2025-12-28T10:00:00,hist-v1-202512,30d
FC-0003439,FPS-0520,2026-03,RICE,200,183,190,xgb-v1.0,2025-12-28T10:00:00,hist-v1-202512,30d
FC-0003440,FPS-0520,2026-03,WHEAT,200,173,181,xgb-v1.0,2025-12-28T10:00:00,hist-v1-202512,30d
FC-0003441,FPS-0521,2026-03,RICE,235,226,230,xgb-v1.0,2025-12-28T10:00:00,hist-v1-202512,30d
FC-0003442,FPS-0521,2026-03,WHEAT,200,194,195,xgb-v1.0,2025-12-28T10:00:00,hist-v1-202512,30d
FC-0003443,FPS-0522,2026-03,RICE,239,235,233,xgb-v1.0,2025-12-28T10:00:00,hist-v1-202512,30d
FC-0003444,FPS-0522,2026-03,WHEAT,200,198,206,xgb-v1.0,2025-12-28T10:00:00,hist-v1-202512,30d
FC-0003445,FPS-0523,2026-03,RICE,215,215,209,xgb-v1.0,2025-12-28T10:00:00,hist-v1-202512,30d
FC-0003446,FPS-0523,2026-03,WHEAT,200,201,192,xgb-v1.0,2025-12-28T10:00:00,hist-v1-202512,30d
FC-0003447,FPS-0524,2026-03,RICE,200,195,193,xgb-v1.0,2025-12-28T10:00:00,hist-v1-202512,30d
FC-0003448,FPS-0524,2026-03,WHEAT,200,176,191,xgb-v1.0,2025-12-28T10:00:00,hist-v1-202512,30d
FC-0003449,FPS-0525,2026-03,RICE,200,206,205,xgb-v1.0,2025-12-28T10:00:00,hist-v1-202512,30d
FC-0003450,FPS-0525,2026-03,WHEAT,200,189,188,xgb-v1.0,2025-12-28T10:00:00,hist-v1-202512,30d
FC-0003451,FPS-0526,2026-03,RICE,205,190,193,xgb-v1.0,2025-12-28T10:00:00,hist-v1-202512,30d
FC-0003452,FPS-0526,2026-03,WHEAT,200,205,197,xgb-v1.0,2025-12-28T10:00:00,hist-v1-202512,30d
FC-0003453,FPS-0527,2026-03,RICE,200,204,199,xgb-v1.0,2025-12-28T10:00:00,hist-v1-202512,30d
FC-0003454,FPS-0527,2026-03,WHEAT,200,190,194,xgb-v1.0,2025-12-28T10:00:00,hist-v1-202512,30d
FC-0003455,FPS-0528,2026-03,RICE,206,192,202,xgb-v1.0,2025-12-28T10:00:00,hist-v1-202512,30d
FC-0003456,FPS-0528,2026-03,WHEAT,200,184,196,xgb-v1.0,2025-12-28T10:00:00,hist-v1-202512,30d
FC-0003457,FPS-0529,2026-03,RICE,279,269,268,xgb-v1.0,2025-12-28T10:00:00,hist-v1-202512,30d
FC-0003458,FPS-0529,2026-03,WHEAT,205,175,185,xgb-v1.0,2025-12-28T10:00:00,hist-v1-202512,30d
FC-0003459,FPS-0530,2026-03,RICE,204,186,192,xgb-v1.0,2025-12-28T10:00:00,hist-v1-202512,30d
FC-0003460,FPS-0530,2026-03,WHEAT,200,196,194,xgb-v1.0,2025-12-28T10:00:00,hist-v1-202512,30d
FC-0003461,FPS-0531,2026-03,RICE,200,199,207,xgb-v1.0,2025-12-28T10:00:00,hist-v1-202512,30d
FC-0003462,FPS-0531,2026-03,WHEAT,200,207,208,xgb-v1.0,2025-12-28T10:00:00,hist-v1-202512,30d
FC-0003463,FPS-0532,2026-03,RICE,200,170,180,xgb-v1.0,2025-12-28T10:00:00,hist-v1-202512,30d
FC-0003464,FPS-0532,2026-03,WHEAT,200,190,188,xgb-v1.0,2025-12-28T10:00:00,hist-v1-202512,30d
FC-0003465,FPS-0533,2026-03,RICE,229,225,224,xgb-v1.0,2025-12-28T10:00:00,hist-v1-202512,30d
FC-0003466,FPS-0533,2026-03,WHEAT,200,184,198,xgb-v1.0,2025-12-28T10:00:00,hist-v1-202512,30d
FC-0003467,FPS-0534,2026-03,RICE,200,192,193,xgb-v1.0,2025-12-28T10:00:00,hist-v1-202512,30d
FC-0003468,FPS-0534,2026-03,WHEAT,200,205,199,xgb-v1.0,2025-12-28T10:00:00,hist-v1-202512,30d
FC-0003469,FPS-0535,2026-03,RICE,210,187,196,xgb-v1.0,2025-12-28T10:00:00,hist-v1-202512,30d
FC-0003470,FPS-0535,2026-03,WHEAT,200,185,187,xgb-v1.0,2025-12-28T10:00:00,hist-v1-202512,30d
FC-0003471,FPS-0536,2026-03,RICE,180,169,168,xgb-v1.0,2025-12-28T10:00:00,hist-v1-202512,30d
FC-0003472,FPS-0536,2026-03,WHEAT,200,182,189,xgb-v1.0,2025-12-28T10:00:00,hist-v1-202512,30d
FC-0003473,FPS-0537,2026-03,RICE,200,192,195,xgb-v1.0,2025-12-28T10:00:00,hist-v1-202512,30d
FC-0003474,FPS-0537,2026-03,WHEAT,200,206,202,xgb-v1.0,2025-12-28T10:00:00,hist-v1-202512,30d
FC-0003475,FPS-0538,2026-03,RICE,200,192,191,xgb-v1.0,2025-12-28T10:00:00,hist-v1-202512,30d
FC-0003476,FPS-0538,2026-03,WHEAT,200,198,205,xgb-v1.0,2025-12-28T10:00:00,hist-v1-202512,30d
FC-0003477,FPS-0539,2026-03,RICE,210,179,194,xgb-v1.0,2025-12-28T10:00:00,hist-v1-202512,30d
FC-0003478,FPS-0539,2026-03,WHEAT,200,189,191,xgb-v1.0,2025-12-28T10:00:00,hist-v1-202512,30d
FC-0003479,FPS-0540,2026-03,RICE,200,173,179,xgb-v1.0,2025-12-28T10:00:00,hist-v1-202512,30d
FC-0003480,FPS-0540,2026-03,WHEAT,200,193,202,xgb-v1.0,2025-12-28T10:00:00,hist-v1-202512,30d
FC-0003481,FPS-0541,2026-03,RICE,200,182,189,xgb-v1.0,2025-12-28T10:00:00,hist-v1-202512,30d
FC-0003482,FPS-0541,2026-03,WHEAT,200,194,192,xgb-v1.0,2025-12-28T10:00:00,hist-v1-202512,30d
FC-0003483,FPS-0542,2026-03,RICE,200,191,190,xgb-v1.0,2025-12-28T10:00:00,hist-v1-202512,30d
FC-0003484,FPS-0542,2026-03,WHEAT,200,202,193,xgb-v1.0,2025-12-28T10:00:00,hist-v1-202512,30d
FC-0003485,FPS-0543,2026-03,RICE,200,209,212,xgb-v1.0,2025-12-28T10:00:00,hist-v1-202512,30d
FC-0003486,FPS-0543,2026-03,WHEAT,200,202,208,xgb-v1.0,2025-12-28T10:00:00,hist-v1-202512,30d
FC-0003487,FPS-0544,2026-03,RICE,200,175,191,xgb-v1.0,2025-12-28T10:00:00,hist-v1-202512,30d
FC-0003488,FPS-0544,2026-03,WHEAT,200,184,192,xgb-v1.0,2025-12-28T10:00:00,hist-v1-202512,30d
FC-0003489,FPS-0545,2026-03,RICE,200,202,208,xgb-v1.0,2025-12-28T10:00:00,hist-v1-202512,30d
FC-0003490,FPS-0545,2026-03,WHEAT,200,173,184,xgb-v1.0,2025-12-28T10:00:00,hist-v1-202512,30d
FC-0003491,FPS-0546,2026-03,RICE,268,277,264,xgb-v1.0,2025-12-28T10:00:00,hist-v1-202512,30d
FC-0003492,FPS-0546,2026-03,WHEAT,200,202,195,xgb-v1.0,2025-12-28T10:00:00,hist-v1-202512,30d
FC-0003493,FPS-0547,2026-03,RICE,200,171,187,xgb-v1.0,2025-12-28T10:00:00,hist-v1-202512,30d
FC-0003494,FPS-0547,2026-03,WHEAT,200,188,192,xgb-v1.0,2025-12-28T10:00:00,hist-v1-202512,30d
FC-0003495,FPS-0548,2026-03,RICE,200,190,200,xgb-v1.0,2025-12-28T10:00:00,hist-v1-202512,30d
FC-0003496,FPS-0548,2026-03,WHEAT,200,208,210,xgb-v1.0,2025-12-28T10:00:00,hist-v1-202512,30d
FC-0003497,FPS-0549,2026-03,RICE,241,215,232,xgb-v1.0,2025-12-28T10:00:00,hist-v1-202512,30d
FC-0003498,FPS-0549,2026-03,WHEAT,200,187,188,xgb-v1.0,2025-12-28T10:00:00,hist-v1-202512,30d
FC-0003499,FPS-0550,2026-03,RICE,200,181,189,xgb-v1.0,2025-12-28T10:00:00,hist-v1-202512,30d
FC-0003500,FPS-0550,2026-03,WHEAT,180,154,162,xgb-v1.0,2025-12-28T10:00:00,hist-v1-202512,30d
FC-0003501,FPS-0551,2026-03,RICE,200,201,194,xgb-v1.0,2025-12-28T10:00:00,hist-v1-202512,30d
FC-0003502,FPS-0551,2026-03,WHEAT,200,180,181,xgb-v1.0,2025-12-28T10:00:00,hist-v1-202512,30d
FC-0003503,FPS-0552,2026-03,RICE,200,171,187,xgb-v1.0,2025-12-28T10:00:00,hist-v1-202512,30d
FC-0003504,FPS-0552,2026-03,WHEAT,200,197,194,xgb-v1.0,2025-12-28T10:00:00,hist-v1-202512,30d
FC-0003505,FPS-0553,2026-03,RICE,275,249,255,xgb-v1.0,2025-12-28T10:00:00,hist-v1-202512,30d
FC-0003506,FPS-0553,2026-03,WHEAT,204,184,194,xgb-v1.0,2025-12-28T10:00:00,hist-v1-202512,30d
FC-0003507,FPS-0554,2026-03,RICE,200,183,184,xgb-v1.0,2025-12-28T10:00:00,hist-v1-202512,30d
FC-0003508,FPS-0554,2026-03,WHEAT,200,193,195,xgb-v1.0,2025-12-28T10:00:00,hist-v1-202512,30d
FC-0003509,FPS-0555,2026-03,RICE,264,270,281,xgb-v1.0,2025-12-28T10:00:00,hist-v1-202512,30d
FC-0003510,FPS-0555,2026-03,WHEAT,202,187,194,xgb-v1.0,2025-12-28T10:00:00,hist-v1-202512,30d
FC-0003511,FPS-0556,2026-03,RICE,231,197,208,xgb-v1.0,2025-12-28T10:00:00,hist-v1-202512,30d
FC-0003512,FPS-0556,2026-03,WHEAT,200,180,191,xgb-v1.0,2025-12-28T10:00:00,hist-v1-202512,30d
FC-0003513,FPS-0557,2026-03,RICE,229,208,213,xgb-v1.0,2025-12-28T10:00:00,hist-v1-202512,30d
FC-0003514,FPS-0557,2026-03,WHEAT,200,209,197,xgb-v1.0,2025-12-28T10:00:00,hist-v1-202512,30d
FC-0003515,FPS-0558,2026-03,RICE,295,269,273,xgb-v1.0,2025-12-28T10:00:00,hist-v1-202512,30d
FC-0003516,FPS-0558,2026-03,WHEAT,210,188,203,xgb-v1.0,2025-12-28T10:00:00,hist-v1-202512,30d
FC-0003517,FPS-0559,2026-03,RICE,160,154,153,xgb-v1.0,2025-12-28T10:00:00,hist-v1-202512,30d
FC-0003518,FPS-0559,2026-03,WHEAT,180,185,180,xgb-v1.0,2025-12-28T10:00:00,hist-v1-202512,30d
FC-0003519,FPS-0560,2026-03,RICE,262,232,246,xgb-v1.0,2025-12-28T10:00:00,hist-v1-202512,30d
FC-0003520,FPS-0560,2026-03,WHEAT,204,205,197,xgb-v1.0,2025-12-28T10:00:00,hist-v1-202512,30d
FC-0003521,FPS-0561,2026-03,RICE,200,205,208,xgb-v1.0,2025-12-28T10:00:00,hist-v1-202512,30d
FC-0003522,FPS-0561,2026-03,WHEAT,200,190,168,xgb-v1.0,2025-12-28T10:00:00,hist-v1-202512,30d
FC-0003523,FPS-0562,2026-03,RICE,270,278,267,xgb-v1.0,2025-12-28T10:00:00,hist-v1-202512,30d
FC-0003524,FPS-0562,2026-03,WHEAT,204,188,199,xgb-v1.0,2025-12-28T10:00:00,hist-v1-202512,30d
FC-0003525,FPS-0563,2026-03,RICE,341,356,355,xgb-v1.0,2025-12-28T10:00:00,hist-v1-202512,30d
FC-0003526,FPS-0563,2026-03,WHEAT,243,249,252,xgb-v1.0,2025-12-28T10:00:00,hist-v1-202512,30d
FC-0003527,FPS-0564,2026-03,RICE,200,199,194,xgb-v1.0,2025-12-28T10:00:00,hist-v1-202512,30d
FC-0003528,FPS-0564,2026-03,WHEAT,200,185,194,xgb-v1.0,2025-12-28T10:00:00,hist-v1-202512,30d
FC-0003529,FPS-0565,2026-03,RICE,202,209,203,xgb-v1.0,2025-12-28T10:00:00,hist-v1-202512,30d
FC-0003530,FPS-0565,2026-03,WHEAT,200,190,194,xgb-v1.0,2025-12-28T10:00:00,hist-v1-202512,30d
FC-0003531,FPS-0566,2026-03,RICE,200,170,179,xgb-v1.0,2025-12-28T10:00:00,hist-v1-202512,30d
FC-0003532,FPS-0566,2026-03,WHEAT,200,177,183,xgb-v1.0,2025-12-28T10:00:00,hist-v1-202512,30d
FC-0003533,FPS-0567,2026-03,RICE,200,184,196,xgb-v1.0,2025-12-28T10:00:00,hist-v1-202512,30d
FC-0003534,FPS-0567,2026-03,WHEAT,200,194,202,xgb-v1.0,2025-12-28T10:00:00,hist-v1-202512,30d
FC-0003535,FPS-0568,2026-03,RICE,289,258,276,xgb-v1.0,2025-12-28T10:00:00,hist-v1-202512,30d
FC-0003536,FPS-0568,2026-03,WHEAT,200,177,191,xgb-v1.0,2025-12-28T10:00:00,hist-v1-202512,30d
FC-0003537,FPS-0569,2026-03,RICE,255,217,226,xgb-v1.0,2025-12-28T10:00:00,hist-v1-202512,30d
FC-0003538,FPS-0569,2026-03,WHEAT,180,182,178,xgb-v1.0,2025-12-28T10:00:00,hist-v1-202512,30d
FC-0003539,FPS-0570,2026-03,RICE,200,192,196,xgb-v1.0,2025-12-28T10:00:00,hist-v1-202512,30d
FC-0003540,FPS-0570,2026-03,WHEAT,200,192,203,xgb-v1.0,2025-12-28T10:00:00,hist-v1-202512,30d
FC-0003541,FPS-0571,2026-03,RICE,200,179,195,xgb-v1.0,2025-12-28T10:00:00,hist-v1-202512,30d
FC-0003542,FPS-0571,2026-03,WHEAT,200,190,195,xgb-v1.0,2025-12-28T10:00:00,hist-v1-202512,30d
FC-0003543,FPS-0572,2026-03,RICE,277,241,251,xgb-v1.0,2025-12-28T10:00:00,hist-v1-202512,30d
FC-0003544,FPS-0572,2026-03,WHEAT,201,206,200,xgb-v1.0,2025-12-28T10:00:00,hist-v1-202512,30d
FC-0003545,FPS-0573,2026-03,RICE,200,176,184,xgb-v1.0,2025-12-28T10:00:00,hist-v1-202512,30d
FC-0003546,FPS-0573,2026-03,WHEAT,200,207,210,xgb-v1.0,2025-12-28T10:00:00,hist-v1-202512,30d
FC-0003547,FPS-0574,2026-03,RICE,227,210,209,xgb-v1.0,2025-12-28T10:00:00,hist-v1-202512,30d
FC-0003548,FPS-0574,2026-03,WHEAT,200,188,200,xgb-v1.0,2025-12-28T10:00:00,hist-v1-202512,30d
FC-0003549,FPS-0575,2026-03,RICE,271,251,260,xgb-v1.0,2025-12-28T10:00:00,hist-v1-202512,30d
FC-0003550,FPS-0575,2026-03,WHEAT,221,220,219,xgb-v1.0,2025-12-28T10:00:00,hist-v1-202512,30d
FC-0003551,FPS-0576,2026-03,RICE,200,193,203,xgb-v1.0,2025-12-28T10:00:00,hist-v1-202512,30d
FC-0003552,FPS-0576,2026-03,WHEAT,200,195,198,xgb-v1.0,2025-12-28T10:00:00,hist-v1-202512,30d
FC-0003553,FPS-0577,2026-03,RICE,200,183,194,xgb-v1.0,2025-12-28T10:00:00,hist-v1-202512,30d
FC-0003554,FPS-0577,2026-03,WHEAT,200,205,204,xgb-v1.0,2025-12-28T10:00:00,hist-v1-202512,30d
FC-0003555,FPS-0578,2026-03,RICE,200,185,190,xgb-v1.0,2025-12-28T10:00:00,hist-v1-202512,30d
FC-0003556,FPS-0578,2026-03,WHEAT,200,193,190,xgb-v1.0,2025-12-28T10:00:00,hist-v1-202512,30d
FC-0003557,FPS-0579,2026-03,RICE,200,201,202,xgb-v1.0,2025-12-28T10:00:00,hist-v1-202512,30d
FC-0003558,FPS-0579,2026-03,WHEAT,200,195,189,xgb-v1.0,2025-12-28T10:00:00,hist-v1-202512,30d
FC-0003559,FPS-0580,2026-03,RICE,246,217,234,xgb-v1.0,2025-12-28T10:00:00,hist-v1-202512,30d
FC-0003560,FPS-0580,2026-03,WHEAT,180,158,162,xgb-v1.0,2025-12-28T10:00:00,hist-v1-202512,30d
FC-0003561,FPS-0581,2026-03,RICE,204,213,204,xgb-v1.0,2025-12-28T10:00:00,hist-v1-202512,30d
FC-0003562,FPS-0581,2026-03,WHEAT,200,186,194,xgb-v1.0,2025-12-28T10:00:00,hist-v1-202512,30d
FC-0003563,FPS-0582,2026-03,RICE,200,191,189,xgb-v1.0,2025-12-28T10:00:00,hist-v1-202512,30d
FC-0003564,FPS-0582,2026-03,WHEAT,200,207,201,xgb-v1.0,2025-12-28T10:00:00,hist-v1-202512,30d
FC-0003565,FPS-0583,2026-03,RICE,200,176,186,xgb-v1.0,2025-12-28T10:00:00,hist-v1-202512,30d
FC-0003566,FPS-0583,2026-03,WHEAT,200,177,183,xgb-v1.0,2025-12-28T10:00:00,hist-v1-202512,30d
FC-0003567,FPS-0584,2026-03,RICE,200,199,200,xgb-v1.0,2025-12-28T10:00:00,hist-v1-202512,30d
FC-0003568,FPS-0584,2026-03,WHEAT,200,184,186,xgb-v1.0,2025-12-28T10:00:00,hist-v1-202512,30d
FC-0003569,FPS-0585,2026-03,RICE,200,190,196,xgb-v1.0,2025-12-28T10:00:00,hist-v1-202512,30d
FC-0003570,FPS-0585,2026-03,WHEAT,200,186,192,xgb-v1.0,2025-12-28T10:00:00,hist-v1-202512,30d
FC-0003571,FPS-0586,2026-03,RICE,200,205,210,xgb-v1.0,2025-12-28T10:00:00,hist-v1-202512,30d
FC-0003572,FPS-0586,2026-03,WHEAT,200,172,191,xgb-v1.0,2025-12-28T10:00:00,hist-v1-202512,30d
FC-0003573,FPS-0587,2026-03,RICE,223,203,209,xgb-v1.0,2025-12-28T10:00:00,hist-v1-202512,30d
FC-0003574,FPS-0587,2026-03,WHEAT,200,180,183,xgb-v1.0,2025-12-28T10:00:00,hist-v1-202512,30d
FC-0003575,FPS-0588,2026-03,RICE,214,219,210,xgb-v1.0,2025-12-28T10:00:00,hist-v1-202512,30d
FC-0003576,FPS-0588,2026-03,WHEAT,200,197,199,xgb-v1.0,2025-12-28T10:00:00,hist-v1-202512,30d
FC-0003577,FPS-0589,2026-03,RICE,200,193,200,xgb-v1.0,2025-12-28T10:00:00,hist-v1-202512,30d
FC-0003578,FPS-0589,2026-03,WHEAT,200,206,205,xgb-v1.0,2025-12-28T10:00:00,hist-v1-202512,30d
FC-0003579,FPS-0590,2026-03,RICE,200,207,210,xgb-v1.0,2025-12-28T10:00:00,hist-v1-202512,30d
FC-0003580,FPS-0590,2026-03,WHEAT,200,205,210,xgb-v1.0,2025-12-28T10:00:00,hist-v1-202512,30d
FC-0003581,FPS-0591,2026-03,RICE,200,187,191,xgb-v1.0,2025-12-28T10:00:00,hist-v1-202512,30d
FC-0003582,FPS-0591,2026-03,WHEAT,200,200,192,xgb-v1.0,2025-12-28T10:00:00,hist-v1-202512,30d
FC-0003583,FPS-0592,2026-03,RICE,208,192,196,xgb-v1.0,2025-12-28T10:00:00,hist-v1-202512,30d
FC-0003584,FPS-0592,2026-03,WHEAT,200,205,201,xgb-v1.0,2025-12-28T10:00:00,hist-v1-202512,30d
FC-0003585,FPS-0593,2026-03,RICE,305,288,299,xgb-v1.0,2025-12-28T10:00:00,hist-v1-202512,30d
FC-0003586,FPS-0593,2026-03,WHEAT,232,213,224,xgb-v1.0,2025-12-28T10:00:00,hist-v1-202512,30d
FC-0003587,FPS-0594,2026-03,RICE,206,194,198,xgb-v1.0,2025-12-28T10:00:00,hist-v1-202512,30d
FC-0003588,FPS-0594,2026-03,WHEAT,200,203,208,xgb-v1.0,2025-12-28T10:00:00,hist-v1-202512,30d
FC-0003589,FPS-0595,2026-03,RICE,180,173,178,xgb-v1.0,2025-12-28T10:00:00,hist-v1-202512,30d
FC-0003590,FPS-0595,2026-03,WHEAT,200,174,185,xgb-v1.0,2025-12-28T10:00:00,hist-v1-202512,30d
FC-0003591,FPS-0596,2026-03,RICE,200,179,180,xgb-v1.0,2025-12-28T10:00:00,hist-v1-202512,30d
FC-0003592,FPS-0596,2026-03,WHEAT,200,191,194,xgb-v1.0,2025-12-28T10:00:00,hist-v1-202512,30d
FC-0003593,FPS-0597,2026-03,RICE,415,433,441,xgb-v1.0,2025-12-28T10:00:00,hist-v1-202512,30d
FC-0003594,FPS-0597,2026-03,WHEAT,298,276,285,xgb-v1.0,2025-12-28T10:00:00,hist-v1-202512,30d
FC-0003595,FPS-0598,2026-03,RICE,231,214,217,xgb-v1.0,2025-12-28T10:00:00,hist-v1-202512,30d
FC-0003596,FPS-0598,2026-03,WHEAT,200,186,192,xgb-v1.0,2025-12-28T10:00:00,hist-v1-202512,30d
FC-0003597,FPS-0599,2026-03,RICE,200,193,203,xgb-v1.0,2025-12-28T10:00:00,hist-v1-202512,30d
FC-0003598,FPS-0599,2026-03,WHEAT,200,198,197,xgb-v1.0,2025-12-28T10:00:00,hist-v1-202512,30d
FC-0003599,FPS-0600,2026-03,RICE,200,184,198,xgb-v1.0,2025-12-28T10:00:00,hist-v1-202512,30d
FC-0003600,FPS-0600,2026-03,WHEAT,200,202,175,xgb-v1.0,2025-12-28T10:00:00,hist-v1-202512,30d
