fps_id,cycle,commodity,demand_kg,beneficiary_count,season,month,year,previous_demand_kg,trend_factor,season_factor,stockout_flag
FPS-0001,2025-01,RICE,298,22,RABI,1,2025,278,0.002,1.0,0
FPS-0001,2025-01,WHEAT,215,22,RABI,1,2025,213,0.034,1.0,0
FPS-0002,2025-01,RICE,200,13,RABI,1,2025,205,-0.009,1.0,0
FPS-0002,2025-01,WHEAT,200,13,RABI,1,2025,201,0.077,1.0,0
FPS-0003,2025-01,RICE,301,25,RABI,1,2025,296,0.061,1.0,0
FPS-0003,2025-01,WHEAT,208,25,RABI,1,2025,200,0.016,1.0,0
FPS-0004,2025-01,RICE,200,13,RABI,1,2025,202,-0.0,1.0,0
FPS-0004,2025-01,WHEAT,200,13,RABI,1,2025,200,-0.006,1.0,0
FPS-0005,2025-01,RICE,222,18,RABI,1,2025,218,0.058,1.0,0
FPS-0005,2025-01,WHEAT,200,18,RABI,1,2025,184,-0.028,1.0,0
FPS-0006,2025-01,RICE,281,20,RABI,1,2025,289,-0.017,1.0,0
FPS-0006,2025-01,WHEAT,218,20,RABI,1,2025,218,0.027,1.0,0
FPS-0007,2025-01,RICE,200,11,RABI,1,2025,198,-0.004,1.0,0
FPS-0007,2025-01,WHEAT,200,11,RABI,1,2025,194,0.051,1.0,0
FPS-0008,2025-01,RICE,200,17,RABI,1,2025,200,-0.031,1.0,0
FPS-0008,2025-01,WHEAT,200,17,RABI,1,2025,186,-0.004,1.0,0
FPS-0009,2025-01,RICE,200,13,RABI,1,2025,196,0.034,1.0,0
FPS-0009,2025-01,WHEAT,200,13,RABI,1,2025,188,0.02,1.0,0
FPS-0010,2025-01,RICE,255,17,RABI,1,2025,237,0.062,1.0,0
FPS-0010,2025-01,WHEAT,200,17,RABI,1,2025,209,0.03,1.0,0
FPS-0011,2025-01,RICE,200,14,RABI,1,2025,186,0.041,1.0,0
FPS-0011,2025-01,WHEAT,200,14,RABI,1,2025,185,-0.033,1.0,0
FPS-0012,2025-01,RICE,253,20,RABI,1,2025,266,0.032,1.0,0
FPS-0012,2025-01,WHEAT,200,20,RABI,1,2025,185,-0.005,1.0,0
FPS-0013,2025-01,RICE,245,17,RABI,1,2025,258,0.002,1.0,0
FPS-0013,2025-01,WHEAT,200,17,RABI,1,2025,188,-0.049,1.0,0
FPS-0014,2025-01,RICE,200,11,RABI,1,2025,210,0.015,1.0,0
FPS-0014,2025-01,WHEAT,200,11,RABI,1,2025,203,0.014,1.0,0
FPS-0015,2025-01,RICE,200,14,RABI,1,2025,205,-0.024,1.0,0
FPS-0015,2025-01,WHEAT,200,14,RABI,1,2025,196,-0.022,1.0,0
FPS-0016,2025-01,RICE,210,20,RABI,1,2025,216,-0.048,1.0,0
FPS-0016,2025-01,WHEAT,200,20,RABI,1,2025,200,0.072,1.0,0
FPS-0017,2025-01,RICE,200,15,RABI,1,2025,211,0.074,1.0,0
FPS-0017,2025-01,WHEAT,200,15,RABI,1,2025,208,0.073,1.0,0
FPS-0018,2025-01,RICE,302,24,RABI,1,2025,314,0.002,1.0,0
FPS-0018,2025-01,WHEAT,213,24,RABI,1,2025,213,0.026,1.0,0
FPS-0019,2025-01,RICE,256,18,RABI,1,2025,265,0.052,1.0,0
FPS-0019,2025-01,WHEAT,200,18,RABI,1,2025,206,-0.01,1.0,0
FPS-0020,2025-01,RICE,200,15,RABI,1,2025,204,0.076,1.0,0
FPS-0020,2025-01,WHEAT,200,15,RABI,1,2025,205,0.046,1.0,0
FPS-0021,2025-01,RICE,301,26,RABI,1,2025,289,-0.033,1.0,0
FPS-0021,2025-01,WHEAT,239,26,RABI,1,2025,226,0.053,1.0,0
FPS-0022,2025-01,RICE,200,15,RABI,1,2025,192,-0.016,1.0,0
FPS-0022,2025-01,WHEAT,200,15,RABI,1,2025,205,0.016,1.0,0
FPS-0023,2025-01,RICE,200,16,RABI,1,2025,202,0.054,1.0,0
FPS-0023,2025-01,WHEAT,200,16,RABI,1,2025,196,0.059,1.0,0
FPS-0024,2025-01,RICE,201,18,RABI,1,2025,207,0.061,1.0,0
FPS-0024,2025-01,WHEAT,200,18,RABI,1,2025,184,0.078,1.0,0
FPS-0025,2025-01,RICE,285,19,RABI,1,2025,271,0.015,1.0,0
FPS-0025,2025-01,WHEAT,219,19,RABI,1,2025,211,0.052,1.0,0
FPS-0026,2025-01,RICE,200,16,RABI,1,2025,186,-0.009,1.0,0
FPS-0026,2025-01,WHEAT,200,16,RABI,1,2025,189,0.019,1.0,0
FPS-0027,2025-01,RICE,200,15,RABI,1,2025,203,-0.045,1.0,0
FPS-0027,2025-01,WHEAT,200,15,RABI,1,2025,205,0.066,1.0,0
FPS-0028,2025-01,RICE,200,12,RABI,1,2025,195,-0.016,1.0,0
FPS-0028,2025-01,WHEAT,200,12,RABI,1,2025,186,0.08,1.0,0
FPS-0029,2025-01,RICE,253,21,RABI,1,2025,233,0.024,1.0,0
FPS-0029,2025-01,WHEAT,200,21,RABI,1,2025,190,0.064,1.0,0
FPS-0030,2025-01,RICE,140,10,RABI,1,2025,201,-0.035,1.0,1
FPS-0030,2025-01,WHEAT,200,10,RABI,1,2025,208,-0.025,1.0,0
FPS-0031,2025-01,RICE,200,13,RABI,1,2025,207,0.019,1.0,0
FPS-0031,2025-01,WHEAT,200,13,RABI,1,2025,185,0.017,1.0,0
FPS-0032,2025-01,RICE,217,17,RABI,1,2025,206,0.063,1.0,0
FPS-0032,2025-01,WHEAT,200,17,RABI,1,2025,206,0.069,1.0,0
FPS-0033,2025-01,RICE,217,14,RABI,1,2025,204,-0.049,1.0,0
FPS-0033,2025-01,WHEAT,140,14,RABI,1,2025,200,0.046,1.0,1
FPS-0034,2025-01,RICE,235,18,RABI,1,2025,231,0.038,1.0,0
FPS-0034,2025-01,WHEAT,200,18,RABI,1,2025,211,0.037,1.0,0
FPS-0035,2025-01,RICE,246,18,RABI,1,2025,233,0.018,1.0,0
FPS-0035,2025-01,WHEAT,200,18,RABI,1,2025,185,-0.003,1.0,0
FPS-0036,2025-01,RICE,273,23,RABI,1,2025,266,0.049,1.0,0
FPS-0036,2025-01,WHEAT,200,23,RABI,1,2025,197,0.051,1.0,0
FPS-0037,2025-01,RICE,244,20,RABI,1,2025,242,0.014,1.0,0
FPS-0037,2025-01,WHEAT,200,20,RABI,1,2025,185,0.037,1.0,0
FPS-0038,2025-01,RICE,261,20,RABI,1,2025,263,0.012,1.0,0
FPS-0038,2025-01,WHEAT,200,20,RABI,1,2025,203,-0.017,1.0,0
FPS-0039,2025-01,RICE,224,20,RABI,1,2025,215,-0.024,1.0,0
FPS-0039,2025-01,WHEAT,200,20,RABI,1,2025,191,-0.047,1.0,0
FPS-0040,2025-01,RICE,200,12,RABI,1,2025,192,0.008,1.0,0
FPS-0040,2025-01,WHEAT,200,12,RABI,1,2025,194,0.059,1.0,0
FPS-0041,2025-01,RICE,140,13,RABI,1,2025,190,-0.004,1.0,1
FPS-0041,2025-01,WHEAT,200,13,RABI,1,2025,204,-0.041,1.0,0
FPS-0042,2025-01,RICE,200,18,RABI,1,2025,207,-0.034,1.0,0
FPS-0042,2025-01,WHEAT,200,18,RABI,1,2025,204,-0.006,1.0,0
FPS-0043,2025-01,RICE,140,17,RABI,1,2025,185,-0.023,1.0,1
FPS-0043,2025-01,WHEAT,200,17,RABI,1,2025,201,0.079,1.0,0
FPS-0044,2025-01,RICE,200,15,RABI,1,2025,191,0.012,1.0,0
FPS-0044,2025-01,WHEAT,200,15,RABI,1,2025,203,0.053,1.0,0
FPS-0045,2025-01,RICE,253,21,RABI,1,2025,257,0.021,1.0,0
FPS-0045,2025-01,WHEAT,200,21,RABI,1,2025,205,-0.022,1.0,0
FPS-0046,2025-01,RICE,200,13,RABI,1,2025,200,0.071,1.0,0
FPS-0046,2025-01,WHEAT,200,13,RABI,1,2025,191,-0.041,1.0,0
FPS-0047,2025-01,RICE,280,21,RABI,1,2025,267,0.048,1.0,0
FPS-0047,2025-01,WHEAT,200,21,RABI,1,2025,209,-0.04,1.0,0
FPS-0048,2025-01,RICE,200,12,RABI,1,2025,202,0.079,1.0,0
FPS-0048,2025-01,WHEAT,200,12,RABI,1,2025,192,-0.01,1.0,0
FPS-0049,2025-01,RICE,200,17,RABI,1,2025,202,-0.011,1.0,0
FPS-0049,2025-01,WHEAT,200,17,RABI,1,2025,192,-0.015,1.0,0
FPS-0050,2025-01,RICE,318,23,RABI,1,2025,319,0.051,1.0,0
FPS-0050,2025-01,WHEAT,208,23,RABI,1,2025,198,-0.028,1.0,0
FPS-0051,2025-01,RICE,214,19,RABI,1,2025,214,-0.022,1.0,0
FPS-0051,2025-01,WHEAT,200,19,RABI,1,2025,204,0.015,1.0,0
FPS-0052,2025-01,RICE,258,19,RABI,1,2025,241,0.009,1.0,0
FPS-0052,2025-01,WHEAT,200,19,RABI,1,2025,194,-0.015,1.0,0
FPS-0053,2025-01,RICE,200,17,RABI,1,2025,196,-0.024,1.0,0
FPS-0053,2025-01,WHEAT,200,17,RABI,1,2025,192,0.006,1.0,0
FPS-0054,2025-01,RICE,200,14,RABI,1,2025,205,-0.029,1.0,0
FPS-0054,2025-01,WHEAT,200,14,RABI,1,2025,208,0.021,1.0,0
FPS-0055,2025-01,RICE,170,20,RABI,1,2025,239,-0.029,1.0,1
FPS-0055,2025-01,WHEAT,200,20,RABI,1,2025,186,-0.002,1.0,0
FPS-0056,2025-01,RICE,204,19,RABI,1,2025,193,-0.033,1.0,0
FPS-0056,2025-01,WHEAT,200,19,RABI,1,2025,206,0.048,1.0,0
FPS-0057,2025-01,RICE,249,18,RABI,1,2025,236,0.065,1.0,0
FPS-0057,2025-01,WHEAT,200,18,RABI,1,2025,202,0.058,1.0,0
FPS-0058,2025-01,RICE,223,19,RABI,1,2025,226,-0.022,1.0,0
FPS-0058,2025-01,WHEAT,200,19,RABI,1,2025,210,-0.017,1.0,0
FPS-0059,2025-01,RICE,211,17,RABI,1,2025,212,-0.006,1.0,0
FPS-0059,2025-01,WHEAT,200,17,RABI,1,2025,184,0.079,1.0,0
FPS-0060,2025-01,RICE,253,22,RABI,1,2025,265,0.037,1.0,0
FPS-0060,2025-01,WHEAT,200,22,RABI,1,2025,186,0.019,1.0,0
FPS-0061,2025-01,RICE,200,15,RABI,1,2025,206,0.037,1.0,0
FPS-0061,2025-01,WHEAT,200,15,RABI,1,2025,203,0.019,1.0,0
FPS-0062,2025-01,RICE,200,12,RABI,1,2025,211,-0.047,1.0,0
FPS-0062,2025-01,WHEAT,200,12,RABI,1,2025,204,0.018,1.0,0
FPS-0063,2025-01,RICE,239,20,RABI,1,2025,233,-0.036,1.0,0
FPS-0063,2025-01,WHEAT,200,20,RABI,1,2025,198,0.019,1.0,0
FPS-0064,2025-01,RICE,200,15,RABI,1,2025,191,0.052,1.0,0
FPS-0064,2025-01,WHEAT,140,15,RABI,1,2025,204,0.02,1.0,1
FPS-0065,2025-01,RICE,200,16,RABI,1,2025,210,0.034,1.0,0
FPS-0065,2025-01,WHEAT,200,16,RABI,1,2025,192,-0.034,1.0,0
FPS-0066,2025-01,RICE,200,17,RABI,1,2025,195,-0.004,1.0,0
FPS-0066,2025-01,WHEAT,200,17,RABI,1,2025,196,0.015,1.0,0
FPS-0067,2025-01,RICE,200,13,RABI,1,2025,195,-0.044,1.0,0
FPS-0067,2025-01,WHEAT,200,13,RABI,1,2025,196,-0.018,1.0,0
FPS-0068,2025-01,RICE,210,20,RABI,1,2025,197,0.039,1.0,0
FPS-0068,2025-01,WHEAT,200,20,RABI,1,2025,190,0.066,1.0,0
FPS-0069,2025-01,RICE,200,16,RABI,1,2025,204,-0.028,1.0,0
FPS-0069,2025-01,WHEAT,200,16,RABI,1,2025,195,0.054,1.0,0
FPS-0070,2025-01,RICE,210,16,RABI,1,2025,213,0.048,1.0,0
FPS-0070,2025-01,WHEAT,200,16,RABI,1,2025,201,0.073,1.0,0
FPS-0071,2025-01,RICE,200,15,RABI,1,2025,196,0.061,1.0,0
FPS-0071,2025-01,WHEAT,200,15,RABI,1,2025,203,-0.047,1.0,0
FPS-0072,2025-01,RICE,275,22,RABI,1,2025,264,-0.022,1.0,0
FPS-0072,2025-01,WHEAT,218,22,RABI,1,2025,205,0.064,1.0,0
FPS-0073,2025-01,RICE,262,21,RABI,1,2025,267,0.06,1.0,0
FPS-0073,2025-01,WHEAT,200,21,RABI,1,2025,195,0.033,1.0,0
FPS-0074,2025-01,RICE,200,11,RABI,1,2025,185,0.076,1.0,0
FPS-0074,2025-01,WHEAT,200,11,RABI,1,2025,184,0.008,1.0,0
FPS-0075,2025-01,RICE,251,21,RABI,1,2025,251,0.073,1.0,0
FPS-0075,2025-01,WHEAT,200,21,RABI,1,2025,205,0.062,1.0,0
FPS-0076,2025-01,RICE,302,19,RABI,1,2025,316,0.079,1.0,0
FPS-0076,2025-01,WHEAT,211,19,RABI,1,2025,208,-0.015,1.0,0
FPS-0077,2025-01,RICE,200,15,RABI,1,2025,193,-0.046,1.0,0
FPS-0077,2025-01,WHEAT,200,15,RABI,1,2025,192,0.056,1.0,0
FPS-0078,2025-01,RICE,224,20,RABI,1,2025,225,0.005,1.0,0
FPS-0078,2025-01,WHEAT,200,20,RABI,1,2025,194,-0.04,1.0,0
FPS-0079,2025-01,RICE,200,11,RABI,1,2025,186,0.022,1.0,0
FPS-0079,2025-01,WHEAT,200,11,RABI,1,2025,207,-0.031,1.0,0
FPS-0080,2025-01,RICE,200,15,RABI,1,2025,196,0.017,1.0,0
FPS-0080,2025-01,WHEAT,200,15,RABI,1,2025,198,0.004,1.0,0
FPS-0081,2025-01,RICE,238,21,RABI,1,2025,229,0.006,1.0,0
FPS-0081,2025-01,WHEAT,200,21,RABI,1,2025,204,0.024,1.0,0
FPS-0082,2025-01,RICE,232,22,RABI,1,2025,222,-0.027,1.0,0
FPS-0082,2025-01,WHEAT,200,22,RABI,1,2025,188,0.075,1.0,0
FPS-0083,2025-01,RICE,252,18,RABI,1,2025,242,0.073,1.0,0
FPS-0083,2025-01,WHEAT,200,18,RABI,1,2025,209,0.07,1.0,0
FPS-0084,2025-01,RICE,285,20,RABI,1,2025,295,0.02,1.0,0
FPS-0084,2025-01,WHEAT,200,20,RABI,1,2025,192,-0.018,1.0,0
FPS-0085,2025-01,RICE,200,14,RABI,1,2025,208,0.045,1.0,0
FPS-0085,2025-01,WHEAT,200,14,RABI,1,2025,189,0.009,1.0,0
FPS-0086,2025-01,RICE,201,14,RABI,1,2025,208,0.04,1.0,0
FPS-0086,2025-01,WHEAT,200,14,RABI,1,2025,203,0.037,1.0,0
FPS-0087,2025-01,RICE,200,13,RABI,1,2025,194,0.007,1.0,0
FPS-0087,2025-01,WHEAT,200,13,RABI,1,2025,206,0.02,1.0,0
FPS-0088,2025-01,RICE,208,15,RABI,1,2025,197,0.072,1.0,0
FPS-0088,2025-01,WHEAT,200,15,RABI,1,2025,194,0.059,1.0,0
FPS-0089,2025-01,RICE,240,18,RABI,1,2025,234,0.069,1.0,0
FPS-0089,2025-01,WHEAT,200,18,RABI,1,2025,203,0.008,1.0,0
FPS-0090,2025-01,RICE,200,15,RABI,1,2025,204,-0.003,1.0,0
FPS-0090,2025-01,WHEAT,200,15,RABI,1,2025,210,-0.034,1.0,0
FPS-0091,2025-01,RICE,200,18,RABI,1,2025,201,-0.042,1.0,0
FPS-0091,2025-01,WHEAT,200,18,RABI,1,2025,205,-0.048,1.0,0
FPS-0092,2025-01,RICE,275,21,RABI,1,2025,264,-0.0,1.0,0
FPS-0092,2025-01,WHEAT,206,21,RABI,1,2025,197,0.069,1.0,0
FPS-0093,2025-01,RICE,294,24,RABI,1,2025,308,0.073,1.0,0
FPS-0093,2025-01,WHEAT,202,24,RABI,1,2025,206,0.019,1.0,0
FPS-0094,2025-01,RICE,277,19,RABI,1,2025,271,0.046,1.0,0
FPS-0094,2025-01,WHEAT,201,19,RABI,1,2025,207,0.078,1.0,0
FPS-0095,2025-01,RICE,309,26,RABI,1,2025,315,0.061,1.0,0
FPS-0095,2025-01,WHEAT,154,26,RABI,1,2025,229,0.047,1.0,1
FPS-0096,2025-01,RICE,200,13,RABI,1,2025,184,-0.002,1.0,0
FPS-0096,2025-01,WHEAT,200,13,RABI,1,2025,198,0.06,1.0,0
FPS-0097,2025-01,RICE,271,20,RABI,1,2025,264,-0.045,1.0,0
FPS-0097,2025-01,WHEAT,202,20,RABI,1,2025,189,0.017,1.0,0
FPS-0098,2025-01,RICE,265,20,RABI,1,2025,249,-0.014,1.0,0
FPS-0098,2025-01,WHEAT,140,20,RABI,1,2025,200,-0.031,1.0,1
FPS-0099,2025-01,RICE,200,16,RABI,1,2025,197,0.057,1.0,0
FPS-0099,2025-01,WHEAT,200,16,RABI,1,2025,187,-0.024,1.0,0
FPS-0100,2025-01,RICE,200,12,RABI,1,2025,204,0.077,1.0,0
FPS-0100,2025-01,WHEAT,200,12,RABI,1,2025,188,0.004,1.0,0
FPS-0101,2025-01,RICE,273,19,RABI,1,2025,283,-0.046,1.0,0
FPS-0101,2025-01,WHEAT,200,19,RABI,1,2025,188,-0.03,1.0,0
FPS-0102,2025-01,RICE,200,15,RABI,1,2025,199,-0.02,1.0,0
FPS-0102,2025-01,WHEAT,200,15,RABI,1,2025,196,-0.044,1.0,0
FPS-0103,2025-01,RICE,314,23,RABI,1,2025,289,0.064,1.0,0
FPS-0103,2025-01,WHEAT,209,23,RABI,1,2025,193,-0.039,1.0,0
FPS-0104,2025-01,RICE,200,14,RABI,1,2025,191,0.053,1.0,0
FPS-0104,2025-01,WHEAT,200,14,RABI,1,2025,193,0.072,1.0,0
FPS-0105,2025-01,RICE,309,23,RABI,1,2025,321,0.057,1.0,0
FPS-0105,2025-01,WHEAT,215,23,RABI,1,2025,211,-0.026,1.0,0
FPS-0106,2025-01,RICE,200,14,RABI,1,2025,200,0.06,1.0,0
FPS-0106,2025-01,WHEAT,200,14,RABI,1,2025,188,-0.046,1.0,0
FPS-0107,2025-01,RICE,200,18,RABI,1,2025,189,-0.04,1.0,0
FPS-0107,2025-01,WHEAT,200,18,RABI,1,2025,196,-0.012,1.0,0
FPS-0108,2025-01,RICE,200,10,RABI,1,2025,198,-0.045,1.0,0
FPS-0108,2025-01,WHEAT,200,10,RABI,1,2025,197,0.023,1.0,0
FPS-0109,2025-01,RICE,200,14,RABI,1,2025,197,0.028,1.0,0
FPS-0109,2025-01,WHEAT,200,14,RABI,1,2025,202,-0.038,1.0,0
FPS-0110,2025-01,RICE,200,17,RABI,1,2025,206,-0.04,1.0,0
FPS-0110,2025-01,WHEAT,200,17,RABI,1,2025,190,0.052,1.0,0
FPS-0111,2025-01,RICE,200,13,RABI,1,2025,196,-0.04,1.0,0
FPS-0111,2025-01,WHEAT,200,13,RABI,1,2025,198,-0.044,1.0,0
FPS-0112,2025-01,RICE,200,14,RABI,1,2025,209,-0.012,1.0,0
FPS-0112,2025-01,WHEAT,200,14,RABI,1,2025,206,-0.036,1.0,0
FPS-0113,2025-01,RICE,200,8,RABI,1,2025,187,-0.032,1.0,0
FPS-0113,2025-01,WHEAT,200,8,RABI,1,2025,197,-0.001,1.0,0
FPS-0114,2025-01,RICE,200,15,RABI,1,2025,202,-0.019,1.0,0
FPS-0114,2025-01,WHEAT,200,15,RABI,1,2025,203,-0.039,1.0,0
FPS-0115,2025-01,RICE,200,13,RABI,1,2025,194,0.042,1.0,0
FPS-0115,2025-01,WHEAT,200,13,RABI,1,2025,211,-0.021,1.0,0
FPS-0116,2025-01,RICE,200,9,RABI,1,2025,196,0.049,1.0,0
FPS-0116,2025-01,WHEAT,200,9,RABI,1,2025,185,-0.048,1.0,0
FPS-0117,2025-01,RICE,200,17,RABI,1,2025,204,-0.022,1.0,0
FPS-0117,2025-01,WHEAT,200,17,RABI,1,2025,185,-0.024,1.0,0
FPS-0118,2025-01,RICE,208,19,RABI,1,2025,193,0.018,1.0,0
FPS-0118,2025-01,WHEAT,200,19,RABI,1,2025,187,-0.018,1.0,0
FPS-0119,2025-01,RICE,200,15,RABI,1,2025,194,0.028,1.0,0
FPS-0119,2025-01,WHEAT,200,15,RABI,1,2025,201,0.019,1.0,0
FPS-0120,2025-01,RICE,207,16,RABI,1,2025,199,0.079,1.0,0
FPS-0120,2025-01,WHEAT,200,16,RABI,1,2025,198,0.034,1.0,0
FPS-0121,2025-01,RICE,200,15,RABI,1,2025,201,0.05,1.0,0
FPS-0121,2025-01,WHEAT,200,15,RABI,1,2025,190,0.018,1.0,0
FPS-0122,2025-01,RICE,200,14,RABI,1,2025,210,0.061,1.0,0
FPS-0122,2025-01,WHEAT,200,14,RABI,1,2025,211,-0.025,1.0,0
FPS-0123,2025-01,RICE,200,14,RABI,1,2025,192,-0.041,1.0,0
FPS-0123,2025-01,WHEAT,200,14,RABI,1,2025,195,0.048,1.0,0
FPS-0124,2025-01,RICE,290,21,RABI,1,2025,281,-0.008,1.0,0
FPS-0124,2025-01,WHEAT,227,21,RABI,1,2025,222,0.071,1.0,0
FPS-0125,2025-01,RICE,200,14,RABI,1,2025,201,0.013,1.0,0
FPS-0125,2025-01,WHEAT,200,14,RABI,1,2025,199,0.056,1.0,0
FPS-0126,2025-01,RICE,200,13,RABI,1,2025,205,-0.011,1.0,0
FPS-0126,2025-01,WHEAT,200,13,RABI,1,2025,205,0.025,1.0,0
FPS-0127,2025-01,RICE,200,11,RABI,1,2025,201,-0.02,1.0,0
FPS-0127,2025-01,WHEAT,200,11,RABI,1,2025,191,0.067,1.0,0
FPS-0128,2025-01,RICE,200,12,RABI,1,2025,185,0.023,1.0,0
FPS-0128,2025-01,WHEAT,200,12,RABI,1,2025,209,-0.043,1.0,0
FPS-0129,2025-01,RICE,200,17,RABI,1,2025,194,-0.029,1.0,0
FPS-0129,2025-01,WHEAT,200,17,RABI,1,2025,185,-0.017,1.0,0
FPS-0130,2025-01,RICE,200,16,RABI,1,2025,205,0.043,1.0,0
FPS-0130,2025-01,WHEAT,200,16,RABI,1,2025,187,0.064,1.0,0
FPS-0131,2025-01,RICE,200,15,RABI,1,2025,188,0.074,1.0,0
FPS-0131,2025-01,WHEAT,200,15,RABI,1,2025,185,0.065,1.0,0
FPS-0132,2025-01,RICE,267,23,RABI,1,2025,276,-0.011,1.0,0
FPS-0132,2025-01,WHEAT,200,23,RABI,1,2025,204,-0.033,1.0,0
FPS-0133,2025-01,RICE,200,13,RABI,1,2025,194,0.023,1.0,0
FPS-0133,2025-01,WHEAT,200,13,RABI,1,2025,201,0.019,1.0,0
FPS-0134,2025-01,RICE,200,16,RABI,1,2025,190,-0.038,1.0,0
FPS-0134,2025-01,WHEAT,200,16,RABI,1,2025,209,-0.009,1.0,0
FPS-0135,2025-01,RICE,200,15,RABI,1,2025,202,-0.048,1.0,0
FPS-0135,2025-01,WHEAT,200,15,RABI,1,2025,192,-0.047,1.0,0
FPS-0136,2025-01,RICE,203,16,RABI,1,2025,192,-0.015,1.0,0
FPS-0136,2025-01,WHEAT,200,16,RABI,1,2025,200,0.064,1.0,0
FPS-0137,2025-01,RICE,200,15,RABI,1,2025,195,0.001,1.0,0
FPS-0137,2025-01,WHEAT,200,15,RABI,1,2025,209,0.08,1.0,0
FPS-0138,2025-01,RICE,312,23,RABI,1,2025,313,0.074,1.0,0
FPS-0138,2025-01,WHEAT,221,23,RABI,1,2025,220,0.08,1.0,0
FPS-0139,2025-01,RICE,200,17,RABI,1,2025,186,-0.003,1.0,0
FPS-0139,2025-01,WHEAT,200,17,RABI,1,2025,184,-0.05,1.0,0
FPS-0140,2025-01,RICE,200,14,RABI,1,2025,186,0.079,1.0,0
FPS-0140,2025-01,WHEAT,200,14,RABI,1,2025,195,-0.038,1.0,0
FPS-0141,2025-01,RICE,200,9,RABI,1,2025,192,0.051,1.0,0
FPS-0141,2025-01,WHEAT,200,9,RABI,1,2025,211,0.007,1.0,0
FPS-0142,2025-01,RICE,251,20,RABI,1,2025,232,0.066,1.0,0
FPS-0142,2025-01,WHEAT,200,20,RABI,1,2025,188,-0.033,1.0,0
FPS-0143,2025-01,RICE,237,22,RABI,1,2025,232,-0.043,1.0,0
FPS-0143,2025-01,WHEAT,200,22,RABI,1,2025,206,0.022,1.0,0
FPS-0144,2025-01,RICE,257,22,RABI,1,2025,245,0.003,1.0,0
FPS-0144,2025-01,WHEAT,200,22,RABI,1,2025,209,-0.034,1.0,0
FPS-0145,2025-01,RICE,200,15,RABI,1,2025,194,0.048,1.0,0
FPS-0145,2025-01,WHEAT,200,15,RABI,1,2025,209,0.075,1.0,0
FPS-0146,2025-01,RICE,200,13,RABI,1,2025,195,0.077,1.0,0
FPS-0146,2025-01,WHEAT,200,13,RABI,1,2025,194,-0.041,1.0,0
FPS-0147,2025-01,RICE,216,20,RABI,1,2025,215,0.012,1.0,0
FPS-0147,2025-01,WHEAT,200,20,RABI,1,2025,194,0.04,1.0,0
FPS-0148,2025-01,RICE,282,25,RABI,1,2025,279,-0.005,1.0,0
FPS-0148,2025-01,WHEAT,201,25,RABI,1,2025,208,-0.04,1.0,0
FPS-0149,2025-01,RICE,326,25,RABI,1,2025,304,-0.0,1.0,0
FPS-0149,2025-01,WHEAT,225,25,RABI,1,2025,227,-0.039,1.0,0
FPS-0150,2025-01,RICE,200,13,RABI,1,2025,195,0.042,1.0,0
FPS-0150,2025-01,WHEAT,200,13,RABI,1,2025,209,0.054,1.0,0
FPS-0151,2025-01,RICE,273,22,RABI,1,2025,266,0.064,1.0,0
FPS-0151,2025-01,WHEAT,200,22,RABI,1,2025,207,0.002,1.0,0
FPS-0152,2025-01,RICE,209,19,RABI,1,2025,201,0.004,1.0,0
FPS-0152,2025-01,WHEAT,200,19,RABI,1,2025,196,0.073,1.0,0
FPS-0153,2025-01,RICE,236,17,RABI,1,2025,247,0.061,1.0,0
FPS-0153,2025-01,WHEAT,200,17,RABI,1,2025,200,0.026,1.0,0
FPS-0154,2025-01,RICE,200,18,RABI,1,2025,203,0.06,1.0,0
FPS-0154,2025-01,WHEAT,200,18,RABI,1,2025,198,-0.042,1.0,0
FPS-0155,2025-01,RICE,216,17,RABI,1,2025,218,0.005,1.0,0
FPS-0155,2025-01,WHEAT,200,17,RABI,1,2025,206,-0.002,1.0,0
FPS-0156,2025-01,RICE,200,14,RABI,1,2025,184,-0.042,1.0,0
FPS-0156,2025-01,WHEAT,200,14,RABI,1,2025,205,0.047,1.0,0
FPS-0157,2025-01,RICE,220,18,RABI,1,2025,204,0.07,1.0,0
FPS-0157,2025-01,WHEAT,140,18,RABI,1,2025,195,0.064,1.0,1
FPS-0158,2025-01,RICE,200,16,RABI,1,2025,184,0.012,1.0,0
FPS-0158,2025-01,WHEAT,200,16,RABI,1,2025,201,-0.015,1.0,0
FPS-0159,2025-01,RICE,200,16,RABI,1,2025,192,0.053,1.0,0
FPS-0159,2025-01,WHEAT,200,16,RABI,1,2025,197,-0.036,1.0,0
FPS-0160,2025-01,RICE,200,11,RABI,1,2025,184,0.058,1.0,0
FPS-0160,2025-01,WHEAT,200,11,RABI,1,2025,205,0.009,1.0,0
FPS-0161,2025-01,RICE,274,23,RABI,1,2025,288,-0.025,1.0,0
FPS-0161,2025-01,WHEAT,140,23,RABI,1,2025,210,-0.031,1.0,1
FPS-0162,2025-01,RICE,200,16,RABI,1,2025,194,0.014,1.0,0
FPS-0162,2025-01,WHEAT,200,16,RABI,1,2025,186,-0.025,1.0,0
FPS-0163,2025-01,RICE,200,16,RABI,1,2025,204,-0.002,1.0,0
FPS-0163,2025-01,WHEAT,200,16,RABI,1,2025,201,0.056,1.0,0
FPS-0164,2025-01,RICE,200,13,RABI,1,2025,197,0.075,1.0,0
FPS-0164,2025-01,WHEAT,200,13,RABI,1,2025,202,0.035,1.0,0
FPS-0165,2025-01,RICE,200,14,RABI,1,2025,184,-0.034,1.0,0
FPS-0165,2025-01,WHEAT,200,14,RABI,1,2025,187,0.025,1.0,0
FPS-0166,2025-01,RICE,201,19,RABI,1,2025,189,-0.036,1.0,0
FPS-0166,2025-01,WHEAT,200,19,RABI,1,2025,202,0.021,1.0,0
FPS-0167,2025-01,RICE,200,19,RABI,1,2025,186,-0.014,1.0,0
FPS-0167,2025-01,WHEAT,200,19,RABI,1,2025,186,0.034,1.0,0
FPS-0168,2025-01,RICE,200,11,RABI,1,2025,210,0.042,1.0,0
FPS-0168,2025-01,WHEAT,200,11,RABI,1,2025,184,0.076,1.0,0
FPS-0169,2025-01,RICE,200,17,RABI,1,2025,196,0.011,1.0,0
FPS-0169,2025-01,WHEAT,200,17,RABI,1,2025,185,0.07,1.0,0
FPS-0170,2025-01,RICE,201,19,RABI,1,2025,188,0.031,1.0,0
FPS-0170,2025-01,WHEAT,200,19,RABI,1,2025,206,-0.037,1.0,0
FPS-0171,2025-01,RICE,200,13,RABI,1,2025,185,-0.0,1.0,0
FPS-0171,2025-01,WHEAT,200,13,RABI,1,2025,203,-0.04,1.0,0
FPS-0172,2025-01,RICE,228,20,RABI,1,2025,224,0.02,1.0,0
FPS-0172,2025-01,WHEAT,200,20,RABI,1,2025,209,0.032,1.0,0
FPS-0173,2025-01,RICE,160,15,RABI,1,2025,229,0.075,1.0,1
FPS-0173,2025-01,WHEAT,200,15,RABI,1,2025,207,-0.005,1.0,0
FPS-0174,2025-01,RICE,282,23,RABI,1,2025,294,0.06,1.0,0
FPS-0174,2025-01,WHEAT,200,23,RABI,1,2025,186,0.032,1.0,0
FPS-0175,2025-01,RICE,234,21,RABI,1,2025,219,0.011,1.0,0
FPS-0175,2025-01,WHEAT,200,21,RABI,1,2025,208,-0.01,1.0,0
FPS-0176,2025-01,RICE,200,14,RABI,1,2025,206,-0.037,1.0,0
FPS-0176,2025-01,WHEAT,200,14,RABI,1,2025,197,-0.002,1.0,0
FPS-0177,2025-01,RICE,200,14,RABI,1,2025,203,-0.039,1.0,0
FPS-0177,2025-01,WHEAT,200,14,RABI,1,2025,205,0.079,1.0,0
FPS-0178,2025-01,RICE,200,15,RABI,1,2025,201,-0.035,1.0,0
FPS-0178,2025-01,WHEAT,200,15,RABI,1,2025,192,0.053,1.0,0
FPS-0179,2025-01,RICE,276,21,RABI,1,2025,263,0.023,1.0,0
FPS-0179,2025-01,WHEAT,200,21,RABI,1,2025,209,-0.015,1.0,0
FPS-0180,2025-01,RICE,200,14,RABI,1,2025,197,0.051,1.0,0
FPS-0180,2025-01,WHEAT,200,14,RABI,1,2025,197,0.052,1.0,0
FPS-0181,2025-01,RICE,249,20,RABI,1,2025,237,0.079,1.0,0
FPS-0181,2025-01,WHEAT,200,20,RABI,1,2025,188,0.072,1.0,0
FPS-0182,2025-01,RICE,211,17,RABI,1,2025,217,0.024,1.0,0
FPS-0182,2025-01,WHEAT,200,17,RABI,1,2025,193,-0.047,1.0,0
FPS-0183,2025-01,RICE,200,16,RABI,1,2025,204,-0.047,1.0,0
FPS-0183,2025-01,WHEAT,200,16,RABI,1,2025,195,0.052,1.0,0
FPS-0184,2025-01,RICE,288,22,RABI,1,2025,278,0.077,1.0,0
FPS-0184,2025-01,WHEAT,200,22,RABI,1,2025,210,0.016,1.0,0
FPS-0185,2025-01,RICE,201,18,RABI,1,2025,200,-0.027,1.0,0
FPS-0185,2025-01,WHEAT,200,18,RABI,1,2025,199,-0.026,1.0,0
FPS-0186,2025-01,RICE,265,21,RABI,1,2025,263,0.077,1.0,0
FPS-0186,2025-01,WHEAT,200,21,RABI,1,2025,189,0.009,1.0,0
FPS-0187,2025-01,RICE,246,19,RABI,1,2025,235,0.067,1.0,0
FPS-0187,2025-01,WHEAT,200,19,RABI,1,2025,209,0.069,1.0,0
FPS-0188,2025-01,RICE,200,11,RABI,1,2025,202,0.025,1.0,0
FPS-0188,2025-01,WHEAT,200,11,RABI,1,2025,187,-0.032,1.0,0
FPS-0189,2025-01,RICE,293,23,RABI,1,2025,299,-0.004,1.0,0
FPS-0189,2025-01,WHEAT,219,23,RABI,1,2025,230,-0.014,1.0,0
FPS-0190,2025-01,RICE,200,18,RABI,1,2025,189,-0.029,1.0,0
FPS-0190,2025-01,WHEAT,200,18,RABI,1,2025,198,0.014,1.0,0
FPS-0191,2025-01,RICE,200,9,RABI,1,2025,193,-0.026,1.0,0
FPS-0191,2025-01,WHEAT,200,9,RABI,1,2025,186,0.076,1.0,0
FPS-0192,2025-01,RICE,200,12,RABI,1,2025,194,-0.01,1.0,0
FPS-0192,2025-01,WHEAT,200,12,RABI,1,2025,187,-0.042,1.0,0
FPS-0193,2025-01,RICE,165,19,RABI,1,2025,230,0.033,1.0,1
FPS-0193,2025-01,WHEAT,200,19,RABI,1,2025,210,-0.043,1.0,0
FPS-0194,2025-01,RICE,200,13,RABI,1,2025,208,0.067,1.0,0
FPS-0194,2025-01,WHEAT,200,13,RABI,1,2025,188,0.028,1.0,0
FPS-0195,2025-01,RICE,200,14,RABI,1,2025,209,0.04,1.0,0
FPS-0195,2025-01,WHEAT,200,14,RABI,1,2025,199,0.042,1.0,0
FPS-0196,2025-01,RICE,264,22,RABI,1,2025,270,-0.01,1.0,0
FPS-0196,2025-01,WHEAT,200,22,RABI,1,2025,196,0.037,1.0,0
FPS-0197,2025-01,RICE,267,18,RABI,1,2025,254,0.055,1.0,0
FPS-0197,2025-01,WHEAT,200,18,RABI,1,2025,210,-0.014,1.0,0
FPS-0198,2025-01,RICE,200,14,RABI,1,2025,197,-0.007,1.0,0
FPS-0198,2025-01,WHEAT,200,14,RABI,1,2025,184,-0.009,1.0,0
FPS-0199,2025-01,RICE,200,13,RABI,1,2025,198,0.006,1.0,0
FPS-0199,2025-01,WHEAT,200,13,RABI,1,2025,192,0.057,1.0,0
FPS-0200,2025-01,RICE,200,10,RABI,1,2025,191,-0.021,1.0,0
FPS-0200,2025-01,WHEAT,200,10,RABI,1,2025,193,0.054,1.0,0
FPS-0201,2025-01,RICE,200,15,RABI,1,2025,186,-0.041,1.0,0
FPS-0201,2025-01,WHEAT,200,15,RABI,1,2025,203,0.07,1.0,0
FPS-0202,2025-01,RICE,200,14,RABI,1,2025,210,0.063,1.0,0
FPS-0202,2025-01,WHEAT,200,14,RABI,1,2025,210,0.049,1.0,0
FPS-0203,2025-01,RICE,200,11,RABI,1,2025,195,0.042,1.0,0
FPS-0203,2025-01,WHEAT,200,11,RABI,1,2025,196,0.011,1.0,0
FPS-0204,2025-01,RICE,229,19,RABI,1,2025,226,-0.008,1.0,0
FPS-0204,2025-01,WHEAT,200,19,RABI,1,2025,184,-0.044,1.0,0
FPS-0205,2025-01,RICE,200,13,RABI,1,2025,199,0.041,1.0,0
FPS-0205,2025-01,WHEAT,140,13,RABI,1,2025,195,-0.046,1.0,1
FPS-0206,2025-01,RICE,304,24,RABI,1,2025,293,0.013,1.0,0
FPS-0206,2025-01,WHEAT,224,24,RABI,1,2025,210,0.044,1.0,0
FPS-0207,2025-01,RICE,394,26,RABI,1,2025,411,0.064,1.0,0
FPS-0207,2025-01,WHEAT,268,26,RABI,1,2025,258,0.018,1.0,0
FPS-0208,2025-01,RICE,227,18,RABI,1,2025,234,0.065,1.0,0
FPS-0208,2025-01,WHEAT,200,18,RABI,1,2025,193,0.044,1.0,0
FPS-0209,2025-01,RICE,275,21,RABI,1,2025,258,0.017,1.0,0
FPS-0209,2025-01,WHEAT,200,21,RABI,1,2025,192,-0.007,1.0,0
FPS-0210,2025-01,RICE,210,21,RABI,1,2025,201,-0.011,1.0,0
FPS-0210,2025-01,WHEAT,200,21,RABI,1,2025,185,0.064,1.0,0
FPS-0211,2025-01,RICE,240,22,RABI,1,2025,221,0.039,1.0,0
FPS-0211,2025-01,WHEAT,200,22,RABI,1,2025,191,0.033,1.0,0
FPS-0212,2025-01,RICE,200,11,RABI,1,2025,187,0.018,1.0,0
FPS-0212,2025-01,WHEAT,200,11,RABI,1,2025,196,0.006,1.0,0
FPS-0213,2025-01,RICE,204,14,RABI,1,2025,194,0.03,1.0,0
FPS-0213,2025-01,WHEAT,200,14,RABI,1,2025,210,0.008,1.0,0
FPS-0214,2025-01,RICE,200,13,RABI,1,2025,196,0.035,1.0,0
FPS-0214,2025-01,WHEAT,200,13,RABI,1,2025,192,0.075,1.0,0
FPS-0215,2025-01,RICE,200,11,RABI,1,2025,187,0.002,1.0,0
FPS-0215,2025-01,WHEAT,200,11,RABI,1,2025,192,-0.044,1.0,0
FPS-0216,2025-01,RICE,200,14,RABI,1,2025,207,-0.045,1.0,0
FPS-0216,2025-01,WHEAT,200,14,RABI,1,2025,187,0.023,1.0,0
FPS-0217,2025-01,RICE,230,17,RABI,1,2025,214,0.061,1.0,0
FPS-0217,2025-01,WHEAT,200,17,RABI,1,2025,208,0.009,1.0,0
FPS-0218,2025-01,RICE,200,13,RABI,1,2025,189,0.078,1.0,0
FPS-0218,2025-01,WHEAT,200,13,RABI,1,2025,193,-0.007,1.0,0
FPS-0219,2025-01,RICE,241,19,RABI,1,2025,240,0.077,1.0,0
FPS-0219,2025-01,WHEAT,200,19,RABI,1,2025,188,0.049,1.0,0
FPS-0220,2025-01,RICE,270,22,RABI,1,2025,277,0.021,1.0,0
FPS-0220,2025-01,WHEAT,200,22,RABI,1,2025,211,0.027,1.0,0
FPS-0221,2025-01,RICE,235,19,RABI,1,2025,222,0.018,1.0,0
FPS-0221,2025-01,WHEAT,200,19,RABI,1,2025,198,0.01,1.0,0
FPS-0222,2025-01,RICE,270,21,RABI,1,2025,268,0.057,1.0,0
FPS-0222,2025-01,WHEAT,200,21,RABI,1,2025,184,0.013,1.0,0
FPS-0223,2025-01,RICE,255,17,RABI,1,2025,240,0.064,1.0,0
FPS-0223,2025-01,WHEAT,200,17,RABI,1,2025,211,0.026,1.0,0
FPS-0224,2025-01,RICE,219,20,RABI,1,2025,202,0.079,1.0,0
FPS-0224,2025-01,WHEAT,200,20,RABI,1,2025,196,0.024,1.0,0
FPS-0225,2025-01,RICE,200,15,RABI,1,2025,199,-0.031,1.0,0
FPS-0225,2025-01,WHEAT,200,15,RABI,1,2025,197,-0.018,1.0,0
FPS-0226,2025-01,RICE,200,12,RABI,1,2025,204,-0.013,1.0,0
FPS-0226,2025-01,WHEAT,200,12,RABI,1,2025,185,-0.016,1.0,0
FPS-0227,2025-01,RICE,200,14,RABI,1,2025,193,-0.007,1.0,0
FPS-0227,2025-01,WHEAT,200,14,RABI,1,2025,210,0.059,1.0,0
FPS-0228,2025-01,RICE,142,18,RABI,1,2025,201,-0.019,1.0,1
FPS-0228,2025-01,WHEAT,200,18,RABI,1,2025,187,-0.045,1.0,0
FPS-0229,2025-01,RICE,200,19,RABI,1,2025,191,0.032,1.0,0
FPS-0229,2025-01,WHEAT,200,19,RABI,1,2025,184,0.057,1.0,0
FPS-0230,2025-01,RICE,281,22,RABI,1,2025,282,-0.032,1.0,0
FPS-0230,2025-01,WHEAT,215,22,RABI,1,2025,205,0.025,1.0,0
FPS-0231,2025-01,RICE,207,18,RABI,1,2025,212,-0.011,1.0,0
FPS-0231,2025-01,WHEAT,200,18,RABI,1,2025,210,-0.008,1.0,0
FPS-0232,2025-01,RICE,200,14,RABI,1,2025,188,0.079,1.0,0
FPS-0232,2025-01,WHEAT,200,14,RABI,1,2025,205,0.062,1.0,0
FPS-0233,2025-01,RICE,200,9,RABI,1,2025,194,-0.038,1.0,0
FPS-0233,2025-01,WHEAT,200,9,RABI,1,2025,205,0.013,1.0,0
FPS-0234,2025-01,RICE,217,18,RABI,1,2025,216,0.052,1.0,0
FPS-0234,2025-01,WHEAT,200,18,RABI,1,2025,205,-0.012,1.0,0
FPS-0235,2025-01,RICE,243,18,RABI,1,2025,246,0.077,1.0,0
FPS-0235,2025-01,WHEAT,200,18,RABI,1,2025,203,-0.022,1.0,0
FPS-0236,2025-01,RICE,200,17,RABI,1,2025,207,0.03,1.0,0
FPS-0236,2025-01,WHEAT,200,17,RABI,1,2025,211,-0.006,1.0,0
FPS-0237,2025-01,RICE,214,15,RABI,1,2025,215,0.035,1.0,0
FPS-0237,2025-01,WHEAT,200,15,RABI,1,2025,196,-0.011,1.0,0
FPS-0238,2025-01,RICE,157,19,RABI,1,2025,229,-0.009,1.0,1
FPS-0238,2025-01,WHEAT,200,19,RABI,1,2025,187,0.078,1.0,0
FPS-0239,2025-01,RICE,247,19,RABI,1,2025,237,0.062,1.0,0
FPS-0239,2025-01,WHEAT,200,19,RABI,1,2025,202,0.068,1.0,0
FPS-0240,2025-01,RICE,280,21,RABI,1,2025,287,0.074,1.0,0
FPS-0240,2025-01,WHEAT,200,21,RABI,1,2025,197,-0.03,1.0,0
FPS-0241,2025-01,RICE,245,19,RABI,1,2025,254,0.067,1.0,0
FPS-0241,2025-01,WHEAT,200,19,RABI,1,2025,187,0.05,1.0,0
FPS-0242,2025-01,RICE,200,12,RABI,1,2025,203,-0.02,1.0,0
FPS-0242,2025-01,WHEAT,200,12,RABI,1,2025,195,-0.015,1.0,0
FPS-0243,2025-01,RICE,237,18,RABI,1,2025,220,-0.047,1.0,0
FPS-0243,2025-01,WHEAT,200,18,RABI,1,2025,206,-0.04,1.0,0
FPS-0244,2025-01,RICE,200,16,RABI,1,2025,194,-0.02,1.0,0
FPS-0244,2025-01,WHEAT,200,16,RABI,1,2025,187,-0.024,1.0,0
FPS-0245,2025-01,RICE,200,14,RABI,1,2025,195,-0.004,1.0,0
FPS-0245,2025-01,WHEAT,200,14,RABI,1,2025,209,0.046,1.0,0
FPS-0246,2025-01,RICE,298,24,RABI,1,2025,295,0.018,1.0,0
FPS-0246,2025-01,WHEAT,226,24,RABI,1,2025,211,0.067,1.0,0
FPS-0247,2025-01,RICE,220,19,RABI,1,2025,213,0.047,1.0,0
FPS-0247,2025-01,WHEAT,200,19,RABI,1,2025,209,0.037,1.0,0
FPS-0248,2025-01,RICE,313,25,RABI,1,2025,293,-0.025,1.0,0
FPS-0248,2025-01,WHEAT,213,25,RABI,1,2025,223,-0.047,1.0,0
FPS-0249,2025-01,RICE,316,22,RABI,1,2025,329,0.061,1.0,0
FPS-0249,2025-01,WHEAT,223,22,RABI,1,2025,223,0.054,1.0,0
FPS-0250,2025-01,RICE,200,16,RABI,1,2025,210,-0.026,1.0,0
FPS-0250,2025-01,WHEAT,140,16,RABI,1,2025,184,-0.005,1.0,1
FPS-0251,2025-01,RICE,200,17,RABI,1,2025,197,-0.023,1.0,0
FPS-0251,2025-01,WHEAT,200,17,RABI,1,2025,184,0.06,1.0,0
FPS-0252,2025-01,RICE,203,16,RABI,1,2025,208,0.02,1.0,0
FPS-0252,2025-01,WHEAT,200,16,RABI,1,2025,205,0.047,1.0,0
FPS-0253,2025-01,RICE,258,22,RABI,1,2025,253,0.005,1.0,0
FPS-0253,2025-01,WHEAT,212,22,RABI,1,2025,204,0.073,1.0,0
FPS-0254,2025-01,RICE,200,14,RABI,1,2025,203,0.031,1.0,0
FPS-0254,2025-01,WHEAT,200,14,RABI,1,2025,185,0.059,1.0,0
FPS-0255,2025-01,RICE,200,16,RABI,1,2025,206,0.057,1.0,0
FPS-0255,2025-01,WHEAT,200,16,RABI,1,2025,197,0.062,1.0,0
FPS-0256,2025-01,RICE,200,14,RABI,1,2025,188,-0.047,1.0,0
FPS-0256,2025-01,WHEAT,200,14,RABI,1,2025,190,0.004,1.0,0
FPS-0257,2025-01,RICE,200,15,RABI,1,2025,209,-0.029,1.0,0
FPS-0257,2025-01,WHEAT,200,15,RABI,1,2025,205,-0.01,1.0,0
FPS-0258,2025-01,RICE,200,15,RABI,1,2025,194,0.02,1.0,0
FPS-0258,2025-01,WHEAT,200,15,RABI,1,2025,190,0.065,1.0,0
FPS-0259,2025-01,RICE,200,15,RABI,1,2025,197,0.067,1.0,0
FPS-0259,2025-01,WHEAT,200,15,RABI,1,2025,192,-0.048,1.0,0
FPS-0260,2025-01,RICE,200,13,RABI,1,2025,209,-0.029,1.0,0
FPS-0260,2025-01,WHEAT,200,13,RABI,1,2025,210,0.032,1.0,0
FPS-0261,2025-01,RICE,200,11,RABI,1,2025,187,0.059,1.0,0
FPS-0261,2025-01,WHEAT,200,11,RABI,1,2025,193,0.055,1.0,0
FPS-0262,2025-01,RICE,200,13,RABI,1,2025,207,0.072,1.0,0
FPS-0262,2025-01,WHEAT,200,13,RABI,1,2025,206,0.026,1.0,0
FPS-0263,2025-01,RICE,200,14,RABI,1,2025,198,0.077,1.0,0
FPS-0263,2025-01,WHEAT,200,14,RABI,1,2025,211,-0.043,1.0,0
FPS-0264,2025-01,RICE,200,5,RABI,1,2025,188,0.006,1.0,0
FPS-0264,2025-01,WHEAT,200,5,RABI,1,2025,187,0.041,1.0,0
FPS-0265,2025-01,RICE,213,18,RABI,1,2025,205,-0.04,1.0,0
FPS-0265,2025-01,WHEAT,200,18,RABI,1,2025,201,-0.044,1.0,0
FPS-0266,2025-01,RICE,200,13,RABI,1,2025,186,0.012,1.0,0
FPS-0266,2025-01,WHEAT,200,13,RABI,1,2025,196,-0.021,1.0,0
FPS-0267,2025-01,RICE,200,16,RABI,1,2025,203,-0.046,1.0,0
FPS-0267,2025-01,WHEAT,200,16,RABI,1,2025,205,0.055,1.0,0
FPS-0268,2025-01,RICE,200,20,RABI,1,2025,202,0.04,1.0,0
FPS-0268,2025-01,WHEAT,200,20,RABI,1,2025,201,0.047,1.0,0
FPS-0269,2025-01,RICE,232,21,RABI,1,2025,231,-0.049,1.0,0
FPS-0269,2025-01,WHEAT,200,21,RABI,1,2025,206,0.023,1.0,0
FPS-0270,2025-01,RICE,200,8,RABI,1,2025,197,-0.036,1.0,0
FPS-0270,2025-01,WHEAT,200,8,RABI,1,2025,202,0.025,1.0,0
FPS-0271,2025-01,RICE,211,18,RABI,1,2025,208,-0.018,1.0,0
FPS-0271,2025-01,WHEAT,200,18,RABI,1,2025,199,0.006,1.0,0
FPS-0272,2025-01,RICE,271,20,RABI,1,2025,280,0.043,1.0,0
FPS-0272,2025-01,WHEAT,211,20,RABI,1,2025,210,0.078,1.0,0
FPS-0273,2025-01,RICE,289,23,RABI,1,2025,286,0.045,1.0,0
FPS-0273,2025-01,WHEAT,216,23,RABI,1,2025,216,0.051,1.0,0
FPS-0274,2025-01,RICE,200,18,RABI,1,2025,195,-0.041,1.0,0
FPS-0274,2025-01,WHEAT,200,18,RABI,1,2025,189,-0.017,1.0,0
FPS-0275,2025-01,RICE,208,17,RABI,1,2025,208,0.016,1.0,0
FPS-0275,2025-01,WHEAT,200,17,RABI,1,2025,203,0.044,1.0,0
FPS-0276,2025-01,RICE,217,19,RABI,1,2025,209,-0.009,1.0,0
FPS-0276,2025-01,WHEAT,200,19,RABI,1,2025,194,0.0,1.0,0
FPS-0277,2025-01,RICE,213,17,RABI,1,2025,221,0.054,1.0,0
FPS-0277,2025-01,WHEAT,200,17,RABI,1,2025,193,0.074,1.0,0
FPS-0278,2025-01,RICE,200,15,RABI,1,2025,194,-0.036,1.0,0
FPS-0278,2025-01,WHEAT,200,15,RABI,1,2025,184,-0.046,1.0,0
FPS-0279,2025-01,RICE,325,23,RABI,1,2025,339,0.009,1.0,0
FPS-0279,2025-01,WHEAT,231,23,RABI,1,2025,217,-0.039,1.0,0
FPS-0280,2025-01,RICE,200,18,RABI,1,2025,190,0.011,1.0,0
FPS-0280,2025-01,WHEAT,200,18,RABI,1,2025,189,0.004,1.0,0
FPS-0281,2025-01,RICE,200,18,RABI,1,2025,203,-0.005,1.0,0
FPS-0281,2025-01,WHEAT,200,18,RABI,1,2025,205,0.078,1.0,0
FPS-0282,2025-01,RICE,239,20,RABI,1,2025,234,0.005,1.0,0
FPS-0282,2025-01,WHEAT,200,20,RABI,1,2025,193,-0.044,1.0,0
FPS-0283,2025-01,RICE,200,14,RABI,1,2025,193,0.035,1.0,0
FPS-0283,2025-01,WHEAT,200,14,RABI,1,2025,190,-0.011,1.0,0
FPS-0284,2025-01,RICE,200,12,RABI,1,2025,188,-0.007,1.0,0
FPS-0284,2025-01,WHEAT,200,12,RABI,1,2025,208,0.049,1.0,0
FPS-0285,2025-01,RICE,215,18,RABI,1,2025,224,-0.043,1.0,0
FPS-0285,2025-01,WHEAT,200,18,RABI,1,2025,208,-0.023,1.0,0
FPS-0286,2025-01,RICE,202,16,RABI,1,2025,201,0.028,1.0,0
FPS-0286,2025-01,WHEAT,200,16,RABI,1,2025,185,-0.037,1.0,0
FPS-0287,2025-01,RICE,329,26,RABI,1,2025,348,-0.039,1.0,0
FPS-0287,2025-01,WHEAT,242,26,RABI,1,2025,255,0.006,1.0,0
FPS-0288,2025-01,RICE,200,17,RABI,1,2025,199,-0.002,1.0,0
FPS-0288,2025-01,WHEAT,200,17,RABI,1,2025,206,-0.003,1.0,0
FPS-0289,2025-01,RICE,200,13,RABI,1,2025,186,0.064,1.0,0
FPS-0289,2025-01,WHEAT,200,13,RABI,1,2025,208,-0.032,1.0,0
FPS-0290,2025-01,RICE,213,18,RABI,1,2025,201,0.054,1.0,0
FPS-0290,2025-01,WHEAT,200,18,RABI,1,2025,206,-0.016,1.0,0
FPS-0291,2025-01,RICE,260,18,RABI,1,2025,262,0.077,1.0,0
FPS-0291,2025-01,WHEAT,200,18,RABI,1,2025,186,-0.036,1.0,0
FPS-0292,2025-01,RICE,273,20,RABI,1,2025,268,0.046,1.0,0
FPS-0292,2025-01,WHEAT,200,20,RABI,1,2025,209,-0.012,1.0,0
FPS-0293,2025-01,RICE,234,18,RABI,1,2025,239,0.053,1.0,0
FPS-0293,2025-01,WHEAT,200,18,RABI,1,2025,209,0.007,1.0,0
FPS-0294,2025-01,RICE,219,16,RABI,1,2025,228,0.074,1.0,0
FPS-0294,2025-01,WHEAT,200,16,RABI,1,2025,186,0.032,1.0,0
FPS-0295,2025-01,RICE,200,13,RABI,1,2025,204,0.078,1.0,0
FPS-0295,2025-01,WHEAT,200,13,RABI,1,2025,208,0.042,1.0,0
FPS-0296,2025-01,RICE,200,14,RABI,1,2025,203,0.057,1.0,0
FPS-0296,2025-01,WHEAT,200,14,RABI,1,2025,192,0.062,1.0,0
FPS-0297,2025-01,RICE,206,17,RABI,1,2025,202,0.032,1.0,0
FPS-0297,2025-01,WHEAT,140,17,RABI,1,2025,192,0.041,1.0,1
FPS-0298,2025-01,RICE,200,15,RABI,1,2025,201,0.027,1.0,0
FPS-0298,2025-01,WHEAT,200,15,RABI,1,2025,189,-0.026,1.0,0
FPS-0299,2025-01,RICE,200,17,RABI,1,2025,203,-0.042,1.0,0
FPS-0299,2025-01,WHEAT,200,17,RABI,1,2025,195,0.042,1.0,0
FPS-0300,2025-01,RICE,248,17,RABI,1,2025,240,0.032,1.0,0
FPS-0300,2025-01,WHEAT,200,17,RABI,1,2025,188,0.052,1.0,0
FPS-0301,2025-01,RICE,224,16,RABI,1,2025,224,-0.014,1.0,0
FPS-0301,2025-01,WHEAT,200,16,RABI,1,2025,203,0.054,1.0,0
FPS-0302,2025-01,RICE,215,19,RABI,1,2025,203,-0.037,1.0,0
FPS-0302,2025-01,WHEAT,200,19,RABI,1,2025,200,0.068,1.0,0
FPS-0303,2025-01,RICE,200,11,RABI,1,2025,211,0.018,1.0,0
FPS-0303,2025-01,WHEAT,200,11,RABI,1,2025,199,-0.012,1.0,0
FPS-0304,2025-01,RICE,238,17,RABI,1,2025,220,0.006,1.0,0
FPS-0304,2025-01,WHEAT,200,17,RABI,1,2025,205,-0.023,1.0,0
FPS-0305,2025-01,RICE,207,17,RABI,1,2025,219,0.012,1.0,0
FPS-0305,2025-01,WHEAT,200,17,RABI,1,2025,195,0.012,1.0,0
FPS-0306,2025-01,RICE,200,13,RABI,1,2025,193,-0.003,1.0,0
FPS-0306,2025-01,WHEAT,200,13,RABI,1,2025,195,0.016,1.0,0
FPS-0307,2025-01,RICE,225,15,RABI,1,2025,224,0.033,1.0,0
FPS-0307,2025-01,WHEAT,200,15,RABI,1,2025,198,-0.027,1.0,0
FPS-0308,2025-01,RICE,223,15,RABI,1,2025,208,0.069,1.0,0
FPS-0308,2025-01,WHEAT,200,15,RABI,1,2025,204,-0.049,1.0,0
FPS-0309,2025-01,RICE,227,18,RABI,1,2025,219,-0.024,1.0,0
FPS-0309,2025-01,WHEAT,200,18,RABI,1,2025,206,0.067,1.0,0
FPS-0310,2025-01,RICE,200,13,RABI,1,2025,210,0.072,1.0,0
FPS-0310,2025-01,WHEAT,200,13,RABI,1,2025,192,0.031,1.0,0
FPS-0311,2025-01,RICE,289,23,RABI,1,2025,287,0.065,1.0,0
FPS-0311,2025-01,WHEAT,200,23,RABI,1,2025,197,0.047,1.0,0
FPS-0312,2025-01,RICE,237,19,RABI,1,2025,235,-0.025,1.0,0
FPS-0312,2025-01,WHEAT,200,19,RABI,1,2025,203,0.063,1.0,0
FPS-0313,2025-01,RICE,217,15,RABI,1,2025,224,0.027,1.0,0
FPS-0313,2025-01,WHEAT,200,15,RABI,1,2025,196,-0.023,1.0,0
FPS-0314,2025-01,RICE,242,18,RABI,1,2025,248,0.001,1.0,0
FPS-0314,2025-01,WHEAT,200,18,RABI,1,2025,201,0.066,1.0,0
FPS-0315,2025-01,RICE,231,18,RABI,1,2025,227,0.067,1.0,0
FPS-0315,2025-01,WHEAT,140,18,RABI,1,2025,188,-0.027,1.0,1
FPS-0316,2025-01,RICE,200,15,RABI,1,2025,201,0.024,1.0,0
FPS-0316,2025-01,WHEAT,200,15,RABI,1,2025,188,0.051,1.0,0
FPS-0317,2025-01,RICE,200,15,RABI,1,2025,203,0.061,1.0,0
FPS-0317,2025-01,WHEAT,200,15,RABI,1,2025,204,-0.035,1.0,0
FPS-0318,2025-01,RICE,200,17,RABI,1,2025,198,0.007,1.0,0
FPS-0318,2025-01,WHEAT,200,17,RABI,1,2025,194,0.062,1.0,0
FPS-0319,2025-01,RICE,140,14,RABI,1,2025,196,0.002,1.0,1
FPS-0319,2025-01,WHEAT,200,14,RABI,1,2025,201,0.009,1.0,0
FPS-0320,2025-01,RICE,200,10,RABI,1,2025,202,0.071,1.0,0
FPS-0320,2025-01,WHEAT,200,10,RABI,1,2025,191,0.065,1.0,0
FPS-0321,2025-01,RICE,246,24,RABI,1,2025,254,-0.045,1.0,0
FPS-0321,2025-01,WHEAT,200,24,RABI,1,2025,203,0.039,1.0,0
FPS-0322,2025-01,RICE,239,20,RABI,1,2025,246,0.007,1.0,0
FPS-0322,2025-01,WHEAT,140,20,RABI,1,2025,190,0.012,1.0,1
FPS-0323,2025-01,RICE,200,16,RABI,1,2025,200,0.03,1.0,0
FPS-0323,2025-01,WHEAT,200,16,RABI,1,2025,200,-0.038,1.0,0
FPS-0324,2025-01,RICE,200,13,RABI,1,2025,205,-0.018,1.0,0
FPS-0324,2025-01,WHEAT,200,13,RABI,1,2025,199,0.016,1.0,0
FPS-0325,2025-01,RICE,223,21,RABI,1,2025,230,-0.042,1.0,0
FPS-0325,2025-01,WHEAT,140,21,RABI,1,2025,200,-0.011,1.0,1
FPS-0326,2025-01,RICE,222,16,RABI,1,2025,206,0.072,1.0,0
FPS-0326,2025-01,WHEAT,200,16,RABI,1,2025,206,0.064,1.0,0
FPS-0327,2025-01,RICE,233,18,RABI,1,2025,214,0.032,1.0,0
FPS-0327,2025-01,WHEAT,200,18,RABI,1,2025,205,-0.004,1.0,0
FPS-0328,2025-01,RICE,220,18,RABI,1,2025,219,-0.024,1.0,0
FPS-0328,2025-01,WHEAT,200,18,RABI,1,2025,193,-0.029,1.0,0
FPS-0329,2025-01,RICE,140,15,RABI,1,2025,198,0.058,1.0,1
FPS-0329,2025-01,WHEAT,140,15,RABI,1,2025,193,0.041,1.0,1
FPS-0330,2025-01,RICE,212,21,RABI,1,2025,224,-0.031,1.0,0
FPS-0330,2025-01,WHEAT,200,21,RABI,1,2025,195,-0.026,1.0,0
FPS-0331,2025-01,RICE,200,17,RABI,1,2025,209,0.006,1.0,0
FPS-0331,2025-01,WHEAT,200,17,RABI,1,2025,189,0.065,1.0,0
FPS-0332,2025-01,RICE,242,21,RABI,1,2025,253,0.079,1.0,0
FPS-0332,2025-01,WHEAT,200,21,RABI,1,2025,198,0.059,1.0,0
FPS-0333,2025-01,RICE,380,27,RABI,1,2025,360,0.004,1.0,0
FPS-0333,2025-01,WHEAT,268,27,RABI,1,2025,281,0.012,1.0,0
FPS-0334,2025-01,RICE,200,16,RABI,1,2025,202,0.001,1.0,0
FPS-0334,2025-01,WHEAT,200,16,RABI,1,2025,200,-0.046,1.0,0
FPS-0335,2025-01,RICE,250,18,RABI,1,2025,251,0.016,1.0,0
FPS-0335,2025-01,WHEAT,200,18,RABI,1,2025,210,-0.013,1.0,0
FPS-0336,2025-01,RICE,227,18,RABI,1,2025,224,0.0,1.0,0
FPS-0336,2025-01,WHEAT,200,18,RABI,1,2025,196,0.012,1.0,0
FPS-0337,2025-01,RICE,200,13,RABI,1,2025,187,0.061,1.0,0
FPS-0337,2025-01,WHEAT,200,13,RABI,1,2025,184,-0.022,1.0,0
FPS-0338,2025-01,RICE,200,16,RABI,1,2025,198,-0.027,1.0,0
FPS-0338,2025-01,WHEAT,200,16,RABI,1,2025,206,-0.025,1.0,0
FPS-0339,2025-01,RICE,200,18,RABI,1,2025,202,0.016,1.0,0
FPS-0339,2025-01,WHEAT,200,18,RABI,1,2025,205,0.078,1.0,0
FPS-0340,2025-01,RICE,200,12,RABI,1,2025,202,-0.024,1.0,0
FPS-0340,2025-01,WHEAT,200,12,RABI,1,2025,211,0.047,1.0,0
FPS-0341,2025-01,RICE,200,14,RABI,1,2025,201,0.054,1.0,0
FPS-0341,2025-01,WHEAT,200,14,RABI,1,2025,185,0.014,1.0,0
FPS-0342,2025-01,RICE,200,12,RABI,1,2025,196,0.039,1.0,0
FPS-0342,2025-01,WHEAT,200,12,RABI,1,2025,192,-0.049,1.0,0
FPS-0343,2025-01,RICE,200,16,RABI,1,2025,205,0.072,1.0,0
FPS-0343,2025-01,WHEAT,200,16,RABI,1,2025,202,0.064,1.0,0
FPS-0344,2025-01,RICE,200,16,RABI,1,2025,207,0.008,1.0,0
FPS-0344,2025-01,WHEAT,200,16,RABI,1,2025,194,-0.039,1.0,0
FPS-0345,2025-01,RICE,210,17,RABI,1,2025,198,-0.016,1.0,0
FPS-0345,2025-01,WHEAT,200,17,RABI,1,2025,201,-0.006,1.0,0
FPS-0346,2025-01,RICE,215,19,RABI,1,2025,212,0.002,1.0,0
FPS-0346,2025-01,WHEAT,200,19,RABI,1,2025,198,-0.027,1.0,0
FPS-0347,2025-01,RICE,291,22,RABI,1,2025,270,-0.04,1.0,0
FPS-0347,2025-01,WHEAT,210,22,RABI,1,2025,193,-0.026,1.0,0
FPS-0348,2025-01,RICE,247,20,RABI,1,2025,241,0.066,1.0,0
FPS-0348,2025-01,WHEAT,200,20,RABI,1,2025,210,-0.017,1.0,0
FPS-0349,2025-01,RICE,220,18,RABI,1,2025,209,0.074,1.0,0
FPS-0349,2025-01,WHEAT,200,18,RABI,1,2025,201,-0.016,1.0,0
FPS-0350,2025-01,RICE,229,17,RABI,1,2025,212,-0.009,1.0,0
FPS-0350,2025-01,WHEAT,200,17,RABI,1,2025,190,0.002,1.0,0
FPS-0351,2025-01,RICE,200,16,RABI,1,2025,197,0.05,1.0,0
FPS-0351,2025-01,WHEAT,200,16,RABI,1,2025,197,0.054,1.0,0
FPS-0352,2025-01,RICE,215,19,RABI,1,2025,210,-0.039,1.0,0
FPS-0352,2025-01,WHEAT,200,19,RABI,1,2025,196,0.04,1.0,0
FPS-0353,2025-01,RICE,200,16,RABI,1,2025,187,0.048,1.0,0
FPS-0353,2025-01,WHEAT,200,16,RABI,1,2025,211,-0.04,1.0,0
FPS-0354,2025-01,RICE,235,21,RABI,1,2025,235,0.038,1.0,0
FPS-0354,2025-01,WHEAT,140,21,RABI,1,2025,189,-0.001,1.0,1
FPS-0355,2025-01,RICE,203,15,RABI,1,2025,210,-0.027,1.0,0
FPS-0355,2025-01,WHEAT,200,15,RABI,1,2025,203,0.046,1.0,0
FPS-0356,2025-01,RICE,200,13,RABI,1,2025,199,-0.046,1.0,0
FPS-0356,2025-01,WHEAT,200,13,RABI,1,2025,209,-0.023,1.0,0
FPS-0357,2025-01,RICE,239,20,RABI,1,2025,224,0.024,1.0,0
FPS-0357,2025-01,WHEAT,200,20,RABI,1,2025,189,-0.04,1.0,0
FPS-0358,2025-01,RICE,208,16,RABI,1,2025,219,-0.002,1.0,0
FPS-0358,2025-01,WHEAT,200,16,RABI,1,2025,206,0.08,1.0,0
FPS-0359,2025-01,RICE,295,25,RABI,1,2025,276,-0.011,1.0,0
FPS-0359,2025-01,WHEAT,225,25,RABI,1,2025,208,0.019,1.0,0
FPS-0360,2025-01,RICE,200,15,RABI,1,2025,206,-0.019,1.0,0
FPS-0360,2025-01,WHEAT,200,15,RABI,1,2025,203,-0.014,1.0,0
FPS-0361,2025-01,RICE,200,16,RABI,1,2025,185,0.079,1.0,0
FPS-0361,2025-01,WHEAT,200,16,RABI,1,2025,200,0.053,1.0,0
FPS-0362,2025-01,RICE,200,17,RABI,1,2025,206,0.068,1.0,0
FPS-0362,2025-01,WHEAT,200,17,RABI,1,2025,190,0.023,1.0,0
FPS-0363,2025-01,RICE,207,15,RABI,1,2025,205,0.063,1.0,0
FPS-0363,2025-01,WHEAT,200,15,RABI,1,2025,200,0.036,1.0,0
FPS-0364,2025-01,RICE,220,16,RABI,1,2025,209,0.069,1.0,0
FPS-0364,2025-01,WHEAT,200,16,RABI,1,2025,189,-0.013,1.0,0
FPS-0365,2025-01,RICE,200,18,RABI,1,2025,202,0.019,1.0,0
FPS-0365,2025-01,WHEAT,200,18,RABI,1,2025,200,0.066,1.0,0
FPS-0366,2025-01,RICE,249,17,RABI,1,2025,231,0.071,1.0,0
FPS-0366,2025-01,WHEAT,200,17,RABI,1,2025,207,-0.048,1.0,0
FPS-0367,2025-01,RICE,200,11,RABI,1,2025,209,0.066,1.0,0
FPS-0367,2025-01,WHEAT,200,11,RABI,1,2025,184,0.041,1.0,0
FPS-0368,2025-01,RICE,210,19,RABI,1,2025,207,-0.032,1.0,0
FPS-0368,2025-01,WHEAT,200,19,RABI,1,2025,198,-0.018,1.0,0
FPS-0369,2025-01,RICE,200,18,RABI,1,2025,196,0.013,1.0,0
FPS-0369,2025-01,WHEAT,200,18,RABI,1,2025,203,-0.018,1.0,0
FPS-0370,2025-01,RICE,200,17,RABI,1,2025,203,0.001,1.0,0
FPS-0370,2025-01,WHEAT,200,17,RABI,1,2025,188,0.075,1.0,0
FPS-0371,2025-01,RICE,140,15,RABI,1,2025,192,-0.013,1.0,1
FPS-0371,2025-01,WHEAT,200,15,RABI,1,2025,193,0.039,1.0,0
FPS-0372,2025-01,RICE,200,9,RABI,1,2025,206,0.068,1.0,0
FPS-0372,2025-01,WHEAT,200,9,RABI,1,2025,189,0.013,1.0,0
FPS-0373,2025-01,RICE,231,20,RABI,1,2025,243,0.071,1.0,0
FPS-0373,2025-01,WHEAT,200,20,RABI,1,2025,186,0.056,1.0,0
FPS-0374,2025-01,RICE,200,18,RABI,1,2025,194,0.055,1.0,0
FPS-0374,2025-01,WHEAT,200,18,RABI,1,2025,200,-0.043,1.0,0
FPS-0375,2025-01,RICE,257,19,RABI,1,2025,236,0.048,1.0,0
FPS-0375,2025-01,WHEAT,200,19,RABI,1,2025,193,-0.047,1.0,0
FPS-0376,2025-01,RICE,215,17,RABI,1,2025,221,0.071,1.0,0
FPS-0376,2025-01,WHEAT,200,17,RABI,1,2025,191,-0.021,1.0,0
FPS-0377,2025-01,RICE,205,16,RABI,1,2025,208,0.031,1.0,0
FPS-0377,2025-01,WHEAT,200,16,RABI,1,2025,189,0.038,1.0,0
FPS-0378,2025-01,RICE,295,23,RABI,1,2025,290,0.045,1.0,0
FPS-0378,2025-01,WHEAT,200,23,RABI,1,2025,188,-0.047,1.0,0
FPS-0379,2025-01,RICE,200,13,RABI,1,2025,188,0.051,1.0,0
FPS-0379,2025-01,WHEAT,200,13,RABI,1,2025,199,0.002,1.0,0
FPS-0380,2025-01,RICE,249,20,RABI,1,2025,262,-0.027,1.0,0
FPS-0380,2025-01,WHEAT,200,20,RABI,1,2025,198,-0.013,1.0,0
FPS-0381,2025-01,RICE,200,17,RABI,1,2025,206,-0.031,1.0,0
FPS-0381,2025-01,WHEAT,200,17,RABI,1,2025,206,-0.01,1.0,0
FPS-0382,2025-01,RICE,200,9,RABI,1,2025,189,0.079,1.0,0
FPS-0382,2025-01,WHEAT,200,9,RABI,1,2025,187,-0.007,1.0,0
FPS-0383,2025-01,RICE,200,11,RABI,1,2025,211,0.064,1.0,0
FPS-0383,2025-01,WHEAT,200,11,RABI,1,2025,208,0.068,1.0,0
FPS-0384,2025-01,RICE,295,23,RABI,1,2025,308,0.067,1.0,0
FPS-0384,2025-01,WHEAT,206,23,RABI,1,2025,198,0.068,1.0,0
FPS-0385,2025-01,RICE,285,22,RABI,1,2025,266,-0.034,1.0,0
FPS-0385,2025-01,WHEAT,227,22,RABI,1,2025,221,0.041,1.0,0
FPS-0386,2025-01,RICE,200,18,RABI,1,2025,204,0.046,1.0,0
FPS-0386,2025-01,WHEAT,200,18,RABI,1,2025,209,0.026,1.0,0
FPS-0387,2025-01,RICE,337,31,RABI,1,2025,331,-0.049,1.0,0
FPS-0387,2025-01,WHEAT,195,31,RABI,1,2025,277,0.065,1.0,1
FPS-0388,2025-01,RICE,200,11,RABI,1,2025,210,0.016,1.0,0
FPS-0388,2025-01,WHEAT,200,11,RABI,1,2025,207,-0.036,1.0,0
FPS-0389,2025-01,RICE,212,17,RABI,1,2025,205,0.062,1.0,0
FPS-0389,2025-01,WHEAT,200,17,RABI,1,2025,208,-0.047,1.0,0
FPS-0390,2025-01,RICE,233,21,RABI,1,2025,235,0.043,1.0,0
FPS-0390,2025-01,WHEAT,200,21,RABI,1,2025,210,0.067,1.0,0
FPS-0391,2025-01,RICE,230,20,RABI,1,2025,216,-0.025,1.0,0
FPS-0391,2025-01,WHEAT,200,20,RABI,1,2025,202,-0.04,1.0,0
FPS-0392,2025-01,RICE,200,17,RABI,1,2025,199,-0.026,1.0,0
FPS-0392,2025-01,WHEAT,200,17,RABI,1,2025,205,-0.018,1.0,0
FPS-0393,2025-01,RICE,209,18,RABI,1,2025,213,0.067,1.0,0
FPS-0393,2025-01,WHEAT,200,18,RABI,1,2025,205,0.073,1.0,0
FPS-0394,2025-01,RICE,241,17,RABI,1,2025,243,0.059,1.0,0
FPS-0394,2025-01,WHEAT,200,17,RABI,1,2025,195,-0.012,1.0,0
FPS-0395,2025-01,RICE,200,14,RABI,1,2025,200,-0.013,1.0,0
FPS-0395,2025-01,WHEAT,200,14,RABI,1,2025,188,-0.01,1.0,0
FPS-0396,2025-01,RICE,200,14,RABI,1,2025,210,-0.029,1.0,0
FPS-0396,2025-01,WHEAT,200,14,RABI,1,2025,209,0.069,1.0,0
FPS-0397,2025-01,RICE,200,13,RABI,1,2025,200,0.05,1.0,0
FPS-0397,2025-01,WHEAT,200,13,RABI,1,2025,191,0.033,1.0,0
FPS-0398,2025-01,RICE,200,16,RABI,1,2025,191,0.057,1.0,0
FPS-0398,2025-01,WHEAT,200,16,RABI,1,2025,186,-0.019,1.0,0
FPS-0399,2025-01,RICE,202,15,RABI,1,2025,201,0.055,1.0,0
FPS-0399,2025-01,WHEAT,200,15,RABI,1,2025,197,-0.04,1.0,0
FPS-0400,2025-01,RICE,274,22,RABI,1,2025,275,0.064,1.0,0
FPS-0400,2025-01,WHEAT,200,22,RABI,1,2025,195,-0.036,1.0,0
FPS-0401,2025-01,RICE,248,24,RABI,1,2025,228,-0.036,1.0,0
FPS-0401,2025-01,WHEAT,200,24,RABI,1,2025,187,-0.027,1.0,0
FPS-0402,2025-01,RICE,200,8,RABI,1,2025,188,0.021,1.0,0
FPS-0402,2025-01,WHEAT,200,8,RABI,1,2025,199,0.021,1.0,0
FPS-0403,2025-01,RICE,200,12,RABI,1,2025,202,-0.004,1.0,0
FPS-0403,2025-01,WHEAT,200,12,RABI,1,2025,208,0.03,1.0,0
FPS-0404,2025-01,RICE,200,15,RABI,1,2025,211,0.009,1.0,0
FPS-0404,2025-01,WHEAT,200,15,RABI,1,2025,199,-0.012,1.0,0
FPS-0405,2025-01,RICE,200,14,RABI,1,2025,191,0.034,1.0,0
FPS-0405,2025-01,WHEAT,200,14,RABI,1,2025,186,-0.005,1.0,0
FPS-0406,2025-01,RICE,275,22,RABI,1,2025,278,0.015,1.0,0
FPS-0406,2025-01,WHEAT,200,22,RABI,1,2025,197,-0.021,1.0,0
FPS-0407,2025-01,RICE,209,18,RABI,1,2025,208,-0.045,1.0,0
FPS-0407,2025-01,WHEAT,200,18,RABI,1,2025,208,0.035,1.0,0
FPS-0408,2025-01,RICE,200,12,RABI,1,2025,195,-0.037,1.0,0
FPS-0408,2025-01,WHEAT,200,12,RABI,1,2025,197,-0.026,1.0,0
FPS-0409,2025-01,RICE,200,17,RABI,1,2025,197,0.027,1.0,0
FPS-0409,2025-01,WHEAT,200,17,RABI,1,2025,208,-0.044,1.0,0
FPS-0410,2025-01,RICE,312,25,RABI,1,2025,321,0.071,1.0,0
FPS-0410,2025-01,WHEAT,212,25,RABI,1,2025,200,0.062,1.0,0
FPS-0411,2025-01,RICE,200,15,RABI,1,2025,195,-0.017,1.0,0
FPS-0411,2025-01,WHEAT,200,15,RABI,1,2025,204,-0.043,1.0,0
FPS-0412,2025-01,RICE,242,20,RABI,1,2025,250,-0.012,1.0,0
FPS-0412,2025-01,WHEAT,200,20,RABI,1,2025,210,-0.012,1.0,0
FPS-0413,2025-01,RICE,200,14,RABI,1,2025,190,0.013,1.0,0
FPS-0413,2025-01,WHEAT,200,14,RABI,1,2025,211,0.036,1.0,0
FPS-0414,2025-01,RICE,252,22,RABI,1,2025,237,-0.044,1.0,0
FPS-0414,2025-01,WHEAT,200,22,RABI,1,2025,205,-0.033,1.0,0
FPS-0415,2025-01,RICE,231,17,RABI,1,2025,238,0.058,1.0,0
FPS-0415,2025-01,WHEAT,200,17,RABI,1,2025,210,0.013,1.0,0
FPS-0416,2025-01,RICE,200,12,RABI,1,2025,211,0.037,1.0,0
FPS-0416,2025-01,WHEAT,200,12,RABI,1,2025,187,-0.043,1.0,0
FPS-0417,2025-01,RICE,200,11,RABI,1,2025,196,0.059,1.0,0
FPS-0417,2025-01,WHEAT,200,11,RABI,1,2025,196,-0.026,1.0,0
FPS-0418,2025-01,RICE,288,21,RABI,1,2025,300,0.076,1.0,0
FPS-0418,2025-01,WHEAT,200,21,RABI,1,2025,200,0.05,1.0,0
FPS-0419,2025-01,RICE,295,22,RABI,1,2025,303,0.035,1.0,0
FPS-0419,2025-01,WHEAT,215,22,RABI,1,2025,202,0.048,1.0,0
FPS-0420,2025-01,RICE,237,21,RABI,1,2025,242,0.019,1.0,0
FPS-0420,2025-01,WHEAT,200,21,RABI,1,2025,194,0.062,1.0,0
FPS-0421,2025-01,RICE,271,21,RABI,1,2025,275,0.057,1.0,0
FPS-0421,2025-01,WHEAT,200,21,RABI,1,2025,205,-0.042,1.0,0
FPS-0422,2025-01,RICE,200,16,RABI,1,2025,197,0.066,1.0,0
FPS-0422,2025-01,WHEAT,200,16,RABI,1,2025,189,0.05,1.0,0
FPS-0423,2025-01,RICE,200,12,RABI,1,2025,200,0.001,1.0,0
FPS-0423,2025-01,WHEAT,200,12,RABI,1,2025,195,0.005,1.0,0
FPS-0424,2025-01,RICE,232,18,RABI,1,2025,244,0.024,1.0,0
FPS-0424,2025-01,WHEAT,200,18,RABI,1,2025,197,0.076,1.0,0
FPS-0425,2025-01,RICE,200,17,RABI,1,2025,210,0.074,1.0,0
FPS-0425,2025-01,WHEAT,200,17,RABI,1,2025,194,0.023,1.0,0
FPS-0426,2025-01,RICE,246,21,RABI,1,2025,235,-0.007,1.0,0
FPS-0426,2025-01,WHEAT,200,21,RABI,1,2025,210,-0.044,1.0,0
FPS-0427,2025-01,RICE,204,13,RABI,1,2025,192,0.058,1.0,0
FPS-0427,2025-01,WHEAT,200,13,RABI,1,2025,205,0.059,1.0,0
FPS-0428,2025-01,RICE,200,16,RABI,1,2025,194,-0.038,1.0,0
FPS-0428,2025-01,WHEAT,200,16,RABI,1,2025,204,0.027,1.0,0
FPS-0429,2025-01,RICE,200,11,RABI,1,2025,204,-0.027,1.0,0
FPS-0429,2025-01,WHEAT,200,11,RABI,1,2025,201,0.054,1.0,0
FPS-0430,2025-01,RICE,200,16,RABI,1,2025,196,-0.019,1.0,0
FPS-0430,2025-01,WHEAT,200,16,RABI,1,2025,185,0.043,1.0,0
FPS-0431,2025-01,RICE,200,4,RABI,1,2025,196,0.05,1.0,0
FPS-0431,2025-01,WHEAT,200,4,RABI,1,2025,193,-0.05,1.0,0
FPS-0432,2025-01,RICE,377,24,RABI,1,2025,370,0.013,1.0,0
FPS-0432,2025-01,WHEAT,289,24,RABI,1,2025,288,0.076,1.0,0
FPS-0433,2025-01,RICE,200,10,RABI,1,2025,195,0.065,1.0,0
FPS-0433,2025-01,WHEAT,200,10,RABI,1,2025,209,-0.044,1.0,0
FPS-0434,2025-01,RICE,301,25,RABI,1,2025,311,0.057,1.0,0
FPS-0434,2025-01,WHEAT,200,25,RABI,1,2025,199,0.012,1.0,0
FPS-0435,2025-01,RICE,226,19,RABI,1,2025,228,0.034,1.0,0
FPS-0435,2025-01,WHEAT,200,19,RABI,1,2025,205,0.013,1.0,0
FPS-0436,2025-01,RICE,200,15,RABI,1,2025,191,0.019,1.0,0
FPS-0436,2025-01,WHEAT,200,15,RABI,1,2025,199,0.005,1.0,0
FPS-0437,2025-01,RICE,200,13,RABI,1,2025,210,-0.044,1.0,0
FPS-0437,2025-01,WHEAT,200,13,RABI,1,2025,185,-0.039,1.0,0
FPS-0438,2025-01,RICE,200,16,RABI,1,2025,210,-0.032,1.0,0
FPS-0438,2025-01,WHEAT,200,16,RABI,1,2025,189,-0.012,1.0,0
FPS-0439,2025-01,RICE,262,19,RABI,1,2025,263,0.064,1.0,0
FPS-0439,2025-01,WHEAT,200,19,RABI,1,2025,206,0.055,1.0,0
FPS-0440,2025-01,RICE,200,17,RABI,1,2025,200,0.037,1.0,0
FPS-0440,2025-01,WHEAT,200,17,RABI,1,2025,190,0.011,1.0,0
FPS-0441,2025-01,RICE,310,22,RABI,1,2025,319,0.006,1.0,0
FPS-0441,2025-01,WHEAT,211,22,RABI,1,2025,219,-0.04,1.0,0
FPS-0442,2025-01,RICE,200,14,RABI,1,2025,208,-0.03,1.0,0
FPS-0442,2025-01,WHEAT,200,14,RABI,1,2025,198,-0.029,1.0,0
FPS-0443,2025-01,RICE,200,15,RABI,1,2025,199,0.066,1.0,0
FPS-0443,2025-01,WHEAT,200,15,RABI,1,2025,189,-0.023,1.0,0
FPS-0444,2025-01,RICE,200,12,RABI,1,2025,184,0.073,1.0,0
FPS-0444,2025-01,WHEAT,200,12,RABI,1,2025,200,0.014,1.0,0
FPS-0445,2025-01,RICE,200,12,RABI,1,2025,210,0.034,1.0,0
FPS-0445,2025-01,WHEAT,200,12,RABI,1,2025,190,0.08,1.0,0
FPS-0446,2025-01,RICE,200,14,RABI,1,2025,192,0.02,1.0,0
FPS-0446,2025-01,WHEAT,200,14,RABI,1,2025,211,-0.011,1.0,0
FPS-0447,2025-01,RICE,200,13,RABI,1,2025,206,0.034,1.0,0
FPS-0447,2025-01,WHEAT,200,13,RABI,1,2025,185,-0.013,1.0,0
FPS-0448,2025-01,RICE,200,13,RABI,1,2025,188,0.024,1.0,0
FPS-0448,2025-01,WHEAT,200,13,RABI,1,2025,210,-0.02,1.0,0
FPS-0449,2025-01,RICE,200,15,RABI,1,2025,190,-0.046,1.0,0
FPS-0449,2025-01,WHEAT,200,15,RABI,1,2025,184,-0.049,1.0,0
FPS-0450,2025-01,RICE,200,14,RABI,1,2025,205,0.012,1.0,0
FPS-0450,2025-01,WHEAT,200,14,RABI,1,2025,198,0.013,1.0,0
FPS-0451,2025-01,RICE,278,23,RABI,1,2025,288,0.02,1.0,0
FPS-0451,2025-01,WHEAT,200,23,RABI,1,2025,191,-0.039,1.0,0
FPS-0452,2025-01,RICE,232,17,RABI,1,2025,239,0.011,1.0,0
FPS-0452,2025-01,WHEAT,200,17,RABI,1,2025,209,0.006,1.0,0
FPS-0453,2025-01,RICE,200,15,RABI,1,2025,194,0.07,1.0,0
FPS-0453,2025-01,WHEAT,200,15,RABI,1,2025,186,-0.022,1.0,0
FPS-0454,2025-01,RICE,232,20,RABI,1,2025,225,0.05,1.0,0
FPS-0454,2025-01,WHEAT,200,20,RABI,1,2025,202,-0.016,1.0,0
FPS-0455,2025-01,RICE,200,18,RABI,1,2025,190,-0.004,1.0,0
FPS-0455,2025-01,WHEAT,200,18,RABI,1,2025,203,0.023,1.0,0
FPS-0456,2025-01,RICE,200,14,RABI,1,2025,204,0.068,1.0,0
FPS-0456,2025-01,WHEAT,200,14,RABI,1,2025,191,0.062,1.0,0
FPS-0457,2025-01,RICE,219,19,RABI,1,2025,213,-0.008,1.0,0
FPS-0457,2025-01,WHEAT,200,19,RABI,1,2025,190,-0.015,1.0,0
FPS-0458,2025-01,RICE,200,15,RABI,1,2025,197,0.064,1.0,0
FPS-0458,2025-01,WHEAT,200,15,RABI,1,2025,195,0.048,1.0,0
FPS-0459,2025-01,RICE,217,18,RABI,1,2025,228,0.058,1.0,0
FPS-0459,2025-01,WHEAT,200,18,RABI,1,2025,184,-0.038,1.0,0
FPS-0460,2025-01,RICE,200,14,RABI,1,2025,204,-0.009,1.0,0
FPS-0460,2025-01,WHEAT,200,14,RABI,1,2025,193,-0.02,1.0,0
FPS-0461,2025-01,RICE,228,22,RABI,1,2025,212,0.006,1.0,0
FPS-0461,2025-01,WHEAT,200,22,RABI,1,2025,198,0.01,1.0,0
FPS-0462,2025-01,RICE,200,12,RABI,1,2025,208,-0.039,1.0,0
FPS-0462,2025-01,WHEAT,200,12,RABI,1,2025,210,0.067,1.0,0
FPS-0463,2025-01,RICE,274,23,RABI,1,2025,289,0.032,1.0,0
FPS-0463,2025-01,WHEAT,200,23,RABI,1,2025,188,-0.011,1.0,0
FPS-0464,2025-01,RICE,202,16,RABI,1,2025,202,0.062,1.0,0
FPS-0464,2025-01,WHEAT,200,16,RABI,1,2025,195,0.02,1.0,0
FPS-0465,2025-01,RICE,200,16,RABI,1,2025,191,0.025,1.0,0
FPS-0465,2025-01,WHEAT,200,16,RABI,1,2025,209,0.069,1.0,0
FPS-0466,2025-01,RICE,200,15,RABI,1,2025,191,0.068,1.0,0
FPS-0466,2025-01,WHEAT,200,15,RABI,1,2025,211,-0.012,1.0,0
FPS-0467,2025-01,RICE,200,9,RABI,1,2025,200,-0.03,1.0,0
FPS-0467,2025-01,WHEAT,200,9,RABI,1,2025,207,0.042,1.0,0
FPS-0468,2025-01,RICE,214,17,RABI,1,2025,217,0.017,1.0,0
FPS-0468,2025-01,WHEAT,140,17,RABI,1,2025,184,0.066,1.0,1
FPS-0469,2025-01,RICE,200,12,RABI,1,2025,198,0.057,1.0,0
FPS-0469,2025-01,WHEAT,200,12,RABI,1,2025,192,-0.031,1.0,0
FPS-0470,2025-01,RICE,295,22,RABI,1,2025,276,-0.015,1.0,0
FPS-0470,2025-01,WHEAT,200,22,RABI,1,2025,186,-0.039,1.0,0
FPS-0471,2025-01,RICE,200,13,RABI,1,2025,185,0.017,1.0,0
FPS-0471,2025-01,WHEAT,200,13,RABI,1,2025,192,0.015,1.0,0
FPS-0472,2025-01,RICE,248,20,RABI,1,2025,249,0.028,1.0,0
FPS-0472,2025-01,WHEAT,200,20,RABI,1,2025,194,0.077,1.0,0
FPS-0473,2025-01,RICE,200,17,RABI,1,2025,206,-0.041,1.0,0
FPS-0473,2025-01,WHEAT,200,17,RABI,1,2025,198,-0.033,1.0,0
FPS-0474,2025-01,RICE,200,17,RABI,1,2025,193,0.031,1.0,0
FPS-0474,2025-01,WHEAT,200,17,RABI,1,2025,204,-0.041,1.0,0
FPS-0475,2025-01,RICE,228,18,RABI,1,2025,223,0.026,1.0,0
FPS-0475,2025-01,WHEAT,200,18,RABI,1,2025,207,0.027,1.0,0
FPS-0476,2025-01,RICE,200,14,RABI,1,2025,205,0.078,1.0,0
FPS-0476,2025-01,WHEAT,200,14,RABI,1,2025,202,-0.008,1.0,0
FPS-0477,2025-01,RICE,230,21,RABI,1,2025,232,-0.008,1.0,0
FPS-0477,2025-01,WHEAT,200,21,RABI,1,2025,184,0.066,1.0,0
FPS-0478,2025-01,RICE,211,15,RABI,1,2025,222,0.075,1.0,0
FPS-0478,2025-01,WHEAT,200,15,RABI,1,2025,192,0.063,1.0,0
FPS-0479,2025-01,RICE,235,17,RABI,1,2025,234,0.053,1.0,0
FPS-0479,2025-01,WHEAT,200,17,RABI,1,2025,197,0.056,1.0,0
FPS-0480,2025-01,RICE,200,12,RABI,1,2025,205,0.007,1.0,0
FPS-0480,2025-01,WHEAT,200,12,RABI,1,2025,211,-0.023,1.0,0
FPS-0481,2025-01,RICE,200,17,RABI,1,2025,184,-0.03,1.0,0
FPS-0481,2025-01,WHEAT,200,17,RABI,1,2025,188,0.025,1.0,0
FPS-0482,2025-01,RICE,200,16,RABI,1,2025,186,0.0,1.0,0
FPS-0482,2025-01,WHEAT,200,16,RABI,1,2025,198,-0.0,1.0,0
FPS-0483,2025-01,RICE,200,10,RABI,1,2025,203,-0.02,1.0,0
FPS-0483,2025-01,WHEAT,200,10,RABI,1,2025,185,0.047,1.0,0
FPS-0484,2025-01,RICE,200,16,RABI,1,2025,211,0.028,1.0,0
FPS-0484,2025-01,WHEAT,200,16,RABI,1,2025,187,0.004,1.0,0
FPS-0485,2025-01,RICE,200,13,RABI,1,2025,210,0.025,1.0,0
FPS-0485,2025-01,WHEAT,200,13,RABI,1,2025,211,-0.043,1.0,0
FPS-0486,2025-01,RICE,231,21,RABI,1,2025,228,0.047,1.0,0
FPS-0486,2025-01,WHEAT,200,21,RABI,1,2025,192,0.051,1.0,0
FPS-0487,2025-01,RICE,140,14,RABI,1,2025,203,-0.008,1.0,1
FPS-0487,2025-01,WHEAT,200,14,RABI,1,2025,200,0.071,1.0,0
FPS-0488,2025-01,RICE,200,11,RABI,1,2025,192,0.037,1.0,0
FPS-0488,2025-01,WHEAT,200,11,RABI,1,2025,197,-0.042,1.0,0
FPS-0489,2025-01,RICE,223,20,RABI,1,2025,221,0.066,1.0,0
FPS-0489,2025-01,WHEAT,200,20,RABI,1,2025,185,0.036,1.0,0
FPS-0490,2025-01,RICE,221,16,RABI,1,2025,231,-0.019,1.0,0
FPS-0490,2025-01,WHEAT,200,16,RABI,1,2025,189,0.026,1.0,0
FPS-0491,2025-01,RICE,228,16,RABI,1,2025,224,0.0,1.0,0
FPS-0491,2025-01,WHEAT,200,16,RABI,1,2025,198,-0.003,1.0,0
FPS-0492,2025-01,RICE,305,24,RABI,1,2025,307,0.005,1.0,0
FPS-0492,2025-01,WHEAT,214,24,RABI,1,2025,207,-0.021,1.0,0
FPS-0493,2025-01,RICE,200,17,RABI,1,2025,199,-0.038,1.0,0
FPS-0493,2025-01,WHEAT,200,17,RABI,1,2025,199,-0.042,1.0,0
FPS-0494,2025-01,RICE,200,11,RABI,1,2025,198,-0.032,1.0,0
FPS-0494,2025-01,WHEAT,200,11,RABI,1,2025,199,0.071,1.0,0
FPS-0495,2025-01,RICE,200,12,RABI,1,2025,187,-0.015,1.0,0
FPS-0495,2025-01,WHEAT,200,12,RABI,1,2025,185,0.007,1.0,0
FPS-0496,2025-01,RICE,200,15,RABI,1,2025,203,-0.043,1.0,0
FPS-0496,2025-01,WHEAT,200,15,RABI,1,2025,204,0.022,1.0,0
FPS-0497,2025-01,RICE,208,19,RABI,1,2025,216,0.002,1.0,0
FPS-0497,2025-01,WHEAT,200,19,RABI,1,2025,194,0.08,1.0,0
FPS-0498,2025-01,RICE,238,16,RABI,1,2025,232,0.044,1.0,0
FPS-0498,2025-01,WHEAT,200,16,RABI,1,2025,187,0.054,1.0,0
FPS-0499,2025-01,RICE,285,20,RABI,1,2025,285,0.035,1.0,0
FPS-0499,2025-01,WHEAT,202,20,RABI,1,2025,194,0.034,1.0,0
FPS-0500,2025-01,RICE,200,15,RABI,1,2025,191,0.023,1.0,0
FPS-0500,2025-01,WHEAT,200,15,RABI,1,2025,210,0.015,1.0,0
FPS-0501,2025-01,RICE,200,17,RABI,1,2025,204,0.027,1.0,0
FPS-0501,2025-01,WHEAT,200,17,RABI,1,2025,207,0.008,1.0,0
FPS-0502,2025-01,RICE,266,19,RABI,1,2025,264,0.077,1.0,0
FPS-0502,2025-01,WHEAT,200,19,RABI,1,2025,197,0.067,1.0,0
FPS-0503,2025-01,RICE,215,19,RABI,1,2025,222,-0.008,1.0,0
FPS-0503,2025-01,WHEAT,200,19,RABI,1,2025,197,0.017,1.0,0
FPS-0504,2025-01,RICE,212,16,RABI,1,2025,195,0.067,1.0,0
FPS-0504,2025-01,WHEAT,200,16,RABI,1,2025,204,-0.032,1.0,0
FPS-0505,2025-01,RICE,200,17,RABI,1,2025,197,-0.032,1.0,0
FPS-0505,2025-01,WHEAT,200,17,RABI,1,2025,204,-0.04,1.0,0
FPS-0506,2025-01,RICE,200,14,RABI,1,2025,187,-0.042,1.0,0
FPS-0506,2025-01,WHEAT,200,14,RABI,1,2025,200,0.038,1.0,0
FPS-0507,2025-01,RICE,200,12,RABI,1,2025,201,-0.016,1.0,0
FPS-0507,2025-01,WHEAT,200,12,RABI,1,2025,185,0.03,1.0,0
FPS-0508,2025-01,RICE,267,22,RABI,1,2025,259,0.044,1.0,0
FPS-0508,2025-01,WHEAT,200,22,RABI,1,2025,209,0.044,1.0,0
FPS-0509,2025-01,RICE,200,16,RABI,1,2025,211,0.007,1.0,0
FPS-0509,2025-01,WHEAT,200,16,RABI,1,2025,199,0.07,1.0,0
FPS-0510,2025-01,RICE,200,13,RABI,1,2025,187,-0.036,1.0,0
FPS-0510,2025-01,WHEAT,200,13,RABI,1,2025,190,0.067,1.0,0
FPS-0511,2025-01,RICE,200,15,RABI,1,2025,206,0.015,1.0,0
FPS-0511,2025-01,WHEAT,200,15,RABI,1,2025,206,0.069,1.0,0
FPS-0512,2025-01,RICE,200,12,RABI,1,2025,191,0.049,1.0,0
FPS-0512,2025-01,WHEAT,200,12,RABI,1,2025,192,0.012,1.0,0
FPS-0513,2025-01,RICE,200,17,RABI,1,2025,203,0.038,1.0,0
FPS-0513,2025-01,WHEAT,200,17,RABI,1,2025,192,0.079,1.0,0
FPS-0514,2025-01,RICE,140,5,RABI,1,2025,184,0.05,1.0,1
FPS-0514,2025-01,WHEAT,200,5,RABI,1,2025,208,0.066,1.0,0
FPS-0515,2025-01,RICE,200,8,RABI,1,2025,195,0.076,1.0,0
FPS-0515,2025-01,WHEAT,200,8,RABI,1,2025,193,0.058,1.0,0
FPS-0516,2025-01,RICE,200,11,RABI,1,2025,198,0.073,1.0,0
FPS-0516,2025-01,WHEAT,200,11,RABI,1,2025,200,-0.014,1.0,0
FPS-0517,2025-01,RICE,200,16,RABI,1,2025,192,0.069,1.0,0
FPS-0517,2025-01,WHEAT,200,16,RABI,1,2025,201,-0.01,1.0,0
FPS-0518,2025-01,RICE,205,16,RABI,1,2025,214,0.054,1.0,0
FPS-0518,2025-01,WHEAT,200,16,RABI,1,2025,208,-0.019,1.0,0
FPS-0519,2025-01,RICE,213,15,RABI,1,2025,216,0.0,1.0,0
FPS-0519,2025-01,WHEAT,200,15,RABI,1,2025,199,0.022,1.0,0
FPS-0520,2025-01,RICE,200,15,RABI,1,2025,209,-0.029,1.0,0
FPS-0520,2025-01,WHEAT,200,15,RABI,1,2025,195,0.062,1.0,0
FPS-0521,2025-01,RICE,249,23,RABI,1,2025,248,0.009,1.0,0
FPS-0521,2025-01,WHEAT,200,23,RABI,1,2025,200,-0.043,1.0,0
FPS-0522,2025-01,RICE,246,20,RABI,1,2025,254,0.063,1.0,0
FPS-0522,2025-01,WHEAT,200,20,RABI,1,2025,194,-0.04,1.0,0
FPS-0523,2025-01,RICE,226,18,RABI,1,2025,226,0.073,1.0,0
FPS-0523,2025-01,WHEAT,200,18,RABI,1,2025,194,0.047,1.0,0
FPS-0524,2025-01,RICE,200,12,RABI,1,2025,186,0.036,1.0,0
FPS-0524,2025-01,WHEAT,200,12,RABI,1,2025,210,-0.042,1.0,0
FPS-0525,2025-01,RICE,200,12,RABI,1,2025,197,0.076,1.0,0
FPS-0525,2025-01,WHEAT,200,12,RABI,1,2025,200,0.017,1.0,0
FPS-0526,2025-01,RICE,200,16,RABI,1,2025,197,-0.008,1.0,0
FPS-0526,2025-01,WHEAT,200,16,RABI,1,2025,206,0.052,1.0,0
FPS-0527,2025-01,RICE,140,17,RABI,1,2025,197,-0.031,1.0,1
FPS-0527,2025-01,WHEAT,200,17,RABI,1,2025,203,-0.024,1.0,0
FPS-0528,2025-01,RICE,200,17,RABI,1,2025,193,-0.002,1.0,0
FPS-0528,2025-01,WHEAT,200,17,RABI,1,2025,211,0.049,1.0,0
FPS-0529,2025-01,RICE,293,25,RABI,1,2025,300,0.015,1.0,0
FPS-0529,2025-01,WHEAT,208,25,RABI,1,2025,199,0.034,1.0,0
FPS-0530,2025-01,RICE,200,17,RABI,1,2025,191,-0.049,1.0,0
FPS-0530,2025-01,WHEAT,200,17,RABI,1,2025,196,0.064,1.0,0
FPS-0531,2025-01,RICE,200,19,RABI,1,2025,208,-0.003,1.0,0
FPS-0531,2025-01,WHEAT,200,19,RABI,1,2025,207,0.024,1.0,0
FPS-0532,2025-01,RICE,200,14,RABI,1,2025,196,0.021,1.0,0
FPS-0532,2025-01,WHEAT,200,14,RABI,1,2025,200,0.043,1.0,0
FPS-0533,2025-01,RICE,221,20,RABI,1,2025,207,-0.026,1.0,0
FPS-0533,2025-01,WHEAT,200,20,RABI,1,2025,207,0.006,1.0,0
FPS-0534,2025-01,RICE,200,11,RABI,1,2025,201,0.007,1.0,0
FPS-0534,2025-01,WHEAT,200,11,RABI,1,2025,200,-0.037,1.0,0
FPS-0535,2025-01,RICE,260,22,RABI,1,2025,245,0.043,1.0,0
FPS-0535,2025-01,WHEAT,200,22,RABI,1,2025,184,0.001,1.0,0
FPS-0536,2025-01,RICE,200,15,RABI,1,2025,187,-0.021,1.0,0
FPS-0536,2025-01,WHEAT,200,15,RABI,1,2025,185,-0.035,1.0,0
FPS-0537,2025-01,RICE,200,11,RABI,1,2025,204,0.047,1.0,0
FPS-0537,2025-01,WHEAT,140,11,RABI,1,2025,189,0.018,1.0,1
FPS-0538,2025-01,RICE,200,11,RABI,1,2025,209,0.016,1.0,0
FPS-0538,2025-01,WHEAT,200,11,RABI,1,2025,193,-0.03,1.0,0
FPS-0539,2025-01,RICE,209,17,RABI,1,2025,205,-0.018,1.0,0
FPS-0539,2025-01,WHEAT,200,17,RABI,1,2025,188,-0.048,1.0,0
FPS-0540,2025-01,RICE,200,8,RABI,1,2025,188,-0.008,1.0,0
FPS-0540,2025-01,WHEAT,200,8,RABI,1,2025,186,-0.023,1.0,0
FPS-0541,2025-01,RICE,200,15,RABI,1,2025,191,0.029,1.0,0
FPS-0541,2025-01,WHEAT,200,15,RABI,1,2025,210,-0.005,1.0,0
FPS-0542,2025-01,RICE,200,13,RABI,1,2025,206,0.022,1.0,0
FPS-0542,2025-01,WHEAT,200,13,RABI,1,2025,205,-0.001,1.0,0
FPS-0543,2025-01,RICE,200,13,RABI,1,2025,198,-0.007,1.0,0
FPS-0543,2025-01,WHEAT,200,13,RABI,1,2025,197,-0.045,1.0,0
FPS-0544,2025-01,RICE,200,19,RABI,1,2025,202,0.042,1.0,0
FPS-0544,2025-01,WHEAT,200,19,RABI,1,2025,204,0.016,1.0,0
FPS-0545,2025-01,RICE,200,9,RABI,1,2025,199,0.022,1.0,0
FPS-0545,2025-01,WHEAT,200,9,RABI,1,2025,201,-0.006,1.0,0
FPS-0546,2025-01,RICE,290,20,RABI,1,2025,307,0.047,1.0,0
FPS-0546,2025-01,WHEAT,200,20,RABI,1,2025,190,-0.015,1.0,0
FPS-0547,2025-01,RICE,200,11,RABI,1,2025,205,0.055,1.0,0
FPS-0547,2025-01,WHEAT,200,11,RABI,1,2025,184,0.064,1.0,0
FPS-0548,2025-01,RICE,149,16,RABI,1,2025,222,0.063,1.0,1
FPS-0548,2025-01,WHEAT,200,16,RABI,1,2025,203,0.023,1.0,0
FPS-0549,2025-01,RICE,251,23,RABI,1,2025,253,0.028,1.0,0
FPS-0549,2025-01,WHEAT,200,23,RABI,1,2025,203,0.004,1.0,0
FPS-0550,2025-01,RICE,200,10,RABI,1,2025,184,0.032,1.0,0
FPS-0550,2025-01,WHEAT,200,10,RABI,1,2025,197,0.075,1.0,0
FPS-0551,2025-01,RICE,200,18,RABI,1,2025,194,0.053,1.0,0
FPS-0551,2025-01,WHEAT,200,18,RABI,1,2025,201,0.068,1.0,0
FPS-0552,2025-01,RICE,200,13,RABI,1,2025,192,0.023,1.0,0
FPS-0552,2025-01,WHEAT,200,13,RABI,1,2025,190,0.067,1.0,0
FPS-0553,2025-01,RICE,275,23,RABI,1,2025,268,0.026,1.0,0
FPS-0553,2025-01,WHEAT,200,23,RABI,1,2025,191,0.049,1.0,0
FPS-0554,2025-01,RICE,200,10,RABI,1,2025,203,-0.009,1.0,0
FPS-0554,2025-01,WHEAT,200,10,RABI,1,2025,193,-0.031,1.0,0
FPS-0555,2025-01,RICE,279,23,RABI,1,2025,294,0.042,1.0,0
FPS-0555,2025-01,WHEAT,200,23,RABI,1,2025,193,0.043,1.0,0
FPS-0556,2025-01,RICE,259,20,RABI,1,2025,241,0.073,1.0,0
FPS-0556,2025-01,WHEAT,200,20,RABI,1,2025,204,0.052,1.0,0
FPS-0557,2025-01,RICE,252,19,RABI,1,2025,232,0.079,1.0,0
FPS-0557,2025-01,WHEAT,200,19,RABI,1,2025,198,-0.044,1.0,0
FPS-0558,2025-01,RICE,286,21,RABI,1,2025,293,-0.003,1.0,0
FPS-0558,2025-01,WHEAT,217,21,RABI,1,2025,217,-0.004,1.0,0
FPS-0559,2025-01,RICE,204,18,RABI,1,2025,192,0.033,1.0,0
FPS-0559,2025-01,WHEAT,200,18,RABI,1,2025,197,0.056,1.0,0
FPS-0560,2025-01,RICE,281,21,RABI,1,2025,259,0.015,1.0,0
FPS-0560,2025-01,WHEAT,202,21,RABI,1,2025,196,0.079,1.0,0
FPS-0561,2025-01,RICE,200,13,RABI,1,2025,199,-0.014,1.0,0
FPS-0561,2025-01,WHEAT,200,13,RABI,1,2025,198,-0.009,1.0,0
FPS-0562,2025-01,RICE,308,20,RABI,1,2025,300,0.057,1.0,0
FPS-0562,2025-01,WHEAT,218,20,RABI,1,2025,212,0.066,1.0,0
FPS-0563,2025-01,RICE,353,30,RABI,1,2025,367,0.07,1.0,0
FPS-0563,2025-01,WHEAT,237,30,RABI,1,2025,224,-0.024,1.0,0
FPS-0564,2025-01,RICE,200,14,RABI,1,2025,203,0.003,1.0,0
FPS-0564,2025-01,WHEAT,200,14,RABI,1,2025,211,-0.004,1.0,0
FPS-0565,2025-01,RICE,215,19,RABI,1,2025,215,0.037,1.0,0
FPS-0565,2025-01,WHEAT,200,19,RABI,1,2025,209,-0.006,1.0,0
FPS-0566,2025-01,RICE,200,16,RABI,1,2025,207,-0.038,1.0,0
FPS-0566,2025-01,WHEAT,200,16,RABI,1,2025,209,0.036,1.0,0
FPS-0567,2025-01,RICE,200,12,RABI,1,2025,188,0.036,1.0,0
FPS-0567,2025-01,WHEAT,200,12,RABI,1,2025,208,-0.045,1.0,0
FPS-0568,2025-01,RICE,297,20,RABI,1,2025,291,0.038,1.0,0
FPS-0568,2025-01,WHEAT,200,20,RABI,1,2025,192,0.008,1.0,0
FPS-0569,2025-01,RICE,269,22,RABI,1,2025,266,0.056,1.0,0
FPS-0569,2025-01,WHEAT,200,22,RABI,1,2025,204,0.021,1.0,0
FPS-0570,2025-01,RICE,200,8,RABI,1,2025,188,0.043,1.0,0
FPS-0570,2025-01,WHEAT,200,8,RABI,1,2025,203,-0.05,1.0,0
FPS-0571,2025-01,RICE,200,16,RABI,1,2025,185,0.076,1.0,0
FPS-0571,2025-01,WHEAT,200,16,RABI,1,2025,210,-0.012,1.0,0
FPS-0572,2025-01,RICE,282,22,RABI,1,2025,281,0.048,1.0,0
FPS-0572,2025-01,WHEAT,200,22,RABI,1,2025,201,-0.004,1.0,0
FPS-0573,2025-01,RICE,200,13,RABI,1,2025,195,-0.02,1.0,0
FPS-0573,2025-01,WHEAT,200,13,RABI,1,2025,210,0.077,1.0,0
FPS-0574,2025-01,RICE,237,20,RABI,1,2025,222,0.061,1.0,0
FPS-0574,2025-01,WHEAT,200,20,RABI,1,2025,203,-0.018,1.0,0
FPS-0575,2025-01,RICE,298,25,RABI,1,2025,315,-0.045,1.0,0
FPS-0575,2025-01,WHEAT,226,25,RABI,1,2025,222,0.012,1.0,0
FPS-0576,2025-01,RICE,200,13,RABI,1,2025,188,-0.035,1.0,0
FPS-0576,2025-01,WHEAT,200,13,RABI,1,2025,185,0.054,1.0,0
FPS-0577,2025-01,RICE,200,15,RABI,1,2025,192,-0.05,1.0,0
FPS-0577,2025-01,WHEAT,200,15,RABI,1,2025,211,0.043,1.0,0
FPS-0578,2025-01,RICE,200,11,RABI,1,2025,187,-0.012,1.0,0
FPS-0578,2025-01,WHEAT,200,11,RABI,1,2025,187,0.037,1.0,0
FPS-0579,2025-01,RICE,200,15,RABI,1,2025,190,-0.048,1.0,0
FPS-0579,2025-01,WHEAT,200,15,RABI,1,2025,207,-0.027,1.0,0
FPS-0580,2025-01,RICE,239,22,RABI,1,2025,245,-0.018,1.0,0
FPS-0580,2025-01,WHEAT,200,22,RABI,1,2025,199,0.079,1.0,0
FPS-0581,2025-01,RICE,200,19,RABI,1,2025,184,0.02,1.0,0
FPS-0581,2025-01,WHEAT,200,19,RABI,1,2025,193,-0.028,1.0,0
FPS-0582,2025-01,RICE,200,7,RABI,1,2025,206,-0.047,1.0,0
FPS-0582,2025-01,WHEAT,200,7,RABI,1,2025,189,-0.029,1.0,0
FPS-0583,2025-01,RICE,200,12,RABI,1,2025,211,-0.01,1.0,0
FPS-0583,2025-01,WHEAT,200,12,RABI,1,2025,208,-0.032,1.0,0
FPS-0584,2025-01,RICE,200,10,RABI,1,2025,195,-0.036,1.0,0
FPS-0584,2025-01,WHEAT,200,10,RABI,1,2025,202,-0.011,1.0,0
FPS-0585,2025-01,RICE,200,15,RABI,1,2025,195,0.004,1.0,0
FPS-0585,2025-01,WHEAT,200,15,RABI,1,2025,211,0.042,1.0,0
FPS-0586,2025-01,RICE,200,15,RABI,1,2025,203,0.079,1.0,0
FPS-0586,2025-01,WHEAT,200,15,RABI,1,2025,186,0.035,1.0,0
FPS-0587,2025-01,RICE,226,17,RABI,1,2025,221,0.039,1.0,0
FPS-0587,2025-01,WHEAT,200,17,RABI,1,2025,194,0.041,1.0,0
FPS-0588,2025-01,RICE,235,19,RABI,1,2025,242,0.071,1.0,0
FPS-0588,2025-01,WHEAT,200,19,RABI,1,2025,209,0.078,1.0,0
FPS-0589,2025-01,RICE,200,13,RABI,1,2025,208,0.037,1.0,0
FPS-0589,2025-01,WHEAT,200,13,RABI,1,2025,189,0.003,1.0,0
FPS-0590,2025-01,RICE,200,14,RABI,1,2025,197,-0.035,1.0,0
FPS-0590,2025-01,WHEAT,200,14,RABI,1,2025,210,0.024,1.0,0
FPS-0591,2025-01,RICE,200,15,RABI,1,2025,207,0.045,1.0,0
FPS-0591,2025-01,WHEAT,200,15,RABI,1,2025,204,0.061,1.0,0
FPS-0592,2025-01,RICE,200,18,RABI,1,2025,193,-0.007,1.0,0
FPS-0592,2025-01,WHEAT,200,18,RABI,1,2025,186,-0.035,1.0,0
FPS-0593,2025-01,RICE,322,27,RABI,1,2025,340,0.032,1.0,0
FPS-0593,2025-01,WHEAT,247,27,RABI,1,2025,237,0.069,1.0,0
FPS-0594,2025-01,RICE,216,16,RABI,1,2025,212,0.076,1.0,0
FPS-0594,2025-01,WHEAT,200,16,RABI,1,2025,208,-0.02,1.0,0
FPS-0595,2025-01,RICE,200,15,RABI,1,2025,195,0.061,1.0,0
FPS-0595,2025-01,WHEAT,200,15,RABI,1,2025,203,0.054,1.0,0
FPS-0596,2025-01,RICE,200,15,RABI,1,2025,205,-0.033,1.0,0
FPS-0596,2025-01,WHEAT,140,15,RABI,1,2025,184,-0.049,1.0,1
FPS-0597,2025-01,RICE,382,26,RABI,1,2025,399,-0.046,1.0,0
FPS-0597,2025-01,WHEAT,292,26,RABI,1,2025,301,0.04,1.0,0
FPS-0598,2025-01,RICE,268,16,RABI,1,2025,275,0.046,1.0,0
FPS-0598,2025-01,WHEAT,200,16,RABI,1,2025,188,0.067,1.0,0
FPS-0599,2025-01,RICE,200,15,RABI,1,2025,206,0.037,1.0,0
FPS-0599,2025-01,WHEAT,200,15,RABI,1,2025,198,0.077,1.0,0
FPS-0600,2025-01,RICE,200,13,RABI,1,2025,191,0.038,1.0,0
FPS-0600,2025-01,WHEAT,200,13,RABI,1,2025,208,-0.032,1.0,0
FPS-0001,2025-02,RICE,302,22,RABI,2,2025,278,0.042,1.0,0
FPS-0001,2025-02,WHEAT,159,22,RABI,2,2025,221,0.025,1.0,1
FPS-0002,2025-02,RICE,200,13,RABI,2,2025,211,-0.002,1.0,0
FPS-0002,2025-02,WHEAT,200,13,RABI,2,2025,210,-0.03,1.0,0
FPS-0003,2025-02,RICE,284,25,RABI,2,2025,293,0.027,1.0,0
FPS-0003,2025-02,WHEAT,208,25,RABI,2,2025,209,0.005,1.0,0
FPS-0004,2025-02,RICE,200,13,RABI,2,2025,186,-0.037,1.0,0
FPS-0004,2025-02,WHEAT,200,13,RABI,2,2025,189,-0.003,1.0,0
FPS-0005,2025-02,RICE,212,18,RABI,2,2025,208,0.022,1.0,0
FPS-0005,2025-02,WHEAT,200,18,RABI,2,2025,188,0.008,1.0,0
FPS-0006,2025-02,RICE,306,20,RABI,2,2025,282,0.043,1.0,0
FPS-0006,2025-02,WHEAT,222,20,RABI,2,2025,226,0.072,1.0,0
FPS-0007,2025-02,RICE,140,11,RABI,2,2025,190,0.011,1.0,1
FPS-0007,2025-02,WHEAT,200,11,RABI,2,2025,209,-0.045,1.0,0
FPS-0008,2025-02,RICE,201,17,RABI,2,2025,204,0.018,1.0,0
FPS-0008,2025-02,WHEAT,200,17,RABI,2,2025,199,0.07,1.0,0
FPS-0009,2025-02,RICE,200,13,RABI,2,2025,207,-0.031,1.0,0
FPS-0009,2025-02,WHEAT,200,13,RABI,2,2025,186,0.042,1.0,0
FPS-0010,2025-02,RICE,240,17,RABI,2,2025,221,-0.017,1.0,0
FPS-0010,2025-02,WHEAT,200,17,RABI,2,2025,209,0.074,1.0,0
FPS-0011,2025-02,RICE,200,14,RABI,2,2025,207,-0.042,1.0,0
FPS-0011,2025-02,WHEAT,200,14,RABI,2,2025,191,-0.043,1.0,0
FPS-0012,2025-02,RICE,240,20,RABI,2,2025,231,-0.032,1.0,0
FPS-0012,2025-02,WHEAT,140,20,RABI,2,2025,200,-0.044,1.0,1
FPS-0013,2025-02,RICE,259,17,RABI,2,2025,244,0.079,1.0,0
FPS-0013,2025-02,WHEAT,200,17,RABI,2,2025,203,0.045,1.0,0
FPS-0014,2025-02,RICE,200,11,RABI,2,2025,190,-0.048,1.0,0
FPS-0014,2025-02,WHEAT,200,11,RABI,2,2025,206,0.017,1.0,0
FPS-0015,2025-02,RICE,209,14,RABI,2,2025,214,0.05,1.0,0
FPS-0015,2025-02,WHEAT,200,14,RABI,2,2025,197,0.024,1.0,0
FPS-0016,2025-02,RICE,228,20,RABI,2,2025,239,-0.001,1.0,0
FPS-0016,2025-02,WHEAT,200,20,RABI,2,2025,207,0.032,1.0,0
FPS-0017,2025-02,RICE,200,15,RABI,2,2025,206,0.055,1.0,0
FPS-0017,2025-02,WHEAT,200,15,RABI,2,2025,210,0.065,1.0,0
FPS-0018,2025-02,RICE,305,24,RABI,2,2025,300,0.036,1.0,0
FPS-0018,2025-02,WHEAT,206,24,RABI,2,2025,206,-0.001,1.0,0
FPS-0019,2025-02,RICE,230,18,RABI,2,2025,215,-0.049,1.0,0
FPS-0019,2025-02,WHEAT,200,18,RABI,2,2025,192,0.071,1.0,0
FPS-0020,2025-02,RICE,200,15,RABI,2,2025,199,-0.018,1.0,0
FPS-0020,2025-02,WHEAT,200,15,RABI,2,2025,194,-0.033,1.0,0
FPS-0021,2025-02,RICE,339,26,RABI,2,2025,354,0.036,1.0,0
FPS-0021,2025-02,WHEAT,230,26,RABI,2,2025,222,0.011,1.0,0
FPS-0022,2025-02,RICE,200,15,RABI,2,2025,209,-0.048,1.0,0
FPS-0022,2025-02,WHEAT,200,15,RABI,2,2025,205,0.005,1.0,0
FPS-0023,2025-02,RICE,206,16,RABI,2,2025,200,0.069,1.0,0
FPS-0023,2025-02,WHEAT,200,16,RABI,2,2025,188,0.062,1.0,0
FPS-0024,2025-02,RICE,200,18,RABI,2,2025,188,0.053,1.0,0
FPS-0024,2025-02,WHEAT,200,18,RABI,2,2025,209,0.02,1.0,0
FPS-0025,2025-02,RICE,305,19,RABI,2,2025,296,0.056,1.0,0
FPS-0025,2025-02,WHEAT,200,19,RABI,2,2025,201,0.003,1.0,0
FPS-0026,2025-02,RICE,200,16,RABI,2,2025,206,-0.042,1.0,0
FPS-0026,2025-02,WHEAT,200,16,RABI,2,2025,191,0.042,1.0,0
FPS-0027,2025-02,RICE,200,15,RABI,2,2025,191,0.031,1.0,0
FPS-0027,2025-02,WHEAT,200,15,RABI,2,2025,207,0.068,1.0,0
FPS-0028,2025-02,RICE,200,12,RABI,2,2025,204,0.04,1.0,0
FPS-0028,2025-02,WHEAT,200,12,RABI,2,2025,196,0.007,1.0,0
FPS-0029,2025-02,RICE,264,21,RABI,2,2025,264,0.074,1.0,0
FPS-0029,2025-02,WHEAT,200,21,RABI,2,2025,205,0.058,1.0,0
FPS-0030,2025-02,RICE,200,10,RABI,2,2025,195,0.064,1.0,0
FPS-0030,2025-02,WHEAT,200,10,RABI,2,2025,211,-0.002,1.0,0
FPS-0031,2025-02,RICE,200,13,RABI,2,2025,197,0.019,1.0,0
FPS-0031,2025-02,WHEAT,200,13,RABI,2,2025,208,0.032,1.0,0
FPS-0032,2025-02,RICE,206,17,RABI,2,2025,214,0.017,1.0,0
FPS-0032,2025-02,WHEAT,140,17,RABI,2,2025,202,-0.012,1.0,1
FPS-0033,2025-02,RICE,231,14,RABI,2,2025,239,-0.007,1.0,0
FPS-0033,2025-02,WHEAT,200,14,RABI,2,2025,205,-0.021,1.0,0
FPS-0034,2025-02,RICE,234,18,RABI,2,2025,242,0.017,1.0,0
FPS-0034,2025-02,WHEAT,200,18,RABI,2,2025,202,0.061,1.0,0
FPS-0035,2025-02,RICE,224,18,RABI,2,2025,217,-0.023,1.0,0
FPS-0035,2025-02,WHEAT,200,18,RABI,2,2025,187,0.072,1.0,0
FPS-0036,2025-02,RICE,240,23,RABI,2,2025,241,-0.041,1.0,0
FPS-0036,2025-02,WHEAT,200,23,RABI,2,2025,187,0.076,1.0,0
FPS-0037,2025-02,RICE,242,20,RABI,2,2025,224,-0.006,1.0,0
FPS-0037,2025-02,WHEAT,200,20,RABI,2,2025,191,0.062,1.0,0
FPS-0038,2025-02,RICE,255,20,RABI,2,2025,244,0.047,1.0,0
FPS-0038,2025-02,WHEAT,200,20,RABI,2,2025,197,0.065,1.0,0
FPS-0039,2025-02,RICE,250,20,RABI,2,2025,235,0.03,1.0,0
FPS-0039,2025-02,WHEAT,200,20,RABI,2,2025,190,0.015,1.0,0
FPS-0040,2025-02,RICE,200,12,RABI,2,2025,190,-0.029,1.0,0
FPS-0040,2025-02,WHEAT,200,12,RABI,2,2025,209,-0.046,1.0,0
FPS-0041,2025-02,RICE,200,13,RABI,2,2025,185,0.012,1.0,0
FPS-0041,2025-02,WHEAT,200,13,RABI,2,2025,197,0.079,1.0,0
FPS-0042,2025-02,RICE,218,18,RABI,2,2025,220,0.071,1.0,0
FPS-0042,2025-02,WHEAT,200,18,RABI,2,2025,192,0.057,1.0,0
FPS-0043,2025-02,RICE,200,17,RABI,2,2025,207,0.007,1.0,0
FPS-0043,2025-02,WHEAT,200,17,RABI,2,2025,192,0.058,1.0,0
FPS-0044,2025-02,RICE,140,15,RABI,2,2025,200,-0.032,1.0,1
FPS-0044,2025-02,WHEAT,200,15,RABI,2,2025,193,-0.014,1.0,0
FPS-0045,2025-02,RICE,246,21,RABI,2,2025,250,0.049,1.0,0
FPS-0045,2025-02,WHEAT,200,21,RABI,2,2025,190,0.035,1.0,0
FPS-0046,2025-02,RICE,200,13,RABI,2,2025,211,0.035,1.0,0
FPS-0046,2025-02,WHEAT,200,13,RABI,2,2025,192,0.061,1.0,0
FPS-0047,2025-02,RICE,271,21,RABI,2,2025,283,0.078,1.0,0
FPS-0047,2025-02,WHEAT,200,21,RABI,2,2025,208,0.031,1.0,0
FPS-0048,2025-02,RICE,200,12,RABI,2,2025,197,0.03,1.0,0
FPS-0048,2025-02,WHEAT,200,12,RABI,2,2025,195,-0.035,1.0,0
FPS-0049,2025-02,RICE,203,17,RABI,2,2025,190,0.012,1.0,0
FPS-0049,2025-02,WHEAT,200,17,RABI,2,2025,188,0.026,1.0,0
FPS-0050,2025-02,RICE,299,23,RABI,2,2025,297,0.034,1.0,0
FPS-0050,2025-02,WHEAT,232,23,RABI,2,2025,226,0.068,1.0,0
FPS-0051,2025-02,RICE,235,19,RABI,2,2025,240,0.068,1.0,0
FPS-0051,2025-02,WHEAT,200,19,RABI,2,2025,209,-0.014,1.0,0
FPS-0052,2025-02,RICE,246,19,RABI,2,2025,252,-0.042,1.0,0
FPS-0052,2025-02,WHEAT,200,19,RABI,2,2025,198,0.039,1.0,0
FPS-0053,2025-02,RICE,200,17,RABI,2,2025,207,-0.003,1.0,0
FPS-0053,2025-02,WHEAT,200,17,RABI,2,2025,197,0.011,1.0,0
FPS-0054,2025-02,RICE,200,14,RABI,2,2025,205,0.034,1.0,0
FPS-0054,2025-02,WHEAT,200,14,RABI,2,2025,211,0.056,1.0,0
FPS-0055,2025-02,RICE,267,20,RABI,2,2025,279,0.07,1.0,0
FPS-0055,2025-02,WHEAT,200,20,RABI,2,2025,187,0.065,1.0,0
FPS-0056,2025-02,RICE,209,19,RABI,2,2025,194,0.061,1.0,0
FPS-0056,2025-02,WHEAT,200,19,RABI,2,2025,207,0.051,1.0,0
FPS-0057,2025-02,RICE,229,18,RABI,2,2025,226,-0.036,1.0,0
FPS-0057,2025-02,WHEAT,200,18,RABI,2,2025,202,0.061,1.0,0
FPS-0058,2025-02,RICE,228,19,RABI,2,2025,217,0.013,1.0,0
FPS-0058,2025-02,WHEAT,200,19,RABI,2,2025,206,-0.044,1.0,0
FPS-0059,2025-02,RICE,209,17,RABI,2,2025,210,0.007,1.0,0
FPS-0059,2025-02,WHEAT,200,17,RABI,2,2025,186,-0.032,1.0,0
FPS-0060,2025-02,RICE,236,22,RABI,2,2025,242,-0.014,1.0,0
FPS-0060,2025-02,WHEAT,200,22,RABI,2,2025,209,-0.044,1.0,0
FPS-0061,2025-02,RICE,200,15,RABI,2,2025,198,0.077,1.0,0
FPS-0061,2025-02,WHEAT,200,15,RABI,2,2025,188,0.039,1.0,0
FPS-0062,2025-02,RICE,200,12,RABI,2,2025,196,0.045,1.0,0
FPS-0062,2025-02,WHEAT,200,12,RABI,2,2025,210,-0.014,1.0,0
FPS-0063,2025-02,RICE,257,20,RABI,2,2025,261,0.016,1.0,0
FPS-0063,2025-02,WHEAT,200,20,RABI,2,2025,200,0.068,1.0,0
FPS-0064,2025-02,RICE,200,15,RABI,2,2025,186,0.054,1.0,0
FPS-0064,2025-02,WHEAT,200,15,RABI,2,2025,202,0.014,1.0,0
FPS-0065,2025-02,RICE,200,16,RABI,2,2025,194,0.009,1.0,0
FPS-0065,2025-02,WHEAT,200,16,RABI,2,2025,195,-0.042,1.0,0
FPS-0066,2025-02,RICE,201,17,RABI,2,2025,201,-0.019,1.0,0
FPS-0066,2025-02,WHEAT,200,17,RABI,2,2025,190,0.004,1.0,0
FPS-0067,2025-02,RICE,140,13,RABI,2,2025,193,0.007,1.0,1
FPS-0067,2025-02,WHEAT,200,13,RABI,2,2025,193,0.06,1.0,0
FPS-0068,2025-02,RICE,200,20,RABI,2,2025,195,-0.029,1.0,0
FPS-0068,2025-02,WHEAT,200,20,RABI,2,2025,186,0.063,1.0,0
FPS-0069,2025-02,RICE,200,16,RABI,2,2025,199,0.069,1.0,0
FPS-0069,2025-02,WHEAT,200,16,RABI,2,2025,190,0.04,1.0,0
FPS-0070,2025-02,RICE,200,16,RABI,2,2025,201,0.003,1.0,0
FPS-0070,2025-02,WHEAT,200,16,RABI,2,2025,209,0.009,1.0,0
FPS-0071,2025-02,RICE,200,15,RABI,2,2025,211,-0.024,1.0,0
FPS-0071,2025-02,WHEAT,200,15,RABI,2,2025,197,-0.044,1.0,0
FPS-0072,2025-02,RICE,287,22,RABI,2,2025,280,0.075,1.0,0
FPS-0072,2025-02,WHEAT,200,22,RABI,2,2025,189,-0.011,1.0,0
FPS-0073,2025-02,RICE,250,21,RABI,2,2025,248,0.022,1.0,0
FPS-0073,2025-02,WHEAT,200,21,RABI,2,2025,204,0.052,1.0,0
FPS-0074,2025-02,RICE,200,11,RABI,2,2025,195,-0.022,1.0,0
FPS-0074,2025-02,WHEAT,200,11,RABI,2,2025,186,0.017,1.0,0
FPS-0075,2025-02,RICE,229,21,RABI,2,2025,236,-0.021,1.0,0
FPS-0075,2025-02,WHEAT,200,21,RABI,2,2025,201,-0.031,1.0,0
FPS-0076,2025-02,RICE,286,19,RABI,2,2025,298,-0.044,1.0,0
FPS-0076,2025-02,WHEAT,215,19,RABI,2,2025,227,0.009,1.0,0
FPS-0077,2025-02,RICE,200,15,RABI,2,2025,188,0.027,1.0,0
FPS-0077,2025-02,WHEAT,200,15,RABI,2,2025,196,0.072,1.0,0
FPS-0078,2025-02,RICE,223,20,RABI,2,2025,218,-0.01,1.0,0
FPS-0078,2025-02,WHEAT,200,20,RABI,2,2025,191,-0.038,1.0,0
FPS-0079,2025-02,RICE,200,11,RABI,2,2025,188,-0.023,1.0,0
FPS-0079,2025-02,WHEAT,200,11,RABI,2,2025,190,0.013,1.0,0
FPS-0080,2025-02,RICE,200,15,RABI,2,2025,208,0.036,1.0,0
FPS-0080,2025-02,WHEAT,200,15,RABI,2,2025,205,0.029,1.0,0
FPS-0081,2025-02,RICE,227,21,RABI,2,2025,218,-0.039,1.0,0
FPS-0081,2025-02,WHEAT,200,21,RABI,2,2025,184,0.008,1.0,0
FPS-0082,2025-02,RICE,238,22,RABI,2,2025,242,0.028,1.0,0
FPS-0082,2025-02,WHEAT,200,22,RABI,2,2025,198,0.037,1.0,0
FPS-0083,2025-02,RICE,240,18,RABI,2,2025,223,0.037,1.0,0
FPS-0083,2025-02,WHEAT,200,18,RABI,2,2025,210,0.063,1.0,0
FPS-0084,2025-02,RICE,295,20,RABI,2,2025,274,0.024,1.0,0
FPS-0084,2025-02,WHEAT,204,20,RABI,2,2025,199,-0.03,1.0,0
FPS-0085,2025-02,RICE,200,14,RABI,2,2025,202,-0.034,1.0,0
FPS-0085,2025-02,WHEAT,200,14,RABI,2,2025,186,0.002,1.0,0
FPS-0086,2025-02,RICE,200,14,RABI,2,2025,202,-0.007,1.0,0
FPS-0086,2025-02,WHEAT,200,14,RABI,2,2025,193,0.036,1.0,0
FPS-0087,2025-02,RICE,200,13,RABI,2,2025,192,0.067,1.0,0
FPS-0087,2025-02,WHEAT,200,13,RABI,2,2025,210,-0.012,1.0,0
FPS-0088,2025-02,RICE,200,15,RABI,2,2025,192,0.005,1.0,0
FPS-0088,2025-02,WHEAT,200,15,RABI,2,2025,211,0.037,1.0,0
FPS-0089,2025-02,RICE,248,18,RABI,2,2025,229,0.049,1.0,0
FPS-0089,2025-02,WHEAT,200,18,RABI,2,2025,198,-0.026,1.0,0
FPS-0090,2025-02,RICE,216,15,RABI,2,2025,218,0.059,1.0,0
FPS-0090,2025-02,WHEAT,200,15,RABI,2,2025,197,0.017,1.0,0
FPS-0091,2025-02,RICE,200,18,RABI,2,2025,199,-0.007,1.0,0
FPS-0091,2025-02,WHEAT,200,18,RABI,2,2025,196,0.029,1.0,0
FPS-0092,2025-02,RICE,282,21,RABI,2,2025,274,0.065,1.0,0
FPS-0092,2025-02,WHEAT,213,21,RABI,2,2025,218,0.068,1.0,0
FPS-0093,2025-02,RICE,191,24,RABI,2,2025,261,-0.036,1.0,1
FPS-0093,2025-02,WHEAT,200,24,RABI,2,2025,185,0.009,1.0,0
FPS-0094,2025-02,RICE,278,19,RABI,2,2025,283,0.046,1.0,0
FPS-0094,2025-02,WHEAT,201,19,RABI,2,2025,209,0.066,1.0,0
FPS-0095,2025-02,RICE,206,26,RABI,2,2025,305,0.059,1.0,1
FPS-0095,2025-02,WHEAT,230,26,RABI,2,2025,212,0.079,1.0,0
FPS-0096,2025-02,RICE,200,13,RABI,2,2025,205,-0.03,1.0,0
FPS-0096,2025-02,WHEAT,200,13,RABI,2,2025,189,0.033,1.0,0
FPS-0097,2025-02,RICE,273,20,RABI,2,2025,285,0.021,1.0,0
FPS-0097,2025-02,WHEAT,201,20,RABI,2,2025,189,0.03,1.0,0
FPS-0098,2025-02,RICE,278,20,RABI,2,2025,256,0.035,1.0,0
FPS-0098,2025-02,WHEAT,200,20,RABI,2,2025,206,0.032,1.0,0
FPS-0099,2025-02,RICE,204,16,RABI,2,2025,202,0.072,1.0,0
FPS-0099,2025-02,WHEAT,200,16,RABI,2,2025,202,0.048,1.0,0
FPS-0100,2025-02,RICE,200,12,RABI,2,2025,207,-0.03,1.0,0
FPS-0100,2025-02,WHEAT,200,12,RABI,2,2025,207,0.018,1.0,0
FPS-0101,2025-02,RICE,305,19,RABI,2,2025,295,0.051,1.0,0
FPS-0101,2025-02,WHEAT,213,19,RABI,2,2025,221,0.018,1.0,0
FPS-0102,2025-02,RICE,200,15,RABI,2,2025,210,-0.031,1.0,0
FPS-0102,2025-02,WHEAT,200,15,RABI,2,2025,202,-0.024,1.0,0
FPS-0103,2025-02,RICE,321,23,RABI,2,2025,307,0.076,1.0,0
FPS-0103,2025-02,WHEAT,217,23,RABI,2,2025,204,0.015,1.0,0
FPS-0104,2025-02,RICE,200,14,RABI,2,2025,187,0.053,1.0,0
FPS-0104,2025-02,WHEAT,200,14,RABI,2,2025,190,0.058,1.0,0
FPS-0105,2025-02,RICE,329,23,RABI,2,2025,314,0.058,1.0,0
FPS-0105,2025-02,WHEAT,212,23,RABI,2,2025,214,0.01,1.0,0
FPS-0106,2025-02,RICE,200,14,RABI,2,2025,207,-0.022,1.0,0
FPS-0106,2025-02,WHEAT,200,14,RABI,2,2025,209,0.067,1.0,0
FPS-0107,2025-02,RICE,200,18,RABI,2,2025,193,0.063,1.0,0
FPS-0107,2025-02,WHEAT,200,18,RABI,2,2025,194,0.036,1.0,0
FPS-0108,2025-02,RICE,200,10,RABI,2,2025,209,-0.043,1.0,0
FPS-0108,2025-02,WHEAT,200,10,RABI,2,2025,200,0.001,1.0,0
FPS-0109,2025-02,RICE,200,14,RABI,2,2025,205,0.008,1.0,0
FPS-0109,2025-02,WHEAT,200,14,RABI,2,2025,197,-0.021,1.0,0
FPS-0110,2025-02,RICE,200,17,RABI,2,2025,185,-0.037,1.0,0
FPS-0110,2025-02,WHEAT,200,17,RABI,2,2025,203,0.075,1.0,0
FPS-0111,2025-02,RICE,200,13,RABI,2,2025,190,-0.023,1.0,0
FPS-0111,2025-02,WHEAT,200,13,RABI,2,2025,202,0.026,1.0,0
FPS-0112,2025-02,RICE,200,14,RABI,2,2025,194,-0.016,1.0,0
FPS-0112,2025-02,WHEAT,200,14,RABI,2,2025,194,0.064,1.0,0
FPS-0113,2025-02,RICE,200,8,RABI,2,2025,191,-0.045,1.0,0
FPS-0113,2025-02,WHEAT,200,8,RABI,2,2025,187,-0.017,1.0,0
FPS-0114,2025-02,RICE,200,15,RABI,2,2025,206,0.054,1.0,0
FPS-0114,2025-02,WHEAT,200,15,RABI,2,2025,207,0.069,1.0,0
FPS-0115,2025-02,RICE,200,13,RABI,2,2025,195,-0.034,1.0,0
FPS-0115,2025-02,WHEAT,200,13,RABI,2,2025,204,-0.047,1.0,0
FPS-0116,2025-02,RICE,200,9,RABI,2,2025,187,-0.016,1.0,0
FPS-0116,2025-02,WHEAT,200,9,RABI,2,2025,200,0.032,1.0,0
FPS-0117,2025-02,RICE,200,17,RABI,2,2025,198,0.034,1.0,0
FPS-0117,2025-02,WHEAT,200,17,RABI,2,2025,187,0.001,1.0,0
FPS-0118,2025-02,RICE,217,19,RABI,2,2025,216,0.059,1.0,0
FPS-0118,2025-02,WHEAT,200,19,RABI,2,2025,203,0.035,1.0,0
FPS-0119,2025-02,RICE,200,15,RABI,2,2025,198,0.056,1.0,0
FPS-0119,2025-02,WHEAT,200,15,RABI,2,2025,208,-0.017,1.0,0
FPS-0120,2025-02,RICE,200,16,RABI,2,2025,192,-0.035,1.0,0
FPS-0120,2025-02,WHEAT,200,16,RABI,2,2025,191,0.019,1.0,0
FPS-0121,2025-02,RICE,200,15,RABI,2,2025,189,0.054,1.0,0
FPS-0121,2025-02,WHEAT,200,15,RABI,2,2025,185,0.036,1.0,0
FPS-0122,2025-02,RICE,200,14,RABI,2,2025,195,-0.019,1.0,0
FPS-0122,2025-02,WHEAT,200,14,RABI,2,2025,195,-0.01,1.0,0
FPS-0123,2025-02,RICE,200,14,RABI,2,2025,211,0.078,1.0,0
FPS-0123,2025-02,WHEAT,200,14,RABI,2,2025,196,0.072,1.0,0
FPS-0124,2025-02,RICE,273,21,RABI,2,2025,278,-0.02,1.0,0
FPS-0124,2025-02,WHEAT,214,21,RABI,2,2025,203,0.021,1.0,0
FPS-0125,2025-02,RICE,200,14,RABI,2,2025,203,-0.033,1.0,0
FPS-0125,2025-02,WHEAT,200,14,RABI,2,2025,196,0.062,1.0,0
FPS-0126,2025-02,RICE,200,13,RABI,2,2025,195,0.017,1.0,0
FPS-0126,2025-02,WHEAT,200,13,RABI,2,2025,188,0.028,1.0,0
FPS-0127,2025-02,RICE,200,11,RABI,2,2025,203,0.011,1.0,0
FPS-0127,2025-02,WHEAT,200,11,RABI,2,2025,188,0.012,1.0,0
FPS-0128,2025-02,RICE,200,12,RABI,2,2025,193,0.049,1.0,0
FPS-0128,2025-02,WHEAT,200,12,RABI,2,2025,190,-0.03,1.0,0
FPS-0129,2025-02,RICE,200,17,RABI,2,2025,207,0.04,1.0,0
FPS-0129,2025-02,WHEAT,200,17,RABI,2,2025,200,0.075,1.0,0
FPS-0130,2025-02,RICE,200,16,RABI,2,2025,193,0.066,1.0,0
FPS-0130,2025-02,WHEAT,200,16,RABI,2,2025,195,0.077,1.0,0
FPS-0131,2025-02,RICE,200,15,RABI,2,2025,185,-0.0,1.0,0
FPS-0131,2025-02,WHEAT,200,15,RABI,2,2025,189,-0.029,1.0,0
FPS-0132,2025-02,RICE,205,23,RABI,2,2025,269,0.04,1.0,1
FPS-0132,2025-02,WHEAT,206,23,RABI,2,2025,216,-0.002,1.0,0
FPS-0133,2025-02,RICE,200,13,RABI,2,2025,184,0.066,1.0,0
FPS-0133,2025-02,WHEAT,200,13,RABI,2,2025,185,0.052,1.0,0
FPS-0134,2025-02,RICE,200,16,RABI,2,2025,194,0.07,1.0,0
FPS-0134,2025-02,WHEAT,200,16,RABI,2,2025,199,-0.029,1.0,0
FPS-0135,2025-02,RICE,200,15,RABI,2,2025,186,0.045,1.0,0
FPS-0135,2025-02,WHEAT,200,15,RABI,2,2025,210,-0.014,1.0,0
FPS-0136,2025-02,RICE,219,16,RABI,2,2025,231,0.012,1.0,0
FPS-0136,2025-02,WHEAT,200,16,RABI,2,2025,203,0.069,1.0,0
FPS-0137,2025-02,RICE,200,15,RABI,2,2025,193,0.067,1.0,0
FPS-0137,2025-02,WHEAT,200,15,RABI,2,2025,208,0.039,1.0,0
FPS-0138,2025-02,RICE,277,23,RABI,2,2025,256,-0.012,1.0,0
FPS-0138,2025-02,WHEAT,221,23,RABI,2,2025,223,0.074,1.0,0
FPS-0139,2025-02,RICE,200,17,RABI,2,2025,203,-0.037,1.0,0
FPS-0139,2025-02,WHEAT,200,17,RABI,2,2025,189,0.007,1.0,0
FPS-0140,2025-02,RICE,200,14,RABI,2,2025,205,0.012,1.0,0
FPS-0140,2025-02,WHEAT,200,14,RABI,2,2025,193,0.038,1.0,0
FPS-0141,2025-02,RICE,200,9,RABI,2,2025,205,0.041,1.0,0
FPS-0141,2025-02,WHEAT,200,9,RABI,2,2025,190,0.053,1.0,0
FPS-0142,2025-02,RICE,242,20,RABI,2,2025,251,0.061,1.0,0
FPS-0142,2025-02,WHEAT,200,20,RABI,2,2025,199,0.045,1.0,0
FPS-0143,2025-02,RICE,242,22,RABI,2,2025,255,0.023,1.0,0
FPS-0143,2025-02,WHEAT,200,22,RABI,2,2025,196,-0.034,1.0,0
FPS-0144,2025-02,RICE,266,22,RABI,2,2025,271,-0.004,1.0,0
FPS-0144,2025-02,WHEAT,200,22,RABI,2,2025,207,-0.008,1.0,0
FPS-0145,2025-02,RICE,200,15,RABI,2,2025,204,-0.034,1.0,0
FPS-0145,2025-02,WHEAT,200,15,RABI,2,2025,185,0.038,1.0,0
FPS-0146,2025-02,RICE,200,13,RABI,2,2025,198,0.007,1.0,0
FPS-0146,2025-02,WHEAT,200,13,RABI,2,2025,206,0.059,1.0,0
FPS-0147,2025-02,RICE,208,20,RABI,2,2025,215,-0.013,1.0,0
FPS-0147,2025-02,WHEAT,200,20,RABI,2,2025,194,0.009,1.0,0
FPS-0148,2025-02,RICE,282,25,RABI,2,2025,296,-0.029,1.0,0
FPS-0148,2025-02,WHEAT,204,25,RABI,2,2025,216,0.025,1.0,0
FPS-0149,2025-02,RICE,316,25,RABI,2,2025,327,0.005,1.0,0
FPS-0149,2025-02,WHEAT,246,25,RABI,2,2025,247,0.028,1.0,0
FPS-0150,2025-02,RICE,200,13,RABI,2,2025,206,0.061,1.0,0
FPS-0150,2025-02,WHEAT,200,13,RABI,2,2025,199,0.004,1.0,0
FPS-0151,2025-02,RICE,264,22,RABI,2,2025,247,0.079,1.0,0
FPS-0151,2025-02,WHEAT,200,22,RABI,2,2025,205,-0.0,1.0,0
FPS-0152,2025-02,RICE,202,19,RABI,2,2025,205,-0.044,1.0,0
FPS-0152,2025-02,WHEAT,200,19,RABI,2,2025,203,0.05,1.0,0
FPS-0153,2025-02,RICE,240,17,RABI,2,2025,226,0.031,1.0,0
FPS-0153,2025-02,WHEAT,200,17,RABI,2,2025,196,-0.014,1.0,0
FPS-0154,2025-02,RICE,200,18,RABI,2,2025,191,-0.002,1.0,0
FPS-0154,2025-02,WHEAT,200,18,RABI,2,2025,203,-0.047,1.0,0
FPS-0155,2025-02,RICE,236,17,RABI,2,2025,221,0.049,1.0,0
FPS-0155,2025-02,WHEAT,200,17,RABI,2,2025,198,-0.047,1.0,0
FPS-0156,2025-02,RICE,200,14,RABI,2,2025,189,-0.036,1.0,0
FPS-0156,2025-02,WHEAT,200,14,RABI,2,2025,185,0.021,1.0,0
FPS-0157,2025-02,RICE,225,18,RABI,2,2025,208,0.056,1.0,0
FPS-0157,2025-02,WHEAT,200,18,RABI,2,2025,195,0.079,1.0,0
FPS-0158,2025-02,RICE,200,16,RABI,2,2025,207,0.053,1.0,0
FPS-0158,2025-02,WHEAT,200,16,RABI,2,2025,190,0.065,1.0,0
FPS-0159,2025-02,RICE,200,16,RABI,2,2025,199,0.08,1.0,0
FPS-0159,2025-02,WHEAT,200,16,RABI,2,2025,197,-0.044,1.0,0
FPS-0160,2025-02,RICE,200,11,RABI,2,2025,203,0.037,1.0,0
FPS-0160,2025-02,WHEAT,200,11,RABI,2,2025,209,-0.004,1.0,0
FPS-0161,2025-02,RICE,283,23,RABI,2,2025,298,0.064,1.0,0
FPS-0161,2025-02,WHEAT,216,23,RABI,2,2025,199,0.048,1.0,0
FPS-0162,2025-02,RICE,200,16,RABI,2,2025,204,0.062,1.0,0
FPS-0162,2025-02,WHEAT,200,16,RABI,2,2025,188,-0.042,1.0,0
FPS-0163,2025-02,RICE,200,16,RABI,2,2025,192,0.079,1.0,0
FPS-0163,2025-02,WHEAT,200,16,RABI,2,2025,204,0.036,1.0,0
FPS-0164,2025-02,RICE,200,13,RABI,2,2025,194,0.046,1.0,0
FPS-0164,2025-02,WHEAT,200,13,RABI,2,2025,193,0.026,1.0,0
FPS-0165,2025-02,RICE,200,14,RABI,2,2025,205,0.045,1.0,0
FPS-0165,2025-02,WHEAT,200,14,RABI,2,2025,185,-0.048,1.0,0
FPS-0166,2025-02,RICE,229,19,RABI,2,2025,241,0.07,1.0,0
FPS-0166,2025-02,WHEAT,200,19,RABI,2,2025,189,0.057,1.0,0
FPS-0167,2025-02,RICE,200,19,RABI,2,2025,187,0.049,1.0,0
FPS-0167,2025-02,WHEAT,200,19,RABI,2,2025,207,0.06,1.0,0
FPS-0168,2025-02,RICE,200,11,RABI,2,2025,210,-0.031,1.0,0
FPS-0168,2025-02,WHEAT,200,11,RABI,2,2025,210,0.002,1.0,0
FPS-0169,2025-02,RICE,200,17,RABI,2,2025,209,0.001,1.0,0
FPS-0169,2025-02,WHEAT,200,17,RABI,2,2025,192,0.079,1.0,0
FPS-0170,2025-02,RICE,200,19,RABI,2,2025,189,-0.047,1.0,0
FPS-0170,2025-02,WHEAT,200,19,RABI,2,2025,191,0.034,1.0,0
FPS-0171,2025-02,RICE,200,13,RABI,2,2025,208,-0.042,1.0,0
FPS-0171,2025-02,WHEAT,200,13,RABI,2,2025,205,0.061,1.0,0
FPS-0172,2025-02,RICE,241,20,RABI,2,2025,254,0.04,1.0,0
FPS-0172,2025-02,WHEAT,200,20,RABI,2,2025,196,0.04,1.0,0
FPS-0173,2025-02,RICE,223,15,RABI,2,2025,214,0.045,1.0,0
FPS-0173,2025-02,WHEAT,200,15,RABI,2,2025,203,0.058,1.0,0
FPS-0174,2025-02,RICE,249,23,RABI,2,2025,246,0.008,1.0,0
FPS-0174,2025-02,WHEAT,200,23,RABI,2,2025,203,-0.011,1.0,0
FPS-0175,2025-02,RICE,233,21,RABI,2,2025,246,0.01,1.0,0
FPS-0175,2025-02,WHEAT,200,21,RABI,2,2025,192,0.076,1.0,0
FPS-0176,2025-02,RICE,200,14,RABI,2,2025,207,-0.027,1.0,0
FPS-0176,2025-02,WHEAT,200,14,RABI,2,2025,208,-0.02,1.0,0
FPS-0177,2025-02,RICE,200,14,RABI,2,2025,184,0.062,1.0,0
FPS-0177,2025-02,WHEAT,200,14,RABI,2,2025,195,0.071,1.0,0
FPS-0178,2025-02,RICE,200,15,RABI,2,2025,200,0.074,1.0,0
FPS-0178,2025-02,WHEAT,200,15,RABI,2,2025,201,-0.008,1.0,0
FPS-0179,2025-02,RICE,250,21,RABI,2,2025,242,-0.035,1.0,0
FPS-0179,2025-02,WHEAT,200,21,RABI,2,2025,188,0.023,1.0,0
FPS-0180,2025-02,RICE,200,14,RABI,2,2025,193,-0.043,1.0,0
FPS-0180,2025-02,WHEAT,200,14,RABI,2,2025,200,-0.018,1.0,0
FPS-0181,2025-02,RICE,229,20,RABI,2,2025,231,-0.017,1.0,0
FPS-0181,2025-02,WHEAT,200,20,RABI,2,2025,195,0.054,1.0,0
FPS-0182,2025-02,RICE,212,17,RABI,2,2025,210,-0.011,1.0,0
FPS-0182,2025-02,WHEAT,200,17,RABI,2,2025,205,0.046,1.0,0
FPS-0183,2025-02,RICE,220,16,RABI,2,2025,225,0.049,1.0,0
FPS-0183,2025-02,WHEAT,200,16,RABI,2,2025,200,0.068,1.0,0
FPS-0184,2025-02,RICE,256,22,RABI,2,2025,270,-0.019,1.0,0
FPS-0184,2025-02,WHEAT,204,22,RABI,2,2025,191,0.079,1.0,0
FPS-0185,2025-02,RICE,215,18,RABI,2,2025,215,0.037,1.0,0
FPS-0185,2025-02,WHEAT,200,18,RABI,2,2025,209,-0.011,1.0,0
FPS-0186,2025-02,RICE,244,21,RABI,2,2025,226,-0.014,1.0,0
FPS-0186,2025-02,WHEAT,200,21,RABI,2,2025,198,-0.047,1.0,0
FPS-0187,2025-02,RICE,182,19,RABI,2,2025,239,0.066,1.0,1
FPS-0187,2025-02,WHEAT,200,19,RABI,2,2025,203,0.06,1.0,0
FPS-0188,2025-02,RICE,200,11,RABI,2,2025,189,0.031,1.0,0
FPS-0188,2025-02,WHEAT,200,11,RABI,2,2025,210,-0.02,1.0,0
FPS-0189,2025-02,RICE,284,23,RABI,2,2025,291,-0.031,1.0,0
FPS-0189,2025-02,WHEAT,225,23,RABI,2,2025,230,0.038,1.0,0
FPS-0190,2025-02,RICE,200,18,RABI,2,2025,201,-0.023,1.0,0
FPS-0190,2025-02,WHEAT,200,18,RABI,2,2025,203,0.073,1.0,0
FPS-0191,2025-02,RICE,200,9,RABI,2,2025,195,0.072,1.0,0
FPS-0191,2025-02,WHEAT,200,9,RABI,2,2025,192,0.06,1.0,0
FPS-0192,2025-02,RICE,200,12,RABI,2,2025,207,-0.001,1.0,0
FPS-0192,2025-02,WHEAT,200,12,RABI,2,2025,205,0.002,1.0,0
FPS-0193,2025-02,RICE,254,19,RABI,2,2025,249,0.071,1.0,0
FPS-0193,2025-02,WHEAT,200,19,RABI,2,2025,191,-0.046,1.0,0
FPS-0194,2025-02,RICE,200,13,RABI,2,2025,207,-0.014,1.0,0
FPS-0194,2025-02,WHEAT,200,13,RABI,2,2025,207,0.032,1.0,0
FPS-0195,2025-02,RICE,202,14,RABI,2,2025,200,0.068,1.0,0
FPS-0195,2025-02,WHEAT,200,14,RABI,2,2025,188,0.037,1.0,0
FPS-0196,2025-02,RICE,256,22,RABI,2,2025,242,-0.003,1.0,0
FPS-0196,2025-02,WHEAT,200,22,RABI,2,2025,205,-0.045,1.0,0
FPS-0197,2025-02,RICE,261,18,RABI,2,2025,255,-0.011,1.0,0
FPS-0197,2025-02,WHEAT,200,18,RABI,2,2025,201,-0.039,1.0,0
FPS-0198,2025-02,RICE,200,14,RABI,2,2025,194,0.055,1.0,0
FPS-0198,2025-02,WHEAT,200,14,RABI,2,2025,196,0.055,1.0,0
FPS-0199,2025-02,RICE,200,13,RABI,2,2025,190,-0.042,1.0,0
FPS-0199,2025-02,WHEAT,200,13,RABI,2,2025,210,0.02,1.0,0
FPS-0200,2025-02,RICE,200,10,RABI,2,2025,194,0.03,1.0,0
FPS-0200,2025-02,WHEAT,200,10,RABI,2,2025,186,0.048,1.0,0
FPS-0201,2025-02,RICE,200,15,RABI,2,2025,185,-0.037,1.0,0
FPS-0201,2025-02,WHEAT,140,15,RABI,2,2025,196,0.052,1.0,1
FPS-0202,2025-02,RICE,200,14,RABI,2,2025,203,0.072,1.0,0
FPS-0202,2025-02,WHEAT,200,14,RABI,2,2025,207,-0.032,1.0,0
FPS-0203,2025-02,RICE,200,11,RABI,2,2025,184,0.049,1.0,0
FPS-0203,2025-02,WHEAT,200,11,RABI,2,2025,204,0.075,1.0,0
FPS-0204,2025-02,RICE,247,19,RABI,2,2025,239,0.059,1.0,0
FPS-0204,2025-02,WHEAT,200,19,RABI,2,2025,197,-0.006,1.0,0
FPS-0205,2025-02,RICE,200,13,RABI,2,2025,198,0.056,1.0,0
FPS-0205,2025-02,WHEAT,200,13,RABI,2,2025,196,-0.027,1.0,0
FPS-0206,2025-02,RICE,293,24,RABI,2,2025,297,0.033,1.0,0
FPS-0206,2025-02,WHEAT,206,24,RABI,2,2025,204,0.012,1.0,0
FPS-0207,2025-02,RICE,380,26,RABI,2,2025,367,0.077,1.0,0
FPS-0207,2025-02,WHEAT,270,26,RABI,2,2025,275,0.042,1.0,0
FPS-0208,2025-02,RICE,234,18,RABI,2,2025,246,0.031,1.0,0
FPS-0208,2025-02,WHEAT,200,18,RABI,2,2025,184,-0.033,1.0,0
FPS-0209,2025-02,RICE,277,21,RABI,2,2025,289,0.022,1.0,0
FPS-0209,2025-02,WHEAT,207,21,RABI,2,2025,212,0.019,1.0,0
FPS-0210,2025-02,RICE,220,21,RABI,2,2025,214,0.038,1.0,0
FPS-0210,2025-02,WHEAT,200,21,RABI,2,2025,197,0.048,1.0,0
FPS-0211,2025-02,RICE,211,22,RABI,2,2025,222,-0.042,1.0,0
FPS-0211,2025-02,WHEAT,200,22,RABI,2,2025,208,0.018,1.0,0
FPS-0212,2025-02,RICE,200,11,RABI,2,2025,192,-0.002,1.0,0
FPS-0212,2025-02,WHEAT,200,11,RABI,2,2025,185,0.064,1.0,0
FPS-0213,2025-02,RICE,209,14,RABI,2,2025,210,0.055,1.0,0
FPS-0213,2025-02,WHEAT,200,14,RABI,2,2025,196,-0.046,1.0,0
FPS-0214,2025-02,RICE,200,13,RABI,2,2025,201,0.044,1.0,0
FPS-0214,2025-02,WHEAT,200,13,RABI,2,2025,184,-0.045,1.0,0
FPS-0215,2025-02,RICE,200,11,RABI,2,2025,191,0.061,1.0,0
FPS-0215,2025-02,WHEAT,200,11,RABI,2,2025,191,0.024,1.0,0
FPS-0216,2025-02,RICE,200,14,RABI,2,2025,184,-0.008,1.0,0
FPS-0216,2025-02,WHEAT,200,14,RABI,2,2025,184,0.01,1.0,0
FPS-0217,2025-02,RICE,201,17,RABI,2,2025,192,-0.047,1.0,0
FPS-0217,2025-02,WHEAT,200,17,RABI,2,2025,192,0.015,1.0,0
FPS-0218,2025-02,RICE,200,13,RABI,2,2025,208,-0.023,1.0,0
FPS-0218,2025-02,WHEAT,200,13,RABI,2,2025,203,-0.037,1.0,0
FPS-0219,2025-02,RICE,207,19,RABI,2,2025,196,-0.032,1.0,0
FPS-0219,2025-02,WHEAT,200,19,RABI,2,2025,196,-0.043,1.0,0
FPS-0220,2025-02,RICE,286,22,RABI,2,2025,263,0.067,1.0,0
FPS-0220,2025-02,WHEAT,200,22,RABI,2,2025,211,0.008,1.0,0
FPS-0221,2025-02,RICE,161,19,RABI,2,2025,231,-0.039,1.0,1
FPS-0221,2025-02,WHEAT,200,19,RABI,2,2025,191,-0.029,1.0,0
FPS-0222,2025-02,RICE,251,21,RABI,2,2025,248,-0.032,1.0,0
FPS-0222,2025-02,WHEAT,200,21,RABI,2,2025,203,0.045,1.0,0
FPS-0223,2025-02,RICE,258,17,RABI,2,2025,248,0.066,1.0,0
FPS-0223,2025-02,WHEAT,200,17,RABI,2,2025,206,0.025,1.0,0
FPS-0224,2025-02,RICE,200,20,RABI,2,2025,188,-0.033,1.0,0
FPS-0224,2025-02,WHEAT,200,20,RABI,2,2025,194,-0.024,1.0,0
FPS-0225,2025-02,RICE,200,15,RABI,2,2025,204,-0.043,1.0,0
FPS-0225,2025-02,WHEAT,200,15,RABI,2,2025,184,0.053,1.0,0
FPS-0226,2025-02,RICE,200,12,RABI,2,2025,202,0.077,1.0,0
FPS-0226,2025-02,WHEAT,200,12,RABI,2,2025,198,0.043,1.0,0
FPS-0227,2025-02,RICE,200,14,RABI,2,2025,187,-0.049,1.0,0
FPS-0227,2025-02,WHEAT,200,14,RABI,2,2025,184,0.031,1.0,0
FPS-0228,2025-02,RICE,211,18,RABI,2,2025,204,-0.002,1.0,0
FPS-0228,2025-02,WHEAT,200,18,RABI,2,2025,200,0.004,1.0,0
FPS-0229,2025-02,RICE,200,19,RABI,2,2025,186,-0.01,1.0,0
FPS-0229,2025-02,WHEAT,200,19,RABI,2,2025,199,0.075,1.0,0
FPS-0230,2025-02,RICE,283,22,RABI,2,2025,291,-0.046,1.0,0
FPS-0230,2025-02,WHEAT,200,22,RABI,2,2025,185,-0.039,1.0,0
FPS-0231,2025-02,RICE,201,18,RABI,2,2025,191,-0.02,1.0,0
FPS-0231,2025-02,WHEAT,200,18,RABI,2,2025,189,0.004,1.0,0
FPS-0232,2025-02,RICE,200,14,RABI,2,2025,188,0.031,1.0,0
FPS-0232,2025-02,WHEAT,200,14,RABI,2,2025,210,0.071,1.0,0
FPS-0233,2025-02,RICE,140,9,RABI,2,2025,207,-0.044,1.0,1
FPS-0233,2025-02,WHEAT,200,9,RABI,2,2025,207,0.076,1.0,0
FPS-0234,2025-02,RICE,212,18,RABI,2,2025,205,0.025,1.0,0
FPS-0234,2025-02,WHEAT,200,18,RABI,2,2025,188,0.061,1.0,0
FPS-0235,2025-02,RICE,244,18,RABI,2,2025,236,0.062,1.0,0
FPS-0235,2025-02,WHEAT,200,18,RABI,2,2025,203,-0.047,1.0,0
FPS-0236,2025-02,RICE,200,17,RABI,2,2025,206,0.024,1.0,0
FPS-0236,2025-02,WHEAT,200,17,RABI,2,2025,203,0.055,1.0,0
FPS-0237,2025-02,RICE,225,15,RABI,2,2025,221,0.063,1.0,0
FPS-0237,2025-02,WHEAT,200,15,RABI,2,2025,200,0.075,1.0,0
FPS-0238,2025-02,RICE,224,19,RABI,2,2025,230,-0.047,1.0,0
FPS-0238,2025-02,WHEAT,200,19,RABI,2,2025,206,0.034,1.0,0
FPS-0239,2025-02,RICE,241,19,RABI,2,2025,232,0.05,1.0,0
FPS-0239,2025-02,WHEAT,200,19,RABI,2,2025,201,0.065,1.0,0
FPS-0240,2025-02,RICE,264,21,RABI,2,2025,260,0.023,1.0,0
FPS-0240,2025-02,WHEAT,200,21,RABI,2,2025,203,-0.024,1.0,0
FPS-0241,2025-02,RICE,243,19,RABI,2,2025,249,0.038,1.0,0
FPS-0241,2025-02,WHEAT,200,19,RABI,2,2025,190,-0.019,1.0,0
FPS-0242,2025-02,RICE,200,12,RABI,2,2025,187,-0.05,1.0,0
FPS-0242,2025-02,WHEAT,200,12,RABI,2,2025,186,-0.034,1.0,0
FPS-0243,2025-02,RICE,234,18,RABI,2,2025,237,-0.018,1.0,0
FPS-0243,2025-02,WHEAT,200,18,RABI,2,2025,193,-0.045,1.0,0
FPS-0244,2025-02,RICE,200,16,RABI,2,2025,200,-0.024,1.0,0
FPS-0244,2025-02,WHEAT,140,16,RABI,2,2025,198,-0.015,1.0,1
FPS-0245,2025-02,RICE,200,14,RABI,2,2025,210,-0.004,1.0,0
FPS-0245,2025-02,WHEAT,200,14,RABI,2,2025,196,0.023,1.0,0
FPS-0246,2025-02,RICE,303,24,RABI,2,2025,292,0.041,1.0,0
FPS-0246,2025-02,WHEAT,232,24,RABI,2,2025,245,0.076,1.0,0
FPS-0247,2025-02,RICE,140,19,RABI,2,2025,201,-0.01,1.0,1
FPS-0247,2025-02,WHEAT,200,19,RABI,2,2025,195,-0.04,1.0,0
FPS-0248,2025-02,RICE,335,25,RABI,2,2025,355,0.03,1.0,0
FPS-0248,2025-02,WHEAT,226,25,RABI,2,2025,208,-0.018,1.0,0
FPS-0249,2025-02,RICE,288,22,RABI,2,2025,265,-0.037,1.0,0
FPS-0249,2025-02,WHEAT,221,22,RABI,2,2025,207,0.018,1.0,0
FPS-0250,2025-02,RICE,200,16,RABI,2,2025,187,0.076,1.0,0
FPS-0250,2025-02,WHEAT,200,16,RABI,2,2025,192,0.078,1.0,0
FPS-0251,2025-02,RICE,200,17,RABI,2,2025,195,-0.037,1.0,0
FPS-0251,2025-02,WHEAT,200,17,RABI,2,2025,184,0.062,1.0,0
FPS-0252,2025-02,RICE,207,16,RABI,2,2025,197,0.058,1.0,0
FPS-0252,2025-02,WHEAT,200,16,RABI,2,2025,184,-0.024,1.0,0
FPS-0253,2025-02,RICE,290,22,RABI,2,2025,273,0.072,1.0,0
FPS-0253,2025-02,WHEAT,201,22,RABI,2,2025,199,0.051,1.0,0
FPS-0254,2025-02,RICE,140,14,RABI,2,2025,185,0.002,1.0,1
FPS-0254,2025-02,WHEAT,200,14,RABI,2,2025,191,0.049,1.0,0
FPS-0255,2025-02,RICE,200,16,RABI,2,2025,187,0.01,1.0,0
FPS-0255,2025-02,WHEAT,200,16,RABI,2,2025,200,0.037,1.0,0
FPS-0256,2025-02,RICE,200,14,RABI,2,2025,191,0.002,1.0,0
FPS-0256,2025-02,WHEAT,200,14,RABI,2,2025,201,-0.047,1.0,0
FPS-0257,2025-02,RICE,209,15,RABI,2,2025,208,0.078,1.0,0
FPS-0257,2025-02,WHEAT,200,15,RABI,2,2025,195,0.069,1.0,0
FPS-0258,2025-02,RICE,200,15,RABI,2,2025,188,-0.0,1.0,0
FPS-0258,2025-02,WHEAT,200,15,RABI,2,2025,210,-0.023,1.0,0
FPS-0259,2025-02,RICE,200,15,RABI,2,2025,204,-0.035,1.0,0
FPS-0259,2025-02,WHEAT,200,15,RABI,2,2025,204,0.002,1.0,0
FPS-0260,2025-02,RICE,200,13,RABI,2,2025,190,0.052,1.0,0
FPS-0260,2025-02,WHEAT,200,13,RABI,2,2025,208,0.076,1.0,0
FPS-0261,2025-02,RICE,140,11,RABI,2,2025,203,0.053,1.0,1
FPS-0261,2025-02,WHEAT,200,11,RABI,2,2025,207,0.055,1.0,0
FPS-0262,2025-02,RICE,200,13,RABI,2,2025,189,-0.004,1.0,0
FPS-0262,2025-02,WHEAT,200,13,RABI,2,2025,192,-0.049,1.0,0
FPS-0263,2025-02,RICE,200,14,RABI,2,2025,200,0.046,1.0,0
FPS-0263,2025-02,WHEAT,200,14,RABI,2,2025,198,0.01,1.0,0
FPS-0264,2025-02,RICE,200,5,RABI,2,2025,205,0.064,1.0,0
FPS-0264,2025-02,WHEAT,200,5,RABI,2,2025,187,0.019,1.0,0
FPS-0265,2025-02,RICE,227,18,RABI,2,2025,226,-0.003,1.0,0
FPS-0265,2025-02,WHEAT,200,18,RABI,2,2025,201,0.064,1.0,0
FPS-0266,2025-02,RICE,200,13,RABI,2,2025,192,0.005,1.0,0
FPS-0266,2025-02,WHEAT,200,13,RABI,2,2025,210,-0.045,1.0,0
FPS-0267,2025-02,RICE,200,16,RABI,2,2025,207,0.079,1.0,0
FPS-0267,2025-02,WHEAT,200,16,RABI,2,2025,192,-0.008,1.0,0
FPS-0268,2025-02,RICE,200,20,RABI,2,2025,205,-0.004,1.0,0
FPS-0268,2025-02,WHEAT,200,20,RABI,2,2025,202,0.004,1.0,0
FPS-0269,2025-02,RICE,243,21,RABI,2,2025,245,0.035,1.0,0
FPS-0269,2025-02,WHEAT,200,21,RABI,2,2025,196,0.043,1.0,0
FPS-0270,2025-02,RICE,200,8,RABI,2,2025,190,-0.009,1.0,0
FPS-0270,2025-02,WHEAT,200,8,RABI,2,2025,197,-0.021,1.0,0
FPS-0271,2025-02,RICE,219,18,RABI,2,2025,229,-0.006,1.0,0
FPS-0271,2025-02,WHEAT,200,18,RABI,2,2025,203,0.016,1.0,0
FPS-0272,2025-02,RICE,255,20,RABI,2,2025,263,-0.028,1.0,0
FPS-0272,2025-02,WHEAT,200,20,RABI,2,2025,204,0.0,1.0,0
FPS-0273,2025-02,RICE,295,23,RABI,2,2025,309,0.071,1.0,0
FPS-0273,2025-02,WHEAT,200,23,RABI,2,2025,209,-0.003,1.0,0
FPS-0274,2025-02,RICE,204,18,RABI,2,2025,200,0.044,1.0,0
FPS-0274,2025-02,WHEAT,200,18,RABI,2,2025,186,0.0,1.0,0
FPS-0275,2025-02,RICE,213,17,RABI,2,2025,219,0.061,1.0,0
FPS-0275,2025-02,WHEAT,200,17,RABI,2,2025,204,-0.006,1.0,0
FPS-0276,2025-02,RICE,229,19,RABI,2,2025,219,0.039,1.0,0
FPS-0276,2025-02,WHEAT,200,19,RABI,2,2025,207,0.073,1.0,0
FPS-0277,2025-02,RICE,141,17,RABI,2,2025,210,-0.005,1.0,1
FPS-0277,2025-02,WHEAT,200,17,RABI,2,2025,191,-0.002,1.0,0
FPS-0278,2025-02,RICE,200,15,RABI,2,2025,199,-0.013,1.0,0
FPS-0278,2025-02,WHEAT,200,15,RABI,2,2025,211,-0.049,1.0,0
FPS-0279,2025-02,RICE,342,23,RABI,2,2025,356,0.06,1.0,0
FPS-0279,2025-02,WHEAT,229,23,RABI,2,2025,220,0.011,1.0,0
FPS-0280,2025-02,RICE,200,18,RABI,2,2025,208,-0.014,1.0,0
FPS-0280,2025-02,WHEAT,200,18,RABI,2,2025,205,0.015,1.0,0
FPS-0281,2025-02,RICE,200,18,RABI,2,2025,199,-0.001,1.0,0
FPS-0281,2025-02,WHEAT,200,18,RABI,2,2025,195,0.031,1.0,0
FPS-0282,2025-02,RICE,244,20,RABI,2,2025,248,0.018,1.0,0
FPS-0282,2025-02,WHEAT,200,20,RABI,2,2025,201,0.044,1.0,0
FPS-0283,2025-02,RICE,200,14,RABI,2,2025,210,-0.028,1.0,0
FPS-0283,2025-02,WHEAT,200,14,RABI,2,2025,211,0.008,1.0,0
FPS-0284,2025-02,RICE,200,12,RABI,2,2025,201,0.047,1.0,0
FPS-0284,2025-02,WHEAT,200,12,RABI,2,2025,189,-0.023,1.0,0
FPS-0285,2025-02,RICE,209,18,RABI,2,2025,208,-0.035,1.0,0
FPS-0285,2025-02,WHEAT,200,18,RABI,2,2025,203,-0.012,1.0,0
FPS-0286,2025-02,RICE,200,16,RABI,2,2025,185,-0.029,1.0,0
FPS-0286,2025-02,WHEAT,200,16,RABI,2,2025,199,0.017,1.0,0
FPS-0287,2025-02,RICE,327,26,RABI,2,2025,333,0.011,1.0,0
FPS-0287,2025-02,WHEAT,246,26,RABI,2,2025,248,0.052,1.0,0
FPS-0288,2025-02,RICE,201,17,RABI,2,2025,199,0.08,1.0,0
FPS-0288,2025-02,WHEAT,200,17,RABI,2,2025,211,0.065,1.0,0
FPS-0289,2025-02,RICE,200,13,RABI,2,2025,201,-0.029,1.0,0
FPS-0289,2025-02,WHEAT,200,13,RABI,2,2025,192,-0.008,1.0,0
FPS-0290,2025-02,RICE,201,18,RABI,2,2025,211,-0.047,1.0,0
FPS-0290,2025-02,WHEAT,200,18,RABI,2,2025,198,-0.032,1.0,0
FPS-0291,2025-02,RICE,224,18,RABI,2,2025,229,-0.04,1.0,0
FPS-0291,2025-02,WHEAT,200,18,RABI,2,2025,185,0.016,1.0,0
FPS-0292,2025-02,RICE,270,20,RABI,2,2025,265,0.038,1.0,0
FPS-0292,2025-02,WHEAT,200,20,RABI,2,2025,200,0.036,1.0,0
FPS-0293,2025-02,RICE,217,18,RABI,2,2025,202,-0.023,1.0,0
FPS-0293,2025-02,WHEAT,200,18,RABI,2,2025,210,0.018,1.0,0
FPS-0294,2025-02,RICE,204,16,RABI,2,2025,189,-0.016,1.0,0
FPS-0294,2025-02,WHEAT,200,16,RABI,2,2025,201,0.057,1.0,0
FPS-0295,2025-02,RICE,200,13,RABI,2,2025,204,0.03,1.0,0
FPS-0295,2025-02,WHEAT,200,13,RABI,2,2025,210,0.046,1.0,0
FPS-0296,2025-02,RICE,200,14,RABI,2,2025,208,0.045,1.0,0
FPS-0296,2025-02,WHEAT,200,14,RABI,2,2025,209,0.01,1.0,0
FPS-0297,2025-02,RICE,200,17,RABI,2,2025,211,-0.026,1.0,0
FPS-0297,2025-02,WHEAT,200,17,RABI,2,2025,198,-0.044,1.0,0
FPS-0298,2025-02,RICE,200,15,RABI,2,2025,198,0.023,1.0,0
FPS-0298,2025-02,WHEAT,200,15,RABI,2,2025,198,0.032,1.0,0
FPS-0299,2025-02,RICE,200,17,RABI,2,2025,208,-0.024,1.0,0
FPS-0299,2025-02,WHEAT,200,17,RABI,2,2025,196,0.015,1.0,0
FPS-0300,2025-02,RICE,227,17,RABI,2,2025,215,0.013,1.0,0
FPS-0300,2025-02,WHEAT,200,17,RABI,2,2025,204,-0.029,1.0,0
FPS-0301,2025-02,RICE,218,16,RABI,2,2025,229,-0.044,1.0,0
FPS-0301,2025-02,WHEAT,200,16,RABI,2,2025,205,0.001,1.0,0
FPS-0302,2025-02,RICE,241,19,RABI,2,2025,228,0.06,1.0,0
FPS-0302,2025-02,WHEAT,200,19,RABI,2,2025,200,-0.022,1.0,0
FPS-0303,2025-02,RICE,200,11,RABI,2,2025,203,0.017,1.0,0
FPS-0303,2025-02,WHEAT,140,11,RABI,2,2025,200,0.047,1.0,1
FPS-0304,2025-02,RICE,242,17,RABI,2,2025,234,0.016,1.0,0
FPS-0304,2025-02,WHEAT,200,17,RABI,2,2025,201,-0.019,1.0,0
FPS-0305,2025-02,RICE,205,17,RABI,2,2025,203,-0.001,1.0,0
FPS-0305,2025-02,WHEAT,200,17,RABI,2,2025,195,0.054,1.0,0
FPS-0306,2025-02,RICE,140,13,RABI,2,2025,195,-0.041,1.0,1
FPS-0306,2025-02,WHEAT,200,13,RABI,2,2025,211,-0.016,1.0,0
FPS-0307,2025-02,RICE,211,15,RABI,2,2025,214,0.013,1.0,0
FPS-0307,2025-02,WHEAT,200,15,RABI,2,2025,190,0.076,1.0,0
FPS-0308,2025-02,RICE,213,15,RABI,2,2025,210,-0.009,1.0,0
FPS-0308,2025-02,WHEAT,200,15,RABI,2,2025,203,0.041,1.0,0
FPS-0309,2025-02,RICE,254,18,RABI,2,2025,237,0.077,1.0,0
FPS-0309,2025-02,WHEAT,140,18,RABI,2,2025,185,0.076,1.0,1
FPS-0310,2025-02,RICE,200,13,RABI,2,2025,187,0.019,1.0,0
FPS-0310,2025-02,WHEAT,200,13,RABI,2,2025,195,0.028,1.0,0
FPS-0311,2025-02,RICE,256,23,RABI,2,2025,262,-0.015,1.0,0
FPS-0311,2025-02,WHEAT,200,23,RABI,2,2025,201,-0.0,1.0,0
FPS-0312,2025-02,RICE,253,19,RABI,2,2025,245,0.065,1.0,0
FPS-0312,2025-02,WHEAT,200,19,RABI,2,2025,206,0.059,1.0,0
FPS-0313,2025-02,RICE,209,15,RABI,2,2025,212,0.016,1.0,0
FPS-0313,2025-02,WHEAT,200,15,RABI,2,2025,202,0.009,1.0,0
FPS-0314,2025-02,RICE,225,18,RABI,2,2025,225,-0.022,1.0,0
FPS-0314,2025-02,WHEAT,200,18,RABI,2,2025,194,0.044,1.0,0
FPS-0315,2025-02,RICE,159,18,RABI,2,2025,231,0.068,1.0,1
FPS-0315,2025-02,WHEAT,200,18,RABI,2,2025,190,-0.009,1.0,0
FPS-0316,2025-02,RICE,200,15,RABI,2,2025,188,0.063,1.0,0
FPS-0316,2025-02,WHEAT,200,15,RABI,2,2025,186,0.023,1.0,0
FPS-0317,2025-02,RICE,200,15,RABI,2,2025,191,0.06,1.0,0
FPS-0317,2025-02,WHEAT,200,15,RABI,2,2025,193,0.062,1.0,0
FPS-0318,2025-02,RICE,200,17,RABI,2,2025,193,-0.038,1.0,0
FPS-0318,2025-02,WHEAT,200,17,RABI,2,2025,204,0.034,1.0,0
FPS-0319,2025-02,RICE,200,14,RABI,2,2025,197,0.019,1.0,0
FPS-0319,2025-02,WHEAT,200,14,RABI,2,2025,202,-0.035,1.0,0
FPS-0320,2025-02,RICE,200,10,RABI,2,2025,195,-0.047,1.0,0
FPS-0320,2025-02,WHEAT,140,10,RABI,2,2025,200,-0.017,1.0,1
FPS-0321,2025-02,RICE,278,24,RABI,2,2025,260,0.052,1.0,0
FPS-0321,2025-02,WHEAT,200,24,RABI,2,2025,196,0.065,1.0,0
FPS-0322,2025-02,RICE,229,20,RABI,2,2025,219,0.0,1.0,0
FPS-0322,2025-02,WHEAT,200,20,RABI,2,2025,203,-0.0,1.0,0
FPS-0323,2025-02,RICE,200,16,RABI,2,2025,189,0.001,1.0,0
FPS-0323,2025-02,WHEAT,200,16,RABI,2,2025,198,-0.049,1.0,0
FPS-0324,2025-02,RICE,200,13,RABI,2,2025,195,0.05,1.0,0
FPS-0324,2025-02,WHEAT,200,13,RABI,2,2025,200,0.002,1.0,0
FPS-0325,2025-02,RICE,249,21,RABI,2,2025,259,0.056,1.0,0
FPS-0325,2025-02,WHEAT,200,21,RABI,2,2025,206,-0.032,1.0,0
FPS-0326,2025-02,RICE,202,16,RABI,2,2025,196,0.005,1.0,0
FPS-0326,2025-02,WHEAT,200,16,RABI,2,2025,192,-0.05,1.0,0
FPS-0327,2025-02,RICE,237,18,RABI,2,2025,221,0.015,1.0,0
FPS-0327,2025-02,WHEAT,200,18,RABI,2,2025,199,-0.024,1.0,0
FPS-0328,2025-02,RICE,233,18,RABI,2,2025,225,0.0,1.0,0
FPS-0328,2025-02,WHEAT,200,18,RABI,2,2025,202,0.02,1.0,0
FPS-0329,2025-02,RICE,200,15,RABI,2,2025,188,0.038,1.0,0
FPS-0329,2025-02,WHEAT,200,15,RABI,2,2025,203,0.048,1.0,0
FPS-0330,2025-02,RICE,228,21,RABI,2,2025,210,0.03,1.0,0
FPS-0330,2025-02,WHEAT,200,21,RABI,2,2025,191,-0.01,1.0,0
FPS-0331,2025-02,RICE,200,17,RABI,2,2025,190,-0.029,1.0,0
FPS-0331,2025-02,WHEAT,200,17,RABI,2,2025,200,0.039,1.0,0
FPS-0332,2025-02,RICE,224,21,RABI,2,2025,213,-0.004,1.0,0
FPS-0332,2025-02,WHEAT,200,21,RABI,2,2025,209,-0.022,1.0,0
FPS-0333,2025-02,RICE,376,27,RABI,2,2025,393,0.007,1.0,0
FPS-0333,2025-02,WHEAT,262,27,RABI,2,2025,245,0.018,1.0,0
FPS-0334,2025-02,RICE,200,16,RABI,2,2025,188,0.013,1.0,0
FPS-0334,2025-02,WHEAT,200,16,RABI,2,2025,210,-0.048,1.0,0
FPS-0335,2025-02,RICE,256,18,RABI,2,2025,252,0.022,1.0,0
FPS-0335,2025-02,WHEAT,200,18,RABI,2,2025,189,-0.004,1.0,0
FPS-0336,2025-02,RICE,234,18,RABI,2,2025,219,0.033,1.0,0
FPS-0336,2025-02,WHEAT,200,18,RABI,2,2025,207,-0.01,1.0,0
FPS-0337,2025-02,RICE,200,13,RABI,2,2025,184,0.001,1.0,0
FPS-0337,2025-02,WHEAT,200,13,RABI,2,2025,184,0.05,1.0,0
FPS-0338,2025-02,RICE,200,16,RABI,2,2025,202,0.023,1.0,0
FPS-0338,2025-02,WHEAT,200,16,RABI,2,2025,200,0.007,1.0,0
FPS-0339,2025-02,RICE,200,18,RABI,2,2025,201,0.046,1.0,0
FPS-0339,2025-02,WHEAT,200,18,RABI,2,2025,196,-0.028,1.0,0
FPS-0340,2025-02,RICE,200,12,RABI,2,2025,199,0.071,1.0,0
FPS-0340,2025-02,WHEAT,200,12,RABI,2,2025,197,0.06,1.0,0
FPS-0341,2025-02,RICE,200,14,RABI,2,2025,204,0.032,1.0,0
FPS-0341,2025-02,WHEAT,200,14,RABI,2,2025,198,-0.031,1.0,0
FPS-0342,2025-02,RICE,200,12,RABI,2,2025,195,0.004,1.0,0
FPS-0342,2025-02,WHEAT,200,12,RABI,2,2025,189,0.017,1.0,0
FPS-0343,2025-02,RICE,200,16,RABI,2,2025,192,0.002,1.0,0
FPS-0343,2025-02,WHEAT,200,16,RABI,2,2025,201,0.07,1.0,0
FPS-0344,2025-02,RICE,200,16,RABI,2,2025,191,0.042,1.0,0
FPS-0344,2025-02,WHEAT,140,16,RABI,2,2025,191,0.03,1.0,1
FPS-0345,2025-02,RICE,224,17,RABI,2,2025,211,0.061,1.0,0
FPS-0345,2025-02,WHEAT,200,17,RABI,2,2025,200,0.04,1.0,0
FPS-0346,2025-02,RICE,206,19,RABI,2,2025,203,-0.045,1.0,0
FPS-0346,2025-02,WHEAT,200,19,RABI,2,2025,197,0.034,1.0,0
FPS-0347,2025-02,RICE,324,22,RABI,2,2025,328,0.039,1.0,0
FPS-0347,2025-02,WHEAT,228,22,RABI,2,2025,227,0.06,1.0,0
FPS-0348,2025-02,RICE,232,20,RABI,2,2025,215,0.02,1.0,0
FPS-0348,2025-02,WHEAT,200,20,RABI,2,2025,205,0.048,1.0,0
FPS-0349,2025-02,RICE,221,18,RABI,2,2025,216,0.064,1.0,0
FPS-0349,2025-02,WHEAT,200,18,RABI,2,2025,189,-0.049,1.0,0
FPS-0350,2025-02,RICE,235,17,RABI,2,2025,224,0.021,1.0,0
FPS-0350,2025-02,WHEAT,200,17,RABI,2,2025,201,0.059,1.0,0
FPS-0351,2025-02,RICE,200,16,RABI,2,2025,189,0.073,1.0,0
FPS-0351,2025-02,WHEAT,200,16,RABI,2,2025,186,0.055,1.0,0
FPS-0352,2025-02,RICE,221,19,RABI,2,2025,221,-0.038,1.0,0
FPS-0352,2025-02,WHEAT,200,19,RABI,2,2025,189,0.055,1.0,0
FPS-0353,2025-02,RICE,200,16,RABI,2,2025,207,0.048,1.0,0
FPS-0353,2025-02,WHEAT,140,16,RABI,2,2025,192,0.049,1.0,1
FPS-0354,2025-02,RICE,221,21,RABI,2,2025,218,-0.033,1.0,0
FPS-0354,2025-02,WHEAT,200,21,RABI,2,2025,184,-0.033,1.0,0
FPS-0355,2025-02,RICE,230,15,RABI,2,2025,240,0.048,1.0,0
FPS-0355,2025-02,WHEAT,200,15,RABI,2,2025,195,-0.019,1.0,0
FPS-0356,2025-02,RICE,200,13,RABI,2,2025,188,0.023,1.0,0
FPS-0356,2025-02,WHEAT,200,13,RABI,2,2025,187,-0.029,1.0,0
FPS-0357,2025-02,RICE,240,20,RABI,2,2025,238,0.053,1.0,0
FPS-0357,2025-02,WHEAT,200,20,RABI,2,2025,205,0.006,1.0,0
FPS-0358,2025-02,RICE,214,16,RABI,2,2025,207,0.074,1.0,0
FPS-0358,2025-02,WHEAT,200,16,RABI,2,2025,192,0.03,1.0,0
FPS-0359,2025-02,RICE,324,25,RABI,2,2025,305,0.023,1.0,0
FPS-0359,2025-02,WHEAT,228,25,RABI,2,2025,233,0.044,1.0,0
FPS-0360,2025-02,RICE,200,15,RABI,2,2025,207,-0.008,1.0,0
FPS-0360,2025-02,WHEAT,200,15,RABI,2,2025,208,0.005,1.0,0
FPS-0361,2025-02,RICE,200,16,RABI,2,2025,197,-0.012,1.0,0
FPS-0361,2025-02,WHEAT,200,16,RABI,2,2025,202,-0.036,1.0,0
FPS-0362,2025-02,RICE,200,17,RABI,2,2025,203,0.015,1.0,0
FPS-0362,2025-02,WHEAT,140,17,RABI,2,2025,189,-0.026,1.0,1
FPS-0363,2025-02,RICE,200,15,RABI,2,2025,198,0.044,1.0,0
FPS-0363,2025-02,WHEAT,200,15,RABI,2,2025,194,0.054,1.0,0
FPS-0364,2025-02,RICE,222,16,RABI,2,2025,226,0.055,1.0,0
FPS-0364,2025-02,WHEAT,200,16,RABI,2,2025,211,-0.046,1.0,0
FPS-0365,2025-02,RICE,200,18,RABI,2,2025,204,-0.01,1.0,0
FPS-0365,2025-02,WHEAT,200,18,RABI,2,2025,189,0.039,1.0,0
FPS-0366,2025-02,RICE,249,17,RABI,2,2025,257,0.038,1.0,0
FPS-0366,2025-02,WHEAT,200,17,RABI,2,2025,195,0.003,1.0,0
FPS-0367,2025-02,RICE,200,11,RABI,2,2025,198,-0.049,1.0,0
FPS-0367,2025-02,WHEAT,200,11,RABI,2,2025,204,0.015,1.0,0
FPS-0368,2025-02,RICE,203,19,RABI,2,2025,198,-0.037,1.0,0
FPS-0368,2025-02,WHEAT,200,19,RABI,2,2025,188,-0.035,1.0,0
FPS-0369,2025-02,RICE,202,18,RABI,2,2025,194,0.05,1.0,0
FPS-0369,2025-02,WHEAT,200,18,RABI,2,2025,193,-0.009,1.0,0
FPS-0370,2025-02,RICE,200,17,RABI,2,2025,185,-0.046,1.0,0
FPS-0370,2025-02,WHEAT,200,17,RABI,2,2025,210,-0.026,1.0,0
FPS-0371,2025-02,RICE,200,15,RABI,2,2025,204,-0.049,1.0,0
FPS-0371,2025-02,WHEAT,200,15,RABI,2,2025,189,-0.023,1.0,0
FPS-0372,2025-02,RICE,200,9,RABI,2,2025,193,0.009,1.0,0
FPS-0372,2025-02,WHEAT,200,9,RABI,2,2025,209,0.02,1.0,0
FPS-0373,2025-02,RICE,144,20,RABI,2,2025,217,0.012,1.0,1
FPS-0373,2025-02,WHEAT,200,20,RABI,2,2025,187,0.001,1.0,0
FPS-0374,2025-02,RICE,200,18,RABI,2,2025,211,0.042,1.0,0
FPS-0374,2025-02,WHEAT,200,18,RABI,2,2025,206,0.048,1.0,0
FPS-0375,2025-02,RICE,259,19,RABI,2,2025,260,0.041,1.0,0
FPS-0375,2025-02,WHEAT,200,19,RABI,2,2025,204,0.025,1.0,0
FPS-0376,2025-02,RICE,201,17,RABI,2,2025,198,-0.029,1.0,0
FPS-0376,2025-02,WHEAT,200,17,RABI,2,2025,199,0.061,1.0,0
FPS-0377,2025-02,RICE,218,16,RABI,2,2025,228,0.055,1.0,0
FPS-0377,2025-02,WHEAT,200,16,RABI,2,2025,201,-0.001,1.0,0
FPS-0378,2025-02,RICE,279,23,RABI,2,2025,263,0.019,1.0,0
FPS-0378,2025-02,WHEAT,207,23,RABI,2,2025,208,0.015,1.0,0
FPS-0379,2025-02,RICE,200,13,RABI,2,2025,204,0.069,1.0,0
FPS-0379,2025-02,WHEAT,200,13,RABI,2,2025,202,0.013,1.0,0
FPS-0380,2025-02,RICE,250,20,RABI,2,2025,231,-0.027,1.0,0
FPS-0380,2025-02,WHEAT,200,20,RABI,2,2025,198,0.055,1.0,0
FPS-0381,2025-02,RICE,207,17,RABI,2,2025,217,0.03,1.0,0
FPS-0381,2025-02,WHEAT,200,17,RABI,2,2025,194,0.036,1.0,0
FPS-0382,2025-02,RICE,200,9,RABI,2,2025,191,0.062,1.0,0
FPS-0382,2025-02,WHEAT,200,9,RABI,2,2025,207,0.007,1.0,0
FPS-0383,2025-02,RICE,200,11,RABI,2,2025,210,0.02,1.0,0
FPS-0383,2025-02,WHEAT,200,11,RABI,2,2025,198,-0.041,1.0,0
FPS-0384,2025-02,RICE,287,23,RABI,2,2025,286,0.076,1.0,0
FPS-0384,2025-02,WHEAT,200,23,RABI,2,2025,201,-0.016,1.0,0
FPS-0385,2025-02,RICE,290,22,RABI,2,2025,302,-0.018,1.0,0
FPS-0385,2025-02,WHEAT,213,22,RABI,2,2025,209,-0.035,1.0,0
FPS-0386,2025-02,RICE,200,18,RABI,2,2025,204,-0.024,1.0,0
FPS-0386,2025-02,WHEAT,200,18,RABI,2,2025,192,-0.047,1.0,0
FPS-0387,2025-02,RICE,357,31,RABI,2,2025,340,0.019,1.0,0
FPS-0387,2025-02,WHEAT,265,31,RABI,2,2025,263,0.048,1.0,0
FPS-0388,2025-02,RICE,200,11,RABI,2,2025,204,-0.024,1.0,0
FPS-0388,2025-02,WHEAT,200,11,RABI,2,2025,190,0.022,1.0,0
FPS-0389,2025-02,RICE,200,17,RABI,2,2025,190,0.028,1.0,0
FPS-0389,2025-02,WHEAT,200,17,RABI,2,2025,211,0.05,1.0,0
FPS-0390,2025-02,RICE,213,21,RABI,2,2025,208,-0.034,1.0,0
FPS-0390,2025-02,WHEAT,200,21,RABI,2,2025,208,0.041,1.0,0
FPS-0391,2025-02,RICE,231,20,RABI,2,2025,230,-0.045,1.0,0
FPS-0391,2025-02,WHEAT,200,20,RABI,2,2025,188,0.022,1.0,0
FPS-0392,2025-02,RICE,200,17,RABI,2,2025,191,0.029,1.0,0
FPS-0392,2025-02,WHEAT,200,17,RABI,2,2025,211,-0.007,1.0,0
FPS-0393,2025-02,RICE,210,18,RABI,2,2025,205,0.068,1.0,0
FPS-0393,2025-02,WHEAT,200,18,RABI,2,2025,186,0.054,1.0,0
FPS-0394,2025-02,RICE,156,17,RABI,2,2025,214,-0.025,1.0,1
FPS-0394,2025-02,WHEAT,200,17,RABI,2,2025,207,0.058,1.0,0
FPS-0395,2025-02,RICE,200,14,RABI,2,2025,196,0.002,1.0,0
FPS-0395,2025-02,WHEAT,200,14,RABI,2,2025,211,-0.048,1.0,0
FPS-0396,2025-02,RICE,200,14,RABI,2,2025,208,0.025,1.0,0
FPS-0396,2025-02,WHEAT,200,14,RABI,2,2025,200,0.069,1.0,0
FPS-0397,2025-02,RICE,200,13,RABI,2,2025,211,0.051,1.0,0
FPS-0397,2025-02,WHEAT,200,13,RABI,2,2025,187,0.072,1.0,0
FPS-0398,2025-02,RICE,200,16,RABI,2,2025,198,0.076,1.0,0
FPS-0398,2025-02,WHEAT,200,16,RABI,2,2025,211,0.041,1.0,0
FPS-0399,2025-02,RICE,200,15,RABI,2,2025,196,-0.033,1.0,0
FPS-0399,2025-02,WHEAT,200,15,RABI,2,2025,190,-0.04,1.0,0
FPS-0400,2025-02,RICE,266,22,RABI,2,2025,261,0.04,1.0,0
FPS-0400,2025-02,WHEAT,200,22,RABI,2,2025,207,-0.013,1.0,0
FPS-0401,2025-02,RICE,264,24,RABI,2,2025,264,0.042,1.0,0
FPS-0401,2025-02,WHEAT,200,24,RABI,2,2025,201,-0.047,1.0,0
FPS-0402,2025-02,RICE,200,8,RABI,2,2025,197,0.068,1.0,0
FPS-0402,2025-02,WHEAT,200,8,RABI,2,2025,208,-0.035,1.0,0
FPS-0403,2025-02,RICE,200,12,RABI,2,2025,202,0.062,1.0,0
FPS-0403,2025-02,WHEAT,140,12,RABI,2,2025,192,0.066,1.0,1
FPS-0404,2025-02,RICE,200,15,RABI,2,2025,188,0.008,1.0,0
FPS-0404,2025-02,WHEAT,200,15,RABI,2,2025,192,0.008,1.0,0
FPS-0405,2025-02,RICE,140,14,RABI,2,2025,205,-0.001,1.0,1
FPS-0405,2025-02,WHEAT,200,14,RABI,2,2025,193,-0.037,1.0,0
FPS-0406,2025-02,RICE,268,22,RABI,2,2025,276,0.068,1.0,0
FPS-0406,2025-02,WHEAT,200,22,RABI,2,2025,199,0.002,1.0,0
FPS-0407,2025-02,RICE,228,18,RABI,2,2025,234,0.048,1.0,0
FPS-0407,2025-02,WHEAT,200,18,RABI,2,2025,188,-0.049,1.0,0
FPS-0408,2025-02,RICE,200,12,RABI,2,2025,188,0.01,1.0,0
FPS-0408,2025-02,WHEAT,200,12,RABI,2,2025,202,-0.045,1.0,0
FPS-0409,2025-02,RICE,140,17,RABI,2,2025,205,0.066,1.0,1
FPS-0409,2025-02,WHEAT,200,17,RABI,2,2025,197,-0.034,1.0,0
FPS-0410,2025-02,RICE,287,25,RABI,2,2025,270,-0.026,1.0,0
FPS-0410,2025-02,WHEAT,206,25,RABI,2,2025,204,0.003,1.0,0
FPS-0411,2025-02,RICE,200,15,RABI,2,2025,186,0.049,1.0,0
FPS-0411,2025-02,WHEAT,200,15,RABI,2,2025,205,-0.046,1.0,0
FPS-0412,2025-02,RICE,260,20,RABI,2,2025,264,-0.008,1.0,0
FPS-0412,2025-02,WHEAT,200,20,RABI,2,2025,202,0.033,1.0,0
FPS-0413,2025-02,RICE,200,14,RABI,2,2025,206,-0.009,1.0,0
FPS-0413,2025-02,WHEAT,200,14,RABI,2,2025,203,-0.043,1.0,0
FPS-0414,2025-02,RICE,284,22,RABI,2,2025,266,0.065,1.0,0
FPS-0414,2025-02,WHEAT,201,22,RABI,2,2025,198,0.049,1.0,0
FPS-0415,2025-02,RICE,241,17,RABI,2,2025,223,0.043,1.0,0
FPS-0415,2025-02,WHEAT,200,17,RABI,2,2025,195,0.038,1.0,0
FPS-0416,2025-02,RICE,200,12,RABI,2,2025,210,-0.018,1.0,0
FPS-0416,2025-02,WHEAT,200,12,RABI,2,2025,186,0.072,1.0,0
FPS-0417,2025-02,RICE,140,11,RABI,2,2025,193,-0.011,1.0,1
FPS-0417,2025-02,WHEAT,200,11,RABI,2,2025,209,-0.002,1.0,0
FPS-0418,2025-02,RICE,248,21,RABI,2,2025,250,-0.005,1.0,0
FPS-0418,2025-02,WHEAT,200,21,RABI,2,2025,198,-0.03,1.0,0
FPS-0419,2025-02,RICE,282,22,RABI,2,2025,290,-0.002,1.0,0
FPS-0419,2025-02,WHEAT,203,22,RABI,2,2025,206,0.011,1.0,0
FPS-0420,2025-02,RICE,228,21,RABI,2,2025,229,-0.048,1.0,0
FPS-0420,2025-02,WHEAT,200,21,RABI,2,2025,201,-0.026,1.0,0
FPS-0421,2025-02,RICE,261,21,RABI,2,2025,254,0.055,1.0,0
FPS-0421,2025-02,WHEAT,200,21,RABI,2,2025,211,0.017,1.0,0
FPS-0422,2025-02,RICE,200,16,RABI,2,2025,193,0.062,1.0,0
FPS-0422,2025-02,WHEAT,200,16,RABI,2,2025,185,0.036,1.0,0
FPS-0423,2025-02,RICE,200,12,RABI,2,2025,193,0.041,1.0,0
FPS-0423,2025-02,WHEAT,200,12,RABI,2,2025,207,-0.025,1.0,0
FPS-0424,2025-02,RICE,245,18,RABI,2,2025,259,0.062,1.0,0
FPS-0424,2025-02,WHEAT,200,18,RABI,2,2025,204,0.017,1.0,0
FPS-0425,2025-02,RICE,200,17,RABI,2,2025,205,0.067,1.0,0
FPS-0425,2025-02,WHEAT,200,17,RABI,2,2025,211,0.023,1.0,0
FPS-0426,2025-02,RICE,258,21,RABI,2,2025,244,-0.012,1.0,0
FPS-0426,2025-02,WHEAT,200,21,RABI,2,2025,210,0.076,1.0,0
FPS-0427,2025-02,RICE,200,13,RABI,2,2025,194,0.034,1.0,0
FPS-0427,2025-02,WHEAT,200,13,RABI,2,2025,203,0.068,1.0,0
FPS-0428,2025-02,RICE,200,16,RABI,2,2025,198,0.021,1.0,0
FPS-0428,2025-02,WHEAT,200,16,RABI,2,2025,202,-0.042,1.0,0
FPS-0429,2025-02,RICE,200,11,RABI,2,2025,190,-0.011,1.0,0
FPS-0429,2025-02,WHEAT,200,11,RABI,2,2025,204,0.055,1.0,0
FPS-0430,2025-02,RICE,200,16,RABI,2,2025,186,-0.047,1.0,0
FPS-0430,2025-02,WHEAT,200,16,RABI,2,2025,197,-0.034,1.0,0
FPS-0431,2025-02,RICE,200,4,RABI,2,2025,190,0.034,1.0,0
FPS-0431,2025-02,WHEAT,200,4,RABI,2,2025,187,-0.025,1.0,0
FPS-0432,2025-02,RICE,368,24,RABI,2,2025,339,0.049,1.0,0
FPS-0432,2025-02,WHEAT,279,24,RABI,2,2025,295,0.035,1.0,0
FPS-0433,2025-02,RICE,200,10,RABI,2,2025,203,-0.05,1.0,0
FPS-0433,2025-02,WHEAT,200,10,RABI,2,2025,189,-0.04,1.0,0
FPS-0434,2025-02,RICE,286,25,RABI,2,2025,294,0.068,1.0,0
FPS-0434,2025-02,WHEAT,206,25,RABI,2,2025,193,0.008,1.0,0
FPS-0435,2025-02,RICE,243,19,RABI,2,2025,250,0.072,1.0,0
FPS-0435,2025-02,WHEAT,200,19,RABI,2,2025,211,0.022,1.0,0
FPS-0436,2025-02,RICE,200,15,RABI,2,2025,193,0.043,1.0,0
FPS-0436,2025-02,WHEAT,200,15,RABI,2,2025,206,-0.005,1.0,0
FPS-0437,2025-02,RICE,200,13,RABI,2,2025,185,0.025,1.0,0
FPS-0437,2025-02,WHEAT,200,13,RABI,2,2025,186,0.006,1.0,0
FPS-0438,2025-02,RICE,200,16,RABI,2,2025,198,-0.037,1.0,0
FPS-0438,2025-02,WHEAT,140,16,RABI,2,2025,185,0.034,1.0,1
FPS-0439,2025-02,RICE,250,19,RABI,2,2025,260,-0.005,1.0,0
FPS-0439,2025-02,WHEAT,200,19,RABI,2,2025,205,0.045,1.0,0
FPS-0440,2025-02,RICE,200,17,RABI,2,2025,191,-0.008,1.0,0
FPS-0440,2025-02,WHEAT,200,17,RABI,2,2025,208,-0.003,1.0,0
FPS-0441,2025-02,RICE,342,22,RABI,2,2025,316,0.066,1.0,0
FPS-0441,2025-02,WHEAT,218,22,RABI,2,2025,229,-0.007,1.0,0
FPS-0442,2025-02,RICE,200,14,RABI,2,2025,209,0.031,1.0,0
FPS-0442,2025-02,WHEAT,200,14,RABI,2,2025,201,-0.038,1.0,0
FPS-0443,2025-02,RICE,200,15,RABI,2,2025,195,0.059,1.0,0
FPS-0443,2025-02,WHEAT,200,15,RABI,2,2025,189,0.054,1.0,0
FPS-0444,2025-02,RICE,200,12,RABI,2,2025,206,-0.015,1.0,0
FPS-0444,2025-02,WHEAT,200,12,RABI,2,2025,186,-0.032,1.0,0
FPS-0445,2025-02,RICE,200,12,RABI,2,2025,201,-0.036,1.0,0
FPS-0445,2025-02,WHEAT,200,12,RABI,2,2025,193,-0.007,1.0,0
FPS-0446,2025-02,RICE,200,14,RABI,2,2025,195,0.018,1.0,0
FPS-0446,2025-02,WHEAT,200,14,RABI,2,2025,193,0.002,1.0,0
FPS-0447,2025-02,RICE,200,13,RABI,2,2025,196,0.063,1.0,0
FPS-0447,2025-02,WHEAT,200,13,RABI,2,2025,191,-0.024,1.0,0
FPS-0448,2025-02,RICE,200,13,RABI,2,2025,185,-0.017,1.0,0
FPS-0448,2025-02,WHEAT,200,13,RABI,2,2025,202,-0.0,1.0,0
FPS-0449,2025-02,RICE,200,15,RABI,2,2025,207,0.066,1.0,0
FPS-0449,2025-02,WHEAT,200,15,RABI,2,2025,194,0.069,1.0,0
FPS-0450,2025-02,RICE,200,14,RABI,2,2025,199,0.056,1.0,0
FPS-0450,2025-02,WHEAT,200,14,RABI,2,2025,194,-0.023,1.0,0
FPS-0451,2025-02,RICE,183,23,RABI,2,2025,244,-0.04,1.0,1
FPS-0451,2025-02,WHEAT,140,23,RABI,2,2025,210,-0.003,1.0,1
FPS-0452,2025-02,RICE,233,17,RABI,2,2025,214,0.032,1.0,0
FPS-0452,2025-02,WHEAT,200,17,RABI,2,2025,210,0.019,1.0,0
FPS-0453,2025-02,RICE,200,15,RABI,2,2025,188,-0.013,1.0,0
FPS-0453,2025-02,WHEAT,200,15,RABI,2,2025,199,0.043,1.0,0
FPS-0454,2025-02,RICE,223,20,RABI,2,2025,226,0.004,1.0,0
FPS-0454,2025-02,WHEAT,140,20,RABI,2,2025,208,0.003,1.0,1
FPS-0455,2025-02,RICE,200,18,RABI,2,2025,185,-0.037,1.0,0
FPS-0455,2025-02,WHEAT,200,18,RABI,2,2025,187,-0.017,1.0,0
FPS-0456,2025-02,RICE,200,14,RABI,2,2025,206,0.077,1.0,0
FPS-0456,2025-02,WHEAT,200,14,RABI,2,2025,195,0.065,1.0,0
FPS-0457,2025-02,RICE,240,19,RABI,2,2025,240,0.027,1.0,0
FPS-0457,2025-02,WHEAT,200,19,RABI,2,2025,184,0.054,1.0,0
FPS-0458,2025-02,RICE,200,15,RABI,2,2025,199,-0.017,1.0,0
FPS-0458,2025-02,WHEAT,200,15,RABI,2,2025,193,-0.045,1.0,0
FPS-0459,2025-02,RICE,217,18,RABI,2,2025,216,0.032,1.0,0
FPS-0459,2025-02,WHEAT,200,18,RABI,2,2025,198,0.032,1.0,0
FPS-0460,2025-02,RICE,200,14,RABI,2,2025,205,0.061,1.0,0
FPS-0460,2025-02,WHEAT,200,14,RABI,2,2025,198,0.072,1.0,0
FPS-0461,2025-02,RICE,254,22,RABI,2,2025,251,0.06,1.0,0
FPS-0461,2025-02,WHEAT,200,22,RABI,2,2025,188,-0.002,1.0,0
FPS-0462,2025-02,RICE,200,12,RABI,2,2025,211,-0.05,1.0,0
FPS-0462,2025-02,WHEAT,200,12,RABI,2,2025,203,0.035,1.0,0
FPS-0463,2025-02,RICE,265,23,RABI,2,2025,279,-0.003,1.0,0
FPS-0463,2025-02,WHEAT,200,23,RABI,2,2025,209,-0.002,1.0,0
FPS-0464,2025-02,RICE,208,16,RABI,2,2025,217,0.049,1.0,0
FPS-0464,2025-02,WHEAT,200,16,RABI,2,2025,211,0.027,1.0,0
FPS-0465,2025-02,RICE,200,16,RABI,2,2025,186,0.014,1.0,0
FPS-0465,2025-02,WHEAT,200,16,RABI,2,2025,202,-0.04,1.0,0
FPS-0466,2025-02,RICE,200,15,RABI,2,2025,186,-0.014,1.0,0
FPS-0466,2025-02,WHEAT,200,15,RABI,2,2025,189,0.012,1.0,0
FPS-0467,2025-02,RICE,200,9,RABI,2,2025,195,0.039,1.0,0
FPS-0467,2025-02,WHEAT,200,9,RABI,2,2025,204,0.001,1.0,0
FPS-0468,2025-02,RICE,200,17,RABI,2,2025,209,-0.04,1.0,0
FPS-0468,2025-02,WHEAT,200,17,RABI,2,2025,189,0.017,1.0,0
FPS-0469,2025-02,RICE,200,12,RABI,2,2025,209,0.033,1.0,0
FPS-0469,2025-02,WHEAT,200,12,RABI,2,2025,201,0.071,1.0,0
FPS-0470,2025-02,RICE,324,22,RABI,2,2025,325,0.062,1.0,0
FPS-0470,2025-02,WHEAT,211,22,RABI,2,2025,219,-0.048,1.0,0
FPS-0471,2025-02,RICE,200,13,RABI,2,2025,185,0.03,1.0,0
FPS-0471,2025-02,WHEAT,200,13,RABI,2,2025,207,0.053,1.0,0
FPS-0472,2025-02,RICE,249,20,RABI,2,2025,235,-0.012,1.0,0
FPS-0472,2025-02,WHEAT,200,20,RABI,2,2025,190,0.057,1.0,0
FPS-0473,2025-02,RICE,205,17,RABI,2,2025,200,0.009,1.0,0
FPS-0473,2025-02,WHEAT,200,17,RABI,2,2025,198,-0.023,1.0,0
FPS-0474,2025-02,RICE,200,17,RABI,2,2025,193,0.025,1.0,0
FPS-0474,2025-02,WHEAT,200,17,RABI,2,2025,201,0.067,1.0,0
FPS-0475,2025-02,RICE,238,18,RABI,2,2025,240,0.036,1.0,0
FPS-0475,2025-02,WHEAT,140,18,RABI,2,2025,210,0.012,1.0,1
FPS-0476,2025-02,RICE,200,14,RABI,2,2025,211,0.065,1.0,0
FPS-0476,2025-02,WHEAT,200,14,RABI,2,2025,207,0.059,1.0,0
FPS-0477,2025-02,RICE,260,21,RABI,2,2025,274,0.046,1.0,0
FPS-0477,2025-02,WHEAT,200,21,RABI,2,2025,186,0.034,1.0,0
FPS-0478,2025-02,RICE,200,15,RABI,2,2025,205,-0.042,1.0,0
FPS-0478,2025-02,WHEAT,200,15,RABI,2,2025,194,-0.014,1.0,0
FPS-0479,2025-02,RICE,241,17,RABI,2,2025,239,0.008,1.0,0
FPS-0479,2025-02,WHEAT,200,17,RABI,2,2025,184,0.025,1.0,0
FPS-0480,2025-02,RICE,200,12,RABI,2,2025,203,-0.039,1.0,0
FPS-0480,2025-02,WHEAT,140,12,RABI,2,2025,206,0.023,1.0,1
FPS-0481,2025-02,RICE,200,17,RABI,2,2025,190,-0.034,1.0,0
FPS-0481,2025-02,WHEAT,200,17,RABI,2,2025,204,0.004,1.0,0
FPS-0482,2025-02,RICE,200,16,RABI,2,2025,190,-0.037,1.0,0
FPS-0482,2025-02,WHEAT,200,16,RABI,2,2025,204,0.04,1.0,0
FPS-0483,2025-02,RICE,200,10,RABI,2,2025,189,0.019,1.0,0
FPS-0483,2025-02,WHEAT,200,10,RABI,2,2025,185,0.011,1.0,0
FPS-0484,2025-02,RICE,200,16,RABI,2,2025,199,0.042,1.0,0
FPS-0484,2025-02,WHEAT,200,16,RABI,2,2025,185,0.019,1.0,0
FPS-0485,2025-02,RICE,200,13,RABI,2,2025,205,0.012,1.0,0
FPS-0485,2025-02,WHEAT,200,13,RABI,2,2025,205,0.066,1.0,0
FPS-0486,2025-02,RICE,239,21,RABI,2,2025,234,0.054,1.0,0
FPS-0486,2025-02,WHEAT,200,21,RABI,2,2025,191,0.053,1.0,0
FPS-0487,2025-02,RICE,200,14,RABI,2,2025,193,-0.023,1.0,0
FPS-0487,2025-02,WHEAT,200,14,RABI,2,2025,190,-0.044,1.0,0
FPS-0488,2025-02,RICE,200,11,RABI,2,2025,206,-0.042,1.0,0
FPS-0488,2025-02,WHEAT,200,11,RABI,2,2025,209,0.057,1.0,0
FPS-0489,2025-02,RICE,231,20,RABI,2,2025,242,0.041,1.0,0
FPS-0489,2025-02,WHEAT,200,20,RABI,2,2025,200,0.053,1.0,0
FPS-0490,2025-02,RICE,241,16,RABI,2,2025,245,0.073,1.0,0
FPS-0490,2025-02,WHEAT,200,16,RABI,2,2025,187,0.038,1.0,0
FPS-0491,2025-02,RICE,217,16,RABI,2,2025,220,-0.032,1.0,0
FPS-0491,2025-02,WHEAT,200,16,RABI,2,2025,184,-0.014,1.0,0
FPS-0492,2025-02,RICE,312,24,RABI,2,2025,324,0.074,1.0,0
FPS-0492,2025-02,WHEAT,214,24,RABI,2,2025,202,0.027,1.0,0
FPS-0493,2025-02,RICE,200,17,RABI,2,2025,201,-0.012,1.0,0
FPS-0493,2025-02,WHEAT,200,17,RABI,2,2025,190,-0.002,1.0,0
FPS-0494,2025-02,RICE,200,11,RABI,2,2025,208,0.028,1.0,0
FPS-0494,2025-02,WHEAT,200,11,RABI,2,2025,207,0.053,1.0,0
FPS-0495,2025-02,RICE,200,12,RABI,2,2025,192,0.063,1.0,0
FPS-0495,2025-02,WHEAT,200,12,RABI,2,2025,207,0.056,1.0,0
FPS-0496,2025-02,RICE,200,15,RABI,2,2025,185,-0.002,1.0,0
FPS-0496,2025-02,WHEAT,200,15,RABI,2,2025,202,0.053,1.0,0
FPS-0497,2025-02,RICE,210,19,RABI,2,2025,218,-0.022,1.0,0
FPS-0497,2025-02,WHEAT,200,19,RABI,2,2025,188,-0.036,1.0,0
FPS-0498,2025-02,RICE,225,16,RABI,2,2025,226,0.004,1.0,0
FPS-0498,2025-02,WHEAT,200,16,RABI,2,2025,186,-0.046,1.0,0
FPS-0499,2025-02,RICE,250,20,RABI,2,2025,234,-0.041,1.0,0
FPS-0499,2025-02,WHEAT,207,20,RABI,2,2025,203,0.076,1.0,0
FPS-0500,2025-02,RICE,200,15,RABI,2,2025,196,-0.002,1.0,0
FPS-0500,2025-02,WHEAT,200,15,RABI,2,2025,186,-0.037,1.0,0
FPS-0501,2025-02,RICE,200,17,RABI,2,2025,204,0.003,1.0,0
FPS-0501,2025-02,WHEAT,200,17,RABI,2,2025,198,0.02,1.0,0
FPS-0502,2025-02,RICE,250,19,RABI,2,2025,241,-0.002,1.0,0
FPS-0502,2025-02,WHEAT,200,19,RABI,2,2025,210,-0.05,1.0,0
FPS-0503,2025-02,RICE,220,19,RABI,2,2025,230,0.021,1.0,0
FPS-0503,2025-02,WHEAT,200,19,RABI,2,2025,208,0.064,1.0,0
FPS-0504,2025-02,RICE,206,16,RABI,2,2025,204,0.022,1.0,0
FPS-0504,2025-02,WHEAT,200,16,RABI,2,2025,204,0.028,1.0,0
FPS-0505,2025-02,RICE,200,17,RABI,2,2025,189,-0.007,1.0,0
FPS-0505,2025-02,WHEAT,200,17,RABI,2,2025,193,0.074,1.0,0
FPS-0506,2025-02,RICE,200,14,RABI,2,2025,200,0.01,1.0,0
FPS-0506,2025-02,WHEAT,200,14,RABI,2,2025,197,0.065,1.0,0
FPS-0507,2025-02,RICE,200,12,RABI,2,2025,192,-0.03,1.0,0
FPS-0507,2025-02,WHEAT,200,12,RABI,2,2025,190,-0.028,1.0,0
FPS-0508,2025-02,RICE,262,22,RABI,2,2025,254,0.041,1.0,0
FPS-0508,2025-02,WHEAT,200,22,RABI,2,2025,190,0.009,1.0,0
FPS-0509,2025-02,RICE,200,16,RABI,2,2025,205,-0.0,1.0,0
FPS-0509,2025-02,WHEAT,200,16,RABI,2,2025,211,-0.018,1.0,0
FPS-0510,2025-02,RICE,200,13,RABI,2,2025,196,-0.049,1.0,0
FPS-0510,2025-02,WHEAT,200,13,RABI,2,2025,201,0.046,1.0,0
FPS-0511,2025-02,RICE,200,15,RABI,2,2025,193,0.079,1.0,0
FPS-0511,2025-02,WHEAT,200,15,RABI,2,2025,186,0.069,1.0,0
FPS-0512,2025-02,RICE,200,12,RABI,2,2025,192,0.08,1.0,0
FPS-0512,2025-02,WHEAT,200,12,RABI,2,2025,187,0.05,1.0,0
FPS-0513,2025-02,RICE,213,17,RABI,2,2025,218,0.076,1.0,0
FPS-0513,2025-02,WHEAT,200,17,RABI,2,2025,191,-0.024,1.0,0
FPS-0514,2025-02,RICE,200,5,RABI,2,2025,202,0.022,1.0,0
FPS-0514,2025-02,WHEAT,200,5,RABI,2,2025,198,0.022,1.0,0
FPS-0515,2025-02,RICE,200,8,RABI,2,2025,188,-0.049,1.0,0
FPS-0515,2025-02,WHEAT,200,8,RABI,2,2025,196,-0.011,1.0,0
FPS-0516,2025-02,RICE,200,11,RABI,2,2025,196,-0.025,1.0,0
FPS-0516,2025-02,WHEAT,140,11,RABI,2,2025,193,-0.029,1.0,1
FPS-0517,2025-02,RICE,200,16,RABI,2,2025,194,0.035,1.0,0
FPS-0517,2025-02,WHEAT,200,16,RABI,2,2025,208,0.016,1.0,0
FPS-0518,2025-02,RICE,212,16,RABI,2,2025,207,0.066,1.0,0
FPS-0518,2025-02,WHEAT,200,16,RABI,2,2025,204,-0.011,1.0,0
FPS-0519,2025-02,RICE,212,15,RABI,2,2025,220,0.061,1.0,0
FPS-0519,2025-02,WHEAT,200,15,RABI,2,2025,211,-0.003,1.0,0
FPS-0520,2025-02,RICE,200,15,RABI,2,2025,200,-0.026,1.0,0
FPS-0520,2025-02,WHEAT,200,15,RABI,2,2025,208,-0.006,1.0,0
FPS-0521,2025-02,RICE,250,23,RABI,2,2025,251,0.017,1.0,0
FPS-0521,2025-02,WHEAT,200,23,RABI,2,2025,210,0.077,1.0,0
FPS-0522,2025-02,RICE,246,20,RABI,2,2025,257,0.065,1.0,0
FPS-0522,2025-02,WHEAT,200,20,RABI,2,2025,189,0.061,1.0,0
FPS-0523,2025-02,RICE,221,18,RABI,2,2025,218,0.061,1.0,0
FPS-0523,2025-02,WHEAT,200,18,RABI,2,2025,205,-0.037,1.0,0
FPS-0524,2025-02,RICE,200,12,RABI,2,2025,198,0.076,1.0,0
FPS-0524,2025-02,WHEAT,200,12,RABI,2,2025,192,-0.002,1.0,0
FPS-0525,2025-02,RICE,200,12,RABI,2,2025,190,-0.039,1.0,0
FPS-0525,2025-02,WHEAT,200,12,RABI,2,2025,186,0.026,1.0,0
FPS-0526,2025-02,RICE,200,16,RABI,2,2025,205,-0.017,1.0,0
FPS-0526,2025-02,WHEAT,200,16,RABI,2,2025,190,0.02,1.0,0
FPS-0527,2025-02,RICE,200,17,RABI,2,2025,203,0.009,1.0,0
FPS-0527,2025-02,WHEAT,200,17,RABI,2,2025,208,0.016,1.0,0
FPS-0528,2025-02,RICE,214,17,RABI,2,2025,200,0.072,1.0,0
FPS-0528,2025-02,WHEAT,200,17,RABI,2,2025,211,0.024,1.0,0
FPS-0529,2025-02,RICE,311,25,RABI,2,2025,286,0.07,1.0,0
FPS-0529,2025-02,WHEAT,225,25,RABI,2,2025,207,0.071,1.0,0
FPS-0530,2025-02,RICE,212,17,RABI,2,2025,200,0.02,1.0,0
FPS-0530,2025-02,WHEAT,200,17,RABI,2,2025,199,0.06,1.0,0
FPS-0531,2025-02,RICE,200,19,RABI,2,2025,208,0.064,1.0,0
FPS-0531,2025-02,WHEAT,200,19,RABI,2,2025,206,0.056,1.0,0
FPS-0532,2025-02,RICE,200,14,RABI,2,2025,188,-0.01,1.0,0
FPS-0532,2025-02,WHEAT,200,14,RABI,2,2025,201,-0.041,1.0,0
FPS-0533,2025-02,RICE,234,20,RABI,2,2025,234,0.023,1.0,0
FPS-0533,2025-02,WHEAT,200,20,RABI,2,2025,201,0.017,1.0,0
FPS-0534,2025-02,RICE,200,11,RABI,2,2025,205,-0.046,1.0,0
FPS-0534,2025-02,WHEAT,200,11,RABI,2,2025,211,-0.039,1.0,0
FPS-0535,2025-02,RICE,246,22,RABI,2,2025,246,0.051,1.0,0
FPS-0535,2025-02,WHEAT,200,22,RABI,2,2025,195,0.003,1.0,0
FPS-0536,2025-02,RICE,200,15,RABI,2,2025,197,-0.03,1.0,0
FPS-0536,2025-02,WHEAT,200,15,RABI,2,2025,185,0.062,1.0,0
FPS-0537,2025-02,RICE,200,11,RABI,2,2025,189,-0.016,1.0,0
FPS-0537,2025-02,WHEAT,200,11,RABI,2,2025,195,-0.043,1.0,0
FPS-0538,2025-02,RICE,140,11,RABI,2,2025,184,0.02,1.0,1
FPS-0538,2025-02,WHEAT,200,11,RABI,2,2025,193,0.044,1.0,0
FPS-0539,2025-02,RICE,228,17,RABI,2,2025,215,0.046,1.0,0
FPS-0539,2025-02,WHEAT,200,17,RABI,2,2025,210,-0.026,1.0,0
FPS-0540,2025-02,RICE,200,8,RABI,2,2025,197,0.066,1.0,0
FPS-0540,2025-02,WHEAT,200,8,RABI,2,2025,189,0.069,1.0,0
FPS-0541,2025-02,RICE,200,15,RABI,2,2025,204,0.049,1.0,0
FPS-0541,2025-02,WHEAT,200,15,RABI,2,2025,202,0.051,1.0,0
FPS-0542,2025-02,RICE,200,13,RABI,2,2025,195,0.05,1.0,0
FPS-0542,2025-02,WHEAT,200,13,RABI,2,2025,194,-0.039,1.0,0
FPS-0543,2025-02,RICE,200,13,RABI,2,2025,206,-0.024,1.0,0
FPS-0543,2025-02,WHEAT,200,13,RABI,2,2025,206,0.047,1.0,0
FPS-0544,2025-02,RICE,200,19,RABI,2,2025,208,-0.032,1.0,0
FPS-0544,2025-02,WHEAT,200,19,RABI,2,2025,193,0.041,1.0,0
FPS-0545,2025-02,RICE,200,9,RABI,2,2025,196,0.001,1.0,0
FPS-0545,2025-02,WHEAT,200,9,RABI,2,2025,197,0.043,1.0,0
FPS-0546,2025-02,RICE,281,20,RABI,2,2025,280,0.036,1.0,0
FPS-0546,2025-02,WHEAT,210,20,RABI,2,2025,208,0.027,1.0,0
FPS-0547,2025-02,RICE,200,11,RABI,2,2025,198,-0.048,1.0,0
FPS-0547,2025-02,WHEAT,200,11,RABI,2,2025,191,0.002,1.0,0
FPS-0548,2025-02,RICE,200,16,RABI,2,2025,203,0.049,1.0,0
FPS-0548,2025-02,WHEAT,200,16,RABI,2,2025,204,-0.032,1.0,0
FPS-0549,2025-02,RICE,241,23,RABI,2,2025,254,0.016,1.0,0
FPS-0549,2025-02,WHEAT,200,23,RABI,2,2025,185,0.041,1.0,0
FPS-0550,2025-02,RICE,200,10,RABI,2,2025,188,0.022,1.0,0
FPS-0550,2025-02,WHEAT,200,10,RABI,2,2025,209,0.08,1.0,0
FPS-0551,2025-02,RICE,200,18,RABI,2,2025,194,-0.007,1.0,0
FPS-0551,2025-02,WHEAT,200,18,RABI,2,2025,203,-0.023,1.0,0
FPS-0552,2025-02,RICE,200,13,RABI,2,2025,197,0.027,1.0,0
FPS-0552,2025-02,WHEAT,200,13,RABI,2,2025,191,-0.019,1.0,0
FPS-0553,2025-02,RICE,290,23,RABI,2,2025,287,0.076,1.0,0
FPS-0553,2025-02,WHEAT,217,23,RABI,2,2025,216,0.073,1.0,0
FPS-0554,2025-02,RICE,200,10,RABI,2,2025,208,0.052,1.0,0
FPS-0554,2025-02,WHEAT,200,10,RABI,2,2025,186,-0.001,1.0,0
FPS-0555,2025-02,RICE,278,23,RABI,2,2025,261,0.067,1.0,0
FPS-0555,2025-02,WHEAT,200,23,RABI,2,2025,193,-0.015,1.0,0
FPS-0556,2025-02,RICE,221,20,RABI,2,2025,223,-0.046,1.0,0
FPS-0556,2025-02,WHEAT,200,20,RABI,2,2025,202,0.003,1.0,0
FPS-0557,2025-02,RICE,232,19,RABI,2,2025,230,-0.004,1.0,0
FPS-0557,2025-02,WHEAT,200,19,RABI,2,2025,185,-0.025,1.0,0
FPS-0558,2025-02,RICE,307,21,RABI,2,2025,321,0.024,1.0,0
FPS-0558,2025-02,WHEAT,213,21,RABI,2,2025,202,-0.03,1.0,0
FPS-0559,2025-02,RICE,206,18,RABI,2,2025,198,0.033,1.0,0
FPS-0559,2025-02,WHEAT,200,18,RABI,2,2025,188,-0.009,1.0,0
FPS-0560,2025-02,RICE,269,21,RABI,2,2025,255,0.009,1.0,0
FPS-0560,2025-02,WHEAT,140,21,RABI,2,2025,205,0.035,1.0,1
FPS-0561,2025-02,RICE,200,13,RABI,2,2025,204,-0.022,1.0,0
FPS-0561,2025-02,WHEAT,200,13,RABI,2,2025,205,-0.035,1.0,0
FPS-0562,2025-02,RICE,275,20,RABI,2,2025,262,-0.004,1.0,0
FPS-0562,2025-02,WHEAT,140,20,RABI,2,2025,185,-0.048,1.0,1
FPS-0563,2025-02,RICE,375,30,RABI,2,2025,395,0.066,1.0,0
FPS-0563,2025-02,WHEAT,254,30,RABI,2,2025,262,0.053,1.0,0
FPS-0564,2025-02,RICE,200,14,RABI,2,2025,190,-0.032,1.0,0
FPS-0564,2025-02,WHEAT,200,14,RABI,2,2025,187,0.053,1.0,0
FPS-0565,2025-02,RICE,200,19,RABI,2,2025,206,-0.026,1.0,0
FPS-0565,2025-02,WHEAT,200,19,RABI,2,2025,194,-0.017,1.0,0
FPS-0566,2025-02,RICE,200,16,RABI,2,2025,190,0.002,1.0,0
FPS-0566,2025-02,WHEAT,200,16,RABI,2,2025,199,0.05,1.0,0
FPS-0567,2025-02,RICE,200,12,RABI,2,2025,191,0.022,1.0,0
FPS-0567,2025-02,WHEAT,200,12,RABI,2,2025,191,0.011,1.0,0
FPS-0568,2025-02,RICE,281,20,RABI,2,2025,277,-0.014,1.0,0
FPS-0568,2025-02,WHEAT,200,20,RABI,2,2025,187,0.021,1.0,0
FPS-0569,2025-02,RICE,253,22,RABI,2,2025,237,-0.012,1.0,0
FPS-0569,2025-02,WHEAT,200,22,RABI,2,2025,187,0.043,1.0,0
FPS-0570,2025-02,RICE,200,8,RABI,2,2025,208,0.028,1.0,0
FPS-0570,2025-02,WHEAT,200,8,RABI,2,2025,196,0.012,1.0,0
FPS-0571,2025-02,RICE,200,16,RABI,2,2025,195,-0.004,1.0,0
FPS-0571,2025-02,WHEAT,200,16,RABI,2,2025,202,-0.024,1.0,0
FPS-0572,2025-02,RICE,271,22,RABI,2,2025,261,0.018,1.0,0
FPS-0572,2025-02,WHEAT,140,22,RABI,2,2025,204,-0.033,1.0,1
FPS-0573,2025-02,RICE,200,13,RABI,2,2025,196,-0.022,1.0,0
FPS-0573,2025-02,WHEAT,140,13,RABI,2,2025,198,0.001,1.0,1
FPS-0574,2025-02,RICE,248,20,RABI,2,2025,256,0.075,1.0,0
FPS-0574,2025-02,WHEAT,200,20,RABI,2,2025,190,0.014,1.0,0
FPS-0575,2025-02,RICE,315,25,RABI,2,2025,323,0.023,1.0,0
FPS-0575,2025-02,WHEAT,228,25,RABI,2,2025,228,0.062,1.0,0
FPS-0576,2025-02,RICE,200,13,RABI,2,2025,195,-0.0,1.0,0
FPS-0576,2025-02,WHEAT,200,13,RABI,2,2025,206,0.055,1.0,0
FPS-0577,2025-02,RICE,140,15,RABI,2,2025,195,-0.031,1.0,1
FPS-0577,2025-02,WHEAT,200,15,RABI,2,2025,192,0.065,1.0,0
FPS-0578,2025-02,RICE,200,11,RABI,2,2025,211,0.044,1.0,0
FPS-0578,2025-02,WHEAT,200,11,RABI,2,2025,198,0.028,1.0,0
FPS-0579,2025-02,RICE,200,15,RABI,2,2025,199,-0.015,1.0,0
FPS-0579,2025-02,WHEAT,200,15,RABI,2,2025,203,0.058,1.0,0
FPS-0580,2025-02,RICE,256,22,RABI,2,2025,242,0.017,1.0,0
FPS-0580,2025-02,WHEAT,200,22,RABI,2,2025,187,0.074,1.0,0
FPS-0581,2025-02,RICE,200,19,RABI,2,2025,204,-0.036,1.0,0
FPS-0581,2025-02,WHEAT,200,19,RABI,2,2025,197,0.011,1.0,0
FPS-0582,2025-02,RICE,200,7,RABI,2,2025,197,0.073,1.0,0
FPS-0582,2025-02,WHEAT,200,7,RABI,2,2025,208,0.032,1.0,0
FPS-0583,2025-02,RICE,200,12,RABI,2,2025,194,-0.019,1.0,0
FPS-0583,2025-02,WHEAT,200,12,RABI,2,2025,203,-0.009,1.0,0
FPS-0584,2025-02,RICE,200,10,RABI,2,2025,188,0.039,1.0,0
FPS-0584,2025-02,WHEAT,200,10,RABI,2,2025,188,-0.049,1.0,0
FPS-0585,2025-02,RICE,200,15,RABI,2,2025,203,0.065,1.0,0
FPS-0585,2025-02,WHEAT,200,15,RABI,2,2025,209,0.027,1.0,0
FPS-0586,2025-02,RICE,200,15,RABI,2,2025,197,-0.016,1.0,0
FPS-0586,2025-02,WHEAT,200,15,RABI,2,2025,186,0.061,1.0,0
FPS-0587,2025-02,RICE,216,17,RABI,2,2025,210,0.014,1.0,0
FPS-0587,2025-02,WHEAT,200,17,RABI,2,2025,190,-0.044,1.0,0
FPS-0588,2025-02,RICE,208,19,RABI,2,2025,212,0.017,1.0,0
FPS-0588,2025-02,WHEAT,140,19,RABI,2,2025,192,0.046,1.0,1
FPS-0589,2025-02,RICE,200,13,RABI,2,2025,187,-0.007,1.0,0
FPS-0589,2025-02,WHEAT,200,13,RABI,2,2025,189,0.01,1.0,0
FPS-0590,2025-02,RICE,200,14,RABI,2,2025,192,-0.035,1.0,0
FPS-0590,2025-02,WHEAT,200,14,RABI,2,2025,186,0.043,1.0,0
FPS-0591,2025-02,RICE,200,15,RABI,2,2025,193,0.056,1.0,0
FPS-0591,2025-02,WHEAT,200,15,RABI,2,2025,187,0.054,1.0,0
FPS-0592,2025-02,RICE,216,18,RABI,2,2025,202,0.014,1.0,0
FPS-0592,2025-02,WHEAT,200,18,RABI,2,2025,205,-0.048,1.0,0
FPS-0593,2025-02,RICE,289,27,RABI,2,2025,293,-0.04,1.0,0
FPS-0593,2025-02,WHEAT,216,27,RABI,2,2025,203,-0.018,1.0,0
FPS-0594,2025-02,RICE,211,16,RABI,2,2025,219,0.017,1.0,0
FPS-0594,2025-02,WHEAT,200,16,RABI,2,2025,188,-0.019,1.0,0
FPS-0595,2025-02,RICE,200,15,RABI,2,2025,184,0.012,1.0,0
FPS-0595,2025-02,WHEAT,200,15,RABI,2,2025,199,0.014,1.0,0
FPS-0596,2025-02,RICE,200,15,RABI,2,2025,205,-0.03,1.0,0
FPS-0596,2025-02,WHEAT,200,15,RABI,2,2025,196,-0.011,1.0,0
FPS-0597,2025-02,RICE,392,26,RABI,2,2025,371,-0.037,1.0,0
FPS-0597,2025-02,WHEAT,285,26,RABI,2,2025,296,-0.02,1.0,0
FPS-0598,2025-02,RICE,265,16,RABI,2,2025,260,0.032,1.0,0
FPS-0598,2025-02,WHEAT,200,16,RABI,2,2025,202,0.012,1.0,0
FPS-0599,2025-02,RICE,200,15,RABI,2,2025,206,0.022,1.0,0
FPS-0599,2025-02,WHEAT,200,15,RABI,2,2025,198,-0.021,1.0,0
FPS-0600,2025-02,RICE,200,13,RABI,2,2025,196,-0.032,1.0,0
FPS-0600,2025-02,WHEAT,200,13,RABI,2,2025,188,-0.024,1.0,0
FPS-0001,2025-03,RICE,271,22,SUMMER,3,2025,265,-0.016,0.96,0
FPS-0001,2025-03,WHEAT,218,22,SUMMER,3,2025,204,0.061,0.96,0
FPS-0002,2025-03,RICE,200,13,SUMMER,3,2025,187,0.0,0.96,0
FPS-0002,2025-03,WHEAT,200,13,SUMMER,3,2025,210,-0.041,0.96,0
FPS-0003,2025-03,RICE,264,25,SUMMER,3,2025,247,-0.025,0.96,0
FPS-0003,2025-03,WHEAT,200,25,SUMMER,3,2025,195,0.015,0.96,0
FPS-0004,2025-03,RICE,200,13,SUMMER,3,2025,192,0.027,0.96,0
FPS-0004,2025-03,WHEAT,200,13,SUMMER,3,2025,189,-0.02,0.96,0
FPS-0005,2025-03,RICE,200,18,SUMMER,3,2025,198,-0.047,0.96,0
FPS-0005,2025-03,WHEAT,200,18,SUMMER,3,2025,193,0.003,0.96,0
FPS-0006,2025-03,RICE,191,20,SUMMER,3,2025,262,-0.006,0.96,1
FPS-0006,2025-03,WHEAT,212,20,SUMMER,3,2025,219,0.07,0.96,0
FPS-0007,2025-03,RICE,200,11,SUMMER,3,2025,190,-0.041,0.96,0
FPS-0007,2025-03,WHEAT,200,11,SUMMER,3,2025,187,0.037,0.96,0
FPS-0008,2025-03,RICE,200,17,SUMMER,3,2025,202,0.065,0.96,0
FPS-0008,2025-03,WHEAT,200,17,SUMMER,3,2025,193,0.021,0.96,0
FPS-0009,2025-03,RICE,140,13,SUMMER,3,2025,211,-0.024,0.96,1
FPS-0009,2025-03,WHEAT,200,13,SUMMER,3,2025,192,0.001,0.96,0
FPS-0010,2025-03,RICE,227,17,SUMMER,3,2025,209,-0.02,0.96,0
FPS-0010,2025-03,WHEAT,200,17,SUMMER,3,2025,204,0.07,0.96,0
FPS-0011,2025-03,RICE,200,14,SUMMER,3,2025,193,-0.005,0.96,0
FPS-0011,2025-03,WHEAT,200,14,SUMMER,3,2025,201,0.025,0.96,0
FPS-0012,2025-03,RICE,227,20,SUMMER,3,2025,230,-0.045,0.96,0
FPS-0012,2025-03,WHEAT,200,20,SUMMER,3,2025,209,0.01,0.96,0
FPS-0013,2025-03,RICE,231,17,SUMMER,3,2025,212,0.023,0.96,0
FPS-0013,2025-03,WHEAT,200,17,SUMMER,3,2025,194,0.008,0.96,0
FPS-0014,2025-03,RICE,200,11,SUMMER,3,2025,187,0.068,0.96,0
FPS-0014,2025-03,WHEAT,200,11,SUMMER,3,2025,185,0.012,0.96,0
FPS-0015,2025-03,RICE,200,14,SUMMER,3,2025,188,0.027,0.96,0
FPS-0015,2025-03,WHEAT,200,14,SUMMER,3,2025,201,0.072,0.96,0
FPS-0016,2025-03,RICE,223,20,SUMMER,3,2025,231,0.034,0.96,0
FPS-0016,2025-03,WHEAT,200,20,SUMMER,3,2025,199,-0.039,0.96,0
FPS-0017,2025-03,RICE,200,15,SUMMER,3,2025,204,-0.022,0.96,0
FPS-0017,2025-03,WHEAT,200,15,SUMMER,3,2025,192,-0.02,0.96,0
FPS-0018,2025-03,RICE,281,24,SUMMER,3,2025,269,0.044,0.96,0
FPS-0018,2025-03,WHEAT,200,24,SUMMER,3,2025,210,-0.007,0.96,0
FPS-0019,2025-03,RICE,248,18,SUMMER,3,2025,244,0.054,0.96,0
FPS-0019,2025-03,WHEAT,200,18,SUMMER,3,2025,185,-0.002,0.96,0
FPS-0020,2025-03,RICE,200,15,SUMMER,3,2025,211,-0.022,0.96,0
FPS-0020,2025-03,WHEAT,200,15,SUMMER,3,2025,189,0.005,0.96,0
FPS-0021,2025-03,RICE,316,26,SUMMER,3,2025,307,0.044,0.96,0
FPS-0021,2025-03,WHEAT,215,26,SUMMER,3,2025,203,-0.032,0.96,0
FPS-0022,2025-03,RICE,200,15,SUMMER,3,2025,187,0.012,0.96,0
FPS-0022,2025-03,WHEAT,200,15,SUMMER,3,2025,197,0.033,0.96,0
FPS-0023,2025-03,RICE,200,16,SUMMER,3,2025,193,0.009,0.96,0
FPS-0023,2025-03,WHEAT,200,16,SUMMER,3,2025,193,-0.022,0.96,0
FPS-0024,2025-03,RICE,200,18,SUMMER,3,2025,203,0.039,0.96,0
FPS-0024,2025-03,WHEAT,200,18,SUMMER,3,2025,211,0.053,0.96,0
FPS-0025,2025-03,RICE,281,19,SUMMER,3,2025,278,0.052,0.96,0
FPS-0025,2025-03,WHEAT,200,19,SUMMER,3,2025,204,0.043,0.96,0
FPS-0026,2025-03,RICE,140,16,SUMMER,3,2025,206,-0.007,0.96,1
FPS-0026,2025-03,WHEAT,140,16,SUMMER,3,2025,192,-0.017,0.96,1
FPS-0027,2025-03,RICE,200,15,SUMMER,3,2025,205,0.038,0.96,0
FPS-0027,2025-03,WHEAT,200,15,SUMMER,3,2025,193,-0.023,0.96,0
FPS-0028,2025-03,RICE,200,12,SUMMER,3,2025,200,-0.044,0.96,0
FPS-0028,2025-03,WHEAT,200,12,SUMMER,3,2025,189,0.051,0.96,0
FPS-0029,2025-03,RICE,243,21,SUMMER,3,2025,244,0.025,0.96,0
FPS-0029,2025-03,WHEAT,200,21,SUMMER,3,2025,191,-0.01,0.96,0
FPS-0030,2025-03,RICE,200,10,SUMMER,3,2025,187,-0.039,0.96,0
FPS-0030,2025-03,WHEAT,200,10,SUMMER,3,2025,187,-0.043,0.96,0
FPS-0031,2025-03,RICE,200,13,SUMMER,3,2025,185,0.013,0.96,0
FPS-0031,2025-03,WHEAT,200,13,SUMMER,3,2025,199,0.06,0.96,0
FPS-0032,2025-03,RICE,200,17,SUMMER,3,2025,195,0.018,0.96,0
FPS-0032,2025-03,WHEAT,200,17,SUMMER,3,2025,198,0.034,0.96,0
FPS-0033,2025-03,RICE,217,14,SUMMER,3,2025,206,-0.025,0.96,0
FPS-0033,2025-03,WHEAT,200,14,SUMMER,3,2025,198,0.007,0.96,0
FPS-0034,2025-03,RICE,222,18,SUMMER,3,2025,228,0.038,0.96,0
FPS-0034,2025-03,WHEAT,200,18,SUMMER,3,2025,193,0.034,0.96,0
FPS-0035,2025-03,RICE,209,18,SUMMER,3,2025,206,-0.043,0.96,0
FPS-0035,2025-03,WHEAT,200,18,SUMMER,3,2025,203,0.048,0.96,0
FPS-0036,2025-03,RICE,248,23,SUMMER,3,2025,243,-0.01,0.96,0
FPS-0036,2025-03,WHEAT,200,23,SUMMER,3,2025,207,0.003,0.96,0
FPS-0037,2025-03,RICE,231,20,SUMMER,3,2025,229,-0.012,0.96,0
FPS-0037,2025-03,WHEAT,200,20,SUMMER,3,2025,196,-0.017,0.96,0
FPS-0038,2025-03,RICE,256,20,SUMMER,3,2025,245,0.059,0.96,0
FPS-0038,2025-03,WHEAT,200,20,SUMMER,3,2025,203,-0.042,0.96,0
FPS-0039,2025-03,RICE,234,20,SUMMER,3,2025,231,0.033,0.96,0
FPS-0039,2025-03,WHEAT,200,20,SUMMER,3,2025,205,-0.019,0.96,0
FPS-0040,2025-03,RICE,200,12,SUMMER,3,2025,211,-0.017,0.96,0
FPS-0040,2025-03,WHEAT,200,12,SUMMER,3,2025,205,-0.006,0.96,0
FPS-0041,2025-03,RICE,200,13,SUMMER,3,2025,200,-0.048,0.96,0
FPS-0041,2025-03,WHEAT,200,13,SUMMER,3,2025,186,-0.024,0.96,0
FPS-0042,2025-03,RICE,200,18,SUMMER,3,2025,210,0.047,0.96,0
FPS-0042,2025-03,WHEAT,200,18,SUMMER,3,2025,195,0.042,0.96,0
FPS-0043,2025-03,RICE,200,17,SUMMER,3,2025,184,0.053,0.96,0
FPS-0043,2025-03,WHEAT,200,17,SUMMER,3,2025,199,-0.037,0.96,0
FPS-0044,2025-03,RICE,200,15,SUMMER,3,2025,200,-0.042,0.96,0
FPS-0044,2025-03,WHEAT,200,15,SUMMER,3,2025,187,0.006,0.96,0
FPS-0045,2025-03,RICE,245,21,SUMMER,3,2025,234,0.041,0.96,0
FPS-0045,2025-03,WHEAT,200,21,SUMMER,3,2025,202,0.042,0.96,0
FPS-0046,2025-03,RICE,200,13,SUMMER,3,2025,194,-0.016,0.96,0
FPS-0046,2025-03,WHEAT,200,13,SUMMER,3,2025,184,-0.039,0.96,0
FPS-0047,2025-03,RICE,240,21,SUMMER,3,2025,254,-0.02,0.96,0
FPS-0047,2025-03,WHEAT,200,21,SUMMER,3,2025,199,0.037,0.96,0
FPS-0048,2025-03,RICE,200,12,SUMMER,3,2025,190,0.051,0.96,0
FPS-0048,2025-03,WHEAT,200,12,SUMMER,3,2025,190,0.018,0.96,0
FPS-0049,2025-03,RICE,200,17,SUMMER,3,2025,209,0.003,0.96,0
FPS-0049,2025-03,WHEAT,200,17,SUMMER,3,2025,196,0.054,0.96,0
FPS-0050,2025-03,RICE,280,23,SUMMER,3,2025,273,-0.035,0.96,0
FPS-0050,2025-03,WHEAT,200,23,SUMMER,3,2025,188,-0.033,0.96,0
FPS-0051,2025-03,RICE,203,19,SUMMER,3,2025,187,-0.027,0.96,0
FPS-0051,2025-03,WHEAT,200,19,SUMMER,3,2025,208,0.018,0.96,0
FPS-0052,2025-03,RICE,226,19,SUMMER,3,2025,236,-0.049,0.96,0
FPS-0052,2025-03,WHEAT,200,19,SUMMER,3,2025,194,-0.041,0.96,0
FPS-0053,2025-03,RICE,200,17,SUMMER,3,2025,200,0.003,0.96,0
FPS-0053,2025-03,WHEAT,200,17,SUMMER,3,2025,203,-0.023,0.96,0
FPS-0054,2025-03,RICE,200,14,SUMMER,3,2025,194,-0.016,0.96,0
FPS-0054,2025-03,WHEAT,200,14,SUMMER,3,2025,204,-0.042,0.96,0
FPS-0055,2025-03,RICE,233,20,SUMMER,3,2025,237,0.014,0.96,0
FPS-0055,2025-03,WHEAT,200,20,SUMMER,3,2025,196,0.059,0.96,0
FPS-0056,2025-03,RICE,200,19,SUMMER,3,2025,198,-0.04,0.96,0
FPS-0056,2025-03,WHEAT,200,19,SUMMER,3,2025,189,0.062,0.96,0
FPS-0057,2025-03,RICE,163,18,SUMMER,3,2025,229,0.072,0.96,1
FPS-0057,2025-03,WHEAT,200,18,SUMMER,3,2025,191,0.08,0.96,0
FPS-0058,2025-03,RICE,232,19,SUMMER,3,2025,216,0.041,0.96,0
FPS-0058,2025-03,WHEAT,200,19,SUMMER,3,2025,206,0.016,0.96,0
FPS-0059,2025-03,RICE,140,17,SUMMER,3,2025,190,-0.036,0.96,1
FPS-0059,2025-03,WHEAT,200,17,SUMMER,3,2025,210,-0.004,0.96,0
FPS-0060,2025-03,RICE,224,22,SUMMER,3,2025,220,-0.024,0.96,0
FPS-0060,2025-03,WHEAT,200,22,SUMMER,3,2025,192,0.037,0.96,0
FPS-0061,2025-03,RICE,200,15,SUMMER,3,2025,192,-0.027,0.96,0
FPS-0061,2025-03,WHEAT,200,15,SUMMER,3,2025,185,0.002,0.96,0
FPS-0062,2025-03,RICE,200,12,SUMMER,3,2025,195,0.017,0.96,0
FPS-0062,2025-03,WHEAT,200,12,SUMMER,3,2025,208,0.043,0.96,0
FPS-0063,2025-03,RICE,240,20,SUMMER,3,2025,228,0.044,0.96,0
FPS-0063,2025-03,WHEAT,200,20,SUMMER,3,2025,211,0.032,0.96,0
FPS-0064,2025-03,RICE,200,15,SUMMER,3,2025,203,0.048,0.96,0
FPS-0064,2025-03,WHEAT,200,15,SUMMER,3,2025,194,0.005,0.96,0
FPS-0065,2025-03,RICE,200,16,SUMMER,3,2025,203,-0.004,0.96,0
FPS-0065,2025-03,WHEAT,200,16,SUMMER,3,2025,185,0.007,0.96,0
FPS-0066,2025-03,RICE,202,17,SUMMER,3,2025,195,0.056,0.96,0
FPS-0066,2025-03,WHEAT,200,17,SUMMER,3,2025,208,-0.042,0.96,0
FPS-0067,2025-03,RICE,200,13,SUMMER,3,2025,209,0.028,0.96,0
FPS-0067,2025-03,WHEAT,200,13,SUMMER,3,2025,196,-0.026,0.96,0
FPS-0068,2025-03,RICE,144,20,SUMMER,3,2025,192,0.079,0.96,1
FPS-0068,2025-03,WHEAT,200,20,SUMMER,3,2025,202,0.038,0.96,0
FPS-0069,2025-03,RICE,200,16,SUMMER,3,2025,204,0.029,0.96,0
FPS-0069,2025-03,WHEAT,200,16,SUMMER,3,2025,211,0.072,0.96,0
FPS-0070,2025-03,RICE,200,16,SUMMER,3,2025,207,-0.044,0.96,0
FPS-0070,2025-03,WHEAT,200,16,SUMMER,3,2025,198,-0.017,0.96,0
FPS-0071,2025-03,RICE,200,15,SUMMER,3,2025,184,0.053,0.96,0
FPS-0071,2025-03,WHEAT,200,15,SUMMER,3,2025,207,0.078,0.96,0
FPS-0072,2025-03,RICE,272,22,SUMMER,3,2025,268,0.05,0.96,0
FPS-0072,2025-03,WHEAT,200,22,SUMMER,3,2025,206,0.001,0.96,0
FPS-0073,2025-03,RICE,248,21,SUMMER,3,2025,236,0.04,0.96,0
FPS-0073,2025-03,WHEAT,200,21,SUMMER,3,2025,204,0.024,0.96,0
FPS-0074,2025-03,RICE,200,11,SUMMER,3,2025,203,0.017,0.96,0
FPS-0074,2025-03,WHEAT,200,11,SUMMER,3,2025,203,-0.028,0.96,0
FPS-0075,2025-03,RICE,245,21,SUMMER,3,2025,257,0.031,0.96,0
FPS-0075,2025-03,WHEAT,200,21,SUMMER,3,2025,209,-0.048,0.96,0
FPS-0076,2025-03,RICE,270,19,SUMMER,3,2025,255,0.007,0.96,0
FPS-0076,2025-03,WHEAT,208,19,SUMMER,3,2025,197,0.067,0.96,0
FPS-0077,2025-03,RICE,200,15,SUMMER,3,2025,184,-0.012,0.96,0
FPS-0077,2025-03,WHEAT,200,15,SUMMER,3,2025,210,-0.017,0.96,0
FPS-0078,2025-03,RICE,220,20,SUMMER,3,2025,227,-0.021,0.96,0
FPS-0078,2025-03,WHEAT,200,20,SUMMER,3,2025,188,-0.018,0.96,0
FPS-0079,2025-03,RICE,200,11,SUMMER,3,2025,188,0.002,0.96,0
FPS-0079,2025-03,WHEAT,200,11,SUMMER,3,2025,201,-0.008,0.96,0
FPS-0080,2025-03,RICE,200,15,SUMMER,3,2025,195,0.058,0.96,0
FPS-0080,2025-03,WHEAT,200,15,SUMMER,3,2025,205,0.038,0.96,0
FPS-0081,2025-03,RICE,226,21,SUMMER,3,2025,223,-0.026,0.96,0
FPS-0081,2025-03,WHEAT,200,21,SUMMER,3,2025,207,0.029,0.96,0
FPS-0082,2025-03,RICE,245,22,SUMMER,3,2025,234,0.077,0.96,0
FPS-0082,2025-03,WHEAT,200,22,SUMMER,3,2025,194,-0.033,0.96,0
FPS-0083,2025-03,RICE,240,18,SUMMER,3,2025,222,0.034,0.96,0
FPS-0083,2025-03,WHEAT,200,18,SUMMER,3,2025,185,-0.008,0.96,0
FPS-0084,2025-03,RICE,281,20,SUMMER,3,2025,293,0.043,0.96,0
FPS-0084,2025-03,WHEAT,200,20,SUMMER,3,2025,208,0.005,0.96,0
FPS-0085,2025-03,RICE,200,14,SUMMER,3,2025,193,0.067,0.96,0
FPS-0085,2025-03,WHEAT,200,14,SUMMER,3,2025,187,-0.045,0.96,0
FPS-0086,2025-03,RICE,200,14,SUMMER,3,2025,191,0.039,0.96,0
FPS-0086,2025-03,WHEAT,200,14,SUMMER,3,2025,202,-0.044,0.96,0
FPS-0087,2025-03,RICE,200,13,SUMMER,3,2025,187,0.067,0.96,0
FPS-0087,2025-03,WHEAT,200,13,SUMMER,3,2025,186,0.071,0.96,0
FPS-0088,2025-03,RICE,207,15,SUMMER,3,2025,202,0.068,0.96,0
FPS-0088,2025-03,WHEAT,200,15,SUMMER,3,2025,204,-0.019,0.96,0
FPS-0089,2025-03,RICE,245,18,SUMMER,3,2025,241,0.069,0.96,0
FPS-0089,2025-03,WHEAT,200,18,SUMMER,3,2025,193,0.005,0.96,0
FPS-0090,2025-03,RICE,202,15,SUMMER,3,2025,188,0.016,0.96,0
FPS-0090,2025-03,WHEAT,200,15,SUMMER,3,2025,193,0.05,0.96,0
FPS-0091,2025-03,RICE,200,18,SUMMER,3,2025,196,0.057,0.96,0
FPS-0091,2025-03,WHEAT,200,18,SUMMER,3,2025,198,-0.037,0.96,0
FPS-0092,2025-03,RICE,248,21,SUMMER,3,2025,253,-0.022,0.96,0
FPS-0092,2025-03,WHEAT,200,21,SUMMER,3,2025,186,0.053,0.96,0
FPS-0093,2025-03,RICE,263,24,SUMMER,3,2025,266,0.017,0.96,0
FPS-0093,2025-03,WHEAT,200,24,SUMMER,3,2025,194,-0.043,0.96,0
FPS-0094,2025-03,RICE,236,19,SUMMER,3,2025,226,-0.027,0.96,0
FPS-0094,2025-03,WHEAT,200,19,SUMMER,3,2025,198,-0.016,0.96,0
FPS-0095,2025-03,RICE,277,26,SUMMER,3,2025,266,0.01,0.96,0
FPS-0095,2025-03,WHEAT,200,26,SUMMER,3,2025,207,-0.028,0.96,0
FPS-0096,2025-03,RICE,200,13,SUMMER,3,2025,192,0.012,0.96,0
FPS-0096,2025-03,WHEAT,200,13,SUMMER,3,2025,203,-0.031,0.96,0
FPS-0097,2025-03,RICE,243,20,SUMMER,3,2025,224,-0.05,0.96,0
FPS-0097,2025-03,WHEAT,200,20,SUMMER,3,2025,209,-0.049,0.96,0
FPS-0098,2025-03,RICE,274,20,SUMMER,3,2025,270,0.039,0.96,0
FPS-0098,2025-03,WHEAT,200,20,SUMMER,3,2025,199,0.047,0.96,0
FPS-0099,2025-03,RICE,200,16,SUMMER,3,2025,210,-0.018,0.96,0
FPS-0099,2025-03,WHEAT,200,16,SUMMER,3,2025,195,0.049,0.96,0
FPS-0100,2025-03,RICE,200,12,SUMMER,3,2025,191,-0.02,0.96,0
FPS-0100,2025-03,WHEAT,200,12,SUMMER,3,2025,207,0.007,0.96,0
FPS-0101,2025-03,RICE,274,19,SUMMER,3,2025,282,0.029,0.96,0
FPS-0101,2025-03,WHEAT,201,19,SUMMER,3,2025,198,0.015,0.96,0
FPS-0102,2025-03,RICE,200,15,SUMMER,3,2025,205,0.039,0.96,0
FPS-0102,2025-03,WHEAT,200,15,SUMMER,3,2025,208,0.015,0.96,0
FPS-0103,2025-03,RICE,303,23,SUMMER,3,2025,294,0.043,0.96,0
FPS-0103,2025-03,WHEAT,215,23,SUMMER,3,2025,216,0.059,0.96,0
FPS-0104,2025-03,RICE,200,14,SUMMER,3,2025,198,0.077,0.96,0
FPS-0104,2025-03,WHEAT,200,14,SUMMER,3,2025,202,-0.048,0.96,0
FPS-0105,2025-03,RICE,311,23,SUMMER,3,2025,294,0.078,0.96,0
FPS-0105,2025-03,WHEAT,223,23,SUMMER,3,2025,208,0.061,0.96,0
FPS-0106,2025-03,RICE,140,14,SUMMER,3,2025,197,-0.009,0.96,1
FPS-0106,2025-03,WHEAT,200,14,SUMMER,3,2025,208,0.076,0.96,0
FPS-0107,2025-03,RICE,200,18,SUMMER,3,2025,197,0.028,0.96,0
FPS-0107,2025-03,WHEAT,200,18,SUMMER,3,2025,191,0.071,0.96,0
FPS-0108,2025-03,RICE,200,10,SUMMER,3,2025,189,0.021,0.96,0
FPS-0108,2025-03,WHEAT,200,10,SUMMER,3,2025,188,0.021,0.96,0
FPS-0109,2025-03,RICE,200,14,SUMMER,3,2025,204,0.024,0.96,0
FPS-0109,2025-03,WHEAT,200,14,SUMMER,3,2025,199,0.062,0.96,0
FPS-0110,2025-03,RICE,200,17,SUMMER,3,2025,200,0.014,0.96,0
FPS-0110,2025-03,WHEAT,200,17,SUMMER,3,2025,204,-0.035,0.96,0
FPS-0111,2025-03,RICE,200,13,SUMMER,3,2025,207,0.032,0.96,0
FPS-0111,2025-03,WHEAT,200,13,SUMMER,3,2025,193,0.031,0.96,0
FPS-0112,2025-03,RICE,200,14,SUMMER,3,2025,211,0.011,0.96,0
FPS-0112,2025-03,WHEAT,200,14,SUMMER,3,2025,195,-0.032,0.96,0
FPS-0113,2025-03,RICE,200,8,SUMMER,3,2025,198,0.009,0.96,0
FPS-0113,2025-03,WHEAT,200,8,SUMMER,3,2025,205,0.009,0.96,0
FPS-0114,2025-03,RICE,200,15,SUMMER,3,2025,198,-0.03,0.96,0
FPS-0114,2025-03,WHEAT,200,15,SUMMER,3,2025,185,0.025,0.96,0
FPS-0115,2025-03,RICE,200,13,SUMMER,3,2025,211,0.078,0.96,0
FPS-0115,2025-03,WHEAT,200,13,SUMMER,3,2025,203,0.054,0.96,0
FPS-0116,2025-03,RICE,200,9,SUMMER,3,2025,189,0.064,0.96,0
FPS-0116,2025-03,WHEAT,200,9,SUMMER,3,2025,187,0.067,0.96,0
FPS-0117,2025-03,RICE,200,17,SUMMER,3,2025,193,0.037,0.96,0
FPS-0117,2025-03,WHEAT,200,17,SUMMER,3,2025,189,-0.027,0.96,0
FPS-0118,2025-03,RICE,203,19,SUMMER,3,2025,196,0.015,0.96,0
FPS-0118,2025-03,WHEAT,200,19,SUMMER,3,2025,192,0.064,0.96,0
FPS-0119,2025-03,RICE,200,15,SUMMER,3,2025,184,0.07,0.96,0
FPS-0119,2025-03,WHEAT,200,15,SUMMER,3,2025,190,0.034,0.96,0
FPS-0120,2025-03,RICE,200,16,SUMMER,3,2025,206,-0.027,0.96,0
FPS-0120,2025-03,WHEAT,200,16,SUMMER,3,2025,187,0.002,0.96,0
FPS-0121,2025-03,RICE,200,15,SUMMER,3,2025,211,-0.034,0.96,0
FPS-0121,2025-03,WHEAT,200,15,SUMMER,3,2025,191,0.065,0.96,0
FPS-0122,2025-03,RICE,200,14,SUMMER,3,2025,188,-0.011,0.96,0
FPS-0122,2025-03,WHEAT,200,14,SUMMER,3,2025,210,0.022,0.96,0
FPS-0123,2025-03,RICE,200,14,SUMMER,3,2025,190,0.029,0.96,0
FPS-0123,2025-03,WHEAT,200,14,SUMMER,3,2025,188,-0.035,0.96,0
FPS-0124,2025-03,RICE,265,21,SUMMER,3,2025,264,-0.019,0.96,0
FPS-0124,2025-03,WHEAT,217,21,SUMMER,3,2025,217,0.054,0.96,0
FPS-0125,2025-03,RICE,200,14,SUMMER,3,2025,197,0.027,0.96,0
FPS-0125,2025-03,WHEAT,200,14,SUMMER,3,2025,196,-0.006,0.96,0
FPS-0126,2025-03,RICE,200,13,SUMMER,3,2025,190,0.005,0.96,0
FPS-0126,2025-03,WHEAT,200,13,SUMMER,3,2025,201,-0.045,0.96,0
FPS-0127,2025-03,RICE,200,11,SUMMER,3,2025,207,0.01,0.96,0
FPS-0127,2025-03,WHEAT,200,11,SUMMER,3,2025,196,-0.044,0.96,0
FPS-0128,2025-03,RICE,200,12,SUMMER,3,2025,199,0.051,0.96,0
FPS-0128,2025-03,WHEAT,200,12,SUMMER,3,2025,195,0.025,0.96,0
FPS-0129,2025-03,RICE,200,17,SUMMER,3,2025,207,0.009,0.96,0
FPS-0129,2025-03,WHEAT,200,17,SUMMER,3,2025,189,0.067,0.96,0
FPS-0130,2025-03,RICE,200,16,SUMMER,3,2025,207,0.042,0.96,0
FPS-0130,2025-03,WHEAT,200,16,SUMMER,3,2025,196,0.068,0.96,0
FPS-0131,2025-03,RICE,140,15,SUMMER,3,2025,198,0.062,0.96,1
FPS-0131,2025-03,WHEAT,200,15,SUMMER,3,2025,189,-0.039,0.96,0
FPS-0132,2025-03,RICE,270,23,SUMMER,3,2025,260,0.025,0.96,0
FPS-0132,2025-03,WHEAT,200,23,SUMMER,3,2025,211,0.022,0.96,0
FPS-0133,2025-03,RICE,140,13,SUMMER,3,2025,201,0.044,0.96,1
FPS-0133,2025-03,WHEAT,200,13,SUMMER,3,2025,203,0.052,0.96,0
FPS-0134,2025-03,RICE,200,16,SUMMER,3,2025,199,-0.047,0.96,0
FPS-0134,2025-03,WHEAT,200,16,SUMMER,3,2025,202,0.011,0.96,0
FPS-0135,2025-03,RICE,200,15,SUMMER,3,2025,187,-0.009,0.96,0
FPS-0135,2025-03,WHEAT,200,15,SUMMER,3,2025,205,0.045,0.96,0
FPS-0136,2025-03,RICE,208,16,SUMMER,3,2025,200,0.063,0.96,0
FPS-0136,2025-03,WHEAT,200,16,SUMMER,3,2025,193,0.071,0.96,0
FPS-0137,2025-03,RICE,200,15,SUMMER,3,2025,197,-0.038,0.96,0
FPS-0137,2025-03,WHEAT,200,15,SUMMER,3,2025,190,0.052,0.96,0
FPS-0138,2025-03,RICE,280,23,SUMMER,3,2025,285,0.031,0.96,0
FPS-0138,2025-03,WHEAT,140,23,SUMMER,3,2025,199,0.02,0.96,1
FPS-0139,2025-03,RICE,200,17,SUMMER,3,2025,203,-0.013,0.96,0
FPS-0139,2025-03,WHEAT,200,17,SUMMER,3,2025,204,-0.031,0.96,0
FPS-0140,2025-03,RICE,200,14,SUMMER,3,2025,211,-0.013,0.96,0
FPS-0140,2025-03,WHEAT,200,14,SUMMER,3,2025,207,0.031,0.96,0
FPS-0141,2025-03,RICE,140,9,SUMMER,3,2025,196,-0.041,0.96,1
FPS-0141,2025-03,WHEAT,200,9,SUMMER,3,2025,210,-0.015,0.96,0
FPS-0142,2025-03,RICE,217,20,SUMMER,3,2025,209,-0.01,0.96,0
FPS-0142,2025-03,WHEAT,200,20,SUMMER,3,2025,191,0.073,0.96,0
FPS-0143,2025-03,RICE,248,22,SUMMER,3,2025,242,0.036,0.96,0
FPS-0143,2025-03,WHEAT,200,22,SUMMER,3,2025,205,0.053,0.96,0
FPS-0144,2025-03,RICE,234,22,SUMMER,3,2025,243,-0.043,0.96,0
FPS-0144,2025-03,WHEAT,200,22,SUMMER,3,2025,185,0.027,0.96,0
FPS-0145,2025-03,RICE,200,15,SUMMER,3,2025,209,0.017,0.96,0
FPS-0145,2025-03,WHEAT,200,15,SUMMER,3,2025,208,0.006,0.96,0
FPS-0146,2025-03,RICE,200,13,SUMMER,3,2025,186,-0.02,0.96,0
FPS-0146,2025-03,WHEAT,200,13,SUMMER,3,2025,210,0.048,0.96,0
FPS-0147,2025-03,RICE,217,20,SUMMER,3,2025,229,0.056,0.96,0
FPS-0147,2025-03,WHEAT,200,20,SUMMER,3,2025,188,-0.047,0.96,0
FPS-0148,2025-03,RICE,290,25,SUMMER,3,2025,271,0.037,0.96,0
FPS-0148,2025-03,WHEAT,207,25,SUMMER,3,2025,207,0.051,0.96,0
FPS-0149,2025-03,RICE,298,25,SUMMER,3,2025,302,-0.022,0.96,0
FPS-0149,2025-03,WHEAT,220,25,SUMMER,3,2025,219,-0.033,0.96,0
FPS-0150,2025-03,RICE,200,13,SUMMER,3,2025,206,-0.029,0.96,0
FPS-0150,2025-03,WHEAT,200,13,SUMMER,3,2025,187,-0.033,0.96,0
FPS-0151,2025-03,RICE,241,22,SUMMER,3,2025,235,0.016,0.96,0
FPS-0151,2025-03,WHEAT,200,22,SUMMER,3,2025,208,-0.034,0.96,0
FPS-0152,2025-03,RICE,214,19,SUMMER,3,2025,212,0.027,0.96,0
FPS-0152,2025-03,WHEAT,200,19,SUMMER,3,2025,191,0.015,0.96,0
FPS-0153,2025-03,RICE,215,17,SUMMER,3,2025,204,-0.026,0.96,0
FPS-0153,2025-03,WHEAT,200,17,SUMMER,3,2025,194,0.073,0.96,0
FPS-0154,2025-03,RICE,200,18,SUMMER,3,2025,184,0.048,0.96,0
FPS-0154,2025-03,WHEAT,200,18,SUMMER,3,2025,189,0.059,0.96,0
FPS-0155,2025-03,RICE,212,17,SUMMER,3,2025,195,-0.0,0.96,0
FPS-0155,2025-03,WHEAT,200,17,SUMMER,3,2025,194,-0.049,0.96,0
FPS-0156,2025-03,RICE,200,14,SUMMER,3,2025,202,0.019,0.96,0
FPS-0156,2025-03,WHEAT,200,14,SUMMER,3,2025,208,0.013,0.96,0
FPS-0157,2025-03,RICE,200,18,SUMMER,3,2025,194,-0.043,0.96,0
FPS-0157,2025-03,WHEAT,200,18,SUMMER,3,2025,201,0.027,0.96,0
FPS-0158,2025-03,RICE,200,16,SUMMER,3,2025,205,-0.021,0.96,0
FPS-0158,2025-03,WHEAT,140,16,SUMMER,3,2025,211,0.006,0.96,1
FPS-0159,2025-03,RICE,140,16,SUMMER,3,2025,191,-0.037,0.96,1
FPS-0159,2025-03,WHEAT,200,16,SUMMER,3,2025,194,-0.002,0.96,0
FPS-0160,2025-03,RICE,200,11,SUMMER,3,2025,199,0.076,0.96,0
FPS-0160,2025-03,WHEAT,200,11,SUMMER,3,2025,200,0.008,0.96,0
FPS-0161,2025-03,RICE,254,23,SUMMER,3,2025,245,-0.049,0.96,0
FPS-0161,2025-03,WHEAT,200,23,SUMMER,3,2025,205,-0.029,0.96,0
FPS-0162,2025-03,RICE,200,16,SUMMER,3,2025,191,0.028,0.96,0
FPS-0162,2025-03,WHEAT,200,16,SUMMER,3,2025,186,-0.038,0.96,0
FPS-0163,2025-03,RICE,200,16,SUMMER,3,2025,191,0.024,0.96,0
FPS-0163,2025-03,WHEAT,200,16,SUMMER,3,2025,201,0.011,0.96,0
FPS-0164,2025-03,RICE,200,13,SUMMER,3,2025,198,0.052,0.96,0
FPS-0164,2025-03,WHEAT,200,13,SUMMER,3,2025,184,0.072,0.96,0
FPS-0165,2025-03,RICE,200,14,SUMMER,3,2025,203,-0.031,0.96,0
FPS-0165,2025-03,WHEAT,200,14,SUMMER,3,2025,187,0.05,0.96,0
FPS-0166,2025-03,RICE,200,19,SUMMER,3,2025,193,-0.03,0.96,0
FPS-0166,2025-03,WHEAT,200,19,SUMMER,3,2025,202,-0.024,0.96,0
FPS-0167,2025-03,RICE,200,19,SUMMER,3,2025,203,-0.05,0.96,0
FPS-0167,2025-03,WHEAT,200,19,SUMMER,3,2025,185,0.007,0.96,0
FPS-0168,2025-03,RICE,200,11,SUMMER,3,2025,205,0.003,0.96,0
FPS-0168,2025-03,WHEAT,200,11,SUMMER,3,2025,210,-0.047,0.96,0
FPS-0169,2025-03,RICE,200,17,SUMMER,3,2025,204,-0.025,0.96,0
FPS-0169,2025-03,WHEAT,200,17,SUMMER,3,2025,195,0.064,0.96,0
FPS-0170,2025-03,RICE,200,19,SUMMER,3,2025,191,0.067,0.96,0
FPS-0170,2025-03,WHEAT,200,19,SUMMER,3,2025,205,-0.02,0.96,0
FPS-0171,2025-03,RICE,200,13,SUMMER,3,2025,185,0.044,0.96,0
FPS-0171,2025-03,WHEAT,200,13,SUMMER,3,2025,210,0.029,0.96,0
FPS-0172,2025-03,RICE,230,20,SUMMER,3,2025,213,0.061,0.96,0
FPS-0172,2025-03,WHEAT,200,20,SUMMER,3,2025,210,0.034,0.96,0
FPS-0173,2025-03,RICE,200,15,SUMMER,3,2025,209,0.035,0.96,0
FPS-0173,2025-03,WHEAT,200,15,SUMMER,3,2025,205,0.05,0.96,0
FPS-0174,2025-03,RICE,256,23,SUMMER,3,2025,262,0.031,0.96,0
FPS-0174,2025-03,WHEAT,200,23,SUMMER,3,2025,207,0.014,0.96,0
FPS-0175,2025-03,RICE,224,21,SUMMER,3,2025,207,0.051,0.96,0
FPS-0175,2025-03,WHEAT,200,21,SUMMER,3,2025,184,-0.02,0.96,0
FPS-0176,2025-03,RICE,200,14,SUMMER,3,2025,200,0.058,0.96,0
FPS-0176,2025-03,WHEAT,200,14,SUMMER,3,2025,184,0.005,0.96,0
FPS-0177,2025-03,RICE,200,14,SUMMER,3,2025,206,-0.009,0.96,0
FPS-0177,2025-03,WHEAT,200,14,SUMMER,3,2025,210,0.014,0.96,0
FPS-0178,2025-03,RICE,200,15,SUMMER,3,2025,210,-0.023,0.96,0
FPS-0178,2025-03,WHEAT,200,15,SUMMER,3,2025,193,0.078,0.96,0
FPS-0179,2025-03,RICE,252,21,SUMMER,3,2025,262,0.012,0.96,0
FPS-0179,2025-03,WHEAT,200,21,SUMMER,3,2025,204,0.043,0.96,0
FPS-0180,2025-03,RICE,200,14,SUMMER,3,2025,208,0.019,0.96,0
FPS-0180,2025-03,WHEAT,200,14,SUMMER,3,2025,201,0.051,0.96,0
FPS-0181,2025-03,RICE,229,20,SUMMER,3,2025,211,0.05,0.96,0
FPS-0181,2025-03,WHEAT,200,20,SUMMER,3,2025,192,0.026,0.96,0
FPS-0182,2025-03,RICE,200,17,SUMMER,3,2025,211,-0.031,0.96,0
FPS-0182,2025-03,WHEAT,200,17,SUMMER,3,2025,195,0.045,0.96,0
FPS-0183,2025-03,RICE,213,16,SUMMER,3,2025,225,0.075,0.96,0
FPS-0183,2025-03,WHEAT,200,16,SUMMER,3,2025,205,0.067,0.96,0
FPS-0184,2025-03,RICE,246,22,SUMMER,3,2025,235,-0.009,0.96,0
FPS-0184,2025-03,WHEAT,200,22,SUMMER,3,2025,200,0.022,0.96,0
FPS-0185,2025-03,RICE,200,18,SUMMER,3,2025,208,-0.004,0.96,0
FPS-0185,2025-03,WHEAT,200,18,SUMMER,3,2025,193,-0.008,0.96,0
FPS-0186,2025-03,RICE,246,21,SUMMER,3,2025,241,0.054,0.96,0
FPS-0186,2025-03,WHEAT,200,21,SUMMER,3,2025,208,-0.037,0.96,0
FPS-0187,2025-03,RICE,237,19,SUMMER,3,2025,234,0.075,0.96,0
FPS-0187,2025-03,WHEAT,200,19,SUMMER,3,2025,195,-0.02,0.96,0
FPS-0188,2025-03,RICE,200,11,SUMMER,3,2025,205,0.056,0.96,0
FPS-0188,2025-03,WHEAT,200,11,SUMMER,3,2025,196,-0.028,0.96,0
FPS-0189,2025-03,RICE,288,23,SUMMER,3,2025,301,0.055,0.96,0
FPS-0189,2025-03,WHEAT,214,23,SUMMER,3,2025,209,0.031,0.96,0
FPS-0190,2025-03,RICE,200,18,SUMMER,3,2025,196,0.043,0.96,0
FPS-0190,2025-03,WHEAT,200,18,SUMMER,3,2025,205,-0.043,0.96,0
FPS-0191,2025-03,RICE,200,9,SUMMER,3,2025,188,0.07,0.96,0
FPS-0191,2025-03,WHEAT,200,9,SUMMER,3,2025,190,0.049,0.96,0
FPS-0192,2025-03,RICE,200,12,SUMMER,3,2025,209,0.018,0.96,0
FPS-0192,2025-03,WHEAT,200,12,SUMMER,3,2025,188,0.05,0.96,0
FPS-0193,2025-03,RICE,205,19,SUMMER,3,2025,198,-0.034,0.96,0
FPS-0193,2025-03,WHEAT,200,19,SUMMER,3,2025,193,0.073,0.96,0
FPS-0194,2025-03,RICE,200,13,SUMMER,3,2025,197,0.057,0.96,0
FPS-0194,2025-03,WHEAT,200,13,SUMMER,3,2025,198,0.054,0.96,0
FPS-0195,2025-03,RICE,200,14,SUMMER,3,2025,197,-0.005,0.96,0
FPS-0195,2025-03,WHEAT,200,14,SUMMER,3,2025,200,0.035,0.96,0
FPS-0196,2025-03,RICE,247,22,SUMMER,3,2025,240,-0.048,0.96,0
FPS-0196,2025-03,WHEAT,200,22,SUMMER,3,2025,210,-0.028,0.96,0
FPS-0197,2025-03,RICE,247,18,SUMMER,3,2025,236,-0.01,0.96,0
FPS-0197,2025-03,WHEAT,200,18,SUMMER,3,2025,201,0.061,0.96,0
FPS-0198,2025-03,RICE,200,14,SUMMER,3,2025,207,0.015,0.96,0
FPS-0198,2025-03,WHEAT,200,14,SUMMER,3,2025,195,0.014,0.96,0
FPS-0199,2025-03,RICE,200,13,SUMMER,3,2025,187,0.051,0.96,0
FPS-0199,2025-03,WHEAT,200,13,SUMMER,3,2025,197,0.008,0.96,0
FPS-0200,2025-03,RICE,200,10,SUMMER,3,2025,194,0.015,0.96,0
FPS-0200,2025-03,WHEAT,200,10,SUMMER,3,2025,191,0.008,0.96,0
FPS-0201,2025-03,RICE,200,15,SUMMER,3,2025,207,0.022,0.96,0
FPS-0201,2025-03,WHEAT,200,15,SUMMER,3,2025,196,-0.03,0.96,0
FPS-0202,2025-03,RICE,200,14,SUMMER,3,2025,184,-0.031,0.96,0
FPS-0202,2025-03,WHEAT,200,14,SUMMER,3,2025,208,0.035,0.96,0
FPS-0203,2025-03,RICE,200,11,SUMMER,3,2025,184,0.052,0.96,0
FPS-0203,2025-03,WHEAT,200,11,SUMMER,3,2025,191,-0.036,0.96,0
FPS-0204,2025-03,RICE,241,19,SUMMER,3,2025,228,0.04,0.96,0
FPS-0204,2025-03,WHEAT,200,19,SUMMER,3,2025,190,-0.017,0.96,0
FPS-0205,2025-03,RICE,200,13,SUMMER,3,2025,209,0.027,0.96,0
FPS-0205,2025-03,WHEAT,200,13,SUMMER,3,2025,206,-0.005,0.96,0
FPS-0206,2025-03,RICE,312,24,SUMMER,3,2025,288,0.076,0.96,0
FPS-0206,2025-03,WHEAT,200,24,SUMMER,3,2025,204,-0.046,0.96,0
FPS-0207,2025-03,RICE,347,26,SUMMER,3,2025,350,0.029,0.96,0
FPS-0207,2025-03,WHEAT,250,26,SUMMER,3,2025,244,0.005,0.96,0
FPS-0208,2025-03,RICE,228,18,SUMMER,3,2025,231,0.045,0.96,0
FPS-0208,2025-03,WHEAT,200,18,SUMMER,3,2025,209,0.005,0.96,0
FPS-0209,2025-03,RICE,258,21,SUMMER,3,2025,242,-0.049,0.96,0
FPS-0209,2025-03,WHEAT,140,21,SUMMER,3,2025,203,0.044,0.96,1
FPS-0210,2025-03,RICE,206,21,SUMMER,3,2025,204,0.031,0.96,0
FPS-0210,2025-03,WHEAT,200,21,SUMMER,3,2025,211,0.014,0.96,0
FPS-0211,2025-03,RICE,231,22,SUMMER,3,2025,239,0.065,0.96,0
FPS-0211,2025-03,WHEAT,200,22,SUMMER,3,2025,200,-0.014,0.96,0
FPS-0212,2025-03,RICE,200,11,SUMMER,3,2025,205,-0.022,0.96,0
FPS-0212,2025-03,WHEAT,200,11,SUMMER,3,2025,193,0.062,0.96,0
FPS-0213,2025-03,RICE,200,14,SUMMER,3,2025,195,0.038,0.96,0
FPS-0213,2025-03,WHEAT,200,14,SUMMER,3,2025,195,0.042,0.96,0
FPS-0214,2025-03,RICE,200,13,SUMMER,3,2025,188,-0.02,0.96,0
FPS-0214,2025-03,WHEAT,200,13,SUMMER,3,2025,186,0.027,0.96,0
FPS-0215,2025-03,RICE,200,11,SUMMER,3,2025,208,-0.003,0.96,0
FPS-0215,2025-03,WHEAT,200,11,SUMMER,3,2025,190,-0.023,0.96,0
FPS-0216,2025-03,RICE,200,14,SUMMER,3,2025,202,0.079,0.96,0
FPS-0216,2025-03,WHEAT,200,14,SUMMER,3,2025,202,-0.006,0.96,0
FPS-0217,2025-03,RICE,200,17,SUMMER,3,2025,191,-0.028,0.96,0
FPS-0217,2025-03,WHEAT,200,17,SUMMER,3,2025,187,-0.035,0.96,0
FPS-0218,2025-03,RICE,200,13,SUMMER,3,2025,211,-0.037,0.96,0
FPS-0218,2025-03,WHEAT,200,13,SUMMER,3,2025,195,0.055,0.96,0
FPS-0219,2025-03,RICE,218,19,SUMMER,3,2025,201,0.075,0.96,0
FPS-0219,2025-03,WHEAT,200,19,SUMMER,3,2025,202,-0.031,0.96,0
FPS-0220,2025-03,RICE,254,22,SUMMER,3,2025,236,0.005,0.96,0
FPS-0220,2025-03,WHEAT,200,22,SUMMER,3,2025,184,-0.022,0.96,0
FPS-0221,2025-03,RICE,245,19,SUMMER,3,2025,251,0.065,0.96,0
FPS-0221,2025-03,WHEAT,200,19,SUMMER,3,2025,206,0.037,0.96,0
FPS-0222,2025-03,RICE,180,21,SUMMER,3,2025,247,0.036,0.96,1
FPS-0222,2025-03,WHEAT,200,21,SUMMER,3,2025,192,0.02,0.96,0
FPS-0223,2025-03,RICE,234,17,SUMMER,3,2025,240,0.022,0.96,0
FPS-0223,2025-03,WHEAT,200,17,SUMMER,3,2025,199,0.017,0.96,0
FPS-0224,2025-03,RICE,200,20,SUMMER,3,2025,205,0.024,0.96,0
FPS-0224,2025-03,WHEAT,140,20,SUMMER,3,2025,195,-0.006,0.96,1
FPS-0225,2025-03,RICE,200,15,SUMMER,3,2025,186,0.003,0.96,0
FPS-0225,2025-03,WHEAT,200,15,SUMMER,3,2025,206,0.02,0.96,0
FPS-0226,2025-03,RICE,200,12,SUMMER,3,2025,191,0.026,0.96,0
FPS-0226,2025-03,WHEAT,200,12,SUMMER,3,2025,196,0.025,0.96,0
FPS-0227,2025-03,RICE,200,14,SUMMER,3,2025,211,0.076,0.96,0
FPS-0227,2025-03,WHEAT,200,14,SUMMER,3,2025,200,0.044,0.96,0
FPS-0228,2025-03,RICE,212,18,SUMMER,3,2025,196,0.048,0.96,0
FPS-0228,2025-03,WHEAT,200,18,SUMMER,3,2025,188,0.056,0.96,0
FPS-0229,2025-03,RICE,200,19,SUMMER,3,2025,209,0.004,0.96,0
FPS-0229,2025-03,WHEAT,200,19,SUMMER,3,2025,207,0.011,0.96,0
FPS-0230,2025-03,RICE,292,22,SUMMER,3,2025,278,0.054,0.96,0
FPS-0230,2025-03,WHEAT,200,22,SUMMER,3,2025,200,-0.04,0.96,0
FPS-0231,2025-03,RICE,200,18,SUMMER,3,2025,207,-0.025,0.96,0
FPS-0231,2025-03,WHEAT,200,18,SUMMER,3,2025,209,0.015,0.96,0
FPS-0232,2025-03,RICE,200,14,SUMMER,3,2025,199,0.011,0.96,0
FPS-0232,2025-03,WHEAT,140,14,SUMMER,3,2025,186,0.005,0.96,1
FPS-0233,2025-03,RICE,200,9,SUMMER,3,2025,187,0.049,0.96,0
FPS-0233,2025-03,WHEAT,200,9,SUMMER,3,2025,188,-0.046,0.96,0
FPS-0234,2025-03,RICE,207,18,SUMMER,3,2025,219,0.057,0.96,0
FPS-0234,2025-03,WHEAT,200,18,SUMMER,3,2025,193,0.003,0.96,0
FPS-0235,2025-03,RICE,147,18,SUMMER,3,2025,200,-0.012,0.96,1
FPS-0235,2025-03,WHEAT,200,18,SUMMER,3,2025,198,0.026,0.96,0
FPS-0236,2025-03,RICE,200,17,SUMMER,3,2025,191,0.004,0.96,0
FPS-0236,2025-03,WHEAT,200,17,SUMMER,3,2025,185,0.028,0.96,0
FPS-0237,2025-03,RICE,212,15,SUMMER,3,2025,207,0.055,0.96,0
FPS-0237,2025-03,WHEAT,140,15,SUMMER,3,2025,197,0.022,0.96,1
FPS-0238,2025-03,RICE,215,19,SUMMER,3,2025,224,-0.047,0.96,0
FPS-0238,2025-03,WHEAT,200,19,SUMMER,3,2025,199,0.056,0.96,0
FPS-0239,2025-03,RICE,218,19,SUMMER,3,2025,215,-0.026,0.96,0
FPS-0239,2025-03,WHEAT,200,19,SUMMER,3,2025,209,0.055,0.96,0
FPS-0240,2025-03,RICE,262,21,SUMMER,3,2025,276,0.033,0.96,0
FPS-0240,2025-03,WHEAT,200,21,SUMMER,3,2025,211,0.05,0.96,0
FPS-0241,2025-03,RICE,215,19,SUMMER,3,2025,226,0.03,0.96,0
FPS-0241,2025-03,WHEAT,200,19,SUMMER,3,2025,198,0.027,0.96,0
FPS-0242,2025-03,RICE,200,12,SUMMER,3,2025,209,0.0,0.96,0
FPS-0242,2025-03,WHEAT,200,12,SUMMER,3,2025,198,0.013,0.96,0
FPS-0243,2025-03,RICE,233,18,SUMMER,3,2025,237,0.026,0.96,0
FPS-0243,2025-03,WHEAT,200,18,SUMMER,3,2025,205,0.011,0.96,0
FPS-0244,2025-03,RICE,200,16,SUMMER,3,2025,211,0.023,0.96,0
FPS-0244,2025-03,WHEAT,200,16,SUMMER,3,2025,201,0.069,0.96,0
FPS-0245,2025-03,RICE,200,14,SUMMER,3,2025,189,0.037,0.96,0
FPS-0245,2025-03,WHEAT,200,14,SUMMER,3,2025,191,0.022,0.96,0
FPS-0246,2025-03,RICE,299,24,SUMMER,3,2025,310,0.068,0.96,0
FPS-0246,2025-03,WHEAT,203,24,SUMMER,3,2025,190,-0.027,0.96,0
FPS-0247,2025-03,RICE,200,19,SUMMER,3,2025,206,0.001,0.96,0
FPS-0247,2025-03,WHEAT,200,19,SUMMER,3,2025,201,0.065,0.96,0
FPS-0248,2025-03,RICE,332,25,SUMMER,3,2025,328,0.051,0.96,0
FPS-0248,2025-03,WHEAT,227,25,SUMMER,3,2025,213,0.053,0.96,0
FPS-0249,2025-03,RICE,304,22,SUMMER,3,2025,318,0.063,0.96,0
FPS-0249,2025-03,WHEAT,200,22,SUMMER,3,2025,184,-0.02,0.96,0
FPS-0250,2025-03,RICE,200,16,SUMMER,3,2025,205,-0.019,0.96,0
FPS-0250,2025-03,WHEAT,200,16,SUMMER,3,2025,211,-0.038,0.96,0
FPS-0251,2025-03,RICE,200,17,SUMMER,3,2025,189,0.042,0.96,0
FPS-0251,2025-03,WHEAT,200,17,SUMMER,3,2025,186,-0.01,0.96,0
FPS-0252,2025-03,RICE,200,16,SUMMER,3,2025,198,-0.032,0.96,0
FPS-0252,2025-03,WHEAT,200,16,SUMMER,3,2025,191,-0.047,0.96,0
FPS-0253,2025-03,RICE,258,22,SUMMER,3,2025,257,0.015,0.96,0
FPS-0253,2025-03,WHEAT,200,22,SUMMER,3,2025,200,0.056,0.96,0
FPS-0254,2025-03,RICE,200,14,SUMMER,3,2025,193,-0.002,0.96,0
FPS-0254,2025-03,WHEAT,200,14,SUMMER,3,2025,201,-0.045,0.96,0
FPS-0255,2025-03,RICE,200,16,SUMMER,3,2025,197,-0.029,0.96,0
FPS-0255,2025-03,WHEAT,200,16,SUMMER,3,2025,211,-0.028,0.96,0
FPS-0256,2025-03,RICE,200,14,SUMMER,3,2025,198,0.065,0.96,0
FPS-0256,2025-03,WHEAT,200,14,SUMMER,3,2025,208,-0.033,0.96,0
FPS-0257,2025-03,RICE,200,15,SUMMER,3,2025,210,-0.021,0.96,0
FPS-0257,2025-03,WHEAT,200,15,SUMMER,3,2025,211,0.059,0.96,0
FPS-0258,2025-03,RICE,200,15,SUMMER,3,2025,192,0.076,0.96,0
FPS-0258,2025-03,WHEAT,200,15,SUMMER,3,2025,185,0.011,0.96,0
FPS-0259,2025-03,RICE,200,15,SUMMER,3,2025,197,0.069,0.96,0
FPS-0259,2025-03,WHEAT,200,15,SUMMER,3,2025,195,0.01,0.96,0
FPS-0260,2025-03,RICE,200,13,SUMMER,3,2025,206,-0.026,0.96,0
FPS-0260,2025-03,WHEAT,200,13,SUMMER,3,2025,203,-0.039,0.96,0
FPS-0261,2025-03,RICE,200,11,SUMMER,3,2025,200,0.043,0.96,0
FPS-0261,2025-03,WHEAT,200,11,SUMMER,3,2025,210,-0.003,0.96,0
FPS-0262,2025-03,RICE,200,13,SUMMER,3,2025,192,-0.005,0.96,0
FPS-0262,2025-03,WHEAT,200,13,SUMMER,3,2025,210,-0.037,0.96,0
FPS-0263,2025-03,RICE,200,14,SUMMER,3,2025,194,0.031,0.96,0
FPS-0263,2025-03,WHEAT,200,14,SUMMER,3,2025,205,-0.005,0.96,0
FPS-0264,2025-03,RICE,200,5,SUMMER,3,2025,192,0.004,0.96,0
FPS-0264,2025-03,WHEAT,200,5,SUMMER,3,2025,185,0.059,0.96,0
FPS-0265,2025-03,RICE,204,18,SUMMER,3,2025,199,-0.041,0.96,0
FPS-0265,2025-03,WHEAT,200,18,SUMMER,3,2025,186,0.012,0.96,0
FPS-0266,2025-03,RICE,200,13,SUMMER,3,2025,193,-0.04,0.96,0
FPS-0266,2025-03,WHEAT,200,13,SUMMER,3,2025,184,0.034,0.96,0
FPS-0267,2025-03,RICE,200,16,SUMMER,3,2025,187,0.042,0.96,0
FPS-0267,2025-03,WHEAT,200,16,SUMMER,3,2025,206,0.024,0.96,0
FPS-0268,2025-03,RICE,200,20,SUMMER,3,2025,199,0.031,0.96,0
FPS-0268,2025-03,WHEAT,200,20,SUMMER,3,2025,187,0.008,0.96,0
FPS-0269,2025-03,RICE,244,21,SUMMER,3,2025,225,0.032,0.96,0
FPS-0269,2025-03,WHEAT,200,21,SUMMER,3,2025,195,0.029,0.96,0
FPS-0270,2025-03,RICE,200,8,SUMMER,3,2025,195,-0.01,0.96,0
FPS-0270,2025-03,WHEAT,200,8,SUMMER,3,2025,195,0.046,0.96,0
FPS-0271,2025-03,RICE,202,18,SUMMER,3,2025,193,0.006,0.96,0
FPS-0271,2025-03,WHEAT,140,18,SUMMER,3,2025,202,0.043,0.96,1
FPS-0272,2025-03,RICE,268,20,SUMMER,3,2025,246,0.047,0.96,0
FPS-0272,2025-03,WHEAT,200,20,SUMMER,3,2025,187,-0.032,0.96,0
FPS-0273,2025-03,RICE,197,23,SUMMER,3,2025,263,0.046,0.96,1
FPS-0273,2025-03,WHEAT,203,23,SUMMER,3,2025,193,0.039,0.96,0
FPS-0274,2025-03,RICE,206,18,SUMMER,3,2025,205,0.039,0.96,0
FPS-0274,2025-03,WHEAT,200,18,SUMMER,3,2025,204,0.012,0.96,0
FPS-0275,2025-03,RICE,200,17,SUMMER,3,2025,207,-0.009,0.96,0
FPS-0275,2025-03,WHEAT,200,17,SUMMER,3,2025,186,0.07,0.96,0
FPS-0276,2025-03,RICE,204,19,SUMMER,3,2025,216,-0.037,0.96,0
FPS-0276,2025-03,WHEAT,200,19,SUMMER,3,2025,204,0.08,0.96,0
FPS-0277,2025-03,RICE,202,17,SUMMER,3,2025,188,0.001,0.96,0
FPS-0277,2025-03,WHEAT,200,17,SUMMER,3,2025,200,0.066,0.96,0
FPS-0278,2025-03,RICE,200,15,SUMMER,3,2025,203,-0.043,0.96,0
FPS-0278,2025-03,WHEAT,200,15,SUMMER,3,2025,184,0.014,0.96,0
FPS-0279,2025-03,RICE,317,23,SUMMER,3,2025,331,0.03,0.96,0
FPS-0279,2025-03,WHEAT,239,23,SUMMER,3,2025,242,0.037,0.96,0
FPS-0280,2025-03,RICE,200,18,SUMMER,3,2025,197,0.016,0.96,0
FPS-0280,2025-03,WHEAT,140,18,SUMMER,3,2025,193,0.06,0.96,1
FPS-0281,2025-03,RICE,200,18,SUMMER,3,2025,195,-0.035,0.96,0
FPS-0281,2025-03,WHEAT,200,18,SUMMER,3,2025,189,0.003,0.96,0
FPS-0282,2025-03,RICE,227,20,SUMMER,3,2025,218,0.006,0.96,0
FPS-0282,2025-03,WHEAT,200,20,SUMMER,3,2025,188,-0.04,0.96,0
FPS-0283,2025-03,RICE,200,14,SUMMER,3,2025,200,0.051,0.96,0
FPS-0283,2025-03,WHEAT,200,14,SUMMER,3,2025,202,0.059,0.96,0
FPS-0284,2025-03,RICE,200,12,SUMMER,3,2025,191,0.022,0.96,0
FPS-0284,2025-03,WHEAT,200,12,SUMMER,3,2025,199,0.017,0.96,0
FPS-0285,2025-03,RICE,235,18,SUMMER,3,2025,234,0.053,0.96,0
FPS-0285,2025-03,WHEAT,200,18,SUMMER,3,2025,199,0.028,0.96,0
FPS-0286,2025-03,RICE,200,16,SUMMER,3,2025,207,-0.025,0.96,0
FPS-0286,2025-03,WHEAT,200,16,SUMMER,3,2025,187,0.059,0.96,0
FPS-0287,2025-03,RICE,343,26,SUMMER,3,2025,342,0.07,0.96,0
FPS-0287,2025-03,WHEAT,250,26,SUMMER,3,2025,252,0.079,0.96,0
FPS-0288,2025-03,RICE,200,17,SUMMER,3,2025,197,0.028,0.96,0
FPS-0288,2025-03,WHEAT,200,17,SUMMER,3,2025,197,0.029,0.96,0
FPS-0289,2025-03,RICE,200,13,SUMMER,3,2025,184,0.008,0.96,0
FPS-0289,2025-03,WHEAT,200,13,SUMMER,3,2025,193,0.006,0.96,0
FPS-0290,2025-03,RICE,200,18,SUMMER,3,2025,194,0.005,0.96,0
FPS-0290,2025-03,WHEAT,200,18,SUMMER,3,2025,204,-0.015,0.96,0
FPS-0291,2025-03,RICE,214,18,SUMMER,3,2025,208,-0.04,0.96,0
FPS-0291,2025-03,WHEAT,200,18,SUMMER,3,2025,190,-0.046,0.96,0
FPS-0292,2025-03,RICE,275,20,SUMMER,3,2025,259,0.064,0.96,0
FPS-0292,2025-03,WHEAT,200,20,SUMMER,3,2025,200,0.016,0.96,0
FPS-0293,2025-03,RICE,206,18,SUMMER,3,2025,212,0.033,0.96,0
FPS-0293,2025-03,WHEAT,200,18,SUMMER,3,2025,203,0.053,0.96,0
FPS-0294,2025-03,RICE,210,16,SUMMER,3,2025,210,0.037,0.96,0
FPS-0294,2025-03,WHEAT,200,16,SUMMER,3,2025,186,-0.043,0.96,0
FPS-0295,2025-03,RICE,200,13,SUMMER,3,2025,197,-0.002,0.96,0
FPS-0295,2025-03,WHEAT,200,13,SUMMER,3,2025,209,0.045,0.96,0
FPS-0296,2025-03,RICE,200,14,SUMMER,3,2025,187,-0.025,0.96,0
FPS-0296,2025-03,WHEAT,200,14,SUMMER,3,2025,205,0.037,0.96,0
FPS-0297,2025-03,RICE,200,17,SUMMER,3,2025,203,0.001,0.96,0
FPS-0297,2025-03,WHEAT,200,17,SUMMER,3,2025,211,0.048,0.96,0
FPS-0298,2025-03,RICE,200,15,SUMMER,3,2025,192,0.076,0.96,0
FPS-0298,2025-03,WHEAT,200,15,SUMMER,3,2025,201,0.011,0.96,0
FPS-0299,2025-03,RICE,200,17,SUMMER,3,2025,207,0.004,0.96,0
FPS-0299,2025-03,WHEAT,200,17,SUMMER,3,2025,202,0.004,0.96,0
FPS-0300,2025-03,RICE,239,17,SUMMER,3,2025,240,0.08,0.96,0
FPS-0300,2025-03,WHEAT,200,17,SUMMER,3,2025,204,-0.012,0.96,0
FPS-0301,2025-03,RICE,200,16,SUMMER,3,2025,205,-0.049,0.96,0
FPS-0301,2025-03,WHEAT,200,16,SUMMER,3,2025,203,-0.039,0.96,0
FPS-0302,2025-03,RICE,221,19,SUMMER,3,2025,212,0.038,0.96,0
FPS-0302,2025-03,WHEAT,200,19,SUMMER,3,2025,204,-0.009,0.96,0
FPS-0303,2025-03,RICE,200,11,SUMMER,3,2025,203,0.043,0.96,0
FPS-0303,2025-03,WHEAT,200,11,SUMMER,3,2025,204,-0.012,0.96,0
FPS-0304,2025-03,RICE,231,17,SUMMER,3,2025,215,0.047,0.96,0
FPS-0304,2025-03,WHEAT,200,17,SUMMER,3,2025,197,0.062,0.96,0
FPS-0305,2025-03,RICE,205,17,SUMMER,3,2025,211,0.075,0.96,0
FPS-0305,2025-03,WHEAT,200,17,SUMMER,3,2025,209,0.019,0.96,0
FPS-0306,2025-03,RICE,200,13,SUMMER,3,2025,207,-0.022,0.96,0
FPS-0306,2025-03,WHEAT,200,13,SUMMER,3,2025,185,0.022,0.96,0
FPS-0307,2025-03,RICE,200,15,SUMMER,3,2025,204,-0.0,0.96,0
FPS-0307,2025-03,WHEAT,200,15,SUMMER,3,2025,193,0.06,0.96,0
FPS-0308,2025-03,RICE,210,15,SUMMER,3,2025,205,0.045,0.96,0
FPS-0308,2025-03,WHEAT,200,15,SUMMER,3,2025,188,0.039,0.96,0
FPS-0309,2025-03,RICE,220,18,SUMMER,3,2025,228,-0.0,0.96,0
FPS-0309,2025-03,WHEAT,200,18,SUMMER,3,2025,199,0.015,0.96,0
FPS-0310,2025-03,RICE,200,13,SUMMER,3,2025,208,-0.007,0.96,0
FPS-0310,2025-03,WHEAT,200,13,SUMMER,3,2025,205,-0.04,0.96,0
FPS-0311,2025-03,RICE,279,23,SUMMER,3,2025,281,0.065,0.96,0
FPS-0311,2025-03,WHEAT,200,23,SUMMER,3,2025,196,-0.044,0.96,0
FPS-0312,2025-03,RICE,231,19,SUMMER,3,2025,217,-0.009,0.96,0
FPS-0312,2025-03,WHEAT,200,19,SUMMER,3,2025,200,0.069,0.96,0
FPS-0313,2025-03,RICE,200,15,SUMMER,3,2025,184,-0.04,0.96,0
FPS-0313,2025-03,WHEAT,200,15,SUMMER,3,2025,203,0.051,0.96,0
FPS-0314,2025-03,RICE,237,18,SUMMER,3,2025,224,0.079,0.96,0
FPS-0314,2025-03,WHEAT,200,18,SUMMER,3,2025,209,0.062,0.96,0
FPS-0315,2025-03,RICE,214,18,SUMMER,3,2025,221,0.047,0.96,0
FPS-0315,2025-03,WHEAT,200,18,SUMMER,3,2025,189,-0.025,0.96,0
FPS-0316,2025-03,RICE,200,15,SUMMER,3,2025,196,0.053,0.96,0
FPS-0316,2025-03,WHEAT,200,15,SUMMER,3,2025,191,0.005,0.96,0
FPS-0317,2025-03,RICE,200,15,SUMMER,3,2025,185,0.028,0.96,0
FPS-0317,2025-03,WHEAT,200,15,SUMMER,3,2025,197,0.07,0.96,0
FPS-0318,2025-03,RICE,200,17,SUMMER,3,2025,209,0.042,0.96,0
FPS-0318,2025-03,WHEAT,200,17,SUMMER,3,2025,196,-0.01,0.96,0
FPS-0319,2025-03,RICE,200,14,SUMMER,3,2025,211,0.015,0.96,0
FPS-0319,2025-03,WHEAT,200,14,SUMMER,3,2025,206,-0.047,0.96,0
FPS-0320,2025-03,RICE,200,10,SUMMER,3,2025,197,0.013,0.96,0
FPS-0320,2025-03,WHEAT,200,10,SUMMER,3,2025,201,0.013,0.96,0
FPS-0321,2025-03,RICE,258,24,SUMMER,3,2025,250,0.022,0.96,0
FPS-0321,2025-03,WHEAT,200,24,SUMMER,3,2025,205,-0.025,0.96,0
FPS-0322,2025-03,RICE,235,20,SUMMER,3,2025,218,0.068,0.96,0
FPS-0322,2025-03,WHEAT,200,20,SUMMER,3,2025,207,0.006,0.96,0
FPS-0323,2025-03,RICE,200,16,SUMMER,3,2025,210,0.004,0.96,0
FPS-0323,2025-03,WHEAT,200,16,SUMMER,3,2025,194,-0.037,0.96,0
FPS-0324,2025-03,RICE,200,13,SUMMER,3,2025,190,-0.023,0.96,0
FPS-0324,2025-03,WHEAT,200,13,SUMMER,3,2025,196,-0.045,0.96,0
FPS-0325,2025-03,RICE,231,21,SUMMER,3,2025,234,-0.007,0.96,0
FPS-0325,2025-03,WHEAT,200,21,SUMMER,3,2025,200,0.001,0.96,0
FPS-0326,2025-03,RICE,200,16,SUMMER,3,2025,184,0.043,0.96,0
FPS-0326,2025-03,WHEAT,200,16,SUMMER,3,2025,211,0.039,0.96,0
FPS-0327,2025-03,RICE,152,18,SUMMER,3,2025,218,-0.008,0.96,1
FPS-0327,2025-03,WHEAT,200,18,SUMMER,3,2025,186,-0.004,0.96,0
FPS-0328,2025-03,RICE,212,18,SUMMER,3,2025,211,-0.041,0.96,0
FPS-0328,2025-03,WHEAT,140,18,SUMMER,3,2025,195,-0.01,0.96,1
FPS-0329,2025-03,RICE,200,15,SUMMER,3,2025,208,0.006,0.96,0
FPS-0329,2025-03,WHEAT,200,15,SUMMER,3,2025,197,0.023,0.96,0
FPS-0330,2025-03,RICE,233,21,SUMMER,3,2025,245,0.06,0.96,0
FPS-0330,2025-03,WHEAT,200,21,SUMMER,3,2025,198,-0.049,0.96,0
FPS-0331,2025-03,RICE,200,17,SUMMER,3,2025,210,0.044,0.96,0
FPS-0331,2025-03,WHEAT,200,17,SUMMER,3,2025,207,-0.032,0.96,0
FPS-0332,2025-03,RICE,208,21,SUMMER,3,2025,220,-0.026,0.96,0
FPS-0332,2025-03,WHEAT,200,21,SUMMER,3,2025,206,0.024,0.96,0
FPS-0333,2025-03,RICE,364,27,SUMMER,3,2025,364,0.029,0.96,0
FPS-0333,2025-03,WHEAT,251,27,SUMMER,3,2025,238,-0.036,0.96,0
FPS-0334,2025-03,RICE,200,16,SUMMER,3,2025,203,0.038,0.96,0
FPS-0334,2025-03,WHEAT,200,16,SUMMER,3,2025,190,0.024,0.96,0
FPS-0335,2025-03,RICE,237,18,SUMMER,3,2025,220,-0.046,0.96,0
FPS-0335,2025-03,WHEAT,200,18,SUMMER,3,2025,191,-0.028,0.96,0
FPS-0336,2025-03,RICE,225,18,SUMMER,3,2025,215,0.012,0.96,0
FPS-0336,2025-03,WHEAT,200,18,SUMMER,3,2025,190,0.044,0.96,0
FPS-0337,2025-03,RICE,200,13,SUMMER,3,2025,209,-0.014,0.96,0
FPS-0337,2025-03,WHEAT,200,13,SUMMER,3,2025,194,0.028,0.96,0
FPS-0338,2025-03,RICE,200,16,SUMMER,3,2025,211,0.003,0.96,0
FPS-0338,2025-03,WHEAT,200,16,SUMMER,3,2025,202,0.072,0.96,0
FPS-0339,2025-03,RICE,200,18,SUMMER,3,2025,192,0.034,0.96,0
FPS-0339,2025-03,WHEAT,200,18,SUMMER,3,2025,184,0.068,0.96,0
FPS-0340,2025-03,RICE,200,12,SUMMER,3,2025,201,0.05,0.96,0
FPS-0340,2025-03,WHEAT,200,12,SUMMER,3,2025,192,0.03,0.96,0
FPS-0341,2025-03,RICE,200,14,SUMMER,3,2025,199,-0.036,0.96,0
FPS-0341,2025-03,WHEAT,200,14,SUMMER,3,2025,185,0.004,0.96,0
FPS-0342,2025-03,RICE,200,12,SUMMER,3,2025,201,0.033,0.96,0
FPS-0342,2025-03,WHEAT,200,12,SUMMER,3,2025,190,0.072,0.96,0
FPS-0343,2025-03,RICE,200,16,SUMMER,3,2025,204,-0.028,0.96,0
FPS-0343,2025-03,WHEAT,200,16,SUMMER,3,2025,202,0.022,0.96,0
FPS-0344,2025-03,RICE,200,16,SUMMER,3,2025,186,-0.011,0.96,0
FPS-0344,2025-03,WHEAT,200,16,SUMMER,3,2025,184,0.027,0.96,0
FPS-0345,2025-03,RICE,211,17,SUMMER,3,2025,198,0.02,0.96,0
FPS-0345,2025-03,WHEAT,200,17,SUMMER,3,2025,190,0.071,0.96,0
FPS-0346,2025-03,RICE,201,19,SUMMER,3,2025,199,-0.009,0.96,0
FPS-0346,2025-03,WHEAT,200,19,SUMMER,3,2025,203,-0.044,0.96,0
FPS-0347,2025-03,RICE,299,22,SUMMER,3,2025,286,0.029,0.96,0
FPS-0347,2025-03,WHEAT,232,22,SUMMER,3,2025,220,0.073,0.96,0
FPS-0348,2025-03,RICE,238,20,SUMMER,3,2025,223,0.062,0.96,0
FPS-0348,2025-03,WHEAT,200,20,SUMMER,3,2025,201,0.044,0.96,0
FPS-0349,2025-03,RICE,208,18,SUMMER,3,2025,201,0.068,0.96,0
FPS-0349,2025-03,WHEAT,200,18,SUMMER,3,2025,195,0.044,0.96,0
FPS-0350,2025-03,RICE,219,17,SUMMER,3,2025,203,-0.017,0.96,0
FPS-0350,2025-03,WHEAT,200,17,SUMMER,3,2025,209,-0.01,0.96,0
FPS-0351,2025-03,RICE,200,16,SUMMER,3,2025,186,0.016,0.96,0
FPS-0351,2025-03,WHEAT,200,16,SUMMER,3,2025,211,-0.03,0.96,0
FPS-0352,2025-03,RICE,218,19,SUMMER,3,2025,217,0.059,0.96,0
FPS-0352,2025-03,WHEAT,200,19,SUMMER,3,2025,191,-0.045,0.96,0
FPS-0353,2025-03,RICE,200,16,SUMMER,3,2025,194,-0.006,0.96,0
FPS-0353,2025-03,WHEAT,200,16,SUMMER,3,2025,210,0.013,0.96,0
FPS-0354,2025-03,RICE,239,21,SUMMER,3,2025,226,0.074,0.96,0
FPS-0354,2025-03,WHEAT,200,21,SUMMER,3,2025,200,0.028,0.96,0
FPS-0355,2025-03,RICE,205,15,SUMMER,3,2025,203,0.024,0.96,0
FPS-0355,2025-03,WHEAT,200,15,SUMMER,3,2025,195,0.026,0.96,0
FPS-0356,2025-03,RICE,200,13,SUMMER,3,2025,202,0.001,0.96,0
FPS-0356,2025-03,WHEAT,140,13,SUMMER,3,2025,195,-0.012,0.96,1
FPS-0357,2025-03,RICE,234,20,SUMMER,3,2025,217,0.038,0.96,0
FPS-0357,2025-03,WHEAT,200,20,SUMMER,3,2025,208,-0.036,0.96,0
FPS-0358,2025-03,RICE,200,16,SUMMER,3,2025,192,0.025,0.96,0
FPS-0358,2025-03,WHEAT,200,16,SUMMER,3,2025,210,-0.032,0.96,0
FPS-0359,2025-03,RICE,301,25,SUMMER,3,2025,297,-0.016,0.96,0
FPS-0359,2025-03,WHEAT,232,25,SUMMER,3,2025,221,0.074,0.96,0
FPS-0360,2025-03,RICE,200,15,SUMMER,3,2025,190,0.007,0.96,0
FPS-0360,2025-03,WHEAT,200,15,SUMMER,3,2025,211,-0.039,0.96,0
FPS-0361,2025-03,RICE,200,16,SUMMER,3,2025,194,0.055,0.96,0
FPS-0361,2025-03,WHEAT,200,16,SUMMER,3,2025,201,-0.021,0.96,0
FPS-0362,2025-03,RICE,200,17,SUMMER,3,2025,184,0.02,0.96,0
FPS-0362,2025-03,WHEAT,200,17,SUMMER,3,2025,188,0.03,0.96,0
FPS-0363,2025-03,RICE,200,15,SUMMER,3,2025,197,-0.02,0.96,0
FPS-0363,2025-03,WHEAT,140,15,SUMMER,3,2025,185,0.02,0.96,1
FPS-0364,2025-03,RICE,206,16,SUMMER,3,2025,194,0.04,0.96,0
FPS-0364,2025-03,WHEAT,200,16,SUMMER,3,2025,195,0.075,0.96,0
FPS-0365,2025-03,RICE,200,18,SUMMER,3,2025,202,0.065,0.96,0
FPS-0365,2025-03,WHEAT,200,18,SUMMER,3,2025,204,0.041,0.96,0
FPS-0366,2025-03,RICE,225,17,SUMMER,3,2025,230,0.05,0.96,0
FPS-0366,2025-03,WHEAT,200,17,SUMMER,3,2025,197,-0.026,0.96,0
FPS-0367,2025-03,RICE,200,11,SUMMER,3,2025,188,0.057,0.96,0
FPS-0367,2025-03,WHEAT,200,11,SUMMER,3,2025,209,0.029,0.96,0
FPS-0368,2025-03,RICE,208,19,SUMMER,3,2025,212,-0.006,0.96,0
FPS-0368,2025-03,WHEAT,200,19,SUMMER,3,2025,202,0.013,0.96,0
FPS-0369,2025-03,RICE,200,18,SUMMER,3,2025,197,-0.005,0.96,0
FPS-0369,2025-03,WHEAT,200,18,SUMMER,3,2025,198,0.049,0.96,0
FPS-0370,2025-03,RICE,200,17,SUMMER,3,2025,184,0.016,0.96,0
FPS-0370,2025-03,WHEAT,200,17,SUMMER,3,2025,194,-0.038,0.96,0
FPS-0371,2025-03,RICE,200,15,SUMMER,3,2025,195,0.078,0.96,0
FPS-0371,2025-03,WHEAT,200,15,SUMMER,3,2025,191,0.002,0.96,0
FPS-0372,2025-03,RICE,200,9,SUMMER,3,2025,184,0.033,0.96,0
FPS-0372,2025-03,WHEAT,200,9,SUMMER,3,2025,211,-0.031,0.96,0
FPS-0373,2025-03,RICE,200,20,SUMMER,3,2025,186,-0.009,0.96,0
FPS-0373,2025-03,WHEAT,200,20,SUMMER,3,2025,203,-0.044,0.96,0
FPS-0374,2025-03,RICE,200,18,SUMMER,3,2025,191,0.03,0.96,0
FPS-0374,2025-03,WHEAT,200,18,SUMMER,3,2025,201,-0.023,0.96,0
FPS-0375,2025-03,RICE,232,19,SUMMER,3,2025,239,0.036,0.96,0
FPS-0375,2025-03,WHEAT,200,19,SUMMER,3,2025,203,0.026,0.96,0
FPS-0376,2025-03,RICE,200,17,SUMMER,3,2025,190,-0.025,0.96,0
FPS-0376,2025-03,WHEAT,200,17,SUMMER,3,2025,201,0.072,0.96,0
FPS-0377,2025-03,RICE,203,16,SUMMER,3,2025,211,0.066,0.96,0
FPS-0377,2025-03,WHEAT,200,16,SUMMER,3,2025,203,0.078,0.96,0
FPS-0378,2025-03,RICE,267,23,SUMMER,3,2025,248,0.034,0.96,0
FPS-0378,2025-03,WHEAT,213,23,SUMMER,3,2025,195,0.074,0.96,0
FPS-0379,2025-03,RICE,200,13,SUMMER,3,2025,209,-0.011,0.96,0
FPS-0379,2025-03,WHEAT,200,13,SUMMER,3,2025,185,0.01,0.96,0
FPS-0380,2025-03,RICE,255,20,SUMMER,3,2025,267,-0.002,0.96,0
FPS-0380,2025-03,WHEAT,200,20,SUMMER,3,2025,193,0.019,0.96,0
FPS-0381,2025-03,RICE,200,17,SUMMER,3,2025,209,0.036,0.96,0
FPS-0381,2025-03,WHEAT,200,17,SUMMER,3,2025,203,-0.018,0.96,0
FPS-0382,2025-03,RICE,200,9,SUMMER,3,2025,199,0.0,0.96,0
FPS-0382,2025-03,WHEAT,200,9,SUMMER,3,2025,205,0.0,0.96,0
FPS-0383,2025-03,RICE,200,11,SUMMER,3,2025,198,0.041,0.96,0
FPS-0383,2025-03,WHEAT,200,11,SUMMER,3,2025,199,0.07,0.96,0
FPS-0384,2025-03,RICE,273,23,SUMMER,3,2025,253,0.065,0.96,0
FPS-0384,2025-03,WHEAT,200,23,SUMMER,3,2025,206,0.023,0.96,0
FPS-0385,2025-03,RICE,304,22,SUMMER,3,2025,319,0.047,0.96,0
FPS-0385,2025-03,WHEAT,207,22,SUMMER,3,2025,191,0.013,0.96,0
FPS-0386,2025-03,RICE,200,18,SUMMER,3,2025,192,-0.008,0.96,0
FPS-0386,2025-03,WHEAT,200,18,SUMMER,3,2025,210,0.04,0.96,0
FPS-0387,2025-03,RICE,319,31,SUMMER,3,2025,320,-0.03,0.96,0
FPS-0387,2025-03,WHEAT,247,31,SUMMER,3,2025,254,0.013,0.96,0
FPS-0388,2025-03,RICE,200,11,SUMMER,3,2025,196,-0.018,0.96,0
FPS-0388,2025-03,WHEAT,200,11,SUMMER,3,2025,205,0.038,0.96,0
FPS-0389,2025-03,RICE,200,17,SUMMER,3,2025,188,0.009,0.96,0
FPS-0389,2025-03,WHEAT,200,17,SUMMER,3,2025,194,0.009,0.96,0
FPS-0390,2025-03,RICE,226,21,SUMMER,3,2025,235,0.061,0.96,0
FPS-0390,2025-03,WHEAT,200,21,SUMMER,3,2025,209,0.017,0.96,0
FPS-0391,2025-03,RICE,233,20,SUMMER,3,2025,232,0.001,0.96,0
FPS-0391,2025-03,WHEAT,200,20,SUMMER,3,2025,200,0.069,0.96,0
FPS-0392,2025-03,RICE,200,17,SUMMER,3,2025,209,0.033,0.96,0
FPS-0392,2025-03,WHEAT,200,17,SUMMER,3,2025,190,0.025,0.96,0
FPS-0393,2025-03,RICE,200,18,SUMMER,3,2025,208,0.048,0.96,0
FPS-0393,2025-03,WHEAT,200,18,SUMMER,3,2025,195,0.072,0.96,0
FPS-0394,2025-03,RICE,224,17,SUMMER,3,2025,207,0.034,0.96,0
FPS-0394,2025-03,WHEAT,200,17,SUMMER,3,2025,206,-0.045,0.96,0
FPS-0395,2025-03,RICE,200,14,SUMMER,3,2025,190,0.037,0.96,0
FPS-0395,2025-03,WHEAT,200,14,SUMMER,3,2025,184,-0.031,0.96,0
FPS-0396,2025-03,RICE,200,14,SUMMER,3,2025,202,-0.017,0.96,0
FPS-0396,2025-03,WHEAT,200,14,SUMMER,3,2025,193,-0.038,0.96,0
FPS-0397,2025-03,RICE,200,13,SUMMER,3,2025,208,0.022,0.96,0
FPS-0397,2025-03,WHEAT,200,13,SUMMER,3,2025,194,0.007,0.96,0
FPS-0398,2025-03,RICE,200,16,SUMMER,3,2025,204,0.026,0.96,0
FPS-0398,2025-03,WHEAT,200,16,SUMMER,3,2025,210,0.025,0.96,0
FPS-0399,2025-03,RICE,200,15,SUMMER,3,2025,193,0.039,0.96,0
FPS-0399,2025-03,WHEAT,200,15,SUMMER,3,2025,206,-0.004,0.96,0
FPS-0400,2025-03,RICE,228,22,SUMMER,3,2025,228,-0.025,0.96,0
FPS-0400,2025-03,WHEAT,200,22,SUMMER,3,2025,192,0.072,0.96,0
FPS-0401,2025-03,RICE,250,24,SUMMER,3,2025,230,0.071,0.96,0
FPS-0401,2025-03,WHEAT,200,24,SUMMER,3,2025,196,0.074,0.96,0
FPS-0402,2025-03,RICE,200,8,SUMMER,3,2025,192,-0.014,0.96,0
FPS-0402,2025-03,WHEAT,200,8,SUMMER,3,2025,211,-0.03,0.96,0
FPS-0403,2025-03,RICE,200,12,SUMMER,3,2025,203,-0.001,0.96,0
FPS-0403,2025-03,WHEAT,200,12,SUMMER,3,2025,205,0.017,0.96,0
FPS-0404,2025-03,RICE,200,15,SUMMER,3,2025,203,0.018,0.96,0
FPS-0404,2025-03,WHEAT,200,15,SUMMER,3,2025,190,0.029,0.96,0
FPS-0405,2025-03,RICE,200,14,SUMMER,3,2025,188,0.018,0.96,0
FPS-0405,2025-03,WHEAT,200,14,SUMMER,3,2025,197,-0.028,0.96,0
FPS-0406,2025-03,RICE,249,22,SUMMER,3,2025,239,-0.024,0.96,0
FPS-0406,2025-03,WHEAT,200,22,SUMMER,3,2025,189,0.047,0.96,0
FPS-0407,2025-03,RICE,200,18,SUMMER,3,2025,193,-0.047,0.96,0
FPS-0407,2025-03,WHEAT,200,18,SUMMER,3,2025,206,0.001,0.96,0
FPS-0408,2025-03,RICE,200,12,SUMMER,3,2025,206,-0.035,0.96,0
FPS-0408,2025-03,WHEAT,200,12,SUMMER,3,2025,203,0.003,0.96,0
FPS-0409,2025-03,RICE,200,17,SUMMER,3,2025,196,0.05,0.96,0
FPS-0409,2025-03,WHEAT,200,17,SUMMER,3,2025,199,0.079,0.96,0
FPS-0410,2025-03,RICE,259,25,SUMMER,3,2025,270,-0.046,0.96,0
FPS-0410,2025-03,WHEAT,214,25,SUMMER,3,2025,209,0.059,0.96,0
FPS-0411,2025-03,RICE,200,15,SUMMER,3,2025,194,-0.035,0.96,0
FPS-0411,2025-03,WHEAT,200,15,SUMMER,3,2025,209,0.078,0.96,0
FPS-0412,2025-03,RICE,255,20,SUMMER,3,2025,246,0.068,0.96,0
FPS-0412,2025-03,WHEAT,200,20,SUMMER,3,2025,190,0.019,0.96,0
FPS-0413,2025-03,RICE,200,14,SUMMER,3,2025,202,0.001,0.96,0
FPS-0413,2025-03,WHEAT,200,14,SUMMER,3,2025,201,0.045,0.96,0
FPS-0414,2025-03,RICE,237,22,SUMMER,3,2025,233,-0.031,0.96,0
FPS-0414,2025-03,WHEAT,200,22,SUMMER,3,2025,184,0.005,0.96,0
FPS-0415,2025-03,RICE,200,17,SUMMER,3,2025,201,-0.034,0.96,0
FPS-0415,2025-03,WHEAT,200,17,SUMMER,3,2025,211,0.019,0.96,0
FPS-0416,2025-03,RICE,200,12,SUMMER,3,2025,197,0.032,0.96,0
FPS-0416,2025-03,WHEAT,200,12,SUMMER,3,2025,211,0.053,0.96,0
FPS-0417,2025-03,RICE,200,11,SUMMER,3,2025,205,0.008,0.96,0
FPS-0417,2025-03,WHEAT,200,11,SUMMER,3,2025,188,0.017,0.96,0
FPS-0418,2025-03,RICE,255,21,SUMMER,3,2025,254,0.018,0.96,0
FPS-0418,2025-03,WHEAT,200,21,SUMMER,3,2025,209,0.033,0.96,0
FPS-0419,2025-03,RICE,274,22,SUMMER,3,2025,269,0.009,0.96,0
FPS-0419,2025-03,WHEAT,207,22,SUMMER,3,2025,191,0.035,0.96,0
FPS-0420,2025-03,RICE,223,21,SUMMER,3,2025,206,-0.035,0.96,0
FPS-0420,2025-03,WHEAT,200,21,SUMMER,3,2025,188,0.043,0.96,0
FPS-0421,2025-03,RICE,240,21,SUMMER,3,2025,227,0.032,0.96,0
FPS-0421,2025-03,WHEAT,200,21,SUMMER,3,2025,189,-0.003,0.96,0
FPS-0422,2025-03,RICE,200,16,SUMMER,3,2025,184,0.073,0.96,0
FPS-0422,2025-03,WHEAT,200,16,SUMMER,3,2025,195,-0.019,0.96,0
FPS-0423,2025-03,RICE,200,12,SUMMER,3,2025,188,0.046,0.96,0
FPS-0423,2025-03,WHEAT,200,12,SUMMER,3,2025,194,0.026,0.96,0
FPS-0424,2025-03,RICE,228,18,SUMMER,3,2025,235,0.079,0.96,0
FPS-0424,2025-03,WHEAT,200,18,SUMMER,3,2025,187,0.075,0.96,0
FPS-0425,2025-03,RICE,200,17,SUMMER,3,2025,197,0.057,0.96,0
FPS-0425,2025-03,WHEAT,200,17,SUMMER,3,2025,206,-0.039,0.96,0
FPS-0426,2025-03,RICE,239,21,SUMMER,3,2025,244,-0.012,0.96,0
FPS-0426,2025-03,WHEAT,200,21,SUMMER,3,2025,197,0.008,0.96,0
FPS-0427,2025-03,RICE,200,13,SUMMER,3,2025,189,0.046,0.96,0
FPS-0427,2025-03,WHEAT,200,13,SUMMER,3,2025,188,0.04,0.96,0
FPS-0428,2025-03,RICE,200,16,SUMMER,3,2025,204,-0.008,0.96,0
FPS-0428,2025-03,WHEAT,200,16,SUMMER,3,2025,186,0.067,0.96,0
FPS-0429,2025-03,RICE,140,11,SUMMER,3,2025,196,0.013,0.96,1
FPS-0429,2025-03,WHEAT,140,11,SUMMER,3,2025,198,-0.023,0.96,1
FPS-0430,2025-03,RICE,200,16,SUMMER,3,2025,203,-0.048,0.96,0
FPS-0430,2025-03,WHEAT,200,16,SUMMER,3,2025,205,0.073,0.96,0
FPS-0431,2025-03,RICE,200,4,SUMMER,3,2025,203,-0.032,0.96,0
FPS-0431,2025-03,WHEAT,200,4,SUMMER,3,2025,191,-0.046,0.96,0
FPS-0432,2025-03,RICE,251,24,SUMMER,3,2025,375,0.014,0.96,1
FPS-0432,2025-03,WHEAT,279,24,SUMMER,3,2025,278,0.078,0.96,0
FPS-0433,2025-03,RICE,200,10,SUMMER,3,2025,210,0.072,0.96,0
FPS-0433,2025-03,WHEAT,200,10,SUMMER,3,2025,196,0.023,0.96,0
FPS-0434,2025-03,RICE,255,25,SUMMER,3,2025,263,-0.045,0.96,0
FPS-0434,2025-03,WHEAT,206,25,SUMMER,3,2025,202,0.071,0.96,0
FPS-0435,2025-03,RICE,220,19,SUMMER,3,2025,225,0.043,0.96,0
FPS-0435,2025-03,WHEAT,200,19,SUMMER,3,2025,185,-0.0,0.96,0
FPS-0436,2025-03,RICE,200,15,SUMMER,3,2025,201,0.012,0.96,0
FPS-0436,2025-03,WHEAT,200,15,SUMMER,3,2025,197,0.048,0.96,0
FPS-0437,2025-03,RICE,200,13,SUMMER,3,2025,193,-0.011,0.96,0
FPS-0437,2025-03,WHEAT,200,13,SUMMER,3,2025,197,0.02,0.96,0
FPS-0438,2025-03,RICE,200,16,SUMMER,3,2025,186,-0.022,0.96,0
FPS-0438,2025-03,WHEAT,200,16,SUMMER,3,2025,195,0.008,0.96,0
FPS-0439,2025-03,RICE,235,19,SUMMER,3,2025,232,-0.012,0.96,0
FPS-0439,2025-03,WHEAT,200,19,SUMMER,3,2025,200,0.022,0.96,0
FPS-0440,2025-03,RICE,200,17,SUMMER,3,2025,202,0.016,0.96,0
FPS-0440,2025-03,WHEAT,200,17,SUMMER,3,2025,203,0.038,0.96,0
FPS-0441,2025-03,RICE,299,22,SUMMER,3,2025,312,0.02,0.96,0
FPS-0441,2025-03,WHEAT,206,22,SUMMER,3,2025,211,-0.05,0.96,0
FPS-0442,2025-03,RICE,200,14,SUMMER,3,2025,195,-0.037,0.96,0
FPS-0442,2025-03,WHEAT,200,14,SUMMER,3,2025,210,0.002,0.96,0
FPS-0443,2025-03,RICE,200,15,SUMMER,3,2025,207,0.074,0.96,0
FPS-0443,2025-03,WHEAT,200,15,SUMMER,3,2025,210,-0.009,0.96,0
FPS-0444,2025-03,RICE,200,12,SUMMER,3,2025,190,-0.039,0.96,0
FPS-0444,2025-03,WHEAT,200,12,SUMMER,3,2025,185,0.032,0.96,0
FPS-0445,2025-03,RICE,200,12,SUMMER,3,2025,204,0.002,0.96,0
FPS-0445,2025-03,WHEAT,200,12,SUMMER,3,2025,191,0.039,0.96,0
FPS-0446,2025-03,RICE,140,14,SUMMER,3,2025,196,0.022,0.96,1
FPS-0446,2025-03,WHEAT,200,14,SUMMER,3,2025,202,0.076,0.96,0
FPS-0447,2025-03,RICE,200,13,SUMMER,3,2025,209,-0.028,0.96,0
FPS-0447,2025-03,WHEAT,200,13,SUMMER,3,2025,197,0.003,0.96,0
FPS-0448,2025-03,RICE,200,13,SUMMER,3,2025,211,0.028,0.96,0
FPS-0448,2025-03,WHEAT,200,13,SUMMER,3,2025,205,0.036,0.96,0
FPS-0449,2025-03,RICE,200,15,SUMMER,3,2025,196,-0.028,0.96,0
FPS-0449,2025-03,WHEAT,200,15,SUMMER,3,2025,209,0.023,0.96,0
FPS-0450,2025-03,RICE,200,14,SUMMER,3,2025,202,0.059,0.96,0
FPS-0450,2025-03,WHEAT,200,14,SUMMER,3,2025,195,0.044,0.96,0
FPS-0451,2025-03,RICE,259,23,SUMMER,3,2025,270,0.031,0.96,0
FPS-0451,2025-03,WHEAT,202,23,SUMMER,3,2025,202,0.037,0.96,0
FPS-0452,2025-03,RICE,236,17,SUMMER,3,2025,220,0.036,0.96,0
FPS-0452,2025-03,WHEAT,200,17,SUMMER,3,2025,211,-0.036,0.96,0
FPS-0453,2025-03,RICE,200,15,SUMMER,3,2025,209,0.005,0.96,0
FPS-0453,2025-03,WHEAT,200,15,SUMMER,3,2025,197,0.078,0.96,0
FPS-0454,2025-03,RICE,208,20,SUMMER,3,2025,196,-0.02,0.96,0
FPS-0454,2025-03,WHEAT,200,20,SUMMER,3,2025,209,0.001,0.96,0
FPS-0455,2025-03,RICE,200,18,SUMMER,3,2025,186,0.01,0.96,0
FPS-0455,2025-03,WHEAT,200,18,SUMMER,3,2025,195,0.06,0.96,0
FPS-0456,2025-03,RICE,200,14,SUMMER,3,2025,204,-0.028,0.96,0
FPS-0456,2025-03,WHEAT,200,14,SUMMER,3,2025,205,0.011,0.96,0
FPS-0457,2025-03,RICE,225,19,SUMMER,3,2025,208,0.014,0.96,0
FPS-0457,2025-03,WHEAT,200,19,SUMMER,3,2025,184,0.058,0.96,0
FPS-0458,2025-03,RICE,200,15,SUMMER,3,2025,191,0.021,0.96,0
FPS-0458,2025-03,WHEAT,200,15,SUMMER,3,2025,208,-0.023,0.96,0
FPS-0459,2025-03,RICE,200,18,SUMMER,3,2025,199,-0.022,0.96,0
FPS-0459,2025-03,WHEAT,200,18,SUMMER,3,2025,185,0.052,0.96,0
FPS-0460,2025-03,RICE,200,14,SUMMER,3,2025,190,0.016,0.96,0
FPS-0460,2025-03,WHEAT,200,14,SUMMER,3,2025,208,0.042,0.96,0
FPS-0461,2025-03,RICE,217,22,SUMMER,3,2025,220,-0.027,0.96,0
FPS-0461,2025-03,WHEAT,200,22,SUMMER,3,2025,203,0.015,0.96,0
FPS-0462,2025-03,RICE,200,12,SUMMER,3,2025,195,-0.036,0.96,0
FPS-0462,2025-03,WHEAT,200,12,SUMMER,3,2025,190,0.041,0.96,0
FPS-0463,2025-03,RICE,273,23,SUMMER,3,2025,282,0.049,0.96,0
FPS-0463,2025-03,WHEAT,200,23,SUMMER,3,2025,204,0.045,0.96,0
FPS-0464,2025-03,RICE,200,16,SUMMER,3,2025,199,0.018,0.96,0
FPS-0464,2025-03,WHEAT,200,16,SUMMER,3,2025,195,0.042,0.96,0
FPS-0465,2025-03,RICE,200,16,SUMMER,3,2025,199,0.074,0.96,0
FPS-0465,2025-03,WHEAT,200,16,SUMMER,3,2025,203,-0.023,0.96,0
FPS-0466,2025-03,RICE,200,15,SUMMER,3,2025,206,0.06,0.96,0
FPS-0466,2025-03,WHEAT,200,15,SUMMER,3,2025,193,0.008,0.96,0
FPS-0467,2025-03,RICE,200,9,SUMMER,3,2025,194,-0.017,0.96,0
FPS-0467,2025-03,WHEAT,200,9,SUMMER,3,2025,211,0.069,0.96,0
FPS-0468,2025-03,RICE,201,17,SUMMER,3,2025,192,0.01,0.96,0
FPS-0468,2025-03,WHEAT,200,17,SUMMER,3,2025,208,0.042,0.96,0
FPS-0469,2025-03,RICE,140,12,SUMMER,3,2025,210,0.019,0.96,1
FPS-0469,2025-03,WHEAT,200,12,SUMMER,3,2025,187,0.039,0.96,0
FPS-0470,2025-03,RICE,289,22,SUMMER,3,2025,273,0.004,0.96,0
FPS-0470,2025-03,WHEAT,201,22,SUMMER,3,2025,198,0.003,0.96,0
FPS-0471,2025-03,RICE,200,13,SUMMER,3,2025,203,-0.029,0.96,0
FPS-0471,2025-03,WHEAT,200,13,SUMMER,3,2025,209,-0.046,0.96,0
FPS-0472,2025-03,RICE,243,20,SUMMER,3,2025,230,-0.004,0.96,0
FPS-0472,2025-03,WHEAT,200,20,SUMMER,3,2025,185,0.062,0.96,0
FPS-0473,2025-03,RICE,202,17,SUMMER,3,2025,196,0.038,0.96,0
FPS-0473,2025-03,WHEAT,200,17,SUMMER,3,2025,210,0.055,0.96,0
FPS-0474,2025-03,RICE,200,17,SUMMER,3,2025,187,0.065,0.96,0
FPS-0474,2025-03,WHEAT,200,17,SUMMER,3,2025,185,-0.012,0.96,0
FPS-0475,2025-03,RICE,225,18,SUMMER,3,2025,215,-0.001,0.96,0
FPS-0475,2025-03,WHEAT,200,18,SUMMER,3,2025,189,-0.044,0.96,0
FPS-0476,2025-03,RICE,200,14,SUMMER,3,2025,195,0.034,0.96,0
FPS-0476,2025-03,WHEAT,140,14,SUMMER,3,2025,192,0.061,0.96,1
FPS-0477,2025-03,RICE,249,21,SUMMER,3,2025,230,0.08,0.96,0
FPS-0477,2025-03,WHEAT,200,21,SUMMER,3,2025,210,-0.033,0.96,0
FPS-0478,2025-03,RICE,200,15,SUMMER,3,2025,190,0.058,0.96,0
FPS-0478,2025-03,WHEAT,200,15,SUMMER,3,2025,184,-0.012,0.96,0
FPS-0479,2025-03,RICE,218,17,SUMMER,3,2025,217,0.007,0.96,0
FPS-0479,2025-03,WHEAT,200,17,SUMMER,3,2025,211,0.046,0.96,0
FPS-0480,2025-03,RICE,200,12,SUMMER,3,2025,190,0.016,0.96,0
FPS-0480,2025-03,WHEAT,200,12,SUMMER,3,2025,191,0.077,0.96,0
FPS-0481,2025-03,RICE,202,17,SUMMER,3,2025,199,0.032,0.96,0
FPS-0481,2025-03,WHEAT,200,17,SUMMER,3,2025,207,0.037,0.96,0
FPS-0482,2025-03,RICE,200,16,SUMMER,3,2025,211,-0.004,0.96,0
FPS-0482,2025-03,WHEAT,200,16,SUMMER,3,2025,211,-0.003,0.96,0
FPS-0483,2025-03,RICE,200,10,SUMMER,3,2025,190,-0.004,0.96,0
FPS-0483,2025-03,WHEAT,200,10,SUMMER,3,2025,193,-0.018,0.96,0
FPS-0484,2025-03,RICE,200,16,SUMMER,3,2025,209,-0.028,0.96,0
FPS-0484,2025-03,WHEAT,200,16,SUMMER,3,2025,192,0.025,0.96,0
FPS-0485,2025-03,RICE,200,13,SUMMER,3,2025,190,0.057,0.96,0
FPS-0485,2025-03,WHEAT,200,13,SUMMER,3,2025,195,0.051,0.96,0
FPS-0486,2025-03,RICE,200,21,SUMMER,3,2025,196,-0.043,0.96,0
FPS-0486,2025-03,WHEAT,200,21,SUMMER,3,2025,184,0.053,0.96,0
FPS-0487,2025-03,RICE,200,14,SUMMER,3,2025,205,0.036,0.96,0
FPS-0487,2025-03,WHEAT,200,14,SUMMER,3,2025,208,0.045,0.96,0
FPS-0488,2025-03,RICE,200,11,SUMMER,3,2025,198,0.008,0.96,0
FPS-0488,2025-03,WHEAT,200,11,SUMMER,3,2025,197,-0.008,0.96,0
FPS-0489,2025-03,RICE,202,20,SUMMER,3,2025,203,-0.05,0.96,0
FPS-0489,2025-03,WHEAT,200,20,SUMMER,3,2025,192,0.061,0.96,0
FPS-0490,2025-03,RICE,208,16,SUMMER,3,2025,195,-0.041,0.96,0
FPS-0490,2025-03,WHEAT,200,16,SUMMER,3,2025,201,0.031,0.96,0
FPS-0491,2025-03,RICE,238,16,SUMMER,3,2025,231,0.036,0.96,0
FPS-0491,2025-03,WHEAT,200,16,SUMMER,3,2025,210,0.049,0.96,0
FPS-0492,2025-03,RICE,299,24,SUMMER,3,2025,311,0.07,0.96,0
FPS-0492,2025-03,WHEAT,202,24,SUMMER,3,2025,199,-0.01,0.96,0
FPS-0493,2025-03,RICE,213,17,SUMMER,3,2025,200,0.076,0.96,0
FPS-0493,2025-03,WHEAT,200,17,SUMMER,3,2025,191,0.061,0.96,0
FPS-0494,2025-03,RICE,200,11,SUMMER,3,2025,194,-0.044,0.96,0
FPS-0494,2025-03,WHEAT,200,11,SUMMER,3,2025,191,0.009,0.96,0
FPS-0495,2025-03,RICE,200,12,SUMMER,3,2025,188,0.069,0.96,0
FPS-0495,2025-03,WHEAT,200,12,SUMMER,3,2025,202,0.056,0.96,0
FPS-0496,2025-03,RICE,140,15,SUMMER,3,2025,189,0.002,0.96,1
FPS-0496,2025-03,WHEAT,200,15,SUMMER,3,2025,209,0.011,0.96,0
FPS-0497,2025-03,RICE,217,19,SUMMER,3,2025,219,0.079,0.96,0
FPS-0497,2025-03,WHEAT,200,19,SUMMER,3,2025,210,0.055,0.96,0
FPS-0498,2025-03,RICE,217,16,SUMMER,3,2025,220,-0.007,0.96,0
FPS-0498,2025-03,WHEAT,200,16,SUMMER,3,2025,186,-0.024,0.96,0
FPS-0499,2025-03,RICE,260,20,SUMMER,3,2025,257,0.046,0.96,0
FPS-0499,2025-03,WHEAT,200,20,SUMMER,3,2025,193,0.042,0.96,0
FPS-0500,2025-03,RICE,200,15,SUMMER,3,2025,199,0.039,0.96,0
FPS-0500,2025-03,WHEAT,200,15,SUMMER,3,2025,194,0.046,0.96,0
FPS-0501,2025-03,RICE,200,17,SUMMER,3,2025,211,-0.036,0.96,0
FPS-0501,2025-03,WHEAT,200,17,SUMMER,3,2025,192,0.024,0.96,0
FPS-0502,2025-03,RICE,224,19,SUMMER,3,2025,226,-0.027,0.96,0
FPS-0502,2025-03,WHEAT,200,19,SUMMER,3,2025,199,0.017,0.96,0
FPS-0503,2025-03,RICE,210,19,SUMMER,3,2025,211,-0.001,0.96,0
FPS-0503,2025-03,WHEAT,200,19,SUMMER,3,2025,191,0.065,0.96,0
FPS-0504,2025-03,RICE,200,16,SUMMER,3,2025,189,0.033,0.96,0
FPS-0504,2025-03,WHEAT,200,16,SUMMER,3,2025,193,-0.001,0.96,0
FPS-0505,2025-03,RICE,200,17,SUMMER,3,2025,184,-0.029,0.96,0
FPS-0505,2025-03,WHEAT,200,17,SUMMER,3,2025,194,0.049,0.96,0
FPS-0506,2025-03,RICE,200,14,SUMMER,3,2025,190,0.07,0.96,0
FPS-0506,2025-03,WHEAT,200,14,SUMMER,3,2025,194,-0.046,0.96,0
FPS-0507,2025-03,RICE,200,12,SUMMER,3,2025,186,-0.005,0.96,0
FPS-0507,2025-03,WHEAT,200,12,SUMMER,3,2025,207,0.063,0.96,0
FPS-0508,2025-03,RICE,228,22,SUMMER,3,2025,227,-0.045,0.96,0
FPS-0508,2025-03,WHEAT,200,22,SUMMER,3,2025,207,0.073,0.96,0
FPS-0509,2025-03,RICE,200,16,SUMMER,3,2025,211,0.075,0.96,0
FPS-0509,2025-03,WHEAT,200,16,SUMMER,3,2025,195,-0.029,0.96,0
FPS-0510,2025-03,RICE,200,13,SUMMER,3,2025,196,0.062,0.96,0
FPS-0510,2025-03,WHEAT,200,13,SUMMER,3,2025,202,-0.046,0.96,0
FPS-0511,2025-03,RICE,200,15,SUMMER,3,2025,209,0.023,0.96,0
FPS-0511,2025-03,WHEAT,200,15,SUMMER,3,2025,186,0.066,0.96,0
FPS-0512,2025-03,RICE,200,12,SUMMER,3,2025,206,0.033,0.96,0
FPS-0512,2025-03,WHEAT,200,12,SUMMER,3,2025,207,0.007,0.96,0
FPS-0513,2025-03,RICE,200,17,SUMMER,3,2025,210,-0.031,0.96,0
FPS-0513,2025-03,WHEAT,200,17,SUMMER,3,2025,193,-0.017,0.96,0
FPS-0514,2025-03,RICE,200,5,SUMMER,3,2025,198,0.023,0.96,0
FPS-0514,2025-03,WHEAT,200,5,SUMMER,3,2025,184,0.046,0.96,0
FPS-0515,2025-03,RICE,200,8,SUMMER,3,2025,190,0.033,0.96,0
FPS-0515,2025-03,WHEAT,200,8,SUMMER,3,2025,195,0.022,0.96,0
FPS-0516,2025-03,RICE,200,11,SUMMER,3,2025,200,0.037,0.96,0
FPS-0516,2025-03,WHEAT,200,11,SUMMER,3,2025,209,0.054,0.96,0
FPS-0517,2025-03,RICE,200,16,SUMMER,3,2025,199,0.027,0.96,0
FPS-0517,2025-03,WHEAT,200,16,SUMMER,3,2025,205,-0.038,0.96,0
FPS-0518,2025-03,RICE,200,16,SUMMER,3,2025,204,0.032,0.96,0
FPS-0518,2025-03,WHEAT,200,16,SUMMER,3,2025,188,0.076,0.96,0
FPS-0519,2025-03,RICE,200,15,SUMMER,3,2025,206,0.008,0.96,0
FPS-0519,2025-03,WHEAT,200,15,SUMMER,3,2025,198,0.019,0.96,0
FPS-0520,2025-03,RICE,200,15,SUMMER,3,2025,198,0.032,0.96,0
FPS-0520,2025-03,WHEAT,200,15,SUMMER,3,2025,191,-0.049,0.96,0
FPS-0521,2025-03,RICE,226,23,SUMMER,3,2025,213,-0.004,0.96,0
FPS-0521,2025-03,WHEAT,200,23,SUMMER,3,2025,193,0.078,0.96,0
FPS-0522,2025-03,RICE,231,20,SUMMER,3,2025,222,-0.007,0.96,0
FPS-0522,2025-03,WHEAT,200,20,SUMMER,3,2025,184,0.002,0.96,0
FPS-0523,2025-03,RICE,221,18,SUMMER,3,2025,232,0.056,0.96,0
FPS-0523,2025-03,WHEAT,200,18,SUMMER,3,2025,202,0.004,0.96,0
FPS-0524,2025-03,RICE,200,12,SUMMER,3,2025,194,0.078,0.96,0
FPS-0524,2025-03,WHEAT,200,12,SUMMER,3,2025,202,0.076,0.96,0
FPS-0525,2025-03,RICE,200,12,SUMMER,3,2025,185,-0.005,0.96,0
FPS-0525,2025-03,WHEAT,200,12,SUMMER,3,2025,203,0.049,0.96,0
FPS-0526,2025-03,RICE,200,16,SUMMER,3,2025,198,-0.003,0.96,0
FPS-0526,2025-03,WHEAT,200,16,SUMMER,3,2025,209,0.057,0.96,0
FPS-0527,2025-03,RICE,200,17,SUMMER,3,2025,191,0.076,0.96,0
FPS-0527,2025-03,WHEAT,200,17,SUMMER,3,2025,188,-0.013,0.96,0
FPS-0528,2025-03,RICE,213,17,SUMMER,3,2025,215,0.075,0.96,0
FPS-0528,2025-03,WHEAT,200,17,SUMMER,3,2025,207,-0.041,0.96,0
FPS-0529,2025-03,RICE,177,25,SUMMER,3,2025,264,-0.044,0.96,1
FPS-0529,2025-03,WHEAT,200,25,SUMMER,3,2025,208,-0.013,0.96,0
FPS-0530,2025-03,RICE,200,17,SUMMER,3,2025,206,-0.016,0.96,0
FPS-0530,2025-03,WHEAT,200,17,SUMMER,3,2025,199,0.019,0.96,0
FPS-0531,2025-03,RICE,200,19,SUMMER,3,2025,209,-0.03,0.96,0
FPS-0531,2025-03,WHEAT,200,19,SUMMER,3,2025,206,0.019,0.96,0
FPS-0532,2025-03,RICE,200,14,SUMMER,3,2025,191,-0.047,0.96,0
FPS-0532,2025-03,WHEAT,200,14,SUMMER,3,2025,191,0.044,0.96,0
FPS-0533,2025-03,RICE,224,20,SUMMER,3,2025,217,0.057,0.96,0
FPS-0533,2025-03,WHEAT,200,20,SUMMER,3,2025,192,-0.04,0.96,0
FPS-0534,2025-03,RICE,200,11,SUMMER,3,2025,186,0.064,0.96,0
FPS-0534,2025-03,WHEAT,200,11,SUMMER,3,2025,203,-0.014,0.96,0
FPS-0535,2025-03,RICE,220,22,SUMMER,3,2025,214,-0.023,0.96,0
FPS-0535,2025-03,WHEAT,200,22,SUMMER,3,2025,211,-0.008,0.96,0
FPS-0536,2025-03,RICE,200,15,SUMMER,3,2025,208,-0.026,0.96,0
FPS-0536,2025-03,WHEAT,200,15,SUMMER,3,2025,204,0.015,0.96,0
FPS-0537,2025-03,RICE,200,11,SUMMER,3,2025,186,-0.043,0.96,0
FPS-0537,2025-03,WHEAT,200,11,SUMMER,3,2025,199,0.001,0.96,0
FPS-0538,2025-03,RICE,200,11,SUMMER,3,2025,184,0.009,0.96,0
FPS-0538,2025-03,WHEAT,200,11,SUMMER,3,2025,186,-0.028,0.96,0
FPS-0539,2025-03,RICE,212,17,SUMMER,3,2025,210,0.019,0.96,0
FPS-0539,2025-03,WHEAT,200,17,SUMMER,3,2025,187,0.045,0.96,0
FPS-0540,2025-03,RICE,200,8,SUMMER,3,2025,208,-0.028,0.96,0
FPS-0540,2025-03,WHEAT,200,8,SUMMER,3,2025,198,-0.033,0.96,0
FPS-0541,2025-03,RICE,200,15,SUMMER,3,2025,184,-0.021,0.96,0
FPS-0541,2025-03,WHEAT,200,15,SUMMER,3,2025,194,0.032,0.96,0
FPS-0542,2025-03,RICE,200,13,SUMMER,3,2025,206,0.04,0.96,0
FPS-0542,2025-03,WHEAT,200,13,SUMMER,3,2025,195,0.034,0.96,0
FPS-0543,2025-03,RICE,200,13,SUMMER,3,2025,186,0.06,0.96,0
FPS-0543,2025-03,WHEAT,200,13,SUMMER,3,2025,206,0.015,0.96,0
FPS-0544,2025-03,RICE,200,19,SUMMER,3,2025,211,0.028,0.96,0
FPS-0544,2025-03,WHEAT,200,19,SUMMER,3,2025,199,0.03,0.96,0
FPS-0545,2025-03,RICE,200,9,SUMMER,3,2025,209,0.038,0.96,0
FPS-0545,2025-03,WHEAT,200,9,SUMMER,3,2025,185,0.048,0.96,0
FPS-0546,2025-03,RICE,246,20,SUMMER,3,2025,258,-0.027,0.96,0
FPS-0546,2025-03,WHEAT,200,20,SUMMER,3,2025,196,0.047,0.96,0
FPS-0547,2025-03,RICE,200,11,SUMMER,3,2025,209,-0.009,0.96,0
FPS-0547,2025-03,WHEAT,200,11,SUMMER,3,2025,196,-0.025,0.96,0
FPS-0548,2025-03,RICE,200,16,SUMMER,3,2025,190,-0.039,0.96,0
FPS-0548,2025-03,WHEAT,200,16,SUMMER,3,2025,187,-0.047,0.96,0
FPS-0549,2025-03,RICE,238,23,SUMMER,3,2025,230,0.027,0.96,0
FPS-0549,2025-03,WHEAT,200,23,SUMMER,3,2025,190,-0.032,0.96,0
FPS-0550,2025-03,RICE,200,10,SUMMER,3,2025,211,-0.019,0.96,0
FPS-0550,2025-03,WHEAT,200,10,SUMMER,3,2025,209,0.001,0.96,0
FPS-0551,2025-03,RICE,200,18,SUMMER,3,2025,197,0.027,0.96,0
FPS-0551,2025-03,WHEAT,200,18,SUMMER,3,2025,185,0.038,0.96,0
FPS-0552,2025-03,RICE,200,13,SUMMER,3,2025,190,0.04,0.96,0
FPS-0552,2025-03,WHEAT,200,13,SUMMER,3,2025,201,0.031,0.96,0
FPS-0553,2025-03,RICE,253,23,SUMMER,3,2025,248,0.0,0.96,0
FPS-0553,2025-03,WHEAT,200,23,SUMMER,3,2025,195,-0.037,0.96,0
FPS-0554,2025-03,RICE,200,10,SUMMER,3,2025,200,0.024,0.96,0
FPS-0554,2025-03,WHEAT,200,10,SUMMER,3,2025,192,-0.009,0.96,0
FPS-0555,2025-03,RICE,268,23,SUMMER,3,2025,271,0.033,0.96,0
FPS-0555,2025-03,WHEAT,200,23,SUMMER,3,2025,203,-0.045,0.96,0
FPS-0556,2025-03,RICE,219,20,SUMMER,3,2025,225,-0.043,0.96,0
FPS-0556,2025-03,WHEAT,200,20,SUMMER,3,2025,198,0.045,0.96,0
FPS-0557,2025-03,RICE,242,19,SUMMER,3,2025,235,0.078,0.96,0
FPS-0557,2025-03,WHEAT,200,19,SUMMER,3,2025,205,0.051,0.96,0
FPS-0558,2025-03,RICE,295,21,SUMMER,3,2025,291,0.022,0.96,0
FPS-0558,2025-03,WHEAT,216,21,SUMMER,3,2025,211,0.045,0.96,0
FPS-0559,2025-03,RICE,200,18,SUMMER,3,2025,190,-0.036,0.96,0
FPS-0559,2025-03,WHEAT,200,18,SUMMER,3,2025,201,0.022,0.96,0
FPS-0560,2025-03,RICE,267,21,SUMMER,3,2025,281,0.077,0.96,0
FPS-0560,2025-03,WHEAT,200,21,SUMMER,3,2025,193,-0.019,0.96,0
FPS-0561,2025-03,RICE,200,13,SUMMER,3,2025,186,0.073,0.96,0
FPS-0561,2025-03,WHEAT,200,13,SUMMER,3,2025,202,0.007,0.96,0
FPS-0562,2025-03,RICE,189,20,SUMMER,3,2025,271,0.031,0.96,1
FPS-0562,2025-03,WHEAT,200,20,SUMMER,3,2025,184,-0.027,0.96,0
FPS-0563,2025-03,RICE,329,30,SUMMER,3,2025,307,-0.018,0.96,0
FPS-0563,2025-03,WHEAT,237,30,SUMMER,3,2025,244,0.029,0.96,0
FPS-0564,2025-03,RICE,200,14,SUMMER,3,2025,201,0.03,0.96,0
FPS-0564,2025-03,WHEAT,200,14,SUMMER,3,2025,194,-0.019,0.96,0
FPS-0565,2025-03,RICE,200,19,SUMMER,3,2025,209,-0.027,0.96,0
FPS-0565,2025-03,WHEAT,200,19,SUMMER,3,2025,187,0.077,0.96,0
FPS-0566,2025-03,RICE,200,16,SUMMER,3,2025,192,0.035,0.96,0
FPS-0566,2025-03,WHEAT,200,16,SUMMER,3,2025,188,0.023,0.96,0
FPS-0567,2025-03,RICE,200,12,SUMMER,3,2025,205,-0.046,0.96,0
FPS-0567,2025-03,WHEAT,200,12,SUMMER,3,2025,209,0.033,0.96,0
FPS-0568,2025-03,RICE,281,20,SUMMER,3,2025,277,0.037,0.96,0
FPS-0568,2025-03,WHEAT,204,20,SUMMER,3,2025,208,0.005,0.96,0
FPS-0569,2025-03,RICE,267,22,SUMMER,3,2025,267,0.027,0.96,0
FPS-0569,2025-03,WHEAT,200,22,SUMMER,3,2025,185,0.015,0.96,0
FPS-0570,2025-03,RICE,200,8,SUMMER,3,2025,204,-0.041,0.96,0
FPS-0570,2025-03,WHEAT,200,8,SUMMER,3,2025,193,0.028,0.96,0
FPS-0571,2025-03,RICE,200,16,SUMMER,3,2025,194,0.074,0.96,0
FPS-0571,2025-03,WHEAT,200,16,SUMMER,3,2025,201,0.038,0.96,0
FPS-0572,2025-03,RICE,271,22,SUMMER,3,2025,274,0.072,0.96,0
FPS-0572,2025-03,WHEAT,200,22,SUMMER,3,2025,210,0.063,0.96,0
FPS-0573,2025-03,RICE,200,13,SUMMER,3,2025,198,0.017,0.96,0
FPS-0573,2025-03,WHEAT,200,13,SUMMER,3,2025,200,-0.025,0.96,0
FPS-0574,2025-03,RICE,215,20,SUMMER,3,2025,201,-0.047,0.96,0
FPS-0574,2025-03,WHEAT,200,20,SUMMER,3,2025,188,-0.017,0.96,0
FPS-0575,2025-03,RICE,296,25,SUMMER,3,2025,303,0.036,0.96,0
FPS-0575,2025-03,WHEAT,212,25,SUMMER,3,2025,209,0.006,0.96,0
FPS-0576,2025-03,RICE,200,13,SUMMER,3,2025,198,-0.031,0.96,0
FPS-0576,2025-03,WHEAT,200,13,SUMMER,3,2025,210,-0.023,0.96,0
FPS-0577,2025-03,RICE,200,15,SUMMER,3,2025,206,-0.035,0.96,0
FPS-0577,2025-03,WHEAT,200,15,SUMMER,3,2025,204,0.021,0.96,0
FPS-0578,2025-03,RICE,200,11,SUMMER,3,2025,201,0.078,0.96,0
FPS-0578,2025-03,WHEAT,200,11,SUMMER,3,2025,196,-0.032,0.96,0
FPS-0579,2025-03,RICE,200,15,SUMMER,3,2025,195,-0.02,0.96,0
FPS-0579,2025-03,WHEAT,200,15,SUMMER,3,2025,198,-0.03,0.96,0
FPS-0580,2025-03,RICE,220,22,SUMMER,3,2025,227,-0.031,0.96,0
FPS-0580,2025-03,WHEAT,200,22,SUMMER,3,2025,197,0.063,0.96,0
FPS-0581,2025-03,RICE,200,19,SUMMER,3,2025,197,0.053,0.96,0
FPS-0581,2025-03,WHEAT,200,19,SUMMER,3,2025,184,0.074,0.96,0
FPS-0582,2025-03,RICE,200,7,SUMMER,3,2025,202,0.067,0.96,0
FPS-0582,2025-03,WHEAT,200,7,SUMMER,3,2025,208,-0.042,0.96,0
FPS-0583,2025-03,RICE,200,12,SUMMER,3,2025,192,-0.003,0.96,0
FPS-0583,2025-03,WHEAT,140,12,SUMMER,3,2025,206,-0.043,0.96,1
FPS-0584,2025-03,RICE,200,10,SUMMER,3,2025,206,0.043,0.96,0
FPS-0584,2025-03,WHEAT,200,10,SUMMER,3,2025,195,0.032,0.96,0
FPS-0585,2025-03,RICE,200,15,SUMMER,3,2025,197,-0.022,0.96,0
FPS-0585,2025-03,WHEAT,200,15,SUMMER,3,2025,206,0.079,0.96,0
FPS-0586,2025-03,RICE,200,15,SUMMER,3,2025,191,0.061,0.96,0
FPS-0586,2025-03,WHEAT,200,15,SUMMER,3,2025,209,-0.015,0.96,0
FPS-0587,2025-03,RICE,211,17,SUMMER,3,2025,210,-0.017,0.96,0
FPS-0587,2025-03,WHEAT,200,17,SUMMER,3,2025,192,-0.045,0.96,0
FPS-0588,2025-03,RICE,200,19,SUMMER,3,2025,190,-0.038,0.96,0
FPS-0588,2025-03,WHEAT,200,19,SUMMER,3,2025,208,-0.028,0.96,0
FPS-0589,2025-03,RICE,200,13,SUMMER,3,2025,199,-0.006,0.96,0
FPS-0589,2025-03,WHEAT,200,13,SUMMER,3,2025,199,-0.03,0.96,0
FPS-0590,2025-03,RICE,200,14,SUMMER,3,2025,185,0.053,0.96,0
FPS-0590,2025-03,WHEAT,200,14,SUMMER,3,2025,204,-0.026,0.96,0
FPS-0591,2025-03,RICE,200,15,SUMMER,3,2025,199,-0.013,0.96,0
FPS-0591,2025-03,WHEAT,200,15,SUMMER,3,2025,184,0.009,0.96,0
FPS-0592,2025-03,RICE,223,18,SUMMER,3,2025,208,0.079,0.96,0
FPS-0592,2025-03,WHEAT,200,18,SUMMER,3,2025,208,-0.046,0.96,0
FPS-0593,2025-03,RICE,294,27,SUMMER,3,2025,276,-0.006,0.96,0
FPS-0593,2025-03,WHEAT,203,27,SUMMER,3,2025,211,-0.031,0.96,0
FPS-0594,2025-03,RICE,215,16,SUMMER,3,2025,214,0.053,0.96,0
FPS-0594,2025-03,WHEAT,200,16,SUMMER,3,2025,205,-0.035,0.96,0
FPS-0595,2025-03,RICE,200,15,SUMMER,3,2025,200,0.066,0.96,0
FPS-0595,2025-03,WHEAT,200,15,SUMMER,3,2025,197,0.004,0.96,0
FPS-0596,2025-03,RICE,200,15,SUMMER,3,2025,211,0.051,0.96,0
FPS-0596,2025-03,WHEAT,200,15,SUMMER,3,2025,197,0.037,0.96,0
FPS-0597,2025-03,RICE,394,26,SUMMER,3,2025,379,0.012,0.96,0
FPS-0597,2025-03,WHEAT,198,26,SUMMER,3,2025,282,-0.015,0.96,1
FPS-0598,2025-03,RICE,247,16,SUMMER,3,2025,236,0.03,0.96,0
FPS-0598,2025-03,WHEAT,200,16,SUMMER,3,2025,203,0.013,0.96,0
FPS-0599,2025-03,RICE,200,15,SUMMER,3,2025,199,-0.014,0.96,0
FPS-0599,2025-03,WHEAT,200,15,SUMMER,3,2025,200,-0.017,0.96,0
FPS-0600,2025-03,RICE,200,13,SUMMER,3,2025,198,0.013,0.96,0
FPS-0600,2025-03,WHEAT,200,13,SUMMER,3,2025,208,-0.027,0.96,0
FPS-0001,2025-04,RICE,273,22,SUMMER,4,2025,267,-0.018,0.96,0
FPS-0001,2025-04,WHEAT,212,22,SUMMER,4,2025,200,0.01,0.96,0
FPS-0002,2025-04,RICE,200,13,SUMMER,4,2025,210,0.07,0.96,0
FPS-0002,2025-04,WHEAT,200,13,SUMMER,4,2025,198,-0.044,0.96,0
FPS-0003,2025-04,RICE,280,25,SUMMER,4,2025,268,0.045,0.96,0
FPS-0003,2025-04,WHEAT,200,25,SUMMER,4,2025,208,-0.011,0.96,0
FPS-0004,2025-04,RICE,200,13,SUMMER,4,2025,188,0.056,0.96,0
FPS-0004,2025-04,WHEAT,200,13,SUMMER,4,2025,189,0.049,0.96,0
FPS-0005,2025-04,RICE,202,18,SUMMER,4,2025,208,0.018,0.96,0
FPS-0005,2025-04,WHEAT,200,18,SUMMER,4,2025,189,-0.031,0.96,0
FPS-0006,2025-04,RICE,264,20,SUMMER,4,2025,245,-0.034,0.96,0
FPS-0006,2025-04,WHEAT,215,20,SUMMER,4,2025,214,0.025,0.96,0
FPS-0007,2025-04,RICE,200,11,SUMMER,4,2025,210,0.001,0.96,0
FPS-0007,2025-04,WHEAT,200,11,SUMMER,4,2025,205,-0.026,0.96,0
FPS-0008,2025-04,RICE,211,17,SUMMER,4,2025,220,0.055,0.96,0
FPS-0008,2025-04,WHEAT,200,17,SUMMER,4,2025,190,0.064,0.96,0
FPS-0009,2025-04,RICE,200,13,SUMMER,4,2025,204,-0.045,0.96,0
FPS-0009,2025-04,WHEAT,200,13,SUMMER,4,2025,189,0.034,0.96,0
FPS-0010,2025-04,RICE,236,17,SUMMER,4,2025,238,0.04,0.96,0
FPS-0010,2025-04,WHEAT,200,17,SUMMER,4,2025,198,0.039,0.96,0
FPS-0011,2025-04,RICE,200,14,SUMMER,4,2025,184,0.027,0.96,0
FPS-0011,2025-04,WHEAT,200,14,SUMMER,4,2025,195,-0.027,0.96,0
FPS-0012,2025-04,RICE,239,20,SUMMER,4,2025,245,-0.03,0.96,0
FPS-0012,2025-04,WHEAT,200,20,SUMMER,4,2025,201,0.075,0.96,0
FPS-0013,2025-04,RICE,237,17,SUMMER,4,2025,239,0.018,0.96,0
FPS-0013,2025-04,WHEAT,200,17,SUMMER,4,2025,191,0.043,0.96,0
FPS-0014,2025-04,RICE,200,11,SUMMER,4,2025,194,0.062,0.96,0
FPS-0014,2025-04,WHEAT,200,11,SUMMER,4,2025,193,0.054,0.96,0
FPS-0015,2025-04,RICE,200,14,SUMMER,4,2025,209,-0.037,0.96,0
FPS-0015,2025-04,WHEAT,200,14,SUMMER,4,2025,202,-0.038,0.96,0
FPS-0016,2025-04,RICE,221,20,SUMMER,4,2025,218,0.008,0.96,0
FPS-0016,2025-04,WHEAT,200,20,SUMMER,4,2025,186,0.035,0.96,0
FPS-0017,2025-04,RICE,200,15,SUMMER,4,2025,211,0.072,0.96,0
FPS-0017,2025-04,WHEAT,200,15,SUMMER,4,2025,198,-0.034,0.96,0
FPS-0018,2025-04,RICE,268,24,SUMMER,4,2025,272,-0.014,0.96,0
FPS-0018,2025-04,WHEAT,216,24,SUMMER,4,2025,204,0.038,0.96,0
FPS-0019,2025-04,RICE,226,18,SUMMER,4,2025,232,-0.003,0.96,0
FPS-0019,2025-04,WHEAT,200,18,SUMMER,4,2025,194,0.041,0.96,0
FPS-0020,2025-04,RICE,200,15,SUMMER,4,2025,199,0.061,0.96,0
FPS-0020,2025-04,WHEAT,200,15,SUMMER,4,2025,188,0.023,0.96,0
FPS-0021,2025-04,RICE,328,26,SUMMER,4,2025,306,0.056,0.96,0
FPS-0021,2025-04,WHEAT,219,26,SUMMER,4,2025,210,-0.027,0.96,0
FPS-0022,2025-04,RICE,200,15,SUMMER,4,2025,188,0.059,0.96,0
FPS-0022,2025-04,WHEAT,200,15,SUMMER,4,2025,194,0.057,0.96,0
FPS-0023,2025-04,RICE,200,16,SUMMER,4,2025,197,0.032,0.96,0
FPS-0023,2025-04,WHEAT,200,16,SUMMER,4,2025,206,0.049,0.96,0
FPS-0024,2025-04,RICE,200,18,SUMMER,4,2025,209,0.042,0.96,0
FPS-0024,2025-04,WHEAT,200,18,SUMMER,4,2025,185,0.021,0.96,0
FPS-0025,2025-04,RICE,246,19,SUMMER,4,2025,237,-0.045,0.96,0
FPS-0025,2025-04,WHEAT,206,19,SUMMER,4,2025,202,0.073,0.96,0
FPS-0026,2025-04,RICE,200,16,SUMMER,4,2025,205,0.024,0.96,0
FPS-0026,2025-04,WHEAT,200,16,SUMMER,4,2025,202,0.053,0.96,0
FPS-0027,2025-04,RICE,200,15,SUMMER,4,2025,206,0.07,0.96,0
FPS-0027,2025-04,WHEAT,200,15,SUMMER,4,2025,205,0.06,0.96,0
FPS-0028,2025-04,RICE,200,12,SUMMER,4,2025,189,-0.049,0.96,0
FPS-0028,2025-04,WHEAT,200,12,SUMMER,4,2025,193,0.054,0.96,0
FPS-0029,2025-04,RICE,182,21,SUMMER,4,2025,250,0.074,0.96,1
FPS-0029,2025-04,WHEAT,200,21,SUMMER,4,2025,204,0.076,0.96,0
FPS-0030,2025-04,RICE,200,10,SUMMER,4,2025,195,0.076,0.96,0
FPS-0030,2025-04,WHEAT,200,10,SUMMER,4,2025,206,0.058,0.96,0
FPS-0031,2025-04,RICE,200,13,SUMMER,4,2025,206,-0.038,0.96,0
FPS-0031,2025-04,WHEAT,200,13,SUMMER,4,2025,208,-0.042,0.96,0
FPS-0032,2025-04,RICE,202,17,SUMMER,4,2025,194,0.054,0.96,0
FPS-0032,2025-04,WHEAT,200,17,SUMMER,4,2025,201,-0.023,0.96,0
FPS-0033,2025-04,RICE,200,14,SUMMER,4,2025,211,-0.047,0.96,0
FPS-0033,2025-04,WHEAT,200,14,SUMMER,4,2025,210,-0.035,0.96,0
FPS-0034,2025-04,RICE,230,18,SUMMER,4,2025,237,-0.002,0.96,0
FPS-0034,2025-04,WHEAT,200,18,SUMMER,4,2025,194,0.008,0.96,0
FPS-0035,2025-04,RICE,238,18,SUMMER,4,2025,220,0.063,0.96,0
FPS-0035,2025-04,WHEAT,200,18,SUMMER,4,2025,196,-0.038,0.96,0
FPS-0036,2025-04,RICE,240,23,SUMMER,4,2025,243,-0.015,0.96,0
FPS-0036,2025-04,WHEAT,200,23,SUMMER,4,2025,197,-0.03,0.96,0
FPS-0037,2025-04,RICE,235,20,SUMMER,4,2025,238,0.043,0.96,0
FPS-0037,2025-04,WHEAT,200,20,SUMMER,4,2025,195,-0.017,0.96,0
FPS-0038,2025-04,RICE,252,20,SUMMER,4,2025,265,0.06,0.96,0
FPS-0038,2025-04,WHEAT,200,20,SUMMER,4,2025,205,0.022,0.96,0
FPS-0039,2025-04,RICE,243,20,SUMMER,4,2025,257,0.07,0.96,0
FPS-0039,2025-04,WHEAT,200,20,SUMMER,4,2025,187,0.067,0.96,0
FPS-0040,2025-04,RICE,200,12,SUMMER,4,2025,203,0.002,0.96,0
FPS-0040,2025-04,WHEAT,200,12,SUMMER,4,2025,202,-0.047,0.96,0
FPS-0041,2025-04,RICE,200,13,SUMMER,4,2025,209,0.055,0.96,0
FPS-0041,2025-04,WHEAT,200,13,SUMMER,4,2025,193,0.036,0.96,0
FPS-0042,2025-04,RICE,200,18,SUMMER,4,2025,196,-0.046,0.96,0
FPS-0042,2025-04,WHEAT,200,18,SUMMER,4,2025,192,0.012,0.96,0
FPS-0043,2025-04,RICE,200,17,SUMMER,4,2025,207,0.038,0.96,0
FPS-0043,2025-04,WHEAT,200,17,SUMMER,4,2025,184,0.033,0.96,0
FPS-0044,2025-04,RICE,200,15,SUMMER,4,2025,187,-0.038,0.96,0
FPS-0044,2025-04,WHEAT,140,15,SUMMER,4,2025,184,-0.026,0.96,1
FPS-0045,2025-04,RICE,247,21,SUMMER,4,2025,234,0.023,0.96,0
FPS-0045,2025-04,WHEAT,200,21,SUMMER,4,2025,209,0.052,0.96,0
FPS-0046,2025-04,RICE,200,13,SUMMER,4,2025,208,0.068,0.96,0
FPS-0046,2025-04,WHEAT,200,13,SUMMER,4,2025,201,0.069,0.96,0
FPS-0047,2025-04,RICE,231,21,SUMMER,4,2025,218,-0.03,0.96,0
FPS-0047,2025-04,WHEAT,200,21,SUMMER,4,2025,206,0.049,0.96,0
FPS-0048,2025-04,RICE,200,12,SUMMER,4,2025,190,0.045,0.96,0
FPS-0048,2025-04,WHEAT,200,12,SUMMER,4,2025,189,0.079,0.96,0
FPS-0049,2025-04,RICE,203,17,SUMMER,4,2025,199,0.008,0.96,0
FPS-0049,2025-04,WHEAT,200,17,SUMMER,4,2025,207,0.038,0.96,0
FPS-0050,2025-04,RICE,310,23,SUMMER,4,2025,300,0.074,0.96,0
FPS-0050,2025-04,WHEAT,205,23,SUMMER,4,2025,201,-0.041,0.96,0
FPS-0051,2025-04,RICE,206,19,SUMMER,4,2025,196,-0.025,0.96,0
FPS-0051,2025-04,WHEAT,200,19,SUMMER,4,2025,197,-0.027,0.96,0
FPS-0052,2025-04,RICE,270,19,SUMMER,4,2025,274,0.078,0.96,0
FPS-0052,2025-04,WHEAT,200,19,SUMMER,4,2025,192,0.057,0.96,0
FPS-0053,2025-04,RICE,200,17,SUMMER,4,2025,202,0.003,0.96,0
FPS-0053,2025-04,WHEAT,200,17,SUMMER,4,2025,188,0.049,0.96,0
FPS-0054,2025-04,RICE,200,14,SUMMER,4,2025,211,0.079,0.96,0
FPS-0054,2025-04,WHEAT,200,14,SUMMER,4,2025,197,0.068,0.96,0
FPS-0055,2025-04,RICE,250,20,SUMMER,4,2025,259,0.077,0.96,0
FPS-0055,2025-04,WHEAT,200,20,SUMMER,4,2025,197,0.075,0.96,0
FPS-0056,2025-04,RICE,200,19,SUMMER,4,2025,207,-0.005,0.96,0
FPS-0056,2025-04,WHEAT,200,19,SUMMER,4,2025,199,-0.005,0.96,0
FPS-0057,2025-04,RICE,219,18,SUMMER,4,2025,208,0.005,0.96,0
FPS-0057,2025-04,WHEAT,200,18,SUMMER,4,2025,186,-0.002,0.96,0
FPS-0058,2025-04,RICE,205,19,SUMMER,4,2025,197,-0.019,0.96,0
FPS-0058,2025-04,WHEAT,200,19,SUMMER,4,2025,193,0.002,0.96,0
FPS-0059,2025-04,RICE,208,17,SUMMER,4,2025,202,0.053,0.96,0
FPS-0059,2025-04,WHEAT,200,17,SUMMER,4,2025,193,-0.018,0.96,0
FPS-0060,2025-04,RICE,254,22,SUMMER,4,2025,238,0.076,0.96,0
FPS-0060,2025-04,WHEAT,200,22,SUMMER,4,2025,194,0.06,0.96,0
FPS-0061,2025-04,RICE,200,15,SUMMER,4,2025,207,0.058,0.96,0
FPS-0061,2025-04,WHEAT,200,15,SUMMER,4,2025,193,-0.039,0.96,0
FPS-0062,2025-04,RICE,200,12,SUMMER,4,2025,201,-0.001,0.96,0
FPS-0062,2025-04,WHEAT,200,12,SUMMER,4,2025,191,-0.037,0.96,0
FPS-0063,2025-04,RICE,258,20,SUMMER,4,2025,259,0.043,0.96,0
FPS-0063,2025-04,WHEAT,200,20,SUMMER,4,2025,190,-0.016,0.96,0
FPS-0064,2025-04,RICE,200,15,SUMMER,4,2025,200,0.028,0.96,0
FPS-0064,2025-04,WHEAT,200,15,SUMMER,4,2025,185,-0.014,0.96,0
FPS-0065,2025-04,RICE,200,16,SUMMER,4,2025,193,0.034,0.96,0
FPS-0065,2025-04,WHEAT,200,16,SUMMER,4,2025,211,-0.018,0.96,0
FPS-0066,2025-04,RICE,205,17,SUMMER,4,2025,201,0.049,0.96,0
FPS-0066,2025-04,WHEAT,200,17,SUMMER,4,2025,195,0.002,0.96,0
FPS-0067,2025-04,RICE,200,13,SUMMER,4,2025,210,0.015,0.96,0
FPS-0067,2025-04,WHEAT,200,13,SUMMER,4,2025,196,-0.037,0.96,0
FPS-0068,2025-04,RICE,212,20,SUMMER,4,2025,211,0.051,0.96,0
FPS-0068,2025-04,WHEAT,200,20,SUMMER,4,2025,195,-0.046,0.96,0
FPS-0069,2025-04,RICE,200,16,SUMMER,4,2025,196,-0.019,0.96,0
FPS-0069,2025-04,WHEAT,200,16,SUMMER,4,2025,199,-0.032,0.96,0
FPS-0070,2025-04,RICE,200,16,SUMMER,4,2025,190,0.032,0.96,0
FPS-0070,2025-04,WHEAT,200,16,SUMMER,4,2025,185,-0.035,0.96,0
FPS-0071,2025-04,RICE,200,15,SUMMER,4,2025,192,0.03,0.96,0
FPS-0071,2025-04,WHEAT,200,15,SUMMER,4,2025,194,0.024,0.96,0
FPS-0072,2025-04,RICE,280,22,SUMMER,4,2025,275,0.071,0.96,0
FPS-0072,2025-04,WHEAT,200,22,SUMMER,4,2025,207,-0.004,0.96,0
FPS-0073,2025-04,RICE,235,21,SUMMER,4,2025,225,0.01,0.96,0
FPS-0073,2025-04,WHEAT,200,21,SUMMER,4,2025,188,0.001,0.96,0
FPS-0074,2025-04,RICE,200,11,SUMMER,4,2025,207,-0.016,0.96,0
FPS-0074,2025-04,WHEAT,200,11,SUMMER,4,2025,188,0.008,0.96,0
FPS-0075,2025-04,RICE,233,21,SUMMER,4,2025,236,-0.0,0.96,0
FPS-0075,2025-04,WHEAT,200,21,SUMMER,4,2025,188,-0.018,0.96,0
FPS-0076,2025-04,RICE,307,19,SUMMER,4,2025,283,0.068,0.96,0
FPS-0076,2025-04,WHEAT,200,19,SUMMER,4,2025,209,0.004,0.96,0
FPS-0077,2025-04,RICE,200,15,SUMMER,4,2025,210,-0.022,0.96,0
FPS-0077,2025-04,WHEAT,200,15,SUMMER,4,2025,205,0.076,0.96,0
FPS-0078,2025-04,RICE,227,20,SUMMER,4,2025,237,0.055,0.96,0
FPS-0078,2025-04,WHEAT,200,20,SUMMER,4,2025,208,0.019,0.96,0
FPS-0079,2025-04,RICE,200,11,SUMMER,4,2025,184,0.022,0.96,0
FPS-0079,2025-04,WHEAT,200,11,SUMMER,4,2025,186,0.055,0.96,0
FPS-0080,2025-04,RICE,200,15,SUMMER,4,2025,206,0.002,0.96,0
FPS-0080,2025-04,WHEAT,140,15,SUMMER,4,2025,209,-0.01,0.96,1
FPS-0081,2025-04,RICE,229,21,SUMMER,4,2025,230,-0.017,0.96,0
FPS-0081,2025-04,WHEAT,200,21,SUMMER,4,2025,190,-0.023,0.96,0
FPS-0082,2025-04,RICE,226,22,SUMMER,4,2025,213,0.003,0.96,0
FPS-0082,2025-04,WHEAT,200,22,SUMMER,4,2025,207,0.067,0.96,0
FPS-0083,2025-04,RICE,235,18,SUMMER,4,2025,232,0.01,0.96,0
FPS-0083,2025-04,WHEAT,200,18,SUMMER,4,2025,197,0.043,0.96,0
FPS-0084,2025-04,RICE,286,20,SUMMER,4,2025,275,0.027,0.96,0
FPS-0084,2025-04,WHEAT,200,20,SUMMER,4,2025,187,-0.011,0.96,0
FPS-0085,2025-04,RICE,200,14,SUMMER,4,2025,189,0.063,0.96,0
FPS-0085,2025-04,WHEAT,200,14,SUMMER,4,2025,206,-0.018,0.96,0
FPS-0086,2025-04,RICE,200,14,SUMMER,4,2025,190,0.045,0.96,0
FPS-0086,2025-04,WHEAT,200,14,SUMMER,4,2025,204,-0.029,0.96,0
FPS-0087,2025-04,RICE,200,13,SUMMER,4,2025,211,0.049,0.96,0
FPS-0087,2025-04,WHEAT,200,13,SUMMER,4,2025,191,-0.015,0.96,0
FPS-0088,2025-04,RICE,200,15,SUMMER,4,2025,198,0.007,0.96,0
FPS-0088,2025-04,WHEAT,140,15,SUMMER,4,2025,196,-0.002,0.96,1
FPS-0089,2025-04,RICE,221,18,SUMMER,4,2025,213,0.011,0.96,0
FPS-0089,2025-04,WHEAT,200,18,SUMMER,4,2025,191,-0.047,0.96,0
FPS-0090,2025-04,RICE,205,15,SUMMER,4,2025,203,0.071,0.96,0
FPS-0090,2025-04,WHEAT,200,15,SUMMER,4,2025,211,-0.011,0.96,0
FPS-0091,2025-04,RICE,200,18,SUMMER,4,2025,190,0.023,0.96,0
FPS-0091,2025-04,WHEAT,200,18,SUMMER,4,2025,195,0.013,0.96,0
FPS-0092,2025-04,RICE,263,21,SUMMER,4,2025,256,-0.007,0.96,0
FPS-0092,2025-04,WHEAT,200,21,SUMMER,4,2025,184,-0.001,0.96,0
FPS-0093,2025-04,RICE,274,24,SUMMER,4,2025,259,0.026,0.96,0
FPS-0093,2025-04,WHEAT,207,24,SUMMER,4,2025,202,0.045,0.96,0
FPS-0094,2025-04,RICE,252,19,SUMMER,4,2025,233,-0.01,0.96,0
FPS-0094,2025-04,WHEAT,200,19,SUMMER,4,2025,186,-0.044,0.96,0
FPS-0095,2025-04,RICE,291,26,SUMMER,4,2025,271,0.061,0.96,0
FPS-0095,2025-04,WHEAT,207,26,SUMMER,4,2025,194,0.015,0.96,0
FPS-0096,2025-04,RICE,200,13,SUMMER,4,2025,193,-0.012,0.96,0
FPS-0096,2025-04,WHEAT,200,13,SUMMER,4,2025,185,0.029,0.96,0
FPS-0097,2025-04,RICE,269,20,SUMMER,4,2025,271,-0.01,0.96,0
FPS-0097,2025-04,WHEAT,200,20,SUMMER,4,2025,206,-0.009,0.96,0
FPS-0098,2025-04,RICE,251,20,SUMMER,4,2025,260,0.014,0.96,0
FPS-0098,2025-04,WHEAT,200,20,SUMMER,4,2025,209,-0.049,0.96,0
FPS-0099,2025-04,RICE,200,16,SUMMER,4,2025,193,0.01,0.96,0
FPS-0099,2025-04,WHEAT,200,16,SUMMER,4,2025,197,0.01,0.96,0
FPS-0100,2025-04,RICE,200,12,SUMMER,4,2025,207,-0.007,0.96,0
FPS-0100,2025-04,WHEAT,200,12,SUMMER,4,2025,211,0.079,0.96,0
FPS-0101,2025-04,RICE,286,19,SUMMER,4,2025,266,0.008,0.96,0
FPS-0101,2025-04,WHEAT,142,19,SUMMER,4,2025,188,0.034,0.96,1
FPS-0102,2025-04,RICE,200,15,SUMMER,4,2025,189,0.059,0.96,0
FPS-0102,2025-04,WHEAT,200,15,SUMMER,4,2025,190,0.07,0.96,0
FPS-0103,2025-04,RICE,316,23,SUMMER,4,2025,302,0.069,0.96,0
FPS-0103,2025-04,WHEAT,210,23,SUMMER,4,2025,218,0.025,0.96,0
FPS-0104,2025-04,RICE,200,14,SUMMER,4,2025,210,0.035,0.96,0
FPS-0104,2025-04,WHEAT,200,14,SUMMER,4,2025,190,0.076,0.96,0
FPS-0105,2025-04,RICE,272,23,SUMMER,4,2025,277,-0.033,0.96,0
FPS-0105,2025-04,WHEAT,226,23,SUMMER,4,2025,230,0.073,0.96,0
FPS-0106,2025-04,RICE,200,14,SUMMER,4,2025,184,-0.035,0.96,0
FPS-0106,2025-04,WHEAT,200,14,SUMMER,4,2025,191,0.012,0.96,0
FPS-0107,2025-04,RICE,200,18,SUMMER,4,2025,201,0.077,0.96,0
FPS-0107,2025-04,WHEAT,200,18,SUMMER,4,2025,209,-0.029,0.96,0
FPS-0108,2025-04,RICE,200,10,SUMMER,4,2025,211,0.039,0.96,0
FPS-0108,2025-04,WHEAT,200,10,SUMMER,4,2025,191,0.053,0.96,0
FPS-0109,2025-04,RICE,200,14,SUMMER,4,2025,208,-0.036,0.96,0
FPS-0109,2025-04,WHEAT,200,14,SUMMER,4,2025,192,-0.026,0.96,0
FPS-0110,2025-04,RICE,200,17,SUMMER,4,2025,194,-0.002,0.96,0
FPS-0110,2025-04,WHEAT,200,17,SUMMER,4,2025,192,-0.0,0.96,0
FPS-0111,2025-04,RICE,200,13,SUMMER,4,2025,195,-0.015,0.96,0
FPS-0111,2025-04,WHEAT,200,13,SUMMER,4,2025,193,-0.033,0.96,0
FPS-0112,2025-04,RICE,200,14,SUMMER,4,2025,195,0.01,0.96,0
FPS-0112,2025-04,WHEAT,200,14,SUMMER,4,2025,198,0.001,0.96,0
FPS-0113,2025-04,RICE,200,8,SUMMER,4,2025,195,0.064,0.96,0
FPS-0113,2025-04,WHEAT,200,8,SUMMER,4,2025,206,0.014,0.96,0
FPS-0114,2025-04,RICE,200,15,SUMMER,4,2025,205,-0.031,0.96,0
FPS-0114,2025-04,WHEAT,200,15,SUMMER,4,2025,199,0.014,0.96,0
FPS-0115,2025-04,RICE,200,13,SUMMER,4,2025,206,0.021,0.96,0
FPS-0115,2025-04,WHEAT,200,13,SUMMER,4,2025,201,0.018,0.96,0
FPS-0116,2025-04,RICE,200,9,SUMMER,4,2025,195,-0.037,0.96,0
FPS-0116,2025-04,WHEAT,200,9,SUMMER,4,2025,199,0.053,0.96,0
FPS-0117,2025-04,RICE,200,17,SUMMER,4,2025,187,0.066,0.96,0
FPS-0117,2025-04,WHEAT,200,17,SUMMER,4,2025,201,0.024,0.96,0
FPS-0118,2025-04,RICE,200,19,SUMMER,4,2025,198,-0.039,0.96,0
FPS-0118,2025-04,WHEAT,200,19,SUMMER,4,2025,205,0.017,0.96,0
FPS-0119,2025-04,RICE,200,15,SUMMER,4,2025,197,-0.036,0.96,0
FPS-0119,2025-04,WHEAT,200,15,SUMMER,4,2025,194,-0.004,0.96,0
FPS-0120,2025-04,RICE,200,16,SUMMER,4,2025,184,0.049,0.96,0
FPS-0120,2025-04,WHEAT,200,16,SUMMER,4,2025,195,0.009,0.96,0
FPS-0121,2025-04,RICE,200,15,SUMMER,4,2025,199,0.039,0.96,0
FPS-0121,2025-04,WHEAT,200,15,SUMMER,4,2025,208,0.042,0.96,0
FPS-0122,2025-04,RICE,200,14,SUMMER,4,2025,194,0.033,0.96,0
FPS-0122,2025-04,WHEAT,200,14,SUMMER,4,2025,206,0.021,0.96,0
FPS-0123,2025-04,RICE,200,14,SUMMER,4,2025,202,0.062,0.96,0
FPS-0123,2025-04,WHEAT,200,14,SUMMER,4,2025,206,-0.0,0.96,0
FPS-0124,2025-04,RICE,287,21,SUMMER,4,2025,285,0.058,0.96,0
FPS-0124,2025-04,WHEAT,200,21,SUMMER,4,2025,204,-0.044,0.96,0
FPS-0125,2025-04,RICE,200,14,SUMMER,4,2025,192,-0.025,0.96,0
FPS-0125,2025-04,WHEAT,200,14,SUMMER,4,2025,202,-0.032,0.96,0
FPS-0126,2025-04,RICE,200,13,SUMMER,4,2025,185,-0.041,0.96,0
FPS-0126,2025-04,WHEAT,200,13,SUMMER,4,2025,191,0.031,0.96,0
FPS-0127,2025-04,RICE,200,11,SUMMER,4,2025,198,0.035,0.96,0
FPS-0127,2025-04,WHEAT,200,11,SUMMER,4,2025,199,-0.006,0.96,0
FPS-0128,2025-04,RICE,200,12,SUMMER,4,2025,184,0.037,0.96,0
FPS-0128,2025-04,WHEAT,200,12,SUMMER,4,2025,192,-0.03,0.96,0
FPS-0129,2025-04,RICE,200,17,SUMMER,4,2025,192,0.038,0.96,0
FPS-0129,2025-04,WHEAT,200,17,SUMMER,4,2025,204,0.037,0.96,0
FPS-0130,2025-04,RICE,200,16,SUMMER,4,2025,210,0.035,0.96,0
FPS-0130,2025-04,WHEAT,200,16,SUMMER,4,2025,200,-0.043,0.96,0
FPS-0131,2025-04,RICE,200,15,SUMMER,4,2025,207,0.038,0.96,0
FPS-0131,2025-04,WHEAT,200,15,SUMMER,4,2025,199,0.007,0.96,0
FPS-0132,2025-04,RICE,272,23,SUMMER,4,2025,282,0.06,0.96,0
FPS-0132,2025-04,WHEAT,201,23,SUMMER,4,2025,185,0.047,0.96,0
FPS-0133,2025-04,RICE,200,13,SUMMER,4,2025,201,0.051,0.96,0
FPS-0133,2025-04,WHEAT,200,13,SUMMER,4,2025,193,-0.033,0.96,0
FPS-0134,2025-04,RICE,200,16,SUMMER,4,2025,197,-0.017,0.96,0
FPS-0134,2025-04,WHEAT,200,16,SUMMER,4,2025,200,-0.015,0.96,0
FPS-0135,2025-04,RICE,200,15,SUMMER,4,2025,207,0.06,0.96,0
FPS-0135,2025-04,WHEAT,200,15,SUMMER,4,2025,187,0.071,0.96,0
FPS-0136,2025-04,RICE,205,16,SUMMER,4,2025,206,0.02,0.96,0
FPS-0136,2025-04,WHEAT,200,16,SUMMER,4,2025,203,0.011,0.96,0
FPS-0137,2025-04,RICE,200,15,SUMMER,4,2025,189,0.05,0.96,0
FPS-0137,2025-04,WHEAT,200,15,SUMMER,4,2025,194,0.055,0.96,0
FPS-0138,2025-04,RICE,267,23,SUMMER,4,2025,258,0.025,0.96,0
FPS-0138,2025-04,WHEAT,200,23,SUMMER,4,2025,199,-0.04,0.96,0
FPS-0139,2025-04,RICE,200,17,SUMMER,4,2025,195,0.001,0.96,0
FPS-0139,2025-04,WHEAT,200,17,SUMMER,4,2025,187,0.019,0.96,0
FPS-0140,2025-04,RICE,200,14,SUMMER,4,2025,195,0.072,0.96,0
FPS-0140,2025-04,WHEAT,200,14,SUMMER,4,2025,211,0.025,0.96,0
FPS-0141,2025-04,RICE,200,9,SUMMER,4,2025,206,0.024,0.96,0
FPS-0141,2025-04,WHEAT,200,9,SUMMER,4,2025,199,-0.027,0.96,0
FPS-0142,2025-04,RICE,234,20,SUMMER,4,2025,236,0.07,0.96,0
FPS-0142,2025-04,WHEAT,200,20,SUMMER,4,2025,206,0.078,0.96,0
FPS-0143,2025-04,RICE,237,22,SUMMER,4,2025,250,0.044,0.96,0
FPS-0143,2025-04,WHEAT,200,22,SUMMER,4,2025,207,0.003,0.96,0
FPS-0144,2025-04,RICE,241,22,SUMMER,4,2025,247,0.008,0.96,0
FPS-0144,2025-04,WHEAT,200,22,SUMMER,4,2025,199,-0.003,0.96,0
FPS-0145,2025-04,RICE,200,15,SUMMER,4,2025,189,0.007,0.96,0
FPS-0145,2025-04,WHEAT,200,15,SUMMER,4,2025,187,-0.003,0.96,0
FPS-0146,2025-04,RICE,200,13,SUMMER,4,2025,208,0.062,0.96,0
FPS-0146,2025-04,WHEAT,200,13,SUMMER,4,2025,190,0.053,0.96,0
FPS-0147,2025-04,RICE,211,20,SUMMER,4,2025,217,0.023,0.96,0
FPS-0147,2025-04,WHEAT,200,20,SUMMER,4,2025,206,0.011,0.96,0
FPS-0148,2025-04,RICE,299,25,SUMMER,4,2025,285,0.058,0.96,0
FPS-0148,2025-04,WHEAT,213,25,SUMMER,4,2025,215,0.067,0.96,0
FPS-0149,2025-04,RICE,327,25,SUMMER,4,2025,343,0.06,0.96,0
FPS-0149,2025-04,WHEAT,233,25,SUMMER,4,2025,240,0.055,0.96,0
FPS-0150,2025-04,RICE,200,13,SUMMER,4,2025,211,0.066,0.96,0
FPS-0150,2025-04,WHEAT,200,13,SUMMER,4,2025,192,0.033,0.96,0
FPS-0151,2025-04,RICE,236,22,SUMMER,4,2025,233,-0.003,0.96,0
FPS-0151,2025-04,WHEAT,200,22,SUMMER,4,2025,193,0.04,0.96,0
FPS-0152,2025-04,RICE,200,19,SUMMER,4,2025,198,-0.031,0.96,0
FPS-0152,2025-04,WHEAT,200,19,SUMMER,4,2025,210,-0.017,0.96,0
FPS-0153,2025-04,RICE,206,17,SUMMER,4,2025,202,-0.019,0.96,0
FPS-0153,2025-04,WHEAT,200,17,SUMMER,4,2025,202,0.045,0.96,0
FPS-0154,2025-04,RICE,140,18,SUMMER,4,2025,199,-0.034,0.96,1
FPS-0154,2025-04,WHEAT,200,18,SUMMER,4,2025,188,-0.028,0.96,0
FPS-0155,2025-04,RICE,206,17,SUMMER,4,2025,204,-0.04,0.96,0
FPS-0155,2025-04,WHEAT,200,17,SUMMER,4,2025,210,0.064,0.96,0
FPS-0156,2025-04,RICE,200,14,SUMMER,4,2025,209,0.023,0.96,0
FPS-0156,2025-04,WHEAT,200,14,SUMMER,4,2025,202,0.051,0.96,0
FPS-0157,2025-04,RICE,146,18,SUMMER,4,2025,203,0.064,0.96,1
FPS-0157,2025-04,WHEAT,200,18,SUMMER,4,2025,211,0.077,0.96,0
FPS-0158,2025-04,RICE,200,16,SUMMER,4,2025,185,0.061,0.96,0
FPS-0158,2025-04,WHEAT,200,16,SUMMER,4,2025,203,-0.007,0.96,0
FPS-0159,2025-04,RICE,140,16,SUMMER,4,2025,204,-0.05,0.96,1
FPS-0159,2025-04,WHEAT,200,16,SUMMER,4,2025,194,0.008,0.96,0
FPS-0160,2025-04,RICE,200,11,SUMMER,4,2025,201,-0.028,0.96,0
FPS-0160,2025-04,WHEAT,140,11,SUMMER,4,2025,184,-0.043,0.96,1
FPS-0161,2025-04,RICE,263,23,SUMMER,4,2025,242,-0.032,0.96,0
FPS-0161,2025-04,WHEAT,200,23,SUMMER,4,2025,208,0.008,0.96,0
FPS-0162,2025-04,RICE,200,16,SUMMER,4,2025,206,0.064,0.96,0
FPS-0162,2025-04,WHEAT,200,16,SUMMER,4,2025,201,0.067,0.96,0
FPS-0163,2025-04,RICE,200,16,SUMMER,4,2025,198,0.03,0.96,0
FPS-0163,2025-04,WHEAT,200,16,SUMMER,4,2025,204,-0.02,0.96,0
FPS-0164,2025-04,RICE,200,13,SUMMER,4,2025,206,-0.026,0.96,0
FPS-0164,2025-04,WHEAT,200,13,SUMMER,4,2025,200,-0.045,0.96,0
FPS-0165,2025-04,RICE,200,14,SUMMER,4,2025,202,-0.014,0.96,0
FPS-0165,2025-04,WHEAT,200,14,SUMMER,4,2025,199,0.059,0.96,0
FPS-0166,2025-04,RICE,213,19,SUMMER,4,2025,198,0.03,0.96,0
FPS-0166,2025-04,WHEAT,200,19,SUMMER,4,2025,185,-0.01,0.96,0
FPS-0167,2025-04,RICE,200,19,SUMMER,4,2025,205,-0.017,0.96,0
FPS-0167,2025-04,WHEAT,200,19,SUMMER,4,2025,202,0.042,0.96,0
FPS-0168,2025-04,RICE,200,11,SUMMER,4,2025,195,-0.012,0.96,0
FPS-0168,2025-04,WHEAT,200,11,SUMMER,4,2025,184,-0.009,0.96,0
FPS-0169,2025-04,RICE,200,17,SUMMER,4,2025,204,-0.029,0.96,0
FPS-0169,2025-04,WHEAT,200,17,SUMMER,4,2025,203,-0.038,0.96,0
FPS-0170,2025-04,RICE,200,19,SUMMER,4,2025,186,0.07,0.96,0
FPS-0170,2025-04,WHEAT,200,19,SUMMER,4,2025,203,-0.01,0.96,0
FPS-0171,2025-04,RICE,200,13,SUMMER,4,2025,211,0.036,0.96,0
FPS-0171,2025-04,WHEAT,200,13,SUMMER,4,2025,210,-0.025,0.96,0
FPS-0172,2025-04,RICE,226,20,SUMMER,4,2025,230,-0.001,0.96,0
FPS-0172,2025-04,WHEAT,200,20,SUMMER,4,2025,203,-0.049,0.96,0
FPS-0173,2025-04,RICE,211,15,SUMMER,4,2025,202,0.071,0.96,0
FPS-0173,2025-04,WHEAT,200,15,SUMMER,4,2025,206,0.032,0.96,0
FPS-0174,2025-04,RICE,235,23,SUMMER,4,2025,241,-0.037,0.96,0
FPS-0174,2025-04,WHEAT,200,23,SUMMER,4,2025,184,0.034,0.96,0
FPS-0175,2025-04,RICE,235,21,SUMMER,4,2025,248,0.041,0.96,0
FPS-0175,2025-04,WHEAT,200,21,SUMMER,4,2025,196,-0.037,0.96,0
FPS-0176,2025-04,RICE,200,14,SUMMER,4,2025,208,0.049,0.96,0
FPS-0176,2025-04,WHEAT,140,14,SUMMER,4,2025,199,-0.015,0.96,1
FPS-0177,2025-04,RICE,200,14,SUMMER,4,2025,205,-0.013,0.96,0
FPS-0177,2025-04,WHEAT,200,14,SUMMER,4,2025,188,-0.024,0.96,0
FPS-0178,2025-04,RICE,200,15,SUMMER,4,2025,188,0.015,0.96,0
FPS-0178,2025-04,WHEAT,200,15,SUMMER,4,2025,206,0.067,0.96,0
FPS-0179,2025-04,RICE,269,21,SUMMER,4,2025,282,0.057,0.96,0
FPS-0179,2025-04,WHEAT,200,21,SUMMER,4,2025,197,-0.0,0.96,0
FPS-0180,2025-04,RICE,200,14,SUMMER,4,2025,202,0.045,0.96,0
FPS-0180,2025-04,WHEAT,200,14,SUMMER,4,2025,210,0.074,0.96,0
FPS-0181,2025-04,RICE,239,20,SUMMER,4,2025,227,0.076,0.96,0
FPS-0181,2025-04,WHEAT,200,20,SUMMER,4,2025,206,0.019,0.96,0
FPS-0182,2025-04,RICE,212,17,SUMMER,4,2025,215,0.076,0.96,0
FPS-0182,2025-04,WHEAT,200,17,SUMMER,4,2025,206,0.024,0.96,0
FPS-0183,2025-04,RICE,205,16,SUMMER,4,2025,203,0.025,0.96,0
FPS-0183,2025-04,WHEAT,200,16,SUMMER,4,2025,192,0.041,0.96,0
FPS-0184,2025-04,RICE,266,22,SUMMER,4,2025,281,0.058,0.96,0
FPS-0184,2025-04,WHEAT,200,22,SUMMER,4,2025,205,0.016,0.96,0
FPS-0185,2025-04,RICE,200,18,SUMMER,4,2025,196,-0.018,0.96,0
FPS-0185,2025-04,WHEAT,200,18,SUMMER,4,2025,189,-0.028,0.96,0
FPS-0186,2025-04,RICE,248,21,SUMMER,4,2025,236,0.063,0.96,0
FPS-0186,2025-04,WHEAT,200,21,SUMMER,4,2025,194,0.006,0.96,0
FPS-0187,2025-04,RICE,222,19,SUMMER,4,2025,205,-0.038,0.96,0
FPS-0187,2025-04,WHEAT,200,19,SUMMER,4,2025,195,0.065,0.96,0
FPS-0188,2025-04,RICE,200,11,SUMMER,4,2025,192,0.019,0.96,0
FPS-0188,2025-04,WHEAT,200,11,SUMMER,4,2025,189,0.08,0.96,0
FPS-0189,2025-04,RICE,265,23,SUMMER,4,2025,276,-0.031,0.96,0
FPS-0189,2025-04,WHEAT,203,23,SUMMER,4,2025,189,0.004,0.96,0
FPS-0190,2025-04,RICE,200,18,SUMMER,4,2025,193,-0.028,0.96,0
FPS-0190,2025-04,WHEAT,200,18,SUMMER,4,2025,202,0.022,0.96,0
FPS-0191,2025-04,RICE,200,9,SUMMER,4,2025,202,-0.014,0.96,0
FPS-0191,2025-04,WHEAT,200,9,SUMMER,4,2025,201,0.052,0.96,0
FPS-0192,2025-04,RICE,200,12,SUMMER,4,2025,191,-0.047,0.96,0
FPS-0192,2025-04,WHEAT,200,12,SUMMER,4,2025,186,0.04,0.96,0
FPS-0193,2025-04,RICE,245,19,SUMMER,4,2025,248,0.076,0.96,0
FPS-0193,2025-04,WHEAT,200,19,SUMMER,4,2025,202,-0.039,0.96,0
FPS-0194,2025-04,RICE,200,13,SUMMER,4,2025,207,-0.047,0.96,0
FPS-0194,2025-04,WHEAT,200,13,SUMMER,4,2025,202,0.02,0.96,0
FPS-0195,2025-04,RICE,200,14,SUMMER,4,2025,206,-0.023,0.96,0
FPS-0195,2025-04,WHEAT,200,14,SUMMER,4,2025,211,-0.024,0.96,0
FPS-0196,2025-04,RICE,274,22,SUMMER,4,2025,268,0.052,0.96,0
FPS-0196,2025-04,WHEAT,200,22,SUMMER,4,2025,201,0.068,0.96,0
FPS-0197,2025-04,RICE,265,18,SUMMER,4,2025,267,0.058,0.96,0
FPS-0197,2025-04,WHEAT,200,18,SUMMER,4,2025,189,0.064,0.96,0
FPS-0198,2025-04,RICE,200,14,SUMMER,4,2025,198,0.058,0.96,0
FPS-0198,2025-04,WHEAT,200,14,SUMMER,4,2025,191,0.042,0.96,0
FPS-0199,2025-04,RICE,200,13,SUMMER,4,2025,194,0.062,0.96,0
FPS-0199,2025-04,WHEAT,200,13,SUMMER,4,2025,204,0.076,0.96,0
FPS-0200,2025-04,RICE,200,10,SUMMER,4,2025,196,-0.043,0.96,0
FPS-0200,2025-04,WHEAT,200,10,SUMMER,4,2025,188,0.079,0.96,0
FPS-0201,2025-04,RICE,200,15,SUMMER,4,2025,206,-0.008,0.96,0
FPS-0201,2025-04,WHEAT,200,15,SUMMER,4,2025,210,0.005,0.96,0
FPS-0202,2025-04,RICE,200,14,SUMMER,4,2025,192,0.056,0.96,0
FPS-0202,2025-04,WHEAT,200,14,SUMMER,4,2025,202,-0.026,0.96,0
FPS-0203,2025-04,RICE,200,11,SUMMER,4,2025,184,0.002,0.96,0
FPS-0203,2025-04,WHEAT,200,11,SUMMER,4,2025,203,-0.022,0.96,0
FPS-0204,2025-04,RICE,238,19,SUMMER,4,2025,250,0.017,0.96,0
FPS-0204,2025-04,WHEAT,200,19,SUMMER,4,2025,201,-0.036,0.96,0
FPS-0205,2025-04,RICE,200,13,SUMMER,4,2025,203,-0.002,0.96,0
FPS-0205,2025-04,WHEAT,200,13,SUMMER,4,2025,202,0.038,0.96,0
FPS-0206,2025-04,RICE,274,24,SUMMER,4,2025,275,0.014,0.96,0
FPS-0206,2025-04,WHEAT,205,24,SUMMER,4,2025,214,0.035,0.96,0
FPS-0207,2025-04,RICE,360,26,SUMMER,4,2025,357,0.076,0.96,0
FPS-0207,2025-04,WHEAT,273,26,SUMMER,4,2025,261,0.08,0.96,0
FPS-0208,2025-04,RICE,227,18,SUMMER,4,2025,235,0.049,0.96,0
FPS-0208,2025-04,WHEAT,200,18,SUMMER,4,2025,194,-0.043,0.96,0
FPS-0209,2025-04,RICE,276,21,SUMMER,4,2025,263,0.031,0.96,0
FPS-0209,2025-04,WHEAT,200,21,SUMMER,4,2025,208,0.015,0.96,0
FPS-0210,2025-04,RICE,210,21,SUMMER,4,2025,203,0.026,0.96,0
FPS-0210,2025-04,WHEAT,200,21,SUMMER,4,2025,198,-0.048,0.96,0
FPS-0211,2025-04,RICE,222,22,SUMMER,4,2025,221,0.015,0.96,0
FPS-0211,2025-04,WHEAT,200,22,SUMMER,4,2025,187,0.065,0.96,0
FPS-0212,2025-04,RICE,200,11,SUMMER,4,2025,193,-0.023,0.96,0
FPS-0212,2025-04,WHEAT,200,11,SUMMER,4,2025,193,0.003,0.96,0
FPS-0213,2025-04,RICE,200,14,SUMMER,4,2025,199,0.05,0.96,0
FPS-0213,2025-04,WHEAT,200,14,SUMMER,4,2025,184,0.037,0.96,0
FPS-0214,2025-04,RICE,200,13,SUMMER,4,2025,190,-0.045,0.96,0
FPS-0214,2025-04,WHEAT,200,13,SUMMER,4,2025,207,0.074,0.96,0
FPS-0215,2025-04,RICE,200,11,SUMMER,4,2025,187,-0.02,0.96,0
FPS-0215,2025-04,WHEAT,200,11,SUMMER,4,2025,185,0.034,0.96,0
FPS-0216,2025-04,RICE,200,14,SUMMER,4,2025,199,-0.004,0.96,0
FPS-0216,2025-04,WHEAT,200,14,SUMMER,4,2025,203,-0.04,0.96,0
FPS-0217,2025-04,RICE,200,17,SUMMER,4,2025,210,-0.009,0.96,0
FPS-0217,2025-04,WHEAT,200,17,SUMMER,4,2025,209,0.071,0.96,0
FPS-0218,2025-04,RICE,200,13,SUMMER,4,2025,211,0.064,0.96,0
FPS-0218,2025-04,WHEAT,200,13,SUMMER,4,2025,184,0.005,0.96,0
FPS-0219,2025-04,RICE,229,19,SUMMER,4,2025,226,0.068,0.96,0
FPS-0219,2025-04,WHEAT,200,19,SUMMER,4,2025,189,0.053,0.96,0
FPS-0220,2025-04,RICE,259,22,SUMMER,4,2025,240,0.072,0.96,0
FPS-0220,2025-04,WHEAT,200,22,SUMMER,4,2025,188,-0.006,0.96,0
FPS-0221,2025-04,RICE,241,19,SUMMER,4,2025,250,0.063,0.96,0
FPS-0221,2025-04,WHEAT,200,19,SUMMER,4,2025,204,-0.002,0.96,0
FPS-0222,2025-04,RICE,236,21,SUMMER,4,2025,245,-0.036,0.96,0
FPS-0222,2025-04,WHEAT,200,21,SUMMER,4,2025,206,-0.035,0.96,0
FPS-0223,2025-04,RICE,230,17,SUMMER,4,2025,234,-0.003,0.96,0
FPS-0223,2025-04,WHEAT,200,17,SUMMER,4,2025,187,-0.038,0.96,0
FPS-0224,2025-04,RICE,208,20,SUMMER,4,2025,217,0.029,0.96,0
FPS-0224,2025-04,WHEAT,200,20,SUMMER,4,2025,202,0.074,0.96,0
FPS-0225,2025-04,RICE,200,15,SUMMER,4,2025,186,-0.027,0.96,0
FPS-0225,2025-04,WHEAT,200,15,SUMMER,4,2025,206,-0.026,0.96,0
FPS-0226,2025-04,RICE,200,12,SUMMER,4,2025,207,0.045,0.96,0
FPS-0226,2025-04,WHEAT,200,12,SUMMER,4,2025,197,-0.029,0.96,0
FPS-0227,2025-04,RICE,200,14,SUMMER,4,2025,196,-0.045,0.96,0
FPS-0227,2025-04,WHEAT,200,14,SUMMER,4,2025,190,0.072,0.96,0
FPS-0228,2025-04,RICE,214,18,SUMMER,4,2025,199,0.034,0.96,0
FPS-0228,2025-04,WHEAT,200,18,SUMMER,4,2025,187,-0.046,0.96,0
FPS-0229,2025-04,RICE,200,19,SUMMER,4,2025,189,-0.001,0.96,0
FPS-0229,2025-04,WHEAT,200,19,SUMMER,4,2025,193,0.079,0.96,0
FPS-0230,2025-04,RICE,289,22,SUMMER,4,2025,295,0.039,0.96,0
FPS-0230,2025-04,WHEAT,140,22,SUMMER,4,2025,197,0.018,0.96,1
FPS-0231,2025-04,RICE,210,18,SUMMER,4,2025,204,0.07,0.96,0
FPS-0231,2025-04,WHEAT,200,18,SUMMER,4,2025,193,-0.022,0.96,0
FPS-0232,2025-04,RICE,200,14,SUMMER,4,2025,199,-0.015,0.96,0
FPS-0232,2025-04,WHEAT,200,14,SUMMER,4,2025,201,0.019,0.96,0
FPS-0233,2025-04,RICE,200,9,SUMMER,4,2025,202,0.057,0.96,0
FPS-0233,2025-04,WHEAT,200,9,SUMMER,4,2025,204,-0.03,0.96,0
FPS-0234,2025-04,RICE,200,18,SUMMER,4,2025,196,-0.016,0.96,0
FPS-0234,2025-04,WHEAT,200,18,SUMMER,4,2025,200,-0.039,0.96,0
FPS-0235,2025-04,RICE,229,18,SUMMER,4,2025,233,0.018,0.96,0
FPS-0235,2025-04,WHEAT,200,18,SUMMER,4,2025,196,0.069,0.96,0
FPS-0236,2025-04,RICE,200,17,SUMMER,4,2025,209,-0.002,0.96,0
FPS-0236,2025-04,WHEAT,200,17,SUMMER,4,2025,204,0.069,0.96,0
FPS-0237,2025-04,RICE,207,15,SUMMER,4,2025,199,0.027,0.96,0
FPS-0237,2025-04,WHEAT,200,15,SUMMER,4,2025,193,-0.007,0.96,0
FPS-0238,2025-04,RICE,234,19,SUMMER,4,2025,222,0.065,0.96,0
FPS-0238,2025-04,WHEAT,200,19,SUMMER,4,2025,205,0.048,0.96,0
FPS-0239,2025-04,RICE,161,19,SUMMER,4,2025,235,0.02,0.96,1
FPS-0239,2025-04,WHEAT,200,19,SUMMER,4,2025,200,0.076,0.96,0
FPS-0240,2025-04,RICE,248,21,SUMMER,4,2025,238,-0.017,0.96,0
FPS-0240,2025-04,WHEAT,200,21,SUMMER,4,2025,184,-0.006,0.96,0
FPS-0241,2025-04,RICE,205,19,SUMMER,4,2025,206,-0.046,0.96,0
FPS-0241,2025-04,WHEAT,200,19,SUMMER,4,2025,201,-0.009,0.96,0
FPS-0242,2025-04,RICE,200,12,SUMMER,4,2025,203,-0.014,0.96,0
FPS-0242,2025-04,WHEAT,200,12,SUMMER,4,2025,184,0.043,0.96,0
FPS-0243,2025-04,RICE,239,18,SUMMER,4,2025,227,-0.002,0.96,0
FPS-0243,2025-04,WHEAT,200,18,SUMMER,4,2025,203,0.026,0.96,0
FPS-0244,2025-04,RICE,200,16,SUMMER,4,2025,209,0.032,0.96,0
FPS-0244,2025-04,WHEAT,200,16,SUMMER,4,2025,208,-0.023,0.96,0
FPS-0245,2025-04,RICE,200,14,SUMMER,4,2025,208,0.057,0.96,0
FPS-0245,2025-04,WHEAT,200,14,SUMMER,4,2025,209,0.005,0.96,0
FPS-0246,2025-04,RICE,272,24,SUMMER,4,2025,262,-0.04,0.96,0
FPS-0246,2025-04,WHEAT,220,24,SUMMER,4,2025,227,0.067,0.96,0
FPS-0247,2025-04,RICE,213,19,SUMMER,4,2025,208,0.064,0.96,0
FPS-0247,2025-04,WHEAT,200,19,SUMMER,4,2025,199,0.048,0.96,0
FPS-0248,2025-04,RICE,321,25,SUMMER,4,2025,335,0.036,0.96,0
FPS-0248,2025-04,WHEAT,229,25,SUMMER,4,2025,216,-0.004,0.96,0
FPS-0249,2025-04,RICE,279,22,SUMMER,4,2025,273,0.016,0.96,0
FPS-0249,2025-04,WHEAT,200,22,SUMMER,4,2025,186,-0.015,0.96,0
FPS-0250,2025-04,RICE,200,16,SUMMER,4,2025,200,0.003,0.96,0
FPS-0250,2025-04,WHEAT,200,16,SUMMER,4,2025,191,-0.041,0.96,0
FPS-0251,2025-04,RICE,200,17,SUMMER,4,2025,192,-0.024,0.96,0
FPS-0251,2025-04,WHEAT,200,17,SUMMER,4,2025,200,-0.014,0.96,0
FPS-0252,2025-04,RICE,200,16,SUMMER,4,2025,201,-0.038,0.96,0
FPS-0252,2025-04,WHEAT,200,16,SUMMER,4,2025,188,-0.042,0.96,0
FPS-0253,2025-04,RICE,247,22,SUMMER,4,2025,247,0.017,0.96,0
FPS-0253,2025-04,WHEAT,200,22,SUMMER,4,2025,198,-0.05,0.96,0
FPS-0254,2025-04,RICE,200,14,SUMMER,4,2025,200,0.068,0.96,0
FPS-0254,2025-04,WHEAT,200,14,SUMMER,4,2025,190,0.056,0.96,0
FPS-0255,2025-04,RICE,200,16,SUMMER,4,2025,187,0.012,0.96,0
FPS-0255,2025-04,WHEAT,200,16,SUMMER,4,2025,205,-0.007,0.96,0
FPS-0256,2025-04,RICE,200,14,SUMMER,4,2025,208,0.044,0.96,0
FPS-0256,2025-04,WHEAT,200,14,SUMMER,4,2025,199,0.065,0.96,0
FPS-0257,2025-04,RICE,200,15,SUMMER,4,2025,206,-0.048,0.96,0
FPS-0257,2025-04,WHEAT,200,15,SUMMER,4,2025,206,0.063,0.96,0
FPS-0258,2025-04,RICE,200,15,SUMMER,4,2025,190,-0.009,0.96,0
FPS-0258,2025-04,WHEAT,200,15,SUMMER,4,2025,199,0.023,0.96,0
FPS-0259,2025-04,RICE,200,15,SUMMER,4,2025,203,-0.046,0.96,0
FPS-0259,2025-04,WHEAT,200,15,SUMMER,4,2025,195,-0.01,0.96,0
FPS-0260,2025-04,RICE,200,13,SUMMER,4,2025,208,-0.013,0.96,0
FPS-0260,2025-04,WHEAT,200,13,SUMMER,4,2025,202,0.028,0.96,0
FPS-0261,2025-04,RICE,200,11,SUMMER,4,2025,195,0.048,0.96,0
FPS-0261,2025-04,WHEAT,200,11,SUMMER,4,2025,209,-0.02,0.96,0
FPS-0262,2025-04,RICE,200,13,SUMMER,4,2025,200,-0.042,0.96,0
FPS-0262,2025-04,WHEAT,200,13,SUMMER,4,2025,187,-0.036,0.96,0
FPS-0263,2025-04,RICE,200,14,SUMMER,4,2025,188,0.008,0.96,0
FPS-0263,2025-04,WHEAT,200,14,SUMMER,4,2025,205,0.07,0.96,0
FPS-0264,2025-04,RICE,200,5,SUMMER,4,2025,188,-0.022,0.96,0
FPS-0264,2025-04,WHEAT,200,5,SUMMER,4,2025,206,0.021,0.96,0
FPS-0265,2025-04,RICE,230,18,SUMMER,4,2025,220,0.05,0.96,0
FPS-0265,2025-04,WHEAT,200,18,SUMMER,4,2025,202,0.074,0.96,0
FPS-0266,2025-04,RICE,200,13,SUMMER,4,2025,210,0.072,0.96,0
FPS-0266,2025-04,WHEAT,200,13,SUMMER,4,2025,211,0.042,0.96,0
FPS-0267,2025-04,RICE,200,16,SUMMER,4,2025,194,0.004,0.96,0
FPS-0267,2025-04,WHEAT,200,16,SUMMER,4,2025,196,-0.044,0.96,0
FPS-0268,2025-04,RICE,200,20,SUMMER,4,2025,188,-0.016,0.96,0
FPS-0268,2025-04,WHEAT,140,20,SUMMER,4,2025,211,0.003,0.96,1
FPS-0269,2025-04,RICE,221,21,SUMMER,4,2025,228,0.003,0.96,0
FPS-0269,2025-04,WHEAT,200,21,SUMMER,4,2025,197,0.013,0.96,0
FPS-0270,2025-04,RICE,200,8,SUMMER,4,2025,192,-0.035,0.96,0
FPS-0270,2025-04,WHEAT,200,8,SUMMER,4,2025,201,0.057,0.96,0
FPS-0271,2025-04,RICE,215,18,SUMMER,4,2025,223,0.023,0.96,0
FPS-0271,2025-04,WHEAT,200,18,SUMMER,4,2025,199,0.073,0.96,0
FPS-0272,2025-04,RICE,248,20,SUMMER,4,2025,249,-0.035,0.96,0
FPS-0272,2025-04,WHEAT,200,20,SUMMER,4,2025,200,0.044,0.96,0
FPS-0273,2025-04,RICE,269,23,SUMMER,4,2025,268,-0.031,0.96,0
FPS-0273,2025-04,WHEAT,200,23,SUMMER,4,2025,186,0.002,0.96,0
FPS-0274,2025-04,RICE,200,18,SUMMER,4,2025,188,-0.045,0.96,0
FPS-0274,2025-04,WHEAT,200,18,SUMMER,4,2025,185,0.066,0.96,0
FPS-0275,2025-04,RICE,200,17,SUMMER,4,2025,210,0.042,0.96,0
FPS-0275,2025-04,WHEAT,200,17,SUMMER,4,2025,198,0.016,0.96,0
FPS-0276,2025-04,RICE,207,19,SUMMER,4,2025,214,0.022,0.96,0
FPS-0276,2025-04,WHEAT,200,19,SUMMER,4,2025,209,-0.044,0.96,0
FPS-0277,2025-04,RICE,211,17,SUMMER,4,2025,208,0.066,0.96,0
FPS-0277,2025-04,WHEAT,200,17,SUMMER,4,2025,202,-0.023,0.96,0
FPS-0278,2025-04,RICE,200,15,SUMMER,4,2025,211,-0.047,0.96,0
FPS-0278,2025-04,WHEAT,200,15,SUMMER,4,2025,197,0.006,0.96,0
FPS-0279,2025-04,RICE,331,23,SUMMER,4,2025,337,0.033,0.96,0
FPS-0279,2025-04,WHEAT,215,23,SUMMER,4,2025,219,-0.019,0.96,0
FPS-0280,2025-04,RICE,200,18,SUMMER,4,2025,206,0.061,0.96,0
FPS-0280,2025-04,WHEAT,200,18,SUMMER,4,2025,193,0.016,0.96,0
FPS-0281,2025-04,RICE,200,18,SUMMER,4,2025,185,0.041,0.96,0
FPS-0281,2025-04,WHEAT,200,18,SUMMER,4,2025,184,0.043,0.96,0
FPS-0282,2025-04,RICE,239,20,SUMMER,4,2025,251,0.067,0.96,0
FPS-0282,2025-04,WHEAT,200,20,SUMMER,4,2025,187,-0.004,0.96,0
FPS-0283,2025-04,RICE,200,14,SUMMER,4,2025,195,0.013,0.96,0
FPS-0283,2025-04,WHEAT,200,14,SUMMER,4,2025,193,0.0,0.96,0
FPS-0284,2025-04,RICE,200,12,SUMMER,4,2025,198,-0.009,0.96,0
FPS-0284,2025-04,WHEAT,200,12,SUMMER,4,2025,185,-0.005,0.96,0
FPS-0285,2025-04,RICE,201,18,SUMMER,4,2025,203,-0.038,0.96,0
FPS-0285,2025-04,WHEAT,200,18,SUMMER,4,2025,199,0.056,0.96,0
FPS-0286,2025-04,RICE,200,16,SUMMER,4,2025,203,0.012,0.96,0
FPS-0286,2025-04,WHEAT,200,16,SUMMER,4,2025,193,-0.001,0.96,0
FPS-0287,2025-04,RICE,307,26,SUMMER,4,2025,300,-0.04,0.96,0
FPS-0287,2025-04,WHEAT,229,26,SUMMER,4,2025,210,-0.046,0.96,0
FPS-0288,2025-04,RICE,200,17,SUMMER,4,2025,209,-0.031,0.96,0
FPS-0288,2025-04,WHEAT,200,17,SUMMER,4,2025,190,0.052,0.96,0
FPS-0289,2025-04,RICE,200,13,SUMMER,4,2025,211,0.051,0.96,0
FPS-0289,2025-04,WHEAT,200,13,SUMMER,4,2025,189,0.032,0.96,0
FPS-0290,2025-04,RICE,208,18,SUMMER,4,2025,217,0.055,0.96,0
FPS-0290,2025-04,WHEAT,200,18,SUMMER,4,2025,203,0.054,0.96,0
FPS-0291,2025-04,RICE,245,18,SUMMER,4,2025,258,0.08,0.96,0
FPS-0291,2025-04,WHEAT,200,18,SUMMER,4,2025,207,-0.026,0.96,0
FPS-0292,2025-04,RICE,270,20,SUMMER,4,2025,281,0.07,0.96,0
FPS-0292,2025-04,WHEAT,200,20,SUMMER,4,2025,189,0.068,0.96,0
FPS-0293,2025-04,RICE,200,18,SUMMER,4,2025,197,-0.027,0.96,0
FPS-0293,2025-04,WHEAT,200,18,SUMMER,4,2025,186,0.008,0.96,0
FPS-0294,2025-04,RICE,218,16,SUMMER,4,2025,205,0.074,0.96,0
FPS-0294,2025-04,WHEAT,200,16,SUMMER,4,2025,209,0.007,0.96,0
FPS-0295,2025-04,RICE,200,13,SUMMER,4,2025,197,0.005,0.96,0
FPS-0295,2025-04,WHEAT,200,13,SUMMER,4,2025,204,-0.021,0.96,0
FPS-0296,2025-04,RICE,200,14,SUMMER,4,2025,194,0.017,0.96,0
FPS-0296,2025-04,WHEAT,200,14,SUMMER,4,2025,208,-0.01,0.96,0
FPS-0297,2025-04,RICE,200,17,SUMMER,4,2025,200,0.018,0.96,0
FPS-0297,2025-04,WHEAT,200,17,SUMMER,4,2025,185,-0.017,0.96,0
FPS-0298,2025-04,RICE,200,15,SUMMER,4,2025,196,0.055,0.96,0
FPS-0298,2025-04,WHEAT,200,15,SUMMER,4,2025,192,-0.033,0.96,0
FPS-0299,2025-04,RICE,200,17,SUMMER,4,2025,201,0.078,0.96,0
FPS-0299,2025-04,WHEAT,200,17,SUMMER,4,2025,208,0.043,0.96,0
FPS-0300,2025-04,RICE,239,17,SUMMER,4,2025,249,0.057,0.96,0
FPS-0300,2025-04,WHEAT,200,17,SUMMER,4,2025,211,-0.009,0.96,0
FPS-0301,2025-04,RICE,202,16,SUMMER,4,2025,213,-0.027,0.96,0
FPS-0301,2025-04,WHEAT,200,16,SUMMER,4,2025,195,0.015,0.96,0
FPS-0302,2025-04,RICE,204,19,SUMMER,4,2025,196,-0.022,0.96,0
FPS-0302,2025-04,WHEAT,200,19,SUMMER,4,2025,198,-0.039,0.96,0
FPS-0303,2025-04,RICE,200,11,SUMMER,4,2025,189,0.055,0.96,0
FPS-0303,2025-04,WHEAT,200,11,SUMMER,4,2025,192,-0.043,0.96,0
FPS-0304,2025-04,RICE,242,17,SUMMER,4,2025,236,0.069,0.96,0
FPS-0304,2025-04,WHEAT,200,17,SUMMER,4,2025,203,-0.028,0.96,0
FPS-0305,2025-04,RICE,210,17,SUMMER,4,2025,219,0.044,0.96,0
FPS-0305,2025-04,WHEAT,200,17,SUMMER,4,2025,200,-0.045,0.96,0
FPS-0306,2025-04,RICE,200,13,SUMMER,4,2025,191,-0.023,0.96,0
FPS-0306,2025-04,WHEAT,200,13,SUMMER,4,2025,200,0.057,0.96,0
FPS-0307,2025-04,RICE,200,15,SUMMER,4,2025,185,-0.047,0.96,0
FPS-0307,2025-04,WHEAT,200,15,SUMMER,4,2025,193,0.02,0.96,0
FPS-0308,2025-04,RICE,200,15,SUMMER,4,2025,199,-0.028,0.96,0
FPS-0308,2025-04,WHEAT,200,15,SUMMER,4,2025,198,0.003,0.96,0
FPS-0309,2025-04,RICE,245,18,SUMMER,4,2025,235,0.079,0.96,0
FPS-0309,2025-04,WHEAT,200,18,SUMMER,4,2025,187,-0.045,0.96,0
FPS-0310,2025-04,RICE,200,13,SUMMER,4,2025,203,0.024,0.96,0
FPS-0310,2025-04,WHEAT,140,13,SUMMER,4,2025,196,0.019,0.96,1
FPS-0311,2025-04,RICE,260,23,SUMMER,4,2025,258,0.048,0.96,0
FPS-0311,2025-04,WHEAT,200,23,SUMMER,4,2025,209,-0.017,0.96,0
FPS-0312,2025-04,RICE,244,19,SUMMER,4,2025,229,0.033,0.96,0
FPS-0312,2025-04,WHEAT,200,19,SUMMER,4,2025,201,-0.037,0.96,0
FPS-0313,2025-04,RICE,202,15,SUMMER,4,2025,187,-0.0,0.96,0
FPS-0313,2025-04,WHEAT,200,15,SUMMER,4,2025,193,-0.021,0.96,0
FPS-0314,2025-04,RICE,236,18,SUMMER,4,2025,244,0.037,0.96,0
FPS-0314,2025-04,WHEAT,200,18,SUMMER,4,2025,207,-0.022,0.96,0
FPS-0315,2025-04,RICE,200,18,SUMMER,4,2025,187,-0.036,0.96,0
FPS-0315,2025-04,WHEAT,200,18,SUMMER,4,2025,194,0.059,0.96,0
FPS-0316,2025-04,RICE,200,15,SUMMER,4,2025,207,0.05,0.96,0
FPS-0316,2025-04,WHEAT,200,15,SUMMER,4,2025,193,-0.047,0.96,0
FPS-0317,2025-04,RICE,200,15,SUMMER,4,2025,191,0.076,0.96,0
FPS-0317,2025-04,WHEAT,200,15,SUMMER,4,2025,211,0.025,0.96,0
FPS-0318,2025-04,RICE,200,17,SUMMER,4,2025,199,0.022,0.96,0
FPS-0318,2025-04,WHEAT,200,17,SUMMER,4,2025,188,0.061,0.96,0
FPS-0319,2025-04,RICE,200,14,SUMMER,4,2025,202,-0.032,0.96,0
FPS-0319,2025-04,WHEAT,200,14,SUMMER,4,2025,187,-0.023,0.96,0
FPS-0320,2025-04,RICE,200,10,SUMMER,4,2025,196,0.03,0.96,0
FPS-0320,2025-04,WHEAT,200,10,SUMMER,4,2025,194,0.051,0.96,0
FPS-0321,2025-04,RICE,260,24,SUMMER,4,2025,252,0.011,0.96,0
FPS-0321,2025-04,WHEAT,200,24,SUMMER,4,2025,190,0.019,0.96,0
FPS-0322,2025-04,RICE,213,20,SUMMER,4,2025,223,-0.039,0.96,0
FPS-0322,2025-04,WHEAT,200,20,SUMMER,4,2025,194,0.023,0.96,0
FPS-0323,2025-04,RICE,202,16,SUMMER,4,2025,199,0.047,0.96,0
FPS-0323,2025-04,WHEAT,200,16,SUMMER,4,2025,194,0.08,0.96,0
FPS-0324,2025-04,RICE,140,13,SUMMER,4,2025,191,0.054,0.96,1
FPS-0324,2025-04,WHEAT,140,13,SUMMER,4,2025,209,0.036,0.96,1
FPS-0325,2025-04,RICE,217,21,SUMMER,4,2025,209,-0.029,0.96,0
FPS-0325,2025-04,WHEAT,200,21,SUMMER,4,2025,207,0.002,0.96,0
FPS-0326,2025-04,RICE,203,16,SUMMER,4,2025,191,0.042,0.96,0
FPS-0326,2025-04,WHEAT,200,16,SUMMER,4,2025,195,0.02,0.96,0
FPS-0327,2025-04,RICE,215,18,SUMMER,4,2025,206,-0.021,0.96,0
FPS-0327,2025-04,WHEAT,200,18,SUMMER,4,2025,211,0.015,0.96,0
FPS-0328,2025-04,RICE,232,18,SUMMER,4,2025,227,0.05,0.96,0
FPS-0328,2025-04,WHEAT,200,18,SUMMER,4,2025,189,0.052,0.96,0
FPS-0329,2025-04,RICE,200,15,SUMMER,4,2025,210,-0.039,0.96,0
FPS-0329,2025-04,WHEAT,200,15,SUMMER,4,2025,207,-0.034,0.96,0
FPS-0330,2025-04,RICE,225,21,SUMMER,4,2025,214,0.049,0.96,0
FPS-0330,2025-04,WHEAT,200,21,SUMMER,4,2025,203,0.074,0.96,0
FPS-0331,2025-04,RICE,207,17,SUMMER,4,2025,207,0.07,0.96,0
FPS-0331,2025-04,WHEAT,200,17,SUMMER,4,2025,201,0.044,0.96,0
FPS-0332,2025-04,RICE,212,21,SUMMER,4,2025,222,-0.045,0.96,0
FPS-0332,2025-04,WHEAT,200,21,SUMMER,4,2025,211,0.009,0.96,0
FPS-0333,2025-04,RICE,350,27,SUMMER,4,2025,349,0.026,0.96,0
FPS-0333,2025-04,WHEAT,250,27,SUMMER,4,2025,256,0.025,0.96,0
FPS-0334,2025-04,RICE,200,16,SUMMER,4,2025,206,-0.022,0.96,0
FPS-0334,2025-04,WHEAT,200,16,SUMMER,4,2025,190,0.02,0.96,0
FPS-0335,2025-04,RICE,248,18,SUMMER,4,2025,228,0.057,0.96,0
FPS-0335,2025-04,WHEAT,200,18,SUMMER,4,2025,210,0.004,0.96,0
FPS-0336,2025-04,RICE,206,18,SUMMER,4,2025,205,-0.032,0.96,0
FPS-0336,2025-04,WHEAT,200,18,SUMMER,4,2025,185,0.006,0.96,0
FPS-0337,2025-04,RICE,200,13,SUMMER,4,2025,209,0.076,0.96,0
FPS-0337,2025-04,WHEAT,200,13,SUMMER,4,2025,194,0.068,0.96,0
FPS-0338,2025-04,RICE,200,16,SUMMER,4,2025,205,-0.038,0.96,0
FPS-0338,2025-04,WHEAT,200,16,SUMMER,4,2025,193,-0.04,0.96,0
FPS-0339,2025-04,RICE,140,18,SUMMER,4,2025,206,-0.035,0.96,1
FPS-0339,2025-04,WHEAT,200,18,SUMMER,4,2025,207,-0.015,0.96,0
FPS-0340,2025-04,RICE,200,12,SUMMER,4,2025,198,0.043,0.96,0
FPS-0340,2025-04,WHEAT,140,12,SUMMER,4,2025,208,0.019,0.96,1
FPS-0341,2025-04,RICE,200,14,SUMMER,4,2025,203,0.036,0.96,0
FPS-0341,2025-04,WHEAT,200,14,SUMMER,4,2025,185,0.078,0.96,0
FPS-0342,2025-04,RICE,200,12,SUMMER,4,2025,206,-0.005,0.96,0
FPS-0342,2025-04,WHEAT,200,12,SUMMER,4,2025,209,0.013,0.96,0
FPS-0343,2025-04,RICE,200,16,SUMMER,4,2025,186,0.004,0.96,0
FPS-0343,2025-04,WHEAT,200,16,SUMMER,4,2025,195,0.037,0.96,0
FPS-0344,2025-04,RICE,200,16,SUMMER,4,2025,190,-0.039,0.96,0
FPS-0344,2025-04,WHEAT,200,16,SUMMER,4,2025,201,-0.026,0.96,0
FPS-0345,2025-04,RICE,200,17,SUMMER,4,2025,200,-0.043,0.96,0
FPS-0345,2025-04,WHEAT,200,17,SUMMER,4,2025,200,-0.035,0.96,0
FPS-0346,2025-04,RICE,200,19,SUMMER,4,2025,207,-0.007,0.96,0
FPS-0346,2025-04,WHEAT,200,19,SUMMER,4,2025,207,0.035,0.96,0
FPS-0347,2025-04,RICE,207,22,SUMMER,4,2025,300,0.071,0.96,1
FPS-0347,2025-04,WHEAT,215,22,SUMMER,4,2025,213,0.039,0.96,0
FPS-0348,2025-04,RICE,242,20,SUMMER,4,2025,223,0.053,0.96,0
FPS-0348,2025-04,WHEAT,200,20,SUMMER,4,2025,201,0.053,0.96,0
FPS-0349,2025-04,RICE,200,18,SUMMER,4,2025,196,-0.002,0.96,0
FPS-0349,2025-04,WHEAT,200,18,SUMMER,4,2025,199,0.008,0.96,0
FPS-0350,2025-04,RICE,158,17,SUMMER,4,2025,209,0.021,0.96,1
FPS-0350,2025-04,WHEAT,200,17,SUMMER,4,2025,196,0.078,0.96,0
FPS-0351,2025-04,RICE,200,16,SUMMER,4,2025,184,-0.042,0.96,0
FPS-0351,2025-04,WHEAT,200,16,SUMMER,4,2025,199,-0.038,0.96,0
FPS-0352,2025-04,RICE,201,19,SUMMER,4,2025,200,-0.047,0.96,0
FPS-0352,2025-04,WHEAT,200,19,SUMMER,4,2025,202,0.047,0.96,0
FPS-0353,2025-04,RICE,200,16,SUMMER,4,2025,190,0.024,0.96,0
FPS-0353,2025-04,WHEAT,200,16,SUMMER,4,2025,208,0.068,0.96,0
FPS-0354,2025-04,RICE,207,21,SUMMER,4,2025,218,-0.03,0.96,0
FPS-0354,2025-04,WHEAT,200,21,SUMMER,4,2025,211,-0.028,0.96,0
FPS-0355,2025-04,RICE,200,15,SUMMER,4,2025,194,-0.043,0.96,0
FPS-0355,2025-04,WHEAT,200,15,SUMMER,4,2025,191,-0.034,0.96,0
FPS-0356,2025-04,RICE,200,13,SUMMER,4,2025,184,-0.006,0.96,0
FPS-0356,2025-04,WHEAT,200,13,SUMMER,4,2025,206,0.011,0.96,0
FPS-0357,2025-04,RICE,212,20,SUMMER,4,2025,201,-0.032,0.96,0
FPS-0357,2025-04,WHEAT,200,20,SUMMER,4,2025,203,0.067,0.96,0
FPS-0358,2025-04,RICE,207,16,SUMMER,4,2025,202,0.062,0.96,0
FPS-0358,2025-04,WHEAT,200,16,SUMMER,4,2025,191,-0.04,0.96,0
FPS-0359,2025-04,RICE,291,25,SUMMER,4,2025,288,-0.011,0.96,0
FPS-0359,2025-04,WHEAT,222,25,SUMMER,4,2025,224,0.048,0.96,0
FPS-0360,2025-04,RICE,200,15,SUMMER,4,2025,196,-0.008,0.96,0
FPS-0360,2025-04,WHEAT,200,15,SUMMER,4,2025,188,0.044,0.96,0
FPS-0361,2025-04,RICE,200,16,SUMMER,4,2025,211,0.005,0.96,0
FPS-0361,2025-04,WHEAT,200,16,SUMMER,4,2025,195,0.057,0.96,0
FPS-0362,2025-04,RICE,200,17,SUMMER,4,2025,209,-0.046,0.96,0
FPS-0362,2025-04,WHEAT,200,17,SUMMER,4,2025,186,0.009,0.96,0
FPS-0363,2025-04,RICE,200,15,SUMMER,4,2025,199,0.022,0.96,0
FPS-0363,2025-04,WHEAT,200,15,SUMMER,4,2025,205,0.013,0.96,0
FPS-0364,2025-04,RICE,202,16,SUMMER,4,2025,196,-0.006,0.96,0
FPS-0364,2025-04,WHEAT,200,16,SUMMER,4,2025,207,-0.048,0.96,0
FPS-0365,2025-04,RICE,200,18,SUMMER,4,2025,191,-0.003,0.96,0
FPS-0365,2025-04,WHEAT,200,18,SUMMER,4,2025,191,0.054,0.96,0
FPS-0366,2025-04,RICE,223,17,SUMMER,4,2025,229,0.027,0.96,0
FPS-0366,2025-04,WHEAT,200,17,SUMMER,4,2025,203,0.073,0.96,0
FPS-0367,2025-04,RICE,200,11,SUMMER,4,2025,209,0.011,0.96,0
FPS-0367,2025-04,WHEAT,200,11,SUMMER,4,2025,207,0.013,0.96,0
FPS-0368,2025-04,RICE,202,19,SUMMER,4,2025,186,0.003,0.96,0
FPS-0368,2025-04,WHEAT,200,19,SUMMER,4,2025,193,0.025,0.96,0
FPS-0369,2025-04,RICE,200,18,SUMMER,4,2025,195,-0.022,0.96,0
FPS-0369,2025-04,WHEAT,200,18,SUMMER,4,2025,199,-0.005,0.96,0
FPS-0370,2025-04,RICE,200,17,SUMMER,4,2025,197,0.03,0.96,0
FPS-0370,2025-04,WHEAT,200,17,SUMMER,4,2025,189,0.026,0.96,0
FPS-0371,2025-04,RICE,200,15,SUMMER,4,2025,205,0.019,0.96,0
FPS-0371,2025-04,WHEAT,200,15,SUMMER,4,2025,189,-0.025,0.96,0
FPS-0372,2025-04,RICE,200,9,SUMMER,4,2025,208,0.023,0.96,0
FPS-0372,2025-04,WHEAT,200,9,SUMMER,4,2025,201,0.065,0.96,0
FPS-0373,2025-04,RICE,215,20,SUMMER,4,2025,208,0.061,0.96,0
FPS-0373,2025-04,WHEAT,200,20,SUMMER,4,2025,206,-0.041,0.96,0
FPS-0374,2025-04,RICE,200,18,SUMMER,4,2025,209,0.062,0.96,0
FPS-0374,2025-04,WHEAT,200,18,SUMMER,4,2025,197,0.03,0.96,0
FPS-0375,2025-04,RICE,230,19,SUMMER,4,2025,219,0.019,0.96,0
FPS-0375,2025-04,WHEAT,200,19,SUMMER,4,2025,201,0.077,0.96,0
FPS-0376,2025-04,RICE,201,17,SUMMER,4,2025,195,0.011,0.96,0
FPS-0376,2025-04,WHEAT,140,17,SUMMER,4,2025,210,-0.038,0.96,1
FPS-0377,2025-04,RICE,200,16,SUMMER,4,2025,192,0.023,0.96,0
FPS-0377,2025-04,WHEAT,200,16,SUMMER,4,2025,189,-0.009,0.96,0
FPS-0378,2025-04,RICE,263,23,SUMMER,4,2025,244,-0.017,0.96,0
FPS-0378,2025-04,WHEAT,200,23,SUMMER,4,2025,209,0.022,0.96,0
FPS-0379,2025-04,RICE,140,13,SUMMER,4,2025,205,-0.02,0.96,1
FPS-0379,2025-04,WHEAT,200,13,SUMMER,4,2025,200,0.051,0.96,0
FPS-0380,2025-04,RICE,258,20,SUMMER,4,2025,244,0.047,0.96,0
FPS-0380,2025-04,WHEAT,200,20,SUMMER,4,2025,197,0.011,0.96,0
FPS-0381,2025-04,RICE,204,17,SUMMER,4,2025,215,0.044,0.96,0
FPS-0381,2025-04,WHEAT,200,17,SUMMER,4,2025,191,-0.029,0.96,0
FPS-0382,2025-04,RICE,200,9,SUMMER,4,2025,207,0.029,0.96,0
FPS-0382,2025-04,WHEAT,200,9,SUMMER,4,2025,185,0.079,0.96,0
FPS-0383,2025-04,RICE,200,11,SUMMER,4,2025,204,0.034,0.96,0
FPS-0383,2025-04,WHEAT,200,11,SUMMER,4,2025,185,-0.004,0.96,0
FPS-0384,2025-04,RICE,254,23,SUMMER,4,2025,245,-0.02,0.96,0
FPS-0384,2025-04,WHEAT,200,23,SUMMER,4,2025,204,-0.047,0.96,0
FPS-0385,2025-04,RICE,289,22,SUMMER,4,2025,296,0.017,0.96,0
FPS-0385,2025-04,WHEAT,209,22,SUMMER,4,2025,204,-0.001,0.96,0
FPS-0386,2025-04,RICE,140,18,SUMMER,4,2025,200,-0.007,0.96,1
FPS-0386,2025-04,WHEAT,200,18,SUMMER,4,2025,196,0.027,0.96,0
FPS-0387,2025-04,RICE,331,31,SUMMER,4,2025,331,-0.003,0.96,0
FPS-0387,2025-04,WHEAT,248,31,SUMMER,4,2025,237,0.033,0.96,0
FPS-0388,2025-04,RICE,200,11,SUMMER,4,2025,198,0.063,0.96,0
FPS-0388,2025-04,WHEAT,200,11,SUMMER,4,2025,200,0.076,0.96,0
FPS-0389,2025-04,RICE,140,17,SUMMER,4,2025,200,-0.028,0.96,1
FPS-0389,2025-04,WHEAT,200,17,SUMMER,4,2025,187,-0.018,0.96,0
FPS-0390,2025-04,RICE,221,21,SUMMER,4,2025,210,-0.017,0.96,0
FPS-0390,2025-04,WHEAT,200,21,SUMMER,4,2025,186,0.066,0.96,0
FPS-0391,2025-04,RICE,232,20,SUMMER,4,2025,232,0.017,0.96,0
FPS-0391,2025-04,WHEAT,200,20,SUMMER,4,2025,206,-0.032,0.96,0
FPS-0392,2025-04,RICE,200,17,SUMMER,4,2025,205,-0.018,0.96,0
FPS-0392,2025-04,WHEAT,200,17,SUMMER,4,2025,193,0.026,0.96,0
FPS-0393,2025-04,RICE,200,18,SUMMER,4,2025,206,0.031,0.96,0
FPS-0393,2025-04,WHEAT,200,18,SUMMER,4,2025,197,0.018,0.96,0
FPS-0394,2025-04,RICE,218,17,SUMMER,4,2025,225,-0.012,0.96,0
FPS-0394,2025-04,WHEAT,200,17,SUMMER,4,2025,193,0.012,0.96,0
FPS-0395,2025-04,RICE,200,14,SUMMER,4,2025,207,0.018,0.96,0
FPS-0395,2025-04,WHEAT,200,14,SUMMER,4,2025,201,-0.035,0.96,0
FPS-0396,2025-04,RICE,200,14,SUMMER,4,2025,209,0.017,0.96,0
FPS-0396,2025-04,WHEAT,200,14,SUMMER,4,2025,210,-0.005,0.96,0
FPS-0397,2025-04,RICE,200,13,SUMMER,4,2025,194,-0.02,0.96,0
FPS-0397,2025-04,WHEAT,200,13,SUMMER,4,2025,205,0.046,0.96,0
FPS-0398,2025-04,RICE,200,16,SUMMER,4,2025,185,0.024,0.96,0
FPS-0398,2025-04,WHEAT,200,16,SUMMER,4,2025,185,0.018,0.96,0
FPS-0399,2025-04,RICE,200,15,SUMMER,4,2025,196,0.029,0.96,0
FPS-0399,2025-04,WHEAT,200,15,SUMMER,4,2025,184,-0.022,0.96,0
FPS-0400,2025-04,RICE,246,22,SUMMER,4,2025,246,-0.018,0.96,0
FPS-0400,2025-04,WHEAT,200,22,SUMMER,4,2025,203,0.032,0.96,0
FPS-0401,2025-04,RICE,255,24,SUMMER,4,2025,265,0.028,0.96,0
FPS-0401,2025-04,WHEAT,200,24,SUMMER,4,2025,199,0.051,0.96,0
FPS-0402,2025-04,RICE,200,8,SUMMER,4,2025,210,0.05,0.96,0
FPS-0402,2025-04,WHEAT,200,8,SUMMER,4,2025,191,0.012,0.96,0
FPS-0403,2025-04,RICE,200,12,SUMMER,4,2025,207,0.018,0.96,0
FPS-0403,2025-04,WHEAT,200,12,SUMMER,4,2025,189,0.073,0.96,0
FPS-0404,2025-04,RICE,200,15,SUMMER,4,2025,193,-0.049,0.96,0
FPS-0404,2025-04,WHEAT,200,15,SUMMER,4,2025,210,0.01,0.96,0
FPS-0405,2025-04,RICE,200,14,SUMMER,4,2025,189,0.062,0.96,0
FPS-0405,2025-04,WHEAT,200,14,SUMMER,4,2025,200,-0.009,0.96,0
FPS-0406,2025-04,RICE,232,22,SUMMER,4,2025,223,-0.046,0.96,0
FPS-0406,2025-04,WHEAT,200,22,SUMMER,4,2025,211,-0.038,0.96,0
FPS-0407,2025-04,RICE,200,18,SUMMER,4,2025,195,-0.035,0.96,0
FPS-0407,2025-04,WHEAT,200,18,SUMMER,4,2025,206,0.018,0.96,0
FPS-0408,2025-04,RICE,200,12,SUMMER,4,2025,184,-0.025,0.96,0
FPS-0408,2025-04,WHEAT,200,12,SUMMER,4,2025,210,-0.002,0.96,0
FPS-0409,2025-04,RICE,200,17,SUMMER,4,2025,205,-0.007,0.96,0
FPS-0409,2025-04,WHEAT,200,17,SUMMER,4,2025,185,0.069,0.96,0
FPS-0410,2025-04,RICE,265,25,SUMMER,4,2025,248,-0.025,0.96,0
FPS-0410,2025-04,WHEAT,200,25,SUMMER,4,2025,200,0.015,0.96,0
FPS-0411,2025-04,RICE,200,15,SUMMER,4,2025,209,-0.036,0.96,0
FPS-0411,2025-04,WHEAT,200,15,SUMMER,4,2025,184,0.038,0.96,0
FPS-0412,2025-04,RICE,252,20,SUMMER,4,2025,256,0.067,0.96,0
FPS-0412,2025-04,WHEAT,200,20,SUMMER,4,2025,196,0.047,0.96,0
FPS-0413,2025-04,RICE,200,14,SUMMER,4,2025,187,0.036,0.96,0
FPS-0413,2025-04,WHEAT,140,14,SUMMER,4,2025,199,-0.025,0.96,1
FPS-0414,2025-04,RICE,264,22,SUMMER,4,2025,254,0.063,0.96,0
FPS-0414,2025-04,WHEAT,200,22,SUMMER,4,2025,184,0.08,0.96,0
FPS-0415,2025-04,RICE,212,17,SUMMER,4,2025,201,-0.007,0.96,0
FPS-0415,2025-04,WHEAT,200,17,SUMMER,4,2025,199,-0.002,0.96,0
FPS-0416,2025-04,RICE,200,12,SUMMER,4,2025,196,0.077,0.96,0
FPS-0416,2025-04,WHEAT,200,12,SUMMER,4,2025,188,0.065,0.96,0
FPS-0417,2025-04,RICE,200,11,SUMMER,4,2025,195,0.067,0.96,0
FPS-0417,2025-04,WHEAT,200,11,SUMMER,4,2025,185,0.061,0.96,0
FPS-0418,2025-04,RICE,254,21,SUMMER,4,2025,267,0.06,0.96,0
FPS-0418,2025-04,WHEAT,200,21,SUMMER,4,2025,192,0.016,0.96,0
FPS-0419,2025-04,RICE,295,22,SUMMER,4,2025,301,0.05,0.96,0
FPS-0419,2025-04,WHEAT,205,22,SUMMER,4,2025,210,0.066,0.96,0
FPS-0420,2025-04,RICE,242,21,SUMMER,4,2025,247,0.059,0.96,0
FPS-0420,2025-04,WHEAT,200,21,SUMMER,4,2025,187,0.033,0.96,0
FPS-0421,2025-04,RICE,246,21,SUMMER,4,2025,227,0.051,0.96,0
FPS-0421,2025-04,WHEAT,200,21,SUMMER,4,2025,190,0.022,0.96,0
FPS-0422,2025-04,RICE,200,16,SUMMER,4,2025,200,-0.005,0.96,0
FPS-0422,2025-04,WHEAT,200,16,SUMMER,4,2025,194,0.076,0.96,0
FPS-0423,2025-04,RICE,200,12,SUMMER,4,2025,188,0.014,0.96,0
FPS-0423,2025-04,WHEAT,200,12,SUMMER,4,2025,211,0.056,0.96,0
FPS-0424,2025-04,RICE,236,18,SUMMER,4,2025,243,0.063,0.96,0
FPS-0424,2025-04,WHEAT,200,18,SUMMER,4,2025,204,0.071,0.96,0
FPS-0425,2025-04,RICE,200,17,SUMMER,4,2025,204,0.039,0.96,0
FPS-0425,2025-04,WHEAT,200,17,SUMMER,4,2025,190,0.009,0.96,0
FPS-0426,2025-04,RICE,265,21,SUMMER,4,2025,271,0.059,0.96,0
FPS-0426,2025-04,WHEAT,200,21,SUMMER,4,2025,206,0.003,0.96,0
FPS-0427,2025-04,RICE,200,13,SUMMER,4,2025,208,0.001,0.96,0
FPS-0427,2025-04,WHEAT,200,13,SUMMER,4,2025,194,0.032,0.96,0
FPS-0428,2025-04,RICE,200,16,SUMMER,4,2025,186,-0.025,0.96,0
FPS-0428,2025-04,WHEAT,200,16,SUMMER,4,2025,198,-0.02,0.96,0
FPS-0429,2025-04,RICE,200,11,SUMMER,4,2025,197,-0.013,0.96,0
FPS-0429,2025-04,WHEAT,200,11,SUMMER,4,2025,197,-0.001,0.96,0
FPS-0430,2025-04,RICE,200,16,SUMMER,4,2025,194,0.034,0.96,0
FPS-0430,2025-04,WHEAT,200,16,SUMMER,4,2025,193,0.006,0.96,0
FPS-0431,2025-04,RICE,200,4,SUMMER,4,2025,204,0.024,0.96,0
FPS-0431,2025-04,WHEAT,200,4,SUMMER,4,2025,188,0.043,0.96,0
FPS-0432,2025-04,RICE,382,24,SUMMER,4,2025,394,0.08,0.96,0
FPS-0432,2025-04,WHEAT,251,24,SUMMER,4,2025,252,-0.026,0.96,0
FPS-0433,2025-04,RICE,200,10,SUMMER,4,2025,196,0.036,0.96,0
FPS-0433,2025-04,WHEAT,200,10,SUMMER,4,2025,198,0.074,0.96,0
FPS-0434,2025-04,RICE,271,25,SUMMER,4,2025,261,0.022,0.96,0
FPS-0434,2025-04,WHEAT,200,25,SUMMER,4,2025,200,-0.049,0.96,0
FPS-0435,2025-04,RICE,200,19,SUMMER,4,2025,192,-0.028,0.96,0
FPS-0435,2025-04,WHEAT,200,19,SUMMER,4,2025,199,-0.034,0.96,0
FPS-0436,2025-04,RICE,200,15,SUMMER,4,2025,191,0.061,0.96,0
FPS-0436,2025-04,WHEAT,200,15,SUMMER,4,2025,198,0.018,0.96,0
FPS-0437,2025-04,RICE,200,13,SUMMER,4,2025,210,-0.044,0.96,0
FPS-0437,2025-04,WHEAT,200,13,SUMMER,4,2025,197,0.023,0.96,0
FPS-0438,2025-04,RICE,200,16,SUMMER,4,2025,189,-0.01,0.96,0
FPS-0438,2025-04,WHEAT,200,16,SUMMER,4,2025,201,-0.017,0.96,0
FPS-0439,2025-04,RICE,254,19,SUMMER,4,2025,267,0.076,0.96,0
FPS-0439,2025-04,WHEAT,200,19,SUMMER,4,2025,205,0.019,0.96,0
FPS-0440,2025-04,RICE,200,17,SUMMER,4,2025,201,0.057,0.96,0
FPS-0440,2025-04,WHEAT,200,17,SUMMER,4,2025,205,0.026,0.96,0
FPS-0441,2025-04,RICE,287,22,SUMMER,4,2025,281,-0.033,0.96,0
FPS-0441,2025-04,WHEAT,212,22,SUMMER,4,2025,203,-0.011,0.96,0
FPS-0442,2025-04,RICE,200,14,SUMMER,4,2025,197,0.059,0.96,0
FPS-0442,2025-04,WHEAT,200,14,SUMMER,4,2025,196,0.079,0.96,0
FPS-0443,2025-04,RICE,200,15,SUMMER,4,2025,184,-0.032,0.96,0
FPS-0443,2025-04,WHEAT,200,15,SUMMER,4,2025,195,0.039,0.96,0
FPS-0444,2025-04,RICE,200,12,SUMMER,4,2025,211,-0.03,0.96,0
FPS-0444,2025-04,WHEAT,200,12,SUMMER,4,2025,206,0.018,0.96,0
FPS-0445,2025-04,RICE,200,12,SUMMER,4,2025,185,-0.011,0.96,0
FPS-0445,2025-04,WHEAT,200,12,SUMMER,4,2025,187,0.057,0.96,0
FPS-0446,2025-04,RICE,200,14,SUMMER,4,2025,204,0.06,0.96,0
FPS-0446,2025-04,WHEAT,200,14,SUMMER,4,2025,192,0.011,0.96,0
FPS-0447,2025-04,RICE,200,13,SUMMER,4,2025,200,-0.007,0.96,0
FPS-0447,2025-04,WHEAT,200,13,SUMMER,4,2025,185,-0.019,0.96,0
FPS-0448,2025-04,RICE,200,13,SUMMER,4,2025,205,-0.012,0.96,0
FPS-0448,2025-04,WHEAT,200,13,SUMMER,4,2025,187,0.033,0.96,0
FPS-0449,2025-04,RICE,200,15,SUMMER,4,2025,210,0.055,0.96,0
FPS-0449,2025-04,WHEAT,200,15,SUMMER,4,2025,197,0.029,0.96,0
FPS-0450,2025-04,RICE,200,14,SUMMER,4,2025,188,-0.029,0.96,0
FPS-0450,2025-04,WHEAT,200,14,SUMMER,4,2025,208,0.005,0.96,0
FPS-0451,2025-04,RICE,242,23,SUMMER,4,2025,246,-0.049,0.96,0
FPS-0451,2025-04,WHEAT,200,23,SUMMER,4,2025,192,-0.031,0.96,0
FPS-0452,2025-04,RICE,226,17,SUMMER,4,2025,219,0.031,0.96,0
FPS-0452,2025-04,WHEAT,200,17,SUMMER,4,2025,193,0.007,0.96,0
FPS-0453,2025-04,RICE,200,15,SUMMER,4,2025,193,-0.028,0.96,0
FPS-0453,2025-04,WHEAT,200,15,SUMMER,4,2025,190,0.067,0.96,0
FPS-0454,2025-04,RICE,202,20,SUMMER,4,2025,195,-0.018,0.96,0
FPS-0454,2025-04,WHEAT,200,20,SUMMER,4,2025,211,0.059,0.96,0
FPS-0455,2025-04,RICE,200,18,SUMMER,4,2025,189,-0.018,0.96,0
FPS-0455,2025-04,WHEAT,200,18,SUMMER,4,2025,207,-0.002,0.96,0
FPS-0456,2025-04,RICE,200,14,SUMMER,4,2025,202,0.054,0.96,0
FPS-0456,2025-04,WHEAT,200,14,SUMMER,4,2025,209,0.027,0.96,0
FPS-0457,2025-04,RICE,216,19,SUMMER,4,2025,221,-0.004,0.96,0
FPS-0457,2025-04,WHEAT,200,19,SUMMER,4,2025,204,-0.049,0.96,0
FPS-0458,2025-04,RICE,200,15,SUMMER,4,2025,189,0.047,0.96,0
FPS-0458,2025-04,WHEAT,200,15,SUMMER,4,2025,211,0.047,0.96,0
FPS-0459,2025-04,RICE,217,18,SUMMER,4,2025,199,0.065,0.96,0
FPS-0459,2025-04,WHEAT,200,18,SUMMER,4,2025,187,-0.01,0.96,0
FPS-0460,2025-04,RICE,200,14,SUMMER,4,2025,207,-0.011,0.96,0
FPS-0460,2025-04,WHEAT,200,14,SUMMER,4,2025,202,0.037,0.96,0
FPS-0461,2025-04,RICE,217,22,SUMMER,4,2025,218,-0.02,0.96,0
FPS-0461,2025-04,WHEAT,200,22,SUMMER,4,2025,188,0.056,0.96,0
FPS-0462,2025-04,RICE,200,12,SUMMER,4,2025,206,0.005,0.96,0
FPS-0462,2025-04,WHEAT,200,12,SUMMER,4,2025,186,-0.024,0.96,0
FPS-0463,2025-04,RICE,242,23,SUMMER,4,2025,237,-0.044,0.96,0
FPS-0463,2025-04,WHEAT,200,23,SUMMER,4,2025,190,0.014,0.96,0
FPS-0464,2025-04,RICE,200,16,SUMMER,4,2025,208,-0.02,0.96,0
FPS-0464,2025-04,WHEAT,200,16,SUMMER,4,2025,203,0.079,0.96,0
FPS-0465,2025-04,RICE,200,16,SUMMER,4,2025,187,0.048,0.96,0
FPS-0465,2025-04,WHEAT,200,16,SUMMER,4,2025,191,-0.0,0.96,0
FPS-0466,2025-04,RICE,200,15,SUMMER,4,2025,193,0.032,0.96,0
FPS-0466,2025-04,WHEAT,200,15,SUMMER,4,2025,186,0.016,0.96,0
FPS-0467,2025-04,RICE,200,9,SUMMER,4,2025,191,0.046,0.96,0
FPS-0467,2025-04,WHEAT,200,9,SUMMER,4,2025,189,-0.016,0.96,0
FPS-0468,2025-04,RICE,200,17,SUMMER,4,2025,211,-0.022,0.96,0
FPS-0468,2025-04,WHEAT,200,17,SUMMER,4,2025,186,0.074,0.96,0
FPS-0469,2025-04,RICE,200,12,SUMMER,4,2025,195,-0.032,0.96,0
FPS-0469,2025-04,WHEAT,200,12,SUMMER,4,2025,211,0.036,0.96,0
FPS-0470,2025-04,RICE,285,22,SUMMER,4,2025,273,-0.018,0.96,0
FPS-0470,2025-04,WHEAT,206,22,SUMMER,4,2025,196,-0.014,0.96,0
FPS-0471,2025-04,RICE,200,13,SUMMER,4,2025,202,-0.024,0.96,0
FPS-0471,2025-04,WHEAT,200,13,SUMMER,4,2025,200,0.062,0.96,0
FPS-0472,2025-04,RICE,244,20,SUMMER,4,2025,249,0.044,0.96,0
FPS-0472,2025-04,WHEAT,200,20,SUMMER,4,2025,207,0.07,0.96,0
FPS-0473,2025-04,RICE,200,17,SUMMER,4,2025,209,-0.05,0.96,0
FPS-0473,2025-04,WHEAT,200,17,SUMMER,4,2025,190,-0.024,0.96,0
FPS-0474,2025-04,RICE,200,17,SUMMER,4,2025,196,-0.026,0.96,0
FPS-0474,2025-04,WHEAT,200,17,SUMMER,4,2025,196,0.026,0.96,0
FPS-0475,2025-04,RICE,204,18,SUMMER,4,2025,215,-0.044,0.96,0
FPS-0475,2025-04,WHEAT,200,18,SUMMER,4,2025,208,0.07,0.96,0
FPS-0476,2025-04,RICE,200,14,SUMMER,4,2025,185,0.001,0.96,0
FPS-0476,2025-04,WHEAT,200,14,SUMMER,4,2025,191,0.05,0.96,0
FPS-0477,2025-04,RICE,221,21,SUMMER,4,2025,232,-0.03,0.96,0
FPS-0477,2025-04,WHEAT,200,21,SUMMER,4,2025,184,0.053,0.96,0
FPS-0478,2025-04,RICE,200,15,SUMMER,4,2025,211,0.02,0.96,0
FPS-0478,2025-04,WHEAT,200,15,SUMMER,4,2025,191,-0.043,0.96,0
FPS-0479,2025-04,RICE,218,17,SUMMER,4,2025,209,-0.042,0.96,0
FPS-0479,2025-04,WHEAT,200,17,SUMMER,4,2025,190,0.05,0.96,0
FPS-0480,2025-04,RICE,200,12,SUMMER,4,2025,192,-0.017,0.96,0
FPS-0480,2025-04,WHEAT,200,12,SUMMER,4,2025,199,0.026,0.96,0
FPS-0481,2025-04,RICE,200,17,SUMMER,4,2025,186,-0.046,0.96,0
FPS-0481,2025-04,WHEAT,200,17,SUMMER,4,2025,209,0.061,0.96,0
FPS-0482,2025-04,RICE,200,16,SUMMER,4,2025,195,0.036,0.96,0
FPS-0482,2025-04,WHEAT,200,16,SUMMER,4,2025,208,-0.015,0.96,0
FPS-0483,2025-04,RICE,200,10,SUMMER,4,2025,211,0.0,0.96,0
FPS-0483,2025-04,WHEAT,200,10,SUMMER,4,2025,207,-0.017,0.96,0
FPS-0484,2025-04,RICE,200,16,SUMMER,4,2025,189,0.021,0.96,0
FPS-0484,2025-04,WHEAT,200,16,SUMMER,4,2025,198,0.076,0.96,0
FPS-0485,2025-04,RICE,200,13,SUMMER,4,2025,201,-0.005,0.96,0
FPS-0485,2025-04,WHEAT,200,13,SUMMER,4,2025,195,0.064,0.96,0
FPS-0486,2025-04,RICE,222,21,SUMMER,4,2025,224,0.024,0.96,0
FPS-0486,2025-04,WHEAT,200,21,SUMMER,4,2025,209,-0.01,0.96,0
FPS-0487,2025-04,RICE,200,14,SUMMER,4,2025,184,-0.022,0.96,0
FPS-0487,2025-04,WHEAT,140,14,SUMMER,4,2025,200,0.022,0.96,1
FPS-0488,2025-04,RICE,200,11,SUMMER,4,2025,201,-0.025,0.96,0
FPS-0488,2025-04,WHEAT,200,11,SUMMER,4,2025,199,-0.025,0.96,0
FPS-0489,2025-04,RICE,213,20,SUMMER,4,2025,198,-0.012,0.96,0
FPS-0489,2025-04,WHEAT,200,20,SUMMER,4,2025,209,-0.03,0.96,0
FPS-0490,2025-04,RICE,212,16,SUMMER,4,2025,213,0.043,0.96,0
FPS-0490,2025-04,WHEAT,200,16,SUMMER,4,2025,206,-0.007,0.96,0
FPS-0491,2025-04,RICE,234,16,SUMMER,4,2025,215,0.041,0.96,0
FPS-0491,2025-04,WHEAT,200,16,SUMMER,4,2025,198,0.003,0.96,0
FPS-0492,2025-04,RICE,296,24,SUMMER,4,2025,292,0.034,0.96,0
FPS-0492,2025-04,WHEAT,219,24,SUMMER,4,2025,204,0.049,0.96,0
FPS-0493,2025-04,RICE,200,17,SUMMER,4,2025,198,-0.002,0.96,0
FPS-0493,2025-04,WHEAT,200,17,SUMMER,4,2025,204,0.004,0.96,0
FPS-0494,2025-04,RICE,200,11,SUMMER,4,2025,211,-0.003,0.96,0
FPS-0494,2025-04,WHEAT,200,11,SUMMER,4,2025,188,0.057,0.96,0
FPS-0495,2025-04,RICE,200,12,SUMMER,4,2025,211,-0.007,0.96,0
FPS-0495,2025-04,WHEAT,200,12,SUMMER,4,2025,201,0.031,0.96,0
FPS-0496,2025-04,RICE,200,15,SUMMER,4,2025,193,0.023,0.96,0
FPS-0496,2025-04,WHEAT,140,15,SUMMER,4,2025,198,-0.011,0.96,1
FPS-0497,2025-04,RICE,200,19,SUMMER,4,2025,205,0.017,0.96,0
FPS-0497,2025-04,WHEAT,200,19,SUMMER,4,2025,200,0.039,0.96,0
FPS-0498,2025-04,RICE,208,16,SUMMER,4,2025,210,-0.002,0.96,0
FPS-0498,2025-04,WHEAT,200,16,SUMMER,4,2025,209,0.001,0.96,0
FPS-0499,2025-04,RICE,283,20,SUMMER,4,2025,277,0.07,0.96,0
FPS-0499,2025-04,WHEAT,200,20,SUMMER,4,2025,200,0.05,0.96,0
FPS-0500,2025-04,RICE,200,15,SUMMER,4,2025,187,0.079,0.96,0
FPS-0500,2025-04,WHEAT,200,15,SUMMER,4,2025,206,0.066,0.96,0
FPS-0501,2025-04,RICE,200,17,SUMMER,4,2025,201,0.022,0.96,0
FPS-0501,2025-04,WHEAT,200,17,SUMMER,4,2025,189,-0.036,0.96,0
FPS-0502,2025-04,RICE,230,19,SUMMER,4,2025,234,-0.042,0.96,0
FPS-0502,2025-04,WHEAT,200,19,SUMMER,4,2025,184,0.041,0.96,0
FPS-0503,2025-04,RICE,222,19,SUMMER,4,2025,217,0.035,0.96,0
FPS-0503,2025-04,WHEAT,200,19,SUMMER,4,2025,208,-0.033,0.96,0
FPS-0504,2025-04,RICE,200,16,SUMMER,4,2025,203,-0.017,0.96,0
FPS-0504,2025-04,WHEAT,200,16,SUMMER,4,2025,201,0.078,0.96,0
FPS-0505,2025-04,RICE,200,17,SUMMER,4,2025,186,0.052,0.96,0
FPS-0505,2025-04,WHEAT,200,17,SUMMER,4,2025,210,0.036,0.96,0
FPS-0506,2025-04,RICE,200,14,SUMMER,4,2025,208,0.077,0.96,0
FPS-0506,2025-04,WHEAT,200,14,SUMMER,4,2025,185,-0.005,0.96,0
FPS-0507,2025-04,RICE,200,12,SUMMER,4,2025,211,0.045,0.96,0
FPS-0507,2025-04,WHEAT,200,12,SUMMER,4,2025,194,-0.022,0.96,0
FPS-0508,2025-04,RICE,245,22,SUMMER,4,2025,243,0.038,0.96,0
FPS-0508,2025-04,WHEAT,200,22,SUMMER,4,2025,184,0.026,0.96,0
FPS-0509,2025-04,RICE,200,16,SUMMER,4,2025,194,-0.047,0.96,0
FPS-0509,2025-04,WHEAT,200,16,SUMMER,4,2025,189,-0.036,0.96,0
FPS-0510,2025-04,RICE,200,13,SUMMER,4,2025,185,0.028,0.96,0
FPS-0510,2025-04,WHEAT,200,13,SUMMER,4,2025,194,-0.015,0.96,0
FPS-0511,2025-04,RICE,200,15,SUMMER,4,2025,186,0.032,0.96,0
FPS-0511,2025-04,WHEAT,200,15,SUMMER,4,2025,190,0.049,0.96,0
FPS-0512,2025-04,RICE,200,12,SUMMER,4,2025,210,0.028,0.96,0
FPS-0512,2025-04,WHEAT,200,12,SUMMER,4,2025,205,-0.008,0.96,0
FPS-0513,2025-04,RICE,200,17,SUMMER,4,2025,185,0.051,0.96,0
FPS-0513,2025-04,WHEAT,200,17,SUMMER,4,2025,185,-0.034,0.96,0
FPS-0514,2025-04,RICE,140,5,SUMMER,4,2025,202,-0.029,0.96,1
FPS-0514,2025-04,WHEAT,200,5,SUMMER,4,2025,205,-0.047,0.96,0
FPS-0515,2025-04,RICE,200,8,SUMMER,4,2025,207,-0.027,0.96,0
FPS-0515,2025-04,WHEAT,200,8,SUMMER,4,2025,184,0.009,0.96,0
FPS-0516,2025-04,RICE,200,11,SUMMER,4,2025,192,0.04,0.96,0
FPS-0516,2025-04,WHEAT,200,11,SUMMER,4,2025,209,0.058,0.96,0
FPS-0517,2025-04,RICE,200,16,SUMMER,4,2025,192,0.065,0.96,0
FPS-0517,2025-04,WHEAT,200,16,SUMMER,4,2025,208,0.067,0.96,0
FPS-0518,2025-04,RICE,200,16,SUMMER,4,2025,187,0.007,0.96,0
FPS-0518,2025-04,WHEAT,200,16,SUMMER,4,2025,198,-0.007,0.96,0
FPS-0519,2025-04,RICE,200,15,SUMMER,4,2025,192,-0.021,0.96,0
FPS-0519,2025-04,WHEAT,200,15,SUMMER,4,2025,200,0.027,0.96,0
FPS-0520,2025-04,RICE,200,15,SUMMER,4,2025,209,0.068,0.96,0
FPS-0520,2025-04,WHEAT,140,15,SUMMER,4,2025,193,0.018,0.96,1
FPS-0521,2025-04,RICE,232,23,SUMMER,4,2025,245,0.012,0.96,0
FPS-0521,2025-04,WHEAT,200,23,SUMMER,4,2025,190,0.037,0.96,0
FPS-0522,2025-04,RICE,248,20,SUMMER,4,2025,237,0.052,0.96,0
FPS-0522,2025-04,WHEAT,200,20,SUMMER,4,2025,197,0.074,0.96,0
FPS-0523,2025-04,RICE,214,18,SUMMER,4,2025,207,0.057,0.96,0
FPS-0523,2025-04,WHEAT,200,18,SUMMER,4,2025,198,-0.047,0.96,0
FPS-0524,2025-04,RICE,200,12,SUMMER,4,2025,187,0.07,0.96,0
FPS-0524,2025-04,WHEAT,200,12,SUMMER,4,2025,198,0.044,0.96,0
FPS-0525,2025-04,RICE,200,12,SUMMER,4,2025,198,-0.04,0.96,0
FPS-0525,2025-04,WHEAT,200,12,SUMMER,4,2025,188,0.003,0.96,0
FPS-0526,2025-04,RICE,200,16,SUMMER,4,2025,203,0.003,0.96,0
FPS-0526,2025-04,WHEAT,200,16,SUMMER,4,2025,203,0.023,0.96,0
FPS-0527,2025-04,RICE,200,17,SUMMER,4,2025,191,0.001,0.96,0
FPS-0527,2025-04,WHEAT,200,17,SUMMER,4,2025,196,0.052,0.96,0
FPS-0528,2025-04,RICE,200,17,SUMMER,4,2025,201,-0.028,0.96,0
FPS-0528,2025-04,WHEAT,200,17,SUMMER,4,2025,200,0.07,0.96,0
FPS-0529,2025-04,RICE,258,25,SUMMER,4,2025,238,-0.009,0.96,0
FPS-0529,2025-04,WHEAT,200,25,SUMMER,4,2025,210,0.045,0.96,0
FPS-0530,2025-04,RICE,207,17,SUMMER,4,2025,203,0.055,0.96,0
FPS-0530,2025-04,WHEAT,200,17,SUMMER,4,2025,186,0.033,0.96,0
FPS-0531,2025-04,RICE,200,19,SUMMER,4,2025,204,-0.038,0.96,0
FPS-0531,2025-04,WHEAT,200,19,SUMMER,4,2025,206,-0.028,0.96,0
FPS-0532,2025-04,RICE,200,14,SUMMER,4,2025,186,0.069,0.96,0
FPS-0532,2025-04,WHEAT,200,14,SUMMER,4,2025,198,0.003,0.96,0
FPS-0533,2025-04,RICE,212,20,SUMMER,4,2025,210,-0.002,0.96,0
FPS-0533,2025-04,WHEAT,200,20,SUMMER,4,2025,188,0.046,0.96,0
FPS-0534,2025-04,RICE,200,11,SUMMER,4,2025,209,-0.031,0.96,0
FPS-0534,2025-04,WHEAT,200,11,SUMMER,4,2025,203,-0.048,0.96,0
FPS-0535,2025-04,RICE,245,22,SUMMER,4,2025,230,0.026,0.96,0
FPS-0535,2025-04,WHEAT,200,22,SUMMER,4,2025,210,-0.034,0.96,0
FPS-0536,2025-04,RICE,200,15,SUMMER,4,2025,196,0.018,0.96,0
FPS-0536,2025-04,WHEAT,200,15,SUMMER,4,2025,184,0.04,0.96,0
FPS-0537,2025-04,RICE,200,11,SUMMER,4,2025,199,-0.003,0.96,0
FPS-0537,2025-04,WHEAT,200,11,SUMMER,4,2025,209,0.076,0.96,0
FPS-0538,2025-04,RICE,200,11,SUMMER,4,2025,200,0.046,0.96,0
FPS-0538,2025-04,WHEAT,200,11,SUMMER,4,2025,187,0.051,0.96,0
FPS-0539,2025-04,RICE,213,17,SUMMER,4,2025,224,0.021,0.96,0
FPS-0539,2025-04,WHEAT,200,17,SUMMER,4,2025,189,-0.041,0.96,0
FPS-0540,2025-04,RICE,200,8,SUMMER,4,2025,199,-0.013,0.96,0
FPS-0540,2025-04,WHEAT,200,8,SUMMER,4,2025,210,0.005,0.96,0
FPS-0541,2025-04,RICE,140,15,SUMMER,4,2025,208,-0.01,0.96,1
FPS-0541,2025-04,WHEAT,200,15,SUMMER,4,2025,204,0.036,0.96,0
FPS-0542,2025-04,RICE,200,13,SUMMER,4,2025,207,0.069,0.96,0
FPS-0542,2025-04,WHEAT,200,13,SUMMER,4,2025,211,-0.018,0.96,0
FPS-0543,2025-04,RICE,200,13,SUMMER,4,2025,193,0.065,0.96,0
FPS-0543,2025-04,WHEAT,200,13,SUMMER,4,2025,205,-0.032,0.96,0
FPS-0544,2025-04,RICE,200,19,SUMMER,4,2025,205,-0.04,0.96,0
FPS-0544,2025-04,WHEAT,200,19,SUMMER,4,2025,200,0.048,0.96,0
FPS-0545,2025-04,RICE,200,9,SUMMER,4,2025,209,-0.001,0.96,0
FPS-0545,2025-04,WHEAT,200,9,SUMMER,4,2025,210,-0.015,0.96,0
FPS-0546,2025-04,RICE,255,20,SUMMER,4,2025,249,-0.014,0.96,0
FPS-0546,2025-04,WHEAT,200,20,SUMMER,4,2025,187,0.004,0.96,0
FPS-0547,2025-04,RICE,200,11,SUMMER,4,2025,199,0.001,0.96,0
FPS-0547,2025-04,WHEAT,200,11,SUMMER,4,2025,202,-0.036,0.96,0
FPS-0548,2025-04,RICE,205,16,SUMMER,4,2025,195,0.069,0.96,0
FPS-0548,2025-04,WHEAT,200,16,SUMMER,4,2025,200,0.064,0.96,0
FPS-0549,2025-04,RICE,237,23,SUMMER,4,2025,225,-0.002,0.96,0
FPS-0549,2025-04,WHEAT,200,23,SUMMER,4,2025,206,0.02,0.96,0
FPS-0550,2025-04,RICE,200,10,SUMMER,4,2025,198,-0.026,0.96,0
FPS-0550,2025-04,WHEAT,200,10,SUMMER,4,2025,211,0.03,0.96,0
FPS-0551,2025-04,RICE,200,18,SUMMER,4,2025,207,-0.026,0.96,0
FPS-0551,2025-04,WHEAT,200,18,SUMMER,4,2025,211,0.076,0.96,0
FPS-0552,2025-04,RICE,200,13,SUMMER,4,2025,186,-0.013,0.96,0
FPS-0552,2025-04,WHEAT,200,13,SUMMER,4,2025,200,-0.001,0.96,0
FPS-0553,2025-04,RICE,272,23,SUMMER,4,2025,270,0.059,0.96,0
FPS-0553,2025-04,WHEAT,200,23,SUMMER,4,2025,195,-0.015,0.96,0
FPS-0554,2025-04,RICE,200,10,SUMMER,4,2025,209,0.078,0.96,0
FPS-0554,2025-04,WHEAT,200,10,SUMMER,4,2025,208,0.004,0.96,0
FPS-0555,2025-04,RICE,243,23,SUMMER,4,2025,225,-0.047,0.96,0
FPS-0555,2025-04,WHEAT,200,23,SUMMER,4,2025,209,0.011,0.96,0
FPS-0556,2025-04,RICE,244,20,SUMMER,4,2025,256,0.065,0.96,0
FPS-0556,2025-04,WHEAT,200,20,SUMMER,4,2025,198,-0.05,0.96,0
FPS-0557,2025-04,RICE,247,19,SUMMER,4,2025,236,0.07,0.96,0
FPS-0557,2025-04,WHEAT,200,19,SUMMER,4,2025,206,-0.013,0.96,0
FPS-0558,2025-04,RICE,259,21,SUMMER,4,2025,264,-0.048,0.96,0
FPS-0558,2025-04,WHEAT,213,21,SUMMER,4,2025,224,0.019,0.96,0
FPS-0559,2025-04,RICE,200,18,SUMMER,4,2025,196,0.043,0.96,0
FPS-0559,2025-04,WHEAT,200,18,SUMMER,4,2025,188,0.029,0.96,0
FPS-0560,2025-04,RICE,269,21,SUMMER,4,2025,282,0.053,0.96,0
FPS-0560,2025-04,WHEAT,200,21,SUMMER,4,2025,193,0.059,0.96,0
FPS-0561,2025-04,RICE,200,13,SUMMER,4,2025,200,0.002,0.96,0
FPS-0561,2025-04,WHEAT,140,13,SUMMER,4,2025,186,0.019,0.96,1
FPS-0562,2025-04,RICE,288,20,SUMMER,4,2025,288,0.042,0.96,0
FPS-0562,2025-04,WHEAT,200,20,SUMMER,4,2025,195,0.037,0.96,0
FPS-0563,2025-04,RICE,341,30,SUMMER,4,2025,324,0.028,0.96,0
FPS-0563,2025-04,WHEAT,262,30,SUMMER,4,2025,269,0.067,0.96,0
FPS-0564,2025-04,RICE,200,14,SUMMER,4,2025,202,0.056,0.96,0
FPS-0564,2025-04,WHEAT,200,14,SUMMER,4,2025,209,0.016,0.96,0
FPS-0565,2025-04,RICE,200,19,SUMMER,4,2025,189,-0.02,0.96,0
FPS-0565,2025-04,WHEAT,200,19,SUMMER,4,2025,201,-0.03,0.96,0
FPS-0566,2025-04,RICE,200,16,SUMMER,4,2025,211,-0.008,0.96,0
FPS-0566,2025-04,WHEAT,200,16,SUMMER,4,2025,203,0.041,0.96,0
FPS-0567,2025-04,RICE,200,12,SUMMER,4,2025,196,0.073,0.96,0
FPS-0567,2025-04,WHEAT,200,12,SUMMER,4,2025,185,-0.042,0.96,0
FPS-0568,2025-04,RICE,290,20,SUMMER,4,2025,298,0.073,0.96,0
FPS-0568,2025-04,WHEAT,200,20,SUMMER,4,2025,184,-0.038,0.96,0
FPS-0569,2025-04,RICE,259,22,SUMMER,4,2025,247,0.059,0.96,0
FPS-0569,2025-04,WHEAT,200,22,SUMMER,4,2025,191,-0.0,0.96,0
FPS-0570,2025-04,RICE,200,8,SUMMER,4,2025,203,-0.034,0.96,0
FPS-0570,2025-04,WHEAT,200,8,SUMMER,4,2025,185,0.0,0.96,0
FPS-0571,2025-04,RICE,200,16,SUMMER,4,2025,208,0.051,0.96,0
FPS-0571,2025-04,WHEAT,200,16,SUMMER,4,2025,189,0.067,0.96,0
FPS-0572,2025-04,RICE,265,22,SUMMER,4,2025,247,0.032,0.96,0
FPS-0572,2025-04,WHEAT,200,22,SUMMER,4,2025,200,0.048,0.96,0
FPS-0573,2025-04,RICE,200,13,SUMMER,4,2025,190,0.059,0.96,0
FPS-0573,2025-04,WHEAT,200,13,SUMMER,4,2025,205,-0.019,0.96,0
FPS-0574,2025-04,RICE,225,20,SUMMER,4,2025,230,-0.007,0.96,0
FPS-0574,2025-04,WHEAT,200,20,SUMMER,4,2025,201,-0.021,0.96,0
FPS-0575,2025-04,RICE,302,25,SUMMER,4,2025,285,0.073,0.96,0
FPS-0575,2025-04,WHEAT,229,25,SUMMER,4,2025,220,0.056,0.96,0
FPS-0576,2025-04,RICE,200,13,SUMMER,4,2025,193,0.047,0.96,0
FPS-0576,2025-04,WHEAT,200,13,SUMMER,4,2025,192,-0.016,0.96,0
FPS-0577,2025-04,RICE,200,15,SUMMER,4,2025,211,-0.049,0.96,0
FPS-0577,2025-04,WHEAT,200,15,SUMMER,4,2025,188,0.034,0.96,0
FPS-0578,2025-04,RICE,140,11,SUMMER,4,2025,197,0.012,0.96,1
FPS-0578,2025-04,WHEAT,200,11,SUMMER,4,2025,196,0.02,0.96,0
FPS-0579,2025-04,RICE,200,15,SUMMER,4,2025,207,0.056,0.96,0
FPS-0579,2025-04,WHEAT,200,15,SUMMER,4,2025,188,0.039,0.96,0
FPS-0580,2025-04,RICE,231,22,SUMMER,4,2025,213,0.027,0.96,0
FPS-0580,2025-04,WHEAT,200,22,SUMMER,4,2025,205,0.045,0.96,0
FPS-0581,2025-04,RICE,200,19,SUMMER,4,2025,197,-0.007,0.96,0
FPS-0581,2025-04,WHEAT,200,19,SUMMER,4,2025,195,-0.035,0.96,0
FPS-0582,2025-04,RICE,200,7,SUMMER,4,2025,195,0.05,0.96,0
FPS-0582,2025-04,WHEAT,200,7,SUMMER,4,2025,205,0.024,0.96,0
FPS-0583,2025-04,RICE,200,12,SUMMER,4,2025,184,0.074,0.96,0
FPS-0583,2025-04,WHEAT,200,12,SUMMER,4,2025,193,0.065,0.96,0
FPS-0584,2025-04,RICE,200,10,SUMMER,4,2025,209,-0.03,0.96,0
FPS-0584,2025-04,WHEAT,200,10,SUMMER,4,2025,211,0.015,0.96,0
FPS-0585,2025-04,RICE,200,15,SUMMER,4,2025,190,-0.047,0.96,0
FPS-0585,2025-04,WHEAT,200,15,SUMMER,4,2025,198,0.071,0.96,0
FPS-0586,2025-04,RICE,200,15,SUMMER,4,2025,190,0.078,0.96,0
FPS-0586,2025-04,WHEAT,200,15,SUMMER,4,2025,196,-0.013,0.96,0
FPS-0587,2025-04,RICE,202,17,SUMMER,4,2025,193,-0.023,0.96,0
FPS-0587,2025-04,WHEAT,200,17,SUMMER,4,2025,190,0.025,0.96,0
FPS-0588,2025-04,RICE,202,19,SUMMER,4,2025,209,0.01,0.96,0
FPS-0588,2025-04,WHEAT,200,19,SUMMER,4,2025,211,0.016,0.96,0
FPS-0589,2025-04,RICE,200,13,SUMMER,4,2025,203,-0.034,0.96,0
FPS-0589,2025-04,WHEAT,200,13,SUMMER,4,2025,210,0.023,0.96,0
FPS-0590,2025-04,RICE,140,14,SUMMER,4,2025,198,0.022,0.96,1
FPS-0590,2025-04,WHEAT,200,14,SUMMER,4,2025,189,0.062,0.96,0
FPS-0591,2025-04,RICE,200,15,SUMMER,4,2025,188,-0.019,0.96,0
FPS-0591,2025-04,WHEAT,200,15,SUMMER,4,2025,191,-0.017,0.96,0
FPS-0592,2025-04,RICE,219,18,SUMMER,4,2025,203,0.072,0.96,0
FPS-0592,2025-04,WHEAT,200,18,SUMMER,4,2025,207,0.035,0.96,0
FPS-0593,2025-04,RICE,285,27,SUMMER,4,2025,301,-0.037,0.96,0
FPS-0593,2025-04,WHEAT,213,27,SUMMER,4,2025,217,-0.038,0.96,0
FPS-0594,2025-04,RICE,206,16,SUMMER,4,2025,212,0.027,0.96,0
FPS-0594,2025-04,WHEAT,200,16,SUMMER,4,2025,186,0.045,0.96,0
FPS-0595,2025-04,RICE,200,15,SUMMER,4,2025,190,-0.016,0.96,0
FPS-0595,2025-04,WHEAT,200,15,SUMMER,4,2025,187,0.001,0.96,0
FPS-0596,2025-04,RICE,140,15,SUMMER,4,2025,202,0.072,0.96,1
FPS-0596,2025-04,WHEAT,200,15,SUMMER,4,2025,192,0.073,0.96,0
FPS-0597,2025-04,RICE,369,26,SUMMER,4,2025,375,-0.045,0.96,0
FPS-0597,2025-04,WHEAT,292,26,SUMMER,4,2025,272,0.055,0.96,0
FPS-0598,2025-04,RICE,266,16,SUMMER,4,2025,258,0.06,0.96,0
FPS-0598,2025-04,WHEAT,200,16,SUMMER,4,2025,200,0.008,0.96,0
FPS-0599,2025-04,RICE,200,15,SUMMER,4,2025,186,0.055,0.96,0
FPS-0599,2025-04,WHEAT,200,15,SUMMER,4,2025,193,0.001,0.96,0
FPS-0600,2025-04,RICE,200,13,SUMMER,4,2025,191,-0.016,0.96,0
FPS-0600,2025-04,WHEAT,200,13,SUMMER,4,2025,202,-0.031,0.96,0
FPS-0001,2025-05,RICE,288,22,SUMMER,5,2025,302,0.052,0.96,0
FPS-0001,2025-05,WHEAT,200,22,SUMMER,5,2025,201,-0.04,0.96,0
FPS-0002,2025-05,RICE,200,13,SUMMER,5,2025,199,-0.047,0.96,0
FPS-0002,2025-05,WHEAT,200,13,SUMMER,5,2025,207,-0.042,0.96,0
FPS-0003,2025-05,RICE,266,25,SUMMER,5,2025,268,-0.019,0.96,0
FPS-0003,2025-05,WHEAT,200,25,SUMMER,5,2025,198,-0.025,0.96,0
FPS-0004,2025-05,RICE,200,13,SUMMER,5,2025,202,0.067,0.96,0
FPS-0004,2025-05,WHEAT,200,13,SUMMER,5,2025,185,0.022,0.96,0
FPS-0005,2025-05,RICE,200,18,SUMMER,5,2025,196,-0.037,0.96,0
FPS-0005,2025-05,WHEAT,140,18,SUMMER,5,2025,187,0.029,0.96,1
FPS-0006,2025-05,RICE,297,20,SUMMER,5,2025,294,0.022,0.96,0
FPS-0006,2025-05,WHEAT,218,20,SUMMER,5,2025,229,0.039,0.96,0
FPS-0007,2025-05,RICE,200,11,SUMMER,5,2025,193,0.072,0.96,0
FPS-0007,2025-05,WHEAT,200,11,SUMMER,5,2025,211,-0.003,0.96,0
FPS-0008,2025-05,RICE,204,17,SUMMER,5,2025,212,0.021,0.96,0
FPS-0008,2025-05,WHEAT,200,17,SUMMER,5,2025,201,0.011,0.96,0
FPS-0009,2025-05,RICE,200,13,SUMMER,5,2025,192,-0.012,0.96,0
FPS-0009,2025-05,WHEAT,200,13,SUMMER,5,2025,209,0.01,0.96,0
FPS-0010,2025-05,RICE,237,17,SUMMER,5,2025,231,0.011,0.96,0
FPS-0010,2025-05,WHEAT,200,17,SUMMER,5,2025,185,0.041,0.96,0
FPS-0011,2025-05,RICE,200,14,SUMMER,5,2025,186,0.011,0.96,0
FPS-0011,2025-05,WHEAT,200,14,SUMMER,5,2025,204,0.037,0.96,0
FPS-0012,2025-05,RICE,233,20,SUMMER,5,2025,218,-0.037,0.96,0
FPS-0012,2025-05,WHEAT,200,20,SUMMER,5,2025,188,0.072,0.96,0
FPS-0013,2025-05,RICE,232,17,SUMMER,5,2025,233,0.045,0.96,0
FPS-0013,2025-05,WHEAT,200,17,SUMMER,5,2025,206,-0.023,0.96,0
FPS-0014,2025-05,RICE,200,11,SUMMER,5,2025,190,0.039,0.96,0
FPS-0014,2025-05,WHEAT,200,11,SUMMER,5,2025,205,0.056,0.96,0
FPS-0015,2025-05,RICE,200,14,SUMMER,5,2025,206,0.039,0.96,0
FPS-0015,2025-05,WHEAT,200,14,SUMMER,5,2025,199,0.058,0.96,0
FPS-0016,2025-05,RICE,217,20,SUMMER,5,2025,219,0.027,0.96,0
FPS-0016,2025-05,WHEAT,200,20,SUMMER,5,2025,204,0.014,0.96,0
FPS-0017,2025-05,RICE,200,15,SUMMER,5,2025,198,-0.004,0.96,0
FPS-0017,2025-05,WHEAT,200,15,SUMMER,5,2025,186,0.018,0.96,0
FPS-0018,2025-05,RICE,302,24,SUMMER,5,2025,280,0.067,0.96,0
FPS-0018,2025-05,WHEAT,213,24,SUMMER,5,2025,224,0.068,0.96,0
FPS-0019,2025-05,RICE,245,18,SUMMER,5,2025,253,0.065,0.96,0
FPS-0019,2025-05,WHEAT,200,18,SUMMER,5,2025,205,-0.027,0.96,0
FPS-0020,2025-05,RICE,200,15,SUMMER,5,2025,203,-0.014,0.96,0
FPS-0020,2025-05,WHEAT,200,15,SUMMER,5,2025,191,0.038,0.96,0
FPS-0021,2025-05,RICE,299,26,SUMMER,5,2025,285,-0.035,0.96,0
FPS-0021,2025-05,WHEAT,232,26,SUMMER,5,2025,239,0.01,0.96,0
FPS-0022,2025-05,RICE,200,15,SUMMER,5,2025,198,-0.042,0.96,0
FPS-0022,2025-05,WHEAT,200,15,SUMMER,5,2025,200,0.009,0.96,0
FPS-0023,2025-05,RICE,200,16,SUMMER,5,2025,211,0.01,0.96,0
FPS-0023,2025-05,WHEAT,200,16,SUMMER,5,2025,204,-0.007,0.96,0
FPS-0024,2025-05,RICE,200,18,SUMMER,5,2025,211,0.001,0.96,0
FPS-0024,2025-05,WHEAT,200,18,SUMMER,5,2025,204,0.078,0.96,0
FPS-0025,2025-05,RICE,253,19,SUMMER,5,2025,243,-0.024,0.96,0
FPS-0025,2025-05,WHEAT,200,19,SUMMER,5,2025,188,-0.047,0.96,0
FPS-0026,2025-05,RICE,200,16,SUMMER,5,2025,198,-0.021,0.96,0
FPS-0026,2025-05,WHEAT,200,16,SUMMER,5,2025,187,0.016,0.96,0
FPS-0027,2025-05,RICE,200,15,SUMMER,5,2025,189,-0.005,0.96,0
FPS-0027,2025-05,WHEAT,200,15,SUMMER,5,2025,206,-0.023,0.96,0
FPS-0028,2025-05,RICE,200,12,SUMMER,5,2025,209,0.079,0.96,0
FPS-0028,2025-05,WHEAT,200,12,SUMMER,5,2025,205,0.077,0.96,0
FPS-0029,2025-05,RICE,258,21,SUMMER,5,2025,255,0.055,0.96,0
FPS-0029,2025-05,WHEAT,200,21,SUMMER,5,2025,202,0.064,0.96,0
FPS-0030,2025-05,RICE,200,10,SUMMER,5,2025,199,0.021,0.96,0
FPS-0030,2025-05,WHEAT,200,10,SUMMER,5,2025,189,0.028,0.96,0
FPS-0031,2025-05,RICE,200,13,SUMMER,5,2025,207,-0.044,0.96,0
FPS-0031,2025-05,WHEAT,200,13,SUMMER,5,2025,185,-0.013,0.96,0
FPS-0032,2025-05,RICE,201,17,SUMMER,5,2025,211,0.011,0.96,0
FPS-0032,2025-05,WHEAT,200,17,SUMMER,5,2025,192,-0.044,0.96,0
FPS-0033,2025-05,RICE,211,14,SUMMER,5,2025,219,-0.039,0.96,0
FPS-0033,2025-05,WHEAT,200,14,SUMMER,5,2025,211,0.031,0.96,0
FPS-0034,2025-05,RICE,223,18,SUMMER,5,2025,233,0.034,0.96,0
FPS-0034,2025-05,WHEAT,200,18,SUMMER,5,2025,205,-0.015,0.96,0
FPS-0035,2025-05,RICE,232,18,SUMMER,5,2025,231,0.012,0.96,0
FPS-0035,2025-05,WHEAT,200,18,SUMMER,5,2025,205,0.02,0.96,0
FPS-0036,2025-05,RICE,258,23,SUMMER,5,2025,256,0.075,0.96,0
FPS-0036,2025-05,WHEAT,200,23,SUMMER,5,2025,206,0.045,0.96,0
FPS-0037,2025-05,RICE,230,20,SUMMER,5,2025,227,-0.036,0.96,0
FPS-0037,2025-05,WHEAT,200,20,SUMMER,5,2025,208,0.032,0.96,0
FPS-0038,2025-05,RICE,246,20,SUMMER,5,2025,260,0.02,0.96,0
FPS-0038,2025-05,WHEAT,200,20,SUMMER,5,2025,205,0.033,0.96,0
FPS-0039,2025-05,RICE,223,20,SUMMER,5,2025,220,0.022,0.96,0
FPS-0039,2025-05,WHEAT,200,20,SUMMER,5,2025,197,0.053,0.96,0
FPS-0040,2025-05,RICE,200,12,SUMMER,5,2025,199,0.036,0.96,0
FPS-0040,2025-05,WHEAT,200,12,SUMMER,5,2025,196,-0.02,0.96,0
FPS-0041,2025-05,RICE,200,13,SUMMER,5,2025,207,-0.017,0.96,0
FPS-0041,2025-05,WHEAT,200,13,SUMMER,5,2025,200,-0.017,0.96,0
FPS-0042,2025-05,RICE,205,18,SUMMER,5,2025,192,0.055,0.96,0
FPS-0042,2025-05,WHEAT,200,18,SUMMER,5,2025,211,0.052,0.96,0
FPS-0043,2025-05,RICE,200,17,SUMMER,5,2025,210,-0.011,0.96,0
FPS-0043,2025-05,WHEAT,200,17,SUMMER,5,2025,196,0.051,0.96,0
FPS-0044,2025-05,RICE,200,15,SUMMER,5,2025,198,-0.027,0.96,0
FPS-0044,2025-05,WHEAT,200,15,SUMMER,5,2025,195,0.035,0.96,0
FPS-0045,2025-05,RICE,242,21,SUMMER,5,2025,247,0.063,0.96,0
FPS-0045,2025-05,WHEAT,200,21,SUMMER,5,2025,191,0.035,0.96,0
FPS-0046,2025-05,RICE,200,13,SUMMER,5,2025,197,0.013,0.96,0
FPS-0046,2025-05,WHEAT,200,13,SUMMER,5,2025,207,0.045,0.96,0
FPS-0047,2025-05,RICE,263,21,SUMMER,5,2025,242,0.055,0.96,0
FPS-0047,2025-05,WHEAT,200,21,SUMMER,5,2025,198,0.07,0.96,0
FPS-0048,2025-05,RICE,200,12,SUMMER,5,2025,195,0.019,0.96,0
FPS-0048,2025-05,WHEAT,200,12,SUMMER,5,2025,211,-0.022,0.96,0
FPS-0049,2025-05,RICE,216,17,SUMMER,5,2025,210,0.061,0.96,0
FPS-0049,2025-05,WHEAT,200,17,SUMMER,5,2025,188,0.024,0.96,0
FPS-0050,2025-05,RICE,216,23,SUMMER,5,2025,292,0.079,0.96,1
FPS-0050,2025-05,WHEAT,224,23,SUMMER,5,2025,215,0.066,0.96,0
FPS-0051,2025-05,RICE,227,19,SUMMER,5,2025,235,0.038,0.96,0
FPS-0051,2025-05,WHEAT,200,19,SUMMER,5,2025,195,-0.013,0.96,0
FPS-0052,2025-05,RICE,235,19,SUMMER,5,2025,242,-0.009,0.96,0
FPS-0052,2025-05,WHEAT,200,19,SUMMER,5,2025,203,0.019,0.96,0
FPS-0053,2025-05,RICE,200,17,SUMMER,5,2025,206,0.04,0.96,0
FPS-0053,2025-05,WHEAT,200,17,SUMMER,5,2025,187,0.032,0.96,0
FPS-0054,2025-05,RICE,200,14,SUMMER,5,2025,198,0.031,0.96,0
FPS-0054,2025-05,WHEAT,200,14,SUMMER,5,2025,207,0.005,0.96,0
FPS-0055,2025-05,RICE,225,20,SUMMER,5,2025,222,-0.049,0.96,0
FPS-0055,2025-05,WHEAT,200,20,SUMMER,5,2025,196,0.039,0.96,0
FPS-0056,2025-05,RICE,212,19,SUMMER,5,2025,205,0.072,0.96,0
FPS-0056,2025-05,WHEAT,200,19,SUMMER,5,2025,206,0.024,0.96,0
FPS-0057,2025-05,RICE,221,18,SUMMER,5,2025,219,0.012,0.96,0
FPS-0057,2025-05,WHEAT,200,18,SUMMER,5,2025,199,0.03,0.96,0
FPS-0058,2025-05,RICE,226,19,SUMMER,5,2025,223,0.025,0.96,0
FPS-0058,2025-05,WHEAT,200,19,SUMMER,5,2025,189,0.041,0.96,0
FPS-0059,2025-05,RICE,219,17,SUMMER,5,2025,222,0.061,0.96,0
FPS-0059,2025-05,WHEAT,200,17,SUMMER,5,2025,188,-0.022,0.96,0
FPS-0060,2025-05,RICE,216,22,SUMMER,5,2025,221,-0.018,0.96,0
FPS-0060,2025-05,WHEAT,200,22,SUMMER,5,2025,199,-0.026,0.96,0
FPS-0061,2025-05,RICE,200,15,SUMMER,5,2025,195,-0.018,0.96,0
FPS-0061,2025-05,WHEAT,200,15,SUMMER,5,2025,185,-0.007,0.96,0
FPS-0062,2025-05,RICE,200,12,SUMMER,5,2025,188,-0.039,0.96,0
FPS-0062,2025-05,WHEAT,200,12,SUMMER,5,2025,199,-0.006,0.96,0
FPS-0063,2025-05,RICE,248,20,SUMMER,5,2025,232,0.009,0.96,0
FPS-0063,2025-05,WHEAT,200,20,SUMMER,5,2025,201,0.067,0.96,0
FPS-0064,2025-05,RICE,200,15,SUMMER,5,2025,203,-0.02,0.96,0
FPS-0064,2025-05,WHEAT,200,15,SUMMER,5,2025,209,0.048,0.96,0
FPS-0065,2025-05,RICE,200,16,SUMMER,5,2025,206,0.028,0.96,0
FPS-0065,2025-05,WHEAT,200,16,SUMMER,5,2025,211,-0.015,0.96,0
FPS-0066,2025-05,RICE,201,17,SUMMER,5,2025,188,0.032,0.96,0
FPS-0066,2025-05,WHEAT,200,17,SUMMER,5,2025,200,0.031,0.96,0
FPS-0067,2025-05,RICE,200,13,SUMMER,5,2025,205,0.046,0.96,0
FPS-0067,2025-05,WHEAT,200,13,SUMMER,5,2025,186,-0.024,0.96,0
FPS-0068,2025-05,RICE,140,20,SUMMER,5,2025,193,0.007,0.96,1
FPS-0068,2025-05,WHEAT,200,20,SUMMER,5,2025,187,0.005,0.96,0
FPS-0069,2025-05,RICE,200,16,SUMMER,5,2025,192,0.028,0.96,0
FPS-0069,2025-05,WHEAT,200,16,SUMMER,5,2025,189,-0.018,0.96,0
FPS-0070,2025-05,RICE,200,16,SUMMER,5,2025,193,0.032,0.96,0
FPS-0070,2025-05,WHEAT,200,16,SUMMER,5,2025,204,0.06,0.96,0
FPS-0071,2025-05,RICE,200,15,SUMMER,5,2025,187,-0.02,0.96,0
FPS-0071,2025-05,WHEAT,140,15,SUMMER,5,2025,207,0.014,0.96,1
FPS-0072,2025-05,RICE,275,22,SUMMER,5,2025,289,0.041,0.96,0
FPS-0072,2025-05,WHEAT,200,22,SUMMER,5,2025,198,-0.042,0.96,0
FPS-0073,2025-05,RICE,262,21,SUMMER,5,2025,257,0.05,0.96,0
FPS-0073,2025-05,WHEAT,200,21,SUMMER,5,2025,189,0.015,0.96,0
FPS-0074,2025-05,RICE,200,11,SUMMER,5,2025,197,-0.018,0.96,0
FPS-0074,2025-05,WHEAT,200,11,SUMMER,5,2025,205,-0.048,0.96,0
FPS-0075,2025-05,RICE,155,21,SUMMER,5,2025,209,-0.049,0.96,1
FPS-0075,2025-05,WHEAT,200,21,SUMMER,5,2025,204,-0.047,0.96,0
FPS-0076,2025-05,RICE,262,19,SUMMER,5,2025,256,-0.022,0.96,0
FPS-0076,2025-05,WHEAT,200,19,SUMMER,5,2025,188,-0.039,0.96,0
FPS-0077,2025-05,RICE,200,15,SUMMER,5,2025,187,0.073,0.96,0
FPS-0077,2025-05,WHEAT,200,15,SUMMER,5,2025,203,0.037,0.96,0
FPS-0078,2025-05,RICE,219,20,SUMMER,5,2025,230,0.021,0.96,0
FPS-0078,2025-05,WHEAT,200,20,SUMMER,5,2025,209,0.032,0.96,0
FPS-0079,2025-05,RICE,200,11,SUMMER,5,2025,199,-0.049,0.96,0
FPS-0079,2025-05,WHEAT,200,11,SUMMER,5,2025,211,-0.032,0.96,0
FPS-0080,2025-05,RICE,200,15,SUMMER,5,2025,204,-0.004,0.96,0
FPS-0080,2025-05,WHEAT,200,15,SUMMER,5,2025,185,-0.025,0.96,0
FPS-0081,2025-05,RICE,231,21,SUMMER,5,2025,228,0.017,0.96,0
FPS-0081,2025-05,WHEAT,200,21,SUMMER,5,2025,189,0.077,0.96,0
FPS-0082,2025-05,RICE,241,22,SUMMER,5,2025,244,0.069,0.96,0
FPS-0082,2025-05,WHEAT,200,22,SUMMER,5,2025,185,-0.016,0.96,0
FPS-0083,2025-05,RICE,222,18,SUMMER,5,2025,223,-0.042,0.96,0
FPS-0083,2025-05,WHEAT,200,18,SUMMER,5,2025,197,0.035,0.96,0
FPS-0084,2025-05,RICE,283,20,SUMMER,5,2025,269,0.061,0.96,0
FPS-0084,2025-05,WHEAT,200,20,SUMMER,5,2025,191,-0.035,0.96,0
FPS-0085,2025-05,RICE,200,14,SUMMER,5,2025,187,-0.015,0.96,0
FPS-0085,2025-05,WHEAT,200,14,SUMMER,5,2025,203,0.076,0.96,0
FPS-0086,2025-05,RICE,200,14,SUMMER,5,2025,205,-0.034,0.96,0
FPS-0086,2025-05,WHEAT,200,14,SUMMER,5,2025,207,0.031,0.96,0
FPS-0087,2025-05,RICE,200,13,SUMMER,5,2025,199,-0.018,0.96,0
FPS-0087,2025-05,WHEAT,200,13,SUMMER,5,2025,205,-0.021,0.96,0
FPS-0088,2025-05,RICE,200,15,SUMMER,5,2025,205,-0.013,0.96,0
FPS-0088,2025-05,WHEAT,200,15,SUMMER,5,2025,184,0.065,0.96,0
FPS-0089,2025-05,RICE,227,18,SUMMER,5,2025,220,0.058,0.96,0
FPS-0089,2025-05,WHEAT,200,18,SUMMER,5,2025,206,-0.038,0.96,0
FPS-0090,2025-05,RICE,200,15,SUMMER,5,2025,211,0.046,0.96,0
FPS-0090,2025-05,WHEAT,200,15,SUMMER,5,2025,204,0.003,0.96,0
FPS-0091,2025-05,RICE,200,18,SUMMER,5,2025,203,0.061,0.96,0
FPS-0091,2025-05,WHEAT,200,18,SUMMER,5,2025,189,-0.048,0.96,0
FPS-0092,2025-05,RICE,279,21,SUMMER,5,2025,276,0.053,0.96,0
FPS-0092,2025-05,WHEAT,201,21,SUMMER,5,2025,202,0.057,0.96,0
FPS-0093,2025-05,RICE,246,24,SUMMER,5,2025,241,-0.035,0.96,0
FPS-0093,2025-05,WHEAT,204,24,SUMMER,5,2025,213,0.041,0.96,0
FPS-0094,2025-05,RICE,265,19,SUMMER,5,2025,248,0.067,0.96,0
FPS-0094,2025-05,WHEAT,200,19,SUMMER,5,2025,186,0.027,0.96,0
FPS-0095,2025-05,RICE,266,26,SUMMER,5,2025,279,-0.034,0.96,0
FPS-0095,2025-05,WHEAT,207,26,SUMMER,5,2025,217,0.077,0.96,0
FPS-0096,2025-05,RICE,200,13,SUMMER,5,2025,204,-0.026,0.96,0
FPS-0096,2025-05,WHEAT,200,13,SUMMER,5,2025,187,0.08,0.96,0
FPS-0097,2025-05,RICE,253,20,SUMMER,5,2025,263,-0.011,0.96,0
FPS-0097,2025-05,WHEAT,201,20,SUMMER,5,2025,208,0.066,0.96,0
FPS-0098,2025-05,RICE,268,20,SUMMER,5,2025,248,0.049,0.96,0
FPS-0098,2025-05,WHEAT,204,20,SUMMER,5,2025,204,0.067,0.96,0
FPS-0099,2025-05,RICE,200,16,SUMMER,5,2025,193,-0.018,0.96,0
FPS-0099,2025-05,WHEAT,200,16,SUMMER,5,2025,211,-0.04,0.96,0
FPS-0100,2025-05,RICE,200,12,SUMMER,5,2025,192,0.003,0.96,0
FPS-0100,2025-05,WHEAT,200,12,SUMMER,5,2025,207,0.017,0.96,0
FPS-0101,2025-05,RICE,302,19,SUMMER,5,2025,317,0.057,0.96,0
FPS-0101,2025-05,WHEAT,203,19,SUMMER,5,2025,203,0.045,0.96,0
FPS-0102,2025-05,RICE,200,15,SUMMER,5,2025,192,0.063,0.96,0
FPS-0102,2025-05,WHEAT,200,15,SUMMER,5,2025,202,0.076,0.96,0
FPS-0103,2025-05,RICE,327,23,SUMMER,5,2025,335,0.079,0.96,0
FPS-0103,2025-05,WHEAT,216,23,SUMMER,5,2025,206,0.017,0.96,0
FPS-0104,2025-05,RICE,200,14,SUMMER,5,2025,195,-0.026,0.96,0
FPS-0104,2025-05,WHEAT,200,14,SUMMER,5,2025,207,0.056,0.96,0
FPS-0105,2025-05,RICE,284,23,SUMMER,5,2025,288,0.015,0.96,0
FPS-0105,2025-05,WHEAT,223,23,SUMMER,5,2025,224,0.031,0.96,0
FPS-0106,2025-05,RICE,200,14,SUMMER,5,2025,211,0.037,0.96,0
FPS-0106,2025-05,WHEAT,200,14,SUMMER,5,2025,198,0.04,0.96,0
FPS-0107,2025-05,RICE,200,18,SUMMER,5,2025,198,0.077,0.96,0
FPS-0107,2025-05,WHEAT,200,18,SUMMER,5,2025,207,-0.046,0.96,0
FPS-0108,2025-05,RICE,200,10,SUMMER,5,2025,202,-0.049,0.96,0
FPS-0108,2025-05,WHEAT,200,10,SUMMER,5,2025,206,-0.011,0.96,0
FPS-0109,2025-05,RICE,200,14,SUMMER,5,2025,191,0.002,0.96,0
FPS-0109,2025-05,WHEAT,200,14,SUMMER,5,2025,188,0.079,0.96,0
FPS-0110,2025-05,RICE,200,17,SUMMER,5,2025,198,-0.0,0.96,0
FPS-0110,2025-05,WHEAT,200,17,SUMMER,5,2025,194,0.06,0.96,0
FPS-0111,2025-05,RICE,140,13,SUMMER,5,2025,201,-0.032,0.96,1
FPS-0111,2025-05,WHEAT,200,13,SUMMER,5,2025,186,0.002,0.96,0
FPS-0112,2025-05,RICE,200,14,SUMMER,5,2025,205,0.036,0.96,0
FPS-0112,2025-05,WHEAT,200,14,SUMMER,5,2025,200,0.052,0.96,0
FPS-0113,2025-05,RICE,200,8,SUMMER,5,2025,189,0.044,0.96,0
FPS-0113,2025-05,WHEAT,200,8,SUMMER,5,2025,211,0.016,0.96,0
FPS-0114,2025-05,RICE,200,15,SUMMER,5,2025,190,0.057,0.96,0
FPS-0114,2025-05,WHEAT,200,15,SUMMER,5,2025,211,0.059,0.96,0
FPS-0115,2025-05,RICE,200,13,SUMMER,5,2025,202,0.06,0.96,0
FPS-0115,2025-05,WHEAT,200,13,SUMMER,5,2025,194,0.075,0.96,0
FPS-0116,2025-05,RICE,200,9,SUMMER,5,2025,193,0.022,0.96,0
FPS-0116,2025-05,WHEAT,200,9,SUMMER,5,2025,209,0.024,0.96,0
FPS-0117,2025-05,RICE,200,17,SUMMER,5,2025,188,0.077,0.96,0
FPS-0117,2025-05,WHEAT,200,17,SUMMER,5,2025,186,0.024,0.96,0
FPS-0118,2025-05,RICE,202,19,SUMMER,5,2025,195,0.065,0.96,0
FPS-0118,2025-05,WHEAT,200,19,SUMMER,5,2025,202,0.062,0.96,0
FPS-0119,2025-05,RICE,200,15,SUMMER,5,2025,186,-0.049,0.96,0
FPS-0119,2025-05,WHEAT,140,15,SUMMER,5,2025,209,0.013,0.96,1
FPS-0120,2025-05,RICE,200,16,SUMMER,5,2025,192,0.059,0.96,0
FPS-0120,2025-05,WHEAT,200,16,SUMMER,5,2025,209,-0.018,0.96,0
FPS-0121,2025-05,RICE,200,15,SUMMER,5,2025,197,0.023,0.96,0
FPS-0121,2025-05,WHEAT,200,15,SUMMER,5,2025,191,0.058,0.96,0
FPS-0122,2025-05,RICE,200,14,SUMMER,5,2025,202,0.078,0.96,0
FPS-0122,2025-05,WHEAT,200,14,SUMMER,5,2025,189,-0.0,0.96,0
FPS-0123,2025-05,RICE,200,14,SUMMER,5,2025,199,0.042,0.96,0
FPS-0123,2025-05,WHEAT,200,14,SUMMER,5,2025,193,-0.027,0.96,0
FPS-0124,2025-05,RICE,285,21,SUMMER,5,2025,295,0.076,0.96,0
FPS-0124,2025-05,WHEAT,202,21,SUMMER,5,2025,193,0.037,0.96,0
FPS-0125,2025-05,RICE,200,14,SUMMER,5,2025,198,0.006,0.96,0
FPS-0125,2025-05,WHEAT,200,14,SUMMER,5,2025,199,0.046,0.96,0
FPS-0126,2025-05,RICE,200,13,SUMMER,5,2025,201,-0.004,0.96,0
FPS-0126,2025-05,WHEAT,200,13,SUMMER,5,2025,190,0.008,0.96,0
FPS-0127,2025-05,RICE,200,11,SUMMER,5,2025,198,0.08,0.96,0
FPS-0127,2025-05,WHEAT,200,11,SUMMER,5,2025,200,0.053,0.96,0
FPS-0128,2025-05,RICE,200,12,SUMMER,5,2025,185,-0.041,0.96,0
FPS-0128,2025-05,WHEAT,200,12,SUMMER,5,2025,187,-0.043,0.96,0
FPS-0129,2025-05,RICE,200,17,SUMMER,5,2025,189,-0.001,0.96,0
FPS-0129,2025-05,WHEAT,200,17,SUMMER,5,2025,186,-0.009,0.96,0
FPS-0130,2025-05,RICE,200,16,SUMMER,5,2025,210,0.079,0.96,0
FPS-0130,2025-05,WHEAT,200,16,SUMMER,5,2025,206,-0.043,0.96,0
FPS-0131,2025-05,RICE,200,15,SUMMER,5,2025,203,0.059,0.96,0
FPS-0131,2025-05,WHEAT,200,15,SUMMER,5,2025,204,0.026,0.96,0
FPS-0132,2025-05,RICE,260,23,SUMMER,5,2025,246,-0.043,0.96,0
FPS-0132,2025-05,WHEAT,200,23,SUMMER,5,2025,206,-0.038,0.96,0
FPS-0133,2025-05,RICE,200,13,SUMMER,5,2025,208,0.034,0.96,0
FPS-0133,2025-05,WHEAT,200,13,SUMMER,5,2025,184,0.076,0.96,0
FPS-0134,2025-05,RICE,200,16,SUMMER,5,2025,203,0.048,0.96,0
FPS-0134,2025-05,WHEAT,200,16,SUMMER,5,2025,198,-0.022,0.96,0
FPS-0135,2025-05,RICE,200,15,SUMMER,5,2025,186,0.009,0.96,0
FPS-0135,2025-05,WHEAT,200,15,SUMMER,5,2025,199,-0.011,0.96,0
FPS-0136,2025-05,RICE,208,16,SUMMER,5,2025,215,0.022,0.96,0
FPS-0136,2025-05,WHEAT,200,16,SUMMER,5,2025,206,0.076,0.96,0
FPS-0137,2025-05,RICE,200,15,SUMMER,5,2025,203,0.034,0.96,0
FPS-0137,2025-05,WHEAT,200,15,SUMMER,5,2025,205,-0.043,0.96,0
FPS-0138,2025-05,RICE,248,23,SUMMER,5,2025,242,-0.046,0.96,0
FPS-0138,2025-05,WHEAT,200,23,SUMMER,5,2025,197,-0.038,0.96,0
FPS-0139,2025-05,RICE,204,17,SUMMER,5,2025,204,0.029,0.96,0
FPS-0139,2025-05,WHEAT,200,17,SUMMER,5,2025,206,0.065,0.96,0
FPS-0140,2025-05,RICE,200,14,SUMMER,5,2025,203,-0.031,0.96,0
FPS-0140,2025-05,WHEAT,200,14,SUMMER,5,2025,189,-0.029,0.96,0
FPS-0141,2025-05,RICE,200,9,SUMMER,5,2025,211,-0.006,0.96,0
FPS-0141,2025-05,WHEAT,200,9,SUMMER,5,2025,204,0.056,0.96,0
FPS-0142,2025-05,RICE,216,20,SUMMER,5,2025,202,-0.02,0.96,0
FPS-0142,2025-05,WHEAT,200,20,SUMMER,5,2025,188,0.024,0.96,0
FPS-0143,2025-05,RICE,246,22,SUMMER,5,2025,244,0.016,0.96,0
FPS-0143,2025-05,WHEAT,200,22,SUMMER,5,2025,199,-0.025,0.96,0
FPS-0144,2025-05,RICE,256,22,SUMMER,5,2025,259,0.056,0.96,0
FPS-0144,2025-05,WHEAT,200,22,SUMMER,5,2025,205,0.039,0.96,0
FPS-0145,2025-05,RICE,200,15,SUMMER,5,2025,189,0.006,0.96,0
FPS-0145,2025-05,WHEAT,200,15,SUMMER,5,2025,200,0.046,0.96,0
FPS-0146,2025-05,RICE,200,13,SUMMER,5,2025,210,-0.042,0.96,0
FPS-0146,2025-05,WHEAT,200,13,SUMMER,5,2025,199,0.001,0.96,0
FPS-0147,2025-05,RICE,200,20,SUMMER,5,2025,203,-0.015,0.96,0
FPS-0147,2025-05,WHEAT,200,20,SUMMER,5,2025,198,-0.01,0.96,0
FPS-0148,2025-05,RICE,279,25,SUMMER,5,2025,278,0.0,0.96,0
FPS-0148,2025-05,WHEAT,200,25,SUMMER,5,2025,188,-0.024,0.96,0
FPS-0149,2025-05,RICE,326,25,SUMMER,5,2025,316,0.079,0.96,0
FPS-0149,2025-05,WHEAT,249,25,SUMMER,5,2025,263,0.078,0.96,0
FPS-0150,2025-05,RICE,200,13,SUMMER,5,2025,195,0.025,0.96,0
FPS-0150,2025-05,WHEAT,200,13,SUMMER,5,2025,196,-0.044,0.96,0
FPS-0151,2025-05,RICE,241,22,SUMMER,5,2025,251,0.033,0.96,0
FPS-0151,2025-05,WHEAT,200,22,SUMMER,5,2025,210,-0.03,0.96,0
FPS-0152,2025-05,RICE,218,19,SUMMER,5,2025,215,0.052,0.96,0
FPS-0152,2025-05,WHEAT,200,19,SUMMER,5,2025,201,-0.05,0.96,0
FPS-0153,2025-05,RICE,154,17,SUMMER,5,2025,204,-0.02,0.96,1
FPS-0153,2025-05,WHEAT,200,17,SUMMER,5,2025,208,0.075,0.96,0
FPS-0154,2025-05,RICE,200,18,SUMMER,5,2025,199,0.045,0.96,0
FPS-0154,2025-05,WHEAT,200,18,SUMMER,5,2025,208,0.077,0.96,0
FPS-0155,2025-05,RICE,209,17,SUMMER,5,2025,194,0.013,0.96,0
FPS-0155,2025-05,WHEAT,200,17,SUMMER,5,2025,192,0.006,0.96,0
FPS-0156,2025-05,RICE,200,14,SUMMER,5,2025,201,0.018,0.96,0
FPS-0156,2025-05,WHEAT,200,14,SUMMER,5,2025,199,-0.015,0.96,0
FPS-0157,2025-05,RICE,200,18,SUMMER,5,2025,205,0.012,0.96,0
FPS-0157,2025-05,WHEAT,200,18,SUMMER,5,2025,187,0.028,0.96,0
FPS-0158,2025-05,RICE,200,16,SUMMER,5,2025,201,0.038,0.96,0
FPS-0158,2025-05,WHEAT,200,16,SUMMER,5,2025,201,-0.047,0.96,0
FPS-0159,2025-05,RICE,200,16,SUMMER,5,2025,188,0.036,0.96,0
FPS-0159,2025-05,WHEAT,200,16,SUMMER,5,2025,207,0.033,0.96,0
FPS-0160,2025-05,RICE,200,11,SUMMER,5,2025,195,0.037,0.96,0
FPS-0160,2025-05,WHEAT,200,11,SUMMER,5,2025,211,-0.049,0.96,0
FPS-0161,2025-05,RICE,293,23,SUMMER,5,2025,290,0.071,0.96,0
FPS-0161,2025-05,WHEAT,200,23,SUMMER,5,2025,199,0.049,0.96,0
FPS-0162,2025-05,RICE,200,16,SUMMER,5,2025,191,0.029,0.96,0
FPS-0162,2025-05,WHEAT,200,16,SUMMER,5,2025,199,0.03,0.96,0
FPS-0163,2025-05,RICE,200,16,SUMMER,5,2025,193,-0.04,0.96,0
FPS-0163,2025-05,WHEAT,200,16,SUMMER,5,2025,208,0.01,0.96,0
FPS-0164,2025-05,RICE,200,13,SUMMER,5,2025,188,-0.0,0.96,0
FPS-0164,2025-05,WHEAT,200,13,SUMMER,5,2025,204,0.064,0.96,0
FPS-0165,2025-05,RICE,200,14,SUMMER,5,2025,193,0.077,0.96,0
FPS-0165,2025-05,WHEAT,200,14,SUMMER,5,2025,195,0.021,0.96,0
FPS-0166,2025-05,RICE,200,19,SUMMER,5,2025,208,-0.033,0.96,0
FPS-0166,2025-05,WHEAT,200,19,SUMMER,5,2025,200,0.023,0.96,0
FPS-0167,2025-05,RICE,200,19,SUMMER,5,2025,185,-0.042,0.96,0
FPS-0167,2025-05,WHEAT,200,19,SUMMER,5,2025,190,0.017,0.96,0
FPS-0168,2025-05,RICE,200,11,SUMMER,5,2025,191,-0.002,0.96,0
FPS-0168,2025-05,WHEAT,200,11,SUMMER,5,2025,209,0.038,0.96,0
FPS-0169,2025-05,RICE,200,17,SUMMER,5,2025,201,0.047,0.96,0
FPS-0169,2025-05,WHEAT,200,17,SUMMER,5,2025,193,-0.008,0.96,0
FPS-0170,2025-05,RICE,200,19,SUMMER,5,2025,211,-0.029,0.96,0
FPS-0170,2025-05,WHEAT,200,19,SUMMER,5,2025,204,0.018,0.96,0
FPS-0171,2025-05,RICE,200,13,SUMMER,5,2025,199,0.041,0.96,0
FPS-0171,2025-05,WHEAT,200,13,SUMMER,5,2025,188,0.012,0.96,0
FPS-0172,2025-05,RICE,218,20,SUMMER,5,2025,211,0.027,0.96,0
FPS-0172,2025-05,WHEAT,200,20,SUMMER,5,2025,197,-0.012,0.96,0
FPS-0173,2025-05,RICE,205,15,SUMMER,5,2025,190,0.027,0.96,0
FPS-0173,2025-05,WHEAT,200,15,SUMMER,5,2025,208,0.062,0.96,0
FPS-0174,2025-05,RICE,241,23,SUMMER,5,2025,225,-0.03,0.96,0
FPS-0174,2025-05,WHEAT,200,23,SUMMER,5,2025,195,0.006,0.96,0
FPS-0175,2025-05,RICE,216,21,SUMMER,5,2025,211,0.0,0.96,0
FPS-0175,2025-05,WHEAT,200,21,SUMMER,5,2025,198,0.025,0.96,0
FPS-0176,2025-05,RICE,200,14,SUMMER,5,2025,204,0.048,0.96,0
FPS-0176,2025-05,WHEAT,200,14,SUMMER,5,2025,197,0.037,0.96,0
FPS-0177,2025-05,RICE,200,14,SUMMER,5,2025,204,-0.046,0.96,0
FPS-0177,2025-05,WHEAT,200,14,SUMMER,5,2025,208,-0.026,0.96,0
FPS-0178,2025-05,RICE,200,15,SUMMER,5,2025,187,0.023,0.96,0
FPS-0178,2025-05,WHEAT,200,15,SUMMER,5,2025,197,0.016,0.96,0
FPS-0179,2025-05,RICE,255,21,SUMMER,5,2025,258,0.033,0.96,0
FPS-0179,2025-05,WHEAT,200,21,SUMMER,5,2025,198,-0.035,0.96,0
FPS-0180,2025-05,RICE,200,14,SUMMER,5,2025,206,0.008,0.96,0
FPS-0180,2025-05,WHEAT,200,14,SUMMER,5,2025,211,0.061,0.96,0
FPS-0181,2025-05,RICE,219,20,SUMMER,5,2025,206,0.027,0.96,0
FPS-0181,2025-05,WHEAT,200,20,SUMMER,5,2025,201,0.068,0.96,0
FPS-0182,2025-05,RICE,208,17,SUMMER,5,2025,206,0.016,0.96,0
FPS-0182,2025-05,WHEAT,200,17,SUMMER,5,2025,208,-0.006,0.96,0
FPS-0183,2025-05,RICE,216,16,SUMMER,5,2025,214,0.075,0.96,0
FPS-0183,2025-05,WHEAT,200,16,SUMMER,5,2025,185,-0.016,0.96,0
FPS-0184,2025-05,RICE,249,22,SUMMER,5,2025,261,0.04,0.96,0
FPS-0184,2025-05,WHEAT,200,22,SUMMER,5,2025,206,0.076,0.96,0
FPS-0185,2025-05,RICE,200,18,SUMMER,5,2025,204,-0.016,0.96,0
FPS-0185,2025-05,WHEAT,200,18,SUMMER,5,2025,210,-0.049,0.96,0
FPS-0186,2025-05,RICE,242,21,SUMMER,5,2025,234,-0.011,0.96,0
FPS-0186,2025-05,WHEAT,200,21,SUMMER,5,2025,194,-0.012,0.96,0
FPS-0187,2025-05,RICE,235,19,SUMMER,5,2025,224,0.049,0.96,0
FPS-0187,2025-05,WHEAT,200,19,SUMMER,5,2025,209,-0.044,0.96,0
FPS-0188,2025-05,RICE,200,11,SUMMER,5,2025,186,0.013,0.96,0
FPS-0188,2025-05,WHEAT,200,11,SUMMER,5,2025,207,0.079,0.96,0
FPS-0189,2025-05,RICE,298,23,SUMMER,5,2025,276,0.054,0.96,0
FPS-0189,2025-05,WHEAT,204,23,SUMMER,5,2025,194,-0.039,0.96,0
FPS-0190,2025-05,RICE,200,18,SUMMER,5,2025,209,0.052,0.96,0
FPS-0190,2025-05,WHEAT,200,18,SUMMER,5,2025,198,0.036,0.96,0
FPS-0191,2025-05,RICE,200,9,SUMMER,5,2025,201,-0.035,0.96,0
FPS-0191,2025-05,WHEAT,200,9,SUMMER,5,2025,199,0.038,0.96,0
FPS-0192,2025-05,RICE,200,12,SUMMER,5,2025,188,-0.048,0.96,0
FPS-0192,2025-05,WHEAT,200,12,SUMMER,5,2025,210,0.049,0.96,0
FPS-0193,2025-05,RICE,229,19,SUMMER,5,2025,215,0.057,0.96,0
FPS-0193,2025-05,WHEAT,200,19,SUMMER,5,2025,192,0.048,0.96,0
FPS-0194,2025-05,RICE,200,13,SUMMER,5,2025,194,0.051,0.96,0
FPS-0194,2025-05,WHEAT,200,13,SUMMER,5,2025,207,0.02,0.96,0
FPS-0195,2025-05,RICE,200,14,SUMMER,5,2025,197,0.033,0.96,0
FPS-0195,2025-05,WHEAT,200,14,SUMMER,5,2025,197,0.049,0.96,0
FPS-0196,2025-05,RICE,274,22,SUMMER,5,2025,264,0.058,0.96,0
FPS-0196,2025-05,WHEAT,200,22,SUMMER,5,2025,211,-0.042,0.96,0
FPS-0197,2025-05,RICE,245,18,SUMMER,5,2025,254,0.032,0.96,0
FPS-0197,2025-05,WHEAT,200,18,SUMMER,5,2025,201,-0.047,0.96,0
FPS-0198,2025-05,RICE,200,14,SUMMER,5,2025,189,0.011,0.96,0
FPS-0198,2025-05,WHEAT,200,14,SUMMER,5,2025,203,0.023,0.96,0
FPS-0199,2025-05,RICE,200,13,SUMMER,5,2025,186,-0.006,0.96,0
FPS-0199,2025-05,WHEAT,200,13,SUMMER,5,2025,196,-0.002,0.96,0
FPS-0200,2025-05,RICE,200,10,SUMMER,5,2025,198,0.077,0.96,0
FPS-0200,2025-05,WHEAT,200,10,SUMMER,5,2025,186,0.066,0.96,0
FPS-0201,2025-05,RICE,200,15,SUMMER,5,2025,211,0.034,0.96,0
FPS-0201,2025-05,WHEAT,200,15,SUMMER,5,2025,206,0.003,0.96,0
FPS-0202,2025-05,RICE,200,14,SUMMER,5,2025,192,0.03,0.96,0
FPS-0202,2025-05,WHEAT,200,14,SUMMER,5,2025,210,0.08,0.96,0
FPS-0203,2025-05,RICE,200,11,SUMMER,5,2025,195,-0.028,0.96,0
FPS-0203,2025-05,WHEAT,200,11,SUMMER,5,2025,199,0.047,0.96,0
FPS-0204,2025-05,RICE,227,19,SUMMER,5,2025,237,-0.034,0.96,0
FPS-0204,2025-05,WHEAT,200,19,SUMMER,5,2025,189,0.044,0.96,0
FPS-0205,2025-05,RICE,200,13,SUMMER,5,2025,211,-0.004,0.96,0
FPS-0205,2025-05,WHEAT,200,13,SUMMER,5,2025,188,-0.047,0.96,0
FPS-0206,2025-05,RICE,270,24,SUMMER,5,2025,251,-0.034,0.96,0
FPS-0206,2025-05,WHEAT,200,24,SUMMER,5,2025,201,0.01,0.96,0
FPS-0207,2025-05,RICE,344,26,SUMMER,5,2025,343,0.012,0.96,0
FPS-0207,2025-05,WHEAT,253,26,SUMMER,5,2025,260,-0.017,0.96,0
FPS-0208,2025-05,RICE,227,18,SUMMER,5,2025,236,0.067,0.96,0
FPS-0208,2025-05,WHEAT,200,18,SUMMER,5,2025,195,0.062,0.96,0
FPS-0209,2025-05,RICE,265,21,SUMMER,5,2025,256,0.008,0.96,0
FPS-0209,2025-05,WHEAT,140,21,SUMMER,5,2025,198,-0.033,0.96,1
FPS-0210,2025-05,RICE,208,21,SUMMER,5,2025,195,0.028,0.96,0
FPS-0210,2025-05,WHEAT,200,21,SUMMER,5,2025,199,0.05,0.96,0
FPS-0211,2025-05,RICE,214,22,SUMMER,5,2025,209,-0.049,0.96,0
FPS-0211,2025-05,WHEAT,200,22,SUMMER,5,2025,186,0.033,0.96,0
FPS-0212,2025-05,RICE,200,11,SUMMER,5,2025,193,-0.008,0.96,0
FPS-0212,2025-05,WHEAT,200,11,SUMMER,5,2025,203,0.034,0.96,0
FPS-0213,2025-05,RICE,200,14,SUMMER,5,2025,201,0.027,0.96,0
FPS-0213,2025-05,WHEAT,200,14,SUMMER,5,2025,211,-0.002,0.96,0
FPS-0214,2025-05,RICE,200,13,SUMMER,5,2025,188,-0.021,0.96,0
FPS-0214,2025-05,WHEAT,200,13,SUMMER,5,2025,198,0.002,0.96,0
FPS-0215,2025-05,RICE,200,11,SUMMER,5,2025,211,0.054,0.96,0
FPS-0215,2025-05,WHEAT,200,11,SUMMER,5,2025,184,-0.017,0.96,0
FPS-0216,2025-05,RICE,200,14,SUMMER,5,2025,206,0.001,0.96,0
FPS-0216,2025-05,WHEAT,200,14,SUMMER,5,2025,195,-0.01,0.96,0
FPS-0217,2025-05,RICE,215,17,SUMMER,5,2025,211,0.072,0.96,0
FPS-0217,2025-05,WHEAT,200,17,SUMMER,5,2025,206,-0.021,0.96,0
FPS-0218,2025-05,RICE,200,13,SUMMER,5,2025,194,-0.043,0.96,0
FPS-0218,2025-05,WHEAT,200,13,SUMMER,5,2025,211,-0.037,0.96,0
FPS-0219,2025-05,RICE,225,19,SUMMER,5,2025,227,0.07,0.96,0
FPS-0219,2025-05,WHEAT,200,19,SUMMER,5,2025,211,0.037,0.96,0
FPS-0220,2025-05,RICE,241,22,SUMMER,5,2025,229,-0.027,0.96,0
FPS-0220,2025-05,WHEAT,200,22,SUMMER,5,2025,207,0.012,0.96,0
FPS-0221,2025-05,RICE,229,19,SUMMER,5,2025,220,0.03,0.96,0
FPS-0221,2025-05,WHEAT,200,19,SUMMER,5,2025,196,0.043,0.96,0
FPS-0222,2025-05,RICE,228,21,SUMMER,5,2025,235,-0.022,0.96,0
FPS-0222,2025-05,WHEAT,200,21,SUMMER,5,2025,204,-0.012,0.96,0
FPS-0223,2025-05,RICE,208,17,SUMMER,5,2025,199,-0.048,0.96,0
FPS-0223,2025-05,WHEAT,200,17,SUMMER,5,2025,199,-0.013,0.96,0
FPS-0224,2025-05,RICE,202,20,SUMMER,5,2025,186,0.053,0.96,0
FPS-0224,2025-05,WHEAT,200,20,SUMMER,5,2025,204,-0.035,0.96,0
FPS-0225,2025-05,RICE,200,15,SUMMER,5,2025,194,0.037,0.96,0
FPS-0225,2025-05,WHEAT,200,15,SUMMER,5,2025,185,0.051,0.96,0
FPS-0226,2025-05,RICE,200,12,SUMMER,5,2025,202,0.074,0.96,0
FPS-0226,2025-05,WHEAT,200,12,SUMMER,5,2025,208,0.025,0.96,0
FPS-0227,2025-05,RICE,200,14,SUMMER,5,2025,192,0.077,0.96,0
FPS-0227,2025-05,WHEAT,200,14,SUMMER,5,2025,196,0.039,0.96,0
FPS-0228,2025-05,RICE,216,18,SUMMER,5,2025,200,0.038,0.96,0
FPS-0228,2025-05,WHEAT,200,18,SUMMER,5,2025,204,0.057,0.96,0
FPS-0229,2025-05,RICE,200,19,SUMMER,5,2025,211,-0.009,0.96,0
FPS-0229,2025-05,WHEAT,200,19,SUMMER,5,2025,207,0.057,0.96,0
FPS-0230,2025-05,RICE,298,22,SUMMER,5,2025,284,0.067,0.96,0
FPS-0230,2025-05,WHEAT,200,22,SUMMER,5,2025,184,0.001,0.96,0
FPS-0231,2025-05,RICE,200,18,SUMMER,5,2025,202,-0.027,0.96,0
FPS-0231,2025-05,WHEAT,200,18,SUMMER,5,2025,202,0.038,0.96,0
FPS-0232,2025-05,RICE,200,14,SUMMER,5,2025,189,-0.046,0.96,0
FPS-0232,2025-05,WHEAT,200,14,SUMMER,5,2025,186,-0.003,0.96,0
FPS-0233,2025-05,RICE,200,9,SUMMER,5,2025,191,0.052,0.96,0
FPS-0233,2025-05,WHEAT,200,9,SUMMER,5,2025,209,0.047,0.96,0
FPS-0234,2025-05,RICE,200,18,SUMMER,5,2025,210,-0.003,0.96,0
FPS-0234,2025-05,WHEAT,200,18,SUMMER,5,2025,209,0.062,0.96,0
FPS-0235,2025-05,RICE,244,18,SUMMER,5,2025,228,0.062,0.96,0
FPS-0235,2025-05,WHEAT,200,18,SUMMER,5,2025,193,0.073,0.96,0
FPS-0236,2025-05,RICE,200,17,SUMMER,5,2025,207,0.022,0.96,0
FPS-0236,2025-05,WHEAT,200,17,SUMMER,5,2025,208,0.018,0.96,0
FPS-0237,2025-05,RICE,200,15,SUMMER,5,2025,194,-0.01,0.96,0
FPS-0237,2025-05,WHEAT,140,15,SUMMER,5,2025,198,0.044,0.96,1
FPS-0238,2025-05,RICE,211,19,SUMMER,5,2025,200,0.01,0.96,0
FPS-0238,2025-05,WHEAT,200,19,SUMMER,5,2025,201,-0.024,0.96,0
FPS-0239,2025-05,RICE,216,19,SUMMER,5,2025,201,0.005,0.96,0
FPS-0239,2025-05,WHEAT,200,19,SUMMER,5,2025,187,0.003,0.96,0
FPS-0240,2025-05,RICE,247,21,SUMMER,5,2025,246,-0.028,0.96,0
FPS-0240,2025-05,WHEAT,200,21,SUMMER,5,2025,205,-0.015,0.96,0
FPS-0241,2025-05,RICE,226,19,SUMMER,5,2025,232,0.032,0.96,0
FPS-0241,2025-05,WHEAT,200,19,SUMMER,5,2025,189,0.08,0.96,0
FPS-0242,2025-05,RICE,200,12,SUMMER,5,2025,200,-0.019,0.96,0
FPS-0242,2025-05,WHEAT,200,12,SUMMER,5,2025,187,0.027,0.96,0
FPS-0243,2025-05,RICE,228,18,SUMMER,5,2025,226,-0.034,0.96,0
FPS-0243,2025-05,WHEAT,200,18,SUMMER,5,2025,187,0.063,0.96,0
FPS-0244,2025-05,RICE,200,16,SUMMER,5,2025,207,0.009,0.96,0
FPS-0244,2025-05,WHEAT,200,16,SUMMER,5,2025,198,-0.012,0.96,0
FPS-0245,2025-05,RICE,200,14,SUMMER,5,2025,211,-0.025,0.96,0
FPS-0245,2025-05,WHEAT,200,14,SUMMER,5,2025,186,0.048,0.96,0
FPS-0246,2025-05,RICE,279,24,SUMMER,5,2025,257,-0.026,0.96,0
FPS-0246,2025-05,WHEAT,206,24,SUMMER,5,2025,203,0.024,0.96,0
FPS-0247,2025-05,RICE,201,19,SUMMER,5,2025,211,0.012,0.96,0
FPS-0247,2025-05,WHEAT,200,19,SUMMER,5,2025,208,-0.005,0.96,0
FPS-0248,2025-05,RICE,320,25,SUMMER,5,2025,338,0.038,0.96,0
FPS-0248,2025-05,WHEAT,246,25,SUMMER,5,2025,227,0.08,0.96,0
FPS-0249,2025-05,RICE,295,22,SUMMER,5,2025,306,0.06,0.96,0
FPS-0249,2025-05,WHEAT,204,22,SUMMER,5,2025,209,0.01,0.96,0
FPS-0250,2025-05,RICE,200,16,SUMMER,5,2025,191,0.001,0.96,0
FPS-0250,2025-05,WHEAT,200,16,SUMMER,5,2025,189,0.059,0.96,0
FPS-0251,2025-05,RICE,200,17,SUMMER,5,2025,202,0.041,0.96,0
FPS-0251,2025-05,WHEAT,200,17,SUMMER,5,2025,189,0.028,0.96,0
FPS-0252,2025-05,RICE,200,16,SUMMER,5,2025,185,-0.013,0.96,0
FPS-0252,2025-05,WHEAT,200,16,SUMMER,5,2025,211,-0.023,0.96,0
FPS-0253,2025-05,RICE,272,22,SUMMER,5,2025,267,0.045,0.96,0
FPS-0253,2025-05,WHEAT,200,22,SUMMER,5,2025,194,0.045,0.96,0
FPS-0254,2025-05,RICE,200,14,SUMMER,5,2025,190,0.047,0.96,0
FPS-0254,2025-05,WHEAT,200,14,SUMMER,5,2025,193,-0.014,0.96,0
FPS-0255,2025-05,RICE,200,16,SUMMER,5,2025,205,0.016,0.96,0
FPS-0255,2025-05,WHEAT,200,16,SUMMER,5,2025,185,0.007,0.96,0
FPS-0256,2025-05,RICE,200,14,SUMMER,5,2025,200,0.079,0.96,0
FPS-0256,2025-05,WHEAT,200,14,SUMMER,5,2025,207,0.047,0.96,0
FPS-0257,2025-05,RICE,200,15,SUMMER,5,2025,205,-0.02,0.96,0
FPS-0257,2025-05,WHEAT,200,15,SUMMER,5,2025,194,0.041,0.96,0
FPS-0258,2025-05,RICE,200,15,SUMMER,5,2025,187,0.02,0.96,0
FPS-0258,2025-05,WHEAT,200,15,SUMMER,5,2025,197,-0.015,0.96,0
FPS-0259,2025-05,RICE,200,15,SUMMER,5,2025,197,0.064,0.96,0
FPS-0259,2025-05,WHEAT,200,15,SUMMER,5,2025,185,-0.038,0.96,0
FPS-0260,2025-05,RICE,200,13,SUMMER,5,2025,208,0.032,0.96,0
FPS-0260,2025-05,WHEAT,200,13,SUMMER,5,2025,197,-0.013,0.96,0
FPS-0261,2025-05,RICE,200,11,SUMMER,5,2025,206,-0.015,0.96,0
FPS-0261,2025-05,WHEAT,200,11,SUMMER,5,2025,191,-0.021,0.96,0
FPS-0262,2025-05,RICE,200,13,SUMMER,5,2025,191,-0.028,0.96,0
FPS-0262,2025-05,WHEAT,200,13,SUMMER,5,2025,185,0.077,0.96,0
FPS-0263,2025-05,RICE,200,14,SUMMER,5,2025,195,0.018,0.96,0
FPS-0263,2025-05,WHEAT,200,14,SUMMER,5,2025,193,0.006,0.96,0
FPS-0264,2025-05,RICE,200,5,SUMMER,5,2025,194,0.016,0.96,0
FPS-0264,2025-05,WHEAT,200,5,SUMMER,5,2025,204,0.042,0.96,0
FPS-0265,2025-05,RICE,207,18,SUMMER,5,2025,217,-0.035,0.96,0
FPS-0265,2025-05,WHEAT,200,18,SUMMER,5,2025,196,-0.046,0.96,0
FPS-0266,2025-05,RICE,200,13,SUMMER,5,2025,197,-0.043,0.96,0
FPS-0266,2025-05,WHEAT,200,13,SUMMER,5,2025,193,0.013,0.96,0
FPS-0267,2025-05,RICE,200,16,SUMMER,5,2025,189,0.062,0.96,0
FPS-0267,2025-05,WHEAT,200,16,SUMMER,5,2025,184,-0.013,0.96,0
FPS-0268,2025-05,RICE,200,20,SUMMER,5,2025,184,-0.025,0.96,0
FPS-0268,2025-05,WHEAT,200,20,SUMMER,5,2025,209,0.015,0.96,0
FPS-0269,2025-05,RICE,227,21,SUMMER,5,2025,235,0.023,0.96,0
FPS-0269,2025-05,WHEAT,200,21,SUMMER,5,2025,201,0.036,0.96,0
FPS-0270,2025-05,RICE,200,8,SUMMER,5,2025,199,0.031,0.96,0
FPS-0270,2025-05,WHEAT,200,8,SUMMER,5,2025,198,0.046,0.96,0
FPS-0271,2025-05,RICE,212,18,SUMMER,5,2025,205,-0.002,0.96,0
FPS-0271,2025-05,WHEAT,200,18,SUMMER,5,2025,198,0.041,0.96,0
FPS-0272,2025-05,RICE,250,20,SUMMER,5,2025,233,-0.015,0.96,0
FPS-0272,2025-05,WHEAT,200,20,SUMMER,5,2025,199,-0.037,0.96,0
FPS-0273,2025-05,RICE,285,23,SUMMER,5,2025,272,0.035,0.96,0
FPS-0273,2025-05,WHEAT,144,23,SUMMER,5,2025,204,0.076,0.96,1
FPS-0274,2025-05,RICE,214,18,SUMMER,5,2025,226,0.075,0.96,0
FPS-0274,2025-05,WHEAT,200,18,SUMMER,5,2025,191,0.022,0.96,0
FPS-0275,2025-05,RICE,200,17,SUMMER,5,2025,193,-0.02,0.96,0
FPS-0275,2025-05,WHEAT,200,17,SUMMER,5,2025,189,-0.043,0.96,0
FPS-0276,2025-05,RICE,209,19,SUMMER,5,2025,203,0.037,0.96,0
FPS-0276,2025-05,WHEAT,200,19,SUMMER,5,2025,200,-0.033,0.96,0
FPS-0277,2025-05,RICE,200,17,SUMMER,5,2025,191,-0.009,0.96,0
FPS-0277,2025-05,WHEAT,200,17,SUMMER,5,2025,211,-0.034,0.96,0
FPS-0278,2025-05,RICE,200,15,SUMMER,5,2025,188,0.004,0.96,0
FPS-0278,2025-05,WHEAT,200,15,SUMMER,5,2025,190,0.005,0.96,0
FPS-0279,2025-05,RICE,318,23,SUMMER,5,2025,312,0.068,0.96,0
FPS-0279,2025-05,WHEAT,245,23,SUMMER,5,2025,235,0.068,0.96,0
FPS-0280,2025-05,RICE,200,18,SUMMER,5,2025,195,-0.003,0.96,0
FPS-0280,2025-05,WHEAT,200,18,SUMMER,5,2025,184,-0.037,0.96,0
FPS-0281,2025-05,RICE,200,18,SUMMER,5,2025,191,0.061,0.96,0
FPS-0281,2025-05,WHEAT,200,18,SUMMER,5,2025,200,0.035,0.96,0
FPS-0282,2025-05,RICE,230,20,SUMMER,5,2025,228,0.021,0.96,0
FPS-0282,2025-05,WHEAT,140,20,SUMMER,5,2025,198,0.061,0.96,1
FPS-0283,2025-05,RICE,200,14,SUMMER,5,2025,194,0.035,0.96,0
FPS-0283,2025-05,WHEAT,200,14,SUMMER,5,2025,205,0.029,0.96,0
FPS-0284,2025-05,RICE,200,12,SUMMER,5,2025,204,-0.013,0.96,0
FPS-0284,2025-05,WHEAT,200,12,SUMMER,5,2025,201,0.007,0.96,0
FPS-0285,2025-05,RICE,222,18,SUMMER,5,2025,206,0.051,0.96,0
FPS-0285,2025-05,WHEAT,200,18,SUMMER,5,2025,204,-0.045,0.96,0
FPS-0286,2025-05,RICE,200,16,SUMMER,5,2025,188,0.029,0.96,0
FPS-0286,2025-05,WHEAT,200,16,SUMMER,5,2025,186,-0.031,0.96,0
FPS-0287,2025-05,RICE,324,26,SUMMER,5,2025,302,0.012,0.96,0
FPS-0287,2025-05,WHEAT,220,26,SUMMER,5,2025,223,-0.041,0.96,0
FPS-0288,2025-05,RICE,200,17,SUMMER,5,2025,204,0.023,0.96,0
FPS-0288,2025-05,WHEAT,200,17,SUMMER,5,2025,205,0.04,0.96,0
FPS-0289,2025-05,RICE,200,13,SUMMER,5,2025,201,0.073,0.96,0
FPS-0289,2025-05,WHEAT,200,13,SUMMER,5,2025,184,-0.002,0.96,0
FPS-0290,2025-05,RICE,210,18,SUMMER,5,2025,213,0.035,0.96,0
FPS-0290,2025-05,WHEAT,200,18,SUMMER,5,2025,184,-0.005,0.96,0
FPS-0291,2025-05,RICE,236,18,SUMMER,5,2025,233,0.047,0.96,0
FPS-0291,2025-05,WHEAT,200,18,SUMMER,5,2025,192,0.019,0.96,0
FPS-0292,2025-05,RICE,168,20,SUMMER,5,2025,253,-0.002,0.96,1
FPS-0292,2025-05,WHEAT,200,20,SUMMER,5,2025,184,0.03,0.96,0
FPS-0293,2025-05,RICE,200,18,SUMMER,5,2025,207,-0.014,0.96,0
FPS-0293,2025-05,WHEAT,200,18,SUMMER,5,2025,187,-0.008,0.96,0
FPS-0294,2025-05,RICE,200,16,SUMMER,5,2025,199,0.027,0.96,0
FPS-0294,2025-05,WHEAT,200,16,SUMMER,5,2025,201,0.069,0.96,0
FPS-0295,2025-05,RICE,200,13,SUMMER,5,2025,195,-0.019,0.96,0
FPS-0295,2025-05,WHEAT,200,13,SUMMER,5,2025,197,0.038,0.96,0
FPS-0296,2025-05,RICE,200,14,SUMMER,5,2025,207,-0.035,0.96,0
FPS-0296,2025-05,WHEAT,200,14,SUMMER,5,2025,185,-0.001,0.96,0
FPS-0297,2025-05,RICE,200,17,SUMMER,5,2025,208,-0.004,0.96,0
FPS-0297,2025-05,WHEAT,200,17,SUMMER,5,2025,209,-0.022,0.96,0
FPS-0298,2025-05,RICE,200,15,SUMMER,5,2025,194,0.024,0.96,0
FPS-0298,2025-05,WHEAT,200,15,SUMMER,5,2025,209,-0.047,0.96,0
FPS-0299,2025-05,RICE,200,17,SUMMER,5,2025,208,0.042,0.96,0
FPS-0299,2025-05,WHEAT,200,17,SUMMER,5,2025,206,0.056,0.96,0
FPS-0300,2025-05,RICE,234,17,SUMMER,5,2025,234,0.056,0.96,0
FPS-0300,2025-05,WHEAT,200,17,SUMMER,5,2025,208,-0.041,0.96,0
FPS-0301,2025-05,RICE,214,16,SUMMER,5,2025,220,-0.03,0.96,0
FPS-0301,2025-05,WHEAT,200,16,SUMMER,5,2025,206,-0.021,0.96,0
FPS-0302,2025-05,RICE,219,19,SUMMER,5,2025,204,0.021,0.96,0
FPS-0302,2025-05,WHEAT,200,19,SUMMER,5,2025,207,0.037,0.96,0
FPS-0303,2025-05,RICE,200,11,SUMMER,5,2025,191,-0.036,0.96,0
FPS-0303,2025-05,WHEAT,200,11,SUMMER,5,2025,197,0.028,0.96,0
FPS-0304,2025-05,RICE,219,17,SUMMER,5,2025,201,-0.046,0.96,0
FPS-0304,2025-05,WHEAT,200,17,SUMMER,5,2025,196,-0.009,0.96,0
FPS-0305,2025-05,RICE,200,17,SUMMER,5,2025,192,-0.019,0.96,0
FPS-0305,2025-05,WHEAT,200,17,SUMMER,5,2025,207,0.046,0.96,0
FPS-0306,2025-05,RICE,200,13,SUMMER,5,2025,208,0.032,0.96,0
FPS-0306,2025-05,WHEAT,200,13,SUMMER,5,2025,203,-0.036,0.96,0
FPS-0307,2025-05,RICE,209,15,SUMMER,5,2025,199,0.07,0.96,0
FPS-0307,2025-05,WHEAT,200,15,SUMMER,5,2025,184,-0.048,0.96,0
FPS-0308,2025-05,RICE,222,15,SUMMER,5,2025,233,0.078,0.96,0
FPS-0308,2025-05,WHEAT,200,15,SUMMER,5,2025,184,-0.011,0.96,0
FPS-0309,2025-05,RICE,213,18,SUMMER,5,2025,212,-0.026,0.96,0
FPS-0309,2025-05,WHEAT,200,18,SUMMER,5,2025,187,0.052,0.96,0
FPS-0310,2025-05,RICE,200,13,SUMMER,5,2025,209,-0.04,0.96,0
FPS-0310,2025-05,WHEAT,200,13,SUMMER,5,2025,188,0.074,0.96,0
FPS-0311,2025-05,RICE,260,23,SUMMER,5,2025,240,-0.002,0.96,0
FPS-0311,2025-05,WHEAT,200,23,SUMMER,5,2025,191,-0.014,0.96,0
FPS-0312,2025-05,RICE,240,19,SUMMER,5,2025,220,0.001,0.96,0
FPS-0312,2025-05,WHEAT,200,19,SUMMER,5,2025,208,-0.012,0.96,0
FPS-0313,2025-05,RICE,216,15,SUMMER,5,2025,204,0.077,0.96,0
FPS-0313,2025-05,WHEAT,200,15,SUMMER,5,2025,192,-0.013,0.96,0
FPS-0314,2025-05,RICE,224,18,SUMMER,5,2025,228,-0.024,0.96,0
FPS-0314,2025-05,WHEAT,200,18,SUMMER,5,2025,190,0.02,0.96,0
FPS-0315,2025-05,RICE,217,18,SUMMER,5,2025,202,0.069,0.96,0
FPS-0315,2025-05,WHEAT,200,18,SUMMER,5,2025,198,0.044,0.96,0
FPS-0316,2025-05,RICE,200,15,SUMMER,5,2025,201,0.024,0.96,0
FPS-0316,2025-05,WHEAT,200,15,SUMMER,5,2025,202,-0.005,0.96,0
FPS-0317,2025-05,RICE,200,15,SUMMER,5,2025,210,-0.016,0.96,0
FPS-0317,2025-05,WHEAT,200,15,SUMMER,5,2025,206,0.074,0.96,0
FPS-0318,2025-05,RICE,200,17,SUMMER,5,2025,185,0.019,0.96,0
FPS-0318,2025-05,WHEAT,200,17,SUMMER,5,2025,191,-0.007,0.96,0
FPS-0319,2025-05,RICE,200,14,SUMMER,5,2025,188,0.032,0.96,0
FPS-0319,2025-05,WHEAT,200,14,SUMMER,5,2025,200,0.077,0.96,0
FPS-0320,2025-05,RICE,200,10,SUMMER,5,2025,211,0.024,0.96,0
FPS-0320,2025-05,WHEAT,200,10,SUMMER,5,2025,201,0.005,0.96,0
FPS-0321,2025-05,RICE,255,24,SUMMER,5,2025,268,0.046,0.96,0
FPS-0321,2025-05,WHEAT,200,24,SUMMER,5,2025,197,0.01,0.96,0
FPS-0322,2025-05,RICE,229,20,SUMMER,5,2025,235,-0.013,0.96,0
FPS-0322,2025-05,WHEAT,200,20,SUMMER,5,2025,184,-0.031,0.96,0
FPS-0323,2025-05,RICE,200,16,SUMMER,5,2025,195,-0.03,0.96,0
FPS-0323,2025-05,WHEAT,200,16,SUMMER,5,2025,189,0.056,0.96,0
FPS-0324,2025-05,RICE,200,13,SUMMER,5,2025,204,0.069,0.96,0
FPS-0324,2025-05,WHEAT,200,13,SUMMER,5,2025,196,-0.025,0.96,0
FPS-0325,2025-05,RICE,230,21,SUMMER,5,2025,212,0.005,0.96,0
FPS-0325,2025-05,WHEAT,200,21,SUMMER,5,2025,204,0.016,0.96,0
FPS-0326,2025-05,RICE,204,16,SUMMER,5,2025,191,0.028,0.96,0
FPS-0326,2025-05,WHEAT,200,16,SUMMER,5,2025,207,-0.005,0.96,0
FPS-0327,2025-05,RICE,235,18,SUMMER,5,2025,221,0.074,0.96,0
FPS-0327,2025-05,WHEAT,200,18,SUMMER,5,2025,200,0.015,0.96,0
FPS-0328,2025-05,RICE,226,18,SUMMER,5,2025,208,0.05,0.96,0
FPS-0328,2025-05,WHEAT,200,18,SUMMER,5,2025,194,0.049,0.96,0
FPS-0329,2025-05,RICE,200,15,SUMMER,5,2025,184,0.009,0.96,0
FPS-0329,2025-05,WHEAT,200,15,SUMMER,5,2025,207,0.047,0.96,0
FPS-0330,2025-05,RICE,203,21,SUMMER,5,2025,189,-0.017,0.96,0
FPS-0330,2025-05,WHEAT,200,21,SUMMER,5,2025,192,0.017,0.96,0
FPS-0331,2025-05,RICE,203,17,SUMMER,5,2025,212,0.059,0.96,0
FPS-0331,2025-05,WHEAT,200,17,SUMMER,5,2025,189,0.044,0.96,0
FPS-0332,2025-05,RICE,205,21,SUMMER,5,2025,201,-0.043,0.96,0
FPS-0332,2025-05,WHEAT,200,21,SUMMER,5,2025,195,-0.006,0.96,0
FPS-0333,2025-05,RICE,361,27,SUMMER,5,2025,341,0.008,0.96,0
FPS-0333,2025-05,WHEAT,259,27,SUMMER,5,2025,261,-0.015,0.96,0
FPS-0334,2025-05,RICE,201,16,SUMMER,5,2025,203,0.075,0.96,0
FPS-0334,2025-05,WHEAT,200,16,SUMMER,5,2025,210,-0.023,0.96,0
FPS-0335,2025-05,RICE,236,18,SUMMER,5,2025,228,-0.027,0.96,0
FPS-0335,2025-05,WHEAT,200,18,SUMMER,5,2025,210,0.027,0.96,0
FPS-0336,2025-05,RICE,219,18,SUMMER,5,2025,207,0.013,0.96,0
FPS-0336,2025-05,WHEAT,200,18,SUMMER,5,2025,188,0.011,0.96,0
FPS-0337,2025-05,RICE,200,13,SUMMER,5,2025,210,-0.049,0.96,0
FPS-0337,2025-05,WHEAT,200,13,SUMMER,5,2025,186,0.054,0.96,0
FPS-0338,2025-05,RICE,201,16,SUMMER,5,2025,198,0.037,0.96,0
FPS-0338,2025-05,WHEAT,200,16,SUMMER,5,2025,199,0.074,0.96,0
FPS-0339,2025-05,RICE,200,18,SUMMER,5,2025,188,0.034,0.96,0
FPS-0339,2025-05,WHEAT,200,18,SUMMER,5,2025,200,0.035,0.96,0
FPS-0340,2025-05,RICE,200,12,SUMMER,5,2025,191,-0.033,0.96,0
FPS-0340,2025-05,WHEAT,200,12,SUMMER,5,2025,188,0.032,0.96,0
FPS-0341,2025-05,RICE,200,14,SUMMER,5,2025,185,0.005,0.96,0
FPS-0341,2025-05,WHEAT,200,14,SUMMER,5,2025,208,-0.008,0.96,0
FPS-0342,2025-05,RICE,200,12,SUMMER,5,2025,204,0.025,0.96,0
FPS-0342,2025-05,WHEAT,200,12,SUMMER,5,2025,209,0.055,0.96,0
FPS-0343,2025-05,RICE,200,16,SUMMER,5,2025,204,-0.029,0.96,0
FPS-0343,2025-05,WHEAT,200,16,SUMMER,5,2025,189,-0.01,0.96,0
FPS-0344,2025-05,RICE,200,16,SUMMER,5,2025,201,0.055,0.96,0
FPS-0344,2025-05,WHEAT,200,16,SUMMER,5,2025,203,0.012,0.96,0
FPS-0345,2025-05,RICE,210,17,SUMMER,5,2025,220,0.022,0.96,0
FPS-0345,2025-05,WHEAT,200,17,SUMMER,5,2025,192,0.054,0.96,0
FPS-0346,2025-05,RICE,200,19,SUMMER,5,2025,189,-0.015,0.96,0
FPS-0346,2025-05,WHEAT,200,19,SUMMER,5,2025,202,-0.049,0.96,0
FPS-0347,2025-05,RICE,288,22,SUMMER,5,2025,289,-0.014,0.96,0
FPS-0347,2025-05,WHEAT,207,22,SUMMER,5,2025,196,-0.029,0.96,0
FPS-0348,2025-05,RICE,238,20,SUMMER,5,2025,222,0.065,0.96,0
FPS-0348,2025-05,WHEAT,200,20,SUMMER,5,2025,196,-0.028,0.96,0
FPS-0349,2025-05,RICE,200,18,SUMMER,5,2025,185,-0.042,0.96,0
FPS-0349,2025-05,WHEAT,200,18,SUMMER,5,2025,201,0.064,0.96,0
FPS-0350,2025-05,RICE,216,17,SUMMER,5,2025,221,-0.047,0.96,0
FPS-0350,2025-05,WHEAT,200,17,SUMMER,5,2025,199,0.001,0.96,0
FPS-0351,2025-05,RICE,200,16,SUMMER,5,2025,191,0.029,0.96,0
FPS-0351,2025-05,WHEAT,200,16,SUMMER,5,2025,202,0.06,0.96,0
FPS-0352,2025-05,RICE,218,19,SUMMER,5,2025,209,-0.009,0.96,0
FPS-0352,2025-05,WHEAT,200,19,SUMMER,5,2025,196,0.052,0.96,0
FPS-0353,2025-05,RICE,200,16,SUMMER,5,2025,187,0.033,0.96,0
FPS-0353,2025-05,WHEAT,200,16,SUMMER,5,2025,210,0.041,0.96,0
FPS-0354,2025-05,RICE,223,21,SUMMER,5,2025,224,0.062,0.96,0
FPS-0354,2025-05,WHEAT,200,21,SUMMER,5,2025,199,0.067,0.96,0
FPS-0355,2025-05,RICE,210,15,SUMMER,5,2025,215,0.006,0.96,0
FPS-0355,2025-05,WHEAT,200,15,SUMMER,5,2025,201,-0.031,0.96,0
FPS-0356,2025-05,RICE,200,13,SUMMER,5,2025,198,-0.023,0.96,0
FPS-0356,2025-05,WHEAT,140,13,SUMMER,5,2025,200,0.003,0.96,1
FPS-0357,2025-05,RICE,228,20,SUMMER,5,2025,211,0.057,0.96,0
FPS-0357,2025-05,WHEAT,200,20,SUMMER,5,2025,200,0.077,0.96,0
FPS-0358,2025-05,RICE,207,16,SUMMER,5,2025,199,0.069,0.96,0
FPS-0358,2025-05,WHEAT,200,16,SUMMER,5,2025,209,-0.039,0.96,0
FPS-0359,2025-05,RICE,283,25,SUMMER,5,2025,287,-0.014,0.96,0
FPS-0359,2025-05,WHEAT,219,25,SUMMER,5,2025,203,0.025,0.96,0
FPS-0360,2025-05,RICE,200,15,SUMMER,5,2025,208,-0.048,0.96,0
FPS-0360,2025-05,WHEAT,200,15,SUMMER,5,2025,205,0.039,0.96,0
FPS-0361,2025-05,RICE,200,16,SUMMER,5,2025,202,-0.047,0.96,0
FPS-0361,2025-05,WHEAT,200,16,SUMMER,5,2025,188,0.051,0.96,0
FPS-0362,2025-05,RICE,200,17,SUMMER,5,2025,206,-0.025,0.96,0
FPS-0362,2025-05,WHEAT,200,17,SUMMER,5,2025,190,0.064,0.96,0
FPS-0363,2025-05,RICE,200,15,SUMMER,5,2025,191,-0.05,0.96,0
FPS-0363,2025-05,WHEAT,200,15,SUMMER,5,2025,209,0.055,0.96,0
FPS-0364,2025-05,RICE,224,16,SUMMER,5,2025,235,0.074,0.96,0
FPS-0364,2025-05,WHEAT,200,16,SUMMER,5,2025,187,-0.022,0.96,0
FPS-0365,2025-05,RICE,200,18,SUMMER,5,2025,210,0.049,0.96,0
FPS-0365,2025-05,WHEAT,200,18,SUMMER,5,2025,206,0.02,0.96,0
FPS-0366,2025-05,RICE,221,17,SUMMER,5,2025,216,-0.033,0.96,0
FPS-0366,2025-05,WHEAT,200,17,SUMMER,5,2025,194,0.063,0.96,0
FPS-0367,2025-05,RICE,200,11,SUMMER,5,2025,204,0.008,0.96,0
FPS-0367,2025-05,WHEAT,200,11,SUMMER,5,2025,206,-0.014,0.96,0
FPS-0368,2025-05,RICE,215,19,SUMMER,5,2025,216,0.052,0.96,0
FPS-0368,2025-05,WHEAT,200,19,SUMMER,5,2025,201,-0.018,0.96,0
FPS-0369,2025-05,RICE,200,18,SUMMER,5,2025,188,0.055,0.96,0
FPS-0369,2025-05,WHEAT,200,18,SUMMER,5,2025,211,0.04,0.96,0
FPS-0370,2025-05,RICE,200,17,SUMMER,5,2025,210,0.013,0.96,0
FPS-0370,2025-05,WHEAT,140,17,SUMMER,5,2025,209,0.004,0.96,1
FPS-0371,2025-05,RICE,200,15,SUMMER,5,2025,193,0.046,0.96,0
FPS-0371,2025-05,WHEAT,200,15,SUMMER,5,2025,210,-0.034,0.96,0
FPS-0372,2025-05,RICE,200,9,SUMMER,5,2025,186,0.075,0.96,0
FPS-0372,2025-05,WHEAT,200,9,SUMMER,5,2025,186,0.039,0.96,0
FPS-0373,2025-05,RICE,209,20,SUMMER,5,2025,194,-0.0,0.96,0
FPS-0373,2025-05,WHEAT,200,20,SUMMER,5,2025,204,0.062,0.96,0
FPS-0374,2025-05,RICE,200,18,SUMMER,5,2025,200,0.056,0.96,0
FPS-0374,2025-05,WHEAT,200,18,SUMMER,5,2025,199,0.041,0.96,0
FPS-0375,2025-05,RICE,249,19,SUMMER,5,2025,247,0.054,0.96,0
FPS-0375,2025-05,WHEAT,200,19,SUMMER,5,2025,197,0.02,0.96,0
FPS-0376,2025-05,RICE,200,17,SUMMER,5,2025,189,-0.046,0.96,0
FPS-0376,2025-05,WHEAT,200,17,SUMMER,5,2025,204,-0.015,0.96,0
FPS-0377,2025-05,RICE,200,16,SUMMER,5,2025,189,0.026,0.96,0
FPS-0377,2025-05,WHEAT,200,16,SUMMER,5,2025,189,-0.03,0.96,0
FPS-0378,2025-05,RICE,261,23,SUMMER,5,2025,240,0.008,0.96,0
FPS-0378,2025-05,WHEAT,206,23,SUMMER,5,2025,191,0.043,0.96,0
FPS-0379,2025-05,RICE,200,13,SUMMER,5,2025,190,0.059,0.96,0
FPS-0379,2025-05,WHEAT,200,13,SUMMER,5,2025,198,-0.021,0.96,0
FPS-0380,2025-05,RICE,262,20,SUMMER,5,2025,244,0.024,0.96,0
FPS-0380,2025-05,WHEAT,200,20,SUMMER,5,2025,184,0.026,0.96,0
FPS-0381,2025-05,RICE,202,17,SUMMER,5,2025,194,0.058,0.96,0
FPS-0381,2025-05,WHEAT,200,17,SUMMER,5,2025,188,0.057,0.96,0
FPS-0382,2025-05,RICE,200,9,SUMMER,5,2025,188,0.021,0.96,0
FPS-0382,2025-05,WHEAT,200,9,SUMMER,5,2025,211,-0.036,0.96,0
FPS-0383,2025-05,RICE,200,11,SUMMER,5,2025,188,-0.015,0.96,0
FPS-0383,2025-05,WHEAT,200,11,SUMMER,5,2025,188,-0.018,0.96,0
FPS-0384,2025-05,RICE,277,23,SUMMER,5,2025,255,0.039,0.96,0
FPS-0384,2025-05,WHEAT,200,23,SUMMER,5,2025,207,-0.012,0.96,0
FPS-0385,2025-05,RICE,302,22,SUMMER,5,2025,298,0.069,0.96,0
FPS-0385,2025-05,WHEAT,218,22,SUMMER,5,2025,230,0.003,0.96,0
FPS-0386,2025-05,RICE,200,18,SUMMER,5,2025,209,0.053,0.96,0
FPS-0386,2025-05,WHEAT,200,18,SUMMER,5,2025,199,0.051,0.96,0
FPS-0387,2025-05,RICE,333,31,SUMMER,5,2025,339,-0.014,0.96,0
FPS-0387,2025-05,WHEAT,251,31,SUMMER,5,2025,236,0.047,0.96,0
FPS-0388,2025-05,RICE,200,11,SUMMER,5,2025,209,0.006,0.96,0
FPS-0388,2025-05,WHEAT,200,11,SUMMER,5,2025,209,0.045,0.96,0
FPS-0389,2025-05,RICE,200,17,SUMMER,5,2025,208,0.079,0.96,0
FPS-0389,2025-05,WHEAT,200,17,SUMMER,5,2025,192,-0.034,0.96,0
FPS-0390,2025-05,RICE,225,21,SUMMER,5,2025,234,0.039,0.96,0
FPS-0390,2025-05,WHEAT,200,21,SUMMER,5,2025,198,0.065,0.96,0
FPS-0391,2025-05,RICE,242,20,SUMMER,5,2025,230,0.054,0.96,0
FPS-0391,2025-05,WHEAT,200,20,SUMMER,5,2025,199,-0.024,0.96,0
FPS-0392,2025-05,RICE,200,17,SUMMER,5,2025,206,-0.028,0.96,0
FPS-0392,2025-05,WHEAT,200,17,SUMMER,5,2025,194,0.059,0.96,0
FPS-0393,2025-05,RICE,200,18,SUMMER,5,2025,210,-0.019,0.96,0
FPS-0393,2025-05,WHEAT,200,18,SUMMER,5,2025,211,-0.008,0.96,0
FPS-0394,2025-05,RICE,220,17,SUMMER,5,2025,232,-0.013,0.96,0
FPS-0394,2025-05,WHEAT,200,17,SUMMER,5,2025,210,0.016,0.96,0
FPS-0395,2025-05,RICE,200,14,SUMMER,5,2025,202,0.04,0.96,0
FPS-0395,2025-05,WHEAT,200,14,SUMMER,5,2025,195,0.079,0.96,0
FPS-0396,2025-05,RICE,200,14,SUMMER,5,2025,188,0.045,0.96,0
FPS-0396,2025-05,WHEAT,200,14,SUMMER,5,2025,200,-0.023,0.96,0
FPS-0397,2025-05,RICE,200,13,SUMMER,5,2025,207,0.072,0.96,0
FPS-0397,2025-05,WHEAT,200,13,SUMMER,5,2025,191,0.032,0.96,0
FPS-0398,2025-05,RICE,200,16,SUMMER,5,2025,208,-0.027,0.96,0
FPS-0398,2025-05,WHEAT,200,16,SUMMER,5,2025,208,0.028,0.96,0
FPS-0399,2025-05,RICE,200,15,SUMMER,5,2025,193,0.033,0.96,0
FPS-0399,2025-05,WHEAT,200,15,SUMMER,5,2025,197,0.06,0.96,0
FPS-0400,2025-05,RICE,256,22,SUMMER,5,2025,245,0.064,0.96,0
FPS-0400,2025-05,WHEAT,140,22,SUMMER,5,2025,187,0.015,0.96,1
FPS-0401,2025-05,RICE,234,24,SUMMER,5,2025,220,-0.001,0.96,0
FPS-0401,2025-05,WHEAT,200,24,SUMMER,5,2025,198,-0.04,0.96,0
FPS-0402,2025-05,RICE,200,8,SUMMER,5,2025,198,0.078,0.96,0
FPS-0402,2025-05,WHEAT,200,8,SUMMER,5,2025,198,0.074,0.96,0
FPS-0403,2025-05,RICE,200,12,SUMMER,5,2025,199,0.047,0.96,0
FPS-0403,2025-05,WHEAT,200,12,SUMMER,5,2025,205,0.012,0.96,0
FPS-0404,2025-05,RICE,200,15,SUMMER,5,2025,186,-0.011,0.96,0
FPS-0404,2025-05,WHEAT,200,15,SUMMER,5,2025,199,0.018,0.96,0
FPS-0405,2025-05,RICE,200,14,SUMMER,5,2025,194,0.07,0.96,0
FPS-0405,2025-05,WHEAT,200,14,SUMMER,5,2025,195,0.043,0.96,0
FPS-0406,2025-05,RICE,265,22,SUMMER,5,2025,248,0.031,0.96,0
FPS-0406,2025-05,WHEAT,200,22,SUMMER,5,2025,200,0.04,0.96,0
FPS-0407,2025-05,RICE,205,18,SUMMER,5,2025,189,-0.016,0.96,0
FPS-0407,2025-05,WHEAT,200,18,SUMMER,5,2025,210,0.006,0.96,0
FPS-0408,2025-05,RICE,200,12,SUMMER,5,2025,187,0.062,0.96,0
FPS-0408,2025-05,WHEAT,200,12,SUMMER,5,2025,194,-0.004,0.96,0
FPS-0409,2025-05,RICE,200,17,SUMMER,5,2025,186,-0.031,0.96,0
FPS-0409,2025-05,WHEAT,200,17,SUMMER,5,2025,187,-0.044,0.96,0
FPS-0410,2025-05,RICE,302,25,SUMMER,5,2025,303,0.071,0.96,0
FPS-0410,2025-05,WHEAT,200,25,SUMMER,5,2025,207,-0.022,0.96,0
FPS-0411,2025-05,RICE,200,15,SUMMER,5,2025,198,0.056,0.96,0
FPS-0411,2025-05,WHEAT,200,15,SUMMER,5,2025,193,0.043,0.96,0
FPS-0412,2025-05,RICE,242,20,SUMMER,5,2025,233,-0.002,0.96,0
FPS-0412,2025-05,WHEAT,200,20,SUMMER,5,2025,200,-0.049,0.96,0
FPS-0413,2025-05,RICE,200,14,SUMMER,5,2025,207,0.049,0.96,0
FPS-0413,2025-05,WHEAT,200,14,SUMMER,5,2025,191,-0.009,0.96,0
FPS-0414,2025-05,RICE,268,22,SUMMER,5,2025,267,0.045,0.96,0
FPS-0414,2025-05,WHEAT,200,22,SUMMER,5,2025,189,0.05,0.96,0
FPS-0415,2025-05,RICE,213,17,SUMMER,5,2025,213,0.005,0.96,0
FPS-0415,2025-05,WHEAT,200,17,SUMMER,5,2025,184,0.044,0.96,0
FPS-0416,2025-05,RICE,200,12,SUMMER,5,2025,193,0.014,0.96,0
FPS-0416,2025-05,WHEAT,200,12,SUMMER,5,2025,204,0.055,0.96,0
FPS-0417,2025-05,RICE,200,11,SUMMER,5,2025,201,-0.028,0.96,0
FPS-0417,2025-05,WHEAT,200,11,SUMMER,5,2025,189,0.052,0.96,0
FPS-0418,2025-05,RICE,269,21,SUMMER,5,2025,256,0.06,0.96,0
FPS-0418,2025-05,WHEAT,200,21,SUMMER,5,2025,195,-0.039,0.96,0
FPS-0419,2025-05,RICE,294,22,SUMMER,5,2025,289,0.048,0.96,0
FPS-0419,2025-05,WHEAT,200,22,SUMMER,5,2025,194,0.023,0.96,0
FPS-0420,2025-05,RICE,233,21,SUMMER,5,2025,244,0.044,0.96,0
FPS-0420,2025-05,WHEAT,200,21,SUMMER,5,2025,192,-0.0,0.96,0
FPS-0421,2025-05,RICE,251,21,SUMMER,5,2025,237,0.012,0.96,0
FPS-0421,2025-05,WHEAT,200,21,SUMMER,5,2025,206,0.066,0.96,0
FPS-0422,2025-05,RICE,200,16,SUMMER,5,2025,200,-0.012,0.96,0
FPS-0422,2025-05,WHEAT,200,16,SUMMER,5,2025,202,-0.037,0.96,0
FPS-0423,2025-05,RICE,200,12,SUMMER,5,2025,202,0.077,0.96,0
FPS-0423,2025-05,WHEAT,200,12,SUMMER,5,2025,196,0.072,0.96,0
FPS-0424,2025-05,RICE,230,18,SUMMER,5,2025,224,0.031,0.96,0
FPS-0424,2025-05,WHEAT,200,18,SUMMER,5,2025,199,0.009,0.96,0
FPS-0425,2025-05,RICE,200,17,SUMMER,5,2025,205,-0.027,0.96,0
FPS-0425,2025-05,WHEAT,200,17,SUMMER,5,2025,199,-0.008,0.96,0
FPS-0426,2025-05,RICE,239,21,SUMMER,5,2025,229,-0.013,0.96,0
FPS-0426,2025-05,WHEAT,200,21,SUMMER,5,2025,207,0.007,0.96,0
FPS-0427,2025-05,RICE,200,13,SUMMER,5,2025,188,-0.0,0.96,0
FPS-0427,2025-05,WHEAT,200,13,SUMMER,5,2025,193,-0.048,0.96,0
FPS-0428,2025-05,RICE,200,16,SUMMER,5,2025,198,0.02,0.96,0
FPS-0428,2025-05,WHEAT,200,16,SUMMER,5,2025,187,0.079,0.96,0
FPS-0429,2025-05,RICE,200,11,SUMMER,5,2025,187,-0.026,0.96,0
FPS-0429,2025-05,WHEAT,200,11,SUMMER,5,2025,204,-0.003,0.96,0
FPS-0430,2025-05,RICE,200,16,SUMMER,5,2025,207,0.019,0.96,0
FPS-0430,2025-05,WHEAT,200,16,SUMMER,5,2025,210,-0.049,0.96,0
FPS-0431,2025-05,RICE,200,4,SUMMER,5,2025,207,0.018,0.96,0
FPS-0431,2025-05,WHEAT,200,4,SUMMER,5,2025,199,0.035,0.96,0
FPS-0432,2025-05,RICE,345,24,SUMMER,5,2025,362,0.026,0.96,0
FPS-0432,2025-05,WHEAT,260,24,SUMMER,5,2025,247,0.063,0.96,0
FPS-0433,2025-05,RICE,200,10,SUMMER,5,2025,202,0.011,0.96,0
FPS-0433,2025-05,WHEAT,200,10,SUMMER,5,2025,195,0.002,0.96,0
FPS-0434,2025-05,RICE,259,25,SUMMER,5,2025,266,0.014,0.96,0
FPS-0434,2025-05,WHEAT,203,25,SUMMER,5,2025,188,0.051,0.96,0
FPS-0435,2025-05,RICE,203,19,SUMMER,5,2025,187,-0.035,0.96,0
FPS-0435,2025-05,WHEAT,200,19,SUMMER,5,2025,190,0.067,0.96,0
FPS-0436,2025-05,RICE,200,15,SUMMER,5,2025,186,-0.009,0.96,0
FPS-0436,2025-05,WHEAT,200,15,SUMMER,5,2025,202,0.063,0.96,0
FPS-0437,2025-05,RICE,200,13,SUMMER,5,2025,205,0.032,0.96,0
FPS-0437,2025-05,WHEAT,200,13,SUMMER,5,2025,200,0.057,0.96,0
FPS-0438,2025-05,RICE,200,16,SUMMER,5,2025,194,-0.024,0.96,0
FPS-0438,2025-05,WHEAT,200,16,SUMMER,5,2025,201,-0.037,0.96,0
FPS-0439,2025-05,RICE,266,19,SUMMER,5,2025,254,0.075,0.96,0
FPS-0439,2025-05,WHEAT,200,19,SUMMER,5,2025,193,-0.044,0.96,0
FPS-0440,2025-05,RICE,200,17,SUMMER,5,2025,191,-0.035,0.96,0
FPS-0440,2025-05,WHEAT,200,17,SUMMER,5,2025,194,0.009,0.96,0
FPS-0441,2025-05,RICE,295,22,SUMMER,5,2025,271,-0.006,0.96,0
FPS-0441,2025-05,WHEAT,200,22,SUMMER,5,2025,210,-0.035,0.96,0
FPS-0442,2025-05,RICE,200,14,SUMMER,5,2025,193,0.005,0.96,0
FPS-0442,2025-05,WHEAT,200,14,SUMMER,5,2025,192,0.053,0.96,0
FPS-0443,2025-05,RICE,200,15,SUMMER,5,2025,195,-0.012,0.96,0
FPS-0443,2025-05,WHEAT,200,15,SUMMER,5,2025,211,0.044,0.96,0
FPS-0444,2025-05,RICE,200,12,SUMMER,5,2025,208,-0.034,0.96,0
FPS-0444,2025-05,WHEAT,200,12,SUMMER,5,2025,208,0.017,0.96,0
FPS-0445,2025-05,RICE,200,12,SUMMER,5,2025,187,-0.002,0.96,0
FPS-0445,2025-05,WHEAT,200,12,SUMMER,5,2025,189,0.066,0.96,0
FPS-0446,2025-05,RICE,200,14,SUMMER,5,2025,204,0.056,0.96,0
FPS-0446,2025-05,WHEAT,200,14,SUMMER,5,2025,206,-0.029,0.96,0
FPS-0447,2025-05,RICE,200,13,SUMMER,5,2025,193,-0.048,0.96,0
FPS-0447,2025-05,WHEAT,200,13,SUMMER,5,2025,193,-0.039,0.96,0
FPS-0448,2025-05,RICE,200,13,SUMMER,5,2025,196,0.009,0.96,0
FPS-0448,2025-05,WHEAT,140,13,SUMMER,5,2025,192,-0.049,0.96,1
FPS-0449,2025-05,RICE,200,15,SUMMER,5,2025,196,0.04,0.96,0
FPS-0449,2025-05,WHEAT,200,15,SUMMER,5,2025,184,0.07,0.96,0
FPS-0450,2025-05,RICE,200,14,SUMMER,5,2025,189,0.012,0.96,0
FPS-0450,2025-05,WHEAT,200,14,SUMMER,5,2025,194,-0.023,0.96,0
FPS-0451,2025-05,RICE,287,23,SUMMER,5,2025,271,0.071,0.96,0
FPS-0451,2025-05,WHEAT,201,23,SUMMER,5,2025,206,0.064,0.96,0
FPS-0452,2025-05,RICE,227,17,SUMMER,5,2025,213,0.045,0.96,0
FPS-0452,2025-05,WHEAT,200,17,SUMMER,5,2025,193,0.027,0.96,0
FPS-0453,2025-05,RICE,200,15,SUMMER,5,2025,208,-0.023,0.96,0
FPS-0453,2025-05,WHEAT,200,15,SUMMER,5,2025,195,-0.04,0.96,0
FPS-0454,2025-05,RICE,220,20,SUMMER,5,2025,210,0.054,0.96,0
FPS-0454,2025-05,WHEAT,200,20,SUMMER,5,2025,201,0.023,0.96,0
FPS-0455,2025-05,RICE,200,18,SUMMER,5,2025,185,-0.046,0.96,0
FPS-0455,2025-05,WHEAT,200,18,SUMMER,5,2025,204,-0.035,0.96,0
FPS-0456,2025-05,RICE,200,14,SUMMER,5,2025,191,-0.039,0.96,0
FPS-0456,2025-05,WHEAT,200,14,SUMMER,5,2025,193,0.001,0.96,0
FPS-0457,2025-05,RICE,243,19,SUMMER,5,2025,240,0.071,0.96,0
FPS-0457,2025-05,WHEAT,200,19,SUMMER,5,2025,188,0.039,0.96,0
FPS-0458,2025-05,RICE,200,15,SUMMER,5,2025,193,-0.038,0.96,0
FPS-0458,2025-05,WHEAT,200,15,SUMMER,5,2025,206,-0.027,0.96,0
FPS-0459,2025-05,RICE,212,18,SUMMER,5,2025,195,0.038,0.96,0
FPS-0459,2025-05,WHEAT,200,18,SUMMER,5,2025,192,-0.026,0.96,0
FPS-0460,2025-05,RICE,200,14,SUMMER,5,2025,209,0.059,0.96,0
FPS-0460,2025-05,WHEAT,200,14,SUMMER,5,2025,191,0.074,0.96,0
FPS-0461,2025-05,RICE,235,22,SUMMER,5,2025,225,0.025,0.96,0
FPS-0461,2025-05,WHEAT,200,22,SUMMER,5,2025,206,0.045,0.96,0
FPS-0462,2025-05,RICE,200,12,SUMMER,5,2025,211,0.021,0.96,0
FPS-0462,2025-05,WHEAT,200,12,SUMMER,5,2025,193,0.013,0.96,0
FPS-0463,2025-05,RICE,272,23,SUMMER,5,2025,255,0.077,0.96,0
FPS-0463,2025-05,WHEAT,200,23,SUMMER,5,2025,198,0.004,0.96,0
FPS-0464,2025-05,RICE,200,16,SUMMER,5,2025,186,-0.009,0.96,0
FPS-0464,2025-05,WHEAT,200,16,SUMMER,5,2025,210,0.011,0.96,0
FPS-0465,2025-05,RICE,200,16,SUMMER,5,2025,185,-0.045,0.96,0
FPS-0465,2025-05,WHEAT,200,16,SUMMER,5,2025,197,-0.003,0.96,0
FPS-0466,2025-05,RICE,200,15,SUMMER,5,2025,196,-0.039,0.96,0
FPS-0466,2025-05,WHEAT,200,15,SUMMER,5,2025,193,-0.027,0.96,0
FPS-0467,2025-05,RICE,200,9,SUMMER,5,2025,191,0.011,0.96,0
FPS-0467,2025-05,WHEAT,200,9,SUMMER,5,2025,202,0.055,0.96,0
FPS-0468,2025-05,RICE,200,17,SUMMER,5,2025,202,-0.046,0.96,0
FPS-0468,2025-05,WHEAT,200,17,SUMMER,5,2025,202,0.008,0.96,0
FPS-0469,2025-05,RICE,200,12,SUMMER,5,2025,189,0.018,0.96,0
FPS-0469,2025-05,WHEAT,200,12,SUMMER,5,2025,194,0.039,0.96,0
FPS-0470,2025-05,RICE,297,22,SUMMER,5,2025,281,0.042,0.96,0
FPS-0470,2025-05,WHEAT,208,22,SUMMER,5,2025,218,-0.018,0.96,0
FPS-0471,2025-05,RICE,200,13,SUMMER,5,2025,199,-0.004,0.96,0
FPS-0471,2025-05,WHEAT,200,13,SUMMER,5,2025,208,-0.012,0.96,0
FPS-0472,2025-05,RICE,247,20,SUMMER,5,2025,261,0.051,0.96,0
FPS-0472,2025-05,WHEAT,200,20,SUMMER,5,2025,192,0.056,0.96,0
FPS-0473,2025-05,RICE,200,17,SUMMER,5,2025,197,-0.036,0.96,0
FPS-0473,2025-05,WHEAT,200,17,SUMMER,5,2025,192,0.022,0.96,0
FPS-0474,2025-05,RICE,200,17,SUMMER,5,2025,211,-0.012,0.96,0
FPS-0474,2025-05,WHEAT,200,17,SUMMER,5,2025,208,-0.05,0.96,0
FPS-0475,2025-05,RICE,228,18,SUMMER,5,2025,237,0.059,0.96,0
FPS-0475,2025-05,WHEAT,200,18,SUMMER,5,2025,188,0.064,0.96,0
FPS-0476,2025-05,RICE,200,14,SUMMER,5,2025,198,-0.005,0.96,0
FPS-0476,2025-05,WHEAT,200,14,SUMMER,5,2025,185,-0.05,0.96,0
FPS-0477,2025-05,RICE,227,21,SUMMER,5,2025,220,-0.037,0.96,0
FPS-0477,2025-05,WHEAT,200,21,SUMMER,5,2025,201,0.016,0.96,0
FPS-0478,2025-05,RICE,200,15,SUMMER,5,2025,200,-0.028,0.96,0
FPS-0478,2025-05,WHEAT,200,15,SUMMER,5,2025,198,-0.023,0.96,0
FPS-0479,2025-05,RICE,242,17,SUMMER,5,2025,223,0.07,0.96,0
FPS-0479,2025-05,WHEAT,200,17,SUMMER,5,2025,197,-0.008,0.96,0
FPS-0480,2025-05,RICE,200,12,SUMMER,5,2025,187,0.057,0.96,0
FPS-0480,2025-05,WHEAT,200,12,SUMMER,5,2025,203,-0.017,0.96,0
FPS-0481,2025-05,RICE,216,17,SUMMER,5,2025,220,0.08,0.96,0
FPS-0481,2025-05,WHEAT,200,17,SUMMER,5,2025,205,0.026,0.96,0
FPS-0482,2025-05,RICE,200,16,SUMMER,5,2025,207,0.019,0.96,0
FPS-0482,2025-05,WHEAT,200,16,SUMMER,5,2025,204,0.017,0.96,0
FPS-0483,2025-05,RICE,200,10,SUMMER,5,2025,204,-0.037,0.96,0
FPS-0483,2025-05,WHEAT,200,10,SUMMER,5,2025,190,-0.032,0.96,0
FPS-0484,2025-05,RICE,200,16,SUMMER,5,2025,191,0.017,0.96,0
FPS-0484,2025-05,WHEAT,200,16,SUMMER,5,2025,196,-0.008,0.96,0
FPS-0485,2025-05,RICE,200,13,SUMMER,5,2025,186,-0.042,0.96,0
FPS-0485,2025-05,WHEAT,200,13,SUMMER,5,2025,196,0.05,0.96,0
FPS-0486,2025-05,RICE,204,21,SUMMER,5,2025,189,-0.022,0.96,0
FPS-0486,2025-05,WHEAT,200,21,SUMMER,5,2025,201,0.069,0.96,0
FPS-0487,2025-05,RICE,200,14,SUMMER,5,2025,192,-0.033,0.96,0
FPS-0487,2025-05,WHEAT,200,14,SUMMER,5,2025,208,0.023,0.96,0
FPS-0488,2025-05,RICE,200,11,SUMMER,5,2025,205,0.042,0.96,0
FPS-0488,2025-05,WHEAT,200,11,SUMMER,5,2025,210,0.003,0.96,0
FPS-0489,2025-05,RICE,200,20,SUMMER,5,2025,193,-0.032,0.96,0
FPS-0489,2025-05,WHEAT,200,20,SUMMER,5,2025,209,-0.014,0.96,0
FPS-0490,2025-05,RICE,202,16,SUMMER,5,2025,199,-0.028,0.96,0
FPS-0490,2025-05,WHEAT,200,16,SUMMER,5,2025,201,0.027,0.96,0
FPS-0491,2025-05,RICE,236,16,SUMMER,5,2025,230,0.074,0.96,0
FPS-0491,2025-05,WHEAT,200,16,SUMMER,5,2025,205,0.063,0.96,0
FPS-0492,2025-05,RICE,294,24,SUMMER,5,2025,291,0.011,0.96,0
FPS-0492,2025-05,WHEAT,210,24,SUMMER,5,2025,194,0.004,0.96,0
FPS-0493,2025-05,RICE,200,17,SUMMER,5,2025,192,-0.032,0.96,0
FPS-0493,2025-05,WHEAT,200,17,SUMMER,5,2025,192,-0.015,0.96,0
FPS-0494,2025-05,RICE,200,11,SUMMER,5,2025,191,-0.049,0.96,0
FPS-0494,2025-05,WHEAT,200,11,SUMMER,5,2025,207,0.05,0.96,0
FPS-0495,2025-05,RICE,200,12,SUMMER,5,2025,187,0.038,0.96,0
FPS-0495,2025-05,WHEAT,200,12,SUMMER,5,2025,190,0.025,0.96,0
FPS-0496,2025-05,RICE,200,15,SUMMER,5,2025,185,0.054,0.96,0
FPS-0496,2025-05,WHEAT,200,15,SUMMER,5,2025,185,-0.018,0.96,0
FPS-0497,2025-05,RICE,200,19,SUMMER,5,2025,185,-0.023,0.96,0
FPS-0497,2025-05,WHEAT,200,19,SUMMER,5,2025,198,0.011,0.96,0
FPS-0498,2025-05,RICE,206,16,SUMMER,5,2025,198,-0.036,0.96,0
FPS-0498,2025-05,WHEAT,200,16,SUMMER,5,2025,203,0.024,0.96,0
FPS-0499,2025-05,RICE,275,20,SUMMER,5,2025,255,0.078,0.96,0
FPS-0499,2025-05,WHEAT,200,20,SUMMER,5,2025,203,0.01,0.96,0
FPS-0500,2025-05,RICE,200,15,SUMMER,5,2025,210,0.05,0.96,0
FPS-0500,2025-05,WHEAT,200,15,SUMMER,5,2025,205,0.013,0.96,0
FPS-0501,2025-05,RICE,200,17,SUMMER,5,2025,187,0.01,0.96,0
FPS-0501,2025-05,WHEAT,200,17,SUMMER,5,2025,211,0.076,0.96,0
FPS-0502,2025-05,RICE,225,19,SUMMER,5,2025,218,-0.037,0.96,0
FPS-0502,2025-05,WHEAT,200,19,SUMMER,5,2025,197,0.002,0.96,0
FPS-0503,2025-05,RICE,214,19,SUMMER,5,2025,212,0.005,0.96,0
FPS-0503,2025-05,WHEAT,200,19,SUMMER,5,2025,210,-0.029,0.96,0
FPS-0504,2025-05,RICE,200,16,SUMMER,5,2025,206,-0.021,0.96,0
FPS-0504,2025-05,WHEAT,200,16,SUMMER,5,2025,207,0.045,0.96,0
FPS-0505,2025-05,RICE,200,17,SUMMER,5,2025,195,0.045,0.96,0
FPS-0505,2025-05,WHEAT,200,17,SUMMER,5,2025,211,0.032,0.96,0
FPS-0506,2025-05,RICE,200,14,SUMMER,5,2025,199,-0.037,0.96,0
FPS-0506,2025-05,WHEAT,200,14,SUMMER,5,2025,201,-0.045,0.96,0
FPS-0507,2025-05,RICE,200,12,SUMMER,5,2025,188,0.031,0.96,0
FPS-0507,2025-05,WHEAT,200,12,SUMMER,5,2025,210,0.016,0.96,0
FPS-0508,2025-05,RICE,236,22,SUMMER,5,2025,225,0.004,0.96,0
FPS-0508,2025-05,WHEAT,200,22,SUMMER,5,2025,211,0.019,0.96,0
FPS-0509,2025-05,RICE,200,16,SUMMER,5,2025,194,0.046,0.96,0
FPS-0509,2025-05,WHEAT,200,16,SUMMER,5,2025,207,0.01,0.96,0
FPS-0510,2025-05,RICE,200,13,SUMMER,5,2025,207,0.02,0.96,0
FPS-0510,2025-05,WHEAT,200,13,SUMMER,5,2025,210,0.002,0.96,0
FPS-0511,2025-05,RICE,200,15,SUMMER,5,2025,197,-0.001,0.96,0
FPS-0511,2025-05,WHEAT,200,15,SUMMER,5,2025,209,-0.035,0.96,0
FPS-0512,2025-05,RICE,140,12,SUMMER,5,2025,197,0.031,0.96,1
FPS-0512,2025-05,WHEAT,200,12,SUMMER,5,2025,203,0.019,0.96,0
FPS-0513,2025-05,RICE,200,17,SUMMER,5,2025,197,0.02,0.96,0
FPS-0513,2025-05,WHEAT,200,17,SUMMER,5,2025,185,0.02,0.96,0
FPS-0514,2025-05,RICE,200,5,SUMMER,5,2025,202,-0.006,0.96,0
FPS-0514,2025-05,WHEAT,200,5,SUMMER,5,2025,200,-0.015,0.96,0
FPS-0515,2025-05,RICE,200,8,SUMMER,5,2025,209,-0.001,0.96,0
FPS-0515,2025-05,WHEAT,200,8,SUMMER,5,2025,187,-0.019,0.96,0
FPS-0516,2025-05,RICE,200,11,SUMMER,5,2025,203,-0.036,0.96,0
FPS-0516,2025-05,WHEAT,200,11,SUMMER,5,2025,210,0.008,0.96,0
FPS-0517,2025-05,RICE,200,16,SUMMER,5,2025,188,-0.008,0.96,0
FPS-0517,2025-05,WHEAT,200,16,SUMMER,5,2025,202,-0.038,0.96,0
FPS-0518,2025-05,RICE,200,16,SUMMER,5,2025,189,0.064,0.96,0
FPS-0518,2025-05,WHEAT,200,16,SUMMER,5,2025,206,0.072,0.96,0
FPS-0519,2025-05,RICE,203,15,SUMMER,5,2025,192,0.027,0.96,0
FPS-0519,2025-05,WHEAT,200,15,SUMMER,5,2025,208,-0.007,0.96,0
FPS-0520,2025-05,RICE,200,15,SUMMER,5,2025,195,0.025,0.96,0
FPS-0520,2025-05,WHEAT,200,15,SUMMER,5,2025,192,0.002,0.96,0
FPS-0521,2025-05,RICE,223,23,SUMMER,5,2025,220,-0.017,0.96,0
FPS-0521,2025-05,WHEAT,200,23,SUMMER,5,2025,206,0.013,0.96,0
FPS-0522,2025-05,RICE,228,20,SUMMER,5,2025,230,0.042,0.96,0
FPS-0522,2025-05,WHEAT,200,20,SUMMER,5,2025,207,-0.024,0.96,0
FPS-0523,2025-05,RICE,200,18,SUMMER,5,2025,184,-0.044,0.96,0
FPS-0523,2025-05,WHEAT,200,18,SUMMER,5,2025,201,0.054,0.96,0
FPS-0524,2025-05,RICE,200,12,SUMMER,5,2025,204,0.017,0.96,0
FPS-0524,2025-05,WHEAT,200,12,SUMMER,5,2025,205,-0.017,0.96,0
FPS-0525,2025-05,RICE,200,12,SUMMER,5,2025,207,-0.019,0.96,0
FPS-0525,2025-05,WHEAT,200,12,SUMMER,5,2025,195,-0.021,0.96,0
FPS-0526,2025-05,RICE,200,16,SUMMER,5,2025,201,0.01,0.96,0
FPS-0526,2025-05,WHEAT,200,16,SUMMER,5,2025,211,-0.019,0.96,0
FPS-0527,2025-05,RICE,200,17,SUMMER,5,2025,203,-0.05,0.96,0
FPS-0527,2025-05,WHEAT,200,17,SUMMER,5,2025,211,0.01,0.96,0
FPS-0528,2025-05,RICE,211,17,SUMMER,5,2025,220,0.064,0.96,0
FPS-0528,2025-05,WHEAT,200,17,SUMMER,5,2025,186,0.052,0.96,0
FPS-0529,2025-05,RICE,254,25,SUMMER,5,2025,240,-0.035,0.96,0
FPS-0529,2025-05,WHEAT,200,25,SUMMER,5,2025,198,-0.005,0.96,0
FPS-0530,2025-05,RICE,213,17,SUMMER,5,2025,215,0.025,0.96,0
FPS-0530,2025-05,WHEAT,200,17,SUMMER,5,2025,211,0.0,0.96,0
FPS-0531,2025-05,RICE,200,19,SUMMER,5,2025,189,0.064,0.96,0
FPS-0531,2025-05,WHEAT,200,19,SUMMER,5,2025,191,0.017,0.96,0
FPS-0532,2025-05,RICE,200,14,SUMMER,5,2025,184,-0.007,0.96,0
FPS-0532,2025-05,WHEAT,200,14,SUMMER,5,2025,184,0.012,0.96,0
FPS-0533,2025-05,RICE,214,20,SUMMER,5,2025,224,0.035,0.96,0
FPS-0533,2025-05,WHEAT,200,20,SUMMER,5,2025,191,-0.019,0.96,0
FPS-0534,2025-05,RICE,200,11,SUMMER,5,2025,186,-0.007,0.96,0
FPS-0534,2025-05,WHEAT,200,11,SUMMER,5,2025,184,0.062,0.96,0
FPS-0535,2025-05,RICE,171,22,SUMMER,5,2025,252,0.041,0.96,1
FPS-0535,2025-05,WHEAT,200,22,SUMMER,5,2025,186,-0.007,0.96,0
FPS-0536,2025-05,RICE,200,15,SUMMER,5,2025,205,0.066,0.96,0
FPS-0536,2025-05,WHEAT,200,15,SUMMER,5,2025,189,-0.029,0.96,0
FPS-0537,2025-05,RICE,200,11,SUMMER,5,2025,194,0.0,0.96,0
FPS-0537,2025-05,WHEAT,200,11,SUMMER,5,2025,205,0.047,0.96,0
FPS-0538,2025-05,RICE,140,11,SUMMER,5,2025,187,0.079,0.96,1
FPS-0538,2025-05,WHEAT,200,11,SUMMER,5,2025,211,0.017,0.96,0
FPS-0539,2025-05,RICE,217,17,SUMMER,5,2025,229,0.058,0.96,0
FPS-0539,2025-05,WHEAT,200,17,SUMMER,5,2025,211,0.039,0.96,0
FPS-0540,2025-05,RICE,200,8,SUMMER,5,2025,190,0.048,0.96,0
FPS-0540,2025-05,WHEAT,200,8,SUMMER,5,2025,205,-0.044,0.96,0
FPS-0541,2025-05,RICE,200,15,SUMMER,5,2025,194,0.066,0.96,0
FPS-0541,2025-05,WHEAT,200,15,SUMMER,5,2025,205,0.042,0.96,0
FPS-0542,2025-05,RICE,200,13,SUMMER,5,2025,191,-0.048,0.96,0
FPS-0542,2025-05,WHEAT,200,13,SUMMER,5,2025,194,-0.041,0.96,0
FPS-0543,2025-05,RICE,200,13,SUMMER,5,2025,209,0.05,0.96,0
FPS-0543,2025-05,WHEAT,200,13,SUMMER,5,2025,193,0.066,0.96,0
FPS-0544,2025-05,RICE,200,19,SUMMER,5,2025,204,0.074,0.96,0
FPS-0544,2025-05,WHEAT,200,19,SUMMER,5,2025,184,-0.044,0.96,0
FPS-0545,2025-05,RICE,200,9,SUMMER,5,2025,195,0.046,0.96,0
FPS-0545,2025-05,WHEAT,200,9,SUMMER,5,2025,204,0.049,0.96,0
FPS-0546,2025-05,RICE,240,20,SUMMER,5,2025,224,-0.046,0.96,0
FPS-0546,2025-05,WHEAT,200,20,SUMMER,5,2025,210,-0.023,0.96,0
FPS-0547,2025-05,RICE,200,11,SUMMER,5,2025,210,0.071,0.96,0
FPS-0547,2025-05,WHEAT,200,11,SUMMER,5,2025,194,-0.048,0.96,0
FPS-0548,2025-05,RICE,201,16,SUMMER,5,2025,211,0.058,0.96,0
FPS-0548,2025-05,WHEAT,200,16,SUMMER,5,2025,186,0.055,0.96,0
FPS-0549,2025-05,RICE,231,23,SUMMER,5,2025,221,0.022,0.96,0
FPS-0549,2025-05,WHEAT,200,23,SUMMER,5,2025,189,0.028,0.96,0
FPS-0550,2025-05,RICE,200,10,SUMMER,5,2025,192,0.045,0.96,0
FPS-0550,2025-05,WHEAT,200,10,SUMMER,5,2025,186,0.009,0.96,0
FPS-0551,2025-05,RICE,200,18,SUMMER,5,2025,188,0.054,0.96,0
FPS-0551,2025-05,WHEAT,200,18,SUMMER,5,2025,187,-0.013,0.96,0
FPS-0552,2025-05,RICE,200,13,SUMMER,5,2025,191,-0.049,0.96,0
FPS-0552,2025-05,WHEAT,200,13,SUMMER,5,2025,209,-0.025,0.96,0
FPS-0553,2025-05,RICE,244,23,SUMMER,5,2025,234,-0.036,0.96,0
FPS-0553,2025-05,WHEAT,200,23,SUMMER,5,2025,187,-0.007,0.96,0
FPS-0554,2025-05,RICE,200,10,SUMMER,5,2025,197,0.031,0.96,0
FPS-0554,2025-05,WHEAT,200,10,SUMMER,5,2025,192,0.056,0.96,0
FPS-0555,2025-05,RICE,256,23,SUMMER,5,2025,247,0.014,0.96,0
FPS-0555,2025-05,WHEAT,200,23,SUMMER,5,2025,191,-0.005,0.96,0
FPS-0556,2025-05,RICE,230,20,SUMMER,5,2025,227,0.034,0.96,0
FPS-0556,2025-05,WHEAT,200,20,SUMMER,5,2025,185,-0.05,0.96,0
FPS-0557,2025-05,RICE,223,19,SUMMER,5,2025,207,0.007,0.96,0
FPS-0557,2025-05,WHEAT,200,19,SUMMER,5,2025,190,-0.025,0.96,0
FPS-0558,2025-05,RICE,266,21,SUMMER,5,2025,277,-0.043,0.96,0
FPS-0558,2025-05,WHEAT,214,21,SUMMER,5,2025,202,0.029,0.96,0
FPS-0559,2025-05,RICE,200,18,SUMMER,5,2025,198,0.031,0.96,0
FPS-0559,2025-05,WHEAT,200,18,SUMMER,5,2025,205,-0.031,0.96,0
FPS-0560,2025-05,RICE,259,21,SUMMER,5,2025,256,-0.009,0.96,0
FPS-0560,2025-05,WHEAT,200,21,SUMMER,5,2025,197,0.061,0.96,0
FPS-0561,2025-05,RICE,200,13,SUMMER,5,2025,197,-0.003,0.96,0
FPS-0561,2025-05,WHEAT,200,13,SUMMER,5,2025,184,0.007,0.96,0
FPS-0562,2025-05,RICE,179,20,SUMMER,5,2025,244,-0.029,0.96,1
FPS-0562,2025-05,WHEAT,200,20,SUMMER,5,2025,205,-0.002,0.96,0
FPS-0563,2025-05,RICE,321,30,SUMMER,5,2025,328,-0.023,0.96,0
FPS-0563,2025-05,WHEAT,236,30,SUMMER,5,2025,244,-0.013,0.96,0
FPS-0564,2025-05,RICE,200,14,SUMMER,5,2025,203,0.059,0.96,0
FPS-0564,2025-05,WHEAT,200,14,SUMMER,5,2025,194,0.053,0.96,0
FPS-0565,2025-05,RICE,200,19,SUMMER,5,2025,206,0.022,0.96,0
FPS-0565,2025-05,WHEAT,200,19,SUMMER,5,2025,198,0.017,0.96,0
FPS-0566,2025-05,RICE,200,16,SUMMER,5,2025,194,0.032,0.96,0
FPS-0566,2025-05,WHEAT,200,16,SUMMER,5,2025,198,-0.006,0.96,0
FPS-0567,2025-05,RICE,200,12,SUMMER,5,2025,190,-0.028,0.96,0
FPS-0567,2025-05,WHEAT,200,12,SUMMER,5,2025,199,0.023,0.96,0
FPS-0568,2025-05,RICE,287,20,SUMMER,5,2025,288,0.039,0.96,0
FPS-0568,2025-05,WHEAT,200,20,SUMMER,5,2025,184,-0.05,0.96,0
FPS-0569,2025-05,RICE,270,22,SUMMER,5,2025,284,0.077,0.96,0
FPS-0569,2025-05,WHEAT,140,22,SUMMER,5,2025,211,0.073,0.96,1
FPS-0570,2025-05,RICE,200,8,SUMMER,5,2025,196,0.069,0.96,0
FPS-0570,2025-05,WHEAT,200,8,SUMMER,5,2025,189,-0.003,0.96,0
FPS-0571,2025-05,RICE,200,16,SUMMER,5,2025,193,-0.047,0.96,0
FPS-0571,2025-05,WHEAT,200,16,SUMMER,5,2025,205,0.009,0.96,0
FPS-0572,2025-05,RICE,262,22,SUMMER,5,2025,277,0.036,0.96,0
FPS-0572,2025-05,WHEAT,202,22,SUMMER,5,2025,212,0.048,0.96,0
FPS-0573,2025-05,RICE,200,13,SUMMER,5,2025,203,-0.022,0.96,0
FPS-0573,2025-05,WHEAT,200,13,SUMMER,5,2025,199,0.041,0.96,0
FPS-0574,2025-05,RICE,222,20,SUMMER,5,2025,218,-0.028,0.96,0
FPS-0574,2025-05,WHEAT,200,20,SUMMER,5,2025,207,-0.028,0.96,0
FPS-0575,2025-05,RICE,303,25,SUMMER,5,2025,294,0.033,0.96,0
FPS-0575,2025-05,WHEAT,230,25,SUMMER,5,2025,237,0.072,0.96,0
FPS-0576,2025-05,RICE,200,13,SUMMER,5,2025,196,0.008,0.96,0
FPS-0576,2025-05,WHEAT,200,13,SUMMER,5,2025,198,0.023,0.96,0
FPS-0577,2025-05,RICE,200,15,SUMMER,5,2025,203,0.041,0.96,0
FPS-0577,2025-05,WHEAT,200,15,SUMMER,5,2025,194,0.027,0.96,0
FPS-0578,2025-05,RICE,200,11,SUMMER,5,2025,208,0.013,0.96,0
FPS-0578,2025-05,WHEAT,200,11,SUMMER,5,2025,195,0.039,0.96,0
FPS-0579,2025-05,RICE,200,15,SUMMER,5,2025,206,0.062,0.96,0
FPS-0579,2025-05,WHEAT,200,15,SUMMER,5,2025,194,-0.008,0.96,0
FPS-0580,2025-05,RICE,228,22,SUMMER,5,2025,220,-0.003,0.96,0
FPS-0580,2025-05,WHEAT,200,22,SUMMER,5,2025,210,-0.011,0.96,0
FPS-0581,2025-05,RICE,200,19,SUMMER,5,2025,207,0.08,0.96,0
FPS-0581,2025-05,WHEAT,200,19,SUMMER,5,2025,204,-0.008,0.96,0
FPS-0582,2025-05,RICE,200,7,SUMMER,5,2025,198,0.062,0.96,0
FPS-0582,2025-05,WHEAT,200,7,SUMMER,5,2025,193,0.037,0.96,0
FPS-0583,2025-05,RICE,200,12,SUMMER,5,2025,186,0.052,0.96,0
FPS-0583,2025-05,WHEAT,200,12,SUMMER,5,2025,208,0.064,0.96,0
FPS-0584,2025-05,RICE,200,10,SUMMER,5,2025,211,0.006,0.96,0
FPS-0584,2025-05,WHEAT,200,10,SUMMER,5,2025,184,-0.014,0.96,0
FPS-0585,2025-05,RICE,200,15,SUMMER,5,2025,208,-0.034,0.96,0
FPS-0585,2025-05,WHEAT,200,15,SUMMER,5,2025,191,0.07,0.96,0
FPS-0586,2025-05,RICE,200,15,SUMMER,5,2025,194,-0.006,0.96,0
FPS-0586,2025-05,WHEAT,200,15,SUMMER,5,2025,184,-0.049,0.96,0
FPS-0587,2025-05,RICE,202,17,SUMMER,5,2025,213,0.008,0.96,0
FPS-0587,2025-05,WHEAT,200,17,SUMMER,5,2025,207,0.037,0.96,0
FPS-0588,2025-05,RICE,205,19,SUMMER,5,2025,216,-0.017,0.96,0
FPS-0588,2025-05,WHEAT,200,19,SUMMER,5,2025,195,-0.047,0.96,0
FPS-0589,2025-05,RICE,200,13,SUMMER,5,2025,185,-0.011,0.96,0
FPS-0589,2025-05,WHEAT,200,13,SUMMER,5,2025,194,0.035,0.96,0
FPS-0590,2025-05,RICE,200,14,SUMMER,5,2025,189,0.079,0.96,0
FPS-0590,2025-05,WHEAT,200,14,SUMMER,5,2025,192,0.017,0.96,0
FPS-0591,2025-05,RICE,200,15,SUMMER,5,2025,187,0.076,0.96,0
FPS-0591,2025-05,WHEAT,200,15,SUMMER,5,2025,206,0.033,0.96,0
FPS-0592,2025-05,RICE,215,18,SUMMER,5,2025,204,0.07,0.96,0
FPS-0592,2025-05,WHEAT,200,18,SUMMER,5,2025,195,0.01,0.96,0
FPS-0593,2025-05,RICE,297,27,SUMMER,5,2025,302,-0.007,0.96,0
FPS-0593,2025-05,WHEAT,221,27,SUMMER,5,2025,217,0.043,0.96,0
FPS-0594,2025-05,RICE,200,16,SUMMER,5,2025,206,-0.033,0.96,0
FPS-0594,2025-05,WHEAT,200,16,SUMMER,5,2025,191,0.001,0.96,0
FPS-0595,2025-05,RICE,200,15,SUMMER,5,2025,211,-0.031,0.96,0
FPS-0595,2025-05,WHEAT,200,15,SUMMER,5,2025,196,0.012,0.96,0
FPS-0596,2025-05,RICE,200,15,SUMMER,5,2025,202,0.022,0.96,0
FPS-0596,2025-05,WHEAT,200,15,SUMMER,5,2025,187,-0.039,0.96,0
FPS-0597,2025-05,RICE,369,26,SUMMER,5,2025,382,-0.018,0.96,0
FPS-0597,2025-05,WHEAT,291,26,SUMMER,5,2025,275,0.018,0.96,0
FPS-0598,2025-05,RICE,252,16,SUMMER,5,2025,265,0.042,0.96,0
FPS-0598,2025-05,WHEAT,200,16,SUMMER,5,2025,190,-0.011,0.96,0
FPS-0599,2025-05,RICE,200,15,SUMMER,5,2025,199,0.048,0.96,0
FPS-0599,2025-05,WHEAT,200,15,SUMMER,5,2025,198,-0.014,0.96,0
FPS-0600,2025-05,RICE,200,13,SUMMER,5,2025,190,-0.039,0.96,0
FPS-0600,2025-05,WHEAT,200,13,SUMMER,5,2025,195,0.034,0.96,0
FPS-0001,2025-06,RICE,317,22,KHARIF,6,2025,332,-0.006,1.08,0
FPS-0001,2025-06,WHEAT,237,22,KHARIF,6,2025,226,0.005,1.08,0
FPS-0002,2025-06,RICE,200,13,KHARIF,6,2025,191,-0.043,1.08,0
FPS-0002,2025-06,WHEAT,200,13,KHARIF,6,2025,204,0.031,1.08,0
FPS-0003,2025-06,RICE,310,25,KHARIF,6,2025,295,0.005,1.08,0
FPS-0003,2025-06,WHEAT,234,25,KHARIF,6,2025,236,0.075,1.08,0
FPS-0004,2025-06,RICE,200,13,KHARIF,6,2025,185,0.053,1.08,0
FPS-0004,2025-06,WHEAT,200,13,KHARIF,6,2025,203,0.0,1.08,0
FPS-0005,2025-06,RICE,223,18,KHARIF,6,2025,213,0.013,1.08,0
FPS-0005,2025-06,WHEAT,200,18,KHARIF,6,2025,185,-0.031,1.08,0
FPS-0006,2025-06,RICE,342,20,KHARIF,6,2025,342,0.05,1.08,0
FPS-0006,2025-06,WHEAT,211,20,KHARIF,6,2025,221,-0.046,1.08,0
FPS-0007,2025-06,RICE,200,11,KHARIF,6,2025,197,0.035,1.08,0
FPS-0007,2025-06,WHEAT,200,11,KHARIF,6,2025,196,0.071,1.08,0
FPS-0008,2025-06,RICE,220,17,KHARIF,6,2025,218,0.01,1.08,0
FPS-0008,2025-06,WHEAT,200,17,KHARIF,6,2025,195,0.003,1.08,0
FPS-0009,2025-06,RICE,200,13,KHARIF,6,2025,199,0.042,1.08,0
FPS-0009,2025-06,WHEAT,200,13,KHARIF,6,2025,202,0.066,1.08,0
FPS-0010,2025-06,RICE,274,17,KHARIF,6,2025,268,0.069,1.08,0
FPS-0010,2025-06,WHEAT,200,17,KHARIF,6,2025,191,0.023,1.08,0
FPS-0011,2025-06,RICE,200,14,KHARIF,6,2025,192,0.03,1.08,0
FPS-0011,2025-06,WHEAT,200,14,KHARIF,6,2025,202,0.041,1.08,0
FPS-0012,2025-06,RICE,286,20,KHARIF,6,2025,297,0.041,1.08,0
FPS-0012,2025-06,WHEAT,212,20,KHARIF,6,2025,213,0.027,1.08,0
FPS-0013,2025-06,RICE,258,17,KHARIF,6,2025,246,0.025,1.08,0
FPS-0013,2025-06,WHEAT,200,17,KHARIF,6,2025,207,-0.023,1.08,0
FPS-0014,2025-06,RICE,200,11,KHARIF,6,2025,202,-0.013,1.08,0
FPS-0014,2025-06,WHEAT,200,11,KHARIF,6,2025,185,-0.029,1.08,0
FPS-0015,2025-06,RICE,218,14,KHARIF,6,2025,207,0.01,1.08,0
FPS-0015,2025-06,WHEAT,200,14,KHARIF,6,2025,202,0.03,1.08,0
FPS-0016,2025-06,RICE,232,20,KHARIF,6,2025,231,-0.022,1.08,0
FPS-0016,2025-06,WHEAT,200,20,KHARIF,6,2025,194,-0.039,1.08,0
FPS-0017,2025-06,RICE,200,15,KHARIF,6,2025,209,-0.014,1.08,0
FPS-0017,2025-06,WHEAT,200,15,KHARIF,6,2025,204,0.024,1.08,0
FPS-0018,2025-06,RICE,320,24,KHARIF,6,2025,301,0.007,1.08,0
FPS-0018,2025-06,WHEAT,235,24,KHARIF,6,2025,230,-0.0,1.08,0
FPS-0019,2025-06,RICE,271,18,KHARIF,6,2025,278,0.044,1.08,0
FPS-0019,2025-06,WHEAT,200,18,KHARIF,6,2025,209,0.012,1.08,0
FPS-0020,2025-06,RICE,217,15,KHARIF,6,2025,218,0.068,1.08,0
FPS-0020,2025-06,WHEAT,200,15,KHARIF,6,2025,207,0.061,1.08,0
FPS-0021,2025-06,RICE,338,26,KHARIF,6,2025,350,0.015,1.08,0
FPS-0021,2025-06,WHEAT,252,26,KHARIF,6,2025,265,-0.024,1.08,0
FPS-0022,2025-06,RICE,200,15,KHARIF,6,2025,206,0.02,1.08,0
FPS-0022,2025-06,WHEAT,200,15,KHARIF,6,2025,184,0.064,1.08,0
FPS-0023,2025-06,RICE,216,16,KHARIF,6,2025,214,0.062,1.08,0
FPS-0023,2025-06,WHEAT,200,16,KHARIF,6,2025,185,-0.014,1.08,0
FPS-0024,2025-06,RICE,200,18,KHARIF,6,2025,194,-0.013,1.08,0
FPS-0024,2025-06,WHEAT,200,18,KHARIF,6,2025,203,0.078,1.08,0
FPS-0025,2025-06,RICE,224,19,KHARIF,6,2025,296,0.064,1.08,1
FPS-0025,2025-06,WHEAT,224,19,KHARIF,6,2025,227,0.034,1.08,0
FPS-0026,2025-06,RICE,215,16,KHARIF,6,2025,219,0.015,1.08,0
FPS-0026,2025-06,WHEAT,200,16,KHARIF,6,2025,191,-0.011,1.08,0
FPS-0027,2025-06,RICE,200,15,KHARIF,6,2025,189,-0.005,1.08,0
FPS-0027,2025-06,WHEAT,200,15,KHARIF,6,2025,210,0.003,1.08,0
FPS-0028,2025-06,RICE,200,12,KHARIF,6,2025,191,-0.041,1.08,0
FPS-0028,2025-06,WHEAT,200,12,KHARIF,6,2025,203,-0.012,1.08,0
FPS-0029,2025-06,RICE,279,21,KHARIF,6,2025,273,0.04,1.08,0
FPS-0029,2025-06,WHEAT,200,21,KHARIF,6,2025,204,0.003,1.08,0
FPS-0030,2025-06,RICE,200,10,KHARIF,6,2025,186,0.046,1.08,0
FPS-0030,2025-06,WHEAT,200,10,KHARIF,6,2025,207,-0.03,1.08,0
FPS-0031,2025-06,RICE,200,13,KHARIF,6,2025,200,-0.025,1.08,0
FPS-0031,2025-06,WHEAT,200,13,KHARIF,6,2025,187,0.003,1.08,0
FPS-0032,2025-06,RICE,217,17,KHARIF,6,2025,218,-0.007,1.08,0
FPS-0032,2025-06,WHEAT,200,17,KHARIF,6,2025,203,0.062,1.08,0
FPS-0033,2025-06,RICE,257,14,KHARIF,6,2025,262,0.029,1.08,0
FPS-0033,2025-06,WHEAT,200,14,KHARIF,6,2025,202,-0.012,1.08,0
FPS-0034,2025-06,RICE,271,18,KHARIF,6,2025,278,0.063,1.08,0
FPS-0034,2025-06,WHEAT,200,18,KHARIF,6,2025,188,-0.024,1.08,0
FPS-0035,2025-06,RICE,186,18,KHARIF,6,2025,250,0.017,1.08,1
FPS-0035,2025-06,WHEAT,200,18,KHARIF,6,2025,196,0.023,1.08,0
FPS-0036,2025-06,RICE,268,23,KHARIF,6,2025,260,-0.039,1.08,0
FPS-0036,2025-06,WHEAT,200,23,KHARIF,6,2025,201,-0.033,1.08,0
FPS-0037,2025-06,RICE,272,20,KHARIF,6,2025,269,0.025,1.08,0
FPS-0037,2025-06,WHEAT,200,20,KHARIF,6,2025,207,-0.004,1.08,0
FPS-0038,2025-06,RICE,271,20,KHARIF,6,2025,268,-0.036,1.08,0
FPS-0038,2025-06,WHEAT,214,20,KHARIF,6,2025,204,0.057,1.08,0
FPS-0039,2025-06,RICE,270,20,KHARIF,6,2025,253,0.047,1.08,0
FPS-0039,2025-06,WHEAT,200,20,KHARIF,6,2025,207,0.061,1.08,0
FPS-0040,2025-06,RICE,200,12,KHARIF,6,2025,206,-0.0,1.08,0
FPS-0040,2025-06,WHEAT,200,12,KHARIF,6,2025,207,-0.02,1.08,0
FPS-0041,2025-06,RICE,200,13,KHARIF,6,2025,206,0.042,1.08,0
FPS-0041,2025-06,WHEAT,200,13,KHARIF,6,2025,189,0.023,1.08,0
FPS-0042,2025-06,RICE,209,18,KHARIF,6,2025,215,0.008,1.08,0
FPS-0042,2025-06,WHEAT,200,18,KHARIF,6,2025,192,0.026,1.08,0
FPS-0043,2025-06,RICE,202,17,KHARIF,6,2025,187,0.045,1.08,0
FPS-0043,2025-06,WHEAT,200,17,KHARIF,6,2025,189,0.019,1.08,0
FPS-0044,2025-06,RICE,200,15,KHARIF,6,2025,190,0.046,1.08,0
FPS-0044,2025-06,WHEAT,200,15,KHARIF,6,2025,199,-0.048,1.08,0
FPS-0045,2025-06,RICE,256,21,KHARIF,6,2025,254,-0.024,1.08,0
FPS-0045,2025-06,WHEAT,200,21,KHARIF,6,2025,187,0.078,1.08,0
FPS-0046,2025-06,RICE,200,13,KHARIF,6,2025,199,-0.04,1.08,0
FPS-0046,2025-06,WHEAT,200,13,KHARIF,6,2025,207,-0.018,1.08,0
FPS-0047,2025-06,RICE,292,21,KHARIF,6,2025,298,0.04,1.08,0
FPS-0047,2025-06,WHEAT,200,21,KHARIF,6,2025,198,-0.002,1.08,0
FPS-0048,2025-06,RICE,200,12,KHARIF,6,2025,198,-0.042,1.08,0
FPS-0048,2025-06,WHEAT,200,12,KHARIF,6,2025,199,0.061,1.08,0
FPS-0049,2025-06,RICE,222,17,KHARIF,6,2025,228,-0.046,1.08,0
FPS-0049,2025-06,WHEAT,200,17,KHARIF,6,2025,205,0.071,1.08,0
FPS-0050,2025-06,RICE,327,23,KHARIF,6,2025,323,0.022,1.08,0
FPS-0050,2025-06,WHEAT,235,23,KHARIF,6,2025,234,0.039,1.08,0
FPS-0051,2025-06,RICE,249,19,KHARIF,6,2025,235,0.042,1.08,0
FPS-0051,2025-06,WHEAT,200,19,KHARIF,6,2025,203,0.057,1.08,0
FPS-0052,2025-06,RICE,277,19,KHARIF,6,2025,261,0.039,1.08,0
FPS-0052,2025-06,WHEAT,200,19,KHARIF,6,2025,208,0.007,1.08,0
FPS-0053,2025-06,RICE,211,17,KHARIF,6,2025,215,0.036,1.08,0
FPS-0053,2025-06,WHEAT,200,17,KHARIF,6,2025,193,-0.001,1.08,0
FPS-0054,2025-06,RICE,200,14,KHARIF,6,2025,201,-0.042,1.08,0
FPS-0054,2025-06,WHEAT,200,14,KHARIF,6,2025,208,0.045,1.08,0
FPS-0055,2025-06,RICE,289,20,KHARIF,6,2025,290,0.07,1.08,0
FPS-0055,2025-06,WHEAT,200,20,KHARIF,6,2025,184,-0.031,1.08,0
FPS-0056,2025-06,RICE,232,19,KHARIF,6,2025,219,0.062,1.08,0
FPS-0056,2025-06,WHEAT,200,19,KHARIF,6,2025,194,0.002,1.08,0
FPS-0057,2025-06,RICE,267,18,KHARIF,6,2025,280,0.075,1.08,0
FPS-0057,2025-06,WHEAT,140,18,KHARIF,6,2025,205,-0.045,1.08,1
FPS-0058,2025-06,RICE,259,19,KHARIF,6,2025,270,0.034,1.08,0
FPS-0058,2025-06,WHEAT,200,19,KHARIF,6,2025,184,-0.012,1.08,0
FPS-0059,2025-06,RICE,226,17,KHARIF,6,2025,221,-0.029,1.08,0
FPS-0059,2025-06,WHEAT,200,17,KHARIF,6,2025,207,-0.029,1.08,0
FPS-0060,2025-06,RICE,259,22,KHARIF,6,2025,245,0.041,1.08,0
FPS-0060,2025-06,WHEAT,200,22,KHARIF,6,2025,208,-0.003,1.08,0
FPS-0061,2025-06,RICE,200,15,KHARIF,6,2025,190,0.047,1.08,0
FPS-0061,2025-06,WHEAT,200,15,KHARIF,6,2025,207,0.01,1.08,0
FPS-0062,2025-06,RICE,200,12,KHARIF,6,2025,196,0.057,1.08,0
FPS-0062,2025-06,WHEAT,200,12,KHARIF,6,2025,195,0.062,1.08,0
FPS-0063,2025-06,RICE,263,20,KHARIF,6,2025,247,0.001,1.08,0
FPS-0063,2025-06,WHEAT,202,20,KHARIF,6,2025,193,0.075,1.08,0
FPS-0064,2025-06,RICE,200,15,KHARIF,6,2025,210,0.007,1.08,0
FPS-0064,2025-06,WHEAT,200,15,KHARIF,6,2025,186,-0.035,1.08,0
FPS-0065,2025-06,RICE,200,16,KHARIF,6,2025,207,0.052,1.08,0
FPS-0065,2025-06,WHEAT,200,16,KHARIF,6,2025,196,-0.045,1.08,0
FPS-0066,2025-06,RICE,214,17,KHARIF,6,2025,221,0.038,1.08,0
FPS-0066,2025-06,WHEAT,200,17,KHARIF,6,2025,194,0.017,1.08,0
FPS-0067,2025-06,RICE,206,13,KHARIF,6,2025,200,0.079,1.08,0
FPS-0067,2025-06,WHEAT,200,13,KHARIF,6,2025,198,-0.043,1.08,0
FPS-0068,2025-06,RICE,223,20,KHARIF,6,2025,223,0.053,1.08,0
FPS-0068,2025-06,WHEAT,200,20,KHARIF,6,2025,207,-0.019,1.08,0
FPS-0069,2025-06,RICE,200,16,KHARIF,6,2025,197,-0.048,1.08,0
FPS-0069,2025-06,WHEAT,200,16,KHARIF,6,2025,196,-0.017,1.08,0
FPS-0070,2025-06,RICE,235,16,KHARIF,6,2025,245,0.048,1.08,0
FPS-0070,2025-06,WHEAT,200,16,KHARIF,6,2025,186,-0.021,1.08,0
FPS-0071,2025-06,RICE,200,15,KHARIF,6,2025,205,-0.016,1.08,0
FPS-0071,2025-06,WHEAT,200,15,KHARIF,6,2025,209,0.009,1.08,0
FPS-0072,2025-06,RICE,308,22,KHARIF,6,2025,293,0.023,1.08,0
FPS-0072,2025-06,WHEAT,230,22,KHARIF,6,2025,228,0.076,1.08,0
FPS-0073,2025-06,RICE,278,21,KHARIF,6,2025,288,-0.001,1.08,0
FPS-0073,2025-06,WHEAT,200,21,KHARIF,6,2025,189,0.013,1.08,0
FPS-0074,2025-06,RICE,200,11,KHARIF,6,2025,187,-0.035,1.08,0
FPS-0074,2025-06,WHEAT,200,11,KHARIF,6,2025,204,0.002,1.08,0
FPS-0075,2025-06,RICE,269,21,KHARIF,6,2025,264,0.001,1.08,0
FPS-0075,2025-06,WHEAT,200,21,KHARIF,6,2025,205,0.035,1.08,0
FPS-0076,2025-06,RICE,325,19,KHARIF,6,2025,323,0.026,1.08,0
FPS-0076,2025-06,WHEAT,214,19,KHARIF,6,2025,198,-0.035,1.08,0
FPS-0077,2025-06,RICE,200,15,KHARIF,6,2025,208,0.017,1.08,0
FPS-0077,2025-06,WHEAT,200,15,KHARIF,6,2025,196,0.025,1.08,0
FPS-0078,2025-06,RICE,264,20,KHARIF,6,2025,262,0.079,1.08,0
FPS-0078,2025-06,WHEAT,200,20,KHARIF,6,2025,201,0.072,1.08,0
FPS-0079,2025-06,RICE,200,11,KHARIF,6,2025,191,0.066,1.08,0
FPS-0079,2025-06,WHEAT,200,11,KHARIF,6,2025,199,0.032,1.08,0
FPS-0080,2025-06,RICE,210,15,KHARIF,6,2025,209,0.049,1.08,0
FPS-0080,2025-06,WHEAT,200,15,KHARIF,6,2025,195,-0.033,1.08,0
FPS-0081,2025-06,RICE,246,21,KHARIF,6,2025,247,-0.007,1.08,0
FPS-0081,2025-06,WHEAT,200,21,KHARIF,6,2025,202,-0.004,1.08,0
FPS-0082,2025-06,RICE,267,22,KHARIF,6,2025,272,0.0,1.08,0
FPS-0082,2025-06,WHEAT,202,22,KHARIF,6,2025,198,0.048,1.08,0
FPS-0083,2025-06,RICE,247,18,KHARIF,6,2025,232,-0.028,1.08,0
FPS-0083,2025-06,WHEAT,200,18,KHARIF,6,2025,188,0.007,1.08,0
FPS-0084,2025-06,RICE,297,20,KHARIF,6,2025,277,-0.025,1.08,0
FPS-0084,2025-06,WHEAT,233,20,KHARIF,6,2025,245,0.063,1.08,0
FPS-0085,2025-06,RICE,200,14,KHARIF,6,2025,197,0.028,1.08,0
FPS-0085,2025-06,WHEAT,200,14,KHARIF,6,2025,206,-0.006,1.08,0
FPS-0086,2025-06,RICE,200,14,KHARIF,6,2025,184,-0.031,1.08,0
FPS-0086,2025-06,WHEAT,200,14,KHARIF,6,2025,198,-0.019,1.08,0
FPS-0087,2025-06,RICE,200,13,KHARIF,6,2025,194,-0.049,1.08,0
FPS-0087,2025-06,WHEAT,200,13,KHARIF,6,2025,189,0.012,1.08,0
FPS-0088,2025-06,RICE,215,15,KHARIF,6,2025,219,0.036,1.08,0
FPS-0088,2025-06,WHEAT,200,15,KHARIF,6,2025,187,-0.037,1.08,0
FPS-0089,2025-06,RICE,261,18,KHARIF,6,2025,266,0.067,1.08,0
FPS-0089,2025-06,WHEAT,140,18,KHARIF,6,2025,196,-0.007,1.08,1
FPS-0090,2025-06,RICE,224,15,KHARIF,6,2025,234,-0.004,1.08,0
FPS-0090,2025-06,WHEAT,200,15,KHARIF,6,2025,192,0.062,1.08,0
FPS-0091,2025-06,RICE,223,18,KHARIF,6,2025,230,0.073,1.08,0
FPS-0091,2025-06,WHEAT,200,18,KHARIF,6,2025,190,-0.025,1.08,0
FPS-0092,2025-06,RICE,309,21,KHARIF,6,2025,314,0.052,1.08,0
FPS-0092,2025-06,WHEAT,212,21,KHARIF,6,2025,214,0.022,1.08,0
FPS-0093,2025-06,RICE,300,24,KHARIF,6,2025,317,-0.014,1.08,0
FPS-0093,2025-06,WHEAT,235,24,KHARIF,6,2025,239,0.075,1.08,0
FPS-0094,2025-06,RICE,309,19,KHARIF,6,2025,304,0.067,1.08,0
FPS-0094,2025-06,WHEAT,212,19,KHARIF,6,2025,196,0.012,1.08,0
FPS-0095,2025-06,RICE,313,26,KHARIF,6,2025,318,-0.008,1.08,0
FPS-0095,2025-06,WHEAT,224,26,KHARIF,6,2025,228,0.05,1.08,0
FPS-0096,2025-06,RICE,200,13,KHARIF,6,2025,207,0.017,1.08,0
FPS-0096,2025-06,WHEAT,200,13,KHARIF,6,2025,205,-0.012,1.08,0
FPS-0097,2025-06,RICE,310,20,KHARIF,6,2025,295,0.032,1.08,0
FPS-0097,2025-06,WHEAT,210,20,KHARIF,6,2025,214,-0.046,1.08,0
FPS-0098,2025-06,RICE,312,20,KHARIF,6,2025,313,0.064,1.08,0
FPS-0098,2025-06,WHEAT,213,20,KHARIF,6,2025,220,0.015,1.08,0
FPS-0099,2025-06,RICE,206,16,KHARIF,6,2025,206,0.022,1.08,0
FPS-0099,2025-06,WHEAT,200,16,KHARIF,6,2025,192,-0.023,1.08,0
FPS-0100,2025-06,RICE,200,12,KHARIF,6,2025,210,0.019,1.08,0
FPS-0100,2025-06,WHEAT,200,12,KHARIF,6,2025,184,0.022,1.08,0
FPS-0101,2025-06,RICE,319,19,KHARIF,6,2025,335,0.001,1.08,0
FPS-0101,2025-06,WHEAT,215,19,KHARIF,6,2025,203,-0.03,1.08,0
FPS-0102,2025-06,RICE,200,15,KHARIF,6,2025,199,0.005,1.08,0
FPS-0102,2025-06,WHEAT,200,15,KHARIF,6,2025,206,0.024,1.08,0
FPS-0103,2025-06,RICE,336,23,KHARIF,6,2025,343,0.043,1.08,0
FPS-0103,2025-06,WHEAT,248,23,KHARIF,6,2025,243,0.068,1.08,0
FPS-0104,2025-06,RICE,200,14,KHARIF,6,2025,198,0.03,1.08,0
FPS-0104,2025-06,WHEAT,140,14,KHARIF,6,2025,198,0.054,1.08,1
FPS-0105,2025-06,RICE,327,23,KHARIF,6,2025,343,-0.027,1.08,0
FPS-0105,2025-06,WHEAT,221,23,KHARIF,6,2025,226,-0.036,1.08,0
FPS-0106,2025-06,RICE,200,14,KHARIF,6,2025,200,-0.011,1.08,0
FPS-0106,2025-06,WHEAT,200,14,KHARIF,6,2025,191,0.046,1.08,0
FPS-0107,2025-06,RICE,204,18,KHARIF,6,2025,189,0.036,1.08,0
FPS-0107,2025-06,WHEAT,200,18,KHARIF,6,2025,207,-0.041,1.08,0
FPS-0108,2025-06,RICE,200,10,KHARIF,6,2025,199,-0.006,1.08,0
FPS-0108,2025-06,WHEAT,200,10,KHARIF,6,2025,192,0.054,1.08,0
FPS-0109,2025-06,RICE,200,14,KHARIF,6,2025,198,0.078,1.08,0
FPS-0109,2025-06,WHEAT,200,14,KHARIF,6,2025,185,-0.041,1.08,0
FPS-0110,2025-06,RICE,200,17,KHARIF,6,2025,186,0.061,1.08,0
FPS-0110,2025-06,WHEAT,200,17,KHARIF,6,2025,197,0.068,1.08,0
FPS-0111,2025-06,RICE,200,13,KHARIF,6,2025,202,0.065,1.08,0
FPS-0111,2025-06,WHEAT,200,13,KHARIF,6,2025,201,0.004,1.08,0
FPS-0112,2025-06,RICE,200,14,KHARIF,6,2025,203,0.032,1.08,0
FPS-0112,2025-06,WHEAT,200,14,KHARIF,6,2025,211,-0.041,1.08,0
FPS-0113,2025-06,RICE,200,8,KHARIF,6,2025,197,0.055,1.08,0
FPS-0113,2025-06,WHEAT,200,8,KHARIF,6,2025,190,-0.005,1.08,0
FPS-0114,2025-06,RICE,212,15,KHARIF,6,2025,213,0.026,1.08,0
FPS-0114,2025-06,WHEAT,200,15,KHARIF,6,2025,203,0.042,1.08,0
FPS-0115,2025-06,RICE,200,13,KHARIF,6,2025,204,0.0,1.08,0
FPS-0115,2025-06,WHEAT,200,13,KHARIF,6,2025,188,0.07,1.08,0
FPS-0116,2025-06,RICE,200,9,KHARIF,6,2025,208,-0.047,1.08,0
FPS-0116,2025-06,WHEAT,200,9,KHARIF,6,2025,192,0.042,1.08,0
FPS-0117,2025-06,RICE,200,17,KHARIF,6,2025,202,0.016,1.08,0
FPS-0117,2025-06,WHEAT,140,17,KHARIF,6,2025,201,0.047,1.08,1
FPS-0118,2025-06,RICE,217,19,KHARIF,6,2025,217,0.022,1.08,0
FPS-0118,2025-06,WHEAT,200,19,KHARIF,6,2025,203,0.074,1.08,0
FPS-0119,2025-06,RICE,200,15,KHARIF,6,2025,203,-0.045,1.08,0
FPS-0119,2025-06,WHEAT,200,15,KHARIF,6,2025,185,-0.007,1.08,0
FPS-0120,2025-06,RICE,221,16,KHARIF,6,2025,226,0.064,1.08,0
FPS-0120,2025-06,WHEAT,200,16,KHARIF,6,2025,194,-0.003,1.08,0
FPS-0121,2025-06,RICE,200,15,KHARIF,6,2025,204,-0.006,1.08,0
FPS-0121,2025-06,WHEAT,200,15,KHARIF,6,2025,201,0.05,1.08,0
FPS-0122,2025-06,RICE,200,14,KHARIF,6,2025,209,-0.015,1.08,0
FPS-0122,2025-06,WHEAT,200,14,KHARIF,6,2025,193,0.054,1.08,0
FPS-0123,2025-06,RICE,200,14,KHARIF,6,2025,204,0.067,1.08,0
FPS-0123,2025-06,WHEAT,200,14,KHARIF,6,2025,208,-0.034,1.08,0
FPS-0124,2025-06,RICE,315,21,KHARIF,6,2025,330,0.026,1.08,0
FPS-0124,2025-06,WHEAT,244,21,KHARIF,6,2025,249,0.065,1.08,0
FPS-0125,2025-06,RICE,200,14,KHARIF,6,2025,189,-0.033,1.08,0
FPS-0125,2025-06,WHEAT,200,14,KHARIF,6,2025,205,0.035,1.08,0
FPS-0126,2025-06,RICE,200,13,KHARIF,6,2025,185,0.029,1.08,0
FPS-0126,2025-06,WHEAT,200,13,KHARIF,6,2025,186,-0.013,1.08,0
FPS-0127,2025-06,RICE,200,11,KHARIF,6,2025,199,0.01,1.08,0
FPS-0127,2025-06,WHEAT,200,11,KHARIF,6,2025,202,0.014,1.08,0
FPS-0128,2025-06,RICE,200,12,KHARIF,6,2025,184,0.044,1.08,0
FPS-0128,2025-06,WHEAT,200,12,KHARIF,6,2025,184,0.034,1.08,0
FPS-0129,2025-06,RICE,201,17,KHARIF,6,2025,194,-0.019,1.08,0
FPS-0129,2025-06,WHEAT,200,17,KHARIF,6,2025,196,0.021,1.08,0
FPS-0130,2025-06,RICE,200,16,KHARIF,6,2025,191,-0.024,1.08,0
FPS-0130,2025-06,WHEAT,200,16,KHARIF,6,2025,206,0.013,1.08,0
FPS-0131,2025-06,RICE,200,15,KHARIF,6,2025,208,0.054,1.08,0
FPS-0131,2025-06,WHEAT,200,15,KHARIF,6,2025,208,0.003,1.08,0
FPS-0132,2025-06,RICE,292,23,KHARIF,6,2025,309,-0.009,1.08,0
FPS-0132,2025-06,WHEAT,219,23,KHARIF,6,2025,211,-0.01,1.08,0
FPS-0133,2025-06,RICE,200,13,KHARIF,6,2025,195,0.072,1.08,0
FPS-0133,2025-06,WHEAT,200,13,KHARIF,6,2025,185,0.032,1.08,0
FPS-0134,2025-06,RICE,206,16,KHARIF,6,2025,192,-0.007,1.08,0
FPS-0134,2025-06,WHEAT,200,16,KHARIF,6,2025,186,-0.018,1.08,0
FPS-0135,2025-06,RICE,140,15,KHARIF,6,2025,211,0.057,1.08,1
FPS-0135,2025-06,WHEAT,200,15,KHARIF,6,2025,204,-0.037,1.08,0
FPS-0136,2025-06,RICE,245,16,KHARIF,6,2025,230,0.059,1.08,0
FPS-0136,2025-06,WHEAT,200,16,KHARIF,6,2025,192,0.003,1.08,0
FPS-0137,2025-06,RICE,200,15,KHARIF,6,2025,190,0.038,1.08,0
FPS-0137,2025-06,WHEAT,200,15,KHARIF,6,2025,204,0.018,1.08,0
FPS-0138,2025-06,RICE,324,23,KHARIF,6,2025,322,0.072,1.08,0
FPS-0138,2025-06,WHEAT,203,23,KHARIF,6,2025,213,-0.043,1.08,0
FPS-0139,2025-06,RICE,220,17,KHARIF,6,2025,221,-0.024,1.08,0
FPS-0139,2025-06,WHEAT,200,17,KHARIF,6,2025,186,-0.033,1.08,0
FPS-0140,2025-06,RICE,200,14,KHARIF,6,2025,192,0.077,1.08,0
FPS-0140,2025-06,WHEAT,200,14,KHARIF,6,2025,199,0.002,1.08,0
FPS-0141,2025-06,RICE,140,9,KHARIF,6,2025,198,-0.036,1.08,1
FPS-0141,2025-06,WHEAT,200,9,KHARIF,6,2025,188,0.066,1.08,0
FPS-0142,2025-06,RICE,244,20,KHARIF,6,2025,246,-0.019,1.08,0
FPS-0142,2025-06,WHEAT,200,20,KHARIF,6,2025,211,-0.013,1.08,0
FPS-0143,2025-06,RICE,266,22,KHARIF,6,2025,270,-0.009,1.08,0
FPS-0143,2025-06,WHEAT,200,22,KHARIF,6,2025,189,0.028,1.08,0
FPS-0144,2025-06,RICE,267,22,KHARIF,6,2025,268,-0.049,1.08,0
FPS-0144,2025-06,WHEAT,211,22,KHARIF,6,2025,197,0.009,1.08,0
FPS-0145,2025-06,RICE,200,15,KHARIF,6,2025,200,-0.036,1.08,0
FPS-0145,2025-06,WHEAT,200,15,KHARIF,6,2025,202,0.056,1.08,0
FPS-0146,2025-06,RICE,200,13,KHARIF,6,2025,190,0.0,1.08,0
FPS-0146,2025-06,WHEAT,200,13,KHARIF,6,2025,209,0.051,1.08,0
FPS-0147,2025-06,RICE,240,20,KHARIF,6,2025,239,0.04,1.08,0
FPS-0147,2025-06,WHEAT,200,20,KHARIF,6,2025,207,-0.049,1.08,0
FPS-0148,2025-06,RICE,313,25,KHARIF,6,2025,329,-0.021,1.08,0
FPS-0148,2025-06,WHEAT,232,25,KHARIF,6,2025,219,0.025,1.08,0
FPS-0149,2025-06,RICE,338,25,KHARIF,6,2025,316,-0.022,1.08,0
FPS-0149,2025-06,WHEAT,256,25,KHARIF,6,2025,261,-0.016,1.08,0
FPS-0150,2025-06,RICE,200,13,KHARIF,6,2025,184,0.064,1.08,0
FPS-0150,2025-06,WHEAT,200,13,KHARIF,6,2025,191,-0.043,1.08,0
FPS-0151,2025-06,RICE,266,22,KHARIF,6,2025,252,-0.007,1.08,0
FPS-0151,2025-06,WHEAT,208,22,KHARIF,6,2025,219,0.06,1.08,0
FPS-0152,2025-06,RICE,230,19,KHARIF,6,2025,240,-0.016,1.08,0
FPS-0152,2025-06,WHEAT,200,19,KHARIF,6,2025,200,0.049,1.08,0
FPS-0153,2025-06,RICE,235,17,KHARIF,6,2025,232,-0.006,1.08,0
FPS-0153,2025-06,WHEAT,200,17,KHARIF,6,2025,199,-0.01,1.08,0
FPS-0154,2025-06,RICE,200,18,KHARIF,6,2025,209,0.039,1.08,0
FPS-0154,2025-06,WHEAT,200,18,KHARIF,6,2025,211,0.042,1.08,0
FPS-0155,2025-06,RICE,251,17,KHARIF,6,2025,240,0.024,1.08,0
FPS-0155,2025-06,WHEAT,200,17,KHARIF,6,2025,201,0.031,1.08,0
FPS-0156,2025-06,RICE,200,14,KHARIF,6,2025,185,-0.033,1.08,0
FPS-0156,2025-06,WHEAT,200,14,KHARIF,6,2025,184,0.027,1.08,0
FPS-0157,2025-06,RICE,214,18,KHARIF,6,2025,209,-0.034,1.08,0
FPS-0157,2025-06,WHEAT,140,18,KHARIF,6,2025,190,0.001,1.08,1
FPS-0158,2025-06,RICE,208,16,KHARIF,6,2025,214,0.04,1.08,0
FPS-0158,2025-06,WHEAT,200,16,KHARIF,6,2025,201,0.05,1.08,0
FPS-0159,2025-06,RICE,205,16,KHARIF,6,2025,207,0.02,1.08,0
FPS-0159,2025-06,WHEAT,200,16,KHARIF,6,2025,194,0.076,1.08,0
FPS-0160,2025-06,RICE,200,11,KHARIF,6,2025,185,0.077,1.08,0
FPS-0160,2025-06,WHEAT,200,11,KHARIF,6,2025,211,0.024,1.08,0
FPS-0161,2025-06,RICE,280,23,KHARIF,6,2025,273,-0.042,1.08,0
FPS-0161,2025-06,WHEAT,219,23,KHARIF,6,2025,208,0.035,1.08,0
FPS-0162,2025-06,RICE,200,16,KHARIF,6,2025,206,0.014,1.08,0
FPS-0162,2025-06,WHEAT,200,16,KHARIF,6,2025,195,0.013,1.08,0
FPS-0163,2025-06,RICE,208,16,KHARIF,6,2025,209,0.023,1.08,0
FPS-0163,2025-06,WHEAT,200,16,KHARIF,6,2025,195,-0.019,1.08,0
FPS-0164,2025-06,RICE,200,13,KHARIF,6,2025,190,0.01,1.08,0
FPS-0164,2025-06,WHEAT,200,13,KHARIF,6,2025,189,0.066,1.08,0
FPS-0165,2025-06,RICE,205,14,KHARIF,6,2025,193,0.068,1.08,0
FPS-0165,2025-06,WHEAT,200,14,KHARIF,6,2025,201,-0.033,1.08,0
FPS-0166,2025-06,RICE,236,19,KHARIF,6,2025,239,0.037,1.08,0
FPS-0166,2025-06,WHEAT,200,19,KHARIF,6,2025,211,-0.01,1.08,0
FPS-0167,2025-06,RICE,203,19,KHARIF,6,2025,211,0.048,1.08,0
FPS-0167,2025-06,WHEAT,200,19,KHARIF,6,2025,209,-0.001,1.08,0
FPS-0168,2025-06,RICE,200,11,KHARIF,6,2025,195,-0.048,1.08,0
FPS-0168,2025-06,WHEAT,140,11,KHARIF,6,2025,206,0.032,1.08,1
FPS-0169,2025-06,RICE,200,17,KHARIF,6,2025,209,-0.038,1.08,0
FPS-0169,2025-06,WHEAT,200,17,KHARIF,6,2025,210,-0.021,1.08,0
FPS-0170,2025-06,RICE,211,19,KHARIF,6,2025,196,0.069,1.08,0
FPS-0170,2025-06,WHEAT,200,19,KHARIF,6,2025,201,-0.027,1.08,0
FPS-0171,2025-06,RICE,200,13,KHARIF,6,2025,191,0.044,1.08,0
FPS-0171,2025-06,WHEAT,200,13,KHARIF,6,2025,203,0.072,1.08,0
FPS-0172,2025-06,RICE,249,20,KHARIF,6,2025,259,0.023,1.08,0
FPS-0172,2025-06,WHEAT,200,20,KHARIF,6,2025,200,-0.034,1.08,0
FPS-0173,2025-06,RICE,231,15,KHARIF,6,2025,241,0.03,1.08,0
FPS-0173,2025-06,WHEAT,200,15,KHARIF,6,2025,190,0.009,1.08,0
FPS-0174,2025-06,RICE,278,23,KHARIF,6,2025,285,0.01,1.08,0
FPS-0174,2025-06,WHEAT,204,23,KHARIF,6,2025,201,0.039,1.08,0
FPS-0175,2025-06,RICE,260,21,KHARIF,6,2025,258,0.042,1.08,0
FPS-0175,2025-06,WHEAT,200,21,KHARIF,6,2025,190,-0.001,1.08,0
FPS-0176,2025-06,RICE,140,14,KHARIF,6,2025,197,-0.035,1.08,1
FPS-0176,2025-06,WHEAT,200,14,KHARIF,6,2025,195,-0.023,1.08,0
FPS-0177,2025-06,RICE,200,14,KHARIF,6,2025,210,0.076,1.08,0
FPS-0177,2025-06,WHEAT,200,14,KHARIF,6,2025,210,0.038,1.08,0
FPS-0178,2025-06,RICE,200,15,KHARIF,6,2025,211,-0.006,1.08,0
FPS-0178,2025-06,WHEAT,200,15,KHARIF,6,2025,197,-0.004,1.08,0
FPS-0179,2025-06,RICE,305,21,KHARIF,6,2025,312,0.067,1.08,0
FPS-0179,2025-06,WHEAT,200,21,KHARIF,6,2025,211,-0.017,1.08,0
FPS-0180,2025-06,RICE,200,14,KHARIF,6,2025,203,-0.008,1.08,0
FPS-0180,2025-06,WHEAT,200,14,KHARIF,6,2025,186,-0.016,1.08,0
FPS-0181,2025-06,RICE,238,20,KHARIF,6,2025,238,0.013,1.08,0
FPS-0181,2025-06,WHEAT,200,20,KHARIF,6,2025,210,-0.049,1.08,0
FPS-0182,2025-06,RICE,219,17,KHARIF,6,2025,231,-0.005,1.08,0
FPS-0182,2025-06,WHEAT,200,17,KHARIF,6,2025,197,0.02,1.08,0
FPS-0183,2025-06,RICE,235,16,KHARIF,6,2025,232,0.043,1.08,0
FPS-0183,2025-06,WHEAT,200,16,KHARIF,6,2025,188,0.005,1.08,0
FPS-0184,2025-06,RICE,265,22,KHARIF,6,2025,280,-0.038,1.08,0
FPS-0184,2025-06,WHEAT,200,22,KHARIF,6,2025,199,-0.022,1.08,0
FPS-0185,2025-06,RICE,226,18,KHARIF,6,2025,219,0.042,1.08,0
FPS-0185,2025-06,WHEAT,200,18,KHARIF,6,2025,186,0.004,1.08,0
FPS-0186,2025-06,RICE,252,21,KHARIF,6,2025,262,-0.02,1.08,0
FPS-0186,2025-06,WHEAT,200,21,KHARIF,6,2025,188,0.04,1.08,0
FPS-0187,2025-06,RICE,267,19,KHARIF,6,2025,262,0.035,1.08,0
FPS-0187,2025-06,WHEAT,200,19,KHARIF,6,2025,205,-0.044,1.08,0
FPS-0188,2025-06,RICE,200,11,KHARIF,6,2025,184,-0.04,1.08,0
FPS-0188,2025-06,WHEAT,200,11,KHARIF,6,2025,187,-0.039,1.08,0
FPS-0189,2025-06,RICE,345,23,KHARIF,6,2025,323,0.059,1.08,0
FPS-0189,2025-06,WHEAT,215,23,KHARIF,6,2025,206,-0.034,1.08,0
FPS-0190,2025-06,RICE,204,18,KHARIF,6,2025,199,0.071,1.08,0
FPS-0190,2025-06,WHEAT,200,18,KHARIF,6,2025,199,0.05,1.08,0
FPS-0191,2025-06,RICE,200,9,KHARIF,6,2025,199,0.052,1.08,0
FPS-0191,2025-06,WHEAT,200,9,KHARIF,6,2025,194,0.069,1.08,0
FPS-0192,2025-06,RICE,200,12,KHARIF,6,2025,193,-0.018,1.08,0
FPS-0192,2025-06,WHEAT,200,12,KHARIF,6,2025,186,0.034,1.08,0
FPS-0193,2025-06,RICE,244,19,KHARIF,6,2025,227,-0.013,1.08,0
FPS-0193,2025-06,WHEAT,200,19,KHARIF,6,2025,211,0.046,1.08,0
FPS-0194,2025-06,RICE,200,13,KHARIF,6,2025,195,0.005,1.08,0
FPS-0194,2025-06,WHEAT,200,13,KHARIF,6,2025,199,0.062,1.08,0
FPS-0195,2025-06,RICE,213,14,KHARIF,6,2025,220,0.074,1.08,0
FPS-0195,2025-06,WHEAT,200,14,KHARIF,6,2025,196,-0.007,1.08,0
FPS-0196,2025-06,RICE,282,22,KHARIF,6,2025,279,0.018,1.08,0
FPS-0196,2025-06,WHEAT,205,22,KHARIF,6,2025,212,-0.023,1.08,0
FPS-0197,2025-06,RICE,256,18,KHARIF,6,2025,240,-0.043,1.08,0
FPS-0197,2025-06,WHEAT,204,18,KHARIF,6,2025,190,0.02,1.08,0
FPS-0198,2025-06,RICE,200,14,KHARIF,6,2025,207,0.063,1.08,0
FPS-0198,2025-06,WHEAT,200,14,KHARIF,6,2025,204,0.049,1.08,0
FPS-0199,2025-06,RICE,200,13,KHARIF,6,2025,196,0.056,1.08,0
FPS-0199,2025-06,WHEAT,200,13,KHARIF,6,2025,206,0.08,1.08,0
FPS-0200,2025-06,RICE,200,10,KHARIF,6,2025,200,0.026,1.08,0
FPS-0200,2025-06,WHEAT,200,10,KHARIF,6,2025,192,-0.034,1.08,0
FPS-0201,2025-06,RICE,200,15,KHARIF,6,2025,194,-0.022,1.08,0
FPS-0201,2025-06,WHEAT,200,15,KHARIF,6,2025,210,0.068,1.08,0
FPS-0202,2025-06,RICE,200,14,KHARIF,6,2025,209,0.058,1.08,0
FPS-0202,2025-06,WHEAT,200,14,KHARIF,6,2025,191,0.038,1.08,0
FPS-0203,2025-06,RICE,200,11,KHARIF,6,2025,200,0.063,1.08,0
FPS-0203,2025-06,WHEAT,200,11,KHARIF,6,2025,206,-0.045,1.08,0
FPS-0204,2025-06,RICE,250,19,KHARIF,6,2025,264,-0.005,1.08,0
FPS-0204,2025-06,WHEAT,200,19,KHARIF,6,2025,200,0.022,1.08,0
FPS-0205,2025-06,RICE,140,13,KHARIF,6,2025,186,0.036,1.08,1
FPS-0205,2025-06,WHEAT,200,13,KHARIF,6,2025,201,0.046,1.08,0
FPS-0206,2025-06,RICE,348,24,KHARIF,6,2025,357,0.066,1.08,0
FPS-0206,2025-06,WHEAT,223,24,KHARIF,6,2025,230,-0.042,1.08,0
FPS-0207,2025-06,RICE,384,26,KHARIF,6,2025,364,-0.047,1.08,0
FPS-0207,2025-06,WHEAT,293,26,KHARIF,6,2025,302,-0.001,1.08,0
FPS-0208,2025-06,RICE,241,18,KHARIF,6,2025,240,0.01,1.08,0
FPS-0208,2025-06,WHEAT,200,18,KHARIF,6,2025,205,-0.042,1.08,0
FPS-0209,2025-06,RICE,317,21,KHARIF,6,2025,328,0.071,1.08,0
FPS-0209,2025-06,WHEAT,217,21,KHARIF,6,2025,221,0.011,1.08,0
FPS-0210,2025-06,RICE,222,21,KHARIF,6,2025,231,0.033,1.08,0
FPS-0210,2025-06,WHEAT,200,21,KHARIF,6,2025,190,0.053,1.08,0
FPS-0211,2025-06,RICE,263,22,KHARIF,6,2025,257,0.07,1.08,0
FPS-0211,2025-06,WHEAT,200,22,KHARIF,6,2025,191,-0.039,1.08,0
FPS-0212,2025-06,RICE,200,11,KHARIF,6,2025,209,0.031,1.08,0
FPS-0212,2025-06,WHEAT,200,11,KHARIF,6,2025,184,0.066,1.08,0
FPS-0213,2025-06,RICE,215,14,KHARIF,6,2025,197,0.037,1.08,0
FPS-0213,2025-06,WHEAT,200,14,KHARIF,6,2025,192,-0.012,1.08,0
FPS-0214,2025-06,RICE,200,13,KHARIF,6,2025,194,-0.009,1.08,0
FPS-0214,2025-06,WHEAT,200,13,KHARIF,6,2025,197,-0.033,1.08,0
FPS-0215,2025-06,RICE,200,11,KHARIF,6,2025,192,-0.026,1.08,0
FPS-0215,2025-06,WHEAT,200,11,KHARIF,6,2025,200,0.033,1.08,0
FPS-0216,2025-06,RICE,200,14,KHARIF,6,2025,199,-0.032,1.08,0
FPS-0216,2025-06,WHEAT,200,14,KHARIF,6,2025,205,-0.033,1.08,0
FPS-0217,2025-06,RICE,247,17,KHARIF,6,2025,254,0.067,1.08,0
FPS-0217,2025-06,WHEAT,200,17,KHARIF,6,2025,201,0.056,1.08,0
FPS-0218,2025-06,RICE,200,13,KHARIF,6,2025,184,0.03,1.08,0
FPS-0218,2025-06,WHEAT,200,13,KHARIF,6,2025,202,-0.008,1.08,0
FPS-0219,2025-06,RICE,243,19,KHARIF,6,2025,243,0.047,1.08,0
FPS-0219,2025-06,WHEAT,200,19,KHARIF,6,2025,197,-0.049,1.08,0
FPS-0220,2025-06,RICE,301,22,KHARIF,6,2025,290,0.064,1.08,0
FPS-0220,2025-06,WHEAT,200,22,KHARIF,6,2025,202,-0.046,1.08,0
FPS-0221,2025-06,RICE,253,19,KHARIF,6,2025,238,-0.019,1.08,0
FPS-0221,2025-06,WHEAT,200,19,KHARIF,6,2025,206,-0.013,1.08,0
FPS-0222,2025-06,RICE,259,21,KHARIF,6,2025,253,-0.021,1.08,0
FPS-0222,2025-06,WHEAT,200,21,KHARIF,6,2025,196,0.036,1.08,0
FPS-0223,2025-06,RICE,269,17,KHARIF,6,2025,278,0.048,1.08,0
FPS-0223,2025-06,WHEAT,200,17,KHARIF,6,2025,192,0.045,1.08,0
FPS-0224,2025-06,RICE,225,20,KHARIF,6,2025,234,0.003,1.08,0
FPS-0224,2025-06,WHEAT,200,20,KHARIF,6,2025,193,0.009,1.08,0
FPS-0225,2025-06,RICE,200,15,KHARIF,6,2025,202,0.06,1.08,0
FPS-0225,2025-06,WHEAT,200,15,KHARIF,6,2025,199,0.073,1.08,0
FPS-0226,2025-06,RICE,200,12,KHARIF,6,2025,198,0.05,1.08,0
FPS-0226,2025-06,WHEAT,200,12,KHARIF,6,2025,191,-0.029,1.08,0
FPS-0227,2025-06,RICE,200,14,KHARIF,6,2025,186,0.046,1.08,0
FPS-0227,2025-06,WHEAT,200,14,KHARIF,6,2025,195,-0.045,1.08,0
FPS-0228,2025-06,RICE,245,18,KHARIF,6,2025,256,0.03,1.08,0
FPS-0228,2025-06,WHEAT,200,18,KHARIF,6,2025,208,-0.002,1.08,0
FPS-0229,2025-06,RICE,200,19,KHARIF,6,2025,198,-0.014,1.08,0
FPS-0229,2025-06,WHEAT,200,19,KHARIF,6,2025,202,0.042,1.08,0
FPS-0230,2025-06,RICE,342,22,KHARIF,6,2025,325,0.074,1.08,0
FPS-0230,2025-06,WHEAT,215,22,KHARIF,6,2025,222,-0.043,1.08,0
FPS-0231,2025-06,RICE,205,18,KHARIF,6,2025,199,-0.039,1.08,0
FPS-0231,2025-06,WHEAT,200,18,KHARIF,6,2025,185,0.002,1.08,0
FPS-0232,2025-06,RICE,200,14,KHARIF,6,2025,188,0.031,1.08,0
FPS-0232,2025-06,WHEAT,200,14,KHARIF,6,2025,193,0.011,1.08,0
FPS-0233,2025-06,RICE,200,9,KHARIF,6,2025,184,0.072,1.08,0
FPS-0233,2025-06,WHEAT,200,9,KHARIF,6,2025,199,0.059,1.08,0
FPS-0234,2025-06,RICE,231,18,KHARIF,6,2025,239,0.073,1.08,0
FPS-0234,2025-06,WHEAT,140,18,KHARIF,6,2025,199,-0.002,1.08,1
FPS-0235,2025-06,RICE,238,18,KHARIF,6,2025,220,-0.013,1.08,0
FPS-0235,2025-06,WHEAT,200,18,KHARIF,6,2025,186,-0.036,1.08,0
FPS-0236,2025-06,RICE,201,17,KHARIF,6,2025,198,-0.036,1.08,0
FPS-0236,2025-06,WHEAT,200,17,KHARIF,6,2025,207,0.019,1.08,0
FPS-0237,2025-06,RICE,223,15,KHARIF,6,2025,211,-0.025,1.08,0
FPS-0237,2025-06,WHEAT,200,15,KHARIF,6,2025,199,-0.008,1.08,0
FPS-0238,2025-06,RICE,246,19,KHARIF,6,2025,258,0.014,1.08,0
FPS-0238,2025-06,WHEAT,200,19,KHARIF,6,2025,188,-0.041,1.08,0
FPS-0239,2025-06,RICE,246,19,KHARIF,6,2025,227,-0.037,1.08,0
FPS-0239,2025-06,WHEAT,200,19,KHARIF,6,2025,202,0.068,1.08,0
FPS-0240,2025-06,RICE,187,21,KHARIF,6,2025,283,-0.036,1.08,1
FPS-0240,2025-06,WHEAT,205,21,KHARIF,6,2025,210,0.074,1.08,0
FPS-0241,2025-06,RICE,250,19,KHARIF,6,2025,232,0.009,1.08,0
FPS-0241,2025-06,WHEAT,200,19,KHARIF,6,2025,197,-0.04,1.08,0
FPS-0242,2025-06,RICE,200,12,KHARIF,6,2025,184,0.038,1.08,0
FPS-0242,2025-06,WHEAT,200,12,KHARIF,6,2025,201,0.018,1.08,0
FPS-0243,2025-06,RICE,259,18,KHARIF,6,2025,272,-0.03,1.08,0
FPS-0243,2025-06,WHEAT,200,18,KHARIF,6,2025,194,-0.024,1.08,0
FPS-0244,2025-06,RICE,200,16,KHARIF,6,2025,188,-0.041,1.08,0
FPS-0244,2025-06,WHEAT,200,16,KHARIF,6,2025,199,-0.02,1.08,0
FPS-0245,2025-06,RICE,200,14,KHARIF,6,2025,190,0.031,1.08,0
FPS-0245,2025-06,WHEAT,200,14,KHARIF,6,2025,193,0.022,1.08,0
FPS-0246,2025-06,RICE,336,24,KHARIF,6,2025,348,0.021,1.08,0
FPS-0246,2025-06,WHEAT,233,24,KHARIF,6,2025,241,0.007,1.08,0
FPS-0247,2025-06,RICE,230,19,KHARIF,6,2025,234,0.04,1.08,0
FPS-0247,2025-06,WHEAT,200,19,KHARIF,6,2025,189,0.02,1.08,0
FPS-0248,2025-06,RICE,341,25,KHARIF,6,2025,314,0.031,1.08,0
FPS-0248,2025-06,WHEAT,252,25,KHARIF,6,2025,233,0.047,1.08,0
FPS-0249,2025-06,RICE,345,22,KHARIF,6,2025,362,0.067,1.08,0
FPS-0249,2025-06,WHEAT,229,22,KHARIF,6,2025,232,0.05,1.08,0
FPS-0250,2025-06,RICE,200,16,KHARIF,6,2025,210,-0.002,1.08,0
FPS-0250,2025-06,WHEAT,200,16,KHARIF,6,2025,197,0.056,1.08,0
FPS-0251,2025-06,RICE,200,17,KHARIF,6,2025,209,-0.029,1.08,0
FPS-0251,2025-06,WHEAT,200,17,KHARIF,6,2025,203,-0.022,1.08,0
FPS-0252,2025-06,RICE,219,16,KHARIF,6,2025,202,0.009,1.08,0
FPS-0252,2025-06,WHEAT,200,16,KHARIF,6,2025,200,0.026,1.08,0
FPS-0253,2025-06,RICE,264,22,KHARIF,6,2025,255,-0.047,1.08,0
FPS-0253,2025-06,WHEAT,207,22,KHARIF,6,2025,208,-0.022,1.08,0
FPS-0254,2025-06,RICE,200,14,KHARIF,6,2025,210,0.037,1.08,0
FPS-0254,2025-06,WHEAT,200,14,KHARIF,6,2025,191,0.011,1.08,0
FPS-0255,2025-06,RICE,209,16,KHARIF,6,2025,213,-0.021,1.08,0
FPS-0255,2025-06,WHEAT,200,16,KHARIF,6,2025,211,-0.045,1.08,0
FPS-0256,2025-06,RICE,200,14,KHARIF,6,2025,211,0.033,1.08,0
FPS-0256,2025-06,WHEAT,200,14,KHARIF,6,2025,204,-0.04,1.08,0
FPS-0257,2025-06,RICE,213,15,KHARIF,6,2025,224,0.008,1.08,0
FPS-0257,2025-06,WHEAT,200,15,KHARIF,6,2025,194,-0.025,1.08,0
FPS-0258,2025-06,RICE,200,15,KHARIF,6,2025,208,0.037,1.08,0
FPS-0258,2025-06,WHEAT,200,15,KHARIF,6,2025,202,0.002,1.08,0
FPS-0259,2025-06,RICE,200,15,KHARIF,6,2025,192,0.033,1.08,0
FPS-0259,2025-06,WHEAT,200,15,KHARIF,6,2025,209,0.02,1.08,0
FPS-0260,2025-06,RICE,200,13,KHARIF,6,2025,191,0.057,1.08,0
FPS-0260,2025-06,WHEAT,200,13,KHARIF,6,2025,192,0.068,1.08,0
FPS-0261,2025-06,RICE,200,11,KHARIF,6,2025,191,-0.016,1.08,0
FPS-0261,2025-06,WHEAT,200,11,KHARIF,6,2025,207,-0.043,1.08,0
FPS-0262,2025-06,RICE,200,13,KHARIF,6,2025,188,-0.048,1.08,0
FPS-0262,2025-06,WHEAT,200,13,KHARIF,6,2025,187,0.033,1.08,0
FPS-0263,2025-06,RICE,204,14,KHARIF,6,2025,201,0.021,1.08,0
FPS-0263,2025-06,WHEAT,200,14,KHARIF,6,2025,193,-0.015,1.08,0
FPS-0264,2025-06,RICE,200,5,KHARIF,6,2025,197,0.009,1.08,0
FPS-0264,2025-06,WHEAT,200,5,KHARIF,6,2025,197,-0.04,1.08,0
FPS-0265,2025-06,RICE,251,18,KHARIF,6,2025,256,0.06,1.08,0
FPS-0265,2025-06,WHEAT,200,18,KHARIF,6,2025,202,0.024,1.08,0
FPS-0266,2025-06,RICE,200,13,KHARIF,6,2025,201,-0.035,1.08,0
FPS-0266,2025-06,WHEAT,140,13,KHARIF,6,2025,208,-0.042,1.08,1
FPS-0267,2025-06,RICE,200,16,KHARIF,6,2025,189,0.023,1.08,0
FPS-0267,2025-06,WHEAT,200,16,KHARIF,6,2025,209,0.01,1.08,0
FPS-0268,2025-06,RICE,200,20,KHARIF,6,2025,196,0.027,1.08,0
FPS-0268,2025-06,WHEAT,200,20,KHARIF,6,2025,203,0.049,1.08,0
FPS-0269,2025-06,RICE,253,21,KHARIF,6,2025,247,0.019,1.08,0
FPS-0269,2025-06,WHEAT,200,21,KHARIF,6,2025,196,-0.035,1.08,0
FPS-0270,2025-06,RICE,200,8,KHARIF,6,2025,186,0.045,1.08,0
FPS-0270,2025-06,WHEAT,200,8,KHARIF,6,2025,204,0.069,1.08,0
FPS-0271,2025-06,RICE,229,18,KHARIF,6,2025,231,0.016,1.08,0
FPS-0271,2025-06,WHEAT,200,18,KHARIF,6,2025,188,0.062,1.08,0
FPS-0272,2025-06,RICE,322,20,KHARIF,6,2025,322,0.076,1.08,0
FPS-0272,2025-06,WHEAT,216,20,KHARIF,6,2025,212,0.022,1.08,0
FPS-0273,2025-06,RICE,303,23,KHARIF,6,2025,308,-0.006,1.08,0
FPS-0273,2025-06,WHEAT,222,23,KHARIF,6,2025,222,0.036,1.08,0
FPS-0274,2025-06,RICE,213,18,KHARIF,6,2025,225,-0.044,1.08,0
FPS-0274,2025-06,WHEAT,200,18,KHARIF,6,2025,203,0.047,1.08,0
FPS-0275,2025-06,RICE,226,17,KHARIF,6,2025,231,0.007,1.08,0
FPS-0275,2025-06,WHEAT,200,17,KHARIF,6,2025,210,-0.039,1.08,0
FPS-0276,2025-06,RICE,225,19,KHARIF,6,2025,235,-0.033,1.08,0
FPS-0276,2025-06,WHEAT,200,19,KHARIF,6,2025,186,-0.022,1.08,0
FPS-0277,2025-06,RICE,220,17,KHARIF,6,2025,231,-0.008,1.08,0
FPS-0277,2025-06,WHEAT,200,17,KHARIF,6,2025,186,-0.013,1.08,0
FPS-0278,2025-06,RICE,200,15,KHARIF,6,2025,196,0.009,1.08,0
FPS-0278,2025-06,WHEAT,200,15,KHARIF,6,2025,195,0.059,1.08,0
FPS-0279,2025-06,RICE,368,23,KHARIF,6,2025,375,0.05,1.08,0
FPS-0279,2025-06,WHEAT,257,23,KHARIF,6,2025,251,-0.012,1.08,0
FPS-0280,2025-06,RICE,200,18,KHARIF,6,2025,195,-0.033,1.08,0
FPS-0280,2025-06,WHEAT,200,18,KHARIF,6,2025,188,-0.026,1.08,0
FPS-0281,2025-06,RICE,218,18,KHARIF,6,2025,229,0.078,1.08,0
FPS-0281,2025-06,WHEAT,200,18,KHARIF,6,2025,208,0.005,1.08,0
FPS-0282,2025-06,RICE,274,20,KHARIF,6,2025,262,0.046,1.08,0
FPS-0282,2025-06,WHEAT,200,20,KHARIF,6,2025,204,-0.008,1.08,0
FPS-0283,2025-06,RICE,200,14,KHARIF,6,2025,185,-0.039,1.08,0
FPS-0283,2025-06,WHEAT,200,14,KHARIF,6,2025,187,-0.023,1.08,0
FPS-0284,2025-06,RICE,200,12,KHARIF,6,2025,201,0.047,1.08,0
FPS-0284,2025-06,WHEAT,200,12,KHARIF,6,2025,196,0.063,1.08,0
FPS-0285,2025-06,RICE,243,18,KHARIF,6,2025,233,-0.013,1.08,0
FPS-0285,2025-06,WHEAT,200,18,KHARIF,6,2025,189,0.014,1.08,0
FPS-0286,2025-06,RICE,207,16,KHARIF,6,2025,197,-0.01,1.08,0
FPS-0286,2025-06,WHEAT,200,16,KHARIF,6,2025,187,-0.02,1.08,0
FPS-0287,2025-06,RICE,367,26,KHARIF,6,2025,359,0.03,1.08,0
FPS-0287,2025-06,WHEAT,172,26,KHARIF,6,2025,257,-0.031,1.08,1
FPS-0288,2025-06,RICE,204,17,KHARIF,6,2025,198,-0.014,1.08,0
FPS-0288,2025-06,WHEAT,200,17,KHARIF,6,2025,187,0.01,1.08,0
FPS-0289,2025-06,RICE,200,13,KHARIF,6,2025,209,0.071,1.08,0
FPS-0289,2025-06,WHEAT,200,13,KHARIF,6,2025,208,0.0,1.08,0
FPS-0290,2025-06,RICE,222,18,KHARIF,6,2025,209,0.029,1.08,0
FPS-0290,2025-06,WHEAT,200,18,KHARIF,6,2025,196,-0.023,1.08,0
FPS-0291,2025-06,RICE,254,18,KHARIF,6,2025,240,-0.006,1.08,0
FPS-0291,2025-06,WHEAT,200,18,KHARIF,6,2025,194,0.035,1.08,0
FPS-0292,2025-06,RICE,269,20,KHARIF,6,2025,274,-0.018,1.08,0
FPS-0292,2025-06,WHEAT,200,20,KHARIF,6,2025,194,-0.048,1.08,0
FPS-0293,2025-06,RICE,217,18,KHARIF,6,2025,212,-0.049,1.08,0
FPS-0293,2025-06,WHEAT,200,18,KHARIF,6,2025,199,0.004,1.08,0
FPS-0294,2025-06,RICE,212,16,KHARIF,6,2025,211,-0.045,1.08,0
FPS-0294,2025-06,WHEAT,200,16,KHARIF,6,2025,191,0.07,1.08,0
FPS-0295,2025-06,RICE,140,13,KHARIF,6,2025,206,-0.032,1.08,1
FPS-0295,2025-06,WHEAT,200,13,KHARIF,6,2025,200,-0.039,1.08,0
FPS-0296,2025-06,RICE,200,14,KHARIF,6,2025,184,-0.033,1.08,0
FPS-0296,2025-06,WHEAT,200,14,KHARIF,6,2025,210,0.018,1.08,0
FPS-0297,2025-06,RICE,209,17,KHARIF,6,2025,204,-0.001,1.08,0
FPS-0297,2025-06,WHEAT,200,17,KHARIF,6,2025,195,0.003,1.08,0
FPS-0298,2025-06,RICE,200,15,KHARIF,6,2025,190,0.06,1.08,0
FPS-0298,2025-06,WHEAT,200,15,KHARIF,6,2025,204,0.062,1.08,0
FPS-0299,2025-06,RICE,200,17,KHARIF,6,2025,207,-0.042,1.08,0
FPS-0299,2025-06,WHEAT,200,17,KHARIF,6,2025,204,0.003,1.08,0
FPS-0300,2025-06,RICE,273,17,KHARIF,6,2025,279,0.053,1.08,0
FPS-0300,2025-06,WHEAT,200,17,KHARIF,6,2025,201,0.068,1.08,0
FPS-0301,2025-06,RICE,227,16,KHARIF,6,2025,210,-0.02,1.08,0
FPS-0301,2025-06,WHEAT,200,16,KHARIF,6,2025,184,0.026,1.08,0
FPS-0302,2025-06,RICE,253,19,KHARIF,6,2025,264,0.07,1.08,0
FPS-0302,2025-06,WHEAT,200,19,KHARIF,6,2025,203,-0.004,1.08,0
FPS-0303,2025-06,RICE,200,11,KHARIF,6,2025,194,-0.005,1.08,0
FPS-0303,2025-06,WHEAT,200,11,KHARIF,6,2025,185,0.077,1.08,0
FPS-0304,2025-06,RICE,263,17,KHARIF,6,2025,273,0.016,1.08,0
FPS-0304,2025-06,WHEAT,200,17,KHARIF,6,2025,194,-0.017,1.08,0
FPS-0305,2025-06,RICE,225,17,KHARIF,6,2025,214,0.071,1.08,0
FPS-0305,2025-06,WHEAT,200,17,KHARIF,6,2025,199,0.063,1.08,0
FPS-0306,2025-06,RICE,200,13,KHARIF,6,2025,186,0.06,1.08,0
FPS-0306,2025-06,WHEAT,200,13,KHARIF,6,2025,206,0.042,1.08,0
FPS-0307,2025-06,RICE,165,15,KHARIF,6,2025,249,0.063,1.08,1
FPS-0307,2025-06,WHEAT,200,15,KHARIF,6,2025,197,-0.04,1.08,0
FPS-0308,2025-06,RICE,217,15,KHARIF,6,2025,214,-0.047,1.08,0
FPS-0308,2025-06,WHEAT,200,15,KHARIF,6,2025,198,0.065,1.08,0
FPS-0309,2025-06,RICE,234,18,KHARIF,6,2025,247,-0.024,1.08,0
FPS-0309,2025-06,WHEAT,200,18,KHARIF,6,2025,192,0.062,1.08,0
FPS-0310,2025-06,RICE,200,13,KHARIF,6,2025,191,0.051,1.08,0
FPS-0310,2025-06,WHEAT,200,13,KHARIF,6,2025,210,0.014,1.08,0
FPS-0311,2025-06,RICE,285,23,KHARIF,6,2025,295,-0.011,1.08,0
FPS-0311,2025-06,WHEAT,224,23,KHARIF,6,2025,213,0.047,1.08,0
FPS-0312,2025-06,RICE,281,19,KHARIF,6,2025,273,0.072,1.08,0
FPS-0312,2025-06,WHEAT,200,19,KHARIF,6,2025,206,0.059,1.08,0
FPS-0313,2025-06,RICE,211,15,KHARIF,6,2025,196,-0.034,1.08,0
FPS-0313,2025-06,WHEAT,140,15,KHARIF,6,2025,195,0.038,1.08,1
FPS-0314,2025-06,RICE,248,18,KHARIF,6,2025,237,-0.039,1.08,0
FPS-0314,2025-06,WHEAT,200,18,KHARIF,6,2025,191,0.008,1.08,0
FPS-0315,2025-06,RICE,230,18,KHARIF,6,2025,238,-0.021,1.08,0
FPS-0315,2025-06,WHEAT,200,18,KHARIF,6,2025,192,-0.048,1.08,0
FPS-0316,2025-06,RICE,200,15,KHARIF,6,2025,209,0.068,1.08,0
FPS-0316,2025-06,WHEAT,200,15,KHARIF,6,2025,201,-0.001,1.08,0
FPS-0317,2025-06,RICE,200,15,KHARIF,6,2025,189,-0.043,1.08,0
FPS-0317,2025-06,WHEAT,200,15,KHARIF,6,2025,192,0.073,1.08,0
FPS-0318,2025-06,RICE,226,17,KHARIF,6,2025,235,0.05,1.08,0
FPS-0318,2025-06,WHEAT,200,17,KHARIF,6,2025,184,0.039,1.08,0
FPS-0319,2025-06,RICE,200,14,KHARIF,6,2025,210,-0.046,1.08,0
FPS-0319,2025-06,WHEAT,200,14,KHARIF,6,2025,206,-0.047,1.08,0
FPS-0320,2025-06,RICE,200,10,KHARIF,6,2025,199,-0.016,1.08,0
FPS-0320,2025-06,WHEAT,200,10,KHARIF,6,2025,203,-0.009,1.08,0
FPS-0321,2025-06,RICE,307,24,KHARIF,6,2025,313,0.075,1.08,0
FPS-0321,2025-06,WHEAT,206,24,KHARIF,6,2025,196,0.035,1.08,0
FPS-0322,2025-06,RICE,275,20,KHARIF,6,2025,280,0.052,1.08,0
FPS-0322,2025-06,WHEAT,200,20,KHARIF,6,2025,200,0.018,1.08,0
FPS-0323,2025-06,RICE,206,16,KHARIF,6,2025,215,-0.047,1.08,0
FPS-0323,2025-06,WHEAT,200,16,KHARIF,6,2025,186,0.05,1.08,0
FPS-0324,2025-06,RICE,200,13,KHARIF,6,2025,193,-0.034,1.08,0
FPS-0324,2025-06,WHEAT,200,13,KHARIF,6,2025,189,0.04,1.08,0
FPS-0325,2025-06,RICE,182,21,KHARIF,6,2025,275,0.021,1.08,1
FPS-0325,2025-06,WHEAT,204,21,KHARIF,6,2025,204,0.073,1.08,0
FPS-0326,2025-06,RICE,236,16,KHARIF,6,2025,246,0.065,1.08,0
FPS-0326,2025-06,WHEAT,200,16,KHARIF,6,2025,190,-0.003,1.08,0
FPS-0327,2025-06,RICE,239,18,KHARIF,6,2025,246,-0.033,1.08,0
FPS-0327,2025-06,WHEAT,200,18,KHARIF,6,2025,190,0.002,1.08,0
FPS-0328,2025-06,RICE,244,18,KHARIF,6,2025,254,-0.039,1.08,0
FPS-0328,2025-06,WHEAT,200,18,KHARIF,6,2025,199,0.004,1.08,0
FPS-0329,2025-06,RICE,200,15,KHARIF,6,2025,211,-0.007,1.08,0
FPS-0329,2025-06,WHEAT,200,15,KHARIF,6,2025,198,0.072,1.08,0
FPS-0330,2025-06,RICE,235,21,KHARIF,6,2025,230,0.026,1.08,0
FPS-0330,2025-06,WHEAT,200,21,KHARIF,6,2025,188,-0.021,1.08,0
FPS-0331,2025-06,RICE,210,17,KHARIF,6,2025,211,0.007,1.08,0
FPS-0331,2025-06,WHEAT,200,17,KHARIF,6,2025,184,0.078,1.08,0
FPS-0332,2025-06,RICE,237,21,KHARIF,6,2025,218,-0.034,1.08,0
FPS-0332,2025-06,WHEAT,140,21,KHARIF,6,2025,198,0.07,1.08,1
FPS-0333,2025-06,RICE,407,27,KHARIF,6,2025,403,0.017,1.08,0
FPS-0333,2025-06,WHEAT,287,27,KHARIF,6,2025,298,-0.011,1.08,0
FPS-0334,2025-06,RICE,223,16,KHARIF,6,2025,231,0.023,1.08,0
FPS-0334,2025-06,WHEAT,200,16,KHARIF,6,2025,201,0.002,1.08,0
FPS-0335,2025-06,RICE,268,18,KHARIF,6,2025,253,-0.007,1.08,0
FPS-0335,2025-06,WHEAT,206,18,KHARIF,6,2025,214,0.016,1.08,0
FPS-0336,2025-06,RICE,252,18,KHARIF,6,2025,261,0.051,1.08,0
FPS-0336,2025-06,WHEAT,200,18,KHARIF,6,2025,206,-0.018,1.08,0
FPS-0337,2025-06,RICE,200,13,KHARIF,6,2025,188,-0.033,1.08,0
FPS-0337,2025-06,WHEAT,200,13,KHARIF,6,2025,198,0.074,1.08,0
FPS-0338,2025-06,RICE,216,16,KHARIF,6,2025,221,-0.015,1.08,0
FPS-0338,2025-06,WHEAT,200,16,KHARIF,6,2025,203,0.046,1.08,0
FPS-0339,2025-06,RICE,200,18,KHARIF,6,2025,202,-0.022,1.08,0
FPS-0339,2025-06,WHEAT,200,18,KHARIF,6,2025,186,-0.019,1.08,0
FPS-0340,2025-06,RICE,200,12,KHARIF,6,2025,197,0.009,1.08,0
FPS-0340,2025-06,WHEAT,200,12,KHARIF,6,2025,195,0.006,1.08,0
FPS-0341,2025-06,RICE,200,14,KHARIF,6,2025,197,-0.046,1.08,0
FPS-0341,2025-06,WHEAT,200,14,KHARIF,6,2025,193,0.027,1.08,0
FPS-0342,2025-06,RICE,200,12,KHARIF,6,2025,193,-0.009,1.08,0
FPS-0342,2025-06,WHEAT,200,12,KHARIF,6,2025,211,-0.032,1.08,0
FPS-0343,2025-06,RICE,200,16,KHARIF,6,2025,202,0.056,1.08,0
FPS-0343,2025-06,WHEAT,200,16,KHARIF,6,2025,197,-0.011,1.08,0
FPS-0344,2025-06,RICE,205,16,KHARIF,6,2025,214,0.067,1.08,0
FPS-0344,2025-06,WHEAT,200,16,KHARIF,6,2025,188,-0.039,1.08,0
FPS-0345,2025-06,RICE,210,17,KHARIF,6,2025,220,-0.034,1.08,0
FPS-0345,2025-06,WHEAT,140,17,KHARIF,6,2025,185,0.077,1.08,1
FPS-0346,2025-06,RICE,221,19,KHARIF,6,2025,226,-0.031,1.08,0
FPS-0346,2025-06,WHEAT,200,19,KHARIF,6,2025,193,0.034,1.08,0
FPS-0347,2025-06,RICE,347,22,KHARIF,6,2025,366,0.046,1.08,0
FPS-0347,2025-06,WHEAT,238,22,KHARIF,6,2025,219,0.002,1.08,0
FPS-0348,2025-06,RICE,244,20,KHARIF,6,2025,240,-0.0,1.08,0
FPS-0348,2025-06,WHEAT,200,20,KHARIF,6,2025,186,-0.047,1.08,0
FPS-0349,2025-06,RICE,229,18,KHARIF,6,2025,234,0.021,1.08,0
FPS-0349,2025-06,WHEAT,200,18,KHARIF,6,2025,196,-0.047,1.08,0
FPS-0350,2025-06,RICE,227,17,KHARIF,6,2025,237,-0.049,1.08,0
FPS-0350,2025-06,WHEAT,200,17,KHARIF,6,2025,199,-0.013,1.08,0
FPS-0351,2025-06,RICE,200,16,KHARIF,6,2025,191,-0.044,1.08,0
FPS-0351,2025-06,WHEAT,200,16,KHARIF,6,2025,198,-0.048,1.08,0
FPS-0352,2025-06,RICE,238,19,KHARIF,6,2025,249,-0.032,1.08,0
FPS-0352,2025-06,WHEAT,200,19,KHARIF,6,2025,210,0.054,1.08,0
FPS-0353,2025-06,RICE,200,16,KHARIF,6,2025,198,0.007,1.08,0
FPS-0353,2025-06,WHEAT,200,16,KHARIF,6,2025,197,0.047,1.08,0
FPS-0354,2025-06,RICE,231,21,KHARIF,6,2025,237,-0.037,1.08,0
FPS-0354,2025-06,WHEAT,200,21,KHARIF,6,2025,185,0.029,1.08,0
FPS-0355,2025-06,RICE,248,15,KHARIF,6,2025,246,0.06,1.08,0
FPS-0355,2025-06,WHEAT,200,15,KHARIF,6,2025,204,0.055,1.08,0
FPS-0356,2025-06,RICE,200,13,KHARIF,6,2025,201,0.001,1.08,0
FPS-0356,2025-06,WHEAT,200,13,KHARIF,6,2025,207,0.068,1.08,0
FPS-0357,2025-06,RICE,243,20,KHARIF,6,2025,234,-0.024,1.08,0
FPS-0357,2025-06,WHEAT,200,20,KHARIF,6,2025,191,-0.048,1.08,0
FPS-0358,2025-06,RICE,226,16,KHARIF,6,2025,219,0.028,1.08,0
FPS-0358,2025-06,WHEAT,200,16,KHARIF,6,2025,211,0.071,1.08,0
FPS-0359,2025-06,RICE,317,25,KHARIF,6,2025,296,-0.016,1.08,0
FPS-0359,2025-06,WHEAT,233,25,KHARIF,6,2025,233,-0.011,1.08,0
FPS-0360,2025-06,RICE,200,15,KHARIF,6,2025,211,0.062,1.08,0
FPS-0360,2025-06,WHEAT,200,15,KHARIF,6,2025,201,0.036,1.08,0
FPS-0361,2025-06,RICE,200,16,KHARIF,6,2025,190,-0.007,1.08,0
FPS-0361,2025-06,WHEAT,200,16,KHARIF,6,2025,195,0.056,1.08,0
FPS-0362,2025-06,RICE,200,17,KHARIF,6,2025,202,-0.044,1.08,0
FPS-0362,2025-06,WHEAT,200,17,KHARIF,6,2025,189,0.025,1.08,0
FPS-0363,2025-06,RICE,212,15,KHARIF,6,2025,212,0.044,1.08,0
FPS-0363,2025-06,WHEAT,200,15,KHARIF,6,2025,211,0.053,1.08,0
FPS-0364,2025-06,RICE,238,16,KHARIF,6,2025,234,0.06,1.08,0
FPS-0364,2025-06,WHEAT,200,16,KHARIF,6,2025,209,0.049,1.08,0
FPS-0365,2025-06,RICE,208,18,KHARIF,6,2025,198,0.064,1.08,0
FPS-0365,2025-06,WHEAT,200,18,KHARIF,6,2025,185,0.073,1.08,0
FPS-0366,2025-06,RICE,263,17,KHARIF,6,2025,247,0.029,1.08,0
FPS-0366,2025-06,WHEAT,200,17,KHARIF,6,2025,204,-0.035,1.08,0
FPS-0367,2025-06,RICE,200,11,KHARIF,6,2025,194,0.04,1.08,0
FPS-0367,2025-06,WHEAT,200,11,KHARIF,6,2025,194,-0.046,1.08,0
FPS-0368,2025-06,RICE,230,19,KHARIF,6,2025,232,-0.009,1.08,0
FPS-0368,2025-06,WHEAT,200,19,KHARIF,6,2025,186,-0.037,1.08,0
FPS-0369,2025-06,RICE,208,18,KHARIF,6,2025,217,0.017,1.08,0
FPS-0369,2025-06,WHEAT,200,18,KHARIF,6,2025,185,0.061,1.08,0
FPS-0370,2025-06,RICE,222,17,KHARIF,6,2025,226,0.073,1.08,0
FPS-0370,2025-06,WHEAT,200,17,KHARIF,6,2025,208,-0.025,1.08,0
FPS-0371,2025-06,RICE,200,15,KHARIF,6,2025,200,0.053,1.08,0
FPS-0371,2025-06,WHEAT,200,15,KHARIF,6,2025,194,-0.007,1.08,0
FPS-0372,2025-06,RICE,200,9,KHARIF,6,2025,205,0.072,1.08,0
FPS-0372,2025-06,WHEAT,200,9,KHARIF,6,2025,185,0.037,1.08,0
FPS-0373,2025-06,RICE,245,20,KHARIF,6,2025,235,0.055,1.08,0
FPS-0373,2025-06,WHEAT,200,20,KHARIF,6,2025,203,0.033,1.08,0
FPS-0374,2025-06,RICE,200,18,KHARIF,6,2025,207,0.019,1.08,0
FPS-0374,2025-06,WHEAT,200,18,KHARIF,6,2025,205,0.046,1.08,0
FPS-0375,2025-06,RICE,287,19,KHARIF,6,2025,269,0.069,1.08,0
FPS-0375,2025-06,WHEAT,200,19,KHARIF,6,2025,193,0.038,1.08,0
FPS-0376,2025-06,RICE,222,17,KHARIF,6,2025,205,0.001,1.08,0
FPS-0376,2025-06,WHEAT,200,17,KHARIF,6,2025,199,0.048,1.08,0
FPS-0377,2025-06,RICE,206,16,KHARIF,6,2025,195,-0.025,1.08,0
FPS-0377,2025-06,WHEAT,200,16,KHARIF,6,2025,188,-0.021,1.08,0
FPS-0378,2025-06,RICE,306,23,KHARIF,6,2025,322,0.066,1.08,0
FPS-0378,2025-06,WHEAT,140,23,KHARIF,6,2025,202,-0.05,1.08,1
FPS-0379,2025-06,RICE,200,13,KHARIF,6,2025,201,0.059,1.08,0
FPS-0379,2025-06,WHEAT,200,13,KHARIF,6,2025,210,0.022,1.08,0
FPS-0380,2025-06,RICE,295,20,KHARIF,6,2025,306,0.018,1.08,0
FPS-0380,2025-06,WHEAT,211,20,KHARIF,6,2025,219,0.071,1.08,0
FPS-0381,2025-06,RICE,221,17,KHARIF,6,2025,206,0.024,1.08,0
FPS-0381,2025-06,WHEAT,200,17,KHARIF,6,2025,188,0.077,1.08,0
FPS-0382,2025-06,RICE,200,9,KHARIF,6,2025,191,0.047,1.08,0
FPS-0382,2025-06,WHEAT,200,9,KHARIF,6,2025,185,-0.022,1.08,0
FPS-0383,2025-06,RICE,200,11,KHARIF,6,2025,206,-0.01,1.08,0
FPS-0383,2025-06,WHEAT,200,11,KHARIF,6,2025,198,-0.039,1.08,0
FPS-0384,2025-06,RICE,316,23,KHARIF,6,2025,316,0.062,1.08,0
FPS-0384,2025-06,WHEAT,213,23,KHARIF,6,2025,225,0.045,1.08,0
FPS-0385,2025-06,RICE,345,22,KHARIF,6,2025,328,0.055,1.08,0
FPS-0385,2025-06,WHEAT,244,22,KHARIF,6,2025,238,0.033,1.08,0
FPS-0386,2025-06,RICE,214,18,KHARIF,6,2025,198,0.026,1.08,0
FPS-0386,2025-06,WHEAT,200,18,KHARIF,6,2025,186,-0.046,1.08,0
FPS-0387,2025-06,RICE,405,31,KHARIF,6,2025,424,0.069,1.08,0
FPS-0387,2025-06,WHEAT,284,31,KHARIF,6,2025,296,0.01,1.08,0
FPS-0388,2025-06,RICE,140,11,KHARIF,6,2025,188,0.069,1.08,1
FPS-0388,2025-06,WHEAT,200,11,KHARIF,6,2025,197,-0.029,1.08,0
FPS-0389,2025-06,RICE,214,17,KHARIF,6,2025,212,-0.001,1.08,0
FPS-0389,2025-06,WHEAT,140,17,KHARIF,6,2025,186,0.016,1.08,1
FPS-0390,2025-06,RICE,251,21,KHARIF,6,2025,233,0.022,1.08,0
FPS-0390,2025-06,WHEAT,200,21,KHARIF,6,2025,197,0.007,1.08,0
FPS-0391,2025-06,RICE,254,20,KHARIF,6,2025,247,-0.018,1.08,0
FPS-0391,2025-06,WHEAT,200,20,KHARIF,6,2025,184,0.012,1.08,0
FPS-0392,2025-06,RICE,200,17,KHARIF,6,2025,190,-0.011,1.08,0
FPS-0392,2025-06,WHEAT,200,17,KHARIF,6,2025,192,-0.05,1.08,0
FPS-0393,2025-06,RICE,229,18,KHARIF,6,2025,218,0.067,1.08,0
FPS-0393,2025-06,WHEAT,200,18,KHARIF,6,2025,204,0.067,1.08,0
FPS-0394,2025-06,RICE,273,17,KHARIF,6,2025,253,0.07,1.08,0
FPS-0394,2025-06,WHEAT,200,17,KHARIF,6,2025,210,0.058,1.08,0
FPS-0395,2025-06,RICE,200,14,KHARIF,6,2025,197,-0.006,1.08,0
FPS-0395,2025-06,WHEAT,200,14,KHARIF,6,2025,209,0.007,1.08,0
FPS-0396,2025-06,RICE,200,14,KHARIF,6,2025,201,0.017,1.08,0
FPS-0396,2025-06,WHEAT,200,14,KHARIF,6,2025,207,0.077,1.08,0
FPS-0397,2025-06,RICE,200,13,KHARIF,6,2025,186,-0.024,1.08,0
FPS-0397,2025-06,WHEAT,200,13,KHARIF,6,2025,210,0.019,1.08,0
FPS-0398,2025-06,RICE,206,16,KHARIF,6,2025,203,0.066,1.08,0
FPS-0398,2025-06,WHEAT,200,16,KHARIF,6,2025,186,0.014,1.08,0
FPS-0399,2025-06,RICE,200,15,KHARIF,6,2025,193,-0.015,1.08,0
FPS-0399,2025-06,WHEAT,200,15,KHARIF,6,2025,201,0.011,1.08,0
FPS-0400,2025-06,RICE,265,22,KHARIF,6,2025,253,-0.037,1.08,0
FPS-0400,2025-06,WHEAT,215,22,KHARIF,6,2025,224,0.073,1.08,0
FPS-0401,2025-06,RICE,258,24,KHARIF,6,2025,250,-0.022,1.08,0
FPS-0401,2025-06,WHEAT,203,24,KHARIF,6,2025,201,0.014,1.08,0
FPS-0402,2025-06,RICE,200,8,KHARIF,6,2025,197,0.076,1.08,0
FPS-0402,2025-06,WHEAT,200,8,KHARIF,6,2025,192,0.072,1.08,0
FPS-0403,2025-06,RICE,200,12,KHARIF,6,2025,211,-0.048,1.08,0
FPS-0403,2025-06,WHEAT,200,12,KHARIF,6,2025,201,0.016,1.08,0
FPS-0404,2025-06,RICE,200,15,KHARIF,6,2025,210,0.037,1.08,0
FPS-0404,2025-06,WHEAT,200,15,KHARIF,6,2025,190,-0.043,1.08,0
FPS-0405,2025-06,RICE,206,14,KHARIF,6,2025,191,-0.024,1.08,0
FPS-0405,2025-06,WHEAT,200,14,KHARIF,6,2025,200,0.023,1.08,0
FPS-0406,2025-06,RICE,276,22,KHARIF,6,2025,254,-0.043,1.08,0
FPS-0406,2025-06,WHEAT,211,22,KHARIF,6,2025,212,0.063,1.08,0
FPS-0407,2025-06,RICE,240,18,KHARIF,6,2025,233,0.038,1.08,0
FPS-0407,2025-06,WHEAT,200,18,KHARIF,6,2025,191,-0.02,1.08,0
FPS-0408,2025-06,RICE,200,12,KHARIF,6,2025,200,-0.009,1.08,0
FPS-0408,2025-06,WHEAT,200,12,KHARIF,6,2025,202,-0.004,1.08,0
FPS-0409,2025-06,RICE,208,17,KHARIF,6,2025,191,0.037,1.08,0
FPS-0409,2025-06,WHEAT,200,17,KHARIF,6,2025,202,-0.028,1.08,0
FPS-0410,2025-06,RICE,345,25,KHARIF,6,2025,365,0.075,1.08,0
FPS-0410,2025-06,WHEAT,151,25,KHARIF,6,2025,208,-0.04,1.08,1
FPS-0411,2025-06,RICE,200,15,KHARIF,6,2025,206,-0.028,1.08,0
FPS-0411,2025-06,WHEAT,200,15,KHARIF,6,2025,186,-0.029,1.08,0
FPS-0412,2025-06,RICE,291,20,KHARIF,6,2025,282,0.051,1.08,0
FPS-0412,2025-06,WHEAT,200,20,KHARIF,6,2025,206,-0.023,1.08,0
FPS-0413,2025-06,RICE,200,14,KHARIF,6,2025,199,0.005,1.08,0
FPS-0413,2025-06,WHEAT,200,14,KHARIF,6,2025,185,-0.03,1.08,0
FPS-0414,2025-06,RICE,270,22,KHARIF,6,2025,263,-0.02,1.08,0
FPS-0414,2025-06,WHEAT,203,22,KHARIF,6,2025,196,-0.029,1.08,0
FPS-0415,2025-06,RICE,227,17,KHARIF,6,2025,230,-0.035,1.08,0
FPS-0415,2025-06,WHEAT,200,17,KHARIF,6,2025,189,0.045,1.08,0
FPS-0416,2025-06,RICE,200,12,KHARIF,6,2025,187,0.071,1.08,0
FPS-0416,2025-06,WHEAT,200,12,KHARIF,6,2025,191,0.072,1.08,0
FPS-0417,2025-06,RICE,200,11,KHARIF,6,2025,211,-0.038,1.08,0
FPS-0417,2025-06,WHEAT,200,11,KHARIF,6,2025,199,-0.037,1.08,0
FPS-0418,2025-06,RICE,280,21,KHARIF,6,2025,265,0.032,1.08,0
FPS-0418,2025-06,WHEAT,213,21,KHARIF,6,2025,214,0.035,1.08,0
FPS-0419,2025-06,RICE,307,22,KHARIF,6,2025,305,0.002,1.08,0
FPS-0419,2025-06,WHEAT,247,22,KHARIF,6,2025,237,0.074,1.08,0
FPS-0420,2025-06,RICE,273,21,KHARIF,6,2025,271,0.025,1.08,0
FPS-0420,2025-06,WHEAT,200,21,KHARIF,6,2025,185,0.04,1.08,0
FPS-0421,2025-06,RICE,299,21,KHARIF,6,2025,278,0.063,1.08,0
FPS-0421,2025-06,WHEAT,200,21,KHARIF,6,2025,209,-0.033,1.08,0
FPS-0422,2025-06,RICE,200,16,KHARIF,6,2025,200,-0.011,1.08,0
FPS-0422,2025-06,WHEAT,200,16,KHARIF,6,2025,192,0.008,1.08,0
FPS-0423,2025-06,RICE,200,12,KHARIF,6,2025,207,0.048,1.08,0
FPS-0423,2025-06,WHEAT,200,12,KHARIF,6,2025,189,-0.02,1.08,0
FPS-0424,2025-06,RICE,250,18,KHARIF,6,2025,242,0.036,1.08,0
FPS-0424,2025-06,WHEAT,200,18,KHARIF,6,2025,197,-0.032,1.08,0
FPS-0425,2025-06,RICE,200,17,KHARIF,6,2025,209,0.077,1.08,0
FPS-0425,2025-06,WHEAT,200,17,KHARIF,6,2025,198,0.034,1.08,0
FPS-0426,2025-06,RICE,261,21,KHARIF,6,2025,243,-0.014,1.08,0
FPS-0426,2025-06,WHEAT,200,21,KHARIF,6,2025,199,-0.014,1.08,0
FPS-0427,2025-06,RICE,200,13,KHARIF,6,2025,204,0.009,1.08,0
FPS-0427,2025-06,WHEAT,140,13,KHARIF,6,2025,193,-0.03,1.08,1
FPS-0428,2025-06,RICE,140,16,KHARIF,6,2025,188,0.03,1.08,1
FPS-0428,2025-06,WHEAT,200,16,KHARIF,6,2025,188,-0.028,1.08,0
FPS-0429,2025-06,RICE,140,11,KHARIF,6,2025,203,0.066,1.08,1
FPS-0429,2025-06,WHEAT,200,11,KHARIF,6,2025,204,0.016,1.08,0
FPS-0430,2025-06,RICE,200,16,KHARIF,6,2025,209,-0.045,1.08,0
FPS-0430,2025-06,WHEAT,200,16,KHARIF,6,2025,192,0.054,1.08,0
FPS-0431,2025-06,RICE,200,4,KHARIF,6,2025,187,0.001,1.08,0
FPS-0431,2025-06,WHEAT,200,4,KHARIF,6,2025,200,0.067,1.08,0
FPS-0432,2025-06,RICE,397,24,KHARIF,6,2025,413,0.054,1.08,0
FPS-0432,2025-06,WHEAT,265,24,KHARIF,6,2025,256,-0.035,1.08,0
FPS-0433,2025-06,RICE,200,10,KHARIF,6,2025,205,0.044,1.08,0
FPS-0433,2025-06,WHEAT,200,10,KHARIF,6,2025,193,0.074,1.08,0
FPS-0434,2025-06,RICE,330,25,KHARIF,6,2025,346,0.079,1.08,0
FPS-0434,2025-06,WHEAT,200,25,KHARIF,6,2025,186,-0.032,1.08,0
FPS-0435,2025-06,RICE,258,19,KHARIF,6,2025,255,0.046,1.08,0
FPS-0435,2025-06,WHEAT,200,19,KHARIF,6,2025,186,0.019,1.08,0
FPS-0436,2025-06,RICE,200,15,KHARIF,6,2025,199,-0.012,1.08,0
FPS-0436,2025-06,WHEAT,200,15,KHARIF,6,2025,194,0.017,1.08,0
FPS-0437,2025-06,RICE,200,13,KHARIF,6,2025,200,-0.006,1.08,0
FPS-0437,2025-06,WHEAT,200,13,KHARIF,6,2025,199,-0.004,1.08,0
FPS-0438,2025-06,RICE,200,16,KHARIF,6,2025,205,0.044,1.08,0
FPS-0438,2025-06,WHEAT,200,16,KHARIF,6,2025,210,0.027,1.08,0
FPS-0439,2025-06,RICE,271,19,KHARIF,6,2025,281,0.001,1.08,0
FPS-0439,2025-06,WHEAT,200,19,KHARIF,6,2025,209,-0.021,1.08,0
FPS-0440,2025-06,RICE,200,17,KHARIF,6,2025,197,-0.048,1.08,0
FPS-0440,2025-06,WHEAT,200,17,KHARIF,6,2025,211,-0.044,1.08,0
FPS-0441,2025-06,RICE,334,22,KHARIF,6,2025,341,0.008,1.08,0
FPS-0441,2025-06,WHEAT,263,22,KHARIF,6,2025,255,0.058,1.08,0
FPS-0442,2025-06,RICE,200,14,KHARIF,6,2025,185,-0.043,1.08,0
FPS-0442,2025-06,WHEAT,200,14,KHARIF,6,2025,206,0.007,1.08,0
FPS-0443,2025-06,RICE,200,15,KHARIF,6,2025,190,-0.05,1.08,0
FPS-0443,2025-06,WHEAT,200,15,KHARIF,6,2025,200,-0.039,1.08,0
FPS-0444,2025-06,RICE,200,12,KHARIF,6,2025,210,-0.011,1.08,0
FPS-0444,2025-06,WHEAT,200,12,KHARIF,6,2025,204,0.057,1.08,0
FPS-0445,2025-06,RICE,200,12,KHARIF,6,2025,185,0.049,1.08,0
FPS-0445,2025-06,WHEAT,200,12,KHARIF,6,2025,192,0.06,1.08,0
FPS-0446,2025-06,RICE,200,14,KHARIF,6,2025,184,0.044,1.08,0
FPS-0446,2025-06,WHEAT,140,14,KHARIF,6,2025,190,0.033,1.08,1
FPS-0447,2025-06,RICE,200,13,KHARIF,6,2025,197,-0.006,1.08,0
FPS-0447,2025-06,WHEAT,200,13,KHARIF,6,2025,195,0.019,1.08,0
FPS-0448,2025-06,RICE,200,13,KHARIF,6,2025,190,0.067,1.08,0
FPS-0448,2025-06,WHEAT,200,13,KHARIF,6,2025,199,0.076,1.08,0
FPS-0449,2025-06,RICE,200,15,KHARIF,6,2025,210,0.048,1.08,0
FPS-0449,2025-06,WHEAT,200,15,KHARIF,6,2025,206,0.042,1.08,0
FPS-0450,2025-06,RICE,200,14,KHARIF,6,2025,203,0.038,1.08,0
FPS-0450,2025-06,WHEAT,200,14,KHARIF,6,2025,196,-0.048,1.08,0
FPS-0451,2025-06,RICE,281,23,KHARIF,6,2025,273,-0.047,1.08,0
FPS-0451,2025-06,WHEAT,221,23,KHARIF,6,2025,208,0.044,1.08,0
FPS-0452,2025-06,RICE,244,17,KHARIF,6,2025,257,0.004,1.08,0
FPS-0452,2025-06,WHEAT,140,17,KHARIF,6,2025,203,0.021,1.08,1
FPS-0453,2025-06,RICE,200,15,KHARIF,6,2025,209,0.075,1.08,0
FPS-0453,2025-06,WHEAT,200,15,KHARIF,6,2025,203,-0.044,1.08,0
FPS-0454,2025-06,RICE,245,20,KHARIF,6,2025,253,0.052,1.08,0
FPS-0454,2025-06,WHEAT,200,20,KHARIF,6,2025,190,-0.008,1.08,0
FPS-0455,2025-06,RICE,203,18,KHARIF,6,2025,199,-0.038,1.08,0
FPS-0455,2025-06,WHEAT,200,18,KHARIF,6,2025,199,0.056,1.08,0
FPS-0456,2025-06,RICE,211,14,KHARIF,6,2025,207,0.076,1.08,0
FPS-0456,2025-06,WHEAT,200,14,KHARIF,6,2025,193,0.019,1.08,0
FPS-0457,2025-06,RICE,237,19,KHARIF,6,2025,230,-0.01,1.08,0
FPS-0457,2025-06,WHEAT,200,19,KHARIF,6,2025,191,0.006,1.08,0
FPS-0458,2025-06,RICE,200,15,KHARIF,6,2025,192,-0.008,1.08,0
FPS-0458,2025-06,WHEAT,200,15,KHARIF,6,2025,193,-0.004,1.08,0
FPS-0459,2025-06,RICE,237,18,KHARIF,6,2025,231,0.017,1.08,0
FPS-0459,2025-06,WHEAT,200,18,KHARIF,6,2025,193,-0.0,1.08,0
FPS-0460,2025-06,RICE,200,14,KHARIF,6,2025,192,-0.001,1.08,0
FPS-0460,2025-06,WHEAT,200,14,KHARIF,6,2025,207,-0.043,1.08,0
FPS-0461,2025-06,RICE,259,22,KHARIF,6,2025,257,0.043,1.08,0
FPS-0461,2025-06,WHEAT,200,22,KHARIF,6,2025,197,0.068,1.08,0
FPS-0462,2025-06,RICE,200,12,KHARIF,6,2025,198,0.026,1.08,0
FPS-0462,2025-06,WHEAT,200,12,KHARIF,6,2025,190,0.013,1.08,0
FPS-0463,2025-06,RICE,298,23,KHARIF,6,2025,310,0.002,1.08,0
FPS-0463,2025-06,WHEAT,216,23,KHARIF,6,2025,217,-0.017,1.08,0
FPS-0464,2025-06,RICE,228,16,KHARIF,6,2025,225,0.08,1.08,0
FPS-0464,2025-06,WHEAT,200,16,KHARIF,6,2025,198,0.041,1.08,0
FPS-0465,2025-06,RICE,200,16,KHARIF,6,2025,191,-0.03,1.08,0
FPS-0465,2025-06,WHEAT,200,16,KHARIF,6,2025,200,-0.05,1.08,0
FPS-0466,2025-06,RICE,200,15,KHARIF,6,2025,199,-0.035,1.08,0
FPS-0466,2025-06,WHEAT,200,15,KHARIF,6,2025,200,-0.006,1.08,0
FPS-0467,2025-06,RICE,200,9,KHARIF,6,2025,204,0.001,1.08,0
FPS-0467,2025-06,WHEAT,200,9,KHARIF,6,2025,211,0.029,1.08,0
FPS-0468,2025-06,RICE,216,17,KHARIF,6,2025,216,-0.03,1.08,0
FPS-0468,2025-06,WHEAT,200,17,KHARIF,6,2025,206,0.037,1.08,0
FPS-0469,2025-06,RICE,200,12,KHARIF,6,2025,187,0.032,1.08,0
FPS-0469,2025-06,WHEAT,200,12,KHARIF,6,2025,208,0.019,1.08,0
FPS-0470,2025-06,RICE,339,22,KHARIF,6,2025,356,0.038,1.08,0
FPS-0470,2025-06,WHEAT,228,22,KHARIF,6,2025,216,-0.003,1.08,0
FPS-0471,2025-06,RICE,200,13,KHARIF,6,2025,198,-0.018,1.08,0
FPS-0471,2025-06,WHEAT,200,13,KHARIF,6,2025,199,0.049,1.08,0
FPS-0472,2025-06,RICE,279,20,KHARIF,6,2025,264,0.043,1.08,0
FPS-0472,2025-06,WHEAT,200,20,KHARIF,6,2025,208,0.027,1.08,0
FPS-0473,2025-06,RICE,230,17,KHARIF,6,2025,236,0.076,1.08,0
FPS-0473,2025-06,WHEAT,200,17,KHARIF,6,2025,198,0.014,1.08,0
FPS-0474,2025-06,RICE,200,17,KHARIF,6,2025,191,-0.047,1.08,0
FPS-0474,2025-06,WHEAT,200,17,KHARIF,6,2025,187,-0.039,1.08,0
FPS-0475,2025-06,RICE,251,18,KHARIF,6,2025,246,-0.004,1.08,0
FPS-0475,2025-06,WHEAT,200,18,KHARIF,6,2025,186,0.06,1.08,0
FPS-0476,2025-06,RICE,200,14,KHARIF,6,2025,196,0.064,1.08,0
FPS-0476,2025-06,WHEAT,200,14,KHARIF,6,2025,211,0.045,1.08,0
FPS-0477,2025-06,RICE,277,21,KHARIF,6,2025,262,0.069,1.08,0
FPS-0477,2025-06,WHEAT,200,21,KHARIF,6,2025,191,0.031,1.08,0
FPS-0478,2025-06,RICE,223,15,KHARIF,6,2025,207,0.042,1.08,0
FPS-0478,2025-06,WHEAT,200,15,KHARIF,6,2025,193,0.013,1.08,0
FPS-0479,2025-06,RICE,252,17,KHARIF,6,2025,258,-0.017,1.08,0
FPS-0479,2025-06,WHEAT,200,17,KHARIF,6,2025,204,0.071,1.08,0
FPS-0480,2025-06,RICE,200,12,KHARIF,6,2025,205,-0.048,1.08,0
FPS-0480,2025-06,WHEAT,200,12,KHARIF,6,2025,199,0.023,1.08,0
FPS-0481,2025-06,RICE,200,17,KHARIF,6,2025,209,-0.046,1.08,0
FPS-0481,2025-06,WHEAT,200,17,KHARIF,6,2025,193,0.015,1.08,0
FPS-0482,2025-06,RICE,204,16,KHARIF,6,2025,195,0.047,1.08,0
FPS-0482,2025-06,WHEAT,200,16,KHARIF,6,2025,198,0.005,1.08,0
FPS-0483,2025-06,RICE,200,10,KHARIF,6,2025,203,0.078,1.08,0
FPS-0483,2025-06,WHEAT,200,10,KHARIF,6,2025,203,-0.036,1.08,0
FPS-0484,2025-06,RICE,205,16,KHARIF,6,2025,201,0.031,1.08,0
FPS-0484,2025-06,WHEAT,200,16,KHARIF,6,2025,188,0.001,1.08,0
FPS-0485,2025-06,RICE,200,13,KHARIF,6,2025,186,0.055,1.08,0
FPS-0485,2025-06,WHEAT,200,13,KHARIF,6,2025,205,0.013,1.08,0
FPS-0486,2025-06,RICE,226,21,KHARIF,6,2025,225,-0.033,1.08,0
FPS-0486,2025-06,WHEAT,200,21,KHARIF,6,2025,184,0.053,1.08,0
FPS-0487,2025-06,RICE,200,14,KHARIF,6,2025,199,-0.017,1.08,0
FPS-0487,2025-06,WHEAT,200,14,KHARIF,6,2025,195,-0.018,1.08,0
FPS-0488,2025-06,RICE,200,11,KHARIF,6,2025,204,-0.002,1.08,0
FPS-0488,2025-06,WHEAT,200,11,KHARIF,6,2025,186,0.076,1.08,0
FPS-0489,2025-06,RICE,219,20,KHARIF,6,2025,210,-0.032,1.08,0
FPS-0489,2025-06,WHEAT,200,20,KHARIF,6,2025,196,0.012,1.08,0
FPS-0490,2025-06,RICE,266,16,KHARIF,6,2025,270,0.078,1.08,0
FPS-0490,2025-06,WHEAT,200,16,KHARIF,6,2025,203,0.071,1.08,0
FPS-0491,2025-06,RICE,255,16,KHARIF,6,2025,239,-0.018,1.08,0
FPS-0491,2025-06,WHEAT,200,16,KHARIF,6,2025,197,-0.032,1.08,0
FPS-0492,2025-06,RICE,319,24,KHARIF,6,2025,335,0.028,1.08,0
FPS-0492,2025-06,WHEAT,237,24,KHARIF,6,2025,233,0.06,1.08,0
FPS-0493,2025-06,RICE,204,17,KHARIF,6,2025,209,-0.041,1.08,0
FPS-0493,2025-06,WHEAT,200,17,KHARIF,6,2025,194,-0.038,1.08,0
FPS-0494,2025-06,RICE,200,11,KHARIF,6,2025,198,-0.032,1.08,0
FPS-0494,2025-06,WHEAT,200,11,KHARIF,6,2025,195,0.02,1.08,0
FPS-0495,2025-06,RICE,200,12,KHARIF,6,2025,204,0.041,1.08,0
FPS-0495,2025-06,WHEAT,200,12,KHARIF,6,2025,198,0.023,1.08,0
FPS-0496,2025-06,RICE,200,15,KHARIF,6,2025,188,-0.038,1.08,0
FPS-0496,2025-06,WHEAT,200,15,KHARIF,6,2025,200,-0.03,1.08,0
FPS-0497,2025-06,RICE,234,19,KHARIF,6,2025,225,0.033,1.08,0
FPS-0497,2025-06,WHEAT,200,19,KHARIF,6,2025,192,0.018,1.08,0
FPS-0498,2025-06,RICE,230,16,KHARIF,6,2025,218,-0.048,1.08,0
FPS-0498,2025-06,WHEAT,200,16,KHARIF,6,2025,205,-0.043,1.08,0
FPS-0499,2025-06,RICE,304,20,KHARIF,6,2025,296,0.026,1.08,0
FPS-0499,2025-06,WHEAT,212,20,KHARIF,6,2025,223,0.004,1.08,0
FPS-0500,2025-06,RICE,200,15,KHARIF,6,2025,186,-0.02,1.08,0
FPS-0500,2025-06,WHEAT,200,15,KHARIF,6,2025,197,-0.046,1.08,0
FPS-0501,2025-06,RICE,200,17,KHARIF,6,2025,192,-0.043,1.08,0
FPS-0501,2025-06,WHEAT,200,17,KHARIF,6,2025,190,-0.025,1.08,0
FPS-0502,2025-06,RICE,258,19,KHARIF,6,2025,264,0.002,1.08,0
FPS-0502,2025-06,WHEAT,201,19,KHARIF,6,2025,196,0.026,1.08,0
FPS-0503,2025-06,RICE,229,19,KHARIF,6,2025,241,-0.02,1.08,0
FPS-0503,2025-06,WHEAT,200,19,KHARIF,6,2025,185,0.018,1.08,0
FPS-0504,2025-06,RICE,200,16,KHARIF,6,2025,188,-0.032,1.08,0
FPS-0504,2025-06,WHEAT,200,16,KHARIF,6,2025,210,0.012,1.08,0
FPS-0505,2025-06,RICE,200,17,KHARIF,6,2025,185,-0.039,1.08,0
FPS-0505,2025-06,WHEAT,200,17,KHARIF,6,2025,211,-0.016,1.08,0
FPS-0506,2025-06,RICE,200,14,KHARIF,6,2025,209,-0.035,1.08,0
FPS-0506,2025-06,WHEAT,200,14,KHARIF,6,2025,191,0.05,1.08,0
FPS-0507,2025-06,RICE,200,12,KHARIF,6,2025,199,0.034,1.08,0
FPS-0507,2025-06,WHEAT,200,12,KHARIF,6,2025,209,0.036,1.08,0
FPS-0508,2025-06,RICE,283,22,KHARIF,6,2025,297,0.035,1.08,0
FPS-0508,2025-06,WHEAT,200,22,KHARIF,6,2025,192,-0.013,1.08,0
FPS-0509,2025-06,RICE,223,16,KHARIF,6,2025,213,0.076,1.08,0
FPS-0509,2025-06,WHEAT,200,16,KHARIF,6,2025,195,0.047,1.08,0
FPS-0510,2025-06,RICE,200,13,KHARIF,6,2025,185,0.073,1.08,0
FPS-0510,2025-06,WHEAT,200,13,KHARIF,6,2025,186,0.065,1.08,0
FPS-0511,2025-06,RICE,200,15,KHARIF,6,2025,205,0.01,1.08,0
FPS-0511,2025-06,WHEAT,200,15,KHARIF,6,2025,206,-0.034,1.08,0
FPS-0512,2025-06,RICE,200,12,KHARIF,6,2025,209,0.056,1.08,0
FPS-0512,2025-06,WHEAT,200,12,KHARIF,6,2025,210,-0.044,1.08,0
FPS-0513,2025-06,RICE,213,17,KHARIF,6,2025,199,0.011,1.08,0
FPS-0513,2025-06,WHEAT,200,17,KHARIF,6,2025,205,-0.024,1.08,0
FPS-0514,2025-06,RICE,200,5,KHARIF,6,2025,197,0.073,1.08,0
FPS-0514,2025-06,WHEAT,200,5,KHARIF,6,2025,202,0.009,1.08,0
FPS-0515,2025-06,RICE,200,8,KHARIF,6,2025,187,0.05,1.08,0
FPS-0515,2025-06,WHEAT,200,8,KHARIF,6,2025,205,-0.023,1.08,0
FPS-0516,2025-06,RICE,200,11,KHARIF,6,2025,190,0.073,1.08,0
FPS-0516,2025-06,WHEAT,140,11,KHARIF,6,2025,185,0.056,1.08,1
FPS-0517,2025-06,RICE,200,16,KHARIF,6,2025,210,-0.02,1.08,0
FPS-0517,2025-06,WHEAT,200,16,KHARIF,6,2025,207,0.012,1.08,0
FPS-0518,2025-06,RICE,209,16,KHARIF,6,2025,220,0.007,1.08,0
FPS-0518,2025-06,WHEAT,200,16,KHARIF,6,2025,195,0.066,1.08,0
FPS-0519,2025-06,RICE,217,15,KHARIF,6,2025,216,0.011,1.08,0
FPS-0519,2025-06,WHEAT,200,15,KHARIF,6,2025,207,-0.038,1.08,0
FPS-0520,2025-06,RICE,200,15,KHARIF,6,2025,210,-0.048,1.08,0
FPS-0520,2025-06,WHEAT,200,15,KHARIF,6,2025,197,-0.01,1.08,0
FPS-0521,2025-06,RICE,276,23,KHARIF,6,2025,261,0.037,1.08,0
FPS-0521,2025-06,WHEAT,200,23,KHARIF,6,2025,200,0.021,1.08,0
FPS-0522,2025-06,RICE,261,20,KHARIF,6,2025,252,0.018,1.08,0
FPS-0522,2025-06,WHEAT,200,20,KHARIF,6,2025,199,0.012,1.08,0
FPS-0523,2025-06,RICE,242,18,KHARIF,6,2025,252,0.061,1.08,0
FPS-0523,2025-06,WHEAT,200,18,KHARIF,6,2025,189,0.049,1.08,0
FPS-0524,2025-06,RICE,200,12,KHARIF,6,2025,189,-0.022,1.08,0
FPS-0524,2025-06,WHEAT,200,12,KHARIF,6,2025,195,-0.045,1.08,0
FPS-0525,2025-06,RICE,200,12,KHARIF,6,2025,186,0.036,1.08,0
FPS-0525,2025-06,WHEAT,200,12,KHARIF,6,2025,201,-0.008,1.08,0
FPS-0526,2025-06,RICE,147,16,KHARIF,6,2025,205,-0.031,1.08,1
FPS-0526,2025-06,WHEAT,200,16,KHARIF,6,2025,200,0.04,1.08,0
FPS-0527,2025-06,RICE,204,17,KHARIF,6,2025,199,0.019,1.08,0
FPS-0527,2025-06,WHEAT,200,17,KHARIF,6,2025,191,-0.044,1.08,0
FPS-0528,2025-06,RICE,223,17,KHARIF,6,2025,224,-0.01,1.08,0
FPS-0528,2025-06,WHEAT,200,17,KHARIF,6,2025,191,0.057,1.08,0
FPS-0529,2025-06,RICE,315,25,KHARIF,6,2025,322,0.076,1.08,0
FPS-0529,2025-06,WHEAT,233,25,KHARIF,6,2025,229,0.033,1.08,0
FPS-0530,2025-06,RICE,238,17,KHARIF,6,2025,221,0.042,1.08,0
FPS-0530,2025-06,WHEAT,200,17,KHARIF,6,2025,204,-0.009,1.08,0
FPS-0531,2025-06,RICE,200,19,KHARIF,6,2025,203,-0.028,1.08,0
FPS-0531,2025-06,WHEAT,200,19,KHARIF,6,2025,184,-0.041,1.08,0
FPS-0532,2025-06,RICE,200,14,KHARIF,6,2025,190,0.038,1.08,0
FPS-0532,2025-06,WHEAT,200,14,KHARIF,6,2025,200,0.071,1.08,0
FPS-0533,2025-06,RICE,248,20,KHARIF,6,2025,236,0.01,1.08,0
FPS-0533,2025-06,WHEAT,200,20,KHARIF,6,2025,210,0.03,1.08,0
FPS-0534,2025-06,RICE,200,11,KHARIF,6,2025,193,-0.013,1.08,0
FPS-0534,2025-06,WHEAT,200,11,KHARIF,6,2025,201,0.02,1.08,0
FPS-0535,2025-06,RICE,268,22,KHARIF,6,2025,250,0.001,1.08,0
FPS-0535,2025-06,WHEAT,201,22,KHARIF,6,2025,194,0.021,1.08,0
FPS-0536,2025-06,RICE,200,15,KHARIF,6,2025,185,0.071,1.08,0
FPS-0536,2025-06,WHEAT,200,15,KHARIF,6,2025,184,-0.013,1.08,0
FPS-0537,2025-06,RICE,200,11,KHARIF,6,2025,193,-0.007,1.08,0
FPS-0537,2025-06,WHEAT,200,11,KHARIF,6,2025,203,-0.049,1.08,0
FPS-0538,2025-06,RICE,200,11,KHARIF,6,2025,190,0.061,1.08,0
FPS-0538,2025-06,WHEAT,200,11,KHARIF,6,2025,190,0.003,1.08,0
FPS-0539,2025-06,RICE,259,17,KHARIF,6,2025,254,0.075,1.08,0
FPS-0539,2025-06,WHEAT,200,17,KHARIF,6,2025,201,0.071,1.08,0
FPS-0540,2025-06,RICE,200,8,KHARIF,6,2025,208,0.051,1.08,0
FPS-0540,2025-06,WHEAT,200,8,KHARIF,6,2025,191,0.073,1.08,0
FPS-0541,2025-06,RICE,200,15,KHARIF,6,2025,197,-0.0,1.08,0
FPS-0541,2025-06,WHEAT,200,15,KHARIF,6,2025,201,-0.013,1.08,0
FPS-0542,2025-06,RICE,200,13,KHARIF,6,2025,200,-0.001,1.08,0
FPS-0542,2025-06,WHEAT,200,13,KHARIF,6,2025,208,0.04,1.08,0
FPS-0543,2025-06,RICE,200,13,KHARIF,6,2025,202,0.028,1.08,0
FPS-0543,2025-06,WHEAT,200,13,KHARIF,6,2025,196,0.033,1.08,0
FPS-0544,2025-06,RICE,200,19,KHARIF,6,2025,199,-0.003,1.08,0
FPS-0544,2025-06,WHEAT,200,19,KHARIF,6,2025,203,0.036,1.08,0
FPS-0545,2025-06,RICE,200,9,KHARIF,6,2025,205,0.014,1.08,0
FPS-0545,2025-06,WHEAT,200,9,KHARIF,6,2025,194,0.039,1.08,0
FPS-0546,2025-06,RICE,304,20,KHARIF,6,2025,284,0.07,1.08,0
FPS-0546,2025-06,WHEAT,200,20,KHARIF,6,2025,192,-0.042,1.08,0
FPS-0547,2025-06,RICE,200,11,KHARIF,6,2025,198,-0.023,1.08,0
FPS-0547,2025-06,WHEAT,200,11,KHARIF,6,2025,201,-0.007,1.08,0
FPS-0548,2025-06,RICE,201,16,KHARIF,6,2025,186,-0.014,1.08,0
FPS-0548,2025-06,WHEAT,200,16,KHARIF,6,2025,199,0.04,1.08,0
FPS-0549,2025-06,RICE,260,23,KHARIF,6,2025,266,0.037,1.08,0
FPS-0549,2025-06,WHEAT,200,23,KHARIF,6,2025,199,-0.04,1.08,0
FPS-0550,2025-06,RICE,200,10,KHARIF,6,2025,193,0.052,1.08,0
FPS-0550,2025-06,WHEAT,200,10,KHARIF,6,2025,205,0.052,1.08,0
FPS-0551,2025-06,RICE,200,18,KHARIF,6,2025,186,-0.036,1.08,0
FPS-0551,2025-06,WHEAT,200,18,KHARIF,6,2025,204,0.006,1.08,0
FPS-0552,2025-06,RICE,200,13,KHARIF,6,2025,202,0.074,1.08,0
FPS-0552,2025-06,WHEAT,200,13,KHARIF,6,2025,194,0.037,1.08,0
FPS-0553,2025-06,RICE,196,23,KHARIF,6,2025,279,0.005,1.08,1
FPS-0553,2025-06,WHEAT,152,23,KHARIF,6,2025,201,0.068,1.08,1
FPS-0554,2025-06,RICE,200,10,KHARIF,6,2025,197,-0.015,1.08,0
FPS-0554,2025-06,WHEAT,200,10,KHARIF,6,2025,196,0.078,1.08,0
FPS-0555,2025-06,RICE,297,23,KHARIF,6,2025,278,0.075,1.08,0
FPS-0555,2025-06,WHEAT,200,23,KHARIF,6,2025,199,-0.029,1.08,0
FPS-0556,2025-06,RICE,256,20,KHARIF,6,2025,256,-0.015,1.08,0
FPS-0556,2025-06,WHEAT,201,20,KHARIF,6,2025,199,0.074,1.08,0
FPS-0557,2025-06,RICE,259,19,KHARIF,6,2025,253,0.061,1.08,0
FPS-0557,2025-06,WHEAT,200,19,KHARIF,6,2025,205,0.046,1.08,0
FPS-0558,2025-06,RICE,328,21,KHARIF,6,2025,343,0.076,1.08,0
FPS-0558,2025-06,WHEAT,240,21,KHARIF,6,2025,237,0.012,1.08,0
FPS-0559,2025-06,RICE,215,18,KHARIF,6,2025,206,0.028,1.08,0
FPS-0559,2025-06,WHEAT,200,18,KHARIF,6,2025,198,0.035,1.08,0
FPS-0560,2025-06,RICE,304,21,KHARIF,6,2025,293,0.06,1.08,0
FPS-0560,2025-06,WHEAT,214,21,KHARIF,6,2025,198,-0.002,1.08,0
FPS-0561,2025-06,RICE,200,13,KHARIF,6,2025,194,0.018,1.08,0
FPS-0561,2025-06,WHEAT,200,13,KHARIF,6,2025,191,-0.021,1.08,0
FPS-0562,2025-06,RICE,288,20,KHARIF,6,2025,280,-0.042,1.08,0
FPS-0562,2025-06,WHEAT,218,20,KHARIF,6,2025,230,0.006,1.08,0
FPS-0563,2025-06,RICE,374,30,KHARIF,6,2025,373,-0.003,1.08,0
FPS-0563,2025-06,WHEAT,269,30,KHARIF,6,2025,262,-0.017,1.08,0
FPS-0564,2025-06,RICE,200,14,KHARIF,6,2025,193,0.011,1.08,0
FPS-0564,2025-06,WHEAT,200,14,KHARIF,6,2025,202,-0.023,1.08,0
FPS-0565,2025-06,RICE,230,19,KHARIF,6,2025,235,0.017,1.08,0
FPS-0565,2025-06,WHEAT,200,19,KHARIF,6,2025,211,-0.048,1.08,0
FPS-0566,2025-06,RICE,200,16,KHARIF,6,2025,195,-0.037,1.08,0
FPS-0566,2025-06,WHEAT,200,16,KHARIF,6,2025,198,0.013,1.08,0
FPS-0567,2025-06,RICE,200,12,KHARIF,6,2025,191,-0.034,1.08,0
FPS-0567,2025-06,WHEAT,200,12,KHARIF,6,2025,195,0.019,1.08,0
FPS-0568,2025-06,RICE,285,20,KHARIF,6,2025,282,-0.05,1.08,0
FPS-0568,2025-06,WHEAT,229,20,KHARIF,6,2025,233,0.069,1.08,0
FPS-0569,2025-06,RICE,289,22,KHARIF,6,2025,296,0.019,1.08,0
FPS-0569,2025-06,WHEAT,205,22,KHARIF,6,2025,201,0.03,1.08,0
FPS-0570,2025-06,RICE,200,8,KHARIF,6,2025,205,-0.028,1.08,0
FPS-0570,2025-06,WHEAT,200,8,KHARIF,6,2025,192,0.018,1.08,0
FPS-0571,2025-06,RICE,204,16,KHARIF,6,2025,209,0.064,1.08,0
FPS-0571,2025-06,WHEAT,200,16,KHARIF,6,2025,199,0.078,1.08,0
FPS-0572,2025-06,RICE,299,22,KHARIF,6,2025,312,0.068,1.08,0
FPS-0572,2025-06,WHEAT,224,22,KHARIF,6,2025,220,0.071,1.08,0
FPS-0573,2025-06,RICE,200,13,KHARIF,6,2025,198,-0.03,1.08,0
FPS-0573,2025-06,WHEAT,200,13,KHARIF,6,2025,205,-0.026,1.08,0
FPS-0574,2025-06,RICE,253,20,KHARIF,6,2025,237,0.04,1.08,0
FPS-0574,2025-06,WHEAT,200,20,KHARIF,6,2025,185,-0.015,1.08,0
FPS-0575,2025-06,RICE,345,25,KHARIF,6,2025,344,0.072,1.08,0
FPS-0575,2025-06,WHEAT,233,25,KHARIF,6,2025,218,-0.045,1.08,0
FPS-0576,2025-06,RICE,200,13,KHARIF,6,2025,189,-0.041,1.08,0
FPS-0576,2025-06,WHEAT,200,13,KHARIF,6,2025,186,0.051,1.08,0
FPS-0577,2025-06,RICE,200,15,KHARIF,6,2025,189,0.021,1.08,0
FPS-0577,2025-06,WHEAT,200,15,KHARIF,6,2025,194,0.074,1.08,0
FPS-0578,2025-06,RICE,200,11,KHARIF,6,2025,206,0.057,1.08,0
FPS-0578,2025-06,WHEAT,200,11,KHARIF,6,2025,209,0.067,1.08,0
FPS-0579,2025-06,RICE,200,15,KHARIF,6,2025,210,-0.048,1.08,0
FPS-0579,2025-06,WHEAT,200,15,KHARIF,6,2025,184,0.06,1.08,0
FPS-0580,2025-06,RICE,265,22,KHARIF,6,2025,256,0.046,1.08,0
FPS-0580,2025-06,WHEAT,200,22,KHARIF,6,2025,184,0.031,1.08,0
FPS-0581,2025-06,RICE,215,19,KHARIF,6,2025,205,0.047,1.08,0
FPS-0581,2025-06,WHEAT,200,19,KHARIF,6,2025,205,-0.035,1.08,0
FPS-0582,2025-06,RICE,200,7,KHARIF,6,2025,205,0.033,1.08,0
FPS-0582,2025-06,WHEAT,200,7,KHARIF,6,2025,190,-0.043,1.08,0
FPS-0583,2025-06,RICE,200,12,KHARIF,6,2025,204,0.074,1.08,0
FPS-0583,2025-06,WHEAT,200,12,KHARIF,6,2025,192,-0.042,1.08,0
FPS-0584,2025-06,RICE,200,10,KHARIF,6,2025,199,0.01,1.08,0
FPS-0584,2025-06,WHEAT,200,10,KHARIF,6,2025,195,0.075,1.08,0
FPS-0585,2025-06,RICE,200,15,KHARIF,6,2025,198,0.031,1.08,0
FPS-0585,2025-06,WHEAT,200,15,KHARIF,6,2025,201,0.011,1.08,0
FPS-0586,2025-06,RICE,200,15,KHARIF,6,2025,190,-0.014,1.08,0
FPS-0586,2025-06,WHEAT,200,15,KHARIF,6,2025,207,-0.018,1.08,0
FPS-0587,2025-06,RICE,243,17,KHARIF,6,2025,236,0.007,1.08,0
FPS-0587,2025-06,WHEAT,200,17,KHARIF,6,2025,199,0.074,1.08,0
FPS-0588,2025-06,RICE,238,19,KHARIF,6,2025,219,0.075,1.08,0
FPS-0588,2025-06,WHEAT,200,19,KHARIF,6,2025,210,-0.049,1.08,0
FPS-0589,2025-06,RICE,207,13,KHARIF,6,2025,215,0.08,1.08,0
FPS-0589,2025-06,WHEAT,200,13,KHARIF,6,2025,198,0.035,1.08,0
FPS-0590,2025-06,RICE,200,14,KHARIF,6,2025,189,-0.008,1.08,0
FPS-0590,2025-06,WHEAT,200,14,KHARIF,6,2025,210,0.066,1.08,0
FPS-0591,2025-06,RICE,200,15,KHARIF,6,2025,199,-0.0,1.08,0
FPS-0591,2025-06,WHEAT,200,15,KHARIF,6,2025,192,0.03,1.08,0
FPS-0592,2025-06,RICE,224,18,KHARIF,6,2025,213,-0.016,1.08,0
FPS-0592,2025-06,WHEAT,200,18,KHARIF,6,2025,185,-0.035,1.08,0
FPS-0593,2025-06,RICE,336,27,KHARIF,6,2025,318,0.044,1.08,0
FPS-0593,2025-06,WHEAT,244,27,KHARIF,6,2025,247,0.043,1.08,0
FPS-0594,2025-06,RICE,216,16,KHARIF,6,2025,225,0.006,1.08,0
FPS-0594,2025-06,WHEAT,200,16,KHARIF,6,2025,197,-0.008,1.08,0
FPS-0595,2025-06,RICE,200,15,KHARIF,6,2025,184,0.005,1.08,0
FPS-0595,2025-06,WHEAT,200,15,KHARIF,6,2025,202,0.005,1.08,0
FPS-0596,2025-06,RICE,200,15,KHARIF,6,2025,195,0.012,1.08,0
FPS-0596,2025-06,WHEAT,200,15,KHARIF,6,2025,203,0.077,1.08,0
FPS-0597,2025-06,RICE,454,26,KHARIF,6,2025,431,0.044,1.08,0
FPS-0597,2025-06,WHEAT,205,26,KHARIF,6,2025,309,-0.03,1.08,1
FPS-0598,2025-06,RICE,272,16,KHARIF,6,2025,272,0.009,1.08,0
FPS-0598,2025-06,WHEAT,200,16,KHARIF,6,2025,197,-0.047,1.08,0
FPS-0599,2025-06,RICE,200,15,KHARIF,6,2025,184,0.078,1.08,0
FPS-0599,2025-06,WHEAT,200,15,KHARIF,6,2025,203,-0.034,1.08,0
FPS-0600,2025-06,RICE,200,13,KHARIF,6,2025,211,0.041,1.08,0
FPS-0600,2025-06,WHEAT,200,13,KHARIF,6,2025,190,0.029,1.08,0
FPS-0001,2025-07,RICE,221,22,KHARIF,7,2025,308,0.022,1.08,1
FPS-0001,2025-07,WHEAT,230,22,KHARIF,7,2025,243,-0.0,1.08,0
FPS-0002,2025-07,RICE,200,13,KHARIF,7,2025,204,-0.037,1.08,0
FPS-0002,2025-07,WHEAT,200,13,KHARIF,7,2025,207,-0.014,1.08,0
FPS-0003,2025-07,RICE,298,25,KHARIF,7,2025,287,-0.047,1.08,0
FPS-0003,2025-07,WHEAT,232,25,KHARIF,7,2025,225,0.024,1.08,0
FPS-0004,2025-07,RICE,200,13,KHARIF,7,2025,211,0.017,1.08,0
FPS-0004,2025-07,WHEAT,200,13,KHARIF,7,2025,188,0.056,1.08,0
FPS-0005,2025-07,RICE,224,18,KHARIF,7,2025,224,0.006,1.08,0
FPS-0005,2025-07,WHEAT,200,18,KHARIF,7,2025,198,-0.028,1.08,0
FPS-0006,2025-07,RICE,337,20,KHARIF,7,2025,319,0.079,1.08,0
FPS-0006,2025-07,WHEAT,220,20,KHARIF,7,2025,212,-0.026,1.08,0
FPS-0007,2025-07,RICE,200,11,KHARIF,7,2025,184,0.08,1.08,0
FPS-0007,2025-07,WHEAT,200,11,KHARIF,7,2025,189,0.016,1.08,0
FPS-0008,2025-07,RICE,228,17,KHARIF,7,2025,225,0.07,1.08,0
FPS-0008,2025-07,WHEAT,200,17,KHARIF,7,2025,194,-0.049,1.08,0
FPS-0009,2025-07,RICE,200,13,KHARIF,7,2025,189,0.048,1.08,0
FPS-0009,2025-07,WHEAT,200,13,KHARIF,7,2025,192,0.006,1.08,0
FPS-0010,2025-07,RICE,264,17,KHARIF,7,2025,258,-0.033,1.08,0
FPS-0010,2025-07,WHEAT,200,17,KHARIF,7,2025,195,-0.009,1.08,0
FPS-0011,2025-07,RICE,200,14,KHARIF,7,2025,199,0.062,1.08,0
FPS-0011,2025-07,WHEAT,200,14,KHARIF,7,2025,199,0.014,1.08,0
FPS-0012,2025-07,RICE,276,20,KHARIF,7,2025,280,-0.027,1.08,0
FPS-0012,2025-07,WHEAT,211,20,KHARIF,7,2025,211,0.05,1.08,0
FPS-0013,2025-07,RICE,261,17,KHARIF,7,2025,250,0.053,1.08,0
FPS-0013,2025-07,WHEAT,200,17,KHARIF,7,2025,208,-0.016,1.08,0
FPS-0014,2025-07,RICE,200,11,KHARIF,7,2025,203,-0.034,1.08,0
FPS-0014,2025-07,WHEAT,200,11,KHARIF,7,2025,205,0.064,1.08,0
FPS-0015,2025-07,RICE,208,14,KHARIF,7,2025,217,0.037,1.08,0
FPS-0015,2025-07,WHEAT,200,14,KHARIF,7,2025,197,0.024,1.08,0
FPS-0016,2025-07,RICE,248,20,KHARIF,7,2025,243,-0.021,1.08,0
FPS-0016,2025-07,WHEAT,200,20,KHARIF,7,2025,209,0.066,1.08,0
FPS-0017,2025-07,RICE,200,15,KHARIF,7,2025,198,0.071,1.08,0
FPS-0017,2025-07,WHEAT,200,15,KHARIF,7,2025,192,-0.026,1.08,0
FPS-0018,2025-07,RICE,338,24,KHARIF,7,2025,351,0.044,1.08,0
FPS-0018,2025-07,WHEAT,213,24,KHARIF,7,2025,224,-0.043,1.08,0
FPS-0019,2025-07,RICE,280,18,KHARIF,7,2025,260,0.068,1.08,0
FPS-0019,2025-07,WHEAT,200,18,KHARIF,7,2025,198,0.065,1.08,0
FPS-0020,2025-07,RICE,213,15,KHARIF,7,2025,205,0.063,1.08,0
FPS-0020,2025-07,WHEAT,200,15,KHARIF,7,2025,192,-0.026,1.08,0
FPS-0021,2025-07,RICE,353,26,KHARIF,7,2025,332,0.062,1.08,0
FPS-0021,2025-07,WHEAT,235,26,KHARIF,7,2025,222,-0.017,1.08,0
FPS-0022,2025-07,RICE,200,15,KHARIF,7,2025,199,-0.041,1.08,0
FPS-0022,2025-07,WHEAT,200,15,KHARIF,7,2025,191,-0.004,1.08,0
FPS-0023,2025-07,RICE,151,16,KHARIF,7,2025,204,0.039,1.08,1
FPS-0023,2025-07,WHEAT,200,16,KHARIF,7,2025,206,0.018,1.08,0
FPS-0024,2025-07,RICE,200,18,KHARIF,7,2025,191,-0.029,1.08,0
FPS-0024,2025-07,WHEAT,200,18,KHARIF,7,2025,186,0.009,1.08,0
FPS-0025,2025-07,RICE,284,19,KHARIF,7,2025,285,-0.05,1.08,0
FPS-0025,2025-07,WHEAT,215,19,KHARIF,7,2025,218,-0.043,1.08,0
FPS-0026,2025-07,RICE,208,16,KHARIF,7,2025,218,-0.029,1.08,0
FPS-0026,2025-07,WHEAT,200,16,KHARIF,7,2025,190,-0.047,1.08,0
FPS-0027,2025-07,RICE,200,15,KHARIF,7,2025,203,0.014,1.08,0
FPS-0027,2025-07,WHEAT,200,15,KHARIF,7,2025,199,-0.004,1.08,0
FPS-0028,2025-07,RICE,200,12,KHARIF,7,2025,208,0.07,1.08,0
FPS-0028,2025-07,WHEAT,200,12,KHARIF,7,2025,204,-0.026,1.08,0
FPS-0029,2025-07,RICE,268,21,KHARIF,7,2025,262,-0.043,1.08,0
FPS-0029,2025-07,WHEAT,200,21,KHARIF,7,2025,186,-0.031,1.08,0
FPS-0030,2025-07,RICE,200,10,KHARIF,7,2025,201,0.026,1.08,0
FPS-0030,2025-07,WHEAT,200,10,KHARIF,7,2025,194,-0.002,1.08,0
FPS-0031,2025-07,RICE,200,13,KHARIF,7,2025,208,-0.038,1.08,0
FPS-0031,2025-07,WHEAT,200,13,KHARIF,7,2025,194,-0.046,1.08,0
FPS-0032,2025-07,RICE,223,17,KHARIF,7,2025,215,0.019,1.08,0
FPS-0032,2025-07,WHEAT,200,17,KHARIF,7,2025,198,-0.026,1.08,0
FPS-0033,2025-07,RICE,251,14,KHARIF,7,2025,255,0.049,1.08,0
FPS-0033,2025-07,WHEAT,200,14,KHARIF,7,2025,190,0.075,1.08,0
FPS-0034,2025-07,RICE,252,18,KHARIF,7,2025,241,0.006,1.08,0
FPS-0034,2025-07,WHEAT,200,18,KHARIF,7,2025,203,-0.005,1.08,0
FPS-0035,2025-07,RICE,248,18,KHARIF,7,2025,235,-0.01,1.08,0
FPS-0035,2025-07,WHEAT,200,18,KHARIF,7,2025,204,-0.027,1.08,0
FPS-0036,2025-07,RICE,286,23,KHARIF,7,2025,289,0.022,1.08,0
FPS-0036,2025-07,WHEAT,200,23,KHARIF,7,2025,206,-0.026,1.08,0
FPS-0037,2025-07,RICE,280,20,KHARIF,7,2025,296,0.068,1.08,0
FPS-0037,2025-07,WHEAT,208,20,KHARIF,7,2025,197,0.068,1.08,0
FPS-0038,2025-07,RICE,293,20,KHARIF,7,2025,279,0.056,1.08,0
FPS-0038,2025-07,WHEAT,200,20,KHARIF,7,2025,207,-0.044,1.08,0
FPS-0039,2025-07,RICE,265,20,KHARIF,7,2025,250,0.063,1.08,0
FPS-0039,2025-07,WHEAT,200,20,KHARIF,7,2025,205,0.06,1.08,0
FPS-0040,2025-07,RICE,200,12,KHARIF,7,2025,200,0.038,1.08,0
FPS-0040,2025-07,WHEAT,200,12,KHARIF,7,2025,204,0.072,1.08,0
FPS-0041,2025-07,RICE,200,13,KHARIF,7,2025,203,0.0,1.08,0
FPS-0041,2025-07,WHEAT,200,13,KHARIF,7,2025,190,0.043,1.08,0
FPS-0042,2025-07,RICE,222,18,KHARIF,7,2025,230,0.035,1.08,0
FPS-0042,2025-07,WHEAT,200,18,KHARIF,7,2025,198,0.005,1.08,0
FPS-0043,2025-07,RICE,200,17,KHARIF,7,2025,205,0.008,1.08,0
FPS-0043,2025-07,WHEAT,200,17,KHARIF,7,2025,205,-0.048,1.08,0
FPS-0044,2025-07,RICE,200,15,KHARIF,7,2025,189,0.048,1.08,0
FPS-0044,2025-07,WHEAT,200,15,KHARIF,7,2025,191,-0.044,1.08,0
FPS-0045,2025-07,RICE,284,21,KHARIF,7,2025,267,0.048,1.08,0
FPS-0045,2025-07,WHEAT,202,21,KHARIF,7,2025,204,0.059,1.08,0
FPS-0046,2025-07,RICE,200,13,KHARIF,7,2025,198,-0.033,1.08,0
FPS-0046,2025-07,WHEAT,200,13,KHARIF,7,2025,211,0.031,1.08,0
FPS-0047,2025-07,RICE,284,21,KHARIF,7,2025,272,0.008,1.08,0
FPS-0047,2025-07,WHEAT,200,21,KHARIF,7,2025,198,-0.041,1.08,0
FPS-0048,2025-07,RICE,200,12,KHARIF,7,2025,210,-0.014,1.08,0
FPS-0048,2025-07,WHEAT,200,12,KHARIF,7,2025,186,0.013,1.08,0
FPS-0049,2025-07,RICE,231,17,KHARIF,7,2025,244,0.021,1.08,0
FPS-0049,2025-07,WHEAT,200,17,KHARIF,7,2025,197,0.048,1.08,0
FPS-0050,2025-07,RICE,233,23,KHARIF,7,2025,349,0.063,1.08,1
FPS-0050,2025-07,WHEAT,224,23,KHARIF,7,2025,211,-0.029,1.08,0
FPS-0051,2025-07,RICE,242,19,KHARIF,7,2025,243,0.015,1.08,0
FPS-0051,2025-07,WHEAT,200,19,KHARIF,7,2025,189,0.013,1.08,0
FPS-0052,2025-07,RICE,306,19,KHARIF,7,2025,305,0.079,1.08,0
FPS-0052,2025-07,WHEAT,200,19,KHARIF,7,2025,192,-0.028,1.08,0
FPS-0053,2025-07,RICE,200,17,KHARIF,7,2025,202,-0.014,1.08,0
FPS-0053,2025-07,WHEAT,200,17,KHARIF,7,2025,202,0.055,1.08,0
FPS-0054,2025-07,RICE,200,14,KHARIF,7,2025,192,0.075,1.08,0
FPS-0054,2025-07,WHEAT,200,14,KHARIF,7,2025,186,0.025,1.08,0
FPS-0055,2025-07,RICE,245,20,KHARIF,7,2025,257,-0.049,1.08,0
FPS-0055,2025-07,WHEAT,200,20,KHARIF,7,2025,200,0.018,1.08,0
FPS-0056,2025-07,RICE,217,19,KHARIF,7,2025,203,-0.013,1.08,0
FPS-0056,2025-07,WHEAT,200,19,KHARIF,7,2025,200,-0.009,1.08,0
FPS-0057,2025-07,RICE,250,18,KHARIF,7,2025,253,-0.003,1.08,0
FPS-0057,2025-07,WHEAT,140,18,KHARIF,7,2025,211,-0.049,1.08,1
FPS-0058,2025-07,RICE,241,19,KHARIF,7,2025,226,0.012,1.08,0
FPS-0058,2025-07,WHEAT,200,19,KHARIF,7,2025,189,0.053,1.08,0
FPS-0059,2025-07,RICE,231,17,KHARIF,7,2025,243,0.047,1.08,0
FPS-0059,2025-07,WHEAT,200,17,KHARIF,7,2025,191,0.005,1.08,0
FPS-0060,2025-07,RICE,269,22,KHARIF,7,2025,253,0.054,1.08,0
FPS-0060,2025-07,WHEAT,200,22,KHARIF,7,2025,211,-0.017,1.08,0
FPS-0061,2025-07,RICE,200,15,KHARIF,7,2025,203,0.075,1.08,0
FPS-0061,2025-07,WHEAT,200,15,KHARIF,7,2025,203,0.017,1.08,0
FPS-0062,2025-07,RICE,200,12,KHARIF,7,2025,189,0.018,1.08,0
FPS-0062,2025-07,WHEAT,200,12,KHARIF,7,2025,205,-0.029,1.08,0
FPS-0063,2025-07,RICE,268,20,KHARIF,7,2025,283,-0.027,1.08,0
FPS-0063,2025-07,WHEAT,200,20,KHARIF,7,2025,184,0.025,1.08,0
FPS-0064,2025-07,RICE,200,15,KHARIF,7,2025,189,0.01,1.08,0
FPS-0064,2025-07,WHEAT,200,15,KHARIF,7,2025,194,0.018,1.08,0
FPS-0065,2025-07,RICE,200,16,KHARIF,7,2025,203,0.002,1.08,0
FPS-0065,2025-07,WHEAT,200,16,KHARIF,7,2025,205,0.037,1.08,0
FPS-0066,2025-07,RICE,209,17,KHARIF,7,2025,195,0.015,1.08,0
FPS-0066,2025-07,WHEAT,200,17,KHARIF,7,2025,193,0.073,1.08,0
FPS-0067,2025-07,RICE,200,13,KHARIF,7,2025,194,0.008,1.08,0
FPS-0067,2025-07,WHEAT,200,13,KHARIF,7,2025,202,0.046,1.08,0
FPS-0068,2025-07,RICE,213,20,KHARIF,7,2025,197,-0.011,1.08,0
FPS-0068,2025-07,WHEAT,200,20,KHARIF,7,2025,202,0.025,1.08,0
FPS-0069,2025-07,RICE,203,16,KHARIF,7,2025,193,0.058,1.08,0
FPS-0069,2025-07,WHEAT,200,16,KHARIF,7,2025,187,0.054,1.08,0
FPS-0070,2025-07,RICE,218,16,KHARIF,7,2025,217,0.035,1.08,0
FPS-0070,2025-07,WHEAT,200,16,KHARIF,7,2025,188,-0.006,1.08,0
FPS-0071,2025-07,RICE,200,15,KHARIF,7,2025,200,0.042,1.08,0
FPS-0071,2025-07,WHEAT,200,15,KHARIF,7,2025,193,-0.021,1.08,0
FPS-0072,2025-07,RICE,313,22,KHARIF,7,2025,313,0.015,1.08,0
FPS-0072,2025-07,WHEAT,219,22,KHARIF,7,2025,222,0.057,1.08,0
FPS-0073,2025-07,RICE,290,21,KHARIF,7,2025,275,0.074,1.08,0
FPS-0073,2025-07,WHEAT,200,21,KHARIF,7,2025,202,0.06,1.08,0
FPS-0074,2025-07,RICE,200,11,KHARIF,7,2025,201,0.053,1.08,0
FPS-0074,2025-07,WHEAT,200,11,KHARIF,7,2025,199,-0.031,1.08,0
FPS-0075,2025-07,RICE,271,21,KHARIF,7,2025,277,0.04,1.08,0
FPS-0075,2025-07,WHEAT,200,21,KHARIF,7,2025,194,0.02,1.08,0
FPS-0076,2025-07,RICE,294,19,KHARIF,7,2025,310,-0.039,1.08,0
FPS-0076,2025-07,WHEAT,231,19,KHARIF,7,2025,216,-0.018,1.08,0
FPS-0077,2025-07,RICE,200,15,KHARIF,7,2025,197,0.04,1.08,0
FPS-0077,2025-07,WHEAT,200,15,KHARIF,7,2025,195,0.025,1.08,0
FPS-0078,2025-07,RICE,231,20,KHARIF,7,2025,240,-0.047,1.08,0
FPS-0078,2025-07,WHEAT,201,20,KHARIF,7,2025,189,0.072,1.08,0
FPS-0079,2025-07,RICE,200,11,KHARIF,7,2025,194,-0.006,1.08,0
FPS-0079,2025-07,WHEAT,200,11,KHARIF,7,2025,207,0.014,1.08,0
FPS-0080,2025-07,RICE,225,15,KHARIF,7,2025,215,0.079,1.08,0
FPS-0080,2025-07,WHEAT,200,15,KHARIF,7,2025,195,0.057,1.08,0
FPS-0081,2025-07,RICE,243,21,KHARIF,7,2025,245,-0.043,1.08,0
FPS-0081,2025-07,WHEAT,200,21,KHARIF,7,2025,205,-0.008,1.08,0
FPS-0082,2025-07,RICE,246,22,KHARIF,7,2025,237,-0.025,1.08,0
FPS-0082,2025-07,WHEAT,200,22,KHARIF,7,2025,191,0.054,1.08,0
FPS-0083,2025-07,RICE,242,18,KHARIF,7,2025,242,-0.04,1.08,0
FPS-0083,2025-07,WHEAT,200,18,KHARIF,7,2025,210,0.044,1.08,0
FPS-0084,2025-07,RICE,329,20,KHARIF,7,2025,329,0.055,1.08,0
FPS-0084,2025-07,WHEAT,207,20,KHARIF,7,2025,192,-0.028,1.08,0
FPS-0085,2025-07,RICE,200,14,KHARIF,7,2025,196,-0.013,1.08,0
FPS-0085,2025-07,WHEAT,200,14,KHARIF,7,2025,198,-0.045,1.08,0
FPS-0086,2025-07,RICE,204,14,KHARIF,7,2025,187,0.014,1.08,0
FPS-0086,2025-07,WHEAT,200,14,KHARIF,7,2025,188,-0.028,1.08,0
FPS-0087,2025-07,RICE,200,13,KHARIF,7,2025,206,-0.044,1.08,0
FPS-0087,2025-07,WHEAT,200,13,KHARIF,7,2025,203,-0.027,1.08,0
FPS-0088,2025-07,RICE,227,15,KHARIF,7,2025,231,0.049,1.08,0
FPS-0088,2025-07,WHEAT,200,15,KHARIF,7,2025,188,0.079,1.08,0
FPS-0089,2025-07,RICE,233,18,KHARIF,7,2025,242,-0.049,1.08,0
FPS-0089,2025-07,WHEAT,140,18,KHARIF,7,2025,187,-0.002,1.08,1
FPS-0090,2025-07,RICE,217,15,KHARIF,7,2025,226,0.031,1.08,0
FPS-0090,2025-07,WHEAT,200,15,KHARIF,7,2025,184,0.008,1.08,0
FPS-0091,2025-07,RICE,200,18,KHARIF,7,2025,200,-0.033,1.08,0
FPS-0091,2025-07,WHEAT,200,18,KHARIF,7,2025,191,0.037,1.08,0
FPS-0092,2025-07,RICE,295,21,KHARIF,7,2025,306,0.033,1.08,0
FPS-0092,2025-07,WHEAT,219,21,KHARIF,7,2025,221,0.058,1.08,0
FPS-0093,2025-07,RICE,296,24,KHARIF,7,2025,298,0.003,1.08,0
FPS-0093,2025-07,WHEAT,226,24,KHARIF,7,2025,211,0.054,1.08,0
FPS-0094,2025-07,RICE,281,19,KHARIF,7,2025,286,0.028,1.08,0
FPS-0094,2025-07,WHEAT,213,19,KHARIF,7,2025,215,0.047,1.08,0
FPS-0095,2025-07,RICE,310,26,KHARIF,7,2025,308,0.018,1.08,0
FPS-0095,2025-07,WHEAT,226,26,KHARIF,7,2025,236,0.024,1.08,0
FPS-0096,2025-07,RICE,200,13,KHARIF,7,2025,200,0.046,1.08,0
FPS-0096,2025-07,WHEAT,200,13,KHARIF,7,2025,184,0.04,1.08,0
FPS-0097,2025-07,RICE,311,20,KHARIF,7,2025,291,0.025,1.08,0
FPS-0097,2025-07,WHEAT,211,20,KHARIF,7,2025,199,-0.022,1.08,0
FPS-0098,2025-07,RICE,291,20,KHARIF,7,2025,296,0.025,1.08,0
FPS-0098,2025-07,WHEAT,208,20,KHARIF,7,2025,205,-0.01,1.08,0
FPS-0099,2025-07,RICE,200,16,KHARIF,7,2025,204,-0.012,1.08,0
FPS-0099,2025-07,WHEAT,200,16,KHARIF,7,2025,184,-0.044,1.08,0
FPS-0100,2025-07,RICE,200,12,KHARIF,7,2025,192,0.013,1.08,0
FPS-0100,2025-07,WHEAT,200,12,KHARIF,7,2025,194,0.052,1.08,0
FPS-0101,2025-07,RICE,317,19,KHARIF,7,2025,295,0.047,1.08,0
FPS-0101,2025-07,WHEAT,239,19,KHARIF,7,2025,247,0.076,1.08,0
FPS-0102,2025-07,RICE,200,15,KHARIF,7,2025,186,-0.007,1.08,0
FPS-0102,2025-07,WHEAT,200,15,KHARIF,7,2025,204,0.046,1.08,0
FPS-0103,2025-07,RICE,339,23,KHARIF,7,2025,332,0.051,1.08,0
FPS-0103,2025-07,WHEAT,239,23,KHARIF,7,2025,252,0.025,1.08,0
FPS-0104,2025-07,RICE,200,14,KHARIF,7,2025,205,-0.014,1.08,0
FPS-0104,2025-07,WHEAT,200,14,KHARIF,7,2025,184,0.03,1.08,0
FPS-0105,2025-07,RICE,336,23,KHARIF,7,2025,315,0.014,1.08,0
FPS-0105,2025-07,WHEAT,255,23,KHARIF,7,2025,259,0.048,1.08,0
FPS-0106,2025-07,RICE,200,14,KHARIF,7,2025,196,-0.034,1.08,0
FPS-0106,2025-07,WHEAT,200,14,KHARIF,7,2025,185,-0.024,1.08,0
FPS-0107,2025-07,RICE,200,18,KHARIF,7,2025,211,-0.006,1.08,0
FPS-0107,2025-07,WHEAT,200,18,KHARIF,7,2025,211,-0.043,1.08,0
FPS-0108,2025-07,RICE,200,10,KHARIF,7,2025,202,-0.046,1.08,0
FPS-0108,2025-07,WHEAT,200,10,KHARIF,7,2025,205,-0.004,1.08,0
FPS-0109,2025-07,RICE,200,14,KHARIF,7,2025,199,0.077,1.08,0
FPS-0109,2025-07,WHEAT,200,14,KHARIF,7,2025,205,0.002,1.08,0
FPS-0110,2025-07,RICE,200,17,KHARIF,7,2025,196,-0.038,1.08,0
FPS-0110,2025-07,WHEAT,200,17,KHARIF,7,2025,211,0.041,1.08,0
FPS-0111,2025-07,RICE,200,13,KHARIF,7,2025,209,0.034,1.08,0
FPS-0111,2025-07,WHEAT,200,13,KHARIF,7,2025,210,-0.039,1.08,0
FPS-0112,2025-07,RICE,140,14,KHARIF,7,2025,185,0.055,1.08,1
FPS-0112,2025-07,WHEAT,200,14,KHARIF,7,2025,199,-0.029,1.08,0
FPS-0113,2025-07,RICE,200,8,KHARIF,7,2025,211,-0.039,1.08,0
FPS-0113,2025-07,WHEAT,200,8,KHARIF,7,2025,189,0.051,1.08,0
FPS-0114,2025-07,RICE,200,15,KHARIF,7,2025,186,-0.019,1.08,0
FPS-0114,2025-07,WHEAT,200,15,KHARIF,7,2025,201,0.058,1.08,0
FPS-0115,2025-07,RICE,200,13,KHARIF,7,2025,186,-0.011,1.08,0
FPS-0115,2025-07,WHEAT,200,13,KHARIF,7,2025,192,-0.007,1.08,0
FPS-0116,2025-07,RICE,200,9,KHARIF,7,2025,200,0.025,1.08,0
FPS-0116,2025-07,WHEAT,200,9,KHARIF,7,2025,203,0.075,1.08,0
FPS-0117,2025-07,RICE,200,17,KHARIF,7,2025,198,0.021,1.08,0
FPS-0117,2025-07,WHEAT,200,17,KHARIF,7,2025,192,-0.005,1.08,0
FPS-0118,2025-07,RICE,227,19,KHARIF,7,2025,226,0.057,1.08,0
FPS-0118,2025-07,WHEAT,200,19,KHARIF,7,2025,209,0.039,1.08,0
FPS-0119,2025-07,RICE,200,15,KHARIF,7,2025,186,-0.002,1.08,0
FPS-0119,2025-07,WHEAT,200,15,KHARIF,7,2025,205,-0.002,1.08,0
FPS-0120,2025-07,RICE,206,16,KHARIF,7,2025,197,-0.021,1.08,0
FPS-0120,2025-07,WHEAT,200,16,KHARIF,7,2025,184,-0.031,1.08,0
FPS-0121,2025-07,RICE,200,15,KHARIF,7,2025,206,-0.038,1.08,0
FPS-0121,2025-07,WHEAT,200,15,KHARIF,7,2025,188,-0.028,1.08,0
FPS-0122,2025-07,RICE,200,14,KHARIF,7,2025,188,0.044,1.08,0
FPS-0122,2025-07,WHEAT,200,14,KHARIF,7,2025,211,0.058,1.08,0
FPS-0123,2025-07,RICE,200,14,KHARIF,7,2025,195,-0.013,1.08,0
FPS-0123,2025-07,WHEAT,200,14,KHARIF,7,2025,189,-0.004,1.08,0
FPS-0124,2025-07,RICE,297,21,KHARIF,7,2025,298,-0.046,1.08,0
FPS-0124,2025-07,WHEAT,221,21,KHARIF,7,2025,229,-0.019,1.08,0
FPS-0125,2025-07,RICE,200,14,KHARIF,7,2025,189,0.02,1.08,0
FPS-0125,2025-07,WHEAT,200,14,KHARIF,7,2025,184,0.071,1.08,0
FPS-0126,2025-07,RICE,200,13,KHARIF,7,2025,189,-0.035,1.08,0
FPS-0126,2025-07,WHEAT,200,13,KHARIF,7,2025,199,0.041,1.08,0
FPS-0127,2025-07,RICE,200,11,KHARIF,7,2025,199,0.023,1.08,0
FPS-0127,2025-07,WHEAT,200,11,KHARIF,7,2025,197,0.0,1.08,0
FPS-0128,2025-07,RICE,200,12,KHARIF,7,2025,207,-0.023,1.08,0
FPS-0128,2025-07,WHEAT,200,12,KHARIF,7,2025,204,-0.008,1.08,0
FPS-0129,2025-07,RICE,214,17,KHARIF,7,2025,214,0.04,1.08,0
FPS-0129,2025-07,WHEAT,200,17,KHARIF,7,2025,209,0.003,1.08,0
FPS-0130,2025-07,RICE,200,16,KHARIF,7,2025,185,-0.008,1.08,0
FPS-0130,2025-07,WHEAT,200,16,KHARIF,7,2025,202,0.027,1.08,0
FPS-0131,2025-07,RICE,200,15,KHARIF,7,2025,200,-0.023,1.08,0
FPS-0131,2025-07,WHEAT,200,15,KHARIF,7,2025,201,0.008,1.08,0
FPS-0132,2025-07,RICE,321,23,KHARIF,7,2025,303,0.06,1.08,0
FPS-0132,2025-07,WHEAT,237,23,KHARIF,7,2025,244,0.063,1.08,0
FPS-0133,2025-07,RICE,200,13,KHARIF,7,2025,210,0.035,1.08,0
FPS-0133,2025-07,WHEAT,200,13,KHARIF,7,2025,203,-0.029,1.08,0
FPS-0134,2025-07,RICE,224,16,KHARIF,7,2025,210,0.062,1.08,0
FPS-0134,2025-07,WHEAT,200,16,KHARIF,7,2025,201,0.062,1.08,0
FPS-0135,2025-07,RICE,200,15,KHARIF,7,2025,211,0.015,1.08,0
FPS-0135,2025-07,WHEAT,200,15,KHARIF,7,2025,186,0.053,1.08,0
FPS-0136,2025-07,RICE,224,16,KHARIF,7,2025,223,-0.031,1.08,0
FPS-0136,2025-07,WHEAT,200,16,KHARIF,7,2025,188,0.04,1.08,0
FPS-0137,2025-07,RICE,200,15,KHARIF,7,2025,204,-0.048,1.08,0
FPS-0137,2025-07,WHEAT,200,15,KHARIF,7,2025,207,0.079,1.08,0
FPS-0138,2025-07,RICE,295,23,KHARIF,7,2025,312,-0.039,1.08,0
FPS-0138,2025-07,WHEAT,218,23,KHARIF,7,2025,227,-0.04,1.08,0
FPS-0139,2025-07,RICE,214,17,KHARIF,7,2025,201,-0.019,1.08,0
FPS-0139,2025-07,WHEAT,200,17,KHARIF,7,2025,197,0.053,1.08,0
FPS-0140,2025-07,RICE,200,14,KHARIF,7,2025,195,0.03,1.08,0
FPS-0140,2025-07,WHEAT,200,14,KHARIF,7,2025,192,0.0,1.08,0
FPS-0141,2025-07,RICE,200,9,KHARIF,7,2025,197,0.036,1.08,0
FPS-0141,2025-07,WHEAT,200,9,KHARIF,7,2025,188,0.075,1.08,0
FPS-0142,2025-07,RICE,273,20,KHARIF,7,2025,280,0.062,1.08,0
FPS-0142,2025-07,WHEAT,200,20,KHARIF,7,2025,204,-0.026,1.08,0
FPS-0143,2025-07,RICE,271,22,KHARIF,7,2025,284,0.056,1.08,0
FPS-0143,2025-07,WHEAT,200,22,KHARIF,7,2025,211,-0.01,1.08,0
FPS-0144,2025-07,RICE,287,22,KHARIF,7,2025,293,0.008,1.08,0
FPS-0144,2025-07,WHEAT,208,22,KHARIF,7,2025,196,0.042,1.08,0
FPS-0145,2025-07,RICE,200,15,KHARIF,7,2025,184,0.056,1.08,0
FPS-0145,2025-07,WHEAT,200,15,KHARIF,7,2025,199,0.002,1.08,0
FPS-0146,2025-07,RICE,200,13,KHARIF,7,2025,209,-0.041,1.08,0
FPS-0146,2025-07,WHEAT,200,13,KHARIF,7,2025,205,0.014,1.08,0
FPS-0147,2025-07,RICE,162,20,KHARIF,7,2025,231,0.057,1.08,1
FPS-0147,2025-07,WHEAT,200,20,KHARIF,7,2025,187,0.07,1.08,0
FPS-0148,2025-07,RICE,335,25,KHARIF,7,2025,321,0.057,1.08,0
FPS-0148,2025-07,WHEAT,238,25,KHARIF,7,2025,221,0.04,1.08,0
FPS-0149,2025-07,RICE,378,25,KHARIF,7,2025,361,0.069,1.08,0
FPS-0149,2025-07,WHEAT,252,25,KHARIF,7,2025,267,0.034,1.08,0
FPS-0150,2025-07,RICE,200,13,KHARIF,7,2025,184,-0.047,1.08,0
FPS-0150,2025-07,WHEAT,200,13,KHARIF,7,2025,198,0.015,1.08,0
FPS-0151,2025-07,RICE,280,22,KHARIF,7,2025,268,0.015,1.08,0
FPS-0151,2025-07,WHEAT,211,22,KHARIF,7,2025,204,0.075,1.08,0
FPS-0152,2025-07,RICE,223,19,KHARIF,7,2025,220,-0.017,1.08,0
FPS-0152,2025-07,WHEAT,140,19,KHARIF,7,2025,206,0.05,1.08,1
FPS-0153,2025-07,RICE,253,17,KHARIF,7,2025,264,0.018,1.08,0
FPS-0153,2025-07,WHEAT,200,17,KHARIF,7,2025,205,0.025,1.08,0
FPS-0154,2025-07,RICE,200,18,KHARIF,7,2025,184,0.076,1.08,0
FPS-0154,2025-07,WHEAT,200,18,KHARIF,7,2025,186,-0.05,1.08,0
FPS-0155,2025-07,RICE,259,17,KHARIF,7,2025,274,0.062,1.08,0
FPS-0155,2025-07,WHEAT,200,17,KHARIF,7,2025,201,0.047,1.08,0
FPS-0156,2025-07,RICE,202,14,KHARIF,7,2025,188,0.055,1.08,0
FPS-0156,2025-07,WHEAT,200,14,KHARIF,7,2025,205,0.005,1.08,0
FPS-0157,2025-07,RICE,238,18,KHARIF,7,2025,227,0.04,1.08,0
FPS-0157,2025-07,WHEAT,200,18,KHARIF,7,2025,208,0.068,1.08,0
FPS-0158,2025-07,RICE,205,16,KHARIF,7,2025,215,0.015,1.08,0
FPS-0158,2025-07,WHEAT,200,16,KHARIF,7,2025,192,0.021,1.08,0
FPS-0159,2025-07,RICE,200,16,KHARIF,7,2025,200,-0.027,1.08,0
FPS-0159,2025-07,WHEAT,200,16,KHARIF,7,2025,197,0.024,1.08,0
FPS-0160,2025-07,RICE,200,11,KHARIF,7,2025,202,-0.019,1.08,0
FPS-0160,2025-07,WHEAT,200,11,KHARIF,7,2025,206,0.054,1.08,0
FPS-0161,2025-07,RICE,323,23,KHARIF,7,2025,307,0.058,1.08,0
FPS-0161,2025-07,WHEAT,214,23,KHARIF,7,2025,208,-0.021,1.08,0
FPS-0162,2025-07,RICE,200,16,KHARIF,7,2025,210,-0.022,1.08,0
FPS-0162,2025-07,WHEAT,200,16,KHARIF,7,2025,199,0.075,1.08,0
FPS-0163,2025-07,RICE,200,16,KHARIF,7,2025,207,-0.041,1.08,0
FPS-0163,2025-07,WHEAT,200,16,KHARIF,7,2025,211,0.036,1.08,0
FPS-0164,2025-07,RICE,200,13,KHARIF,7,2025,184,-0.012,1.08,0
FPS-0164,2025-07,WHEAT,200,13,KHARIF,7,2025,211,0.027,1.08,0
FPS-0165,2025-07,RICE,200,14,KHARIF,7,2025,185,0.046,1.08,0
FPS-0165,2025-07,WHEAT,200,14,KHARIF,7,2025,206,0.014,1.08,0
FPS-0166,2025-07,RICE,227,19,KHARIF,7,2025,223,0.032,1.08,0
FPS-0166,2025-07,WHEAT,200,19,KHARIF,7,2025,184,-0.029,1.08,0
FPS-0167,2025-07,RICE,200,19,KHARIF,7,2025,194,0.049,1.08,0
FPS-0167,2025-07,WHEAT,200,19,KHARIF,7,2025,205,0.013,1.08,0
FPS-0168,2025-07,RICE,200,11,KHARIF,7,2025,192,0.058,1.08,0
FPS-0168,2025-07,WHEAT,200,11,KHARIF,7,2025,194,0.072,1.08,0
FPS-0169,2025-07,RICE,200,17,KHARIF,7,2025,191,-0.0,1.08,0
FPS-0169,2025-07,WHEAT,200,17,KHARIF,7,2025,199,0.064,1.08,0
FPS-0170,2025-07,RICE,217,19,KHARIF,7,2025,229,0.033,1.08,0
FPS-0170,2025-07,WHEAT,200,19,KHARIF,7,2025,203,-0.023,1.08,0
FPS-0171,2025-07,RICE,200,13,KHARIF,7,2025,196,0.021,1.08,0
FPS-0171,2025-07,WHEAT,200,13,KHARIF,7,2025,198,0.03,1.08,0
FPS-0172,2025-07,RICE,231,20,KHARIF,7,2025,216,-0.035,1.08,0
FPS-0172,2025-07,WHEAT,200,20,KHARIF,7,2025,187,0.055,1.08,0
FPS-0173,2025-07,RICE,221,15,KHARIF,7,2025,232,0.023,1.08,0
FPS-0173,2025-07,WHEAT,200,15,KHARIF,7,2025,200,-0.0,1.08,0
FPS-0174,2025-07,RICE,264,23,KHARIF,7,2025,253,-0.044,1.08,0
FPS-0174,2025-07,WHEAT,216,23,KHARIF,7,2025,218,0.071,1.08,0
FPS-0175,2025-07,RICE,254,21,KHARIF,7,2025,251,0.025,1.08,0
FPS-0175,2025-07,WHEAT,200,21,KHARIF,7,2025,203,0.032,1.08,0
FPS-0176,2025-07,RICE,200,14,KHARIF,7,2025,195,-0.014,1.08,0
FPS-0176,2025-07,WHEAT,200,14,KHARIF,7,2025,197,-0.047,1.08,0
FPS-0177,2025-07,RICE,200,14,KHARIF,7,2025,194,0.05,1.08,0
FPS-0177,2025-07,WHEAT,200,14,KHARIF,7,2025,185,0.012,1.08,0
FPS-0178,2025-07,RICE,200,15,KHARIF,7,2025,193,0.051,1.08,0
FPS-0178,2025-07,WHEAT,200,15,KHARIF,7,2025,192,0.013,1.08,0
FPS-0179,2025-07,RICE,292,21,KHARIF,7,2025,298,0.021,1.08,0
FPS-0179,2025-07,WHEAT,200,21,KHARIF,7,2025,188,-0.033,1.08,0
FPS-0180,2025-07,RICE,200,14,KHARIF,7,2025,204,0.07,1.08,0
FPS-0180,2025-07,WHEAT,200,14,KHARIF,7,2025,193,-0.013,1.08,0
FPS-0181,2025-07,RICE,257,20,KHARIF,7,2025,260,0.03,1.08,0
FPS-0181,2025-07,WHEAT,200,20,KHARIF,7,2025,192,0.063,1.08,0
FPS-0182,2025-07,RICE,227,17,KHARIF,7,2025,215,-0.03,1.08,0
FPS-0182,2025-07,WHEAT,200,17,KHARIF,7,2025,199,0.058,1.08,0
FPS-0183,2025-07,RICE,238,16,KHARIF,7,2025,252,0.027,1.08,0
FPS-0183,2025-07,WHEAT,200,16,KHARIF,7,2025,190,0.052,1.08,0
FPS-0184,2025-07,RICE,280,22,KHARIF,7,2025,291,0.012,1.08,0
FPS-0184,2025-07,WHEAT,146,22,KHARIF,7,2025,200,0.011,1.08,1
FPS-0185,2025-07,RICE,216,18,KHARIF,7,2025,227,-0.009,1.08,0
FPS-0185,2025-07,WHEAT,200,18,KHARIF,7,2025,210,-0.032,1.08,0
FPS-0186,2025-07,RICE,246,21,KHARIF,7,2025,234,-0.048,1.08,0
FPS-0186,2025-07,WHEAT,140,21,KHARIF,7,2025,189,-0.003,1.08,1
FPS-0187,2025-07,RICE,280,19,KHARIF,7,2025,288,0.063,1.08,0
FPS-0187,2025-07,WHEAT,200,19,KHARIF,7,2025,198,-0.027,1.08,0
FPS-0188,2025-07,RICE,200,11,KHARIF,7,2025,187,0.021,1.08,0
FPS-0188,2025-07,WHEAT,200,11,KHARIF,7,2025,191,0.001,1.08,0
FPS-0189,2025-07,RICE,312,23,KHARIF,7,2025,314,-0.042,1.08,0
FPS-0189,2025-07,WHEAT,222,23,KHARIF,7,2025,233,-0.027,1.08,0
FPS-0190,2025-07,RICE,200,18,KHARIF,7,2025,202,-0.008,1.08,0
FPS-0190,2025-07,WHEAT,200,18,KHARIF,7,2025,201,-0.03,1.08,0
FPS-0191,2025-07,RICE,200,9,KHARIF,7,2025,202,-0.05,1.08,0
FPS-0191,2025-07,WHEAT,200,9,KHARIF,7,2025,201,-0.033,1.08,0
FPS-0192,2025-07,RICE,200,12,KHARIF,7,2025,199,-0.03,1.08,0
FPS-0192,2025-07,WHEAT,200,12,KHARIF,7,2025,200,-0.036,1.08,0
FPS-0193,2025-07,RICE,235,19,KHARIF,7,2025,236,-0.026,1.08,0
FPS-0193,2025-07,WHEAT,200,19,KHARIF,7,2025,188,-0.036,1.08,0
FPS-0194,2025-07,RICE,200,13,KHARIF,7,2025,208,0.041,1.08,0
FPS-0194,2025-07,WHEAT,200,13,KHARIF,7,2025,188,0.069,1.08,0
FPS-0195,2025-07,RICE,213,14,KHARIF,7,2025,220,0.076,1.08,0
FPS-0195,2025-07,WHEAT,200,14,KHARIF,7,2025,203,-0.008,1.08,0
FPS-0196,2025-07,RICE,275,22,KHARIF,7,2025,261,-0.033,1.08,0
FPS-0196,2025-07,WHEAT,207,22,KHARIF,7,2025,193,0.045,1.08,0
FPS-0197,2025-07,RICE,286,18,KHARIF,7,2025,296,0.074,1.08,0
FPS-0197,2025-07,WHEAT,207,18,KHARIF,7,2025,212,0.015,1.08,0
FPS-0198,2025-07,RICE,140,14,KHARIF,7,2025,203,0.01,1.08,1
FPS-0198,2025-07,WHEAT,200,14,KHARIF,7,2025,186,0.057,1.08,0
FPS-0199,2025-07,RICE,200,13,KHARIF,7,2025,185,0.055,1.08,0
FPS-0199,2025-07,WHEAT,200,13,KHARIF,7,2025,188,0.03,1.08,0
FPS-0200,2025-07,RICE,200,10,KHARIF,7,2025,184,-0.003,1.08,0
FPS-0200,2025-07,WHEAT,200,10,KHARIF,7,2025,202,-0.031,1.08,0
FPS-0201,2025-07,RICE,200,15,KHARIF,7,2025,210,0.032,1.08,0
FPS-0201,2025-07,WHEAT,200,15,KHARIF,7,2025,185,0.017,1.08,0
FPS-0202,2025-07,RICE,200,14,KHARIF,7,2025,206,0.039,1.08,0
FPS-0202,2025-07,WHEAT,200,14,KHARIF,7,2025,190,-0.049,1.08,0
FPS-0203,2025-07,RICE,200,11,KHARIF,7,2025,188,0.063,1.08,0
FPS-0203,2025-07,WHEAT,200,11,KHARIF,7,2025,189,0.026,1.08,0
FPS-0204,2025-07,RICE,251,19,KHARIF,7,2025,255,-0.001,1.08,0
FPS-0204,2025-07,WHEAT,200,19,KHARIF,7,2025,196,0.063,1.08,0
FPS-0205,2025-07,RICE,200,13,KHARIF,7,2025,199,-0.044,1.08,0
FPS-0205,2025-07,WHEAT,200,13,KHARIF,7,2025,196,-0.025,1.08,0
FPS-0206,2025-07,RICE,337,24,KHARIF,7,2025,341,0.063,1.08,0
FPS-0206,2025-07,WHEAT,246,24,KHARIF,7,2025,249,0.071,1.08,0
FPS-0207,2025-07,RICE,372,26,KHARIF,7,2025,376,-0.036,1.08,0
FPS-0207,2025-07,WHEAT,309,26,KHARIF,7,2025,318,0.076,1.08,0
FPS-0208,2025-07,RICE,247,18,KHARIF,7,2025,247,0.019,1.08,0
FPS-0208,2025-07,WHEAT,200,18,KHARIF,7,2025,210,0.03,1.08,0
FPS-0209,2025-07,RICE,306,21,KHARIF,7,2025,291,0.055,1.08,0
FPS-0209,2025-07,WHEAT,220,21,KHARIF,7,2025,227,-0.014,1.08,0
FPS-0210,2025-07,RICE,220,21,KHARIF,7,2025,222,-0.019,1.08,0
FPS-0210,2025-07,WHEAT,200,21,KHARIF,7,2025,192,0.08,1.08,0
FPS-0211,2025-07,RICE,254,22,KHARIF,7,2025,254,0.006,1.08,0
FPS-0211,2025-07,WHEAT,200,22,KHARIF,7,2025,211,0.022,1.08,0
FPS-0212,2025-07,RICE,200,11,KHARIF,7,2025,204,-0.007,1.08,0
FPS-0212,2025-07,WHEAT,200,11,KHARIF,7,2025,208,-0.007,1.08,0
FPS-0213,2025-07,RICE,222,14,KHARIF,7,2025,219,0.054,1.08,0
FPS-0213,2025-07,WHEAT,200,14,KHARIF,7,2025,198,0.063,1.08,0
FPS-0214,2025-07,RICE,200,13,KHARIF,7,2025,192,0.065,1.08,0
FPS-0214,2025-07,WHEAT,200,13,KHARIF,7,2025,188,-0.002,1.08,0
FPS-0215,2025-07,RICE,200,11,KHARIF,7,2025,198,0.039,1.08,0
FPS-0215,2025-07,WHEAT,200,11,KHARIF,7,2025,189,0.015,1.08,0
FPS-0216,2025-07,RICE,200,14,KHARIF,7,2025,199,0.013,1.08,0
FPS-0216,2025-07,WHEAT,200,14,KHARIF,7,2025,196,0.048,1.08,0
FPS-0217,2025-07,RICE,216,17,KHARIF,7,2025,202,-0.029,1.08,0
FPS-0217,2025-07,WHEAT,200,17,KHARIF,7,2025,190,-0.012,1.08,0
FPS-0218,2025-07,RICE,200,13,KHARIF,7,2025,189,0.046,1.08,0
FPS-0218,2025-07,WHEAT,200,13,KHARIF,7,2025,191,0.047,1.08,0
FPS-0219,2025-07,RICE,230,19,KHARIF,7,2025,233,-0.006,1.08,0
FPS-0219,2025-07,WHEAT,200,19,KHARIF,7,2025,199,-0.0,1.08,0
FPS-0220,2025-07,RICE,302,22,KHARIF,7,2025,307,0.049,1.08,0
FPS-0220,2025-07,WHEAT,208,22,KHARIF,7,2025,194,0.065,1.08,0
FPS-0221,2025-07,RICE,237,19,KHARIF,7,2025,245,-0.017,1.08,0
FPS-0221,2025-07,WHEAT,200,19,KHARIF,7,2025,196,-0.008,1.08,0
FPS-0222,2025-07,RICE,295,21,KHARIF,7,2025,284,0.043,1.08,0
FPS-0222,2025-07,WHEAT,206,21,KHARIF,7,2025,212,0.066,1.08,0
FPS-0223,2025-07,RICE,268,17,KHARIF,7,2025,278,0.059,1.08,0
FPS-0223,2025-07,WHEAT,200,17,KHARIF,7,2025,187,0.076,1.08,0
FPS-0224,2025-07,RICE,235,20,KHARIF,7,2025,216,0.075,1.08,0
FPS-0224,2025-07,WHEAT,200,20,KHARIF,7,2025,211,0.041,1.08,0
FPS-0225,2025-07,RICE,200,15,KHARIF,7,2025,202,0.004,1.08,0
FPS-0225,2025-07,WHEAT,200,15,KHARIF,7,2025,199,-0.048,1.08,0
FPS-0226,2025-07,RICE,200,12,KHARIF,7,2025,187,0.053,1.08,0
FPS-0226,2025-07,WHEAT,200,12,KHARIF,7,2025,196,-0.047,1.08,0
FPS-0227,2025-07,RICE,200,14,KHARIF,7,2025,207,0.058,1.08,0
FPS-0227,2025-07,WHEAT,200,14,KHARIF,7,2025,197,0.006,1.08,0
FPS-0228,2025-07,RICE,226,18,KHARIF,7,2025,210,-0.005,1.08,0
FPS-0228,2025-07,WHEAT,200,18,KHARIF,7,2025,207,0.059,1.08,0
FPS-0229,2025-07,RICE,200,19,KHARIF,7,2025,211,0.019,1.08,0
FPS-0229,2025-07,WHEAT,200,19,KHARIF,7,2025,196,-0.007,1.08,0
FPS-0230,2025-07,RICE,332,22,KHARIF,7,2025,312,0.051,1.08,0
FPS-0230,2025-07,WHEAT,229,22,KHARIF,7,2025,217,0.053,1.08,0
FPS-0231,2025-07,RICE,210,18,KHARIF,7,2025,198,-0.021,1.08,0
FPS-0231,2025-07,WHEAT,200,18,KHARIF,7,2025,184,-0.02,1.08,0
FPS-0232,2025-07,RICE,200,14,KHARIF,7,2025,204,0.026,1.08,0
FPS-0232,2025-07,WHEAT,200,14,KHARIF,7,2025,200,0.038,1.08,0
FPS-0233,2025-07,RICE,200,9,KHARIF,7,2025,190,0.036,1.08,0
FPS-0233,2025-07,WHEAT,200,9,KHARIF,7,2025,200,-0.025,1.08,0
FPS-0234,2025-07,RICE,161,18,KHARIF,7,2025,218,0.079,1.08,1
FPS-0234,2025-07,WHEAT,200,18,KHARIF,7,2025,207,0.027,1.08,0
FPS-0235,2025-07,RICE,243,18,KHARIF,7,2025,237,-0.036,1.08,0
FPS-0235,2025-07,WHEAT,200,18,KHARIF,7,2025,188,-0.006,1.08,0
FPS-0236,2025-07,RICE,202,17,KHARIF,7,2025,199,-0.037,1.08,0
FPS-0236,2025-07,WHEAT,200,17,KHARIF,7,2025,208,0.046,1.08,0
FPS-0237,2025-07,RICE,220,15,KHARIF,7,2025,219,-0.0,1.08,0
FPS-0237,2025-07,WHEAT,200,15,KHARIF,7,2025,206,-0.013,1.08,0
FPS-0238,2025-07,RICE,265,19,KHARIF,7,2025,273,0.049,1.08,0
FPS-0238,2025-07,WHEAT,200,19,KHARIF,7,2025,199,-0.035,1.08,0
FPS-0239,2025-07,RICE,175,19,KHARIF,7,2025,246,0.033,1.08,1
FPS-0239,2025-07,WHEAT,200,19,KHARIF,7,2025,192,0.058,1.08,0
FPS-0240,2025-07,RICE,301,21,KHARIF,7,2025,285,0.078,1.08,0
FPS-0240,2025-07,WHEAT,206,21,KHARIF,7,2025,215,0.043,1.08,0
FPS-0241,2025-07,RICE,239,19,KHARIF,7,2025,226,0.019,1.08,0
FPS-0241,2025-07,WHEAT,200,19,KHARIF,7,2025,190,0.072,1.08,0
FPS-0242,2025-07,RICE,200,12,KHARIF,7,2025,193,0.005,1.08,0
FPS-0242,2025-07,WHEAT,200,12,KHARIF,7,2025,187,0.038,1.08,0
FPS-0243,2025-07,RICE,250,18,KHARIF,7,2025,232,-0.018,1.08,0
FPS-0243,2025-07,WHEAT,200,18,KHARIF,7,2025,211,-0.023,1.08,0
FPS-0244,2025-07,RICE,200,16,KHARIF,7,2025,201,0.06,1.08,0
FPS-0244,2025-07,WHEAT,200,16,KHARIF,7,2025,206,0.073,1.08,0
FPS-0245,2025-07,RICE,200,14,KHARIF,7,2025,208,-0.041,1.08,0
FPS-0245,2025-07,WHEAT,200,14,KHARIF,7,2025,192,-0.011,1.08,0
FPS-0246,2025-07,RICE,312,24,KHARIF,7,2025,318,-0.014,1.08,0
FPS-0246,2025-07,WHEAT,256,24,KHARIF,7,2025,261,0.058,1.08,0
FPS-0247,2025-07,RICE,221,19,KHARIF,7,2025,214,-0.02,1.08,0
FPS-0247,2025-07,WHEAT,200,19,KHARIF,7,2025,191,0.006,1.08,0
FPS-0248,2025-07,RICE,367,25,KHARIF,7,2025,366,0.072,1.08,0
FPS-0248,2025-07,WHEAT,256,25,KHARIF,7,2025,244,0.007,1.08,0
FPS-0249,2025-07,RICE,293,22,KHARIF,7,2025,299,-0.04,1.08,0
FPS-0249,2025-07,WHEAT,239,22,KHARIF,7,2025,247,0.019,1.08,0
FPS-0250,2025-07,RICE,200,16,KHARIF,7,2025,211,0.005,1.08,0
FPS-0250,2025-07,WHEAT,200,16,KHARIF,7,2025,191,0.044,1.08,0
FPS-0251,2025-07,RICE,200,17,KHARIF,7,2025,207,-0.023,1.08,0
FPS-0251,2025-07,WHEAT,200,17,KHARIF,7,2025,201,0.035,1.08,0
FPS-0252,2025-07,RICE,205,16,KHARIF,7,2025,202,-0.034,1.08,0
FPS-0252,2025-07,WHEAT,200,16,KHARIF,7,2025,208,-0.044,1.08,0
FPS-0253,2025-07,RICE,302,22,KHARIF,7,2025,297,0.061,1.08,0
FPS-0253,2025-07,WHEAT,145,22,KHARIF,7,2025,196,-0.006,1.08,1
FPS-0254,2025-07,RICE,200,14,KHARIF,7,2025,191,-0.044,1.08,0
FPS-0254,2025-07,WHEAT,200,14,KHARIF,7,2025,189,0.047,1.08,0
FPS-0255,2025-07,RICE,230,16,KHARIF,7,2025,230,0.077,1.08,0
FPS-0255,2025-07,WHEAT,200,16,KHARIF,7,2025,198,-0.022,1.08,0
FPS-0256,2025-07,RICE,200,14,KHARIF,7,2025,209,0.078,1.08,0
FPS-0256,2025-07,WHEAT,200,14,KHARIF,7,2025,206,-0.0,1.08,0
FPS-0257,2025-07,RICE,230,15,KHARIF,7,2025,215,0.039,1.08,0
FPS-0257,2025-07,WHEAT,200,15,KHARIF,7,2025,186,0.045,1.08,0
FPS-0258,2025-07,RICE,205,15,KHARIF,7,2025,193,0.054,1.08,0
FPS-0258,2025-07,WHEAT,200,15,KHARIF,7,2025,195,0.01,1.08,0
FPS-0259,2025-07,RICE,200,15,KHARIF,7,2025,202,-0.008,1.08,0
FPS-0259,2025-07,WHEAT,200,15,KHARIF,7,2025,201,0.039,1.08,0
FPS-0260,2025-07,RICE,200,13,KHARIF,7,2025,191,0.032,1.08,0
FPS-0260,2025-07,WHEAT,200,13,KHARIF,7,2025,184,0.047,1.08,0
FPS-0261,2025-07,RICE,200,11,KHARIF,7,2025,187,0.006,1.08,0
FPS-0261,2025-07,WHEAT,200,11,KHARIF,7,2025,193,-0.027,1.08,0
FPS-0262,2025-07,RICE,200,13,KHARIF,7,2025,208,-0.008,1.08,0
FPS-0262,2025-07,WHEAT,200,13,KHARIF,7,2025,187,-0.033,1.08,0
FPS-0263,2025-07,RICE,201,14,KHARIF,7,2025,195,-0.011,1.08,0
FPS-0263,2025-07,WHEAT,200,14,KHARIF,7,2025,188,-0.009,1.08,0
FPS-0264,2025-07,RICE,200,5,KHARIF,7,2025,199,0.052,1.08,0
FPS-0264,2025-07,WHEAT,200,5,KHARIF,7,2025,210,0.064,1.08,0
FPS-0265,2025-07,RICE,236,18,KHARIF,7,2025,217,-0.012,1.08,0
FPS-0265,2025-07,WHEAT,200,18,KHARIF,7,2025,201,0.07,1.08,0
FPS-0266,2025-07,RICE,200,13,KHARIF,7,2025,207,0.043,1.08,0
FPS-0266,2025-07,WHEAT,200,13,KHARIF,7,2025,210,-0.038,1.08,0
FPS-0267,2025-07,RICE,200,16,KHARIF,7,2025,199,0.019,1.08,0
FPS-0267,2025-07,WHEAT,200,16,KHARIF,7,2025,209,0.02,1.08,0
FPS-0268,2025-07,RICE,208,20,KHARIF,7,2025,218,0.079,1.08,0
FPS-0268,2025-07,WHEAT,200,20,KHARIF,7,2025,201,0.045,1.08,0
FPS-0269,2025-07,RICE,284,21,KHARIF,7,2025,282,0.076,1.08,0
FPS-0269,2025-07,WHEAT,200,21,KHARIF,7,2025,210,-0.049,1.08,0
FPS-0270,2025-07,RICE,200,8,KHARIF,7,2025,196,-0.038,1.08,0
FPS-0270,2025-07,WHEAT,200,8,KHARIF,7,2025,195,0.059,1.08,0
FPS-0271,2025-07,RICE,234,18,KHARIF,7,2025,235,-0.006,1.08,0
FPS-0271,2025-07,WHEAT,200,18,KHARIF,7,2025,196,0.042,1.08,0
FPS-0272,2025-07,RICE,281,20,KHARIF,7,2025,275,-0.023,1.08,0
FPS-0272,2025-07,WHEAT,213,20,KHARIF,7,2025,212,0.023,1.08,0
FPS-0273,2025-07,RICE,311,23,KHARIF,7,2025,325,-0.013,1.08,0
FPS-0273,2025-07,WHEAT,229,23,KHARIF,7,2025,214,0.055,1.08,0
FPS-0274,2025-07,RICE,230,18,KHARIF,7,2025,225,0.048,1.08,0
FPS-0274,2025-07,WHEAT,200,18,KHARIF,7,2025,190,0.004,1.08,0
FPS-0275,2025-07,RICE,159,17,KHARIF,7,2025,233,0.062,1.08,1
FPS-0275,2025-07,WHEAT,200,17,KHARIF,7,2025,201,0.068,1.08,0
FPS-0276,2025-07,RICE,243,19,KHARIF,7,2025,227,0.046,1.08,0
FPS-0276,2025-07,WHEAT,200,19,KHARIF,7,2025,209,0.024,1.08,0
FPS-0277,2025-07,RICE,206,17,KHARIF,7,2025,213,-0.044,1.08,0
FPS-0277,2025-07,WHEAT,200,17,KHARIF,7,2025,188,0.039,1.08,0
FPS-0278,2025-07,RICE,200,15,KHARIF,7,2025,191,-0.001,1.08,0
FPS-0278,2025-07,WHEAT,200,15,KHARIF,7,2025,207,0.035,1.08,0
FPS-0279,2025-07,RICE,356,23,KHARIF,7,2025,368,-0.013,1.08,0
FPS-0279,2025-07,WHEAT,257,23,KHARIF,7,2025,261,0.061,1.08,0
FPS-0280,2025-07,RICE,200,18,KHARIF,7,2025,192,0.034,1.08,0
FPS-0280,2025-07,WHEAT,200,18,KHARIF,7,2025,198,-0.049,1.08,0
FPS-0281,2025-07,RICE,218,18,KHARIF,7,2025,220,0.043,1.08,0
FPS-0281,2025-07,WHEAT,200,18,KHARIF,7,2025,209,0.052,1.08,0
FPS-0282,2025-07,RICE,271,20,KHARIF,7,2025,264,0.076,1.08,0
FPS-0282,2025-07,WHEAT,200,20,KHARIF,7,2025,188,-0.032,1.08,0
FPS-0283,2025-07,RICE,203,14,KHARIF,7,2025,202,0.013,1.08,0
FPS-0283,2025-07,WHEAT,140,14,KHARIF,7,2025,192,-0.039,1.08,1
FPS-0284,2025-07,RICE,200,12,KHARIF,7,2025,198,0.051,1.08,0
FPS-0284,2025-07,WHEAT,200,12,KHARIF,7,2025,191,-0.049,1.08,0
FPS-0285,2025-07,RICE,254,18,KHARIF,7,2025,262,0.048,1.08,0
FPS-0285,2025-07,WHEAT,200,18,KHARIF,7,2025,205,0.074,1.08,0
FPS-0286,2025-07,RICE,216,16,KHARIF,7,2025,211,0.029,1.08,0
FPS-0286,2025-07,WHEAT,200,16,KHARIF,7,2025,184,0.066,1.08,0
FPS-0287,2025-07,RICE,378,26,KHARIF,7,2025,392,0.065,1.08,0
FPS-0287,2025-07,WHEAT,188,26,KHARIF,7,2025,283,0.038,1.08,1
FPS-0288,2025-07,RICE,202,17,KHARIF,7,2025,186,-0.031,1.08,0
FPS-0288,2025-07,WHEAT,200,17,KHARIF,7,2025,207,0.002,1.08,0
FPS-0289,2025-07,RICE,200,13,KHARIF,7,2025,199,0.052,1.08,0
FPS-0289,2025-07,WHEAT,200,13,KHARIF,7,2025,186,0.065,1.08,0
FPS-0290,2025-07,RICE,229,18,KHARIF,7,2025,241,0.047,1.08,0
FPS-0290,2025-07,WHEAT,200,18,KHARIF,7,2025,195,0.078,1.08,0
FPS-0291,2025-07,RICE,262,18,KHARIF,7,2025,253,0.034,1.08,0
FPS-0291,2025-07,WHEAT,200,18,KHARIF,7,2025,196,-0.003,1.08,0
FPS-0292,2025-07,RICE,298,20,KHARIF,7,2025,308,0.055,1.08,0
FPS-0292,2025-07,WHEAT,200,20,KHARIF,7,2025,206,-0.031,1.08,0
FPS-0293,2025-07,RICE,240,18,KHARIF,7,2025,236,-0.0,1.08,0
FPS-0293,2025-07,WHEAT,200,18,KHARIF,7,2025,203,0.066,1.08,0
FPS-0294,2025-07,RICE,229,16,KHARIF,7,2025,241,0.021,1.08,0
FPS-0294,2025-07,WHEAT,200,16,KHARIF,7,2025,200,0.051,1.08,0
FPS-0295,2025-07,RICE,200,13,KHARIF,7,2025,192,0.009,1.08,0
FPS-0295,2025-07,WHEAT,200,13,KHARIF,7,2025,208,0.013,1.08,0
FPS-0296,2025-07,RICE,215,14,KHARIF,7,2025,224,0.078,1.08,0
FPS-0296,2025-07,WHEAT,200,14,KHARIF,7,2025,198,-0.045,1.08,0
FPS-0297,2025-07,RICE,231,17,KHARIF,7,2025,230,0.062,1.08,0
FPS-0297,2025-07,WHEAT,200,17,KHARIF,7,2025,196,-0.013,1.08,0
FPS-0298,2025-07,RICE,200,15,KHARIF,7,2025,210,-0.039,1.08,0
FPS-0298,2025-07,WHEAT,200,15,KHARIF,7,2025,207,0.036,1.08,0
FPS-0299,2025-07,RICE,200,17,KHARIF,7,2025,210,0.008,1.08,0
FPS-0299,2025-07,WHEAT,200,17,KHARIF,7,2025,197,-0.018,1.08,0
FPS-0300,2025-07,RICE,257,17,KHARIF,7,2025,256,0.05,1.08,0
FPS-0300,2025-07,WHEAT,200,17,KHARIF,7,2025,201,0.035,1.08,0
FPS-0301,2025-07,RICE,226,16,KHARIF,7,2025,217,-0.033,1.08,0
FPS-0301,2025-07,WHEAT,200,16,KHARIF,7,2025,207,0.03,1.08,0
FPS-0302,2025-07,RICE,261,19,KHARIF,7,2025,257,0.068,1.08,0
FPS-0302,2025-07,WHEAT,200,19,KHARIF,7,2025,205,0.061,1.08,0
FPS-0303,2025-07,RICE,200,11,KHARIF,7,2025,202,0.019,1.08,0
FPS-0303,2025-07,WHEAT,200,11,KHARIF,7,2025,190,0.017,1.08,0
FPS-0304,2025-07,RICE,259,17,KHARIF,7,2025,264,0.03,1.08,0
FPS-0304,2025-07,WHEAT,200,17,KHARIF,7,2025,184,-0.033,1.08,0
FPS-0305,2025-07,RICE,236,17,KHARIF,7,2025,238,0.045,1.08,0
FPS-0305,2025-07,WHEAT,200,17,KHARIF,7,2025,186,0.013,1.08,0
FPS-0306,2025-07,RICE,200,13,KHARIF,7,2025,184,0.043,1.08,0
FPS-0306,2025-07,WHEAT,200,13,KHARIF,7,2025,204,0.035,1.08,0
FPS-0307,2025-07,RICE,229,15,KHARIF,7,2025,212,-0.017,1.08,0
FPS-0307,2025-07,WHEAT,200,15,KHARIF,7,2025,200,0.047,1.08,0
FPS-0308,2025-07,RICE,255,15,KHARIF,7,2025,262,0.067,1.08,0
FPS-0308,2025-07,WHEAT,200,15,KHARIF,7,2025,189,-0.05,1.08,0
FPS-0309,2025-07,RICE,238,18,KHARIF,7,2025,234,-0.014,1.08,0
FPS-0309,2025-07,WHEAT,200,18,KHARIF,7,2025,189,0.023,1.08,0
FPS-0310,2025-07,RICE,200,13,KHARIF,7,2025,195,-0.022,1.08,0
FPS-0310,2025-07,WHEAT,200,13,KHARIF,7,2025,211,0.038,1.08,0
FPS-0311,2025-07,RICE,282,23,KHARIF,7,2025,293,0.023,1.08,0
FPS-0311,2025-07,WHEAT,152,23,KHARIF,7,2025,209,0.031,1.08,1
FPS-0312,2025-07,RICE,281,19,KHARIF,7,2025,274,0.057,1.08,0
FPS-0312,2025-07,WHEAT,200,19,KHARIF,7,2025,207,0.061,1.08,0
FPS-0313,2025-07,RICE,233,15,KHARIF,7,2025,237,0.032,1.08,0
FPS-0313,2025-07,WHEAT,200,15,KHARIF,7,2025,186,0.063,1.08,0
FPS-0314,2025-07,RICE,277,18,KHARIF,7,2025,277,0.072,1.08,0
FPS-0314,2025-07,WHEAT,200,18,KHARIF,7,2025,185,0.023,1.08,0
FPS-0315,2025-07,RICE,259,18,KHARIF,7,2025,257,0.063,1.08,0
FPS-0315,2025-07,WHEAT,200,18,KHARIF,7,2025,198,-0.012,1.08,0
FPS-0316,2025-07,RICE,200,15,KHARIF,7,2025,210,0.047,1.08,0
FPS-0316,2025-07,WHEAT,200,15,KHARIF,7,2025,184,0.042,1.08,0
FPS-0317,2025-07,RICE,200,15,KHARIF,7,2025,198,0.0,1.08,0
FPS-0317,2025-07,WHEAT,200,15,KHARIF,7,2025,194,0.059,1.08,0
FPS-0318,2025-07,RICE,141,17,KHARIF,7,2025,203,-0.042,1.08,1
FPS-0318,2025-07,WHEAT,200,17,KHARIF,7,2025,195,0.07,1.08,0
FPS-0319,2025-07,RICE,140,14,KHARIF,7,2025,184,-0.04,1.08,1
FPS-0319,2025-07,WHEAT,200,14,KHARIF,7,2025,185,-0.021,1.08,0
FPS-0320,2025-07,RICE,200,10,KHARIF,7,2025,204,0.031,1.08,0
FPS-0320,2025-07,WHEAT,200,10,KHARIF,7,2025,207,0.075,1.08,0
FPS-0321,2025-07,RICE,283,24,KHARIF,7,2025,280,0.032,1.08,0
FPS-0321,2025-07,WHEAT,140,24,KHARIF,7,2025,195,-0.04,1.08,1
FPS-0322,2025-07,RICE,272,20,KHARIF,7,2025,261,0.036,1.08,0
FPS-0322,2025-07,WHEAT,200,20,KHARIF,7,2025,207,0.052,1.08,0
FPS-0323,2025-07,RICE,212,16,KHARIF,7,2025,210,0.026,1.08,0
FPS-0323,2025-07,WHEAT,200,16,KHARIF,7,2025,200,0.022,1.08,0
FPS-0324,2025-07,RICE,200,13,KHARIF,7,2025,207,0.011,1.08,0
FPS-0324,2025-07,WHEAT,200,13,KHARIF,7,2025,207,0.027,1.08,0
FPS-0325,2025-07,RICE,272,21,KHARIF,7,2025,286,0.08,1.08,0
FPS-0325,2025-07,WHEAT,200,21,KHARIF,7,2025,188,0.064,1.08,0
FPS-0326,2025-07,RICE,226,16,KHARIF,7,2025,225,0.027,1.08,0
FPS-0326,2025-07,WHEAT,200,16,KHARIF,7,2025,208,0.037,1.08,0
FPS-0327,2025-07,RICE,247,18,KHARIF,7,2025,243,0.022,1.08,0
FPS-0327,2025-07,WHEAT,200,18,KHARIF,7,2025,208,0.041,1.08,0
FPS-0328,2025-07,RICE,251,18,KHARIF,7,2025,234,0.002,1.08,0
FPS-0328,2025-07,WHEAT,200,18,KHARIF,7,2025,198,0.024,1.08,0
FPS-0329,2025-07,RICE,200,15,KHARIF,7,2025,203,-0.025,1.08,0
FPS-0329,2025-07,WHEAT,200,15,KHARIF,7,2025,208,0.014,1.08,0
FPS-0330,2025-07,RICE,262,21,KHARIF,7,2025,249,0.079,1.08,0
FPS-0330,2025-07,WHEAT,200,21,KHARIF,7,2025,198,0.074,1.08,0
FPS-0331,2025-07,RICE,232,17,KHARIF,7,2025,216,0.078,1.08,0
FPS-0331,2025-07,WHEAT,200,17,KHARIF,7,2025,190,0.009,1.08,0
FPS-0332,2025-07,RICE,244,21,KHARIF,7,2025,253,0.017,1.08,0
FPS-0332,2025-07,WHEAT,200,21,KHARIF,7,2025,188,0.006,1.08,0
FPS-0333,2025-07,RICE,402,27,KHARIF,7,2025,370,-0.012,1.08,0
FPS-0333,2025-07,WHEAT,292,27,KHARIF,7,2025,273,0.043,1.08,0
FPS-0334,2025-07,RICE,219,16,KHARIF,7,2025,216,0.042,1.08,0
FPS-0334,2025-07,WHEAT,200,16,KHARIF,7,2025,204,0.014,1.08,0
FPS-0335,2025-07,RICE,280,18,KHARIF,7,2025,280,-0.003,1.08,0
FPS-0335,2025-07,WHEAT,200,18,KHARIF,7,2025,208,-0.026,1.08,0
FPS-0336,2025-07,RICE,246,18,KHARIF,7,2025,233,-0.012,1.08,0
FPS-0336,2025-07,WHEAT,200,18,KHARIF,7,2025,191,-0.042,1.08,0
FPS-0337,2025-07,RICE,200,13,KHARIF,7,2025,201,-0.012,1.08,0
FPS-0337,2025-07,WHEAT,200,13,KHARIF,7,2025,198,0.023,1.08,0
FPS-0338,2025-07,RICE,231,16,KHARIF,7,2025,239,0.072,1.08,0
FPS-0338,2025-07,WHEAT,200,16,KHARIF,7,2025,197,-0.008,1.08,0
FPS-0339,2025-07,RICE,200,18,KHARIF,7,2025,196,0.004,1.08,0
FPS-0339,2025-07,WHEAT,200,18,KHARIF,7,2025,200,-0.004,1.08,0
FPS-0340,2025-07,RICE,200,12,KHARIF,7,2025,193,-0.028,1.08,0
FPS-0340,2025-07,WHEAT,200,12,KHARIF,7,2025,190,0.007,1.08,0
FPS-0341,2025-07,RICE,200,14,KHARIF,7,2025,205,-0.032,1.08,0
FPS-0341,2025-07,WHEAT,200,14,KHARIF,7,2025,210,0.07,1.08,0
FPS-0342,2025-07,RICE,200,12,KHARIF,7,2025,201,0.079,1.08,0
FPS-0342,2025-07,WHEAT,200,12,KHARIF,7,2025,208,0.04,1.08,0
FPS-0343,2025-07,RICE,200,16,KHARIF,7,2025,209,0.03,1.08,0
FPS-0343,2025-07,WHEAT,200,16,KHARIF,7,2025,197,0.072,1.08,0
FPS-0344,2025-07,RICE,200,16,KHARIF,7,2025,204,0.03,1.08,0
FPS-0344,2025-07,WHEAT,200,16,KHARIF,7,2025,207,0.049,1.08,0
FPS-0345,2025-07,RICE,225,17,KHARIF,7,2025,210,-0.005,1.08,0
FPS-0345,2025-07,WHEAT,200,17,KHARIF,7,2025,190,0.004,1.08,0
FPS-0346,2025-07,RICE,232,19,KHARIF,7,2025,220,0.069,1.08,0
FPS-0346,2025-07,WHEAT,200,19,KHARIF,7,2025,201,0.061,1.08,0
FPS-0347,2025-07,RICE,347,22,KHARIF,7,2025,321,0.05,1.08,0
FPS-0347,2025-07,WHEAT,245,22,KHARIF,7,2025,247,0.01,1.08,0
FPS-0348,2025-07,RICE,260,20,KHARIF,7,2025,266,0.067,1.08,0
FPS-0348,2025-07,WHEAT,200,20,KHARIF,7,2025,207,0.032,1.08,0
FPS-0349,2025-07,RICE,215,18,KHARIF,7,2025,212,-0.028,1.08,0
FPS-0349,2025-07,WHEAT,200,18,KHARIF,7,2025,187,0.067,1.08,0
FPS-0350,2025-07,RICE,253,17,KHARIF,7,2025,256,-0.007,1.08,0
FPS-0350,2025-07,WHEAT,200,17,KHARIF,7,2025,185,0.029,1.08,0
FPS-0351,2025-07,RICE,200,16,KHARIF,7,2025,186,-0.041,1.08,0
FPS-0351,2025-07,WHEAT,200,16,KHARIF,7,2025,207,0.047,1.08,0
FPS-0352,2025-07,RICE,264,19,KHARIF,7,2025,261,0.064,1.08,0
FPS-0352,2025-07,WHEAT,200,19,KHARIF,7,2025,190,0.007,1.08,0
FPS-0353,2025-07,RICE,200,16,KHARIF,7,2025,208,0.014,1.08,0
FPS-0353,2025-07,WHEAT,200,16,KHARIF,7,2025,184,0.053,1.08,0
FPS-0354,2025-07,RICE,227,21,KHARIF,7,2025,230,-0.036,1.08,0
FPS-0354,2025-07,WHEAT,200,21,KHARIF,7,2025,208,0.07,1.08,0
FPS-0355,2025-07,RICE,227,15,KHARIF,7,2025,225,-0.0,1.08,0
FPS-0355,2025-07,WHEAT,200,15,KHARIF,7,2025,197,-0.016,1.08,0
FPS-0356,2025-07,RICE,200,13,KHARIF,7,2025,190,0.03,1.08,0
FPS-0356,2025-07,WHEAT,200,13,KHARIF,7,2025,191,0.027,1.08,0
FPS-0357,2025-07,RICE,247,20,KHARIF,7,2025,230,-0.006,1.08,0
FPS-0357,2025-07,WHEAT,200,20,KHARIF,7,2025,198,0.059,1.08,0
FPS-0358,2025-07,RICE,231,16,KHARIF,7,2025,236,0.039,1.08,0
FPS-0358,2025-07,WHEAT,200,16,KHARIF,7,2025,210,0.008,1.08,0
FPS-0359,2025-07,RICE,309,25,KHARIF,7,2025,313,-0.035,1.08,0
FPS-0359,2025-07,WHEAT,248,25,KHARIF,7,2025,257,0.004,1.08,0
FPS-0360,2025-07,RICE,200,15,KHARIF,7,2025,192,0.044,1.08,0
FPS-0360,2025-07,WHEAT,200,15,KHARIF,7,2025,202,0.051,1.08,0
FPS-0361,2025-07,RICE,200,16,KHARIF,7,2025,195,0.069,1.08,0
FPS-0361,2025-07,WHEAT,200,16,KHARIF,7,2025,195,0.035,1.08,0
FPS-0362,2025-07,RICE,200,17,KHARIF,7,2025,189,-0.03,1.08,0
FPS-0362,2025-07,WHEAT,200,17,KHARIF,7,2025,186,-0.045,1.08,0
FPS-0363,2025-07,RICE,213,15,KHARIF,7,2025,223,0.012,1.08,0
FPS-0363,2025-07,WHEAT,200,15,KHARIF,7,2025,187,0.072,1.08,0
FPS-0364,2025-07,RICE,163,16,KHARIF,7,2025,225,-0.01,1.08,1
FPS-0364,2025-07,WHEAT,200,16,KHARIF,7,2025,207,-0.031,1.08,0
FPS-0365,2025-07,RICE,200,18,KHARIF,7,2025,192,0.011,1.08,0
FPS-0365,2025-07,WHEAT,200,18,KHARIF,7,2025,199,0.075,1.08,0
FPS-0366,2025-07,RICE,238,17,KHARIF,7,2025,231,-0.046,1.08,0
FPS-0366,2025-07,WHEAT,200,17,KHARIF,7,2025,191,0.046,1.08,0
FPS-0367,2025-07,RICE,200,11,KHARIF,7,2025,207,0.071,1.08,0
FPS-0367,2025-07,WHEAT,200,11,KHARIF,7,2025,200,0.028,1.08,0
FPS-0368,2025-07,RICE,257,19,KHARIF,7,2025,247,0.068,1.08,0
FPS-0368,2025-07,WHEAT,200,19,KHARIF,7,2025,198,-0.048,1.08,0
FPS-0369,2025-07,RICE,212,18,KHARIF,7,2025,204,0.017,1.08,0
FPS-0369,2025-07,WHEAT,200,18,KHARIF,7,2025,198,0.012,1.08,0
FPS-0370,2025-07,RICE,203,17,KHARIF,7,2025,210,-0.02,1.08,0
FPS-0370,2025-07,WHEAT,200,17,KHARIF,7,2025,185,-0.02,1.08,0
FPS-0371,2025-07,RICE,200,15,KHARIF,7,2025,191,0.035,1.08,0
FPS-0371,2025-07,WHEAT,200,15,KHARIF,7,2025,195,-0.02,1.08,0
FPS-0372,2025-07,RICE,140,9,KHARIF,7,2025,190,0.039,1.08,1
FPS-0372,2025-07,WHEAT,200,9,KHARIF,7,2025,192,0.041,1.08,0
FPS-0373,2025-07,RICE,246,20,KHARIF,7,2025,249,0.052,1.08,0
FPS-0373,2025-07,WHEAT,200,20,KHARIF,7,2025,192,0.02,1.08,0
FPS-0374,2025-07,RICE,200,18,KHARIF,7,2025,209,-0.001,1.08,0
FPS-0374,2025-07,WHEAT,200,18,KHARIF,7,2025,186,-0.012,1.08,0
FPS-0375,2025-07,RICE,253,19,KHARIF,7,2025,240,-0.002,1.08,0
FPS-0375,2025-07,WHEAT,200,19,KHARIF,7,2025,205,0.001,1.08,0
FPS-0376,2025-07,RICE,229,17,KHARIF,7,2025,218,0.03,1.08,0
FPS-0376,2025-07,WHEAT,200,17,KHARIF,7,2025,184,-0.044,1.08,0
FPS-0377,2025-07,RICE,219,16,KHARIF,7,2025,208,0.012,1.08,0
FPS-0377,2025-07,WHEAT,200,16,KHARIF,7,2025,194,0.055,1.08,0
FPS-0378,2025-07,RICE,283,23,KHARIF,7,2025,282,-0.02,1.08,0
FPS-0378,2025-07,WHEAT,210,23,KHARIF,7,2025,210,-0.014,1.08,0
FPS-0379,2025-07,RICE,200,13,KHARIF,7,2025,210,0.045,1.08,0
FPS-0379,2025-07,WHEAT,200,13,KHARIF,7,2025,205,-0.037,1.08,0
FPS-0380,2025-07,RICE,279,20,KHARIF,7,2025,261,-0.028,1.08,0
FPS-0380,2025-07,WHEAT,200,20,KHARIF,7,2025,186,-0.041,1.08,0
FPS-0381,2025-07,RICE,237,17,KHARIF,7,2025,224,0.078,1.08,0
FPS-0381,2025-07,WHEAT,200,17,KHARIF,7,2025,190,0.031,1.08,0
FPS-0382,2025-07,RICE,200,9,KHARIF,7,2025,201,-0.003,1.08,0
FPS-0382,2025-07,WHEAT,200,9,KHARIF,7,2025,197,0.033,1.08,0
FPS-0383,2025-07,RICE,200,11,KHARIF,7,2025,198,0.021,1.08,0
FPS-0383,2025-07,WHEAT,200,11,KHARIF,7,2025,199,0.053,1.08,0
FPS-0384,2025-07,RICE,203,23,KHARIF,7,2025,288,0.016,1.08,1
FPS-0384,2025-07,WHEAT,213,23,KHARIF,7,2025,222,0.04,1.08,0
FPS-0385,2025-07,RICE,309,22,KHARIF,7,2025,309,-0.028,1.08,0
FPS-0385,2025-07,WHEAT,245,22,KHARIF,7,2025,252,0.057,1.08,0
FPS-0386,2025-07,RICE,226,18,KHARIF,7,2025,216,0.076,1.08,0
FPS-0386,2025-07,WHEAT,200,18,KHARIF,7,2025,186,0.072,1.08,0
FPS-0387,2025-07,RICE,360,31,KHARIF,7,2025,343,-0.039,1.08,0
FPS-0387,2025-07,WHEAT,292,31,KHARIF,7,2025,280,0.054,1.08,0
FPS-0388,2025-07,RICE,200,11,KHARIF,7,2025,205,-0.038,1.08,0
FPS-0388,2025-07,WHEAT,200,11,KHARIF,7,2025,185,0.04,1.08,0
FPS-0389,2025-07,RICE,209,17,KHARIF,7,2025,210,-0.039,1.08,0
FPS-0389,2025-07,WHEAT,200,17,KHARIF,7,2025,208,0.004,1.08,0
FPS-0390,2025-07,RICE,245,21,KHARIF,7,2025,225,0.003,1.08,0
FPS-0390,2025-07,WHEAT,200,21,KHARIF,7,2025,196,-0.006,1.08,0
FPS-0391,2025-07,RICE,253,20,KHARIF,7,2025,245,-0.005,1.08,0
FPS-0391,2025-07,WHEAT,200,20,KHARIF,7,2025,184,0.002,1.08,0
FPS-0392,2025-07,RICE,200,17,KHARIF,7,2025,207,-0.032,1.08,0
FPS-0392,2025-07,WHEAT,200,17,KHARIF,7,2025,196,-0.026,1.08,0
FPS-0393,2025-07,RICE,200,18,KHARIF,7,2025,188,-0.033,1.08,0
FPS-0393,2025-07,WHEAT,200,18,KHARIF,7,2025,186,0.043,1.08,0
FPS-0394,2025-07,RICE,251,17,KHARIF,7,2025,245,0.026,1.08,0
FPS-0394,2025-07,WHEAT,200,17,KHARIF,7,2025,200,-0.033,1.08,0
FPS-0395,2025-07,RICE,200,14,KHARIF,7,2025,188,-0.02,1.08,0
FPS-0395,2025-07,WHEAT,200,14,KHARIF,7,2025,204,0.044,1.08,0
FPS-0396,2025-07,RICE,200,14,KHARIF,7,2025,198,0.008,1.08,0
FPS-0396,2025-07,WHEAT,200,14,KHARIF,7,2025,189,0.023,1.08,0
FPS-0397,2025-07,RICE,200,13,KHARIF,7,2025,185,0.038,1.08,0
FPS-0397,2025-07,WHEAT,200,13,KHARIF,7,2025,186,0.054,1.08,0
FPS-0398,2025-07,RICE,200,16,KHARIF,7,2025,208,-0.039,1.08,0
FPS-0398,2025-07,WHEAT,200,16,KHARIF,7,2025,184,0.046,1.08,0
FPS-0399,2025-07,RICE,200,15,KHARIF,7,2025,204,-0.044,1.08,0
FPS-0399,2025-07,WHEAT,200,15,KHARIF,7,2025,211,0.034,1.08,0
FPS-0400,2025-07,RICE,260,22,KHARIF,7,2025,270,-0.01,1.08,0
FPS-0400,2025-07,WHEAT,200,22,KHARIF,7,2025,184,-0.015,1.08,0
FPS-0401,2025-07,RICE,293,24,KHARIF,7,2025,293,0.069,1.08,0
FPS-0401,2025-07,WHEAT,208,24,KHARIF,7,2025,193,0.07,1.08,0
FPS-0402,2025-07,RICE,200,8,KHARIF,7,2025,206,-0.024,1.08,0
FPS-0402,2025-07,WHEAT,200,8,KHARIF,7,2025,196,-0.034,1.08,0
FPS-0403,2025-07,RICE,200,12,KHARIF,7,2025,200,0.022,1.08,0
FPS-0403,2025-07,WHEAT,200,12,KHARIF,7,2025,186,-0.031,1.08,0
FPS-0404,2025-07,RICE,200,15,KHARIF,7,2025,205,0.054,1.08,0
FPS-0404,2025-07,WHEAT,200,15,KHARIF,7,2025,190,0.067,1.08,0
FPS-0405,2025-07,RICE,214,14,KHARIF,7,2025,208,-0.021,1.08,0
FPS-0405,2025-07,WHEAT,200,14,KHARIF,7,2025,205,0.072,1.08,0
FPS-0406,2025-07,RICE,286,22,KHARIF,7,2025,294,0.022,1.08,0
FPS-0406,2025-07,WHEAT,213,22,KHARIF,7,2025,224,0.063,1.08,0
FPS-0407,2025-07,RICE,235,18,KHARIF,7,2025,218,0.047,1.08,0
FPS-0407,2025-07,WHEAT,200,18,KHARIF,7,2025,193,0.069,1.08,0
FPS-0408,2025-07,RICE,200,12,KHARIF,7,2025,202,-0.009,1.08,0
FPS-0408,2025-07,WHEAT,200,12,KHARIF,7,2025,196,0.063,1.08,0
FPS-0409,2025-07,RICE,200,17,KHARIF,7,2025,209,0.046,1.08,0
FPS-0409,2025-07,WHEAT,200,17,KHARIF,7,2025,208,0.034,1.08,0
FPS-0410,2025-07,RICE,308,25,KHARIF,7,2025,321,0.0,1.08,0
FPS-0410,2025-07,WHEAT,238,25,KHARIF,7,2025,246,0.076,1.08,0
FPS-0411,2025-07,RICE,200,15,KHARIF,7,2025,207,0.023,1.08,0
FPS-0411,2025-07,WHEAT,200,15,KHARIF,7,2025,185,0.032,1.08,0
FPS-0412,2025-07,RICE,288,20,KHARIF,7,2025,271,0.074,1.08,0
FPS-0412,2025-07,WHEAT,200,20,KHARIF,7,2025,200,0.027,1.08,0
FPS-0413,2025-07,RICE,200,14,KHARIF,7,2025,208,-0.003,1.08,0
FPS-0413,2025-07,WHEAT,200,14,KHARIF,7,2025,196,0.067,1.08,0
FPS-0414,2025-07,RICE,287,22,KHARIF,7,2025,284,0.036,1.08,0
FPS-0414,2025-07,WHEAT,200,22,KHARIF,7,2025,204,-0.023,1.08,0
FPS-0415,2025-07,RICE,259,17,KHARIF,7,2025,265,0.053,1.08,0
FPS-0415,2025-07,WHEAT,200,17,KHARIF,7,2025,184,0.033,1.08,0
FPS-0416,2025-07,RICE,200,12,KHARIF,7,2025,201,0.038,1.08,0
FPS-0416,2025-07,WHEAT,200,12,KHARIF,7,2025,193,0.053,1.08,0
FPS-0417,2025-07,RICE,200,11,KHARIF,7,2025,199,-0.033,1.08,0
FPS-0417,2025-07,WHEAT,200,11,KHARIF,7,2025,192,0.014,1.08,0
FPS-0418,2025-07,RICE,299,21,KHARIF,7,2025,303,0.066,1.08,0
FPS-0418,2025-07,WHEAT,200,21,KHARIF,7,2025,202,-0.02,1.08,0
FPS-0419,2025-07,RICE,325,22,KHARIF,7,2025,316,0.039,1.08,0
FPS-0419,2025-07,WHEAT,230,22,KHARIF,7,2025,242,0.038,1.08,0
FPS-0420,2025-07,RICE,263,21,KHARIF,7,2025,272,0.041,1.08,0
FPS-0420,2025-07,WHEAT,200,21,KHARIF,7,2025,210,-0.011,1.08,0
FPS-0421,2025-07,RICE,283,21,KHARIF,7,2025,272,0.039,1.08,0
FPS-0421,2025-07,WHEAT,200,21,KHARIF,7,2025,194,-0.047,1.08,0
FPS-0422,2025-07,RICE,200,16,KHARIF,7,2025,193,0.007,1.08,0
FPS-0422,2025-07,WHEAT,140,16,KHARIF,7,2025,187,0.015,1.08,1
FPS-0423,2025-07,RICE,200,12,KHARIF,7,2025,211,0.049,1.08,0
FPS-0423,2025-07,WHEAT,200,12,KHARIF,7,2025,203,0.065,1.08,0
FPS-0424,2025-07,RICE,245,18,KHARIF,7,2025,243,-0.005,1.08,0
FPS-0424,2025-07,WHEAT,200,18,KHARIF,7,2025,206,0.053,1.08,0
FPS-0425,2025-07,RICE,200,17,KHARIF,7,2025,185,-0.022,1.08,0
FPS-0425,2025-07,WHEAT,200,17,KHARIF,7,2025,193,0.064,1.08,0
FPS-0426,2025-07,RICE,289,21,KHARIF,7,2025,273,0.018,1.08,0
FPS-0426,2025-07,WHEAT,203,21,KHARIF,7,2025,199,0.021,1.08,0
FPS-0427,2025-07,RICE,206,13,KHARIF,7,2025,211,0.004,1.08,0
FPS-0427,2025-07,WHEAT,200,13,KHARIF,7,2025,210,-0.01,1.08,0
FPS-0428,2025-07,RICE,200,16,KHARIF,7,2025,193,-0.042,1.08,0
FPS-0428,2025-07,WHEAT,200,16,KHARIF,7,2025,193,-0.023,1.08,0
FPS-0429,2025-07,RICE,200,11,KHARIF,7,2025,210,0.071,1.08,0
FPS-0429,2025-07,WHEAT,200,11,KHARIF,7,2025,195,0.067,1.08,0
FPS-0430,2025-07,RICE,205,16,KHARIF,7,2025,197,-0.034,1.08,0
FPS-0430,2025-07,WHEAT,200,16,KHARIF,7,2025,200,0.05,1.08,0
FPS-0431,2025-07,RICE,200,4,KHARIF,7,2025,204,0.052,1.08,0
FPS-0431,2025-07,WHEAT,200,4,KHARIF,7,2025,198,0.009,1.08,0
FPS-0432,2025-07,RICE,406,24,KHARIF,7,2025,389,0.029,1.08,0
FPS-0432,2025-07,WHEAT,278,24,KHARIF,7,2025,271,-0.015,1.08,0
FPS-0433,2025-07,RICE,200,10,KHARIF,7,2025,188,-0.012,1.08,0
FPS-0433,2025-07,WHEAT,200,10,KHARIF,7,2025,184,0.032,1.08,0
FPS-0434,2025-07,RICE,311,25,KHARIF,7,2025,320,0.029,1.08,0
FPS-0434,2025-07,WHEAT,157,25,KHARIF,7,2025,211,0.072,1.08,1
FPS-0435,2025-07,RICE,235,19,KHARIF,7,2025,231,-0.009,1.08,0
FPS-0435,2025-07,WHEAT,200,19,KHARIF,7,2025,192,0.031,1.08,0
FPS-0436,2025-07,RICE,200,15,KHARIF,7,2025,199,0.031,1.08,0
FPS-0436,2025-07,WHEAT,200,15,KHARIF,7,2025,204,-0.048,1.08,0
FPS-0437,2025-07,RICE,200,13,KHARIF,7,2025,202,-0.0,1.08,0
FPS-0437,2025-07,WHEAT,200,13,KHARIF,7,2025,188,0.015,1.08,0
FPS-0438,2025-07,RICE,200,16,KHARIF,7,2025,208,0.062,1.08,0
FPS-0438,2025-07,WHEAT,200,16,KHARIF,7,2025,197,-0.008,1.08,0
FPS-0439,2025-07,RICE,289,19,KHARIF,7,2025,301,0.078,1.08,0
FPS-0439,2025-07,WHEAT,200,19,KHARIF,7,2025,209,-0.028,1.08,0
FPS-0440,2025-07,RICE,200,17,KHARIF,7,2025,199,0.056,1.08,0
FPS-0440,2025-07,WHEAT,200,17,KHARIF,7,2025,192,0.027,1.08,0
FPS-0441,2025-07,RICE,351,22,KHARIF,7,2025,324,0.057,1.08,0
FPS-0441,2025-07,WHEAT,231,22,KHARIF,7,2025,230,-0.022,1.08,0
FPS-0442,2025-07,RICE,200,14,KHARIF,7,2025,205,-0.027,1.08,0
FPS-0442,2025-07,WHEAT,200,14,KHARIF,7,2025,201,0.001,1.08,0
FPS-0443,2025-07,RICE,200,15,KHARIF,7,2025,206,0.067,1.08,0
FPS-0443,2025-07,WHEAT,200,15,KHARIF,7,2025,184,-0.027,1.08,0
FPS-0444,2025-07,RICE,200,12,KHARIF,7,2025,193,0.023,1.08,0
FPS-0444,2025-07,WHEAT,200,12,KHARIF,7,2025,206,0.015,1.08,0
FPS-0445,2025-07,RICE,200,12,KHARIF,7,2025,191,-0.014,1.08,0
FPS-0445,2025-07,WHEAT,200,12,KHARIF,7,2025,206,0.076,1.08,0
FPS-0446,2025-07,RICE,200,14,KHARIF,7,2025,193,0.009,1.08,0
FPS-0446,2025-07,WHEAT,200,14,KHARIF,7,2025,197,0.011,1.08,0
FPS-0447,2025-07,RICE,200,13,KHARIF,7,2025,197,0.069,1.08,0
FPS-0447,2025-07,WHEAT,200,13,KHARIF,7,2025,191,-0.006,1.08,0
FPS-0448,2025-07,RICE,200,13,KHARIF,7,2025,196,-0.007,1.08,0
FPS-0448,2025-07,WHEAT,200,13,KHARIF,7,2025,209,0.02,1.08,0
FPS-0449,2025-07,RICE,200,15,KHARIF,7,2025,185,0.065,1.08,0
FPS-0449,2025-07,WHEAT,200,15,KHARIF,7,2025,205,-0.016,1.08,0
FPS-0450,2025-07,RICE,200,14,KHARIF,7,2025,211,-0.044,1.08,0
FPS-0450,2025-07,WHEAT,200,14,KHARIF,7,2025,186,0.017,1.08,0
FPS-0451,2025-07,RICE,295,23,KHARIF,7,2025,297,0.04,1.08,0
FPS-0451,2025-07,WHEAT,228,23,KHARIF,7,2025,211,0.074,1.08,0
FPS-0452,2025-07,RICE,246,17,KHARIF,7,2025,244,0.031,1.08,0
FPS-0452,2025-07,WHEAT,200,17,KHARIF,7,2025,201,0.033,1.08,0
FPS-0453,2025-07,RICE,200,15,KHARIF,7,2025,209,-0.009,1.08,0
FPS-0453,2025-07,WHEAT,200,15,KHARIF,7,2025,206,-0.014,1.08,0
FPS-0454,2025-07,RICE,249,20,KHARIF,7,2025,254,0.066,1.08,0
FPS-0454,2025-07,WHEAT,200,20,KHARIF,7,2025,207,0.078,1.08,0
FPS-0455,2025-07,RICE,219,18,KHARIF,7,2025,216,-0.018,1.08,0
FPS-0455,2025-07,WHEAT,200,18,KHARIF,7,2025,198,0.057,1.08,0
FPS-0456,2025-07,RICE,202,14,KHARIF,7,2025,192,-0.044,1.08,0
FPS-0456,2025-07,WHEAT,200,14,KHARIF,7,2025,188,0.069,1.08,0
FPS-0457,2025-07,RICE,237,19,KHARIF,7,2025,247,-0.035,1.08,0
FPS-0457,2025-07,WHEAT,200,19,KHARIF,7,2025,208,-0.015,1.08,0
FPS-0458,2025-07,RICE,145,15,KHARIF,7,2025,204,0.053,1.08,1
FPS-0458,2025-07,WHEAT,200,15,KHARIF,7,2025,185,-0.032,1.08,0
FPS-0459,2025-07,RICE,237,18,KHARIF,7,2025,250,0.055,1.08,0
FPS-0459,2025-07,WHEAT,200,18,KHARIF,7,2025,184,-0.04,1.08,0
FPS-0460,2025-07,RICE,140,14,KHARIF,7,2025,209,0.06,1.08,1
FPS-0460,2025-07,WHEAT,140,14,KHARIF,7,2025,204,0.073,1.08,1
FPS-0461,2025-07,RICE,262,22,KHARIF,7,2025,255,0.039,1.08,0
FPS-0461,2025-07,WHEAT,200,22,KHARIF,7,2025,191,-0.028,1.08,0
FPS-0462,2025-07,RICE,200,12,KHARIF,7,2025,201,-0.048,1.08,0
FPS-0462,2025-07,WHEAT,200,12,KHARIF,7,2025,189,0.029,1.08,0
FPS-0463,2025-07,RICE,307,23,KHARIF,7,2025,318,0.032,1.08,0
FPS-0463,2025-07,WHEAT,225,23,KHARIF,7,2025,228,0.052,1.08,0
FPS-0464,2025-07,RICE,204,16,KHARIF,7,2025,212,-0.012,1.08,0
FPS-0464,2025-07,WHEAT,200,16,KHARIF,7,2025,184,0.056,1.08,0
FPS-0465,2025-07,RICE,200,16,KHARIF,7,2025,199,0.0,1.08,0
FPS-0465,2025-07,WHEAT,200,16,KHARIF,7,2025,207,0.033,1.08,0
FPS-0466,2025-07,RICE,200,15,KHARIF,7,2025,191,-0.024,1.08,0
FPS-0466,2025-07,WHEAT,200,15,KHARIF,7,2025,200,0.036,1.08,0
FPS-0467,2025-07,RICE,200,9,KHARIF,7,2025,200,0.047,1.08,0
FPS-0467,2025-07,WHEAT,200,9,KHARIF,7,2025,188,-0.013,1.08,0
FPS-0468,2025-07,RICE,205,17,KHARIF,7,2025,210,-0.036,1.08,0
FPS-0468,2025-07,WHEAT,200,17,KHARIF,7,2025,189,0.034,1.08,0
FPS-0469,2025-07,RICE,200,12,KHARIF,7,2025,190,-0.044,1.08,0
FPS-0469,2025-07,WHEAT,200,12,KHARIF,7,2025,187,-0.043,1.08,0
FPS-0470,2025-07,RICE,309,22,KHARIF,7,2025,302,0.002,1.08,0
FPS-0470,2025-07,WHEAT,232,22,KHARIF,7,2025,245,0.027,1.08,0
FPS-0471,2025-07,RICE,200,13,KHARIF,7,2025,184,-0.023,1.08,0
FPS-0471,2025-07,WHEAT,200,13,KHARIF,7,2025,184,-0.021,1.08,0
FPS-0472,2025-07,RICE,292,20,KHARIF,7,2025,300,0.05,1.08,0
FPS-0472,2025-07,WHEAT,203,20,KHARIF,7,2025,212,0.033,1.08,0
FPS-0473,2025-07,RICE,230,17,KHARIF,7,2025,238,0.026,1.08,0
FPS-0473,2025-07,WHEAT,200,17,KHARIF,7,2025,200,0.013,1.08,0
FPS-0474,2025-07,RICE,200,17,KHARIF,7,2025,187,-0.033,1.08,0
FPS-0474,2025-07,WHEAT,200,17,KHARIF,7,2025,194,-0.029,1.08,0
FPS-0475,2025-07,RICE,253,18,KHARIF,7,2025,250,0.055,1.08,0
FPS-0475,2025-07,WHEAT,200,18,KHARIF,7,2025,187,0.051,1.08,0
FPS-0476,2025-07,RICE,200,14,KHARIF,7,2025,207,-0.042,1.08,0
FPS-0476,2025-07,WHEAT,200,14,KHARIF,7,2025,194,0.058,1.08,0
FPS-0477,2025-07,RICE,246,21,KHARIF,7,2025,259,-0.031,1.08,0
FPS-0477,2025-07,WHEAT,200,21,KHARIF,7,2025,211,0.052,1.08,0
FPS-0478,2025-07,RICE,209,15,KHARIF,7,2025,213,0.01,1.08,0
FPS-0478,2025-07,WHEAT,200,15,KHARIF,7,2025,200,0.05,1.08,0
FPS-0479,2025-07,RICE,263,17,KHARIF,7,2025,272,0.058,1.08,0
FPS-0479,2025-07,WHEAT,200,17,KHARIF,7,2025,206,-0.045,1.08,0
FPS-0480,2025-07,RICE,200,12,KHARIF,7,2025,208,0.025,1.08,0
FPS-0480,2025-07,WHEAT,200,12,KHARIF,7,2025,204,0.029,1.08,0
FPS-0481,2025-07,RICE,240,17,KHARIF,7,2025,248,0.057,1.08,0
FPS-0481,2025-07,WHEAT,200,17,KHARIF,7,2025,204,0.041,1.08,0
FPS-0482,2025-07,RICE,200,16,KHARIF,7,2025,207,-0.002,1.08,0
FPS-0482,2025-07,WHEAT,200,16,KHARIF,7,2025,209,-0.023,1.08,0
FPS-0483,2025-07,RICE,200,10,KHARIF,7,2025,194,-0.018,1.08,0
FPS-0483,2025-07,WHEAT,200,10,KHARIF,7,2025,210,-0.018,1.08,0
FPS-0484,2025-07,RICE,200,16,KHARIF,7,2025,199,-0.021,1.08,0
FPS-0484,2025-07,WHEAT,200,16,KHARIF,7,2025,196,0.073,1.08,0
FPS-0485,2025-07,RICE,200,13,KHARIF,7,2025,188,0.058,1.08,0
FPS-0485,2025-07,WHEAT,200,13,KHARIF,7,2025,187,0.06,1.08,0
FPS-0486,2025-07,RICE,247,21,KHARIF,7,2025,245,0.02,1.08,0
FPS-0486,2025-07,WHEAT,200,21,KHARIF,7,2025,201,-0.038,1.08,0
FPS-0487,2025-07,RICE,200,14,KHARIF,7,2025,198,0.033,1.08,0
FPS-0487,2025-07,WHEAT,200,14,KHARIF,7,2025,201,0.056,1.08,0
FPS-0488,2025-07,RICE,200,11,KHARIF,7,2025,184,-0.046,1.08,0
FPS-0488,2025-07,WHEAT,200,11,KHARIF,7,2025,195,0.0,1.08,0
FPS-0489,2025-07,RICE,230,20,KHARIF,7,2025,216,-0.027,1.08,0
FPS-0489,2025-07,WHEAT,200,20,KHARIF,7,2025,190,0.055,1.08,0
FPS-0490,2025-07,RICE,255,16,KHARIF,7,2025,240,0.078,1.08,0
FPS-0490,2025-07,WHEAT,200,16,KHARIF,7,2025,207,-0.002,1.08,0
FPS-0491,2025-07,RICE,259,16,KHARIF,7,2025,257,0.059,1.08,0
FPS-0491,2025-07,WHEAT,200,16,KHARIF,7,2025,203,0.022,1.08,0
FPS-0492,2025-07,RICE,338,24,KHARIF,7,2025,338,0.06,1.08,0
FPS-0492,2025-07,WHEAT,240,24,KHARIF,7,2025,232,0.006,1.08,0
FPS-0493,2025-07,RICE,207,17,KHARIF,7,2025,200,-0.032,1.08,0
FPS-0493,2025-07,WHEAT,200,17,KHARIF,7,2025,207,-0.002,1.08,0
FPS-0494,2025-07,RICE,200,11,KHARIF,7,2025,191,0.057,1.08,0
FPS-0494,2025-07,WHEAT,200,11,KHARIF,7,2025,196,0.017,1.08,0
FPS-0495,2025-07,RICE,140,12,KHARIF,7,2025,209,0.076,1.08,1
FPS-0495,2025-07,WHEAT,200,12,KHARIF,7,2025,192,0.026,1.08,0
FPS-0496,2025-07,RICE,213,15,KHARIF,7,2025,201,0.044,1.08,0
FPS-0496,2025-07,WHEAT,200,15,KHARIF,7,2025,208,0.039,1.08,0
FPS-0497,2025-07,RICE,248,19,KHARIF,7,2025,234,0.064,1.08,0
FPS-0497,2025-07,WHEAT,200,19,KHARIF,7,2025,187,0.04,1.08,0
FPS-0498,2025-07,RICE,255,16,KHARIF,7,2025,263,0.061,1.08,0
FPS-0498,2025-07,WHEAT,200,16,KHARIF,7,2025,201,0.052,1.08,0
FPS-0499,2025-07,RICE,291,20,KHARIF,7,2025,285,0.012,1.08,0
FPS-0499,2025-07,WHEAT,200,20,KHARIF,7,2025,195,-0.037,1.08,0
FPS-0500,2025-07,RICE,200,15,KHARIF,7,2025,195,-0.031,1.08,0
FPS-0500,2025-07,WHEAT,200,15,KHARIF,7,2025,196,-0.006,1.08,0
FPS-0501,2025-07,RICE,209,17,KHARIF,7,2025,217,0.015,1.08,0
FPS-0501,2025-07,WHEAT,200,17,KHARIF,7,2025,203,-0.042,1.08,0
FPS-0502,2025-07,RICE,267,19,KHARIF,7,2025,262,-0.031,1.08,0
FPS-0502,2025-07,WHEAT,200,19,KHARIF,7,2025,210,0.045,1.08,0
FPS-0503,2025-07,RICE,255,19,KHARIF,7,2025,258,0.031,1.08,0
FPS-0503,2025-07,WHEAT,140,19,KHARIF,7,2025,201,0.002,1.08,1
FPS-0504,2025-07,RICE,222,16,KHARIF,7,2025,208,0.01,1.08,0
FPS-0504,2025-07,WHEAT,200,16,KHARIF,7,2025,193,-0.049,1.08,0
FPS-0505,2025-07,RICE,210,17,KHARIF,7,2025,214,0.06,1.08,0
FPS-0505,2025-07,WHEAT,200,17,KHARIF,7,2025,185,0.029,1.08,0
FPS-0506,2025-07,RICE,200,14,KHARIF,7,2025,194,-0.03,1.08,0
FPS-0506,2025-07,WHEAT,200,14,KHARIF,7,2025,206,0.069,1.08,0
FPS-0507,2025-07,RICE,200,12,KHARIF,7,2025,192,-0.028,1.08,0
FPS-0507,2025-07,WHEAT,200,12,KHARIF,7,2025,190,0.022,1.08,0
FPS-0508,2025-07,RICE,290,22,KHARIF,7,2025,270,0.035,1.08,0
FPS-0508,2025-07,WHEAT,213,22,KHARIF,7,2025,211,0.063,1.08,0
FPS-0509,2025-07,RICE,211,16,KHARIF,7,2025,199,0.036,1.08,0
FPS-0509,2025-07,WHEAT,200,16,KHARIF,7,2025,187,0.022,1.08,0
FPS-0510,2025-07,RICE,200,13,KHARIF,7,2025,204,0.016,1.08,0
FPS-0510,2025-07,WHEAT,200,13,KHARIF,7,2025,199,0.071,1.08,0
FPS-0511,2025-07,RICE,200,15,KHARIF,7,2025,195,-0.01,1.08,0
FPS-0511,2025-07,WHEAT,200,15,KHARIF,7,2025,184,-0.013,1.08,0
FPS-0512,2025-07,RICE,200,12,KHARIF,7,2025,184,-0.025,1.08,0
FPS-0512,2025-07,WHEAT,200,12,KHARIF,7,2025,198,0.021,1.08,0
FPS-0513,2025-07,RICE,150,17,KHARIF,7,2025,225,0.073,1.08,1
FPS-0513,2025-07,WHEAT,200,17,KHARIF,7,2025,185,-0.04,1.08,0
FPS-0514,2025-07,RICE,200,5,KHARIF,7,2025,188,0.02,1.08,0
FPS-0514,2025-07,WHEAT,200,5,KHARIF,7,2025,211,0.022,1.08,0
FPS-0515,2025-07,RICE,200,8,KHARIF,7,2025,194,0.027,1.08,0
FPS-0515,2025-07,WHEAT,200,8,KHARIF,7,2025,198,-0.047,1.08,0
FPS-0516,2025-07,RICE,200,11,KHARIF,7,2025,188,0.029,1.08,0
FPS-0516,2025-07,WHEAT,200,11,KHARIF,7,2025,198,0.058,1.08,0
FPS-0517,2025-07,RICE,200,16,KHARIF,7,2025,186,0.025,1.08,0
FPS-0517,2025-07,WHEAT,200,16,KHARIF,7,2025,184,-0.027,1.08,0
FPS-0518,2025-07,RICE,217,16,KHARIF,7,2025,218,0.004,1.08,0
FPS-0518,2025-07,WHEAT,200,16,KHARIF,7,2025,195,0.0,1.08,0
FPS-0519,2025-07,RICE,209,15,KHARIF,7,2025,208,-0.04,1.08,0
FPS-0519,2025-07,WHEAT,200,15,KHARIF,7,2025,189,-0.016,1.08,0
FPS-0520,2025-07,RICE,200,15,KHARIF,7,2025,203,0.07,1.08,0
FPS-0520,2025-07,WHEAT,200,15,KHARIF,7,2025,191,-0.021,1.08,0
FPS-0521,2025-07,RICE,282,23,KHARIF,7,2025,272,0.066,1.08,0
FPS-0521,2025-07,WHEAT,200,23,KHARIF,7,2025,200,0.053,1.08,0
FPS-0522,2025-07,RICE,278,20,KHARIF,7,2025,280,0.076,1.08,0
FPS-0522,2025-07,WHEAT,200,20,KHARIF,7,2025,207,-0.043,1.08,0
FPS-0523,2025-07,RICE,158,18,KHARIF,7,2025,215,-0.03,1.08,1
FPS-0523,2025-07,WHEAT,200,18,KHARIF,7,2025,207,-0.05,1.08,0
FPS-0524,2025-07,RICE,200,12,KHARIF,7,2025,207,0.048,1.08,0
FPS-0524,2025-07,WHEAT,200,12,KHARIF,7,2025,202,0.045,1.08,0
FPS-0525,2025-07,RICE,200,12,KHARIF,7,2025,186,0.04,1.08,0
FPS-0525,2025-07,WHEAT,200,12,KHARIF,7,2025,199,0.009,1.08,0
FPS-0526,2025-07,RICE,204,16,KHARIF,7,2025,210,-0.043,1.08,0
FPS-0526,2025-07,WHEAT,200,16,KHARIF,7,2025,186,0.008,1.08,0
FPS-0527,2025-07,RICE,200,17,KHARIF,7,2025,190,-0.02,1.08,0
FPS-0527,2025-07,WHEAT,200,17,KHARIF,7,2025,196,-0.011,1.08,0
FPS-0528,2025-07,RICE,227,17,KHARIF,7,2025,222,0.042,1.08,0
FPS-0528,2025-07,WHEAT,200,17,KHARIF,7,2025,207,0.052,1.08,0
FPS-0529,2025-07,RICE,302,25,KHARIF,7,2025,290,-0.007,1.08,0
FPS-0529,2025-07,WHEAT,214,25,KHARIF,7,2025,210,0.002,1.08,0
FPS-0530,2025-07,RICE,227,17,KHARIF,7,2025,240,0.044,1.08,0
FPS-0530,2025-07,WHEAT,200,17,KHARIF,7,2025,187,-0.034,1.08,0
FPS-0531,2025-07,RICE,200,19,KHARIF,7,2025,205,-0.045,1.08,0
FPS-0531,2025-07,WHEAT,200,19,KHARIF,7,2025,207,-0.031,1.08,0
FPS-0532,2025-07,RICE,140,14,KHARIF,7,2025,191,0.024,1.08,1
FPS-0532,2025-07,WHEAT,200,14,KHARIF,7,2025,190,0.059,1.08,0
FPS-0533,2025-07,RICE,259,20,KHARIF,7,2025,273,0.059,1.08,0
FPS-0533,2025-07,WHEAT,200,20,KHARIF,7,2025,205,0.007,1.08,0
FPS-0534,2025-07,RICE,200,11,KHARIF,7,2025,200,0.054,1.08,0
FPS-0534,2025-07,WHEAT,200,11,KHARIF,7,2025,201,-0.014,1.08,0
FPS-0535,2025-07,RICE,264,22,KHARIF,7,2025,253,0.033,1.08,0
FPS-0535,2025-07,WHEAT,200,22,KHARIF,7,2025,199,0.007,1.08,0
FPS-0536,2025-07,RICE,200,15,KHARIF,7,2025,206,0.077,1.08,0
FPS-0536,2025-07,WHEAT,200,15,KHARIF,7,2025,192,0.047,1.08,0
FPS-0537,2025-07,RICE,200,11,KHARIF,7,2025,190,0.062,1.08,0
FPS-0537,2025-07,WHEAT,200,11,KHARIF,7,2025,187,0.079,1.08,0
FPS-0538,2025-07,RICE,200,11,KHARIF,7,2025,189,0.055,1.08,0
FPS-0538,2025-07,WHEAT,200,11,KHARIF,7,2025,210,0.015,1.08,0
FPS-0539,2025-07,RICE,241,17,KHARIF,7,2025,255,0.051,1.08,0
FPS-0539,2025-07,WHEAT,200,17,KHARIF,7,2025,188,0.022,1.08,0
FPS-0540,2025-07,RICE,200,8,KHARIF,7,2025,193,0.02,1.08,0
FPS-0540,2025-07,WHEAT,200,8,KHARIF,7,2025,194,0.049,1.08,0
FPS-0541,2025-07,RICE,200,15,KHARIF,7,2025,207,0.019,1.08,0
FPS-0541,2025-07,WHEAT,200,15,KHARIF,7,2025,192,0.03,1.08,0
FPS-0542,2025-07,RICE,200,13,KHARIF,7,2025,194,-0.016,1.08,0
FPS-0542,2025-07,WHEAT,200,13,KHARIF,7,2025,201,0.043,1.08,0
FPS-0543,2025-07,RICE,200,13,KHARIF,7,2025,208,0.075,1.08,0
FPS-0543,2025-07,WHEAT,200,13,KHARIF,7,2025,186,-0.025,1.08,0
FPS-0544,2025-07,RICE,200,19,KHARIF,7,2025,187,-0.019,1.08,0
FPS-0544,2025-07,WHEAT,200,19,KHARIF,7,2025,190,0.059,1.08,0
FPS-0545,2025-07,RICE,200,9,KHARIF,7,2025,195,0.029,1.08,0
FPS-0545,2025-07,WHEAT,200,9,KHARIF,7,2025,200,-0.039,1.08,0
FPS-0546,2025-07,RICE,285,20,KHARIF,7,2025,266,-0.02,1.08,0
FPS-0546,2025-07,WHEAT,217,20,KHARIF,7,2025,209,-0.008,1.08,0
FPS-0547,2025-07,RICE,200,11,KHARIF,7,2025,186,0.049,1.08,0
FPS-0547,2025-07,WHEAT,200,11,KHARIF,7,2025,209,0.043,1.08,0
FPS-0548,2025-07,RICE,207,16,KHARIF,7,2025,199,-0.036,1.08,0
FPS-0548,2025-07,WHEAT,200,16,KHARIF,7,2025,188,-0.035,1.08,0
FPS-0549,2025-07,RICE,276,23,KHARIF,7,2025,276,0.053,1.08,0
FPS-0549,2025-07,WHEAT,200,23,KHARIF,7,2025,201,-0.008,1.08,0
FPS-0550,2025-07,RICE,200,10,KHARIF,7,2025,207,-0.005,1.08,0
FPS-0550,2025-07,WHEAT,200,10,KHARIF,7,2025,211,0.035,1.08,0
FPS-0551,2025-07,RICE,200,18,KHARIF,7,2025,195,-0.014,1.08,0
FPS-0551,2025-07,WHEAT,200,18,KHARIF,7,2025,187,-0.042,1.08,0
FPS-0552,2025-07,RICE,200,13,KHARIF,7,2025,196,0.048,1.08,0
FPS-0552,2025-07,WHEAT,200,13,KHARIF,7,2025,187,0.001,1.08,0
FPS-0553,2025-07,RICE,312,23,KHARIF,7,2025,305,0.058,1.08,0
FPS-0553,2025-07,WHEAT,214,23,KHARIF,7,2025,201,0.019,1.08,0
FPS-0554,2025-07,RICE,200,10,KHARIF,7,2025,199,0.029,1.08,0
FPS-0554,2025-07,WHEAT,200,10,KHARIF,7,2025,185,0.045,1.08,0
FPS-0555,2025-07,RICE,266,23,KHARIF,7,2025,266,-0.043,1.08,0
FPS-0555,2025-07,WHEAT,221,23,KHARIF,7,2025,214,0.058,1.08,0
FPS-0556,2025-07,RICE,274,20,KHARIF,7,2025,253,0.063,1.08,0
FPS-0556,2025-07,WHEAT,200,20,KHARIF,7,2025,194,0.009,1.08,0
FPS-0557,2025-07,RICE,266,19,KHARIF,7,2025,275,0.03,1.08,0
FPS-0557,2025-07,WHEAT,200,19,KHARIF,7,2025,196,-0.037,1.08,0
FPS-0558,2025-07,RICE,342,21,KHARIF,7,2025,321,0.066,1.08,0
FPS-0558,2025-07,WHEAT,241,21,KHARIF,7,2025,226,0.059,1.08,0
FPS-0559,2025-07,RICE,143,18,KHARIF,7,2025,214,-0.01,1.08,1
FPS-0559,2025-07,WHEAT,200,18,KHARIF,7,2025,198,-0.012,1.08,0
FPS-0560,2025-07,RICE,287,21,KHARIF,7,2025,275,0.011,1.08,0
FPS-0560,2025-07,WHEAT,200,21,KHARIF,7,2025,209,-0.048,1.08,0
FPS-0561,2025-07,RICE,200,13,KHARIF,7,2025,185,0.019,1.08,0
FPS-0561,2025-07,WHEAT,200,13,KHARIF,7,2025,184,-0.016,1.08,0
FPS-0562,2025-07,RICE,321,20,KHARIF,7,2025,315,0.06,1.08,0
FPS-0562,2025-07,WHEAT,238,20,KHARIF,7,2025,228,0.079,1.08,0
FPS-0563,2025-07,RICE,372,30,KHARIF,7,2025,361,0.02,1.08,0
FPS-0563,2025-07,WHEAT,261,30,KHARIF,7,2025,259,0.004,1.08,0
FPS-0564,2025-07,RICE,200,14,KHARIF,7,2025,186,0.017,1.08,0
FPS-0564,2025-07,WHEAT,200,14,KHARIF,7,2025,204,0.061,1.08,0
FPS-0565,2025-07,RICE,220,19,KHARIF,7,2025,227,-0.017,1.08,0
FPS-0565,2025-07,WHEAT,200,19,KHARIF,7,2025,209,0.019,1.08,0
FPS-0566,2025-07,RICE,200,16,KHARIF,7,2025,196,-0.042,1.08,0
FPS-0566,2025-07,WHEAT,200,16,KHARIF,7,2025,195,0.032,1.08,0
FPS-0567,2025-07,RICE,200,12,KHARIF,7,2025,197,0.077,1.08,0
FPS-0567,2025-07,WHEAT,200,12,KHARIF,7,2025,199,0.044,1.08,0
FPS-0568,2025-07,RICE,300,20,KHARIF,7,2025,277,0.008,1.08,0
FPS-0568,2025-07,WHEAT,230,20,KHARIF,7,2025,217,0.022,1.08,0
FPS-0569,2025-07,RICE,301,22,KHARIF,7,2025,294,0.039,1.08,0
FPS-0569,2025-07,WHEAT,211,22,KHARIF,7,2025,200,0.043,1.08,0
FPS-0570,2025-07,RICE,200,8,KHARIF,7,2025,210,0.019,1.08,0
FPS-0570,2025-07,WHEAT,200,8,KHARIF,7,2025,204,0.065,1.08,0
FPS-0571,2025-07,RICE,200,16,KHARIF,7,2025,195,-0.011,1.08,0
FPS-0571,2025-07,WHEAT,200,16,KHARIF,7,2025,205,0.065,1.08,0
FPS-0572,2025-07,RICE,303,22,KHARIF,7,2025,317,0.022,1.08,0
FPS-0572,2025-07,WHEAT,226,22,KHARIF,7,2025,225,0.074,1.08,0
FPS-0573,2025-07,RICE,200,13,KHARIF,7,2025,202,0.07,1.08,0
FPS-0573,2025-07,WHEAT,200,13,KHARIF,7,2025,202,0.052,1.08,0
FPS-0574,2025-07,RICE,179,20,KHARIF,7,2025,238,0.006,1.08,1
FPS-0574,2025-07,WHEAT,200,20,KHARIF,7,2025,192,0.079,1.08,0
FPS-0575,2025-07,RICE,361,25,KHARIF,7,2025,366,0.079,1.08,0
FPS-0575,2025-07,WHEAT,233,25,KHARIF,7,2025,216,0.028,1.08,0
FPS-0576,2025-07,RICE,200,13,KHARIF,7,2025,186,-0.048,1.08,0
FPS-0576,2025-07,WHEAT,200,13,KHARIF,7,2025,206,0.011,1.08,0
FPS-0577,2025-07,RICE,200,15,KHARIF,7,2025,200,0.047,1.08,0
FPS-0577,2025-07,WHEAT,200,15,KHARIF,7,2025,204,0.009,1.08,0
FPS-0578,2025-07,RICE,200,11,KHARIF,7,2025,199,0.015,1.08,0
FPS-0578,2025-07,WHEAT,200,11,KHARIF,7,2025,203,-0.014,1.08,0
FPS-0579,2025-07,RICE,200,15,KHARIF,7,2025,206,-0.032,1.08,0
FPS-0579,2025-07,WHEAT,200,15,KHARIF,7,2025,196,0.024,1.08,0
FPS-0580,2025-07,RICE,261,22,KHARIF,7,2025,242,-0.04,1.08,0
FPS-0580,2025-07,WHEAT,200,22,KHARIF,7,2025,193,-0.027,1.08,0
FPS-0581,2025-07,RICE,216,19,KHARIF,7,2025,219,0.019,1.08,0
FPS-0581,2025-07,WHEAT,200,19,KHARIF,7,2025,192,0.024,1.08,0
FPS-0582,2025-07,RICE,200,7,KHARIF,7,2025,195,0.023,1.08,0
FPS-0582,2025-07,WHEAT,200,7,KHARIF,7,2025,195,0.068,1.08,0
FPS-0583,2025-07,RICE,200,12,KHARIF,7,2025,188,0.007,1.08,0
FPS-0583,2025-07,WHEAT,140,12,KHARIF,7,2025,204,-0.031,1.08,1
FPS-0584,2025-07,RICE,200,10,KHARIF,7,2025,199,0.009,1.08,0
FPS-0584,2025-07,WHEAT,200,10,KHARIF,7,2025,206,0.023,1.08,0
FPS-0585,2025-07,RICE,200,15,KHARIF,7,2025,200,-0.049,1.08,0
FPS-0585,2025-07,WHEAT,200,15,KHARIF,7,2025,190,0.01,1.08,0
FPS-0586,2025-07,RICE,200,15,KHARIF,7,2025,200,0.034,1.08,0
FPS-0586,2025-07,WHEAT,200,15,KHARIF,7,2025,194,0.01,1.08,0
FPS-0587,2025-07,RICE,234,17,KHARIF,7,2025,215,-0.025,1.08,0
FPS-0587,2025-07,WHEAT,200,17,KHARIF,7,2025,187,-0.021,1.08,0
FPS-0588,2025-07,RICE,233,19,KHARIF,7,2025,218,0.023,1.08,0
FPS-0588,2025-07,WHEAT,200,19,KHARIF,7,2025,196,0.04,1.08,0
FPS-0589,2025-07,RICE,200,13,KHARIF,7,2025,211,0.022,1.08,0
FPS-0589,2025-07,WHEAT,200,13,KHARIF,7,2025,211,0.037,1.08,0
FPS-0590,2025-07,RICE,200,14,KHARIF,7,2025,194,0.049,1.08,0
FPS-0590,2025-07,WHEAT,200,14,KHARIF,7,2025,196,0.029,1.08,0
FPS-0591,2025-07,RICE,200,15,KHARIF,7,2025,196,-0.012,1.08,0
FPS-0591,2025-07,WHEAT,200,15,KHARIF,7,2025,202,0.044,1.08,0
FPS-0592,2025-07,RICE,236,18,KHARIF,7,2025,224,0.067,1.08,0
FPS-0592,2025-07,WHEAT,200,18,KHARIF,7,2025,198,0.025,1.08,0
FPS-0593,2025-07,RICE,312,27,KHARIF,7,2025,311,-0.024,1.08,0
FPS-0593,2025-07,WHEAT,238,27,KHARIF,7,2025,230,0.001,1.08,0
FPS-0594,2025-07,RICE,239,16,KHARIF,7,2025,219,0.054,1.08,0
FPS-0594,2025-07,WHEAT,200,16,KHARIF,7,2025,202,0.035,1.08,0
FPS-0595,2025-07,RICE,200,15,KHARIF,7,2025,206,0.037,1.08,0
FPS-0595,2025-07,WHEAT,200,15,KHARIF,7,2025,200,-0.04,1.08,0
FPS-0596,2025-07,RICE,201,15,KHARIF,7,2025,210,0.045,1.08,0
FPS-0596,2025-07,WHEAT,200,15,KHARIF,7,2025,205,0.036,1.08,0
FPS-0597,2025-07,RICE,449,26,KHARIF,7,2025,415,-0.003,1.08,0
FPS-0597,2025-07,WHEAT,343,26,KHARIF,7,2025,340,0.056,1.08,0
FPS-0598,2025-07,RICE,275,16,KHARIF,7,2025,266,0.028,1.08,0
FPS-0598,2025-07,WHEAT,204,16,KHARIF,7,2025,200,-0.011,1.08,0
FPS-0599,2025-07,RICE,200,15,KHARIF,7,2025,205,0.066,1.08,0
FPS-0599,2025-07,WHEAT,200,15,KHARIF,7,2025,210,0.037,1.08,0
FPS-0600,2025-07,RICE,200,13,KHARIF,7,2025,184,0.041,1.08,0
FPS-0600,2025-07,WHEAT,200,13,KHARIF,7,2025,208,0.052,1.08,0
FPS-0001,2025-08,RICE,320,22,KHARIF,8,2025,308,-0.03,1.08,0
FPS-0001,2025-08,WHEAT,216,22,KHARIF,8,2025,211,-0.028,1.08,0
FPS-0002,2025-08,RICE,200,13,KHARIF,8,2025,196,-0.032,1.08,0
FPS-0002,2025-08,WHEAT,200,13,KHARIF,8,2025,207,0.073,1.08,0
FPS-0003,2025-08,RICE,228,25,KHARIF,8,2025,330,0.053,1.08,1
FPS-0003,2025-08,WHEAT,217,25,KHARIF,8,2025,216,-0.013,1.08,0
FPS-0004,2025-08,RICE,208,13,KHARIF,8,2025,194,0.072,1.08,0
FPS-0004,2025-08,WHEAT,200,13,KHARIF,8,2025,211,-0.011,1.08,0
FPS-0005,2025-08,RICE,231,18,KHARIF,8,2025,240,0.052,1.08,0
FPS-0005,2025-08,WHEAT,200,18,KHARIF,8,2025,191,-0.012,1.08,0
FPS-0006,2025-08,RICE,318,20,KHARIF,8,2025,309,0.012,1.08,0
FPS-0006,2025-08,WHEAT,218,20,KHARIF,8,2025,210,-0.017,1.08,0
FPS-0007,2025-08,RICE,200,11,KHARIF,8,2025,198,0.075,1.08,0
FPS-0007,2025-08,WHEAT,200,11,KHARIF,8,2025,196,-0.002,1.08,0
FPS-0008,2025-08,RICE,144,17,KHARIF,8,2025,209,-0.027,1.08,1
FPS-0008,2025-08,WHEAT,200,17,KHARIF,8,2025,189,-0.035,1.08,0
FPS-0009,2025-08,RICE,200,13,KHARIF,8,2025,207,0.058,1.08,0
FPS-0009,2025-08,WHEAT,200,13,KHARIF,8,2025,187,-0.005,1.08,0
FPS-0010,2025-08,RICE,282,17,KHARIF,8,2025,275,0.06,1.08,0
FPS-0010,2025-08,WHEAT,200,17,KHARIF,8,2025,191,-0.043,1.08,0
FPS-0011,2025-08,RICE,200,14,KHARIF,8,2025,203,0.001,1.08,0
FPS-0011,2025-08,WHEAT,200,14,KHARIF,8,2025,190,0.044,1.08,0
FPS-0012,2025-08,RICE,276,20,KHARIF,8,2025,260,0.033,1.08,0
FPS-0012,2025-08,WHEAT,215,20,KHARIF,8,2025,212,0.05,1.08,0
FPS-0013,2025-08,RICE,238,17,KHARIF,8,2025,230,-0.041,1.08,0
FPS-0013,2025-08,WHEAT,200,17,KHARIF,8,2025,209,-0.018,1.08,0
FPS-0014,2025-08,RICE,200,11,KHARIF,8,2025,194,0.003,1.08,0
FPS-0014,2025-08,WHEAT,200,11,KHARIF,8,2025,187,0.008,1.08,0
FPS-0015,2025-08,RICE,219,14,KHARIF,8,2025,211,0.02,1.08,0
FPS-0015,2025-08,WHEAT,200,14,KHARIF,8,2025,205,-0.034,1.08,0
FPS-0016,2025-08,RICE,181,20,KHARIF,8,2025,252,0.051,1.08,1
FPS-0016,2025-08,WHEAT,200,20,KHARIF,8,2025,199,0.019,1.08,0
FPS-0017,2025-08,RICE,200,15,KHARIF,8,2025,186,0.056,1.08,0
FPS-0017,2025-08,WHEAT,200,15,KHARIF,8,2025,211,0.038,1.08,0
FPS-0018,2025-08,RICE,315,24,KHARIF,8,2025,297,0.018,1.08,0
FPS-0018,2025-08,WHEAT,232,24,KHARIF,8,2025,239,-0.007,1.08,0
FPS-0019,2025-08,RICE,287,18,KHARIF,8,2025,267,0.074,1.08,0
FPS-0019,2025-08,WHEAT,200,18,KHARIF,8,2025,199,-0.011,1.08,0
FPS-0020,2025-08,RICE,200,15,KHARIF,8,2025,199,0.014,1.08,0
FPS-0020,2025-08,WHEAT,200,15,KHARIF,8,2025,200,0.053,1.08,0
FPS-0021,2025-08,RICE,359,26,KHARIF,8,2025,359,0.016,1.08,0
FPS-0021,2025-08,WHEAT,241,26,KHARIF,8,2025,235,-0.004,1.08,0
FPS-0022,2025-08,RICE,200,15,KHARIF,8,2025,209,0.052,1.08,0
FPS-0022,2025-08,WHEAT,200,15,KHARIF,8,2025,200,0.006,1.08,0
FPS-0023,2025-08,RICE,222,16,KHARIF,8,2025,227,0.075,1.08,0
FPS-0023,2025-08,WHEAT,200,16,KHARIF,8,2025,197,-0.048,1.08,0
FPS-0024,2025-08,RICE,200,18,KHARIF,8,2025,208,-0.042,1.08,0
FPS-0024,2025-08,WHEAT,200,18,KHARIF,8,2025,203,0.015,1.08,0
FPS-0025,2025-08,RICE,294,19,KHARIF,8,2025,274,0.013,1.08,0
FPS-0025,2025-08,WHEAT,215,19,KHARIF,8,2025,204,-0.042,1.08,0
FPS-0026,2025-08,RICE,215,16,KHARIF,8,2025,205,0.044,1.08,0
FPS-0026,2025-08,WHEAT,200,16,KHARIF,8,2025,208,-0.028,1.08,0
FPS-0027,2025-08,RICE,200,15,KHARIF,8,2025,185,0.021,1.08,0
FPS-0027,2025-08,WHEAT,200,15,KHARIF,8,2025,184,0.012,1.08,0
FPS-0028,2025-08,RICE,200,12,KHARIF,8,2025,187,-0.03,1.08,0
FPS-0028,2025-08,WHEAT,200,12,KHARIF,8,2025,193,-0.043,1.08,0
FPS-0029,2025-08,RICE,286,21,KHARIF,8,2025,294,0.037,1.08,0
FPS-0029,2025-08,WHEAT,213,21,KHARIF,8,2025,212,0.048,1.08,0
FPS-0030,2025-08,RICE,200,10,KHARIF,8,2025,195,-0.027,1.08,0
FPS-0030,2025-08,WHEAT,200,10,KHARIF,8,2025,197,0.073,1.08,0
FPS-0031,2025-08,RICE,200,13,KHARIF,8,2025,199,-0.015,1.08,0
FPS-0031,2025-08,WHEAT,200,13,KHARIF,8,2025,202,-0.019,1.08,0
FPS-0032,2025-08,RICE,216,17,KHARIF,8,2025,220,0.023,1.08,0
FPS-0032,2025-08,WHEAT,200,17,KHARIF,8,2025,194,0.058,1.08,0
FPS-0033,2025-08,RICE,226,14,KHARIF,8,2025,221,-0.048,1.08,0
FPS-0033,2025-08,WHEAT,200,14,KHARIF,8,2025,210,-0.004,1.08,0
FPS-0034,2025-08,RICE,240,18,KHARIF,8,2025,248,-0.019,1.08,0
FPS-0034,2025-08,WHEAT,200,18,KHARIF,8,2025,195,0.039,1.08,0
FPS-0035,2025-08,RICE,280,18,KHARIF,8,2025,295,0.073,1.08,0
FPS-0035,2025-08,WHEAT,200,18,KHARIF,8,2025,186,-0.036,1.08,0
FPS-0036,2025-08,RICE,275,23,KHARIF,8,2025,283,-0.004,1.08,0
FPS-0036,2025-08,WHEAT,203,23,KHARIF,8,2025,210,-0.037,1.08,0
FPS-0037,2025-08,RICE,282,20,KHARIF,8,2025,270,0.08,1.08,0
FPS-0037,2025-08,WHEAT,200,20,KHARIF,8,2025,204,-0.028,1.08,0
FPS-0038,2025-08,RICE,290,20,KHARIF,8,2025,299,0.053,1.08,0
FPS-0038,2025-08,WHEAT,217,20,KHARIF,8,2025,211,0.06,1.08,0
FPS-0039,2025-08,RICE,266,20,KHARIF,8,2025,249,0.075,1.08,0
FPS-0039,2025-08,WHEAT,200,20,KHARIF,8,2025,206,0.077,1.08,0
FPS-0040,2025-08,RICE,200,12,KHARIF,8,2025,206,-0.04,1.08,0
FPS-0040,2025-08,WHEAT,200,12,KHARIF,8,2025,196,0.013,1.08,0
FPS-0041,2025-08,RICE,200,13,KHARIF,8,2025,198,0.07,1.08,0
FPS-0041,2025-08,WHEAT,200,13,KHARIF,8,2025,201,0.079,1.08,0
FPS-0042,2025-08,RICE,219,18,KHARIF,8,2025,224,0.02,1.08,0
FPS-0042,2025-08,WHEAT,200,18,KHARIF,8,2025,200,-0.022,1.08,0
FPS-0043,2025-08,RICE,200,17,KHARIF,8,2025,206,0.049,1.08,0
FPS-0043,2025-08,WHEAT,200,17,KHARIF,8,2025,211,0.057,1.08,0
FPS-0044,2025-08,RICE,200,15,KHARIF,8,2025,188,-0.043,1.08,0
FPS-0044,2025-08,WHEAT,200,15,KHARIF,8,2025,198,0.0,1.08,0
FPS-0045,2025-08,RICE,270,21,KHARIF,8,2025,259,0.031,1.08,0
FPS-0045,2025-08,WHEAT,200,21,KHARIF,8,2025,200,-0.038,1.08,0
FPS-0046,2025-08,RICE,209,13,KHARIF,8,2025,214,0.071,1.08,0
FPS-0046,2025-08,WHEAT,200,13,KHARIF,8,2025,188,0.048,1.08,0
FPS-0047,2025-08,RICE,296,21,KHARIF,8,2025,273,0.057,1.08,0
FPS-0047,2025-08,WHEAT,200,21,KHARIF,8,2025,205,-0.011,1.08,0
FPS-0048,2025-08,RICE,200,12,KHARIF,8,2025,202,-0.001,1.08,0
FPS-0048,2025-08,WHEAT,200,12,KHARIF,8,2025,189,0.078,1.08,0
FPS-0049,2025-08,RICE,241,17,KHARIF,8,2025,228,0.054,1.08,0
FPS-0049,2025-08,WHEAT,200,17,KHARIF,8,2025,201,0.036,1.08,0
FPS-0050,2025-08,RICE,351,23,KHARIF,8,2025,353,0.072,1.08,0
FPS-0050,2025-08,WHEAT,233,23,KHARIF,8,2025,216,0.012,1.08,0
FPS-0051,2025-08,RICE,254,19,KHARIF,8,2025,268,0.031,1.08,0
FPS-0051,2025-08,WHEAT,200,19,KHARIF,8,2025,201,0.075,1.08,0
FPS-0052,2025-08,RICE,268,19,KHARIF,8,2025,260,-0.011,1.08,0
FPS-0052,2025-08,WHEAT,204,19,KHARIF,8,2025,189,0.051,1.08,0
FPS-0053,2025-08,RICE,209,17,KHARIF,8,2025,196,0.054,1.08,0
FPS-0053,2025-08,WHEAT,200,17,KHARIF,8,2025,202,-0.022,1.08,0
FPS-0054,2025-08,RICE,200,14,KHARIF,8,2025,208,0.067,1.08,0
FPS-0054,2025-08,WHEAT,200,14,KHARIF,8,2025,200,-0.014,1.08,0
FPS-0055,2025-08,RICE,270,20,KHARIF,8,2025,270,-0.003,1.08,0
FPS-0055,2025-08,WHEAT,200,20,KHARIF,8,2025,203,0.024,1.08,0
FPS-0056,2025-08,RICE,231,19,KHARIF,8,2025,229,0.036,1.08,0
FPS-0056,2025-08,WHEAT,200,19,KHARIF,8,2025,210,0.045,1.08,0
FPS-0057,2025-08,RICE,249,18,KHARIF,8,2025,244,-0.046,1.08,0
FPS-0057,2025-08,WHEAT,200,18,KHARIF,8,2025,209,-0.009,1.08,0
FPS-0058,2025-08,RICE,254,19,KHARIF,8,2025,234,0.014,1.08,0
FPS-0058,2025-08,WHEAT,200,19,KHARIF,8,2025,196,0.004,1.08,0
FPS-0059,2025-08,RICE,232,17,KHARIF,8,2025,233,-0.006,1.08,0
FPS-0059,2025-08,WHEAT,200,17,KHARIF,8,2025,209,-0.025,1.08,0
FPS-0060,2025-08,RICE,257,22,KHARIF,8,2025,248,0.02,1.08,0
FPS-0060,2025-08,WHEAT,200,22,KHARIF,8,2025,209,0.023,1.08,0
FPS-0061,2025-08,RICE,200,15,KHARIF,8,2025,208,0.065,1.08,0
FPS-0061,2025-08,WHEAT,200,15,KHARIF,8,2025,200,0.049,1.08,0
FPS-0062,2025-08,RICE,200,12,KHARIF,8,2025,205,0.064,1.08,0
FPS-0062,2025-08,WHEAT,200,12,KHARIF,8,2025,185,0.019,1.08,0
FPS-0063,2025-08,RICE,260,20,KHARIF,8,2025,246,-0.047,1.08,0
FPS-0063,2025-08,WHEAT,200,20,KHARIF,8,2025,191,-0.035,1.08,0
FPS-0064,2025-08,RICE,200,15,KHARIF,8,2025,209,0.015,1.08,0
FPS-0064,2025-08,WHEAT,200,15,KHARIF,8,2025,206,0.067,1.08,0
FPS-0065,2025-08,RICE,200,16,KHARIF,8,2025,184,0.0,1.08,0
FPS-0065,2025-08,WHEAT,200,16,KHARIF,8,2025,204,0.032,1.08,0
FPS-0066,2025-08,RICE,217,17,KHARIF,8,2025,212,0.011,1.08,0
FPS-0066,2025-08,WHEAT,200,17,KHARIF,8,2025,193,-0.005,1.08,0
FPS-0067,2025-08,RICE,200,13,KHARIF,8,2025,208,0.01,1.08,0
FPS-0067,2025-08,WHEAT,200,13,KHARIF,8,2025,184,-0.027,1.08,0
FPS-0068,2025-08,RICE,241,20,KHARIF,8,2025,249,0.065,1.08,0
FPS-0068,2025-08,WHEAT,200,20,KHARIF,8,2025,189,-0.044,1.08,0
FPS-0069,2025-08,RICE,200,16,KHARIF,8,2025,193,-0.016,1.08,0
FPS-0069,2025-08,WHEAT,200,16,KHARIF,8,2025,197,0.013,1.08,0
FPS-0070,2025-08,RICE,236,16,KHARIF,8,2025,224,0.062,1.08,0
FPS-0070,2025-08,WHEAT,200,16,KHARIF,8,2025,197,-0.039,1.08,0
FPS-0071,2025-08,RICE,200,15,KHARIF,8,2025,204,0.058,1.08,0
FPS-0071,2025-08,WHEAT,200,15,KHARIF,8,2025,196,0.076,1.08,0
FPS-0072,2025-08,RICE,291,22,KHARIF,8,2025,308,-0.021,1.08,0
FPS-0072,2025-08,WHEAT,211,22,KHARIF,8,2025,213,-0.036,1.08,0
FPS-0073,2025-08,RICE,285,21,KHARIF,8,2025,290,0.037,1.08,0
FPS-0073,2025-08,WHEAT,200,21,KHARIF,8,2025,198,-0.029,1.08,0
FPS-0074,2025-08,RICE,140,11,KHARIF,8,2025,190,-0.02,1.08,1
FPS-0074,2025-08,WHEAT,200,11,KHARIF,8,2025,209,0.033,1.08,0
FPS-0075,2025-08,RICE,277,21,KHARIF,8,2025,284,0.043,1.08,0
FPS-0075,2025-08,WHEAT,200,21,KHARIF,8,2025,199,-0.037,1.08,0
FPS-0076,2025-08,RICE,313,19,KHARIF,8,2025,311,-0.014,1.08,0
FPS-0076,2025-08,WHEAT,242,19,KHARIF,8,2025,243,0.06,1.08,0
FPS-0077,2025-08,RICE,200,15,KHARIF,8,2025,210,-0.004,1.08,0
FPS-0077,2025-08,WHEAT,200,15,KHARIF,8,2025,189,0.002,1.08,0
FPS-0078,2025-08,RICE,256,20,KHARIF,8,2025,241,0.026,1.08,0
FPS-0078,2025-08,WHEAT,200,20,KHARIF,8,2025,200,-0.001,1.08,0
FPS-0079,2025-08,RICE,200,11,KHARIF,8,2025,184,0.046,1.08,0
FPS-0079,2025-08,WHEAT,200,11,KHARIF,8,2025,188,0.022,1.08,0
FPS-0080,2025-08,RICE,213,15,KHARIF,8,2025,197,0.073,1.08,0
FPS-0080,2025-08,WHEAT,200,15,KHARIF,8,2025,185,0.039,1.08,0
FPS-0081,2025-08,RICE,265,21,KHARIF,8,2025,271,0.038,1.08,0
FPS-0081,2025-08,WHEAT,200,21,KHARIF,8,2025,203,0.009,1.08,0
FPS-0082,2025-08,RICE,277,22,KHARIF,8,2025,268,0.047,1.08,0
FPS-0082,2025-08,WHEAT,200,22,KHARIF,8,2025,194,-0.013,1.08,0
FPS-0083,2025-08,RICE,264,18,KHARIF,8,2025,257,0.018,1.08,0
FPS-0083,2025-08,WHEAT,200,18,KHARIF,8,2025,186,0.036,1.08,0
FPS-0084,2025-08,RICE,305,20,KHARIF,8,2025,319,0.004,1.08,0
FPS-0084,2025-08,WHEAT,209,20,KHARIF,8,2025,203,-0.031,1.08,0
FPS-0085,2025-08,RICE,200,14,KHARIF,8,2025,190,0.06,1.08,0
FPS-0085,2025-08,WHEAT,200,14,KHARIF,8,2025,193,0.012,1.08,0
FPS-0086,2025-08,RICE,209,14,KHARIF,8,2025,202,0.064,1.08,0
FPS-0086,2025-08,WHEAT,200,14,KHARIF,8,2025,186,0.023,1.08,0
FPS-0087,2025-08,RICE,200,13,KHARIF,8,2025,200,-0.001,1.08,0
FPS-0087,2025-08,WHEAT,200,13,KHARIF,8,2025,188,0.049,1.08,0
FPS-0088,2025-08,RICE,227,15,KHARIF,8,2025,225,0.027,1.08,0
FPS-0088,2025-08,WHEAT,200,15,KHARIF,8,2025,206,0.032,1.08,0
FPS-0089,2025-08,RICE,243,18,KHARIF,8,2025,239,-0.004,1.08,0
FPS-0089,2025-08,WHEAT,200,18,KHARIF,8,2025,211,0.033,1.08,0
FPS-0090,2025-08,RICE,230,15,KHARIF,8,2025,227,0.043,1.08,0
FPS-0090,2025-08,WHEAT,200,15,KHARIF,8,2025,196,-0.025,1.08,0
FPS-0091,2025-08,RICE,200,18,KHARIF,8,2025,204,-0.034,1.08,0
FPS-0091,2025-08,WHEAT,200,18,KHARIF,8,2025,191,0.026,1.08,0
FPS-0092,2025-08,RICE,290,21,KHARIF,8,2025,297,0.015,1.08,0
FPS-0092,2025-08,WHEAT,202,21,KHARIF,8,2025,195,-0.048,1.08,0
FPS-0093,2025-08,RICE,322,24,KHARIF,8,2025,318,0.053,1.08,0
FPS-0093,2025-08,WHEAT,149,24,KHARIF,8,2025,207,0.009,1.08,1
FPS-0094,2025-08,RICE,281,19,KHARIF,8,2025,259,0.03,1.08,0
FPS-0094,2025-08,WHEAT,200,19,KHARIF,8,2025,206,-0.039,1.08,0
FPS-0095,2025-08,RICE,307,26,KHARIF,8,2025,287,0.006,1.08,0
FPS-0095,2025-08,WHEAT,220,26,KHARIF,8,2025,215,0.011,1.08,0
FPS-0096,2025-08,RICE,200,13,KHARIF,8,2025,211,0.065,1.08,0
FPS-0096,2025-08,WHEAT,200,13,KHARIF,8,2025,202,0.034,1.08,0
FPS-0097,2025-08,RICE,315,20,KHARIF,8,2025,316,0.071,1.08,0
FPS-0097,2025-08,WHEAT,210,20,KHARIF,8,2025,198,0.007,1.08,0
FPS-0098,2025-08,RICE,193,20,KHARIF,8,2025,273,-0.037,1.08,1
FPS-0098,2025-08,WHEAT,200,20,KHARIF,8,2025,188,-0.023,1.08,0
FPS-0099,2025-08,RICE,200,16,KHARIF,8,2025,200,-0.045,1.08,0
FPS-0099,2025-08,WHEAT,200,16,KHARIF,8,2025,196,0.072,1.08,0
FPS-0100,2025-08,RICE,200,12,KHARIF,8,2025,185,0.044,1.08,0
FPS-0100,2025-08,WHEAT,200,12,KHARIF,8,2025,187,-0.008,1.08,0
FPS-0101,2025-08,RICE,294,19,KHARIF,8,2025,298,-0.04,1.08,0
FPS-0101,2025-08,WHEAT,208,19,KHARIF,8,2025,205,-0.044,1.08,0
FPS-0102,2025-08,RICE,200,15,KHARIF,8,2025,207,-0.019,1.08,0
FPS-0102,2025-08,WHEAT,200,15,KHARIF,8,2025,205,0.051,1.08,0
FPS-0103,2025-08,RICE,340,23,KHARIF,8,2025,320,0.075,1.08,0
FPS-0103,2025-08,WHEAT,263,23,KHARIF,8,2025,267,0.074,1.08,0
FPS-0104,2025-08,RICE,200,14,KHARIF,8,2025,197,0.022,1.08,0
FPS-0104,2025-08,WHEAT,200,14,KHARIF,8,2025,189,0.046,1.08,0
FPS-0105,2025-08,RICE,340,23,KHARIF,8,2025,317,0.032,1.08,0
FPS-0105,2025-08,WHEAT,228,23,KHARIF,8,2025,216,-0.033,1.08,0
FPS-0106,2025-08,RICE,200,14,KHARIF,8,2025,201,0.065,1.08,0
FPS-0106,2025-08,WHEAT,200,14,KHARIF,8,2025,202,-0.011,1.08,0
FPS-0107,2025-08,RICE,200,18,KHARIF,8,2025,192,0.029,1.08,0
FPS-0107,2025-08,WHEAT,200,18,KHARIF,8,2025,209,0.062,1.08,0
FPS-0108,2025-08,RICE,200,10,KHARIF,8,2025,205,0.018,1.08,0
FPS-0108,2025-08,WHEAT,200,10,KHARIF,8,2025,208,-0.032,1.08,0
FPS-0109,2025-08,RICE,200,14,KHARIF,8,2025,204,0.031,1.08,0
FPS-0109,2025-08,WHEAT,200,14,KHARIF,8,2025,208,0.065,1.08,0
FPS-0110,2025-08,RICE,200,17,KHARIF,8,2025,209,0.066,1.08,0
FPS-0110,2025-08,WHEAT,200,17,KHARIF,8,2025,185,-0.029,1.08,0
FPS-0111,2025-08,RICE,200,13,KHARIF,8,2025,187,0.022,1.08,0
FPS-0111,2025-08,WHEAT,200,13,KHARIF,8,2025,197,0.074,1.08,0
FPS-0112,2025-08,RICE,200,14,KHARIF,8,2025,184,0.011,1.08,0
FPS-0112,2025-08,WHEAT,200,14,KHARIF,8,2025,204,-0.003,1.08,0
FPS-0113,2025-08,RICE,200,8,KHARIF,8,2025,198,-0.032,1.08,0
FPS-0113,2025-08,WHEAT,200,8,KHARIF,8,2025,189,0.072,1.08,0
FPS-0114,2025-08,RICE,204,15,KHARIF,8,2025,207,0.034,1.08,0
FPS-0114,2025-08,WHEAT,200,15,KHARIF,8,2025,211,-0.029,1.08,0
FPS-0115,2025-08,RICE,200,13,KHARIF,8,2025,186,0.029,1.08,0
FPS-0115,2025-08,WHEAT,200,13,KHARIF,8,2025,204,0.062,1.08,0
FPS-0116,2025-08,RICE,200,9,KHARIF,8,2025,207,0.029,1.08,0
FPS-0116,2025-08,WHEAT,200,9,KHARIF,8,2025,205,-0.005,1.08,0
FPS-0117,2025-08,RICE,200,17,KHARIF,8,2025,186,0.028,1.08,0
FPS-0117,2025-08,WHEAT,200,17,KHARIF,8,2025,184,0.05,1.08,0
FPS-0118,2025-08,RICE,214,19,KHARIF,8,2025,215,-0.007,1.08,0
FPS-0118,2025-08,WHEAT,200,19,KHARIF,8,2025,197,-0.045,1.08,0
FPS-0119,2025-08,RICE,200,15,KHARIF,8,2025,194,0.009,1.08,0
FPS-0119,2025-08,WHEAT,200,15,KHARIF,8,2025,198,0.059,1.08,0
FPS-0120,2025-08,RICE,216,16,KHARIF,8,2025,227,0.061,1.08,0
FPS-0120,2025-08,WHEAT,200,16,KHARIF,8,2025,185,-0.017,1.08,0
FPS-0121,2025-08,RICE,202,15,KHARIF,8,2025,202,0.074,1.08,0
FPS-0121,2025-08,WHEAT,200,15,KHARIF,8,2025,196,-0.032,1.08,0
FPS-0122,2025-08,RICE,200,14,KHARIF,8,2025,196,0.046,1.08,0
FPS-0122,2025-08,WHEAT,200,14,KHARIF,8,2025,204,-0.045,1.08,0
FPS-0123,2025-08,RICE,200,14,KHARIF,8,2025,186,-0.02,1.08,0
FPS-0123,2025-08,WHEAT,200,14,KHARIF,8,2025,196,-0.002,1.08,0
FPS-0124,2025-08,RICE,311,21,KHARIF,8,2025,318,0.004,1.08,0
FPS-0124,2025-08,WHEAT,235,21,KHARIF,8,2025,221,0.025,1.08,0
FPS-0125,2025-08,RICE,200,14,KHARIF,8,2025,210,0.002,1.08,0
FPS-0125,2025-08,WHEAT,200,14,KHARIF,8,2025,194,0.017,1.08,0
FPS-0126,2025-08,RICE,200,13,KHARIF,8,2025,201,-0.004,1.08,0
FPS-0126,2025-08,WHEAT,200,13,KHARIF,8,2025,209,0.057,1.08,0
FPS-0127,2025-08,RICE,200,11,KHARIF,8,2025,202,-0.047,1.08,0
FPS-0127,2025-08,WHEAT,200,11,KHARIF,8,2025,201,0.065,1.08,0
FPS-0128,2025-08,RICE,200,12,KHARIF,8,2025,202,-0.008,1.08,0
FPS-0128,2025-08,WHEAT,200,12,KHARIF,8,2025,196,0.044,1.08,0
FPS-0129,2025-08,RICE,228,17,KHARIF,8,2025,229,0.069,1.08,0
FPS-0129,2025-08,WHEAT,200,17,KHARIF,8,2025,189,0.052,1.08,0
FPS-0130,2025-08,RICE,200,16,KHARIF,8,2025,201,0.034,1.08,0
FPS-0130,2025-08,WHEAT,200,16,KHARIF,8,2025,187,0.054,1.08,0
FPS-0131,2025-08,RICE,200,15,KHARIF,8,2025,184,0.057,1.08,0
FPS-0131,2025-08,WHEAT,200,15,KHARIF,8,2025,191,-0.013,1.08,0
FPS-0132,2025-08,RICE,318,23,KHARIF,8,2025,316,0.075,1.08,0
FPS-0132,2025-08,WHEAT,201,23,KHARIF,8,2025,191,-0.043,1.08,0
FPS-0133,2025-08,RICE,200,13,KHARIF,8,2025,198,0.003,1.08,0
FPS-0133,2025-08,WHEAT,200,13,KHARIF,8,2025,206,0.061,1.08,0
FPS-0134,2025-08,RICE,208,16,KHARIF,8,2025,197,0.025,1.08,0
FPS-0134,2025-08,WHEAT,200,16,KHARIF,8,2025,195,-0.01,1.08,0
FPS-0135,2025-08,RICE,200,15,KHARIF,8,2025,191,-0.023,1.08,0
FPS-0135,2025-08,WHEAT,200,15,KHARIF,8,2025,188,0.05,1.08,0
FPS-0136,2025-08,RICE,232,16,KHARIF,8,2025,235,0.005,1.08,0
FPS-0136,2025-08,WHEAT,200,16,KHARIF,8,2025,186,-0.043,1.08,0
FPS-0137,2025-08,RICE,200,15,KHARIF,8,2025,191,0.04,1.08,0
FPS-0137,2025-08,WHEAT,200,15,KHARIF,8,2025,186,0.015,1.08,0
FPS-0138,2025-08,RICE,325,23,KHARIF,8,2025,323,0.052,1.08,0
FPS-0138,2025-08,WHEAT,225,23,KHARIF,8,2025,236,0.023,1.08,0
FPS-0139,2025-08,RICE,211,17,KHARIF,8,2025,198,-0.032,1.08,0
FPS-0139,2025-08,WHEAT,200,17,KHARIF,8,2025,199,0.013,1.08,0
FPS-0140,2025-08,RICE,200,14,KHARIF,8,2025,196,0.053,1.08,0
FPS-0140,2025-08,WHEAT,140,14,KHARIF,8,2025,192,0.01,1.08,1
FPS-0141,2025-08,RICE,200,9,KHARIF,8,2025,206,0.045,1.08,0
FPS-0141,2025-08,WHEAT,200,9,KHARIF,8,2025,198,-0.035,1.08,0
FPS-0142,2025-08,RICE,239,20,KHARIF,8,2025,229,-0.049,1.08,0
FPS-0142,2025-08,WHEAT,200,20,KHARIF,8,2025,201,0.042,1.08,0
FPS-0143,2025-08,RICE,263,22,KHARIF,8,2025,259,0.038,1.08,0
FPS-0143,2025-08,WHEAT,200,22,KHARIF,8,2025,204,0.038,1.08,0
FPS-0144,2025-08,RICE,200,22,KHARIF,8,2025,290,0.009,1.08,1
FPS-0144,2025-08,WHEAT,200,22,KHARIF,8,2025,207,-0.027,1.08,0
FPS-0145,2025-08,RICE,200,15,KHARIF,8,2025,186,-0.012,1.08,0
FPS-0145,2025-08,WHEAT,200,15,KHARIF,8,2025,210,0.068,1.08,0
FPS-0146,2025-08,RICE,200,13,KHARIF,8,2025,187,-0.024,1.08,0
FPS-0146,2025-08,WHEAT,200,13,KHARIF,8,2025,207,0.001,1.08,0
FPS-0147,2025-08,RICE,214,20,KHARIF,8,2025,220,-0.048,1.08,0
FPS-0147,2025-08,WHEAT,200,20,KHARIF,8,2025,203,0.019,1.08,0
FPS-0148,2025-08,RICE,311,25,KHARIF,8,2025,290,0.013,1.08,0
FPS-0148,2025-08,WHEAT,219,25,KHARIF,8,2025,211,-0.027,1.08,0
FPS-0149,2025-08,RICE,363,25,KHARIF,8,2025,361,0.036,1.08,0
FPS-0149,2025-08,WHEAT,253,25,KHARIF,8,2025,249,0.023,1.08,0
FPS-0150,2025-08,RICE,200,13,KHARIF,8,2025,194,0.006,1.08,0
FPS-0150,2025-08,WHEAT,200,13,KHARIF,8,2025,195,-0.048,1.08,0
FPS-0151,2025-08,RICE,257,22,KHARIF,8,2025,255,-0.048,1.08,0
FPS-0151,2025-08,WHEAT,200,22,KHARIF,8,2025,190,-0.015,1.08,0
FPS-0152,2025-08,RICE,211,19,KHARIF,8,2025,203,-0.032,1.08,0
FPS-0152,2025-08,WHEAT,200,19,KHARIF,8,2025,210,-0.011,1.08,0
FPS-0153,2025-08,RICE,262,17,KHARIF,8,2025,271,0.075,1.08,0
FPS-0153,2025-08,WHEAT,200,17,KHARIF,8,2025,199,0.013,1.08,0
FPS-0154,2025-08,RICE,200,18,KHARIF,8,2025,205,-0.034,1.08,0
FPS-0154,2025-08,WHEAT,200,18,KHARIF,8,2025,204,-0.017,1.08,0
FPS-0155,2025-08,RICE,252,17,KHARIF,8,2025,261,0.017,1.08,0
FPS-0155,2025-08,WHEAT,200,17,KHARIF,8,2025,198,-0.004,1.08,0
FPS-0156,2025-08,RICE,140,14,KHARIF,8,2025,196,-0.01,1.08,1
FPS-0156,2025-08,WHEAT,200,14,KHARIF,8,2025,185,0.011,1.08,0
FPS-0157,2025-08,RICE,215,18,KHARIF,8,2025,217,-0.045,1.08,0
FPS-0157,2025-08,WHEAT,200,18,KHARIF,8,2025,192,0.045,1.08,0
FPS-0158,2025-08,RICE,200,16,KHARIF,8,2025,206,-0.042,1.08,0
FPS-0158,2025-08,WHEAT,200,16,KHARIF,8,2025,189,0.028,1.08,0
FPS-0159,2025-08,RICE,200,16,KHARIF,8,2025,207,-0.024,1.08,0
FPS-0159,2025-08,WHEAT,200,16,KHARIF,8,2025,192,0.065,1.08,0
FPS-0160,2025-08,RICE,200,11,KHARIF,8,2025,194,-0.021,1.08,0
FPS-0160,2025-08,WHEAT,200,11,KHARIF,8,2025,193,0.068,1.08,0
FPS-0161,2025-08,RICE,295,23,KHARIF,8,2025,288,0.025,1.08,0
FPS-0161,2025-08,WHEAT,215,23,KHARIF,8,2025,203,0.037,1.08,0
FPS-0162,2025-08,RICE,200,16,KHARIF,8,2025,209,-0.026,1.08,0
FPS-0162,2025-08,WHEAT,200,16,KHARIF,8,2025,202,-0.016,1.08,0
FPS-0163,2025-08,RICE,200,16,KHARIF,8,2025,193,-0.026,1.08,0
FPS-0163,2025-08,WHEAT,200,16,KHARIF,8,2025,208,-0.04,1.08,0
FPS-0164,2025-08,RICE,200,13,KHARIF,8,2025,200,0.021,1.08,0
FPS-0164,2025-08,WHEAT,200,13,KHARIF,8,2025,190,0.037,1.08,0
FPS-0165,2025-08,RICE,200,14,KHARIF,8,2025,209,-0.027,1.08,0
FPS-0165,2025-08,WHEAT,200,14,KHARIF,8,2025,198,-0.031,1.08,0
FPS-0166,2025-08,RICE,227,19,KHARIF,8,2025,234,0.033,1.08,0
FPS-0166,2025-08,WHEAT,200,19,KHARIF,8,2025,195,0.032,1.08,0
FPS-0167,2025-08,RICE,140,19,KHARIF,8,2025,208,0.001,1.08,1
FPS-0167,2025-08,WHEAT,200,19,KHARIF,8,2025,209,-0.031,1.08,0
FPS-0168,2025-08,RICE,200,11,KHARIF,8,2025,185,-0.01,1.08,0
FPS-0168,2025-08,WHEAT,200,11,KHARIF,8,2025,197,-0.021,1.08,0
FPS-0169,2025-08,RICE,200,17,KHARIF,8,2025,206,-0.044,1.08,0
FPS-0169,2025-08,WHEAT,200,17,KHARIF,8,2025,210,0.063,1.08,0
FPS-0170,2025-08,RICE,200,19,KHARIF,8,2025,199,-0.043,1.08,0
FPS-0170,2025-08,WHEAT,200,19,KHARIF,8,2025,188,0.06,1.08,0
FPS-0171,2025-08,RICE,200,13,KHARIF,8,2025,186,0.059,1.08,0
FPS-0171,2025-08,WHEAT,200,13,KHARIF,8,2025,197,0.043,1.08,0
FPS-0172,2025-08,RICE,244,20,KHARIF,8,2025,250,0.005,1.08,0
FPS-0172,2025-08,WHEAT,200,20,KHARIF,8,2025,201,-0.043,1.08,0
FPS-0173,2025-08,RICE,211,15,KHARIF,8,2025,199,-0.029,1.08,0
FPS-0173,2025-08,WHEAT,200,15,KHARIF,8,2025,196,0.056,1.08,0
FPS-0174,2025-08,RICE,301,23,KHARIF,8,2025,313,0.07,1.08,0
FPS-0174,2025-08,WHEAT,203,23,KHARIF,8,2025,195,-0.021,1.08,0
FPS-0175,2025-08,RICE,237,21,KHARIF,8,2025,228,-0.049,1.08,0
FPS-0175,2025-08,WHEAT,200,21,KHARIF,8,2025,197,0.04,1.08,0
FPS-0176,2025-08,RICE,140,14,KHARIF,8,2025,185,-0.034,1.08,1
FPS-0176,2025-08,WHEAT,200,14,KHARIF,8,2025,187,0.011,1.08,0
FPS-0177,2025-08,RICE,200,14,KHARIF,8,2025,201,0.056,1.08,0
FPS-0177,2025-08,WHEAT,200,14,KHARIF,8,2025,208,-0.027,1.08,0
FPS-0178,2025-08,RICE,140,15,KHARIF,8,2025,210,0.031,1.08,1
FPS-0178,2025-08,WHEAT,200,15,KHARIF,8,2025,191,0.072,1.08,0
FPS-0179,2025-08,RICE,316,21,KHARIF,8,2025,307,0.077,1.08,0
FPS-0179,2025-08,WHEAT,208,21,KHARIF,8,2025,198,-0.023,1.08,0
FPS-0180,2025-08,RICE,200,14,KHARIF,8,2025,205,0.032,1.08,0
FPS-0180,2025-08,WHEAT,200,14,KHARIF,8,2025,196,-0.048,1.08,0
FPS-0181,2025-08,RICE,261,20,KHARIF,8,2025,246,0.04,1.08,0
FPS-0181,2025-08,WHEAT,200,20,KHARIF,8,2025,207,0.03,1.08,0
FPS-0182,2025-08,RICE,231,17,KHARIF,8,2025,228,0.056,1.08,0
FPS-0182,2025-08,WHEAT,200,17,KHARIF,8,2025,187,-0.048,1.08,0
FPS-0183,2025-08,RICE,236,16,KHARIF,8,2025,238,0.022,1.08,0
FPS-0183,2025-08,WHEAT,200,16,KHARIF,8,2025,186,-0.031,1.08,0
FPS-0184,2025-08,RICE,275,22,KHARIF,8,2025,283,-0.036,1.08,0
FPS-0184,2025-08,WHEAT,201,22,KHARIF,8,2025,200,0.005,1.08,0
FPS-0185,2025-08,RICE,217,18,KHARIF,8,2025,209,-0.032,1.08,0
FPS-0185,2025-08,WHEAT,200,18,KHARIF,8,2025,210,0.08,1.08,0
FPS-0186,2025-08,RICE,262,21,KHARIF,8,2025,269,0.004,1.08,0
FPS-0186,2025-08,WHEAT,200,21,KHARIF,8,2025,200,0.071,1.08,0
FPS-0187,2025-08,RICE,263,19,KHARIF,8,2025,263,0.038,1.08,0
FPS-0187,2025-08,WHEAT,140,19,KHARIF,8,2025,204,-0.027,1.08,1
FPS-0188,2025-08,RICE,200,11,KHARIF,8,2025,211,-0.006,1.08,0
FPS-0188,2025-08,WHEAT,200,11,KHARIF,8,2025,200,0.028,1.08,0
FPS-0189,2025-08,RICE,319,23,KHARIF,8,2025,325,-0.029,1.08,0
FPS-0189,2025-08,WHEAT,233,23,KHARIF,8,2025,240,-0.001,1.08,0
FPS-0190,2025-08,RICE,200,18,KHARIF,8,2025,196,-0.001,1.08,0
FPS-0190,2025-08,WHEAT,200,18,KHARIF,8,2025,198,-0.04,1.08,0
FPS-0191,2025-08,RICE,200,9,KHARIF,8,2025,192,0.064,1.08,0
FPS-0191,2025-08,WHEAT,200,9,KHARIF,8,2025,197,-0.045,1.08,0
FPS-0192,2025-08,RICE,200,12,KHARIF,8,2025,196,-0.044,1.08,0
FPS-0192,2025-08,WHEAT,200,12,KHARIF,8,2025,184,0.007,1.08,0
FPS-0193,2025-08,RICE,273,19,KHARIF,8,2025,259,0.069,1.08,0
FPS-0193,2025-08,WHEAT,200,19,KHARIF,8,2025,199,0.069,1.08,0
FPS-0194,2025-08,RICE,200,13,KHARIF,8,2025,187,0.028,1.08,0
FPS-0194,2025-08,WHEAT,200,13,KHARIF,8,2025,211,-0.048,1.08,0
FPS-0195,2025-08,RICE,205,14,KHARIF,8,2025,203,0.012,1.08,0
FPS-0195,2025-08,WHEAT,200,14,KHARIF,8,2025,209,0.033,1.08,0
FPS-0196,2025-08,RICE,269,22,KHARIF,8,2025,256,-0.028,1.08,0
FPS-0196,2025-08,WHEAT,214,22,KHARIF,8,2025,203,0.045,1.08,0
FPS-0197,2025-08,RICE,290,18,KHARIF,8,2025,276,0.036,1.08,0
FPS-0197,2025-08,WHEAT,204,18,KHARIF,8,2025,191,-0.003,1.08,0
FPS-0198,2025-08,RICE,200,14,KHARIF,8,2025,198,0.044,1.08,0
FPS-0198,2025-08,WHEAT,200,14,KHARIF,8,2025,197,0.038,1.08,0
FPS-0199,2025-08,RICE,200,13,KHARIF,8,2025,200,0.053,1.08,0
FPS-0199,2025-08,WHEAT,200,13,KHARIF,8,2025,199,-0.006,1.08,0
FPS-0200,2025-08,RICE,200,10,KHARIF,8,2025,201,0.001,1.08,0
FPS-0200,2025-08,WHEAT,200,10,KHARIF,8,2025,198,0.057,1.08,0
FPS-0201,2025-08,RICE,200,15,KHARIF,8,2025,211,0.03,1.08,0
FPS-0201,2025-08,WHEAT,200,15,KHARIF,8,2025,205,-0.003,1.08,0
FPS-0202,2025-08,RICE,200,14,KHARIF,8,2025,191,0.036,1.08,0
FPS-0202,2025-08,WHEAT,200,14,KHARIF,8,2025,204,0.021,1.08,0
FPS-0203,2025-08,RICE,200,11,KHARIF,8,2025,198,0.019,1.08,0
FPS-0203,2025-08,WHEAT,200,11,KHARIF,8,2025,201,0.005,1.08,0
FPS-0204,2025-08,RICE,247,19,KHARIF,8,2025,230,0.002,1.08,0
FPS-0204,2025-08,WHEAT,200,19,KHARIF,8,2025,204,0.015,1.08,0
FPS-0205,2025-08,RICE,200,13,KHARIF,8,2025,197,0.076,1.08,0
FPS-0205,2025-08,WHEAT,200,13,KHARIF,8,2025,193,-0.045,1.08,0
FPS-0206,2025-08,RICE,304,24,KHARIF,8,2025,304,0.001,1.08,0
FPS-0206,2025-08,WHEAT,255,24,KHARIF,8,2025,238,0.075,1.08,0
FPS-0207,2025-08,RICE,392,26,KHARIF,8,2025,406,-0.004,1.08,0
FPS-0207,2025-08,WHEAT,277,26,KHARIF,8,2025,279,-0.017,1.08,0
FPS-0208,2025-08,RICE,247,18,KHARIF,8,2025,257,0.038,1.08,0
FPS-0208,2025-08,WHEAT,200,18,KHARIF,8,2025,191,0.073,1.08,0
FPS-0209,2025-08,RICE,299,21,KHARIF,8,2025,302,0.009,1.08,0
FPS-0209,2025-08,WHEAT,231,21,KHARIF,8,2025,243,0.059,1.08,0
FPS-0210,2025-08,RICE,238,21,KHARIF,8,2025,219,0.069,1.08,0
FPS-0210,2025-08,WHEAT,200,21,KHARIF,8,2025,192,0.016,1.08,0
FPS-0211,2025-08,RICE,261,22,KHARIF,8,2025,252,0.022,1.08,0
FPS-0211,2025-08,WHEAT,200,22,KHARIF,8,2025,196,-0.006,1.08,0
FPS-0212,2025-08,RICE,200,11,KHARIF,8,2025,187,-0.006,1.08,0
FPS-0212,2025-08,WHEAT,200,11,KHARIF,8,2025,190,0.007,1.08,0
FPS-0213,2025-08,RICE,207,14,KHARIF,8,2025,206,-0.021,1.08,0
FPS-0213,2025-08,WHEAT,200,14,KHARIF,8,2025,187,-0.042,1.08,0
FPS-0214,2025-08,RICE,200,13,KHARIF,8,2025,186,0.028,1.08,0
FPS-0214,2025-08,WHEAT,140,13,KHARIF,8,2025,190,0.066,1.08,1
FPS-0215,2025-08,RICE,200,11,KHARIF,8,2025,189,0.015,1.08,0
FPS-0215,2025-08,WHEAT,200,11,KHARIF,8,2025,197,-0.03,1.08,0
FPS-0216,2025-08,RICE,200,14,KHARIF,8,2025,203,-0.002,1.08,0
FPS-0216,2025-08,WHEAT,200,14,KHARIF,8,2025,205,0.022,1.08,0
FPS-0217,2025-08,RICE,231,17,KHARIF,8,2025,218,0.026,1.08,0
FPS-0217,2025-08,WHEAT,200,17,KHARIF,8,2025,206,-0.034,1.08,0
FPS-0218,2025-08,RICE,200,13,KHARIF,8,2025,205,0.023,1.08,0
FPS-0218,2025-08,WHEAT,200,13,KHARIF,8,2025,195,0.016,1.08,0
FPS-0219,2025-08,RICE,230,19,KHARIF,8,2025,219,-0.006,1.08,0
FPS-0219,2025-08,WHEAT,200,19,KHARIF,8,2025,200,0.079,1.08,0
FPS-0220,2025-08,RICE,284,22,KHARIF,8,2025,275,0.023,1.08,0
FPS-0220,2025-08,WHEAT,219,22,KHARIF,8,2025,223,0.041,1.08,0
FPS-0221,2025-08,RICE,255,19,KHARIF,8,2025,265,0.008,1.08,0
FPS-0221,2025-08,WHEAT,200,19,KHARIF,8,2025,185,0.029,1.08,0
FPS-0222,2025-08,RICE,276,21,KHARIF,8,2025,255,0.05,1.08,0
FPS-0222,2025-08,WHEAT,202,21,KHARIF,8,2025,188,0.069,1.08,0
FPS-0223,2025-08,RICE,240,17,KHARIF,8,2025,231,-0.044,1.08,0
FPS-0223,2025-08,WHEAT,200,17,KHARIF,8,2025,211,0.034,1.08,0
FPS-0224,2025-08,RICE,209,20,KHARIF,8,2025,221,-0.025,1.08,0
FPS-0224,2025-08,WHEAT,200,20,KHARIF,8,2025,206,0.032,1.08,0
FPS-0225,2025-08,RICE,200,15,KHARIF,8,2025,198,0.022,1.08,0
FPS-0225,2025-08,WHEAT,200,15,KHARIF,8,2025,198,0.059,1.08,0
FPS-0226,2025-08,RICE,200,12,KHARIF,8,2025,204,0.07,1.08,0
FPS-0226,2025-08,WHEAT,200,12,KHARIF,8,2025,204,0.016,1.08,0
FPS-0227,2025-08,RICE,200,14,KHARIF,8,2025,198,0.006,1.08,0
FPS-0227,2025-08,WHEAT,200,14,KHARIF,8,2025,188,0.068,1.08,0
FPS-0228,2025-08,RICE,228,18,KHARIF,8,2025,240,0.008,1.08,0
FPS-0228,2025-08,WHEAT,200,18,KHARIF,8,2025,206,-0.012,1.08,0
FPS-0229,2025-08,RICE,201,19,KHARIF,8,2025,203,0.054,1.08,0
FPS-0229,2025-08,WHEAT,200,19,KHARIF,8,2025,198,0.055,1.08,0
FPS-0230,2025-08,RICE,338,22,KHARIF,8,2025,346,0.059,1.08,0
FPS-0230,2025-08,WHEAT,238,22,KHARIF,8,2025,234,0.029,1.08,0
FPS-0231,2025-08,RICE,220,18,KHARIF,8,2025,207,0.012,1.08,0
FPS-0231,2025-08,WHEAT,200,18,KHARIF,8,2025,194,-0.015,1.08,0
FPS-0232,2025-08,RICE,200,14,KHARIF,8,2025,202,-0.0,1.08,0
FPS-0232,2025-08,WHEAT,200,14,KHARIF,8,2025,189,-0.05,1.08,0
FPS-0233,2025-08,RICE,200,9,KHARIF,8,2025,192,0.021,1.08,0
FPS-0233,2025-08,WHEAT,200,9,KHARIF,8,2025,191,0.047,1.08,0
FPS-0234,2025-08,RICE,211,18,KHARIF,8,2025,196,-0.046,1.08,0
FPS-0234,2025-08,WHEAT,200,18,KHARIF,8,2025,206,0.012,1.08,0
FPS-0235,2025-08,RICE,253,18,KHARIF,8,2025,244,0.026,1.08,0
FPS-0235,2025-08,WHEAT,200,18,KHARIF,8,2025,186,0.037,1.08,0
FPS-0236,2025-08,RICE,201,17,KHARIF,8,2025,189,-0.021,1.08,0
FPS-0236,2025-08,WHEAT,200,17,KHARIF,8,2025,185,-0.017,1.08,0
FPS-0237,2025-08,RICE,219,15,KHARIF,8,2025,205,-0.007,1.08,0
FPS-0237,2025-08,WHEAT,200,15,KHARIF,8,2025,199,0.055,1.08,0
FPS-0238,2025-08,RICE,251,19,KHARIF,8,2025,248,0.068,1.08,0
FPS-0238,2025-08,WHEAT,200,19,KHARIF,8,2025,197,-0.002,1.08,0
FPS-0239,2025-08,RICE,265,19,KHARIF,8,2025,243,0.035,1.08,0
FPS-0239,2025-08,WHEAT,200,19,KHARIF,8,2025,185,-0.002,1.08,0
FPS-0240,2025-08,RICE,282,21,KHARIF,8,2025,263,0.04,1.08,0
FPS-0240,2025-08,WHEAT,212,21,KHARIF,8,2025,212,0.06,1.08,0
FPS-0241,2025-08,RICE,232,19,KHARIF,8,2025,229,-0.025,1.08,0
FPS-0241,2025-08,WHEAT,200,19,KHARIF,8,2025,191,0.054,1.08,0
FPS-0242,2025-08,RICE,200,12,KHARIF,8,2025,184,-0.002,1.08,0
FPS-0242,2025-08,WHEAT,200,12,KHARIF,8,2025,203,0.015,1.08,0
FPS-0243,2025-08,RICE,271,18,KHARIF,8,2025,269,0.024,1.08,0
FPS-0243,2025-08,WHEAT,208,18,KHARIF,8,2025,203,0.074,1.08,0
FPS-0244,2025-08,RICE,200,16,KHARIF,8,2025,191,-0.045,1.08,0
FPS-0244,2025-08,WHEAT,200,16,KHARIF,8,2025,189,0.079,1.08,0
FPS-0245,2025-08,RICE,200,14,KHARIF,8,2025,208,0.025,1.08,0
FPS-0245,2025-08,WHEAT,200,14,KHARIF,8,2025,185,0.04,1.08,0
FPS-0246,2025-08,RICE,326,24,KHARIF,8,2025,304,0.029,1.08,0
FPS-0246,2025-08,WHEAT,247,24,KHARIF,8,2025,260,0.055,1.08,0
FPS-0247,2025-08,RICE,239,19,KHARIF,8,2025,252,0.065,1.08,0
FPS-0247,2025-08,WHEAT,200,19,KHARIF,8,2025,188,0.069,1.08,0
FPS-0248,2025-08,RICE,352,25,KHARIF,8,2025,337,0.032,1.08,0
FPS-0248,2025-08,WHEAT,243,25,KHARIF,8,2025,224,-0.022,1.08,0
FPS-0249,2025-08,RICE,210,22,KHARIF,8,2025,304,-0.049,1.08,1
FPS-0249,2025-08,WHEAT,221,22,KHARIF,8,2025,226,-0.048,1.08,0
FPS-0250,2025-08,RICE,200,16,KHARIF,8,2025,192,-0.007,1.08,0
FPS-0250,2025-08,WHEAT,200,16,KHARIF,8,2025,191,0.059,1.08,0
FPS-0251,2025-08,RICE,200,17,KHARIF,8,2025,206,0.042,1.08,0
FPS-0251,2025-08,WHEAT,200,17,KHARIF,8,2025,196,0.04,1.08,0
FPS-0252,2025-08,RICE,217,16,KHARIF,8,2025,222,0.033,1.08,0
FPS-0252,2025-08,WHEAT,200,16,KHARIF,8,2025,208,0.02,1.08,0
FPS-0253,2025-08,RICE,283,22,KHARIF,8,2025,286,-0.042,1.08,0
FPS-0253,2025-08,WHEAT,212,22,KHARIF,8,2025,198,0.01,1.08,0
FPS-0254,2025-08,RICE,200,14,KHARIF,8,2025,204,0.053,1.08,0
FPS-0254,2025-08,WHEAT,200,14,KHARIF,8,2025,196,0.052,1.08,0
FPS-0255,2025-08,RICE,204,16,KHARIF,8,2025,191,-0.015,1.08,0
FPS-0255,2025-08,WHEAT,200,16,KHARIF,8,2025,211,-0.013,1.08,0
FPS-0256,2025-08,RICE,140,14,KHARIF,8,2025,199,0.044,1.08,1
FPS-0256,2025-08,WHEAT,200,14,KHARIF,8,2025,188,0.013,1.08,0
FPS-0257,2025-08,RICE,221,15,KHARIF,8,2025,226,0.044,1.08,0
FPS-0257,2025-08,WHEAT,200,15,KHARIF,8,2025,186,0.003,1.08,0
FPS-0258,2025-08,RICE,200,15,KHARIF,8,2025,208,-0.007,1.08,0
FPS-0258,2025-08,WHEAT,200,15,KHARIF,8,2025,201,-0.02,1.08,0
FPS-0259,2025-08,RICE,200,15,KHARIF,8,2025,201,0.031,1.08,0
FPS-0259,2025-08,WHEAT,200,15,KHARIF,8,2025,186,0.071,1.08,0
FPS-0260,2025-08,RICE,200,13,KHARIF,8,2025,208,0.006,1.08,0
FPS-0260,2025-08,WHEAT,200,13,KHARIF,8,2025,196,0.053,1.08,0
FPS-0261,2025-08,RICE,200,11,KHARIF,8,2025,188,-0.015,1.08,0
FPS-0261,2025-08,WHEAT,200,11,KHARIF,8,2025,194,0.025,1.08,0
FPS-0262,2025-08,RICE,200,13,KHARIF,8,2025,197,0.048,1.08,0
FPS-0262,2025-08,WHEAT,200,13,KHARIF,8,2025,191,0.039,1.08,0
FPS-0263,2025-08,RICE,200,14,KHARIF,8,2025,201,-0.008,1.08,0
FPS-0263,2025-08,WHEAT,200,14,KHARIF,8,2025,185,0.016,1.08,0
FPS-0264,2025-08,RICE,200,5,KHARIF,8,2025,186,-0.043,1.08,0
FPS-0264,2025-08,WHEAT,200,5,KHARIF,8,2025,185,0.031,1.08,0
FPS-0265,2025-08,RICE,238,18,KHARIF,8,2025,241,0.022,1.08,0
FPS-0265,2025-08,WHEAT,200,18,KHARIF,8,2025,210,0.042,1.08,0
FPS-0266,2025-08,RICE,200,13,KHARIF,8,2025,185,0.016,1.08,0
FPS-0266,2025-08,WHEAT,200,13,KHARIF,8,2025,202,0.047,1.08,0
FPS-0267,2025-08,RICE,200,16,KHARIF,8,2025,197,0.015,1.08,0
FPS-0267,2025-08,WHEAT,200,16,KHARIF,8,2025,188,-0.006,1.08,0
FPS-0268,2025-08,RICE,210,20,KHARIF,8,2025,207,0.043,1.08,0
FPS-0268,2025-08,WHEAT,200,20,KHARIF,8,2025,192,0.027,1.08,0
FPS-0269,2025-08,RICE,254,21,KHARIF,8,2025,268,-0.013,1.08,0
FPS-0269,2025-08,WHEAT,200,21,KHARIF,8,2025,185,0.013,1.08,0
FPS-0270,2025-08,RICE,200,8,KHARIF,8,2025,211,-0.022,1.08,0
FPS-0270,2025-08,WHEAT,200,8,KHARIF,8,2025,187,0.055,1.08,0
FPS-0271,2025-08,RICE,240,18,KHARIF,8,2025,246,0.014,1.08,0
FPS-0271,2025-08,WHEAT,200,18,KHARIF,8,2025,205,-0.033,1.08,0
FPS-0272,2025-08,RICE,301,20,KHARIF,8,2025,307,0.042,1.08,0
FPS-0272,2025-08,WHEAT,219,20,KHARIF,8,2025,204,0.05,1.08,0
FPS-0273,2025-08,RICE,335,23,KHARIF,8,2025,313,0.064,1.08,0
FPS-0273,2025-08,WHEAT,211,23,KHARIF,8,2025,223,-0.016,1.08,0
FPS-0274,2025-08,RICE,200,18,KHARIF,8,2025,190,-0.048,1.08,0
FPS-0274,2025-08,WHEAT,200,18,KHARIF,8,2025,199,0.07,1.08,0
FPS-0275,2025-08,RICE,200,17,KHARIF,8,2025,207,-0.048,1.08,0
FPS-0275,2025-08,WHEAT,200,17,KHARIF,8,2025,192,0.062,1.08,0
FPS-0276,2025-08,RICE,255,19,KHARIF,8,2025,269,0.07,1.08,0
FPS-0276,2025-08,WHEAT,140,19,KHARIF,8,2025,197,0.046,1.08,1
FPS-0277,2025-08,RICE,220,17,KHARIF,8,2025,214,-0.032,1.08,0
FPS-0277,2025-08,WHEAT,200,17,KHARIF,8,2025,210,0.047,1.08,0
FPS-0278,2025-08,RICE,200,15,KHARIF,8,2025,196,0.052,1.08,0
FPS-0278,2025-08,WHEAT,200,15,KHARIF,8,2025,185,-0.008,1.08,0
FPS-0279,2025-08,RICE,346,23,KHARIF,8,2025,330,0.036,1.08,0
FPS-0279,2025-08,WHEAT,255,23,KHARIF,8,2025,235,0.033,1.08,0
FPS-0280,2025-08,RICE,200,18,KHARIF,8,2025,185,-0.036,1.08,0
FPS-0280,2025-08,WHEAT,200,18,KHARIF,8,2025,187,0.035,1.08,0
FPS-0281,2025-08,RICE,200,18,KHARIF,8,2025,202,-0.043,1.08,0
FPS-0281,2025-08,WHEAT,200,18,KHARIF,8,2025,189,0.078,1.08,0
FPS-0282,2025-08,RICE,264,20,KHARIF,8,2025,263,0.002,1.08,0
FPS-0282,2025-08,WHEAT,200,20,KHARIF,8,2025,209,-0.045,1.08,0
FPS-0283,2025-08,RICE,200,14,KHARIF,8,2025,195,-0.043,1.08,0
FPS-0283,2025-08,WHEAT,200,14,KHARIF,8,2025,193,0.055,1.08,0
FPS-0284,2025-08,RICE,200,12,KHARIF,8,2025,206,-0.047,1.08,0
FPS-0284,2025-08,WHEAT,200,12,KHARIF,8,2025,201,0.049,1.08,0
FPS-0285,2025-08,RICE,246,18,KHARIF,8,2025,240,-0.019,1.08,0
FPS-0285,2025-08,WHEAT,200,18,KHARIF,8,2025,184,0.058,1.08,0
FPS-0286,2025-08,RICE,222,16,KHARIF,8,2025,233,0.073,1.08,0
FPS-0286,2025-08,WHEAT,200,16,KHARIF,8,2025,205,0.049,1.08,0
FPS-0287,2025-08,RICE,361,26,KHARIF,8,2025,335,0.001,1.08,0
FPS-0287,2025-08,WHEAT,245,26,KHARIF,8,2025,244,-0.046,1.08,0
FPS-0288,2025-08,RICE,215,17,KHARIF,8,2025,221,0.06,1.08,0
FPS-0288,2025-08,WHEAT,200,17,KHARIF,8,2025,207,0.061,1.08,0
FPS-0289,2025-08,RICE,200,13,KHARIF,8,2025,191,-0.009,1.08,0
FPS-0289,2025-08,WHEAT,200,13,KHARIF,8,2025,206,-0.008,1.08,0
FPS-0290,2025-08,RICE,210,18,KHARIF,8,2025,207,-0.04,1.08,0
FPS-0290,2025-08,WHEAT,200,18,KHARIF,8,2025,211,-0.016,1.08,0
FPS-0291,2025-08,RICE,269,18,KHARIF,8,2025,265,0.028,1.08,0
FPS-0291,2025-08,WHEAT,200,18,KHARIF,8,2025,187,0.016,1.08,0
FPS-0292,2025-08,RICE,283,20,KHARIF,8,2025,276,0.02,1.08,0
FPS-0292,2025-08,WHEAT,212,20,KHARIF,8,2025,201,0.046,1.08,0
FPS-0293,2025-08,RICE,229,18,KHARIF,8,2025,227,-0.045,1.08,0
FPS-0293,2025-08,WHEAT,200,18,KHARIF,8,2025,187,-0.03,1.08,0
FPS-0294,2025-08,RICE,213,16,KHARIF,8,2025,208,-0.05,1.08,0
FPS-0294,2025-08,WHEAT,200,16,KHARIF,8,2025,193,-0.031,1.08,0
FPS-0295,2025-08,RICE,200,13,KHARIF,8,2025,190,-0.014,1.08,0
FPS-0295,2025-08,WHEAT,200,13,KHARIF,8,2025,194,0.057,1.08,0
FPS-0296,2025-08,RICE,200,14,KHARIF,8,2025,184,0.031,1.08,0
FPS-0296,2025-08,WHEAT,200,14,KHARIF,8,2025,184,0.042,1.08,0
FPS-0297,2025-08,RICE,226,17,KHARIF,8,2025,221,0.054,1.08,0
FPS-0297,2025-08,WHEAT,140,17,KHARIF,8,2025,195,0.08,1.08,1
FPS-0298,2025-08,RICE,200,15,KHARIF,8,2025,198,0.047,1.08,0
FPS-0298,2025-08,WHEAT,200,15,KHARIF,8,2025,191,0.028,1.08,0
FPS-0299,2025-08,RICE,209,17,KHARIF,8,2025,196,0.041,1.08,0
FPS-0299,2025-08,WHEAT,200,17,KHARIF,8,2025,188,0.066,1.08,0
FPS-0300,2025-08,RICE,257,17,KHARIF,8,2025,244,0.055,1.08,0
FPS-0300,2025-08,WHEAT,200,17,KHARIF,8,2025,208,0.001,1.08,0
FPS-0301,2025-08,RICE,249,16,KHARIF,8,2025,248,0.054,1.08,0
FPS-0301,2025-08,WHEAT,200,16,KHARIF,8,2025,203,0.036,1.08,0
FPS-0302,2025-08,RICE,234,19,KHARIF,8,2025,224,-0.049,1.08,0
FPS-0302,2025-08,WHEAT,200,19,KHARIF,8,2025,196,0.058,1.08,0
FPS-0303,2025-08,RICE,200,11,KHARIF,8,2025,209,0.069,1.08,0
FPS-0303,2025-08,WHEAT,200,11,KHARIF,8,2025,204,0.078,1.08,0
FPS-0304,2025-08,RICE,252,17,KHARIF,8,2025,253,0.026,1.08,0
FPS-0304,2025-08,WHEAT,200,17,KHARIF,8,2025,184,0.019,1.08,0
FPS-0305,2025-08,RICE,218,17,KHARIF,8,2025,204,-0.023,1.08,0
FPS-0305,2025-08,WHEAT,200,17,KHARIF,8,2025,186,0.026,1.08,0
FPS-0306,2025-08,RICE,200,13,KHARIF,8,2025,201,0.072,1.08,0
FPS-0306,2025-08,WHEAT,200,13,KHARIF,8,2025,197,0.052,1.08,0
FPS-0307,2025-08,RICE,214,15,KHARIF,8,2025,220,-0.033,1.08,0
FPS-0307,2025-08,WHEAT,200,15,KHARIF,8,2025,195,-0.033,1.08,0
FPS-0308,2025-08,RICE,227,15,KHARIF,8,2025,210,-0.005,1.08,0
FPS-0308,2025-08,WHEAT,200,15,KHARIF,8,2025,192,0.036,1.08,0
FPS-0309,2025-08,RICE,244,18,KHARIF,8,2025,245,0.001,1.08,0
FPS-0309,2025-08,WHEAT,200,18,KHARIF,8,2025,206,-0.05,1.08,0
FPS-0310,2025-08,RICE,200,13,KHARIF,8,2025,210,0.066,1.08,0
FPS-0310,2025-08,WHEAT,200,13,KHARIF,8,2025,209,-0.036,1.08,0
FPS-0311,2025-08,RICE,293,23,KHARIF,8,2025,288,0.065,1.08,0
FPS-0311,2025-08,WHEAT,200,23,KHARIF,8,2025,185,-0.04,1.08,0
FPS-0312,2025-08,RICE,262,19,KHARIF,8,2025,274,-0.018,1.08,0
FPS-0312,2025-08,WHEAT,200,19,KHARIF,8,2025,185,-0.034,1.08,0
FPS-0313,2025-08,RICE,225,15,KHARIF,8,2025,214,0.006,1.08,0
FPS-0313,2025-08,WHEAT,200,15,KHARIF,8,2025,207,0.037,1.08,0
FPS-0314,2025-08,RICE,261,18,KHARIF,8,2025,265,0.047,1.08,0
FPS-0314,2025-08,WHEAT,202,18,KHARIF,8,2025,191,0.06,1.08,0
FPS-0315,2025-08,RICE,228,18,KHARIF,8,2025,211,-0.029,1.08,0
FPS-0315,2025-08,WHEAT,200,18,KHARIF,8,2025,206,-0.05,1.08,0
FPS-0316,2025-08,RICE,200,15,KHARIF,8,2025,206,0.02,1.08,0
FPS-0316,2025-08,WHEAT,200,15,KHARIF,8,2025,188,0.074,1.08,0
FPS-0317,2025-08,RICE,203,15,KHARIF,8,2025,212,0.039,1.08,0
FPS-0317,2025-08,WHEAT,200,15,KHARIF,8,2025,200,0.047,1.08,0
FPS-0318,2025-08,RICE,202,17,KHARIF,8,2025,189,-0.026,1.08,0
FPS-0318,2025-08,WHEAT,200,17,KHARIF,8,2025,194,-0.04,1.08,0
FPS-0319,2025-08,RICE,200,14,KHARIF,8,2025,208,-0.025,1.08,0
FPS-0319,2025-08,WHEAT,200,14,KHARIF,8,2025,198,0.06,1.08,0
FPS-0320,2025-08,RICE,200,10,KHARIF,8,2025,205,0.061,1.08,0
FPS-0320,2025-08,WHEAT,200,10,KHARIF,8,2025,210,0.007,1.08,0
FPS-0321,2025-08,RICE,290,24,KHARIF,8,2025,281,0.021,1.08,0
FPS-0321,2025-08,WHEAT,221,24,KHARIF,8,2025,210,0.078,1.08,0
FPS-0322,2025-08,RICE,256,20,KHARIF,8,2025,267,-0.012,1.08,0
FPS-0322,2025-08,WHEAT,200,20,KHARIF,8,2025,199,-0.013,1.08,0
FPS-0323,2025-08,RICE,216,16,KHARIF,8,2025,203,0.076,1.08,0
FPS-0323,2025-08,WHEAT,200,16,KHARIF,8,2025,203,0.011,1.08,0
FPS-0324,2025-08,RICE,200,13,KHARIF,8,2025,206,-0.023,1.08,0
FPS-0324,2025-08,WHEAT,200,13,KHARIF,8,2025,205,0.063,1.08,0
FPS-0325,2025-08,RICE,239,21,KHARIF,8,2025,245,-0.034,1.08,0
FPS-0325,2025-08,WHEAT,200,21,KHARIF,8,2025,210,0.035,1.08,0
FPS-0326,2025-08,RICE,213,16,KHARIF,8,2025,199,-0.047,1.08,0
FPS-0326,2025-08,WHEAT,200,16,KHARIF,8,2025,210,0.072,1.08,0
FPS-0327,2025-08,RICE,234,18,KHARIF,8,2025,233,-0.035,1.08,0
FPS-0327,2025-08,WHEAT,200,18,KHARIF,8,2025,189,-0.042,1.08,0
FPS-0328,2025-08,RICE,248,18,KHARIF,8,2025,251,-0.029,1.08,0
FPS-0328,2025-08,WHEAT,200,18,KHARIF,8,2025,204,-0.042,1.08,0
FPS-0329,2025-08,RICE,200,15,KHARIF,8,2025,185,-0.042,1.08,0
FPS-0329,2025-08,WHEAT,200,15,KHARIF,8,2025,195,-0.004,1.08,0
FPS-0330,2025-08,RICE,232,21,KHARIF,8,2025,244,-0.018,1.08,0
FPS-0330,2025-08,WHEAT,140,21,KHARIF,8,2025,203,-0.023,1.08,1
FPS-0331,2025-08,RICE,221,17,KHARIF,8,2025,215,0.029,1.08,0
FPS-0331,2025-08,WHEAT,200,17,KHARIF,8,2025,208,0.035,1.08,0
FPS-0332,2025-08,RICE,245,21,KHARIF,8,2025,240,0.01,1.08,0
FPS-0332,2025-08,WHEAT,200,21,KHARIF,8,2025,204,0.046,1.08,0
FPS-0333,2025-08,RICE,376,27,KHARIF,8,2025,373,-0.044,1.08,0
FPS-0333,2025-08,WHEAT,302,27,KHARIF,8,2025,294,0.048,1.08,0
FPS-0334,2025-08,RICE,220,16,KHARIF,8,2025,227,0.076,1.08,0
FPS-0334,2025-08,WHEAT,200,16,KHARIF,8,2025,189,0.017,1.08,0
FPS-0335,2025-08,RICE,290,18,KHARIF,8,2025,282,0.017,1.08,0
FPS-0335,2025-08,WHEAT,200,18,KHARIF,8,2025,192,-0.037,1.08,0
FPS-0336,2025-08,RICE,244,18,KHARIF,8,2025,226,-0.017,1.08,0
FPS-0336,2025-08,WHEAT,200,18,KHARIF,8,2025,184,0.046,1.08,0
FPS-0337,2025-08,RICE,200,13,KHARIF,8,2025,189,0.057,1.08,0
FPS-0337,2025-08,WHEAT,200,13,KHARIF,8,2025,209,0.004,1.08,0
FPS-0338,2025-08,RICE,206,16,KHARIF,8,2025,194,-0.037,1.08,0
FPS-0338,2025-08,WHEAT,200,16,KHARIF,8,2025,207,-0.01,1.08,0
FPS-0339,2025-08,RICE,205,18,KHARIF,8,2025,196,0.076,1.08,0
FPS-0339,2025-08,WHEAT,200,18,KHARIF,8,2025,191,-0.008,1.08,0
FPS-0340,2025-08,RICE,200,12,KHARIF,8,2025,199,0.071,1.08,0
FPS-0340,2025-08,WHEAT,200,12,KHARIF,8,2025,199,0.072,1.08,0
FPS-0341,2025-08,RICE,200,14,KHARIF,8,2025,190,0.064,1.08,0
FPS-0341,2025-08,WHEAT,200,14,KHARIF,8,2025,188,0.066,1.08,0
FPS-0342,2025-08,RICE,200,12,KHARIF,8,2025,186,0.071,1.08,0
FPS-0342,2025-08,WHEAT,200,12,KHARIF,8,2025,186,0.022,1.08,0
FPS-0343,2025-08,RICE,200,16,KHARIF,8,2025,205,-0.021,1.08,0
FPS-0343,2025-08,WHEAT,200,16,KHARIF,8,2025,209,0.014,1.08,0
FPS-0344,2025-08,RICE,200,16,KHARIF,8,2025,190,0.039,1.08,0
FPS-0344,2025-08,WHEAT,200,16,KHARIF,8,2025,203,-0.012,1.08,0
FPS-0345,2025-08,RICE,228,17,KHARIF,8,2025,230,0.002,1.08,0
FPS-0345,2025-08,WHEAT,200,17,KHARIF,8,2025,209,0.013,1.08,0
FPS-0346,2025-08,RICE,224,19,KHARIF,8,2025,228,0.007,1.08,0
FPS-0346,2025-08,WHEAT,200,19,KHARIF,8,2025,203,0.066,1.08,0
FPS-0347,2025-08,RICE,324,22,KHARIF,8,2025,301,0.034,1.08,0
FPS-0347,2025-08,WHEAT,254,22,KHARIF,8,2025,258,0.071,1.08,0
FPS-0348,2025-08,RICE,279,20,KHARIF,8,2025,257,0.06,1.08,0
FPS-0348,2025-08,WHEAT,200,20,KHARIF,8,2025,200,0.014,1.08,0
FPS-0349,2025-08,RICE,211,18,KHARIF,8,2025,211,-0.032,1.08,0
FPS-0349,2025-08,WHEAT,200,18,KHARIF,8,2025,185,-0.007,1.08,0
FPS-0350,2025-08,RICE,251,17,KHARIF,8,2025,240,0.015,1.08,0
FPS-0350,2025-08,WHEAT,200,17,KHARIF,8,2025,185,0.011,1.08,0
FPS-0351,2025-08,RICE,200,16,KHARIF,8,2025,187,-0.019,1.08,0
FPS-0351,2025-08,WHEAT,200,16,KHARIF,8,2025,191,-0.005,1.08,0
FPS-0352,2025-08,RICE,241,19,KHARIF,8,2025,243,-0.035,1.08,0
FPS-0352,2025-08,WHEAT,200,19,KHARIF,8,2025,209,-0.048,1.08,0
FPS-0353,2025-08,RICE,200,16,KHARIF,8,2025,186,-0.027,1.08,0
FPS-0353,2025-08,WHEAT,200,16,KHARIF,8,2025,206,0.049,1.08,0
FPS-0354,2025-08,RICE,255,21,KHARIF,8,2025,263,0.055,1.08,0
FPS-0354,2025-08,WHEAT,200,21,KHARIF,8,2025,208,0.059,1.08,0
FPS-0355,2025-08,RICE,241,15,KHARIF,8,2025,231,0.046,1.08,0
FPS-0355,2025-08,WHEAT,200,15,KHARIF,8,2025,190,0.037,1.08,0
FPS-0356,2025-08,RICE,200,13,KHARIF,8,2025,187,0.028,1.08,0
FPS-0356,2025-08,WHEAT,200,13,KHARIF,8,2025,209,0.024,1.08,0
FPS-0357,2025-08,RICE,248,20,KHARIF,8,2025,259,0.031,1.08,0
FPS-0357,2025-08,WHEAT,200,20,KHARIF,8,2025,188,-0.019,1.08,0
FPS-0358,2025-08,RICE,217,16,KHARIF,8,2025,229,0.004,1.08,0
FPS-0358,2025-08,WHEAT,200,16,KHARIF,8,2025,190,-0.009,1.08,0
FPS-0359,2025-08,RICE,347,25,KHARIF,8,2025,350,0.012,1.08,0
FPS-0359,2025-08,WHEAT,241,25,KHARIF,8,2025,235,-0.014,1.08,0
FPS-0360,2025-08,RICE,200,15,KHARIF,8,2025,207,0.001,1.08,0
FPS-0360,2025-08,WHEAT,200,15,KHARIF,8,2025,195,0.008,1.08,0
FPS-0361,2025-08,RICE,200,16,KHARIF,8,2025,188,0.006,1.08,0
FPS-0361,2025-08,WHEAT,200,16,KHARIF,8,2025,184,0.023,1.08,0
FPS-0362,2025-08,RICE,200,17,KHARIF,8,2025,201,0.017,1.08,0
FPS-0362,2025-08,WHEAT,200,17,KHARIF,8,2025,187,-0.005,1.08,0
FPS-0363,2025-08,RICE,210,15,KHARIF,8,2025,207,0.05,1.08,0
FPS-0363,2025-08,WHEAT,200,15,KHARIF,8,2025,190,0.02,1.08,0
FPS-0364,2025-08,RICE,169,16,KHARIF,8,2025,223,0.029,1.08,1
FPS-0364,2025-08,WHEAT,200,16,KHARIF,8,2025,186,0.039,1.08,0
FPS-0365,2025-08,RICE,200,18,KHARIF,8,2025,194,0.046,1.08,0
FPS-0365,2025-08,WHEAT,200,18,KHARIF,8,2025,200,0.018,1.08,0
FPS-0366,2025-08,RICE,267,17,KHARIF,8,2025,250,0.056,1.08,0
FPS-0366,2025-08,WHEAT,200,17,KHARIF,8,2025,205,0.034,1.08,0
FPS-0367,2025-08,RICE,200,11,KHARIF,8,2025,203,-0.014,1.08,0
FPS-0367,2025-08,WHEAT,200,11,KHARIF,8,2025,195,-0.04,1.08,0
FPS-0368,2025-08,RICE,244,19,KHARIF,8,2025,236,0.024,1.08,0
FPS-0368,2025-08,WHEAT,200,19,KHARIF,8,2025,211,-0.003,1.08,0
FPS-0369,2025-08,RICE,200,18,KHARIF,8,2025,186,-0.041,1.08,0
FPS-0369,2025-08,WHEAT,200,18,KHARIF,8,2025,190,0.027,1.08,0
FPS-0370,2025-08,RICE,200,17,KHARIF,8,2025,198,-0.049,1.08,0
FPS-0370,2025-08,WHEAT,200,17,KHARIF,8,2025,208,-0.011,1.08,0
FPS-0371,2025-08,RICE,200,15,KHARIF,8,2025,205,0.025,1.08,0
FPS-0371,2025-08,WHEAT,200,15,KHARIF,8,2025,193,0.077,1.08,0
FPS-0372,2025-08,RICE,200,9,KHARIF,8,2025,197,-0.002,1.08,0
FPS-0372,2025-08,WHEAT,200,9,KHARIF,8,2025,197,-0.006,1.08,0
FPS-0373,2025-08,RICE,224,20,KHARIF,8,2025,213,-0.032,1.08,0
FPS-0373,2025-08,WHEAT,200,20,KHARIF,8,2025,199,-0.002,1.08,0
FPS-0374,2025-08,RICE,200,18,KHARIF,8,2025,209,0.049,1.08,0
FPS-0374,2025-08,WHEAT,200,18,KHARIF,8,2025,192,0.033,1.08,0
FPS-0375,2025-08,RICE,273,19,KHARIF,8,2025,289,0.037,1.08,0
FPS-0375,2025-08,WHEAT,200,19,KHARIF,8,2025,187,0.045,1.08,0
FPS-0376,2025-08,RICE,216,17,KHARIF,8,2025,210,-0.035,1.08,0
FPS-0376,2025-08,WHEAT,200,17,KHARIF,8,2025,189,0.003,1.08,0
FPS-0377,2025-08,RICE,206,16,KHARIF,8,2025,206,-0.035,1.08,0
FPS-0377,2025-08,WHEAT,200,16,KHARIF,8,2025,193,0.064,1.08,0
FPS-0378,2025-08,RICE,316,23,KHARIF,8,2025,322,0.05,1.08,0
FPS-0378,2025-08,WHEAT,210,23,KHARIF,8,2025,208,-0.023,1.08,0
FPS-0379,2025-08,RICE,200,13,KHARIF,8,2025,192,-0.018,1.08,0
FPS-0379,2025-08,WHEAT,200,13,KHARIF,8,2025,193,0.016,1.08,0
FPS-0380,2025-08,RICE,297,20,KHARIF,8,2025,308,0.028,1.08,0
FPS-0380,2025-08,WHEAT,202,20,KHARIF,8,2025,198,0.028,1.08,0
FPS-0381,2025-08,RICE,209,17,KHARIF,8,2025,207,-0.046,1.08,0
FPS-0381,2025-08,WHEAT,200,17,KHARIF,8,2025,208,-0.035,1.08,0
FPS-0382,2025-08,RICE,200,9,KHARIF,8,2025,200,-0.003,1.08,0
FPS-0382,2025-08,WHEAT,200,9,KHARIF,8,2025,186,-0.031,1.08,0
FPS-0383,2025-08,RICE,200,11,KHARIF,8,2025,198,-0.013,1.08,0
FPS-0383,2025-08,WHEAT,200,11,KHARIF,8,2025,203,-0.032,1.08,0
FPS-0384,2025-08,RICE,314,23,KHARIF,8,2025,290,0.065,1.08,0
FPS-0384,2025-08,WHEAT,207,23,KHARIF,8,2025,210,-0.022,1.08,0
FPS-0385,2025-08,RICE,340,22,KHARIF,8,2025,356,0.07,1.08,0
FPS-0385,2025-08,WHEAT,236,22,KHARIF,8,2025,234,0.029,1.08,0
FPS-0386,2025-08,RICE,200,18,KHARIF,8,2025,186,-0.043,1.08,0
FPS-0386,2025-08,WHEAT,200,18,KHARIF,8,2025,208,-0.036,1.08,0
FPS-0387,2025-08,RICE,378,31,KHARIF,8,2025,392,0.038,1.08,0
FPS-0387,2025-08,WHEAT,271,31,KHARIF,8,2025,267,-0.017,1.08,0
FPS-0388,2025-08,RICE,200,11,KHARIF,8,2025,198,-0.022,1.08,0
FPS-0388,2025-08,WHEAT,200,11,KHARIF,8,2025,189,0.02,1.08,0
FPS-0389,2025-08,RICE,200,17,KHARIF,8,2025,196,-0.026,1.08,0
FPS-0389,2025-08,WHEAT,200,17,KHARIF,8,2025,206,-0.042,1.08,0
FPS-0390,2025-08,RICE,248,21,KHARIF,8,2025,232,0.008,1.08,0
FPS-0390,2025-08,WHEAT,200,21,KHARIF,8,2025,211,0.07,1.08,0
FPS-0391,2025-08,RICE,268,20,KHARIF,8,2025,257,-0.004,1.08,0
FPS-0391,2025-08,WHEAT,200,20,KHARIF,8,2025,200,-0.005,1.08,0
FPS-0392,2025-08,RICE,200,17,KHARIF,8,2025,210,0.04,1.08,0
FPS-0392,2025-08,WHEAT,200,17,KHARIF,8,2025,190,-0.006,1.08,0
FPS-0393,2025-08,RICE,203,18,KHARIF,8,2025,198,-0.01,1.08,0
FPS-0393,2025-08,WHEAT,200,18,KHARIF,8,2025,202,0.077,1.08,0
FPS-0394,2025-08,RICE,246,17,KHARIF,8,2025,246,-0.005,1.08,0
FPS-0394,2025-08,WHEAT,200,17,KHARIF,8,2025,194,0.072,1.08,0
FPS-0395,2025-08,RICE,200,14,KHARIF,8,2025,199,0.004,1.08,0
FPS-0395,2025-08,WHEAT,200,14,KHARIF,8,2025,201,0.042,1.08,0
FPS-0396,2025-08,RICE,200,14,KHARIF,8,2025,197,0.023,1.08,0
FPS-0396,2025-08,WHEAT,200,14,KHARIF,8,2025,189,0.043,1.08,0
FPS-0397,2025-08,RICE,200,13,KHARIF,8,2025,209,0.016,1.08,0
FPS-0397,2025-08,WHEAT,200,13,KHARIF,8,2025,198,0.062,1.08,0
FPS-0398,2025-08,RICE,200,16,KHARIF,8,2025,194,0.018,1.08,0
FPS-0398,2025-08,WHEAT,200,16,KHARIF,8,2025,198,0.074,1.08,0
FPS-0399,2025-08,RICE,213,15,KHARIF,8,2025,223,0.06,1.08,0
FPS-0399,2025-08,WHEAT,200,15,KHARIF,8,2025,197,-0.03,1.08,0
FPS-0400,2025-08,RICE,264,22,KHARIF,8,2025,272,-0.033,1.08,0
FPS-0400,2025-08,WHEAT,140,22,KHARIF,8,2025,203,0.059,1.08,1
FPS-0401,2025-08,RICE,263,24,KHARIF,8,2025,245,-0.017,1.08,0
FPS-0401,2025-08,WHEAT,209,24,KHARIF,8,2025,220,0.057,1.08,0
FPS-0402,2025-08,RICE,200,8,KHARIF,8,2025,191,-0.036,1.08,0
FPS-0402,2025-08,WHEAT,140,8,KHARIF,8,2025,188,0.035,1.08,1
FPS-0403,2025-08,RICE,200,12,KHARIF,8,2025,208,-0.047,1.08,0
FPS-0403,2025-08,WHEAT,200,12,KHARIF,8,2025,192,0.031,1.08,0
FPS-0404,2025-08,RICE,200,15,KHARIF,8,2025,211,-0.004,1.08,0
FPS-0404,2025-08,WHEAT,200,15,KHARIF,8,2025,209,0.077,1.08,0
FPS-0405,2025-08,RICE,210,14,KHARIF,8,2025,213,-0.007,1.08,0
FPS-0405,2025-08,WHEAT,200,14,KHARIF,8,2025,207,0.053,1.08,0
FPS-0406,2025-08,RICE,299,22,KHARIF,8,2025,311,0.048,1.08,0
FPS-0406,2025-08,WHEAT,209,22,KHARIF,8,2025,217,0.047,1.08,0
FPS-0407,2025-08,RICE,214,18,KHARIF,8,2025,199,-0.032,1.08,0
FPS-0407,2025-08,WHEAT,140,18,KHARIF,8,2025,189,-0.029,1.08,1
FPS-0408,2025-08,RICE,200,12,KHARIF,8,2025,203,0.009,1.08,0
FPS-0408,2025-08,WHEAT,200,12,KHARIF,8,2025,196,0.045,1.08,0
FPS-0409,2025-08,RICE,200,17,KHARIF,8,2025,193,0.053,1.08,0
FPS-0409,2025-08,WHEAT,200,17,KHARIF,8,2025,204,-0.034,1.08,0
FPS-0410,2025-08,RICE,319,25,KHARIF,8,2025,313,0.039,1.08,0
FPS-0410,2025-08,WHEAT,220,25,KHARIF,8,2025,205,-0.031,1.08,0
FPS-0411,2025-08,RICE,200,15,KHARIF,8,2025,186,-0.034,1.08,0
FPS-0411,2025-08,WHEAT,200,15,KHARIF,8,2025,186,-0.016,1.08,0
FPS-0412,2025-08,RICE,285,20,KHARIF,8,2025,280,0.012,1.08,0
FPS-0412,2025-08,WHEAT,144,20,KHARIF,8,2025,214,0.059,1.08,1
FPS-0413,2025-08,RICE,200,14,KHARIF,8,2025,200,-0.031,1.08,0
FPS-0413,2025-08,WHEAT,200,14,KHARIF,8,2025,200,0.042,1.08,0
FPS-0414,2025-08,RICE,308,22,KHARIF,8,2025,298,0.055,1.08,0
FPS-0414,2025-08,WHEAT,207,22,KHARIF,8,2025,207,0.041,1.08,0
FPS-0415,2025-08,RICE,251,17,KHARIF,8,2025,260,0.022,1.08,0
FPS-0415,2025-08,WHEAT,200,17,KHARIF,8,2025,194,-0.039,1.08,0
FPS-0416,2025-08,RICE,200,12,KHARIF,8,2025,192,-0.028,1.08,0
FPS-0416,2025-08,WHEAT,200,12,KHARIF,8,2025,207,0.023,1.08,0
FPS-0417,2025-08,RICE,200,11,KHARIF,8,2025,197,-0.015,1.08,0
FPS-0417,2025-08,WHEAT,200,11,KHARIF,8,2025,204,-0.05,1.08,0
FPS-0418,2025-08,RICE,267,21,KHARIF,8,2025,250,-0.006,1.08,0
FPS-0418,2025-08,WHEAT,200,21,KHARIF,8,2025,201,-0.042,1.08,0
FPS-0419,2025-08,RICE,218,22,KHARIF,8,2025,304,0.02,1.08,1
FPS-0419,2025-08,WHEAT,231,22,KHARIF,8,2025,238,0.007,1.08,0
FPS-0420,2025-08,RICE,239,21,KHARIF,8,2025,233,-0.042,1.08,0
FPS-0420,2025-08,WHEAT,200,21,KHARIF,8,2025,200,0.06,1.08,0
FPS-0421,2025-08,RICE,276,21,KHARIF,8,2025,270,0.015,1.08,0
FPS-0421,2025-08,WHEAT,200,21,KHARIF,8,2025,202,-0.012,1.08,0
FPS-0422,2025-08,RICE,200,16,KHARIF,8,2025,197,-0.024,1.08,0
FPS-0422,2025-08,WHEAT,200,16,KHARIF,8,2025,198,-0.002,1.08,0
FPS-0423,2025-08,RICE,200,12,KHARIF,8,2025,207,0.04,1.08,0
FPS-0423,2025-08,WHEAT,200,12,KHARIF,8,2025,187,0.015,1.08,0
FPS-0424,2025-08,RICE,259,18,KHARIF,8,2025,239,0.011,1.08,0
FPS-0424,2025-08,WHEAT,200,18,KHARIF,8,2025,202,0.011,1.08,0
FPS-0425,2025-08,RICE,200,17,KHARIF,8,2025,201,0.013,1.08,0
FPS-0425,2025-08,WHEAT,200,17,KHARIF,8,2025,195,0.064,1.08,0
FPS-0426,2025-08,RICE,276,21,KHARIF,8,2025,287,0.043,1.08,0
FPS-0426,2025-08,WHEAT,200,21,KHARIF,8,2025,188,-0.018,1.08,0
FPS-0427,2025-08,RICE,201,13,KHARIF,8,2025,205,0.02,1.08,0
FPS-0427,2025-08,WHEAT,200,13,KHARIF,8,2025,199,0.057,1.08,0
FPS-0428,2025-08,RICE,200,16,KHARIF,8,2025,197,-0.005,1.08,0
FPS-0428,2025-08,WHEAT,200,16,KHARIF,8,2025,185,-0.002,1.08,0
FPS-0429,2025-08,RICE,200,11,KHARIF,8,2025,208,0.037,1.08,0
FPS-0429,2025-08,WHEAT,200,11,KHARIF,8,2025,185,0.045,1.08,0
FPS-0430,2025-08,RICE,206,16,KHARIF,8,2025,190,0.01,1.08,0
FPS-0430,2025-08,WHEAT,140,16,KHARIF,8,2025,191,0.059,1.08,1
FPS-0431,2025-08,RICE,200,4,KHARIF,8,2025,193,-0.003,1.08,0
FPS-0431,2025-08,WHEAT,200,4,KHARIF,8,2025,202,-0.047,1.08,0
FPS-0432,2025-08,RICE,379,24,KHARIF,8,2025,396,-0.023,1.08,0
FPS-0432,2025-08,WHEAT,272,24,KHARIF,8,2025,275,-0.005,1.08,0
FPS-0433,2025-08,RICE,200,10,KHARIF,8,2025,199,0.031,1.08,0
FPS-0433,2025-08,WHEAT,200,10,KHARIF,8,2025,192,0.01,1.08,0
FPS-0434,2025-08,RICE,313,25,KHARIF,8,2025,293,0.049,1.08,0
FPS-0434,2025-08,WHEAT,233,25,KHARIF,8,2025,244,0.048,1.08,0
FPS-0435,2025-08,RICE,239,19,KHARIF,8,2025,234,-0.023,1.08,0
FPS-0435,2025-08,WHEAT,200,19,KHARIF,8,2025,204,-0.035,1.08,0
FPS-0436,2025-08,RICE,200,15,KHARIF,8,2025,197,-0.042,1.08,0
FPS-0436,2025-08,WHEAT,200,15,KHARIF,8,2025,208,-0.02,1.08,0
FPS-0437,2025-08,RICE,200,13,KHARIF,8,2025,192,-0.049,1.08,0
FPS-0437,2025-08,WHEAT,200,13,KHARIF,8,2025,186,0.053,1.08,0
FPS-0438,2025-08,RICE,200,16,KHARIF,8,2025,196,-0.021,1.08,0
FPS-0438,2025-08,WHEAT,200,16,KHARIF,8,2025,210,0.002,1.08,0
FPS-0439,2025-08,RICE,286,19,KHARIF,8,2025,294,0.034,1.08,0
FPS-0439,2025-08,WHEAT,200,19,KHARIF,8,2025,199,-0.035,1.08,0
FPS-0440,2025-08,RICE,200,17,KHARIF,8,2025,209,0.061,1.08,0
FPS-0440,2025-08,WHEAT,200,17,KHARIF,8,2025,203,-0.049,1.08,0
FPS-0441,2025-08,RICE,346,22,KHARIF,8,2025,358,0.001,1.08,0
FPS-0441,2025-08,WHEAT,260,22,KHARIF,8,2025,268,0.069,1.08,0
FPS-0442,2025-08,RICE,200,14,KHARIF,8,2025,210,0.041,1.08,0
FPS-0442,2025-08,WHEAT,200,14,KHARIF,8,2025,184,0.025,1.08,0
FPS-0443,2025-08,RICE,200,15,KHARIF,8,2025,207,-0.022,1.08,0
FPS-0443,2025-08,WHEAT,200,15,KHARIF,8,2025,198,-0.029,1.08,0
FPS-0444,2025-08,RICE,200,12,KHARIF,8,2025,200,-0.039,1.08,0
FPS-0444,2025-08,WHEAT,140,12,KHARIF,8,2025,187,-0.011,1.08,1
FPS-0445,2025-08,RICE,200,12,KHARIF,8,2025,207,0.053,1.08,0
FPS-0445,2025-08,WHEAT,200,12,KHARIF,8,2025,201,0.076,1.08,0
FPS-0446,2025-08,RICE,200,14,KHARIF,8,2025,208,0.039,1.08,0
FPS-0446,2025-08,WHEAT,200,14,KHARIF,8,2025,203,-0.041,1.08,0
FPS-0447,2025-08,RICE,200,13,KHARIF,8,2025,208,-0.028,1.08,0
FPS-0447,2025-08,WHEAT,200,13,KHARIF,8,2025,209,-0.032,1.08,0
FPS-0448,2025-08,RICE,200,13,KHARIF,8,2025,199,0.036,1.08,0
FPS-0448,2025-08,WHEAT,200,13,KHARIF,8,2025,211,-0.007,1.08,0
FPS-0449,2025-08,RICE,200,15,KHARIF,8,2025,210,0.029,1.08,0
FPS-0449,2025-08,WHEAT,200,15,KHARIF,8,2025,204,0.03,1.08,0
FPS-0450,2025-08,RICE,200,14,KHARIF,8,2025,192,0.017,1.08,0
FPS-0450,2025-08,WHEAT,200,14,KHARIF,8,2025,190,0.03,1.08,0
FPS-0451,2025-08,RICE,280,23,KHARIF,8,2025,274,-0.017,1.08,0
FPS-0451,2025-08,WHEAT,206,23,KHARIF,8,2025,190,0.009,1.08,0
FPS-0452,2025-08,RICE,274,17,KHARIF,8,2025,263,0.068,1.08,0
FPS-0452,2025-08,WHEAT,200,17,KHARIF,8,2025,196,0.05,1.08,0
FPS-0453,2025-08,RICE,200,15,KHARIF,8,2025,210,0.061,1.08,0
FPS-0453,2025-08,WHEAT,200,15,KHARIF,8,2025,184,-0.008,1.08,0
FPS-0454,2025-08,RICE,235,20,KHARIF,8,2025,216,-0.048,1.08,0
FPS-0454,2025-08,WHEAT,200,20,KHARIF,8,2025,209,-0.041,1.08,0
FPS-0455,2025-08,RICE,222,18,KHARIF,8,2025,234,0.043,1.08,0
FPS-0455,2025-08,WHEAT,200,18,KHARIF,8,2025,184,-0.035,1.08,0
FPS-0456,2025-08,RICE,207,14,KHARIF,8,2025,208,0.043,1.08,0
FPS-0456,2025-08,WHEAT,200,14,KHARIF,8,2025,196,-0.013,1.08,0
FPS-0457,2025-08,RICE,240,19,KHARIF,8,2025,249,-0.035,1.08,0
FPS-0457,2025-08,WHEAT,200,19,KHARIF,8,2025,195,-0.031,1.08,0
FPS-0458,2025-08,RICE,206,15,KHARIF,8,2025,202,0.051,1.08,0
FPS-0458,2025-08,WHEAT,200,15,KHARIF,8,2025,188,0.032,1.08,0
FPS-0459,2025-08,RICE,232,18,KHARIF,8,2025,219,0.001,1.08,0
FPS-0459,2025-08,WHEAT,200,18,KHARIF,8,2025,196,0.002,1.08,0
FPS-0460,2025-08,RICE,200,14,KHARIF,8,2025,208,0.02,1.08,0
FPS-0460,2025-08,WHEAT,200,14,KHARIF,8,2025,210,0.036,1.08,0
FPS-0461,2025-08,RICE,267,22,KHARIF,8,2025,262,0.031,1.08,0
FPS-0461,2025-08,WHEAT,200,22,KHARIF,8,2025,192,-0.01,1.08,0
FPS-0462,2025-08,RICE,200,12,KHARIF,8,2025,207,0.071,1.08,0
FPS-0462,2025-08,WHEAT,200,12,KHARIF,8,2025,206,-0.037,1.08,0
FPS-0463,2025-08,RICE,322,23,KHARIF,8,2025,313,0.071,1.08,0
FPS-0463,2025-08,WHEAT,140,23,KHARIF,8,2025,192,-0.043,1.08,1
FPS-0464,2025-08,RICE,212,16,KHARIF,8,2025,215,-0.023,1.08,0
FPS-0464,2025-08,WHEAT,200,16,KHARIF,8,2025,187,0.071,1.08,0
FPS-0465,2025-08,RICE,200,16,KHARIF,8,2025,199,-0.037,1.08,0
FPS-0465,2025-08,WHEAT,200,16,KHARIF,8,2025,202,-0.022,1.08,0
FPS-0466,2025-08,RICE,201,15,KHARIF,8,2025,192,0.073,1.08,0
FPS-0466,2025-08,WHEAT,200,15,KHARIF,8,2025,208,0.069,1.08,0
FPS-0467,2025-08,RICE,200,9,KHARIF,8,2025,184,-0.025,1.08,0
FPS-0467,2025-08,WHEAT,200,9,KHARIF,8,2025,199,0.029,1.08,0
FPS-0468,2025-08,RICE,238,17,KHARIF,8,2025,242,0.071,1.08,0
FPS-0468,2025-08,WHEAT,200,17,KHARIF,8,2025,194,-0.034,1.08,0
FPS-0469,2025-08,RICE,200,12,KHARIF,8,2025,188,0.054,1.08,0
FPS-0469,2025-08,WHEAT,200,12,KHARIF,8,2025,197,-0.041,1.08,0
FPS-0470,2025-08,RICE,334,22,KHARIF,8,2025,348,0.066,1.08,0
FPS-0470,2025-08,WHEAT,228,22,KHARIF,8,2025,236,-0.005,1.08,0
FPS-0471,2025-08,RICE,206,13,KHARIF,8,2025,214,0.063,1.08,0
FPS-0471,2025-08,WHEAT,200,13,KHARIF,8,2025,190,0.026,1.08,0
FPS-0472,2025-08,RICE,277,20,KHARIF,8,2025,267,0.049,1.08,0
FPS-0472,2025-08,WHEAT,210,20,KHARIF,8,2025,193,0.04,1.08,0
FPS-0473,2025-08,RICE,219,17,KHARIF,8,2025,229,0.018,1.08,0
FPS-0473,2025-08,WHEAT,200,17,KHARIF,8,2025,209,0.009,1.08,0
FPS-0474,2025-08,RICE,200,17,KHARIF,8,2025,189,0.029,1.08,0
FPS-0474,2025-08,WHEAT,200,17,KHARIF,8,2025,205,-0.032,1.08,0
FPS-0475,2025-08,RICE,231,18,KHARIF,8,2025,236,-0.019,1.08,0
FPS-0475,2025-08,WHEAT,200,18,KHARIF,8,2025,189,-0.02,1.08,0
FPS-0476,2025-08,RICE,200,14,KHARIF,8,2025,197,0.046,1.08,0
FPS-0476,2025-08,WHEAT,200,14,KHARIF,8,2025,195,0.061,1.08,0
FPS-0477,2025-08,RICE,251,21,KHARIF,8,2025,255,-0.046,1.08,0
FPS-0477,2025-08,WHEAT,200,21,KHARIF,8,2025,189,0.061,1.08,0
FPS-0478,2025-08,RICE,214,15,KHARIF,8,2025,197,0.074,1.08,0
FPS-0478,2025-08,WHEAT,200,15,KHARIF,8,2025,198,0.05,1.08,0
FPS-0479,2025-08,RICE,240,17,KHARIF,8,2025,252,-0.017,1.08,0
FPS-0479,2025-08,WHEAT,200,17,KHARIF,8,2025,194,0.04,1.08,0
FPS-0480,2025-08,RICE,200,12,KHARIF,8,2025,194,-0.034,1.08,0
FPS-0480,2025-08,WHEAT,200,12,KHARIF,8,2025,197,-0.001,1.08,0
FPS-0481,2025-08,RICE,224,17,KHARIF,8,2025,213,0.037,1.08,0
FPS-0481,2025-08,WHEAT,200,17,KHARIF,8,2025,207,0.069,1.08,0
FPS-0482,2025-08,RICE,200,16,KHARIF,8,2025,196,-0.024,1.08,0
FPS-0482,2025-08,WHEAT,200,16,KHARIF,8,2025,184,0.063,1.08,0
FPS-0483,2025-08,RICE,200,10,KHARIF,8,2025,193,-0.024,1.08,0
FPS-0483,2025-08,WHEAT,200,10,KHARIF,8,2025,195,0.049,1.08,0
FPS-0484,2025-08,RICE,200,16,KHARIF,8,2025,208,-0.047,1.08,0
FPS-0484,2025-08,WHEAT,200,16,KHARIF,8,2025,185,-0.043,1.08,0
FPS-0485,2025-08,RICE,200,13,KHARIF,8,2025,194,-0.017,1.08,0
FPS-0485,2025-08,WHEAT,200,13,KHARIF,8,2025,188,0.077,1.08,0
FPS-0486,2025-08,RICE,255,21,KHARIF,8,2025,235,0.027,1.08,0
FPS-0486,2025-08,WHEAT,200,21,KHARIF,8,2025,196,-0.031,1.08,0
FPS-0487,2025-08,RICE,200,14,KHARIF,8,2025,194,-0.027,1.08,0
FPS-0487,2025-08,WHEAT,200,14,KHARIF,8,2025,208,-0.016,1.08,0
FPS-0488,2025-08,RICE,140,11,KHARIF,8,2025,206,-0.049,1.08,1
FPS-0488,2025-08,WHEAT,200,11,KHARIF,8,2025,189,-0.044,1.08,0
FPS-0489,2025-08,RICE,218,20,KHARIF,8,2025,213,-0.037,1.08,0
FPS-0489,2025-08,WHEAT,200,20,KHARIF,8,2025,187,-0.043,1.08,0
FPS-0490,2025-08,RICE,231,16,KHARIF,8,2025,232,-0.011,1.08,0
FPS-0490,2025-08,WHEAT,200,16,KHARIF,8,2025,199,0.053,1.08,0
FPS-0491,2025-08,RICE,267,16,KHARIF,8,2025,248,0.077,1.08,0
FPS-0491,2025-08,WHEAT,200,16,KHARIF,8,2025,211,0.019,1.08,0
FPS-0492,2025-08,RICE,353,24,KHARIF,8,2025,325,0.078,1.08,0
FPS-0492,2025-08,WHEAT,233,24,KHARIF,8,2025,240,0.005,1.08,0
FPS-0493,2025-08,RICE,223,17,KHARIF,8,2025,207,0.024,1.08,0
FPS-0493,2025-08,WHEAT,200,17,KHARIF,8,2025,206,0.026,1.08,0
FPS-0494,2025-08,RICE,200,11,KHARIF,8,2025,191,-0.003,1.08,0
FPS-0494,2025-08,WHEAT,200,11,KHARIF,8,2025,187,0.055,1.08,0
FPS-0495,2025-08,RICE,200,12,KHARIF,8,2025,190,0.007,1.08,0
FPS-0495,2025-08,WHEAT,200,12,KHARIF,8,2025,199,0.076,1.08,0
FPS-0496,2025-08,RICE,203,15,KHARIF,8,2025,193,0.002,1.08,0
FPS-0496,2025-08,WHEAT,200,15,KHARIF,8,2025,184,0.056,1.08,0
FPS-0497,2025-08,RICE,243,19,KHARIF,8,2025,224,0.057,1.08,0
FPS-0497,2025-08,WHEAT,200,19,KHARIF,8,2025,196,0.023,1.08,0
FPS-0498,2025-08,RICE,234,16,KHARIF,8,2025,230,-0.001,1.08,0
FPS-0498,2025-08,WHEAT,200,16,KHARIF,8,2025,208,0.071,1.08,0
FPS-0499,2025-08,RICE,297,20,KHARIF,8,2025,314,-0.003,1.08,0
FPS-0499,2025-08,WHEAT,204,20,KHARIF,8,2025,189,-0.013,1.08,0
FPS-0500,2025-08,RICE,200,15,KHARIF,8,2025,195,-0.038,1.08,0
FPS-0500,2025-08,WHEAT,200,15,KHARIF,8,2025,186,0.028,1.08,0
FPS-0501,2025-08,RICE,200,17,KHARIF,8,2025,193,0.017,1.08,0
FPS-0501,2025-08,WHEAT,200,17,KHARIF,8,2025,191,0.066,1.08,0
FPS-0502,2025-08,RICE,271,19,KHARIF,8,2025,262,0.053,1.08,0
FPS-0502,2025-08,WHEAT,200,19,KHARIF,8,2025,205,-0.012,1.08,0
FPS-0503,2025-08,RICE,228,19,KHARIF,8,2025,213,-0.028,1.08,0
FPS-0503,2025-08,WHEAT,200,19,KHARIF,8,2025,203,-0.026,1.08,0
FPS-0504,2025-08,RICE,210,16,KHARIF,8,2025,197,0.028,1.08,0
FPS-0504,2025-08,WHEAT,200,16,KHARIF,8,2025,186,-0.029,1.08,0
FPS-0505,2025-08,RICE,201,17,KHARIF,8,2025,194,0.016,1.08,0
FPS-0505,2025-08,WHEAT,200,17,KHARIF,8,2025,207,0.032,1.08,0
FPS-0506,2025-08,RICE,200,14,KHARIF,8,2025,209,0.024,1.08,0
FPS-0506,2025-08,WHEAT,200,14,KHARIF,8,2025,204,0.056,1.08,0
FPS-0507,2025-08,RICE,200,12,KHARIF,8,2025,207,0.04,1.08,0
FPS-0507,2025-08,WHEAT,200,12,KHARIF,8,2025,198,0.074,1.08,0
FPS-0508,2025-08,RICE,259,22,KHARIF,8,2025,252,-0.042,1.08,0
FPS-0508,2025-08,WHEAT,202,22,KHARIF,8,2025,187,0.052,1.08,0
FPS-0509,2025-08,RICE,209,16,KHARIF,8,2025,215,0.006,1.08,0
FPS-0509,2025-08,WHEAT,200,16,KHARIF,8,2025,197,-0.039,1.08,0
FPS-0510,2025-08,RICE,200,13,KHARIF,8,2025,202,-0.015,1.08,0
FPS-0510,2025-08,WHEAT,200,13,KHARIF,8,2025,204,-0.011,1.08,0
FPS-0511,2025-08,RICE,200,15,KHARIF,8,2025,186,0.039,1.08,0
FPS-0511,2025-08,WHEAT,200,15,KHARIF,8,2025,205,-0.017,1.08,0
FPS-0512,2025-08,RICE,200,12,KHARIF,8,2025,199,-0.001,1.08,0
FPS-0512,2025-08,WHEAT,200,12,KHARIF,8,2025,199,0.077,1.08,0
FPS-0513,2025-08,RICE,200,17,KHARIF,8,2025,205,-0.01,1.08,0
FPS-0513,2025-08,WHEAT,200,17,KHARIF,8,2025,192,-0.024,1.08,0
FPS-0514,2025-08,RICE,200,5,KHARIF,8,2025,203,0.078,1.08,0
FPS-0514,2025-08,WHEAT,200,5,KHARIF,8,2025,199,0.042,1.08,0
FPS-0515,2025-08,RICE,200,8,KHARIF,8,2025,196,-0.022,1.08,0
FPS-0515,2025-08,WHEAT,200,8,KHARIF,8,2025,195,0.022,1.08,0
FPS-0516,2025-08,RICE,200,11,KHARIF,8,2025,190,-0.01,1.08,0
FPS-0516,2025-08,WHEAT,200,11,KHARIF,8,2025,189,0.045,1.08,0
FPS-0517,2025-08,RICE,200,16,KHARIF,8,2025,200,0.073,1.08,0
FPS-0517,2025-08,WHEAT,200,16,KHARIF,8,2025,211,0.075,1.08,0
FPS-0518,2025-08,RICE,215,16,KHARIF,8,2025,204,0.008,1.08,0
FPS-0518,2025-08,WHEAT,200,16,KHARIF,8,2025,198,0.014,1.08,0
FPS-0519,2025-08,RICE,241,15,KHARIF,8,2025,231,0.068,1.08,0
FPS-0519,2025-08,WHEAT,200,15,KHARIF,8,2025,209,0.029,1.08,0
FPS-0520,2025-08,RICE,200,15,KHARIF,8,2025,203,-0.044,1.08,0
FPS-0520,2025-08,WHEAT,200,15,KHARIF,8,2025,185,0.069,1.08,0
FPS-0521,2025-08,RICE,271,23,KHARIF,8,2025,256,0.019,1.08,0
FPS-0521,2025-08,WHEAT,200,23,KHARIF,8,2025,208,0.067,1.08,0
FPS-0522,2025-08,RICE,275,20,KHARIF,8,2025,255,0.079,1.08,0
FPS-0522,2025-08,WHEAT,200,20,KHARIF,8,2025,193,0.008,1.08,0
FPS-0523,2025-08,RICE,240,18,KHARIF,8,2025,223,0.038,1.08,0
FPS-0523,2025-08,WHEAT,200,18,KHARIF,8,2025,193,0.016,1.08,0
FPS-0524,2025-08,RICE,200,12,KHARIF,8,2025,184,0.052,1.08,0
FPS-0524,2025-08,WHEAT,200,12,KHARIF,8,2025,211,-0.002,1.08,0
FPS-0525,2025-08,RICE,200,12,KHARIF,8,2025,200,0.074,1.08,0
FPS-0525,2025-08,WHEAT,200,12,KHARIF,8,2025,204,0.025,1.08,0
FPS-0526,2025-08,RICE,206,16,KHARIF,8,2025,205,-0.044,1.08,0
FPS-0526,2025-08,WHEAT,200,16,KHARIF,8,2025,195,0.078,1.08,0
FPS-0527,2025-08,RICE,206,17,KHARIF,8,2025,212,0.045,1.08,0
FPS-0527,2025-08,WHEAT,200,17,KHARIF,8,2025,197,0.038,1.08,0
FPS-0528,2025-08,RICE,241,17,KHARIF,8,2025,253,0.06,1.08,0
FPS-0528,2025-08,WHEAT,200,17,KHARIF,8,2025,200,-0.041,1.08,0
FPS-0529,2025-08,RICE,326,25,KHARIF,8,2025,325,0.065,1.08,0
FPS-0529,2025-08,WHEAT,203,25,KHARIF,8,2025,211,-0.046,1.08,0
FPS-0530,2025-08,RICE,249,17,KHARIF,8,2025,231,0.069,1.08,0
FPS-0530,2025-08,WHEAT,200,17,KHARIF,8,2025,197,-0.045,1.08,0
FPS-0531,2025-08,RICE,213,19,KHARIF,8,2025,205,0.042,1.08,0
FPS-0531,2025-08,WHEAT,200,19,KHARIF,8,2025,195,0.069,1.08,0
FPS-0532,2025-08,RICE,200,14,KHARIF,8,2025,186,-0.008,1.08,0
FPS-0532,2025-08,WHEAT,200,14,KHARIF,8,2025,204,0.057,1.08,0
FPS-0533,2025-08,RICE,256,20,KHARIF,8,2025,264,0.078,1.08,0
FPS-0533,2025-08,WHEAT,200,20,KHARIF,8,2025,192,-0.013,1.08,0
FPS-0534,2025-08,RICE,200,11,KHARIF,8,2025,211,0.065,1.08,0
FPS-0534,2025-08,WHEAT,200,11,KHARIF,8,2025,192,-0.023,1.08,0
FPS-0535,2025-08,RICE,275,22,KHARIF,8,2025,277,0.049,1.08,0
FPS-0535,2025-08,WHEAT,210,22,KHARIF,8,2025,207,0.064,1.08,0
FPS-0536,2025-08,RICE,200,15,KHARIF,8,2025,208,0.063,1.08,0
FPS-0536,2025-08,WHEAT,200,15,KHARIF,8,2025,211,0.001,1.08,0
FPS-0537,2025-08,RICE,200,11,KHARIF,8,2025,203,0.012,1.08,0
FPS-0537,2025-08,WHEAT,200,11,KHARIF,8,2025,194,-0.049,1.08,0
FPS-0538,2025-08,RICE,200,11,KHARIF,8,2025,203,0.051,1.08,0
FPS-0538,2025-08,WHEAT,200,11,KHARIF,8,2025,196,0.037,1.08,0
FPS-0539,2025-08,RICE,248,17,KHARIF,8,2025,249,0.032,1.08,0
FPS-0539,2025-08,WHEAT,200,17,KHARIF,8,2025,192,0.006,1.08,0
FPS-0540,2025-08,RICE,140,8,KHARIF,8,2025,184,0.014,1.08,1
FPS-0540,2025-08,WHEAT,200,8,KHARIF,8,2025,203,0.077,1.08,0
FPS-0541,2025-08,RICE,200,15,KHARIF,8,2025,200,0.048,1.08,0
FPS-0541,2025-08,WHEAT,200,15,KHARIF,8,2025,200,-0.005,1.08,0
FPS-0542,2025-08,RICE,200,13,KHARIF,8,2025,186,0.066,1.08,0
FPS-0542,2025-08,WHEAT,200,13,KHARIF,8,2025,189,0.005,1.08,0
FPS-0543,2025-08,RICE,200,13,KHARIF,8,2025,197,0.055,1.08,0
FPS-0543,2025-08,WHEAT,200,13,KHARIF,8,2025,201,-0.02,1.08,0
FPS-0544,2025-08,RICE,212,19,KHARIF,8,2025,213,0.076,1.08,0
FPS-0544,2025-08,WHEAT,140,19,KHARIF,8,2025,201,0.04,1.08,1
FPS-0545,2025-08,RICE,200,9,KHARIF,8,2025,187,-0.026,1.08,0
FPS-0545,2025-08,WHEAT,200,9,KHARIF,8,2025,201,-0.003,1.08,0
FPS-0546,2025-08,RICE,303,20,KHARIF,8,2025,304,0.005,1.08,0
FPS-0546,2025-08,WHEAT,221,20,KHARIF,8,2025,211,0.029,1.08,0
FPS-0547,2025-08,RICE,200,11,KHARIF,8,2025,208,0.003,1.08,0
FPS-0547,2025-08,WHEAT,200,11,KHARIF,8,2025,189,0.027,1.08,0
FPS-0548,2025-08,RICE,221,16,KHARIF,8,2025,211,0.032,1.08,0
FPS-0548,2025-08,WHEAT,200,16,KHARIF,8,2025,185,0.002,1.08,0
FPS-0549,2025-08,RICE,275,23,KHARIF,8,2025,284,0.028,1.08,0
FPS-0549,2025-08,WHEAT,200,23,KHARIF,8,2025,188,-0.01,1.08,0
FPS-0550,2025-08,RICE,200,10,KHARIF,8,2025,184,-0.049,1.08,0
FPS-0550,2025-08,WHEAT,200,10,KHARIF,8,2025,194,-0.027,1.08,0
FPS-0551,2025-08,RICE,200,18,KHARIF,8,2025,206,0.012,1.08,0
FPS-0551,2025-08,WHEAT,200,18,KHARIF,8,2025,206,0.051,1.08,0
FPS-0552,2025-08,RICE,200,13,KHARIF,8,2025,202,-0.001,1.08,0
FPS-0552,2025-08,WHEAT,200,13,KHARIF,8,2025,203,0.043,1.08,0
FPS-0553,2025-08,RICE,313,23,KHARIF,8,2025,291,0.059,1.08,0
FPS-0553,2025-08,WHEAT,225,23,KHARIF,8,2025,215,0.051,1.08,0
FPS-0554,2025-08,RICE,200,10,KHARIF,8,2025,189,0.017,1.08,0
FPS-0554,2025-08,WHEAT,200,10,KHARIF,8,2025,208,0.029,1.08,0
FPS-0555,2025-08,RICE,318,23,KHARIF,8,2025,310,0.074,1.08,0
FPS-0555,2025-08,WHEAT,207,23,KHARIF,8,2025,190,0.02,1.08,0
FPS-0556,2025-08,RICE,261,20,KHARIF,8,2025,264,0.043,1.08,0
FPS-0556,2025-08,WHEAT,200,20,KHARIF,8,2025,187,0.007,1.08,0
FPS-0557,2025-08,RICE,264,19,KHARIF,8,2025,252,0.026,1.08,0
FPS-0557,2025-08,WHEAT,200,19,KHARIF,8,2025,209,-0.049,1.08,0
FPS-0558,2025-08,RICE,327,21,KHARIF,8,2025,338,0.009,1.08,0
FPS-0558,2025-08,WHEAT,161,21,KHARIF,8,2025,232,0.047,1.08,1
FPS-0559,2025-08,RICE,203,18,KHARIF,8,2025,201,-0.043,1.08,0
FPS-0559,2025-08,WHEAT,200,18,KHARIF,8,2025,190,0.033,1.08,0
FPS-0560,2025-08,RICE,285,21,KHARIF,8,2025,278,-0.012,1.08,0
FPS-0560,2025-08,WHEAT,232,21,KHARIF,8,2025,223,0.08,1.08,0
FPS-0561,2025-08,RICE,200,13,KHARIF,8,2025,197,0.035,1.08,0
FPS-0561,2025-08,WHEAT,200,13,KHARIF,8,2025,202,-0.013,1.08,0
FPS-0562,2025-08,RICE,308,20,KHARIF,8,2025,314,0.024,1.08,0
FPS-0562,2025-08,WHEAT,217,20,KHARIF,8,2025,219,-0.004,1.08,0
FPS-0563,2025-08,RICE,374,30,KHARIF,8,2025,346,0.022,1.08,0
FPS-0563,2025-08,WHEAT,264,30,KHARIF,8,2025,277,0.025,1.08,0
FPS-0564,2025-08,RICE,200,14,KHARIF,8,2025,211,0.021,1.08,0
FPS-0564,2025-08,WHEAT,200,14,KHARIF,8,2025,207,0.027,1.08,0
FPS-0565,2025-08,RICE,225,19,KHARIF,8,2025,224,0.04,1.08,0
FPS-0565,2025-08,WHEAT,200,19,KHARIF,8,2025,201,0.002,1.08,0
FPS-0566,2025-08,RICE,200,16,KHARIF,8,2025,187,0.002,1.08,0
FPS-0566,2025-08,WHEAT,200,16,KHARIF,8,2025,206,0.067,1.08,0
FPS-0567,2025-08,RICE,200,12,KHARIF,8,2025,192,-0.027,1.08,0
FPS-0567,2025-08,WHEAT,200,12,KHARIF,8,2025,203,0.047,1.08,0
FPS-0568,2025-08,RICE,295,20,KHARIF,8,2025,279,-0.021,1.08,0
FPS-0568,2025-08,WHEAT,204,20,KHARIF,8,2025,192,-0.033,1.08,0
FPS-0569,2025-08,RICE,280,22,KHARIF,8,2025,272,-0.012,1.08,0
FPS-0569,2025-08,WHEAT,205,22,KHARIF,8,2025,213,0.028,1.08,0
FPS-0570,2025-08,RICE,200,8,KHARIF,8,2025,188,-0.026,1.08,0
FPS-0570,2025-08,WHEAT,200,8,KHARIF,8,2025,207,0.002,1.08,0
FPS-0571,2025-08,RICE,206,16,KHARIF,8,2025,207,0.061,1.08,0
FPS-0571,2025-08,WHEAT,200,16,KHARIF,8,2025,186,-0.034,1.08,0
FPS-0572,2025-08,RICE,308,22,KHARIF,8,2025,283,0.05,1.08,0
FPS-0572,2025-08,WHEAT,222,22,KHARIF,8,2025,233,0.065,1.08,0
FPS-0573,2025-08,RICE,200,13,KHARIF,8,2025,192,-0.039,1.08,0
FPS-0573,2025-08,WHEAT,200,13,KHARIF,8,2025,185,0.05,1.08,0
FPS-0574,2025-08,RICE,261,20,KHARIF,8,2025,254,0.049,1.08,0
FPS-0574,2025-08,WHEAT,140,20,KHARIF,8,2025,206,-0.015,1.08,1
FPS-0575,2025-08,RICE,323,25,KHARIF,8,2025,299,0.023,1.08,0
FPS-0575,2025-08,WHEAT,253,25,KHARIF,8,2025,243,0.043,1.08,0
FPS-0576,2025-08,RICE,200,13,KHARIF,8,2025,190,0.07,1.08,0
FPS-0576,2025-08,WHEAT,200,13,KHARIF,8,2025,202,0.013,1.08,0
FPS-0577,2025-08,RICE,200,15,KHARIF,8,2025,210,-0.034,1.08,0
FPS-0577,2025-08,WHEAT,200,15,KHARIF,8,2025,203,0.052,1.08,0
FPS-0578,2025-08,RICE,200,11,KHARIF,8,2025,192,0.002,1.08,0
FPS-0578,2025-08,WHEAT,200,11,KHARIF,8,2025,209,0.021,1.08,0
FPS-0579,2025-08,RICE,200,15,KHARIF,8,2025,201,-0.021,1.08,0
FPS-0579,2025-08,WHEAT,200,15,KHARIF,8,2025,189,-0.044,1.08,0
FPS-0580,2025-08,RICE,261,22,KHARIF,8,2025,269,0.027,1.08,0
FPS-0580,2025-08,WHEAT,140,22,KHARIF,8,2025,209,0.042,1.08,1
FPS-0581,2025-08,RICE,210,19,KHARIF,8,2025,198,0.022,1.08,0
FPS-0581,2025-08,WHEAT,140,19,KHARIF,8,2025,199,0.034,1.08,1
FPS-0582,2025-08,RICE,200,7,KHARIF,8,2025,203,0.079,1.08,0
FPS-0582,2025-08,WHEAT,200,7,KHARIF,8,2025,201,-0.037,1.08,0
FPS-0583,2025-08,RICE,200,12,KHARIF,8,2025,186,0.015,1.08,0
FPS-0583,2025-08,WHEAT,200,12,KHARIF,8,2025,189,0.078,1.08,0
FPS-0584,2025-08,RICE,200,10,KHARIF,8,2025,193,-0.001,1.08,0
FPS-0584,2025-08,WHEAT,200,10,KHARIF,8,2025,194,0.07,1.08,0
FPS-0585,2025-08,RICE,200,15,KHARIF,8,2025,201,0.056,1.08,0
FPS-0585,2025-08,WHEAT,200,15,KHARIF,8,2025,186,-0.032,1.08,0
FPS-0586,2025-08,RICE,200,15,KHARIF,8,2025,188,0.041,1.08,0
FPS-0586,2025-08,WHEAT,200,15,KHARIF,8,2025,211,-0.028,1.08,0
FPS-0587,2025-08,RICE,254,17,KHARIF,8,2025,256,0.054,1.08,0
FPS-0587,2025-08,WHEAT,200,17,KHARIF,8,2025,193,0.062,1.08,0
FPS-0588,2025-08,RICE,229,19,KHARIF,8,2025,223,-0.031,1.08,0
FPS-0588,2025-08,WHEAT,200,19,KHARIF,8,2025,210,-0.025,1.08,0
FPS-0589,2025-08,RICE,200,13,KHARIF,8,2025,194,0.001,1.08,0
FPS-0589,2025-08,WHEAT,200,13,KHARIF,8,2025,185,0.048,1.08,0
FPS-0590,2025-08,RICE,200,14,KHARIF,8,2025,184,0.016,1.08,0
FPS-0590,2025-08,WHEAT,200,14,KHARIF,8,2025,211,-0.016,1.08,0
FPS-0591,2025-08,RICE,200,15,KHARIF,8,2025,209,0.054,1.08,0
FPS-0591,2025-08,WHEAT,200,15,KHARIF,8,2025,202,0.063,1.08,0
FPS-0592,2025-08,RICE,225,18,KHARIF,8,2025,231,0.036,1.08,0
FPS-0592,2025-08,WHEAT,200,18,KHARIF,8,2025,209,0.051,1.08,0
FPS-0593,2025-08,RICE,341,27,KHARIF,8,2025,349,0.041,1.08,0
FPS-0593,2025-08,WHEAT,244,27,KHARIF,8,2025,245,0.023,1.08,0
FPS-0594,2025-08,RICE,229,16,KHARIF,8,2025,216,0.025,1.08,0
FPS-0594,2025-08,WHEAT,200,16,KHARIF,8,2025,196,0.056,1.08,0
FPS-0595,2025-08,RICE,200,15,KHARIF,8,2025,200,0.023,1.08,0
FPS-0595,2025-08,WHEAT,200,15,KHARIF,8,2025,187,-0.03,1.08,0
FPS-0596,2025-08,RICE,200,15,KHARIF,8,2025,204,0.01,1.08,0
FPS-0596,2025-08,WHEAT,200,15,KHARIF,8,2025,210,0.077,1.08,0
FPS-0597,2025-08,RICE,456,26,KHARIF,8,2025,437,0.038,1.08,0
FPS-0597,2025-08,WHEAT,338,26,KHARIF,8,2025,317,0.035,1.08,0
FPS-0598,2025-08,RICE,298,16,KHARIF,8,2025,286,0.079,1.08,0
FPS-0598,2025-08,WHEAT,209,16,KHARIF,8,2025,201,0.059,1.08,0
FPS-0599,2025-08,RICE,200,15,KHARIF,8,2025,197,-0.043,1.08,0
FPS-0599,2025-08,WHEAT,200,15,KHARIF,8,2025,203,-0.027,1.08,0
FPS-0600,2025-08,RICE,200,13,KHARIF,8,2025,202,0.02,1.08,0
FPS-0600,2025-08,WHEAT,200,13,KHARIF,8,2025,202,-0.025,1.08,0
FPS-0001,2025-09,RICE,331,22,KHARIF,9,2025,313,0.004,1.08,0
FPS-0001,2025-09,WHEAT,247,22,KHARIF,9,2025,259,0.056,1.08,0
FPS-0002,2025-09,RICE,200,13,KHARIF,9,2025,186,-0.016,1.08,0
FPS-0002,2025-09,WHEAT,200,13,KHARIF,9,2025,211,0.034,1.08,0
FPS-0003,2025-09,RICE,315,25,KHARIF,9,2025,301,0.002,1.08,0
FPS-0003,2025-09,WHEAT,219,25,KHARIF,9,2025,217,-0.043,1.08,0
FPS-0004,2025-09,RICE,200,13,KHARIF,9,2025,198,-0.013,1.08,0
FPS-0004,2025-09,WHEAT,200,13,KHARIF,9,2025,195,0.013,1.08,0
FPS-0005,2025-09,RICE,249,18,KHARIF,9,2025,254,0.064,1.08,0
FPS-0005,2025-09,WHEAT,200,18,KHARIF,9,2025,206,0.027,1.08,0
FPS-0006,2025-09,RICE,320,20,KHARIF,9,2025,320,0.021,1.08,0
FPS-0006,2025-09,WHEAT,224,20,KHARIF,9,2025,207,0.017,1.08,0
FPS-0007,2025-09,RICE,200,11,KHARIF,9,2025,208,0.041,1.08,0
FPS-0007,2025-09,WHEAT,200,11,KHARIF,9,2025,193,0.004,1.08,0
FPS-0008,2025-09,RICE,227,17,KHARIF,9,2025,212,0.063,1.08,0
FPS-0008,2025-09,WHEAT,200,17,KHARIF,9,2025,188,-0.027,1.08,0
FPS-0009,2025-09,RICE,200,13,KHARIF,9,2025,204,0.005,1.08,0
FPS-0009,2025-09,WHEAT,200,13,KHARIF,9,2025,189,0.006,1.08,0
FPS-0010,2025-09,RICE,264,17,KHARIF,9,2025,259,-0.031,1.08,0
FPS-0010,2025-09,WHEAT,207,17,KHARIF,9,2025,215,0.065,1.08,0
FPS-0011,2025-09,RICE,200,14,KHARIF,9,2025,203,-0.014,1.08,0
FPS-0011,2025-09,WHEAT,140,14,KHARIF,9,2025,210,-0.005,1.08,1
FPS-0012,2025-09,RICE,271,20,KHARIF,9,2025,262,0.005,1.08,0
FPS-0012,2025-09,WHEAT,200,20,KHARIF,9,2025,199,-0.014,1.08,0
FPS-0013,2025-09,RICE,245,17,KHARIF,9,2025,235,-0.02,1.08,0
FPS-0013,2025-09,WHEAT,200,17,KHARIF,9,2025,185,0.011,1.08,0
FPS-0014,2025-09,RICE,200,11,KHARIF,9,2025,184,0.019,1.08,0
FPS-0014,2025-09,WHEAT,200,11,KHARIF,9,2025,195,0.026,1.08,0
FPS-0015,2025-09,RICE,200,14,KHARIF,9,2025,185,-0.033,1.08,0
FPS-0015,2025-09,WHEAT,200,14,KHARIF,9,2025,207,0.06,1.08,0
FPS-0016,2025-09,RICE,238,20,KHARIF,9,2025,233,-0.028,1.08,0
FPS-0016,2025-09,WHEAT,200,20,KHARIF,9,2025,185,0.067,1.08,0
FPS-0017,2025-09,RICE,200,15,KHARIF,9,2025,209,0.05,1.08,0
FPS-0017,2025-09,WHEAT,200,15,KHARIF,9,2025,196,-0.008,1.08,0
FPS-0018,2025-09,RICE,313,24,KHARIF,9,2025,302,0.016,1.08,0
FPS-0018,2025-09,WHEAT,242,24,KHARIF,9,2025,227,0.072,1.08,0
FPS-0019,2025-09,RICE,257,18,KHARIF,9,2025,250,-0.047,1.08,0
FPS-0019,2025-09,WHEAT,200,18,KHARIF,9,2025,209,0.05,1.08,0
FPS-0020,2025-09,RICE,207,15,KHARIF,9,2025,191,0.05,1.08,0
FPS-0020,2025-09,WHEAT,200,15,KHARIF,9,2025,206,-0.008,1.08,0
FPS-0021,2025-09,RICE,331,26,KHARIF,9,2025,317,-0.042,1.08,0
FPS-0021,2025-09,WHEAT,248,26,KHARIF,9,2025,261,-0.043,1.08,0
FPS-0022,2025-09,RICE,200,15,KHARIF,9,2025,210,-0.034,1.08,0
FPS-0022,2025-09,WHEAT,200,15,KHARIF,9,2025,211,0.029,1.08,0
FPS-0023,2025-09,RICE,203,16,KHARIF,9,2025,212,-0.004,1.08,0
FPS-0023,2025-09,WHEAT,200,16,KHARIF,9,2025,189,0.069,1.08,0
FPS-0024,2025-09,RICE,201,18,KHARIF,9,2025,196,0.024,1.08,0
FPS-0024,2025-09,WHEAT,200,18,KHARIF,9,2025,211,0.012,1.08,0
FPS-0025,2025-09,RICE,309,19,KHARIF,9,2025,305,0.045,1.08,0
FPS-0025,2025-09,WHEAT,208,19,KHARIF,9,2025,196,-0.035,1.08,0
FPS-0026,2025-09,RICE,223,16,KHARIF,9,2025,213,0.08,1.08,0
FPS-0026,2025-09,WHEAT,200,16,KHARIF,9,2025,208,-0.036,1.08,0
FPS-0027,2025-09,RICE,200,15,KHARIF,9,2025,191,0.037,1.08,0
FPS-0027,2025-09,WHEAT,200,15,KHARIF,9,2025,197,0.032,1.08,0
FPS-0028,2025-09,RICE,200,12,KHARIF,9,2025,204,-0.035,1.08,0
FPS-0028,2025-09,WHEAT,200,12,KHARIF,9,2025,202,0.079,1.08,0
FPS-0029,2025-09,RICE,280,21,KHARIF,9,2025,263,0.038,1.08,0
FPS-0029,2025-09,WHEAT,206,21,KHARIF,9,2025,201,0.035,1.08,0
FPS-0030,2025-09,RICE,200,10,KHARIF,9,2025,196,-0.015,1.08,0
FPS-0030,2025-09,WHEAT,200,10,KHARIF,9,2025,188,-0.037,1.08,0
FPS-0031,2025-09,RICE,200,13,KHARIF,9,2025,189,0.046,1.08,0
FPS-0031,2025-09,WHEAT,200,13,KHARIF,9,2025,205,-0.019,1.08,0
FPS-0032,2025-09,RICE,239,17,KHARIF,9,2025,247,0.07,1.08,0
FPS-0032,2025-09,WHEAT,200,17,KHARIF,9,2025,196,0.022,1.08,0
FPS-0033,2025-09,RICE,255,14,KHARIF,9,2025,238,0.079,1.08,0
FPS-0033,2025-09,WHEAT,200,14,KHARIF,9,2025,189,0.029,1.08,0
FPS-0034,2025-09,RICE,278,18,KHARIF,9,2025,290,0.078,1.08,0
FPS-0034,2025-09,WHEAT,200,18,KHARIF,9,2025,209,-0.024,1.08,0
FPS-0035,2025-09,RICE,274,18,KHARIF,9,2025,288,0.052,1.08,0
FPS-0035,2025-09,WHEAT,200,18,KHARIF,9,2025,193,0.039,1.08,0
FPS-0036,2025-09,RICE,270,23,KHARIF,9,2025,267,-0.013,1.08,0
FPS-0036,2025-09,WHEAT,200,23,KHARIF,9,2025,196,-0.01,1.08,0
FPS-0037,2025-09,RICE,277,20,KHARIF,9,2025,274,0.075,1.08,0
FPS-0037,2025-09,WHEAT,200,20,KHARIF,9,2025,200,0.065,1.08,0
FPS-0038,2025-09,RICE,291,20,KHARIF,9,2025,270,0.047,1.08,0
FPS-0038,2025-09,WHEAT,200,20,KHARIF,9,2025,197,-0.032,1.08,0
FPS-0039,2025-09,RICE,257,20,KHARIF,9,2025,269,0.014,1.08,0
FPS-0039,2025-09,WHEAT,200,20,KHARIF,9,2025,198,0.07,1.08,0
FPS-0040,2025-09,RICE,200,12,KHARIF,9,2025,211,-0.008,1.08,0
FPS-0040,2025-09,WHEAT,200,12,KHARIF,9,2025,204,0.062,1.08,0
FPS-0041,2025-09,RICE,200,13,KHARIF,9,2025,195,0.071,1.08,0
FPS-0041,2025-09,WHEAT,140,13,KHARIF,9,2025,185,-0.047,1.08,1
FPS-0042,2025-09,RICE,222,18,KHARIF,9,2025,223,0.048,1.08,0
FPS-0042,2025-09,WHEAT,200,18,KHARIF,9,2025,196,0.034,1.08,0
FPS-0043,2025-09,RICE,200,17,KHARIF,9,2025,209,-0.019,1.08,0
FPS-0043,2025-09,WHEAT,200,17,KHARIF,9,2025,204,0.061,1.08,0
FPS-0044,2025-09,RICE,200,15,KHARIF,9,2025,202,0.042,1.08,0
FPS-0044,2025-09,WHEAT,200,15,KHARIF,9,2025,207,-0.036,1.08,0
FPS-0045,2025-09,RICE,264,21,KHARIF,9,2025,270,0.037,1.08,0
FPS-0045,2025-09,WHEAT,140,21,KHARIF,9,2025,188,-0.001,1.08,1
FPS-0046,2025-09,RICE,200,13,KHARIF,9,2025,189,-0.016,1.08,0
FPS-0046,2025-09,WHEAT,200,13,KHARIF,9,2025,190,0.046,1.08,0
FPS-0047,2025-09,RICE,278,21,KHARIF,9,2025,259,0.002,1.08,0
FPS-0047,2025-09,WHEAT,205,21,KHARIF,9,2025,211,0.012,1.08,0
FPS-0048,2025-09,RICE,200,12,KHARIF,9,2025,207,0.06,1.08,0
FPS-0048,2025-09,WHEAT,200,12,KHARIF,9,2025,199,0.044,1.08,0
FPS-0049,2025-09,RICE,241,17,KHARIF,9,2025,227,0.059,1.08,0
FPS-0049,2025-09,WHEAT,200,17,KHARIF,9,2025,200,0.023,1.08,0
FPS-0050,2025-09,RICE,346,23,KHARIF,9,2025,336,0.066,1.08,0
FPS-0050,2025-09,WHEAT,241,23,KHARIF,9,2025,234,0.014,1.08,0
FPS-0051,2025-09,RICE,265,19,KHARIF,9,2025,251,0.075,1.08,0
FPS-0051,2025-09,WHEAT,200,19,KHARIF,9,2025,194,-0.012,1.08,0
FPS-0052,2025-09,RICE,289,19,KHARIF,9,2025,269,0.015,1.08,0
FPS-0052,2025-09,WHEAT,201,19,KHARIF,9,2025,205,0.047,1.08,0
FPS-0053,2025-09,RICE,222,17,KHARIF,9,2025,229,0.064,1.08,0
FPS-0053,2025-09,WHEAT,200,17,KHARIF,9,2025,205,0.014,1.08,0
FPS-0054,2025-09,RICE,204,14,KHARIF,9,2025,199,0.072,1.08,0
FPS-0054,2025-09,WHEAT,200,14,KHARIF,9,2025,207,0.043,1.08,0
FPS-0055,2025-09,RICE,256,20,KHARIF,9,2025,267,-0.033,1.08,0
FPS-0055,2025-09,WHEAT,210,20,KHARIF,9,2025,199,0.064,1.08,0
FPS-0056,2025-09,RICE,211,19,KHARIF,9,2025,219,-0.028,1.08,0
FPS-0056,2025-09,WHEAT,200,19,KHARIF,9,2025,205,-0.002,1.08,0
FPS-0057,2025-09,RICE,268,18,KHARIF,9,2025,275,0.052,1.08,0
FPS-0057,2025-09,WHEAT,200,18,KHARIF,9,2025,186,0.042,1.08,0
FPS-0058,2025-09,RICE,250,19,KHARIF,9,2025,254,0.055,1.08,0
FPS-0058,2025-09,WHEAT,200,19,KHARIF,9,2025,196,-0.023,1.08,0
FPS-0059,2025-09,RICE,222,17,KHARIF,9,2025,234,0.007,1.08,0
FPS-0059,2025-09,WHEAT,200,17,KHARIF,9,2025,207,0.032,1.08,0
FPS-0060,2025-09,RICE,260,22,KHARIF,9,2025,273,0.053,1.08,0
FPS-0060,2025-09,WHEAT,200,22,KHARIF,9,2025,210,-0.035,1.08,0
FPS-0061,2025-09,RICE,203,15,KHARIF,9,2025,202,0.068,1.08,0
FPS-0061,2025-09,WHEAT,200,15,KHARIF,9,2025,196,0.047,1.08,0
FPS-0062,2025-09,RICE,200,12,KHARIF,9,2025,193,-0.028,1.08,0
FPS-0062,2025-09,WHEAT,200,12,KHARIF,9,2025,207,0.031,1.08,0
FPS-0063,2025-09,RICE,250,20,KHARIF,9,2025,248,-0.047,1.08,0
FPS-0063,2025-09,WHEAT,203,20,KHARIF,9,2025,193,0.042,1.08,0
FPS-0064,2025-09,RICE,200,15,KHARIF,9,2025,190,0.068,1.08,0
FPS-0064,2025-09,WHEAT,200,15,KHARIF,9,2025,200,0.062,1.08,0
FPS-0065,2025-09,RICE,200,16,KHARIF,9,2025,211,-0.019,1.08,0
FPS-0065,2025-09,WHEAT,200,16,KHARIF,9,2025,206,-0.006,1.08,0
FPS-0066,2025-09,RICE,220,17,KHARIF,9,2025,215,-0.003,1.08,0
FPS-0066,2025-09,WHEAT,200,17,KHARIF,9,2025,186,-0.05,1.08,0
FPS-0067,2025-09,RICE,200,13,KHARIF,9,2025,187,0.035,1.08,0
FPS-0067,2025-09,WHEAT,200,13,KHARIF,9,2025,208,-0.003,1.08,0
FPS-0068,2025-09,RICE,232,20,KHARIF,9,2025,220,0.06,1.08,0
FPS-0068,2025-09,WHEAT,200,20,KHARIF,9,2025,206,0.062,1.08,0
FPS-0069,2025-09,RICE,200,16,KHARIF,9,2025,201,-0.03,1.08,0
FPS-0069,2025-09,WHEAT,200,16,KHARIF,9,2025,211,0.066,1.08,0
FPS-0070,2025-09,RICE,218,16,KHARIF,9,2025,205,-0.001,1.08,0
FPS-0070,2025-09,WHEAT,200,16,KHARIF,9,2025,205,0.071,1.08,0
FPS-0071,2025-09,RICE,200,15,KHARIF,9,2025,205,0.049,1.08,0
FPS-0071,2025-09,WHEAT,200,15,KHARIF,9,2025,209,0.064,1.08,0
FPS-0072,2025-09,RICE,283,22,KHARIF,9,2025,264,-0.036,1.08,0
FPS-0072,2025-09,WHEAT,212,22,KHARIF,9,2025,197,0.016,1.08,0
FPS-0073,2025-09,RICE,297,21,KHARIF,9,2025,312,0.063,1.08,0
FPS-0073,2025-09,WHEAT,200,21,KHARIF,9,2025,206,-0.006,1.08,0
FPS-0074,2025-09,RICE,200,11,KHARIF,9,2025,206,0.021,1.08,0
FPS-0074,2025-09,WHEAT,200,11,KHARIF,9,2025,195,0.052,1.08,0
FPS-0075,2025-09,RICE,284,21,KHARIF,9,2025,262,0.05,1.08,0
FPS-0075,2025-09,WHEAT,200,21,KHARIF,9,2025,190,-0.015,1.08,0
FPS-0076,2025-09,RICE,320,19,KHARIF,9,2025,303,0.043,1.08,0
FPS-0076,2025-09,WHEAT,250,19,KHARIF,9,2025,230,0.064,1.08,0
FPS-0077,2025-09,RICE,140,15,KHARIF,9,2025,185,0.014,1.08,1
FPS-0077,2025-09,WHEAT,200,15,KHARIF,9,2025,192,-0.027,1.08,0
FPS-0078,2025-09,RICE,234,20,KHARIF,9,2025,220,-0.036,1.08,0
FPS-0078,2025-09,WHEAT,200,20,KHARIF,9,2025,201,0.07,1.08,0
FPS-0079,2025-09,RICE,200,11,KHARIF,9,2025,197,0.048,1.08,0
FPS-0079,2025-09,WHEAT,200,11,KHARIF,9,2025,209,0.065,1.08,0
FPS-0080,2025-09,RICE,217,15,KHARIF,9,2025,210,0.019,1.08,0
FPS-0080,2025-09,WHEAT,200,15,KHARIF,9,2025,190,0.045,1.08,0
FPS-0081,2025-09,RICE,240,21,KHARIF,9,2025,253,-0.026,1.08,0
FPS-0081,2025-09,WHEAT,200,21,KHARIF,9,2025,202,0.022,1.08,0
FPS-0082,2025-09,RICE,257,22,KHARIF,9,2025,265,0.036,1.08,0
FPS-0082,2025-09,WHEAT,200,22,KHARIF,9,2025,188,0.071,1.08,0
FPS-0083,2025-09,RICE,245,18,KHARIF,9,2025,249,-0.049,1.08,0
FPS-0083,2025-09,WHEAT,204,18,KHARIF,9,2025,210,0.053,1.08,0
FPS-0084,2025-09,RICE,292,20,KHARIF,9,2025,290,-0.016,1.08,0
FPS-0084,2025-09,WHEAT,211,20,KHARIF,9,2025,221,-0.018,1.08,0
FPS-0085,2025-09,RICE,200,14,KHARIF,9,2025,185,-0.012,1.08,0
FPS-0085,2025-09,WHEAT,200,14,KHARIF,9,2025,184,0.006,1.08,0
FPS-0086,2025-09,RICE,213,14,KHARIF,9,2025,217,0.075,1.08,0
FPS-0086,2025-09,WHEAT,200,14,KHARIF,9,2025,204,0.075,1.08,0
FPS-0087,2025-09,RICE,200,13,KHARIF,9,2025,205,-0.003,1.08,0
FPS-0087,2025-09,WHEAT,200,13,KHARIF,9,2025,202,-0.038,1.08,0
FPS-0088,2025-09,RICE,222,15,KHARIF,9,2025,214,0.025,1.08,0
FPS-0088,2025-09,WHEAT,200,15,KHARIF,9,2025,189,0.017,1.08,0
FPS-0089,2025-09,RICE,264,18,KHARIF,9,2025,269,0.039,1.08,0
FPS-0089,2025-09,WHEAT,200,18,KHARIF,9,2025,206,0.004,1.08,0
FPS-0090,2025-09,RICE,221,15,KHARIF,9,2025,216,-0.002,1.08,0
FPS-0090,2025-09,WHEAT,200,15,KHARIF,9,2025,207,0.046,1.08,0
FPS-0091,2025-09,RICE,200,18,KHARIF,9,2025,184,-0.037,1.08,0
FPS-0091,2025-09,WHEAT,200,18,KHARIF,9,2025,211,0.008,1.08,0
FPS-0092,2025-09,RICE,276,21,KHARIF,9,2025,287,-0.04,1.08,0
FPS-0092,2025-09,WHEAT,200,21,KHARIF,9,2025,189,-0.039,1.08,0
FPS-0093,2025-09,RICE,285,24,KHARIF,9,2025,292,-0.049,1.08,0
FPS-0093,2025-09,WHEAT,216,24,KHARIF,9,2025,222,-0.008,1.08,0
FPS-0094,2025-09,RICE,281,19,KHARIF,9,2025,267,-0.003,1.08,0
FPS-0094,2025-09,WHEAT,215,19,KHARIF,9,2025,216,0.061,1.08,0
FPS-0095,2025-09,RICE,284,26,KHARIF,9,2025,288,-0.04,1.08,0
FPS-0095,2025-09,WHEAT,233,26,KHARIF,9,2025,223,0.027,1.08,0
FPS-0096,2025-09,RICE,200,13,KHARIF,9,2025,185,-0.02,1.08,0
FPS-0096,2025-09,WHEAT,200,13,KHARIF,9,2025,196,-0.034,1.08,0
FPS-0097,2025-09,RICE,301,20,KHARIF,9,2025,309,0.002,1.08,0
FPS-0097,2025-09,WHEAT,210,20,KHARIF,9,2025,212,-0.036,1.08,0
FPS-0098,2025-09,RICE,275,20,KHARIF,9,2025,288,-0.017,1.08,0
FPS-0098,2025-09,WHEAT,203,20,KHARIF,9,2025,189,0.006,1.08,0
FPS-0099,2025-09,RICE,227,16,KHARIF,9,2025,230,0.072,1.08,0
FPS-0099,2025-09,WHEAT,200,16,KHARIF,9,2025,190,0.019,1.08,0
FPS-0100,2025-09,RICE,200,12,KHARIF,9,2025,200,-0.021,1.08,0
FPS-0100,2025-09,WHEAT,200,12,KHARIF,9,2025,207,0.077,1.08,0
FPS-0101,2025-09,RICE,327,19,KHARIF,9,2025,322,0.066,1.08,0
FPS-0101,2025-09,WHEAT,246,19,KHARIF,9,2025,232,0.058,1.08,0
FPS-0102,2025-09,RICE,200,15,KHARIF,9,2025,184,0.044,1.08,0
FPS-0102,2025-09,WHEAT,200,15,KHARIF,9,2025,191,0.011,1.08,0
FPS-0103,2025-09,RICE,331,23,KHARIF,9,2025,321,0.006,1.08,0
FPS-0103,2025-09,WHEAT,243,23,KHARIF,9,2025,237,0.015,1.08,0
FPS-0104,2025-09,RICE,200,14,KHARIF,9,2025,188,-0.05,1.08,0
FPS-0104,2025-09,WHEAT,200,14,KHARIF,9,2025,184,-0.027,1.08,0
FPS-0105,2025-09,RICE,330,23,KHARIF,9,2025,327,0.003,1.08,0
FPS-0105,2025-09,WHEAT,247,23,KHARIF,9,2025,231,0.042,1.08,0
FPS-0106,2025-09,RICE,200,14,KHARIF,9,2025,197,0.069,1.08,0
FPS-0106,2025-09,WHEAT,200,14,KHARIF,9,2025,198,0.059,1.08,0
FPS-0107,2025-09,RICE,210,18,KHARIF,9,2025,200,0.064,1.08,0
FPS-0107,2025-09,WHEAT,200,18,KHARIF,9,2025,200,0.03,1.08,0
FPS-0108,2025-09,RICE,200,10,KHARIF,9,2025,196,0.043,1.08,0
FPS-0108,2025-09,WHEAT,200,10,KHARIF,9,2025,197,-0.042,1.08,0
FPS-0109,2025-09,RICE,200,14,KHARIF,9,2025,194,0.062,1.08,0
FPS-0109,2025-09,WHEAT,200,14,KHARIF,9,2025,187,0.074,1.08,0
FPS-0110,2025-09,RICE,200,17,KHARIF,9,2025,187,-0.014,1.08,0
FPS-0110,2025-09,WHEAT,140,17,KHARIF,9,2025,184,0.015,1.08,1
FPS-0111,2025-09,RICE,200,13,KHARIF,9,2025,192,-0.039,1.08,0
FPS-0111,2025-09,WHEAT,200,13,KHARIF,9,2025,189,-0.002,1.08,0
FPS-0112,2025-09,RICE,140,14,KHARIF,9,2025,192,0.024,1.08,1
FPS-0112,2025-09,WHEAT,200,14,KHARIF,9,2025,185,0.015,1.08,0
FPS-0113,2025-09,RICE,140,8,KHARIF,9,2025,200,0.018,1.08,1
FPS-0113,2025-09,WHEAT,200,8,KHARIF,9,2025,194,-0.002,1.08,0
FPS-0114,2025-09,RICE,200,15,KHARIF,9,2025,197,-0.039,1.08,0
FPS-0114,2025-09,WHEAT,200,15,KHARIF,9,2025,187,0.001,1.08,0
FPS-0115,2025-09,RICE,200,13,KHARIF,9,2025,186,0.06,1.08,0
FPS-0115,2025-09,WHEAT,200,13,KHARIF,9,2025,191,-0.033,1.08,0
FPS-0116,2025-09,RICE,200,9,KHARIF,9,2025,203,0.051,1.08,0
FPS-0116,2025-09,WHEAT,200,9,KHARIF,9,2025,190,0.038,1.08,0
FPS-0117,2025-09,RICE,200,17,KHARIF,9,2025,192,0.023,1.08,0
FPS-0117,2025-09,WHEAT,200,17,KHARIF,9,2025,197,0.025,1.08,0
FPS-0118,2025-09,RICE,223,19,KHARIF,9,2025,227,0.027,1.08,0
FPS-0118,2025-09,WHEAT,200,19,KHARIF,9,2025,206,0.067,1.08,0
FPS-0119,2025-09,RICE,200,15,KHARIF,9,2025,193,0.055,1.08,0
FPS-0119,2025-09,WHEAT,200,15,KHARIF,9,2025,195,0.047,1.08,0
FPS-0120,2025-09,RICE,204,16,KHARIF,9,2025,191,0.023,1.08,0
FPS-0120,2025-09,WHEAT,200,16,KHARIF,9,2025,189,0.049,1.08,0
FPS-0121,2025-09,RICE,200,15,KHARIF,9,2025,185,0.01,1.08,0
FPS-0121,2025-09,WHEAT,200,15,KHARIF,9,2025,201,0.065,1.08,0
FPS-0122,2025-09,RICE,200,14,KHARIF,9,2025,205,0.023,1.08,0
FPS-0122,2025-09,WHEAT,200,14,KHARIF,9,2025,208,-0.048,1.08,0
FPS-0123,2025-09,RICE,200,14,KHARIF,9,2025,196,0.007,1.08,0
FPS-0123,2025-09,WHEAT,200,14,KHARIF,9,2025,196,0.07,1.08,0
FPS-0124,2025-09,RICE,320,21,KHARIF,9,2025,319,0.071,1.08,0
FPS-0124,2025-09,WHEAT,226,21,KHARIF,9,2025,221,0.044,1.08,0
FPS-0125,2025-09,RICE,200,14,KHARIF,9,2025,190,-0.019,1.08,0
FPS-0125,2025-09,WHEAT,200,14,KHARIF,9,2025,185,-0.004,1.08,0
FPS-0126,2025-09,RICE,200,13,KHARIF,9,2025,184,-0.024,1.08,0
FPS-0126,2025-09,WHEAT,200,13,KHARIF,9,2025,184,0.004,1.08,0
FPS-0127,2025-09,RICE,200,11,KHARIF,9,2025,206,0.026,1.08,0
FPS-0127,2025-09,WHEAT,200,11,KHARIF,9,2025,210,0.017,1.08,0
FPS-0128,2025-09,RICE,200,12,KHARIF,9,2025,192,-0.047,1.08,0
FPS-0128,2025-09,WHEAT,200,12,KHARIF,9,2025,201,0.056,1.08,0
FPS-0129,2025-09,RICE,200,17,KHARIF,9,2025,203,-0.025,1.08,0
FPS-0129,2025-09,WHEAT,200,17,KHARIF,9,2025,209,-0.032,1.08,0
FPS-0130,2025-09,RICE,200,16,KHARIF,9,2025,194,-0.005,1.08,0
FPS-0130,2025-09,WHEAT,200,16,KHARIF,9,2025,211,0.027,1.08,0
FPS-0131,2025-09,RICE,200,15,KHARIF,9,2025,194,-0.023,1.08,0
FPS-0131,2025-09,WHEAT,200,15,KHARIF,9,2025,209,0.001,1.08,0
FPS-0132,2025-09,RICE,301,23,KHARIF,9,2025,279,-0.022,1.08,0
FPS-0132,2025-09,WHEAT,224,23,KHARIF,9,2025,219,0.046,1.08,0
FPS-0133,2025-09,RICE,200,13,KHARIF,9,2025,188,-0.045,1.08,0
FPS-0133,2025-09,WHEAT,200,13,KHARIF,9,2025,188,-0.034,1.08,0
FPS-0134,2025-09,RICE,201,16,KHARIF,9,2025,204,0.004,1.08,0
FPS-0134,2025-09,WHEAT,200,16,KHARIF,9,2025,184,0.018,1.08,0
FPS-0135,2025-09,RICE,200,15,KHARIF,9,2025,201,-0.01,1.08,0
FPS-0135,2025-09,WHEAT,200,15,KHARIF,9,2025,193,0.06,1.08,0
FPS-0136,2025-09,RICE,232,16,KHARIF,9,2025,227,0.02,1.08,0
FPS-0136,2025-09,WHEAT,200,16,KHARIF,9,2025,190,0.028,1.08,0
FPS-0137,2025-09,RICE,200,15,KHARIF,9,2025,204,-0.029,1.08,0
FPS-0137,2025-09,WHEAT,200,15,KHARIF,9,2025,189,-0.018,1.08,0
FPS-0138,2025-09,RICE,323,23,KHARIF,9,2025,317,0.027,1.08,0
FPS-0138,2025-09,WHEAT,229,23,KHARIF,9,2025,214,0.012,1.08,0
FPS-0139,2025-09,RICE,221,17,KHARIF,9,2025,204,0.035,1.08,0
FPS-0139,2025-09,WHEAT,200,17,KHARIF,9,2025,193,0.006,1.08,0
FPS-0140,2025-09,RICE,200,14,KHARIF,9,2025,203,-0.028,1.08,0
FPS-0140,2025-09,WHEAT,200,14,KHARIF,9,2025,198,0.076,1.08,0
FPS-0141,2025-09,RICE,200,9,KHARIF,9,2025,191,0.047,1.08,0
FPS-0141,2025-09,WHEAT,200,9,KHARIF,9,2025,196,0.012,1.08,0
FPS-0142,2025-09,RICE,263,20,KHARIF,9,2025,248,0.05,1.08,0
FPS-0142,2025-09,WHEAT,200,20,KHARIF,9,2025,188,-0.033,1.08,0
FPS-0143,2025-09,RICE,256,22,KHARIF,9,2025,242,-0.008,1.08,0
FPS-0143,2025-09,WHEAT,206,22,KHARIF,9,2025,212,0.049,1.08,0
FPS-0144,2025-09,RICE,279,22,KHARIF,9,2025,266,0.019,1.08,0
FPS-0144,2025-09,WHEAT,212,22,KHARIF,9,2025,204,0.063,1.08,0
FPS-0145,2025-09,RICE,200,15,KHARIF,9,2025,192,-0.007,1.08,0
FPS-0145,2025-09,WHEAT,200,15,KHARIF,9,2025,188,0.08,1.08,0
FPS-0146,2025-09,RICE,200,13,KHARIF,9,2025,199,0.034,1.08,0
FPS-0146,2025-09,WHEAT,200,13,KHARIF,9,2025,184,0.044,1.08,0
FPS-0147,2025-09,RICE,223,20,KHARIF,9,2025,231,-0.02,1.08,0
FPS-0147,2025-09,WHEAT,200,20,KHARIF,9,2025,209,-0.038,1.08,0
FPS-0148,2025-09,RICE,322,25,KHARIF,9,2025,298,0.014,1.08,0
FPS-0148,2025-09,WHEAT,217,25,KHARIF,9,2025,223,-0.013,1.08,0
FPS-0149,2025-09,RICE,358,25,KHARIF,9,2025,356,0.02,1.08,0
FPS-0149,2025-09,WHEAT,239,25,KHARIF,9,2025,235,-0.034,1.08,0
FPS-0150,2025-09,RICE,200,13,KHARIF,9,2025,211,-0.028,1.08,0
FPS-0150,2025-09,WHEAT,200,13,KHARIF,9,2025,184,0.048,1.08,0
FPS-0151,2025-09,RICE,265,22,KHARIF,9,2025,276,-0.049,1.08,0
FPS-0151,2025-09,WHEAT,201,22,KHARIF,9,2025,212,0.072,1.08,0
FPS-0152,2025-09,RICE,220,19,KHARIF,9,2025,215,-0.035,1.08,0
FPS-0152,2025-09,WHEAT,200,19,KHARIF,9,2025,207,0.034,1.08,0
FPS-0153,2025-09,RICE,256,17,KHARIF,9,2025,268,0.022,1.08,0
FPS-0153,2025-09,WHEAT,200,17,KHARIF,9,2025,210,-0.007,1.08,0
FPS-0154,2025-09,RICE,200,18,KHARIF,9,2025,205,0.051,1.08,0
FPS-0154,2025-09,WHEAT,200,18,KHARIF,9,2025,204,0.047,1.08,0
FPS-0155,2025-09,RICE,238,17,KHARIF,9,2025,234,-0.021,1.08,0
FPS-0155,2025-09,WHEAT,200,17,KHARIF,9,2025,201,0.002,1.08,0
FPS-0156,2025-09,RICE,202,14,KHARIF,9,2025,198,0.052,1.08,0
FPS-0156,2025-09,WHEAT,200,14,KHARIF,9,2025,206,0.016,1.08,0
FPS-0157,2025-09,RICE,237,18,KHARIF,9,2025,220,0.065,1.08,0
FPS-0157,2025-09,WHEAT,200,18,KHARIF,9,2025,211,-0.025,1.08,0
FPS-0158,2025-09,RICE,142,16,KHARIF,9,2025,209,-0.006,1.08,1
FPS-0158,2025-09,WHEAT,200,16,KHARIF,9,2025,189,-0.036,1.08,0
FPS-0159,2025-09,RICE,200,16,KHARIF,9,2025,196,-0.005,1.08,0
FPS-0159,2025-09,WHEAT,200,16,KHARIF,9,2025,186,0.009,1.08,0
FPS-0160,2025-09,RICE,200,11,KHARIF,9,2025,202,0.003,1.08,0
FPS-0160,2025-09,WHEAT,200,11,KHARIF,9,2025,196,0.001,1.08,0
FPS-0161,2025-09,RICE,210,23,KHARIF,9,2025,305,0.021,1.08,1
FPS-0161,2025-09,WHEAT,161,23,KHARIF,9,2025,234,0.053,1.08,1
FPS-0162,2025-09,RICE,200,16,KHARIF,9,2025,198,-0.033,1.08,0
FPS-0162,2025-09,WHEAT,200,16,KHARIF,9,2025,203,-0.035,1.08,0
FPS-0163,2025-09,RICE,200,16,KHARIF,9,2025,196,-0.034,1.08,0
FPS-0163,2025-09,WHEAT,200,16,KHARIF,9,2025,200,-0.007,1.08,0
FPS-0164,2025-09,RICE,200,13,KHARIF,9,2025,198,0.048,1.08,0
FPS-0164,2025-09,WHEAT,140,13,KHARIF,9,2025,201,0.057,1.08,1
FPS-0165,2025-09,RICE,200,14,KHARIF,9,2025,197,-0.006,1.08,0
FPS-0165,2025-09,WHEAT,200,14,KHARIF,9,2025,186,-0.049,1.08,0
FPS-0166,2025-09,RICE,233,19,KHARIF,9,2025,230,0.002,1.08,0
FPS-0166,2025-09,WHEAT,200,19,KHARIF,9,2025,201,-0.039,1.08,0
FPS-0167,2025-09,RICE,200,19,KHARIF,9,2025,195,0.007,1.08,0
FPS-0167,2025-09,WHEAT,200,19,KHARIF,9,2025,197,-0.041,1.08,0
FPS-0168,2025-09,RICE,200,11,KHARIF,9,2025,191,-0.001,1.08,0
FPS-0168,2025-09,WHEAT,200,11,KHARIF,9,2025,187,-0.01,1.08,0
FPS-0169,2025-09,RICE,200,17,KHARIF,9,2025,186,-0.04,1.08,0
FPS-0169,2025-09,WHEAT,200,17,KHARIF,9,2025,208,-0.028,1.08,0
FPS-0170,2025-09,RICE,201,19,KHARIF,9,2025,206,-0.046,1.08,0
FPS-0170,2025-09,WHEAT,140,19,KHARIF,9,2025,205,0.019,1.08,1
FPS-0171,2025-09,RICE,200,13,KHARIF,9,2025,201,-0.035,1.08,0
FPS-0171,2025-09,WHEAT,200,13,KHARIF,9,2025,210,0.023,1.08,0
FPS-0172,2025-09,RICE,255,20,KHARIF,9,2025,242,0.062,1.08,0
FPS-0172,2025-09,WHEAT,200,20,KHARIF,9,2025,195,0.024,1.08,0
FPS-0173,2025-09,RICE,231,15,KHARIF,9,2025,234,0.013,1.08,0
FPS-0173,2025-09,WHEAT,200,15,KHARIF,9,2025,203,0.021,1.08,0
FPS-0174,2025-09,RICE,306,23,KHARIF,9,2025,297,0.058,1.08,0
FPS-0174,2025-09,WHEAT,214,23,KHARIF,9,2025,197,0.045,1.08,0
FPS-0175,2025-09,RICE,256,21,KHARIF,9,2025,263,0.048,1.08,0
FPS-0175,2025-09,WHEAT,200,21,KHARIF,9,2025,198,-0.029,1.08,0
FPS-0176,2025-09,RICE,201,14,KHARIF,9,2025,199,0.063,1.08,0
FPS-0176,2025-09,WHEAT,200,14,KHARIF,9,2025,188,-0.009,1.08,0
FPS-0177,2025-09,RICE,140,14,KHARIF,9,2025,189,0.062,1.08,1
FPS-0177,2025-09,WHEAT,200,14,KHARIF,9,2025,193,0.05,1.08,0
FPS-0178,2025-09,RICE,200,15,KHARIF,9,2025,184,0.012,1.08,0
FPS-0178,2025-09,WHEAT,200,15,KHARIF,9,2025,197,0.027,1.08,0
FPS-0179,2025-09,RICE,276,21,KHARIF,9,2025,269,-0.02,1.08,0
FPS-0179,2025-09,WHEAT,219,21,KHARIF,9,2025,211,0.05,1.08,0
FPS-0180,2025-09,RICE,200,14,KHARIF,9,2025,185,-0.03,1.08,0
FPS-0180,2025-09,WHEAT,200,14,KHARIF,9,2025,192,0.029,1.08,0
FPS-0181,2025-09,RICE,236,20,KHARIF,9,2025,218,-0.006,1.08,0
FPS-0181,2025-09,WHEAT,200,20,KHARIF,9,2025,184,0.075,1.08,0
FPS-0182,2025-09,RICE,231,17,KHARIF,9,2025,240,0.05,1.08,0
FPS-0182,2025-09,WHEAT,200,17,KHARIF,9,2025,195,-0.002,1.08,0
FPS-0183,2025-09,RICE,166,16,KHARIF,9,2025,222,0.034,1.08,1
FPS-0183,2025-09,WHEAT,200,16,KHARIF,9,2025,197,0.069,1.08,0
FPS-0184,2025-09,RICE,287,22,KHARIF,9,2025,296,0.009,1.08,0
FPS-0184,2025-09,WHEAT,207,22,KHARIF,9,2025,213,-0.011,1.08,0
FPS-0185,2025-09,RICE,212,18,KHARIF,9,2025,197,-0.017,1.08,0
FPS-0185,2025-09,WHEAT,200,18,KHARIF,9,2025,184,-0.004,1.08,0
FPS-0186,2025-09,RICE,264,21,KHARIF,9,2025,244,0.027,1.08,0
FPS-0186,2025-09,WHEAT,204,21,KHARIF,9,2025,187,0.045,1.08,0
FPS-0187,2025-09,RICE,282,19,KHARIF,9,2025,280,0.067,1.08,0
FPS-0187,2025-09,WHEAT,200,19,KHARIF,9,2025,211,-0.021,1.08,0
FPS-0188,2025-09,RICE,200,11,KHARIF,9,2025,196,0.057,1.08,0
FPS-0188,2025-09,WHEAT,200,11,KHARIF,9,2025,201,-0.012,1.08,0
FPS-0189,2025-09,RICE,328,23,KHARIF,9,2025,330,0.027,1.08,0
FPS-0189,2025-09,WHEAT,243,23,KHARIF,9,2025,235,0.071,1.08,0
FPS-0190,2025-09,RICE,210,18,KHARIF,9,2025,200,0.061,1.08,0
FPS-0190,2025-09,WHEAT,200,18,KHARIF,9,2025,192,0.07,1.08,0
FPS-0191,2025-09,RICE,200,9,KHARIF,9,2025,202,0.046,1.08,0
FPS-0191,2025-09,WHEAT,200,9,KHARIF,9,2025,211,0.024,1.08,0
FPS-0192,2025-09,RICE,200,12,KHARIF,9,2025,194,-0.043,1.08,0
FPS-0192,2025-09,WHEAT,200,12,KHARIF,9,2025,189,-0.011,1.08,0
FPS-0193,2025-09,RICE,256,19,KHARIF,9,2025,237,0.029,1.08,0
FPS-0193,2025-09,WHEAT,200,19,KHARIF,9,2025,185,0.016,1.08,0
FPS-0194,2025-09,RICE,200,13,KHARIF,9,2025,201,0.022,1.08,0
FPS-0194,2025-09,WHEAT,200,13,KHARIF,9,2025,200,0.048,1.08,0
FPS-0195,2025-09,RICE,216,14,KHARIF,9,2025,210,0.032,1.08,0
FPS-0195,2025-09,WHEAT,200,14,KHARIF,9,2025,186,0.063,1.08,0
FPS-0196,2025-09,RICE,276,22,KHARIF,9,2025,254,-0.024,1.08,0
FPS-0196,2025-09,WHEAT,216,22,KHARIF,9,2025,220,0.053,1.08,0
FPS-0197,2025-09,RICE,273,18,KHARIF,9,2025,251,0.025,1.08,0
FPS-0197,2025-09,WHEAT,144,18,KHARIF,9,2025,207,0.022,1.08,1
FPS-0198,2025-09,RICE,200,14,KHARIF,9,2025,197,0.067,1.08,0
FPS-0198,2025-09,WHEAT,200,14,KHARIF,9,2025,200,-0.003,1.08,0
FPS-0199,2025-09,RICE,200,13,KHARIF,9,2025,195,-0.039,1.08,0
FPS-0199,2025-09,WHEAT,200,13,KHARIF,9,2025,187,0.01,1.08,0
FPS-0200,2025-09,RICE,200,10,KHARIF,9,2025,206,0.028,1.08,0
FPS-0200,2025-09,WHEAT,200,10,KHARIF,9,2025,210,0.02,1.08,0
FPS-0201,2025-09,RICE,200,15,KHARIF,9,2025,208,0.071,1.08,0
FPS-0201,2025-09,WHEAT,200,15,KHARIF,9,2025,201,-0.041,1.08,0
FPS-0202,2025-09,RICE,200,14,KHARIF,9,2025,194,0.034,1.08,0
FPS-0202,2025-09,WHEAT,200,14,KHARIF,9,2025,206,-0.04,1.08,0
FPS-0203,2025-09,RICE,200,11,KHARIF,9,2025,206,0.067,1.08,0
FPS-0203,2025-09,WHEAT,200,11,KHARIF,9,2025,208,-0.036,1.08,0
FPS-0204,2025-09,RICE,255,19,KHARIF,9,2025,263,-0.026,1.08,0
FPS-0204,2025-09,WHEAT,140,19,KHARIF,9,2025,185,0.064,1.08,1
FPS-0205,2025-09,RICE,200,13,KHARIF,9,2025,201,-0.02,1.08,0
FPS-0205,2025-09,WHEAT,200,13,KHARIF,9,2025,189,-0.046,1.08,0
FPS-0206,2025-09,RICE,344,24,KHARIF,9,2025,350,0.066,1.08,0
FPS-0206,2025-09,WHEAT,232,24,KHARIF,9,2025,232,-0.023,1.08,0
FPS-0207,2025-09,RICE,414,26,KHARIF,9,2025,425,0.035,1.08,0
FPS-0207,2025-09,WHEAT,296,26,KHARIF,9,2025,286,0.013,1.08,0
FPS-0208,2025-09,RICE,259,18,KHARIF,9,2025,268,0.055,1.08,0
FPS-0208,2025-09,WHEAT,200,18,KHARIF,9,2025,188,-0.049,1.08,0
FPS-0209,2025-09,RICE,303,21,KHARIF,9,2025,284,0.015,1.08,0
FPS-0209,2025-09,WHEAT,218,21,KHARIF,9,2025,229,-0.007,1.08,0
FPS-0210,2025-09,RICE,227,21,KHARIF,9,2025,209,-0.012,1.08,0
FPS-0210,2025-09,WHEAT,200,21,KHARIF,9,2025,187,-0.032,1.08,0
FPS-0211,2025-09,RICE,266,22,KHARIF,9,2025,259,0.039,1.08,0
FPS-0211,2025-09,WHEAT,200,22,KHARIF,9,2025,207,0.056,1.08,0
FPS-0212,2025-09,RICE,200,11,KHARIF,9,2025,210,0.02,1.08,0
FPS-0212,2025-09,WHEAT,200,11,KHARIF,9,2025,210,0.077,1.08,0
FPS-0213,2025-09,RICE,208,14,KHARIF,9,2025,206,0.016,1.08,0
FPS-0213,2025-09,WHEAT,200,14,KHARIF,9,2025,194,-0.031,1.08,0
FPS-0214,2025-09,RICE,200,13,KHARIF,9,2025,200,-0.035,1.08,0
FPS-0214,2025-09,WHEAT,200,13,KHARIF,9,2025,190,0.03,1.08,0
FPS-0215,2025-09,RICE,200,11,KHARIF,9,2025,201,-0.034,1.08,0
FPS-0215,2025-09,WHEAT,200,11,KHARIF,9,2025,199,-0.005,1.08,0
FPS-0216,2025-09,RICE,200,14,KHARIF,9,2025,198,0.062,1.08,0
FPS-0216,2025-09,WHEAT,200,14,KHARIF,9,2025,186,-0.021,1.08,0
FPS-0217,2025-09,RICE,250,17,KHARIF,9,2025,231,0.063,1.08,0
FPS-0217,2025-09,WHEAT,200,17,KHARIF,9,2025,200,0.033,1.08,0
FPS-0218,2025-09,RICE,200,13,KHARIF,9,2025,195,-0.007,1.08,0
FPS-0218,2025-09,WHEAT,200,13,KHARIF,9,2025,199,0.021,1.08,0
FPS-0219,2025-09,RICE,245,19,KHARIF,9,2025,250,0.052,1.08,0
FPS-0219,2025-09,WHEAT,200,19,KHARIF,9,2025,186,0.06,1.08,0
FPS-0220,2025-09,RICE,278,22,KHARIF,9,2025,293,-0.012,1.08,0
FPS-0220,2025-09,WHEAT,210,22,KHARIF,9,2025,215,0.008,1.08,0
FPS-0221,2025-09,RICE,257,19,KHARIF,9,2025,270,0.028,1.08,0
FPS-0221,2025-09,WHEAT,200,19,KHARIF,9,2025,187,0.05,1.08,0
FPS-0222,2025-09,RICE,279,21,KHARIF,9,2025,262,0.06,1.08,0
FPS-0222,2025-09,WHEAT,200,21,KHARIF,9,2025,193,-0.017,1.08,0
FPS-0223,2025-09,RICE,273,17,KHARIF,9,2025,283,0.06,1.08,0
FPS-0223,2025-09,WHEAT,200,17,KHARIF,9,2025,186,0.061,1.08,0
FPS-0224,2025-09,RICE,244,20,KHARIF,9,2025,231,0.062,1.08,0
FPS-0224,2025-09,WHEAT,200,20,KHARIF,9,2025,198,0.026,1.08,0
FPS-0225,2025-09,RICE,200,15,KHARIF,9,2025,200,-0.018,1.08,0
FPS-0225,2025-09,WHEAT,200,15,KHARIF,9,2025,204,-0.046,1.08,0
FPS-0226,2025-09,RICE,200,12,KHARIF,9,2025,194,0.043,1.08,0
FPS-0226,2025-09,WHEAT,200,12,KHARIF,9,2025,207,-0.03,1.08,0
FPS-0227,2025-09,RICE,200,14,KHARIF,9,2025,191,-0.049,1.08,0
FPS-0227,2025-09,WHEAT,200,14,KHARIF,9,2025,211,0.06,1.08,0
FPS-0228,2025-09,RICE,252,18,KHARIF,9,2025,259,0.066,1.08,0
FPS-0228,2025-09,WHEAT,200,18,KHARIF,9,2025,205,0.044,1.08,0
FPS-0229,2025-09,RICE,201,19,KHARIF,9,2025,197,0.079,1.08,0
FPS-0229,2025-09,WHEAT,200,19,KHARIF,9,2025,195,-0.005,1.08,0
FPS-0230,2025-09,RICE,311,22,KHARIF,9,2025,317,0.006,1.08,0
FPS-0230,2025-09,WHEAT,229,22,KHARIF,9,2025,216,0.026,1.08,0
FPS-0231,2025-09,RICE,222,18,KHARIF,9,2025,233,-0.021,1.08,0
FPS-0231,2025-09,WHEAT,200,18,KHARIF,9,2025,190,-0.039,1.08,0
FPS-0232,2025-09,RICE,200,14,KHARIF,9,2025,195,0.057,1.08,0
FPS-0232,2025-09,WHEAT,200,14,KHARIF,9,2025,184,0.032,1.08,0
FPS-0233,2025-09,RICE,140,9,KHARIF,9,2025,194,0.033,1.08,1
FPS-0233,2025-09,WHEAT,200,9,KHARIF,9,2025,211,-0.047,1.08,0
FPS-0234,2025-09,RICE,209,18,KHARIF,9,2025,200,-0.021,1.08,0
FPS-0234,2025-09,WHEAT,200,18,KHARIF,9,2025,210,-0.021,1.08,0
FPS-0235,2025-09,RICE,231,18,KHARIF,9,2025,220,-0.043,1.08,0
FPS-0235,2025-09,WHEAT,203,18,KHARIF,9,2025,198,0.08,1.08,0
FPS-0236,2025-09,RICE,200,17,KHARIF,9,2025,185,-0.041,1.08,0
FPS-0236,2025-09,WHEAT,200,17,KHARIF,9,2025,187,0.035,1.08,0
FPS-0237,2025-09,RICE,224,15,KHARIF,9,2025,216,0.046,1.08,0
FPS-0237,2025-09,WHEAT,200,15,KHARIF,9,2025,192,0.07,1.08,0
FPS-0238,2025-09,RICE,232,19,KHARIF,9,2025,238,-0.042,1.08,0
FPS-0238,2025-09,WHEAT,200,19,KHARIF,9,2025,201,0.056,1.08,0
FPS-0239,2025-09,RICE,250,19,KHARIF,9,2025,260,0.036,1.08,0
FPS-0239,2025-09,WHEAT,200,19,KHARIF,9,2025,202,-0.033,1.08,0
FPS-0240,2025-09,RICE,282,21,KHARIF,9,2025,284,0.027,1.08,0
FPS-0240,2025-09,WHEAT,200,21,KHARIF,9,2025,185,0.016,1.08,0
FPS-0241,2025-09,RICE,176,19,KHARIF,9,2025,266,0.071,1.08,1
FPS-0241,2025-09,WHEAT,200,19,KHARIF,9,2025,189,-0.035,1.08,0
FPS-0242,2025-09,RICE,200,12,KHARIF,9,2025,195,0.035,1.08,0
FPS-0242,2025-09,WHEAT,200,12,KHARIF,9,2025,203,0.045,1.08,0
FPS-0243,2025-09,RICE,189,18,KHARIF,9,2025,276,0.036,1.08,1
FPS-0243,2025-09,WHEAT,200,18,KHARIF,9,2025,185,0.053,1.08,0
FPS-0244,2025-09,RICE,210,16,KHARIF,9,2025,200,0.045,1.08,0
FPS-0244,2025-09,WHEAT,200,16,KHARIF,9,2025,211,0.047,1.08,0
FPS-0245,2025-09,RICE,200,14,KHARIF,9,2025,208,0.048,1.08,0
FPS-0245,2025-09,WHEAT,200,14,KHARIF,9,2025,198,-0.007,1.08,0
FPS-0246,2025-09,RICE,341,24,KHARIF,9,2025,338,0.071,1.08,0
FPS-0246,2025-09,WHEAT,236,24,KHARIF,9,2025,235,-0.011,1.08,0
FPS-0247,2025-09,RICE,223,19,KHARIF,9,2025,208,-0.008,1.08,0
FPS-0247,2025-09,WHEAT,200,19,KHARIF,9,2025,207,-0.021,1.08,0
FPS-0248,2025-09,RICE,369,25,KHARIF,9,2025,343,0.04,1.08,0
FPS-0248,2025-09,WHEAT,243,25,KHARIF,9,2025,257,-0.004,1.08,0
FPS-0249,2025-09,RICE,307,22,KHARIF,9,2025,290,-0.02,1.08,0
FPS-0249,2025-09,WHEAT,217,22,KHARIF,9,2025,227,-0.025,1.08,0
FPS-0250,2025-09,RICE,200,16,KHARIF,9,2025,202,-0.013,1.08,0
FPS-0250,2025-09,WHEAT,200,16,KHARIF,9,2025,184,0.001,1.08,0
FPS-0251,2025-09,RICE,200,17,KHARIF,9,2025,201,0.071,1.08,0
FPS-0251,2025-09,WHEAT,200,17,KHARIF,9,2025,186,0.014,1.08,0
FPS-0252,2025-09,RICE,213,16,KHARIF,9,2025,200,-0.001,1.08,0
FPS-0252,2025-09,WHEAT,200,16,KHARIF,9,2025,199,-0.023,1.08,0
FPS-0253,2025-09,RICE,289,22,KHARIF,9,2025,266,-0.015,1.08,0
FPS-0253,2025-09,WHEAT,227,22,KHARIF,9,2025,214,0.068,1.08,0
FPS-0254,2025-09,RICE,140,14,KHARIF,9,2025,204,0.031,1.08,1
FPS-0254,2025-09,WHEAT,200,14,KHARIF,9,2025,191,0.048,1.08,0
FPS-0255,2025-09,RICE,213,16,KHARIF,9,2025,212,0.048,1.08,0
FPS-0255,2025-09,WHEAT,200,16,KHARIF,9,2025,187,0.051,1.08,0
FPS-0256,2025-09,RICE,200,14,KHARIF,9,2025,204,-0.038,1.08,0
FPS-0256,2025-09,WHEAT,200,14,KHARIF,9,2025,186,-0.018,1.08,0
FPS-0257,2025-09,RICE,219,15,KHARIF,9,2025,225,0.023,1.08,0
FPS-0257,2025-09,WHEAT,200,15,KHARIF,9,2025,205,0.021,1.08,0
FPS-0258,2025-09,RICE,200,15,KHARIF,9,2025,198,0.067,1.08,0
FPS-0258,2025-09,WHEAT,200,15,KHARIF,9,2025,199,0.065,1.08,0
FPS-0259,2025-09,RICE,200,15,KHARIF,9,2025,187,0.078,1.08,0
FPS-0259,2025-09,WHEAT,200,15,KHARIF,9,2025,203,-0.003,1.08,0
FPS-0260,2025-09,RICE,200,13,KHARIF,9,2025,192,-0.025,1.08,0
FPS-0260,2025-09,WHEAT,200,13,KHARIF,9,2025,204,0.066,1.08,0
FPS-0261,2025-09,RICE,200,11,KHARIF,9,2025,194,0.035,1.08,0
FPS-0261,2025-09,WHEAT,200,11,KHARIF,9,2025,207,-0.041,1.08,0
FPS-0262,2025-09,RICE,200,13,KHARIF,9,2025,203,-0.016,1.08,0
FPS-0262,2025-09,WHEAT,200,13,KHARIF,9,2025,189,-0.027,1.08,0
FPS-0263,2025-09,RICE,202,14,KHARIF,9,2025,208,0.021,1.08,0
FPS-0263,2025-09,WHEAT,200,14,KHARIF,9,2025,193,0.069,1.08,0
FPS-0264,2025-09,RICE,200,5,KHARIF,9,2025,209,0.03,1.08,0
FPS-0264,2025-09,WHEAT,200,5,KHARIF,9,2025,206,0.041,1.08,0
FPS-0265,2025-09,RICE,233,18,KHARIF,9,2025,239,-0.018,1.08,0
FPS-0265,2025-09,WHEAT,200,18,KHARIF,9,2025,211,0.016,1.08,0
FPS-0266,2025-09,RICE,200,13,KHARIF,9,2025,200,-0.01,1.08,0
FPS-0266,2025-09,WHEAT,200,13,KHARIF,9,2025,210,-0.001,1.08,0
FPS-0267,2025-09,RICE,200,16,KHARIF,9,2025,200,-0.044,1.08,0
FPS-0267,2025-09,WHEAT,200,16,KHARIF,9,2025,207,-0.031,1.08,0
FPS-0268,2025-09,RICE,141,20,KHARIF,9,2025,192,0.014,1.08,1
FPS-0268,2025-09,WHEAT,200,20,KHARIF,9,2025,192,0.018,1.08,0
FPS-0269,2025-09,RICE,269,21,KHARIF,9,2025,257,0.055,1.08,0
FPS-0269,2025-09,WHEAT,200,21,KHARIF,9,2025,209,0.021,1.08,0
FPS-0270,2025-09,RICE,200,8,KHARIF,9,2025,188,-0.026,1.08,0
FPS-0270,2025-09,WHEAT,200,8,KHARIF,9,2025,196,0.049,1.08,0
FPS-0271,2025-09,RICE,244,18,KHARIF,9,2025,238,0.063,1.08,0
FPS-0271,2025-09,WHEAT,200,18,KHARIF,9,2025,185,-0.003,1.08,0
FPS-0272,2025-09,RICE,282,20,KHARIF,9,2025,291,-0.04,1.08,0
FPS-0272,2025-09,WHEAT,200,20,KHARIF,9,2025,187,-0.045,1.08,0
FPS-0273,2025-09,RICE,290,23,KHARIF,9,2025,280,-0.047,1.08,0
FPS-0273,2025-09,WHEAT,238,23,KHARIF,9,2025,224,0.077,1.08,0
FPS-0274,2025-09,RICE,231,18,KHARIF,9,2025,232,0.03,1.08,0
FPS-0274,2025-09,WHEAT,140,18,KHARIF,9,2025,191,-0.005,1.08,1
FPS-0275,2025-09,RICE,144,17,KHARIF,9,2025,214,-0.036,1.08,1
FPS-0275,2025-09,WHEAT,200,17,KHARIF,9,2025,206,0.063,1.08,0
FPS-0276,2025-09,RICE,219,19,KHARIF,9,2025,226,-0.035,1.08,0
FPS-0276,2025-09,WHEAT,200,19,KHARIF,9,2025,206,-0.027,1.08,0
FPS-0277,2025-09,RICE,216,17,KHARIF,9,2025,209,-0.005,1.08,0
FPS-0277,2025-09,WHEAT,200,17,KHARIF,9,2025,188,-0.038,1.08,0
FPS-0278,2025-09,RICE,200,15,KHARIF,9,2025,207,0.002,1.08,0
FPS-0278,2025-09,WHEAT,200,15,KHARIF,9,2025,198,0.035,1.08,0
FPS-0279,2025-09,RICE,362,23,KHARIF,9,2025,338,0.019,1.08,0
FPS-0279,2025-09,WHEAT,246,23,KHARIF,9,2025,249,-0.031,1.08,0
FPS-0280,2025-09,RICE,200,18,KHARIF,9,2025,193,-0.011,1.08,0
FPS-0280,2025-09,WHEAT,200,18,KHARIF,9,2025,203,0.076,1.08,0
FPS-0281,2025-09,RICE,217,18,KHARIF,9,2025,217,0.018,1.08,0
FPS-0281,2025-09,WHEAT,200,18,KHARIF,9,2025,201,0.049,1.08,0
FPS-0282,2025-09,RICE,266,20,KHARIF,9,2025,266,0.053,1.08,0
FPS-0282,2025-09,WHEAT,200,20,KHARIF,9,2025,199,-0.002,1.08,0
FPS-0283,2025-09,RICE,206,14,KHARIF,9,2025,198,0.029,1.08,0
FPS-0283,2025-09,WHEAT,200,14,KHARIF,9,2025,210,0.051,1.08,0
FPS-0284,2025-09,RICE,200,12,KHARIF,9,2025,198,0.055,1.08,0
FPS-0284,2025-09,WHEAT,200,12,KHARIF,9,2025,208,-0.033,1.08,0
FPS-0285,2025-09,RICE,242,18,KHARIF,9,2025,234,-0.021,1.08,0
FPS-0285,2025-09,WHEAT,200,18,KHARIF,9,2025,201,0.044,1.08,0
FPS-0286,2025-09,RICE,200,16,KHARIF,9,2025,189,-0.032,1.08,0
FPS-0286,2025-09,WHEAT,200,16,KHARIF,9,2025,191,0.037,1.08,0
FPS-0287,2025-09,RICE,352,26,KHARIF,9,2025,331,-0.037,1.08,0
FPS-0287,2025-09,WHEAT,265,26,KHARIF,9,2025,254,0.058,1.08,0
FPS-0288,2025-09,RICE,200,17,KHARIF,9,2025,193,-0.042,1.08,0
FPS-0288,2025-09,WHEAT,200,17,KHARIF,9,2025,202,0.039,1.08,0
FPS-0289,2025-09,RICE,200,13,KHARIF,9,2025,202,-0.04,1.08,0
FPS-0289,2025-09,WHEAT,200,13,KHARIF,9,2025,192,0.046,1.08,0
FPS-0290,2025-09,RICE,215,18,KHARIF,9,2025,214,-0.028,1.08,0
FPS-0290,2025-09,WHEAT,200,18,KHARIF,9,2025,205,-0.034,1.08,0
FPS-0291,2025-09,RICE,279,18,KHARIF,9,2025,260,0.07,1.08,0
FPS-0291,2025-09,WHEAT,200,18,KHARIF,9,2025,194,-0.012,1.08,0
FPS-0292,2025-09,RICE,299,20,KHARIF,9,2025,306,0.076,1.08,0
FPS-0292,2025-09,WHEAT,200,20,KHARIF,9,2025,210,-0.039,1.08,0
FPS-0293,2025-09,RICE,223,18,KHARIF,9,2025,211,-0.028,1.08,0
FPS-0293,2025-09,WHEAT,200,18,KHARIF,9,2025,188,0.058,1.08,0
FPS-0294,2025-09,RICE,230,16,KHARIF,9,2025,212,0.004,1.08,0
FPS-0294,2025-09,WHEAT,200,16,KHARIF,9,2025,189,0.03,1.08,0
FPS-0295,2025-09,RICE,200,13,KHARIF,9,2025,198,0.023,1.08,0
FPS-0295,2025-09,WHEAT,200,13,KHARIF,9,2025,204,0.006,1.08,0
FPS-0296,2025-09,RICE,200,14,KHARIF,9,2025,199,-0.027,1.08,0
FPS-0296,2025-09,WHEAT,200,14,KHARIF,9,2025,207,0.004,1.08,0
FPS-0297,2025-09,RICE,206,17,KHARIF,9,2025,206,-0.048,1.08,0
FPS-0297,2025-09,WHEAT,200,17,KHARIF,9,2025,188,0.006,1.08,0
FPS-0298,2025-09,RICE,200,15,KHARIF,9,2025,197,0.03,1.08,0
FPS-0298,2025-09,WHEAT,200,15,KHARIF,9,2025,196,0.027,1.08,0
FPS-0299,2025-09,RICE,200,17,KHARIF,9,2025,195,0.032,1.08,0
FPS-0299,2025-09,WHEAT,200,17,KHARIF,9,2025,203,-0.014,1.08,0
FPS-0300,2025-09,RICE,252,17,KHARIF,9,2025,262,0.037,1.08,0
FPS-0300,2025-09,WHEAT,200,17,KHARIF,9,2025,203,-0.007,1.08,0
FPS-0301,2025-09,RICE,230,16,KHARIF,9,2025,219,-0.049,1.08,0
FPS-0301,2025-09,WHEAT,200,16,KHARIF,9,2025,190,0.036,1.08,0
FPS-0302,2025-09,RICE,250,19,KHARIF,9,2025,248,0.049,1.08,0
FPS-0302,2025-09,WHEAT,200,19,KHARIF,9,2025,194,0.057,1.08,0
FPS-0303,2025-09,RICE,200,11,KHARIF,9,2025,205,-0.016,1.08,0
FPS-0303,2025-09,WHEAT,200,11,KHARIF,9,2025,184,-0.007,1.08,0
FPS-0304,2025-09,RICE,254,17,KHARIF,9,2025,248,0.012,1.08,0
FPS-0304,2025-09,WHEAT,200,17,KHARIF,9,2025,207,0.079,1.08,0
FPS-0305,2025-09,RICE,226,17,KHARIF,9,2025,216,-0.002,1.08,0
FPS-0305,2025-09,WHEAT,200,17,KHARIF,9,2025,198,0.016,1.08,0
FPS-0306,2025-09,RICE,200,13,KHARIF,9,2025,192,0.079,1.08,0
FPS-0306,2025-09,WHEAT,200,13,KHARIF,9,2025,211,0.02,1.08,0
FPS-0307,2025-09,RICE,216,15,KHARIF,9,2025,209,-0.027,1.08,0
FPS-0307,2025-09,WHEAT,200,15,KHARIF,9,2025,204,-0.005,1.08,0
FPS-0308,2025-09,RICE,247,15,KHARIF,9,2025,236,0.067,1.08,0
FPS-0308,2025-09,WHEAT,200,15,KHARIF,9,2025,193,-0.038,1.08,0
FPS-0309,2025-09,RICE,256,18,KHARIF,9,2025,254,0.026,1.08,0
FPS-0309,2025-09,WHEAT,140,18,KHARIF,9,2025,210,0.018,1.08,1
FPS-0310,2025-09,RICE,200,13,KHARIF,9,2025,204,0.079,1.08,0
FPS-0310,2025-09,WHEAT,200,13,KHARIF,9,2025,189,-0.004,1.08,0
FPS-0311,2025-09,RICE,277,23,KHARIF,9,2025,268,-0.005,1.08,0
FPS-0311,2025-09,WHEAT,200,23,KHARIF,9,2025,190,-0.037,1.08,0
FPS-0312,2025-09,RICE,274,19,KHARIF,9,2025,253,0.008,1.08,0
FPS-0312,2025-09,WHEAT,200,19,KHARIF,9,2025,209,0.026,1.08,0
FPS-0313,2025-09,RICE,214,15,KHARIF,9,2025,222,-0.037,1.08,0
FPS-0313,2025-09,WHEAT,200,15,KHARIF,9,2025,192,-0.004,1.08,0
FPS-0314,2025-09,RICE,263,18,KHARIF,9,2025,253,0.019,1.08,0
FPS-0314,2025-09,WHEAT,200,18,KHARIF,9,2025,184,0.028,1.08,0
FPS-0315,2025-09,RICE,231,18,KHARIF,9,2025,226,-0.035,1.08,0
FPS-0315,2025-09,WHEAT,200,18,KHARIF,9,2025,209,-0.008,1.08,0
FPS-0316,2025-09,RICE,200,15,KHARIF,9,2025,210,0.043,1.08,0
FPS-0316,2025-09,WHEAT,200,15,KHARIF,9,2025,209,0.079,1.08,0
FPS-0317,2025-09,RICE,200,15,KHARIF,9,2025,201,0.014,1.08,0
FPS-0317,2025-09,WHEAT,200,15,KHARIF,9,2025,187,0.008,1.08,0
FPS-0318,2025-09,RICE,212,17,KHARIF,9,2025,205,0.017,1.08,0
FPS-0318,2025-09,WHEAT,200,17,KHARIF,9,2025,210,0.074,1.08,0
FPS-0319,2025-09,RICE,200,14,KHARIF,9,2025,188,0.062,1.08,0
FPS-0319,2025-09,WHEAT,200,14,KHARIF,9,2025,192,-0.017,1.08,0
FPS-0320,2025-09,RICE,200,10,KHARIF,9,2025,210,-0.036,1.08,0
FPS-0320,2025-09,WHEAT,200,10,KHARIF,9,2025,190,-0.009,1.08,0
FPS-0321,2025-09,RICE,264,24,KHARIF,9,2025,277,-0.04,1.08,0
FPS-0321,2025-09,WHEAT,154,24,KHARIF,9,2025,216,0.052,1.08,1
FPS-0322,2025-09,RICE,249,20,KHARIF,9,2025,244,-0.024,1.08,0
FPS-0322,2025-09,WHEAT,200,20,KHARIF,9,2025,189,0.025,1.08,0
FPS-0323,2025-09,RICE,208,16,KHARIF,9,2025,209,-0.006,1.08,0
FPS-0323,2025-09,WHEAT,200,16,KHARIF,9,2025,203,-0.001,1.08,0
FPS-0324,2025-09,RICE,200,13,KHARIF,9,2025,190,-0.044,1.08,0
FPS-0324,2025-09,WHEAT,200,13,KHARIF,9,2025,199,0.064,1.08,0
FPS-0325,2025-09,RICE,270,21,KHARIF,9,2025,280,0.059,1.08,0
FPS-0325,2025-09,WHEAT,204,21,KHARIF,9,2025,214,0.07,1.08,0
FPS-0326,2025-09,RICE,207,16,KHARIF,9,2025,208,-0.038,1.08,0
FPS-0326,2025-09,WHEAT,200,16,KHARIF,9,2025,197,-0.015,1.08,0
FPS-0327,2025-09,RICE,252,18,KHARIF,9,2025,233,0.027,1.08,0
FPS-0327,2025-09,WHEAT,200,18,KHARIF,9,2025,190,0.067,1.08,0
FPS-0328,2025-09,RICE,256,18,KHARIF,9,2025,267,0.05,1.08,0
FPS-0328,2025-09,WHEAT,200,18,KHARIF,9,2025,197,0.027,1.08,0
FPS-0329,2025-09,RICE,200,15,KHARIF,9,2025,190,0.005,1.08,0
FPS-0329,2025-09,WHEAT,200,15,KHARIF,9,2025,207,-0.017,1.08,0
FPS-0330,2025-09,RICE,227,21,KHARIF,9,2025,237,-0.041,1.08,0
FPS-0330,2025-09,WHEAT,200,21,KHARIF,9,2025,201,-0.013,1.08,0
FPS-0331,2025-09,RICE,232,17,KHARIF,9,2025,229,0.054,1.08,0
FPS-0331,2025-09,WHEAT,200,17,KHARIF,9,2025,193,0.015,1.08,0
FPS-0332,2025-09,RICE,229,21,KHARIF,9,2025,238,-0.042,1.08,0
FPS-0332,2025-09,WHEAT,200,21,KHARIF,9,2025,207,-0.042,1.08,0
FPS-0333,2025-09,RICE,420,27,KHARIF,9,2025,401,0.08,1.08,0
FPS-0333,2025-09,WHEAT,271,27,KHARIF,9,2025,261,-0.019,1.08,0
FPS-0334,2025-09,RICE,208,16,KHARIF,9,2025,203,-0.042,1.08,0
FPS-0334,2025-09,WHEAT,200,16,KHARIF,9,2025,198,-0.044,1.08,0
FPS-0335,2025-09,RICE,293,18,KHARIF,9,2025,294,0.045,1.08,0
FPS-0335,2025-09,WHEAT,200,18,KHARIF,9,2025,192,0.039,1.08,0
FPS-0336,2025-09,RICE,260,18,KHARIF,9,2025,265,0.065,1.08,0
FPS-0336,2025-09,WHEAT,200,18,KHARIF,9,2025,198,0.045,1.08,0
FPS-0337,2025-09,RICE,200,13,KHARIF,9,2025,206,0.002,1.08,0
FPS-0337,2025-09,WHEAT,200,13,KHARIF,9,2025,205,-0.044,1.08,0
FPS-0338,2025-09,RICE,230,16,KHARIF,9,2025,213,0.052,1.08,0
FPS-0338,2025-09,WHEAT,200,16,KHARIF,9,2025,198,0.018,1.08,0
FPS-0339,2025-09,RICE,200,18,KHARIF,9,2025,191,-0.043,1.08,0
FPS-0339,2025-09,WHEAT,200,18,KHARIF,9,2025,192,0.069,1.08,0
FPS-0340,2025-09,RICE,200,12,KHARIF,9,2025,196,-0.029,1.08,0
FPS-0340,2025-09,WHEAT,200,12,KHARIF,9,2025,198,0.031,1.08,0
FPS-0341,2025-09,RICE,200,14,KHARIF,9,2025,200,-0.047,1.08,0
FPS-0341,2025-09,WHEAT,200,14,KHARIF,9,2025,185,-0.023,1.08,0
FPS-0342,2025-09,RICE,200,12,KHARIF,9,2025,202,0.033,1.08,0
FPS-0342,2025-09,WHEAT,200,12,KHARIF,9,2025,205,0.06,1.08,0
FPS-0343,2025-09,RICE,200,16,KHARIF,9,2025,211,0.035,1.08,0
FPS-0343,2025-09,WHEAT,200,16,KHARIF,9,2025,186,0.067,1.08,0
FPS-0344,2025-09,RICE,220,16,KHARIF,9,2025,217,0.076,1.08,0
FPS-0344,2025-09,WHEAT,140,16,KHARIF,9,2025,191,0.061,1.08,1
FPS-0345,2025-09,RICE,233,17,KHARIF,9,2025,216,0.06,1.08,0
FPS-0345,2025-09,WHEAT,200,17,KHARIF,9,2025,190,0.068,1.08,0
FPS-0346,2025-09,RICE,232,19,KHARIF,9,2025,242,0.066,1.08,0
FPS-0346,2025-09,WHEAT,200,19,KHARIF,9,2025,199,0.07,1.08,0
FPS-0347,2025-09,RICE,341,22,KHARIF,9,2025,348,0.05,1.08,0
FPS-0347,2025-09,WHEAT,260,22,KHARIF,9,2025,260,0.079,1.08,0
FPS-0348,2025-09,RICE,246,20,KHARIF,9,2025,237,-0.022,1.08,0
FPS-0348,2025-09,WHEAT,200,20,KHARIF,9,2025,193,0.001,1.08,0
FPS-0349,2025-09,RICE,218,18,KHARIF,9,2025,229,-0.041,1.08,0
FPS-0349,2025-09,WHEAT,200,18,KHARIF,9,2025,209,0.02,1.08,0
FPS-0350,2025-09,RICE,268,17,KHARIF,9,2025,262,0.071,1.08,0
FPS-0350,2025-09,WHEAT,200,17,KHARIF,9,2025,201,0.004,1.08,0
FPS-0351,2025-09,RICE,200,16,KHARIF,9,2025,201,-0.036,1.08,0
FPS-0351,2025-09,WHEAT,200,16,KHARIF,9,2025,209,-0.03,1.08,0
FPS-0352,2025-09,RICE,180,19,KHARIF,9,2025,264,0.029,1.08,1
FPS-0352,2025-09,WHEAT,200,19,KHARIF,9,2025,202,0.024,1.08,0
FPS-0353,2025-09,RICE,200,16,KHARIF,9,2025,200,-0.019,1.08,0
FPS-0353,2025-09,WHEAT,200,16,KHARIF,9,2025,197,0.053,1.08,0
FPS-0354,2025-09,RICE,251,21,KHARIF,9,2025,233,0.01,1.08,0
FPS-0354,2025-09,WHEAT,200,21,KHARIF,9,2025,189,0.021,1.08,0
FPS-0355,2025-09,RICE,230,15,KHARIF,9,2025,237,0.013,1.08,0
FPS-0355,2025-09,WHEAT,200,15,KHARIF,9,2025,211,-0.008,1.08,0
FPS-0356,2025-09,RICE,200,13,KHARIF,9,2025,210,-0.026,1.08,0
FPS-0356,2025-09,WHEAT,140,13,KHARIF,9,2025,187,0.052,1.08,1
FPS-0357,2025-09,RICE,182,20,KHARIF,9,2025,263,0.073,1.08,1
FPS-0357,2025-09,WHEAT,200,20,KHARIF,9,2025,193,0.045,1.08,0
FPS-0358,2025-09,RICE,240,16,KHARIF,9,2025,249,0.078,1.08,0
FPS-0358,2025-09,WHEAT,200,16,KHARIF,9,2025,208,0.056,1.08,0
FPS-0359,2025-09,RICE,359,25,KHARIF,9,2025,344,0.059,1.08,0
FPS-0359,2025-09,WHEAT,234,25,KHARIF,9,2025,227,-0.025,1.08,0
FPS-0360,2025-09,RICE,200,15,KHARIF,9,2025,200,-0.021,1.08,0
FPS-0360,2025-09,WHEAT,200,15,KHARIF,9,2025,208,-0.049,1.08,0
FPS-0361,2025-09,RICE,200,16,KHARIF,9,2025,199,0.072,1.08,0
FPS-0361,2025-09,WHEAT,200,16,KHARIF,9,2025,195,0.078,1.08,0
FPS-0362,2025-09,RICE,200,17,KHARIF,9,2025,210,0.051,1.08,0
FPS-0362,2025-09,WHEAT,200,17,KHARIF,9,2025,205,0.035,1.08,0
FPS-0363,2025-09,RICE,211,15,KHARIF,9,2025,218,-0.001,1.08,0
FPS-0363,2025-09,WHEAT,200,15,KHARIF,9,2025,196,-0.003,1.08,0
FPS-0364,2025-09,RICE,233,16,KHARIF,9,2025,224,0.009,1.08,0
FPS-0364,2025-09,WHEAT,200,16,KHARIF,9,2025,199,-0.044,1.08,0
FPS-0365,2025-09,RICE,200,18,KHARIF,9,2025,193,0.015,1.08,0
FPS-0365,2025-09,WHEAT,200,18,KHARIF,9,2025,186,0.064,1.08,0
FPS-0366,2025-09,RICE,247,17,KHARIF,9,2025,229,0.027,1.08,0
FPS-0366,2025-09,WHEAT,200,17,KHARIF,9,2025,187,-0.003,1.08,0
FPS-0367,2025-09,RICE,200,11,KHARIF,9,2025,191,-0.012,1.08,0
FPS-0367,2025-09,WHEAT,200,11,KHARIF,9,2025,185,0.069,1.08,0
FPS-0368,2025-09,RICE,246,19,KHARIF,9,2025,254,0.056,1.08,0
FPS-0368,2025-09,WHEAT,200,19,KHARIF,9,2025,198,-0.029,1.08,0
FPS-0369,2025-09,RICE,201,18,KHARIF,9,2025,195,-0.031,1.08,0
FPS-0369,2025-09,WHEAT,200,18,KHARIF,9,2025,207,-0.023,1.08,0
FPS-0370,2025-09,RICE,210,17,KHARIF,9,2025,196,-0.037,1.08,0
FPS-0370,2025-09,WHEAT,200,17,KHARIF,9,2025,207,0.069,1.08,0
FPS-0371,2025-09,RICE,200,15,KHARIF,9,2025,197,0.056,1.08,0
FPS-0371,2025-09,WHEAT,200,15,KHARIF,9,2025,204,-0.017,1.08,0
FPS-0372,2025-09,RICE,200,9,KHARIF,9,2025,187,0.03,1.08,0
FPS-0372,2025-09,WHEAT,200,9,KHARIF,9,2025,204,-0.018,1.08,0
FPS-0373,2025-09,RICE,245,20,KHARIF,9,2025,233,0.045,1.08,0
FPS-0373,2025-09,WHEAT,200,20,KHARIF,9,2025,200,0.006,1.08,0
FPS-0374,2025-09,RICE,200,18,KHARIF,9,2025,210,-0.044,1.08,0
FPS-0374,2025-09,WHEAT,140,18,KHARIF,9,2025,191,0.057,1.08,1
FPS-0375,2025-09,RICE,264,19,KHARIF,9,2025,278,-0.014,1.08,0
FPS-0375,2025-09,WHEAT,205,19,KHARIF,9,2025,202,0.07,1.08,0
FPS-0376,2025-09,RICE,229,17,KHARIF,9,2025,240,0.014,1.08,0
FPS-0376,2025-09,WHEAT,200,17,KHARIF,9,2025,184,-0.033,1.08,0
FPS-0377,2025-09,RICE,208,16,KHARIF,9,2025,207,-0.022,1.08,0
FPS-0377,2025-09,WHEAT,200,16,KHARIF,9,2025,192,0.046,1.08,0
FPS-0378,2025-09,RICE,323,23,KHARIF,9,2025,317,0.056,1.08,0
FPS-0378,2025-09,WHEAT,215,23,KHARIF,9,2025,219,-0.022,1.08,0
FPS-0379,2025-09,RICE,200,13,KHARIF,9,2025,195,0.048,1.08,0
FPS-0379,2025-09,WHEAT,200,13,KHARIF,9,2025,202,0.02,1.08,0
FPS-0380,2025-09,RICE,300,20,KHARIF,9,2025,280,0.058,1.08,0
FPS-0380,2025-09,WHEAT,215,20,KHARIF,9,2025,209,0.021,1.08,0
FPS-0381,2025-09,RICE,202,17,KHARIF,9,2025,212,-0.021,1.08,0
FPS-0381,2025-09,WHEAT,200,17,KHARIF,9,2025,191,-0.04,1.08,0
FPS-0382,2025-09,RICE,200,9,KHARIF,9,2025,196,0.046,1.08,0
FPS-0382,2025-09,WHEAT,200,9,KHARIF,9,2025,185,-0.023,1.08,0
FPS-0383,2025-09,RICE,200,11,KHARIF,9,2025,190,0.055,1.08,0
FPS-0383,2025-09,WHEAT,200,11,KHARIF,9,2025,198,0.042,1.08,0
FPS-0384,2025-09,RICE,312,23,KHARIF,9,2025,302,0.042,1.08,0
FPS-0384,2025-09,WHEAT,210,23,KHARIF,9,2025,206,-0.024,1.08,0
FPS-0385,2025-09,RICE,317,22,KHARIF,9,2025,303,-0.028,1.08,0
FPS-0385,2025-09,WHEAT,158,22,KHARIF,9,2025,239,-0.02,1.08,1
FPS-0386,2025-09,RICE,202,18,KHARIF,9,2025,207,-0.0,1.08,0
FPS-0386,2025-09,WHEAT,200,18,KHARIF,9,2025,190,0.022,1.08,0
FPS-0387,2025-09,RICE,385,31,KHARIF,9,2025,383,-0.01,1.08,0
FPS-0387,2025-09,WHEAT,264,31,KHARIF,9,2025,253,-0.023,1.08,0
FPS-0388,2025-09,RICE,200,11,KHARIF,9,2025,209,-0.016,1.08,0
FPS-0388,2025-09,WHEAT,200,11,KHARIF,9,2025,190,-0.008,1.08,0
FPS-0389,2025-09,RICE,220,17,KHARIF,9,2025,207,0.034,1.08,0
FPS-0389,2025-09,WHEAT,200,17,KHARIF,9,2025,198,0.045,1.08,0
FPS-0390,2025-09,RICE,234,21,KHARIF,9,2025,242,-0.025,1.08,0
FPS-0390,2025-09,WHEAT,200,21,KHARIF,9,2025,207,0.053,1.08,0
FPS-0391,2025-09,RICE,272,20,KHARIF,9,2025,268,0.053,1.08,0
FPS-0391,2025-09,WHEAT,200,20,KHARIF,9,2025,195,-0.006,1.08,0
FPS-0392,2025-09,RICE,200,17,KHARIF,9,2025,189,0.028,1.08,0
FPS-0392,2025-09,WHEAT,200,17,KHARIF,9,2025,196,-0.04,1.08,0
FPS-0393,2025-09,RICE,202,18,KHARIF,9,2025,189,-0.002,1.08,0
FPS-0393,2025-09,WHEAT,200,18,KHARIF,9,2025,197,-0.036,1.08,0
FPS-0394,2025-09,RICE,240,17,KHARIF,9,2025,225,-0.021,1.08,0
FPS-0394,2025-09,WHEAT,200,17,KHARIF,9,2025,184,0.052,1.08,0
FPS-0395,2025-09,RICE,200,14,KHARIF,9,2025,192,-0.005,1.08,0
FPS-0395,2025-09,WHEAT,200,14,KHARIF,9,2025,189,0.061,1.08,0
FPS-0396,2025-09,RICE,200,14,KHARIF,9,2025,187,0.06,1.08,0
FPS-0396,2025-09,WHEAT,200,14,KHARIF,9,2025,198,0.009,1.08,0
FPS-0397,2025-09,RICE,200,13,KHARIF,9,2025,191,0.011,1.08,0
FPS-0397,2025-09,WHEAT,200,13,KHARIF,9,2025,191,0.032,1.08,0
FPS-0398,2025-09,RICE,140,16,KHARIF,9,2025,211,0.018,1.08,1
FPS-0398,2025-09,WHEAT,200,16,KHARIF,9,2025,210,-0.02,1.08,0
FPS-0399,2025-09,RICE,200,15,KHARIF,9,2025,201,-0.039,1.08,0
FPS-0399,2025-09,WHEAT,200,15,KHARIF,9,2025,185,-0.015,1.08,0
FPS-0400,2025-09,RICE,286,22,KHARIF,9,2025,263,0.075,1.08,0
FPS-0400,2025-09,WHEAT,200,22,KHARIF,9,2025,192,-0.012,1.08,0
FPS-0401,2025-09,RICE,294,24,KHARIF,9,2025,303,0.045,1.08,0
FPS-0401,2025-09,WHEAT,206,24,KHARIF,9,2025,210,0.065,1.08,0
FPS-0402,2025-09,RICE,200,8,KHARIF,9,2025,190,-0.039,1.08,0
FPS-0402,2025-09,WHEAT,200,8,KHARIF,9,2025,186,0.046,1.08,0
FPS-0403,2025-09,RICE,200,12,KHARIF,9,2025,202,-0.03,1.08,0
FPS-0403,2025-09,WHEAT,200,12,KHARIF,9,2025,208,0.039,1.08,0
FPS-0404,2025-09,RICE,200,15,KHARIF,9,2025,200,-0.008,1.08,0
FPS-0404,2025-09,WHEAT,200,15,KHARIF,9,2025,201,-0.012,1.08,0
FPS-0405,2025-09,RICE,209,14,KHARIF,9,2025,209,0.019,1.08,0
FPS-0405,2025-09,WHEAT,200,14,KHARIF,9,2025,211,-0.018,1.08,0
FPS-0406,2025-09,RICE,284,22,KHARIF,9,2025,294,0.048,1.08,0
FPS-0406,2025-09,WHEAT,200,22,KHARIF,9,2025,194,-0.043,1.08,0
FPS-0407,2025-09,RICE,233,18,KHARIF,9,2025,215,0.039,1.08,0
FPS-0407,2025-09,WHEAT,200,18,KHARIF,9,2025,196,0.018,1.08,0
FPS-0408,2025-09,RICE,200,12,KHARIF,9,2025,207,0.074,1.08,0
FPS-0408,2025-09,WHEAT,200,12,KHARIF,9,2025,202,0.064,1.08,0
FPS-0409,2025-09,RICE,200,17,KHARIF,9,2025,203,0.007,1.08,0
FPS-0409,2025-09,WHEAT,200,17,KHARIF,9,2025,201,0.055,1.08,0
FPS-0410,2025-09,RICE,299,25,KHARIF,9,2025,309,-0.034,1.08,0
FPS-0410,2025-09,WHEAT,216,25,KHARIF,9,2025,211,-0.038,1.08,0
FPS-0411,2025-09,RICE,200,15,KHARIF,9,2025,198,0.053,1.08,0
FPS-0411,2025-09,WHEAT,140,15,KHARIF,9,2025,188,0.005,1.08,1
FPS-0412,2025-09,RICE,282,20,KHARIF,9,2025,286,0.031,1.08,0
FPS-0412,2025-09,WHEAT,200,20,KHARIF,9,2025,186,-0.009,1.08,0
FPS-0413,2025-09,RICE,200,14,KHARIF,9,2025,202,-0.029,1.08,0
FPS-0413,2025-09,WHEAT,200,14,KHARIF,9,2025,210,-0.032,1.08,0
FPS-0414,2025-09,RICE,271,22,KHARIF,9,2025,257,-0.004,1.08,0
FPS-0414,2025-09,WHEAT,202,22,KHARIF,9,2025,193,-0.005,1.08,0
FPS-0415,2025-09,RICE,254,17,KHARIF,9,2025,238,0.028,1.08,0
FPS-0415,2025-09,WHEAT,200,17,KHARIF,9,2025,195,0.043,1.08,0
FPS-0416,2025-09,RICE,200,12,KHARIF,9,2025,186,-0.022,1.08,0
FPS-0416,2025-09,WHEAT,200,12,KHARIF,9,2025,208,0.022,1.08,0
FPS-0417,2025-09,RICE,200,11,KHARIF,9,2025,210,0.042,1.08,0
FPS-0417,2025-09,WHEAT,200,11,KHARIF,9,2025,191,-0.042,1.08,0
FPS-0418,2025-09,RICE,306,21,KHARIF,9,2025,304,0.064,1.08,0
FPS-0418,2025-09,WHEAT,200,21,KHARIF,9,2025,209,-0.005,1.08,0
FPS-0419,2025-09,RICE,325,22,KHARIF,9,2025,332,0.055,1.08,0
FPS-0419,2025-09,WHEAT,240,22,KHARIF,9,2025,221,0.046,1.08,0
FPS-0420,2025-09,RICE,276,21,KHARIF,9,2025,259,0.069,1.08,0
FPS-0420,2025-09,WHEAT,200,21,KHARIF,9,2025,197,0.002,1.08,0
FPS-0421,2025-09,RICE,262,21,KHARIF,9,2025,272,-0.016,1.08,0
FPS-0421,2025-09,WHEAT,200,21,KHARIF,9,2025,197,-0.04,1.08,0
FPS-0422,2025-09,RICE,200,16,KHARIF,9,2025,209,-0.023,1.08,0
FPS-0422,2025-09,WHEAT,200,16,KHARIF,9,2025,211,0.062,1.08,0
FPS-0423,2025-09,RICE,200,12,KHARIF,9,2025,190,0.018,1.08,0
FPS-0423,2025-09,WHEAT,200,12,KHARIF,9,2025,204,0.035,1.08,0
FPS-0424,2025-09,RICE,247,18,KHARIF,9,2025,254,0.017,1.08,0
FPS-0424,2025-09,WHEAT,200,18,KHARIF,9,2025,210,0.051,1.08,0
FPS-0425,2025-09,RICE,200,17,KHARIF,9,2025,206,0.048,1.08,0
FPS-0425,2025-09,WHEAT,200,17,KHARIF,9,2025,187,-0.043,1.08,0
FPS-0426,2025-09,RICE,273,21,KHARIF,9,2025,264,-0.016,1.08,0
FPS-0426,2025-09,WHEAT,218,21,KHARIF,9,2025,216,0.076,1.08,0
FPS-0427,2025-09,RICE,200,13,KHARIF,9,2025,192,-0.049,1.08,0
FPS-0427,2025-09,WHEAT,200,13,KHARIF,9,2025,198,0.046,1.08,0
FPS-0428,2025-09,RICE,200,16,KHARIF,9,2025,192,-0.049,1.08,0
FPS-0428,2025-09,WHEAT,200,16,KHARIF,9,2025,195,0.042,1.08,0
FPS-0429,2025-09,RICE,200,11,KHARIF,9,2025,200,-0.028,1.08,0
FPS-0429,2025-09,WHEAT,200,11,KHARIF,9,2025,193,0.048,1.08,0
FPS-0430,2025-09,RICE,224,16,KHARIF,9,2025,223,0.064,1.08,0
FPS-0430,2025-09,WHEAT,200,16,KHARIF,9,2025,202,-0.027,1.08,0
FPS-0431,2025-09,RICE,200,4,KHARIF,9,2025,198,0.007,1.08,0
FPS-0431,2025-09,WHEAT,200,4,KHARIF,9,2025,197,0.05,1.08,0
FPS-0432,2025-09,RICE,395,24,KHARIF,9,2025,406,-0.007,1.08,0
FPS-0432,2025-09,WHEAT,298,24,KHARIF,9,2025,277,0.07,1.08,0
FPS-0433,2025-09,RICE,200,10,KHARIF,9,2025,207,0.056,1.08,0
FPS-0433,2025-09,WHEAT,200,10,KHARIF,9,2025,188,0.027,1.08,0
FPS-0434,2025-09,RICE,318,25,KHARIF,9,2025,323,0.055,1.08,0
FPS-0434,2025-09,WHEAT,228,25,KHARIF,9,2025,225,0.049,1.08,0
FPS-0435,2025-09,RICE,240,19,KHARIF,9,2025,250,-0.006,1.08,0
FPS-0435,2025-09,WHEAT,200,19,KHARIF,9,2025,200,-0.024,1.08,0
FPS-0436,2025-09,RICE,200,15,KHARIF,9,2025,200,-0.041,1.08,0
FPS-0436,2025-09,WHEAT,200,15,KHARIF,9,2025,190,0.028,1.08,0
FPS-0437,2025-09,RICE,200,13,KHARIF,9,2025,187,0.019,1.08,0
FPS-0437,2025-09,WHEAT,200,13,KHARIF,9,2025,184,0.015,1.08,0
FPS-0438,2025-09,RICE,200,16,KHARIF,9,2025,204,-0.03,1.08,0
FPS-0438,2025-09,WHEAT,200,16,KHARIF,9,2025,194,0.026,1.08,0
FPS-0439,2025-09,RICE,269,19,KHARIF,9,2025,284,-0.001,1.08,0
FPS-0439,2025-09,WHEAT,220,19,KHARIF,9,2025,207,0.078,1.08,0
FPS-0440,2025-09,RICE,200,17,KHARIF,9,2025,190,-0.01,1.08,0
FPS-0440,2025-09,WHEAT,200,17,KHARIF,9,2025,193,-0.001,1.08,0
FPS-0441,2025-09,RICE,312,22,KHARIF,9,2025,304,-0.033,1.08,0
FPS-0441,2025-09,WHEAT,236,22,KHARIF,9,2025,242,0.011,1.08,0
FPS-0442,2025-09,RICE,200,14,KHARIF,9,2025,188,0.025,1.08,0
FPS-0442,2025-09,WHEAT,200,14,KHARIF,9,2025,184,-0.019,1.08,0
FPS-0443,2025-09,RICE,200,15,KHARIF,9,2025,200,-0.005,1.08,0
FPS-0443,2025-09,WHEAT,200,15,KHARIF,9,2025,196,-0.049,1.08,0
FPS-0444,2025-09,RICE,200,12,KHARIF,9,2025,185,0.07,1.08,0
FPS-0444,2025-09,WHEAT,200,12,KHARIF,9,2025,189,-0.031,1.08,0
FPS-0445,2025-09,RICE,200,12,KHARIF,9,2025,207,0.037,1.08,0
FPS-0445,2025-09,WHEAT,200,12,KHARIF,9,2025,202,-0.044,1.08,0
FPS-0446,2025-09,RICE,200,14,KHARIF,9,2025,200,-0.009,1.08,0
FPS-0446,2025-09,WHEAT,200,14,KHARIF,9,2025,206,-0.022,1.08,0
FPS-0447,2025-09,RICE,200,13,KHARIF,9,2025,206,-0.037,1.08,0
FPS-0447,2025-09,WHEAT,200,13,KHARIF,9,2025,202,0.033,1.08,0
FPS-0448,2025-09,RICE,200,13,KHARIF,9,2025,192,-0.035,1.08,0
FPS-0448,2025-09,WHEAT,200,13,KHARIF,9,2025,195,0.051,1.08,0
FPS-0449,2025-09,RICE,200,15,KHARIF,9,2025,209,0.06,1.08,0
FPS-0449,2025-09,WHEAT,200,15,KHARIF,9,2025,211,-0.021,1.08,0
FPS-0450,2025-09,RICE,200,14,KHARIF,9,2025,187,0.057,1.08,0
FPS-0450,2025-09,WHEAT,200,14,KHARIF,9,2025,197,0.037,1.08,0
FPS-0451,2025-09,RICE,313,23,KHARIF,9,2025,329,0.025,1.08,0
FPS-0451,2025-09,WHEAT,209,23,KHARIF,9,2025,216,0.014,1.08,0
FPS-0452,2025-09,RICE,235,17,KHARIF,9,2025,216,-0.03,1.08,0
FPS-0452,2025-09,WHEAT,200,17,KHARIF,9,2025,190,0.066,1.08,0
FPS-0453,2025-09,RICE,200,15,KHARIF,9,2025,184,-0.026,1.08,0
FPS-0453,2025-09,WHEAT,200,15,KHARIF,9,2025,195,-0.004,1.08,0
FPS-0454,2025-09,RICE,242,20,KHARIF,9,2025,226,0.027,1.08,0
FPS-0454,2025-09,WHEAT,200,20,KHARIF,9,2025,199,0.079,1.08,0
FPS-0455,2025-09,RICE,226,18,KHARIF,9,2025,216,0.07,1.08,0
FPS-0455,2025-09,WHEAT,200,18,KHARIF,9,2025,192,0.061,1.08,0
FPS-0456,2025-09,RICE,211,14,KHARIF,9,2025,195,0.004,1.08,0
FPS-0456,2025-09,WHEAT,200,14,KHARIF,9,2025,194,0.042,1.08,0
FPS-0457,2025-09,RICE,254,19,KHARIF,9,2025,246,0.04,1.08,0
FPS-0457,2025-09,WHEAT,200,19,KHARIF,9,2025,198,0.074,1.08,0
FPS-0458,2025-09,RICE,209,15,KHARIF,9,2025,202,0.07,1.08,0
FPS-0458,2025-09,WHEAT,200,15,KHARIF,9,2025,201,0.036,1.08,0
FPS-0459,2025-09,RICE,234,18,KHARIF,9,2025,246,0.02,1.08,0
FPS-0459,2025-09,WHEAT,200,18,KHARIF,9,2025,188,0.078,1.08,0
FPS-0460,2025-09,RICE,200,14,KHARIF,9,2025,211,-0.022,1.08,0
FPS-0460,2025-09,WHEAT,200,14,KHARIF,9,2025,193,-0.009,1.08,0
FPS-0461,2025-09,RICE,264,22,KHARIF,9,2025,255,0.018,1.08,0
FPS-0461,2025-09,WHEAT,200,22,KHARIF,9,2025,194,-0.042,1.08,0
FPS-0462,2025-09,RICE,200,12,KHARIF,9,2025,193,0.004,1.08,0
FPS-0462,2025-09,WHEAT,200,12,KHARIF,9,2025,200,0.008,1.08,0
FPS-0463,2025-09,RICE,296,23,KHARIF,9,2025,274,-0.005,1.08,0
FPS-0463,2025-09,WHEAT,217,23,KHARIF,9,2025,222,-0.005,1.08,0
FPS-0464,2025-09,RICE,212,16,KHARIF,9,2025,199,-0.039,1.08,0
FPS-0464,2025-09,WHEAT,200,16,KHARIF,9,2025,194,0.001,1.08,0
FPS-0465,2025-09,RICE,200,16,KHARIF,9,2025,201,-0.03,1.08,0
FPS-0465,2025-09,WHEAT,200,16,KHARIF,9,2025,203,-0.005,1.08,0
FPS-0466,2025-09,RICE,200,15,KHARIF,9,2025,206,0.04,1.08,0
FPS-0466,2025-09,WHEAT,200,15,KHARIF,9,2025,197,0.038,1.08,0
FPS-0467,2025-09,RICE,200,9,KHARIF,9,2025,205,0.025,1.08,0
FPS-0467,2025-09,WHEAT,200,9,KHARIF,9,2025,195,-0.033,1.08,0
FPS-0468,2025-09,RICE,217,17,KHARIF,9,2025,201,0.009,1.08,0
FPS-0468,2025-09,WHEAT,200,17,KHARIF,9,2025,205,-0.009,1.08,0
FPS-0469,2025-09,RICE,200,12,KHARIF,9,2025,204,-0.031,1.08,0
FPS-0469,2025-09,WHEAT,200,12,KHARIF,9,2025,208,-0.002,1.08,0
FPS-0470,2025-09,RICE,347,22,KHARIF,9,2025,340,0.061,1.08,0
FPS-0470,2025-09,WHEAT,250,22,KHARIF,9,2025,260,0.04,1.08,0
FPS-0471,2025-09,RICE,207,13,KHARIF,9,2025,215,0.044,1.08,0
FPS-0471,2025-09,WHEAT,200,13,KHARIF,9,2025,199,0.019,1.08,0
FPS-0472,2025-09,RICE,286,20,KHARIF,9,2025,290,0.017,1.08,0
FPS-0472,2025-09,WHEAT,201,20,KHARIF,9,2025,190,0.018,1.08,0
FPS-0473,2025-09,RICE,241,17,KHARIF,9,2025,240,0.073,1.08,0
FPS-0473,2025-09,WHEAT,200,17,KHARIF,9,2025,203,-0.033,1.08,0
FPS-0474,2025-09,RICE,200,17,KHARIF,9,2025,200,-0.01,1.08,0
FPS-0474,2025-09,WHEAT,200,17,KHARIF,9,2025,188,0.035,1.08,0
FPS-0475,2025-09,RICE,256,18,KHARIF,9,2025,241,0.078,1.08,0
FPS-0475,2025-09,WHEAT,200,18,KHARIF,9,2025,209,0.004,1.08,0
FPS-0476,2025-09,RICE,200,14,KHARIF,9,2025,210,-0.039,1.08,0
FPS-0476,2025-09,WHEAT,200,14,KHARIF,9,2025,188,-0.013,1.08,0
FPS-0477,2025-09,RICE,256,21,KHARIF,9,2025,236,0.016,1.08,0
FPS-0477,2025-09,WHEAT,206,21,KHARIF,9,2025,209,0.078,1.08,0
FPS-0478,2025-09,RICE,200,15,KHARIF,9,2025,186,-0.037,1.08,0
FPS-0478,2025-09,WHEAT,200,15,KHARIF,9,2025,184,0.042,1.08,0
FPS-0479,2025-09,RICE,263,17,KHARIF,9,2025,250,0.016,1.08,0
FPS-0479,2025-09,WHEAT,200,17,KHARIF,9,2025,211,-0.007,1.08,0
FPS-0480,2025-09,RICE,200,12,KHARIF,9,2025,197,-0.042,1.08,0
FPS-0480,2025-09,WHEAT,200,12,KHARIF,9,2025,201,0.032,1.08,0
FPS-0481,2025-09,RICE,225,17,KHARIF,9,2025,208,0.068,1.08,0
FPS-0481,2025-09,WHEAT,200,17,KHARIF,9,2025,206,0.023,1.08,0
FPS-0482,2025-09,RICE,211,16,KHARIF,9,2025,199,0.059,1.08,0
FPS-0482,2025-09,WHEAT,200,16,KHARIF,9,2025,189,-0.022,1.08,0
FPS-0483,2025-09,RICE,200,10,KHARIF,9,2025,185,0.049,1.08,0
FPS-0483,2025-09,WHEAT,200,10,KHARIF,9,2025,187,0.029,1.08,0
FPS-0484,2025-09,RICE,208,16,KHARIF,9,2025,219,-0.014,1.08,0
FPS-0484,2025-09,WHEAT,200,16,KHARIF,9,2025,191,0.054,1.08,0
FPS-0485,2025-09,RICE,200,13,KHARIF,9,2025,204,0.033,1.08,0
FPS-0485,2025-09,WHEAT,200,13,KHARIF,9,2025,204,-0.03,1.08,0
FPS-0486,2025-09,RICE,253,21,KHARIF,9,2025,240,0.047,1.08,0
FPS-0486,2025-09,WHEAT,200,21,KHARIF,9,2025,195,0.06,1.08,0
FPS-0487,2025-09,RICE,200,14,KHARIF,9,2025,202,0.05,1.08,0
FPS-0487,2025-09,WHEAT,200,14,KHARIF,9,2025,188,0.015,1.08,0
FPS-0488,2025-09,RICE,200,11,KHARIF,9,2025,190,0.04,1.08,0
FPS-0488,2025-09,WHEAT,200,11,KHARIF,9,2025,191,-0.023,1.08,0
FPS-0489,2025-09,RICE,231,20,KHARIF,9,2025,243,-0.037,1.08,0
FPS-0489,2025-09,WHEAT,200,20,KHARIF,9,2025,190,0.039,1.08,0
FPS-0490,2025-09,RICE,245,16,KHARIF,9,2025,231,0.059,1.08,0
FPS-0490,2025-09,WHEAT,200,16,KHARIF,9,2025,184,-0.04,1.08,0
FPS-0491,2025-09,RICE,255,16,KHARIF,9,2025,248,0.003,1.08,0
FPS-0491,2025-09,WHEAT,200,16,KHARIF,9,2025,187,-0.025,1.08,0
FPS-0492,2025-09,RICE,315,24,KHARIF,9,2025,333,-0.025,1.08,0
FPS-0492,2025-09,WHEAT,234,24,KHARIF,9,2025,219,-0.026,1.08,0
FPS-0493,2025-09,RICE,226,17,KHARIF,9,2025,214,0.009,1.08,0
FPS-0493,2025-09,WHEAT,200,17,KHARIF,9,2025,186,0.029,1.08,0
FPS-0494,2025-09,RICE,200,11,KHARIF,9,2025,195,0.063,1.08,0
FPS-0494,2025-09,WHEAT,200,11,KHARIF,9,2025,198,0.006,1.08,0
FPS-0495,2025-09,RICE,200,12,KHARIF,9,2025,196,0.054,1.08,0
FPS-0495,2025-09,WHEAT,200,12,KHARIF,9,2025,194,0.058,1.08,0
FPS-0496,2025-09,RICE,200,15,KHARIF,9,2025,207,-0.014,1.08,0
FPS-0496,2025-09,WHEAT,200,15,KHARIF,9,2025,193,-0.026,1.08,0
FPS-0497,2025-09,RICE,245,19,KHARIF,9,2025,225,0.078,1.08,0
FPS-0497,2025-09,WHEAT,200,19,KHARIF,9,2025,192,-0.017,1.08,0
FPS-0498,2025-09,RICE,241,16,KHARIF,9,2025,231,0.023,1.08,0
FPS-0498,2025-09,WHEAT,200,16,KHARIF,9,2025,199,0.002,1.08,0
FPS-0499,2025-09,RICE,270,20,KHARIF,9,2025,274,-0.034,1.08,0
FPS-0499,2025-09,WHEAT,213,20,KHARIF,9,2025,217,0.041,1.08,0
FPS-0500,2025-09,RICE,200,15,KHARIF,9,2025,211,0.065,1.08,0
FPS-0500,2025-09,WHEAT,200,15,KHARIF,9,2025,204,0.057,1.08,0
FPS-0501,2025-09,RICE,216,17,KHARIF,9,2025,221,0.074,1.08,0
FPS-0501,2025-09,WHEAT,200,17,KHARIF,9,2025,203,0.037,1.08,0
FPS-0502,2025-09,RICE,279,19,KHARIF,9,2025,282,0.052,1.08,0
FPS-0502,2025-09,WHEAT,200,19,KHARIF,9,2025,206,0.023,1.08,0
FPS-0503,2025-09,RICE,242,19,KHARIF,9,2025,245,0.007,1.08,0
FPS-0503,2025-09,WHEAT,200,19,KHARIF,9,2025,188,0.028,1.08,0
FPS-0504,2025-09,RICE,233,16,KHARIF,9,2025,219,0.079,1.08,0
FPS-0504,2025-09,WHEAT,200,16,KHARIF,9,2025,191,0.024,1.08,0
FPS-0505,2025-09,RICE,202,17,KHARIF,9,2025,203,0.017,1.08,0
FPS-0505,2025-09,WHEAT,200,17,KHARIF,9,2025,196,0.027,1.08,0
FPS-0506,2025-09,RICE,200,14,KHARIF,9,2025,211,-0.036,1.08,0
FPS-0506,2025-09,WHEAT,200,14,KHARIF,9,2025,191,0.031,1.08,0
FPS-0507,2025-09,RICE,200,12,KHARIF,9,2025,211,-0.011,1.08,0
FPS-0507,2025-09,WHEAT,200,12,KHARIF,9,2025,209,-0.017,1.08,0
FPS-0508,2025-09,RICE,287,22,KHARIF,9,2025,282,0.076,1.08,0
FPS-0508,2025-09,WHEAT,212,22,KHARIF,9,2025,211,0.04,1.08,0
FPS-0509,2025-09,RICE,222,16,KHARIF,9,2025,206,0.038,1.08,0
FPS-0509,2025-09,WHEAT,200,16,KHARIF,9,2025,208,-0.025,1.08,0
FPS-0510,2025-09,RICE,200,13,KHARIF,9,2025,204,0.041,1.08,0
FPS-0510,2025-09,WHEAT,200,13,KHARIF,9,2025,187,0.002,1.08,0
FPS-0511,2025-09,RICE,200,15,KHARIF,9,2025,202,-0.046,1.08,0
FPS-0511,2025-09,WHEAT,200,15,KHARIF,9,2025,192,0.071,1.08,0
FPS-0512,2025-09,RICE,200,12,KHARIF,9,2025,203,0.045,1.08,0
FPS-0512,2025-09,WHEAT,200,12,KHARIF,9,2025,187,0.047,1.08,0
FPS-0513,2025-09,RICE,225,17,KHARIF,9,2025,226,0.065,1.08,0
FPS-0513,2025-09,WHEAT,200,17,KHARIF,9,2025,192,0.003,1.08,0
FPS-0514,2025-09,RICE,200,5,KHARIF,9,2025,189,0.071,1.08,0
FPS-0514,2025-09,WHEAT,200,5,KHARIF,9,2025,186,0.069,1.08,0
FPS-0515,2025-09,RICE,200,8,KHARIF,9,2025,209,0.017,1.08,0
FPS-0515,2025-09,WHEAT,200,8,KHARIF,9,2025,209,0.008,1.08,0
FPS-0516,2025-09,RICE,200,11,KHARIF,9,2025,195,0.004,1.08,0
FPS-0516,2025-09,WHEAT,200,11,KHARIF,9,2025,208,-0.045,1.08,0
FPS-0517,2025-09,RICE,200,16,KHARIF,9,2025,186,0.058,1.08,0
FPS-0517,2025-09,WHEAT,200,16,KHARIF,9,2025,208,-0.001,1.08,0
FPS-0518,2025-09,RICE,212,16,KHARIF,9,2025,223,-0.014,1.08,0
FPS-0518,2025-09,WHEAT,200,16,KHARIF,9,2025,193,-0.036,1.08,0
FPS-0519,2025-09,RICE,230,15,KHARIF,9,2025,228,0.043,1.08,0
FPS-0519,2025-09,WHEAT,200,15,KHARIF,9,2025,204,0.028,1.08,0
FPS-0520,2025-09,RICE,200,15,KHARIF,9,2025,189,0.003,1.08,0
FPS-0520,2025-09,WHEAT,200,15,KHARIF,9,2025,210,-0.02,1.08,0
FPS-0521,2025-09,RICE,256,23,KHARIF,9,2025,241,0.016,1.08,0
FPS-0521,2025-09,WHEAT,208,23,KHARIF,9,2025,193,0.068,1.08,0
FPS-0522,2025-09,RICE,266,20,KHARIF,9,2025,274,0.045,1.08,0
FPS-0522,2025-09,WHEAT,200,20,KHARIF,9,2025,186,0.043,1.08,0
FPS-0523,2025-09,RICE,226,18,KHARIF,9,2025,232,-0.01,1.08,0
FPS-0523,2025-09,WHEAT,200,18,KHARIF,9,2025,211,0.018,1.08,0
FPS-0524,2025-09,RICE,200,12,KHARIF,9,2025,210,0.022,1.08,0
FPS-0524,2025-09,WHEAT,200,12,KHARIF,9,2025,197,0.025,1.08,0
FPS-0525,2025-09,RICE,200,12,KHARIF,9,2025,191,-0.046,1.08,0
FPS-0525,2025-09,WHEAT,200,12,KHARIF,9,2025,184,0.041,1.08,0
FPS-0526,2025-09,RICE,207,16,KHARIF,9,2025,192,-0.03,1.08,0
FPS-0526,2025-09,WHEAT,200,16,KHARIF,9,2025,202,-0.038,1.08,0
FPS-0527,2025-09,RICE,207,17,KHARIF,9,2025,203,0.057,1.08,0
FPS-0527,2025-09,WHEAT,200,17,KHARIF,9,2025,208,0.045,1.08,0
FPS-0528,2025-09,RICE,234,17,KHARIF,9,2025,215,0.039,1.08,0
FPS-0528,2025-09,WHEAT,200,17,KHARIF,9,2025,211,-0.024,1.08,0
FPS-0529,2025-09,RICE,336,25,KHARIF,9,2025,343,0.078,1.08,0
FPS-0529,2025-09,WHEAT,228,25,KHARIF,9,2025,232,0.014,1.08,0
FPS-0530,2025-09,RICE,232,17,KHARIF,9,2025,240,0.004,1.08,0
FPS-0530,2025-09,WHEAT,200,17,KHARIF,9,2025,198,-0.019,1.08,0
FPS-0531,2025-09,RICE,200,19,KHARIF,9,2025,185,-0.05,1.08,0
FPS-0531,2025-09,WHEAT,200,19,KHARIF,9,2025,187,-0.018,1.08,0
FPS-0532,2025-09,RICE,200,14,KHARIF,9,2025,201,-0.005,1.08,0
FPS-0532,2025-09,WHEAT,200,14,KHARIF,9,2025,206,-0.004,1.08,0
FPS-0533,2025-09,RICE,226,20,KHARIF,9,2025,222,-0.031,1.08,0
FPS-0533,2025-09,WHEAT,200,20,KHARIF,9,2025,187,-0.008,1.08,0
FPS-0534,2025-09,RICE,200,11,KHARIF,9,2025,209,-0.028,1.08,0
FPS-0534,2025-09,WHEAT,200,11,KHARIF,9,2025,198,-0.03,1.08,0
FPS-0535,2025-09,RICE,281,22,KHARIF,9,2025,282,0.047,1.08,0
FPS-0535,2025-09,WHEAT,200,22,KHARIF,9,2025,197,0.048,1.08,0
FPS-0536,2025-09,RICE,200,15,KHARIF,9,2025,196,0.025,1.08,0
FPS-0536,2025-09,WHEAT,200,15,KHARIF,9,2025,207,0.049,1.08,0
FPS-0537,2025-09,RICE,200,11,KHARIF,9,2025,206,0.022,1.08,0
FPS-0537,2025-09,WHEAT,200,11,KHARIF,9,2025,203,0.046,1.08,0
FPS-0538,2025-09,RICE,200,11,KHARIF,9,2025,197,0.038,1.08,0
FPS-0538,2025-09,WHEAT,200,11,KHARIF,9,2025,201,0.079,1.08,0
FPS-0539,2025-09,RICE,257,17,KHARIF,9,2025,239,0.052,1.08,0
FPS-0539,2025-09,WHEAT,200,17,KHARIF,9,2025,204,-0.004,1.08,0
FPS-0540,2025-09,RICE,200,8,KHARIF,9,2025,201,-0.037,1.08,0
FPS-0540,2025-09,WHEAT,200,8,KHARIF,9,2025,206,-0.008,1.08,0
FPS-0541,2025-09,RICE,200,15,KHARIF,9,2025,184,0.033,1.08,0
FPS-0541,2025-09,WHEAT,200,15,KHARIF,9,2025,209,-0.038,1.08,0
FPS-0542,2025-09,RICE,200,13,KHARIF,9,2025,184,0.028,1.08,0
FPS-0542,2025-09,WHEAT,200,13,KHARIF,9,2025,207,-0.006,1.08,0
FPS-0543,2025-09,RICE,200,13,KHARIF,9,2025,202,-0.041,1.08,0
FPS-0543,2025-09,WHEAT,200,13,KHARIF,9,2025,211,-0.042,1.08,0
FPS-0544,2025-09,RICE,200,19,KHARIF,9,2025,192,0.046,1.08,0
FPS-0544,2025-09,WHEAT,200,19,KHARIF,9,2025,184,0.03,1.08,0
FPS-0545,2025-09,RICE,200,9,KHARIF,9,2025,206,-0.006,1.08,0
FPS-0545,2025-09,WHEAT,200,9,KHARIF,9,2025,195,0.029,1.08,0
FPS-0546,2025-09,RICE,299,20,KHARIF,9,2025,295,-0.004,1.08,0
FPS-0546,2025-09,WHEAT,203,20,KHARIF,9,2025,206,-0.043,1.08,0
FPS-0547,2025-09,RICE,200,11,KHARIF,9,2025,185,0.021,1.08,0
FPS-0547,2025-09,WHEAT,200,11,KHARIF,9,2025,206,-0.044,1.08,0
FPS-0548,2025-09,RICE,211,16,KHARIF,9,2025,214,0.031,1.08,0
FPS-0548,2025-09,WHEAT,200,16,KHARIF,9,2025,185,-0.049,1.08,0
FPS-0549,2025-09,RICE,252,23,KHARIF,9,2025,241,-0.046,1.08,0
FPS-0549,2025-09,WHEAT,200,23,KHARIF,9,2025,188,-0.007,1.08,0
FPS-0550,2025-09,RICE,200,10,KHARIF,9,2025,207,0.013,1.08,0
FPS-0550,2025-09,WHEAT,200,10,KHARIF,9,2025,193,-0.025,1.08,0
FPS-0551,2025-09,RICE,200,18,KHARIF,9,2025,194,-0.016,1.08,0
FPS-0551,2025-09,WHEAT,200,18,KHARIF,9,2025,210,0.002,1.08,0
FPS-0552,2025-09,RICE,200,13,KHARIF,9,2025,201,-0.018,1.08,0
FPS-0552,2025-09,WHEAT,200,13,KHARIF,9,2025,190,0.041,1.08,0
FPS-0553,2025-09,RICE,309,23,KHARIF,9,2025,296,0.042,1.08,0
FPS-0553,2025-09,WHEAT,215,23,KHARIF,9,2025,226,0.013,1.08,0
FPS-0554,2025-09,RICE,200,10,KHARIF,9,2025,204,-0.017,1.08,0
FPS-0554,2025-09,WHEAT,200,10,KHARIF,9,2025,196,0.022,1.08,0
FPS-0555,2025-09,RICE,297,23,KHARIF,9,2025,297,0.07,1.08,0
FPS-0555,2025-09,WHEAT,219,23,KHARIF,9,2025,224,0.063,1.08,0
FPS-0556,2025-09,RICE,239,20,KHARIF,9,2025,252,-0.028,1.08,0
FPS-0556,2025-09,WHEAT,200,20,KHARIF,9,2025,199,0.055,1.08,0
FPS-0557,2025-09,RICE,263,19,KHARIF,9,2025,272,0.076,1.08,0
FPS-0557,2025-09,WHEAT,200,19,KHARIF,9,2025,186,-0.003,1.08,0
FPS-0558,2025-09,RICE,311,21,KHARIF,9,2025,308,-0.036,1.08,0
FPS-0558,2025-09,WHEAT,239,21,KHARIF,9,2025,240,0.068,1.08,0
FPS-0559,2025-09,RICE,208,18,KHARIF,9,2025,200,-0.026,1.08,0
FPS-0559,2025-09,WHEAT,200,18,KHARIF,9,2025,196,-0.046,1.08,0
FPS-0560,2025-09,RICE,275,21,KHARIF,9,2025,282,-0.036,1.08,0
FPS-0560,2025-09,WHEAT,206,21,KHARIF,9,2025,216,-0.045,1.08,0
FPS-0561,2025-09,RICE,200,13,KHARIF,9,2025,185,0.003,1.08,0
FPS-0561,2025-09,WHEAT,200,13,KHARIF,9,2025,191,0.054,1.08,0
FPS-0562,2025-09,RICE,306,20,KHARIF,9,2025,300,-0.027,1.08,0
FPS-0562,2025-09,WHEAT,212,20,KHARIF,9,2025,201,-0.034,1.08,0
FPS-0563,2025-09,RICE,370,30,KHARIF,9,2025,366,-0.022,1.08,0
FPS-0563,2025-09,WHEAT,272,30,KHARIF,9,2025,286,0.024,1.08,0
FPS-0564,2025-09,RICE,200,14,KHARIF,9,2025,195,0.064,1.08,0
FPS-0564,2025-09,WHEAT,200,14,KHARIF,9,2025,186,0.036,1.08,0
FPS-0565,2025-09,RICE,227,19,KHARIF,9,2025,229,0.073,1.08,0
FPS-0565,2025-09,WHEAT,200,19,KHARIF,9,2025,184,0.014,1.08,0
FPS-0566,2025-09,RICE,200,16,KHARIF,9,2025,208,0.014,1.08,0
FPS-0566,2025-09,WHEAT,200,16,KHARIF,9,2025,209,0.027,1.08,0
FPS-0567,2025-09,RICE,200,12,KHARIF,9,2025,207,0.079,1.08,0
FPS-0567,2025-09,WHEAT,200,12,KHARIF,9,2025,193,0.027,1.08,0
FPS-0568,2025-09,RICE,321,20,KHARIF,9,2025,332,0.059,1.08,0
FPS-0568,2025-09,WHEAT,238,20,KHARIF,9,2025,248,0.059,1.08,0
FPS-0569,2025-09,RICE,298,22,KHARIF,9,2025,274,0.025,1.08,0
FPS-0569,2025-09,WHEAT,214,22,KHARIF,9,2025,199,0.018,1.08,0
FPS-0570,2025-09,RICE,200,8,KHARIF,9,2025,209,0.055,1.08,0
FPS-0570,2025-09,WHEAT,200,8,KHARIF,9,2025,187,0.061,1.08,0
FPS-0571,2025-09,RICE,200,16,KHARIF,9,2025,194,-0.044,1.08,0
FPS-0571,2025-09,WHEAT,200,16,KHARIF,9,2025,197,0.04,1.08,0
FPS-0572,2025-09,RICE,289,22,KHARIF,9,2025,288,0.005,1.08,0
FPS-0572,2025-09,WHEAT,208,22,KHARIF,9,2025,203,-0.017,1.08,0
FPS-0573,2025-09,RICE,200,13,KHARIF,9,2025,192,0.042,1.08,0
FPS-0573,2025-09,WHEAT,200,13,KHARIF,9,2025,196,-0.018,1.08,0
FPS-0574,2025-09,RICE,260,20,KHARIF,9,2025,254,0.037,1.08,0
FPS-0574,2025-09,WHEAT,200,20,KHARIF,9,2025,188,-0.035,1.08,0
FPS-0575,2025-09,RICE,362,25,KHARIF,9,2025,350,0.069,1.08,0
FPS-0575,2025-09,WHEAT,240,25,KHARIF,9,2025,236,0.055,1.08,0
FPS-0576,2025-09,RICE,200,13,KHARIF,9,2025,198,-0.001,1.08,0
FPS-0576,2025-09,WHEAT,200,13,KHARIF,9,2025,197,0.053,1.08,0
FPS-0577,2025-09,RICE,200,15,KHARIF,9,2025,205,0.031,1.08,0
FPS-0577,2025-09,WHEAT,200,15,KHARIF,9,2025,186,0.011,1.08,0
FPS-0578,2025-09,RICE,200,11,KHARIF,9,2025,197,0.004,1.08,0
FPS-0578,2025-09,WHEAT,200,11,KHARIF,9,2025,209,0.018,1.08,0
FPS-0579,2025-09,RICE,200,15,KHARIF,9,2025,192,0.02,1.08,0
FPS-0579,2025-09,WHEAT,200,15,KHARIF,9,2025,185,-0.024,1.08,0
FPS-0580,2025-09,RICE,266,22,KHARIF,9,2025,253,0.043,1.08,0
FPS-0580,2025-09,WHEAT,200,22,KHARIF,9,2025,203,0.051,1.08,0
FPS-0581,2025-09,RICE,212,19,KHARIF,9,2025,202,-0.001,1.08,0
FPS-0581,2025-09,WHEAT,200,19,KHARIF,9,2025,208,0.028,1.08,0
FPS-0582,2025-09,RICE,200,7,KHARIF,9,2025,195,0.06,1.08,0
FPS-0582,2025-09,WHEAT,200,7,KHARIF,9,2025,201,0.001,1.08,0
FPS-0583,2025-09,RICE,200,12,KHARIF,9,2025,189,-0.036,1.08,0
FPS-0583,2025-09,WHEAT,200,12,KHARIF,9,2025,195,0.054,1.08,0
FPS-0584,2025-09,RICE,200,10,KHARIF,9,2025,208,-0.03,1.08,0
FPS-0584,2025-09,WHEAT,200,10,KHARIF,9,2025,210,-0.015,1.08,0
FPS-0585,2025-09,RICE,200,15,KHARIF,9,2025,192,0.069,1.08,0
FPS-0585,2025-09,WHEAT,140,15,KHARIF,9,2025,209,0.007,1.08,1
FPS-0586,2025-09,RICE,200,15,KHARIF,9,2025,208,-0.018,1.08,0
FPS-0586,2025-09,WHEAT,200,15,KHARIF,9,2025,196,-0.05,1.08,0
FPS-0587,2025-09,RICE,247,17,KHARIF,9,2025,227,0.068,1.08,0
FPS-0587,2025-09,WHEAT,200,17,KHARIF,9,2025,205,0.035,1.08,0
FPS-0588,2025-09,RICE,212,19,KHARIF,9,2025,213,-0.034,1.08,0
FPS-0588,2025-09,WHEAT,200,19,KHARIF,9,2025,203,0.036,1.08,0
FPS-0589,2025-09,RICE,200,13,KHARIF,9,2025,193,0.044,1.08,0
FPS-0589,2025-09,WHEAT,200,13,KHARIF,9,2025,188,-0.004,1.08,0
FPS-0590,2025-09,RICE,200,14,KHARIF,9,2025,209,0.008,1.08,0
FPS-0590,2025-09,WHEAT,200,14,KHARIF,9,2025,203,-0.027,1.08,0
FPS-0591,2025-09,RICE,200,15,KHARIF,9,2025,200,0.053,1.08,0
FPS-0591,2025-09,WHEAT,200,15,KHARIF,9,2025,200,0.002,1.08,0
FPS-0592,2025-09,RICE,227,18,KHARIF,9,2025,215,-0.009,1.08,0
FPS-0592,2025-09,WHEAT,200,18,KHARIF,9,2025,210,0.036,1.08,0
FPS-0593,2025-09,RICE,335,27,KHARIF,9,2025,325,-0.001,1.08,0
FPS-0593,2025-09,WHEAT,230,27,KHARIF,9,2025,242,-0.01,1.08,0
FPS-0594,2025-09,RICE,208,16,KHARIF,9,2025,195,-0.03,1.08,0
FPS-0594,2025-09,WHEAT,200,16,KHARIF,9,2025,198,0.01,1.08,0
FPS-0595,2025-09,RICE,200,15,KHARIF,9,2025,198,0.031,1.08,0
FPS-0595,2025-09,WHEAT,200,15,KHARIF,9,2025,209,-0.005,1.08,0
FPS-0596,2025-09,RICE,200,15,KHARIF,9,2025,199,-0.03,1.08,0
FPS-0596,2025-09,WHEAT,200,15,KHARIF,9,2025,190,0.005,1.08,0
FPS-0597,2025-09,RICE,421,26,KHARIF,9,2025,438,-0.004,1.08,0
FPS-0597,2025-09,WHEAT,304,26,KHARIF,9,2025,285,-0.023,1.08,0
FPS-0598,2025-09,RICE,265,16,KHARIF,9,2025,250,-0.008,1.08,0
FPS-0598,2025-09,WHEAT,208,16,KHARIF,9,2025,205,0.029,1.08,0
FPS-0599,2025-09,RICE,200,15,KHARIF,9,2025,196,-0.002,1.08,0
FPS-0599,2025-09,WHEAT,200,15,KHARIF,9,2025,201,-0.019,1.08,0
FPS-0600,2025-09,RICE,200,13,KHARIF,9,2025,195,0.056,1.08,0
FPS-0600,2025-09,WHEAT,200,13,KHARIF,9,2025,210,-0.048,1.08,0
FPS-0001,2025-10,RICE,288,22,SUMMER,10,2025,303,0.026,0.96,0
FPS-0001,2025-10,WHEAT,200,22,SUMMER,10,2025,206,-0.024,0.96,0
FPS-0002,2025-10,RICE,200,13,SUMMER,10,2025,210,-0.035,0.96,0
FPS-0002,2025-10,WHEAT,200,13,SUMMER,10,2025,189,-0.041,0.96,0
FPS-0003,2025-10,RICE,270,25,SUMMER,10,2025,257,0.029,0.96,0
FPS-0003,2025-10,WHEAT,209,25,SUMMER,10,2025,209,0.048,0.96,0
FPS-0004,2025-10,RICE,200,13,SUMMER,10,2025,192,0.075,0.96,0
FPS-0004,2025-10,WHEAT,200,13,SUMMER,10,2025,189,0.05,0.96,0
FPS-0005,2025-10,RICE,202,18,SUMMER,10,2025,202,0.004,0.96,0
FPS-0005,2025-10,WHEAT,200,18,SUMMER,10,2025,191,-0.035,0.96,0
FPS-0006,2025-10,RICE,286,20,SUMMER,10,2025,283,0.013,0.96,0
FPS-0006,2025-10,WHEAT,200,20,SUMMER,10,2025,211,-0.026,0.96,0
FPS-0007,2025-10,RICE,200,11,SUMMER,10,2025,188,0.045,0.96,0
FPS-0007,2025-10,WHEAT,200,11,SUMMER,10,2025,206,0.07,0.96,0
FPS-0008,2025-10,RICE,203,17,SUMMER,10,2025,190,0.074,0.96,0
FPS-0008,2025-10,WHEAT,200,17,SUMMER,10,2025,192,0.022,0.96,0
FPS-0009,2025-10,RICE,200,13,SUMMER,10,2025,203,0.073,0.96,0
FPS-0009,2025-10,WHEAT,200,13,SUMMER,10,2025,210,0.024,0.96,0
FPS-0010,2025-10,RICE,253,17,SUMMER,10,2025,238,0.047,0.96,0
FPS-0010,2025-10,WHEAT,200,17,SUMMER,10,2025,195,0.045,0.96,0
FPS-0011,2025-10,RICE,200,14,SUMMER,10,2025,204,0.025,0.96,0
FPS-0011,2025-10,WHEAT,140,14,SUMMER,10,2025,203,0.06,0.96,1
FPS-0012,2025-10,RICE,243,20,SUMMER,10,2025,233,-0.006,0.96,0
FPS-0012,2025-10,WHEAT,200,20,SUMMER,10,2025,186,0.045,0.96,0
FPS-0013,2025-10,RICE,216,17,SUMMER,10,2025,205,-0.014,0.96,0
FPS-0013,2025-10,WHEAT,200,17,SUMMER,10,2025,184,0.07,0.96,0
FPS-0014,2025-10,RICE,200,11,SUMMER,10,2025,200,0.017,0.96,0
FPS-0014,2025-10,WHEAT,200,11,SUMMER,10,2025,208,0.011,0.96,0
FPS-0015,2025-10,RICE,200,14,SUMMER,10,2025,187,-0.029,0.96,0
FPS-0015,2025-10,WHEAT,200,14,SUMMER,10,2025,207,0.032,0.96,0
FPS-0016,2025-10,RICE,221,20,SUMMER,10,2025,228,-0.008,0.96,0
FPS-0016,2025-10,WHEAT,200,20,SUMMER,10,2025,205,-0.041,0.96,0
FPS-0017,2025-10,RICE,200,15,SUMMER,10,2025,208,0.003,0.96,0
FPS-0017,2025-10,WHEAT,200,15,SUMMER,10,2025,191,0.025,0.96,0
FPS-0018,2025-10,RICE,267,24,SUMMER,10,2025,273,-0.047,0.96,0
FPS-0018,2025-10,WHEAT,200,24,SUMMER,10,2025,202,0.009,0.96,0
FPS-0019,2025-10,RICE,234,18,SUMMER,10,2025,226,0.039,0.96,0
FPS-0019,2025-10,WHEAT,200,18,SUMMER,10,2025,190,-0.02,0.96,0
FPS-0020,2025-10,RICE,200,15,SUMMER,10,2025,185,0.007,0.96,0
FPS-0020,2025-10,WHEAT,200,15,SUMMER,10,2025,201,0.02,0.96,0
FPS-0021,2025-10,RICE,293,26,SUMMER,10,2025,284,-0.023,0.96,0
FPS-0021,2025-10,WHEAT,222,26,SUMMER,10,2025,219,-0.031,0.96,0
FPS-0022,2025-10,RICE,200,15,SUMMER,10,2025,210,-0.015,0.96,0
FPS-0022,2025-10,WHEAT,200,15,SUMMER,10,2025,206,-0.021,0.96,0
FPS-0023,2025-10,RICE,200,16,SUMMER,10,2025,203,0.036,0.96,0
FPS-0023,2025-10,WHEAT,200,16,SUMMER,10,2025,201,0.034,0.96,0
FPS-0024,2025-10,RICE,200,18,SUMMER,10,2025,194,-0.029,0.96,0
FPS-0024,2025-10,WHEAT,200,18,SUMMER,10,2025,210,0.027,0.96,0
FPS-0025,2025-10,RICE,275,19,SUMMER,10,2025,285,0.067,0.96,0
FPS-0025,2025-10,WHEAT,200,19,SUMMER,10,2025,196,0.029,0.96,0
FPS-0026,2025-10,RICE,200,16,SUMMER,10,2025,193,0.017,0.96,0
FPS-0026,2025-10,WHEAT,200,16,SUMMER,10,2025,206,0.004,0.96,0
FPS-0027,2025-10,RICE,200,15,SUMMER,10,2025,208,0.072,0.96,0
FPS-0027,2025-10,WHEAT,200,15,SUMMER,10,2025,205,0.068,0.96,0
FPS-0028,2025-10,RICE,200,12,SUMMER,10,2025,190,-0.029,0.96,0
FPS-0028,2025-10,WHEAT,200,12,SUMMER,10,2025,193,0.064,0.96,0
FPS-0029,2025-10,RICE,231,21,SUMMER,10,2025,230,-0.041,0.96,0
FPS-0029,2025-10,WHEAT,200,21,SUMMER,10,2025,199,0.007,0.96,0
FPS-0030,2025-10,RICE,200,10,SUMMER,10,2025,197,-0.043,0.96,0
FPS-0030,2025-10,WHEAT,200,10,SUMMER,10,2025,187,-0.029,0.96,0
FPS-0031,2025-10,RICE,200,13,SUMMER,10,2025,186,-0.034,0.96,0
FPS-0031,2025-10,WHEAT,200,13,SUMMER,10,2025,197,-0.0,0.96,0
FPS-0032,2025-10,RICE,200,17,SUMMER,10,2025,207,-0.034,0.96,0
FPS-0032,2025-10,WHEAT,200,17,SUMMER,10,2025,203,-0.004,0.96,0
FPS-0033,2025-10,RICE,216,14,SUMMER,10,2025,203,0.033,0.96,0
FPS-0033,2025-10,WHEAT,200,14,SUMMER,10,2025,198,-0.001,0.96,0
FPS-0034,2025-10,RICE,216,18,SUMMER,10,2025,199,-0.029,0.96,0
FPS-0034,2025-10,WHEAT,200,18,SUMMER,10,2025,196,0.063,0.96,0
FPS-0035,2025-10,RICE,227,18,SUMMER,10,2025,215,0.017,0.96,0
FPS-0035,2025-10,WHEAT,200,18,SUMMER,10,2025,186,0.015,0.96,0
FPS-0036,2025-10,RICE,256,23,SUMMER,10,2025,258,0.005,0.96,0
FPS-0036,2025-10,WHEAT,200,23,SUMMER,10,2025,201,0.038,0.96,0
FPS-0037,2025-10,RICE,223,20,SUMMER,10,2025,228,-0.021,0.96,0
FPS-0037,2025-10,WHEAT,200,20,SUMMER,10,2025,195,0.042,0.96,0
FPS-0038,2025-10,RICE,235,20,SUMMER,10,2025,226,-0.015,0.96,0
FPS-0038,2025-10,WHEAT,200,20,SUMMER,10,2025,211,0.038,0.96,0
FPS-0039,2025-10,RICE,236,20,SUMMER,10,2025,224,0.031,0.96,0
FPS-0039,2025-10,WHEAT,200,20,SUMMER,10,2025,189,-0.021,0.96,0
FPS-0040,2025-10,RICE,200,12,SUMMER,10,2025,198,0.059,0.96,0
FPS-0040,2025-10,WHEAT,200,12,SUMMER,10,2025,202,-0.011,0.96,0
FPS-0041,2025-10,RICE,200,13,SUMMER,10,2025,187,-0.017,0.96,0
FPS-0041,2025-10,WHEAT,200,13,SUMMER,10,2025,193,-0.023,0.96,0
FPS-0042,2025-10,RICE,140,18,SUMMER,10,2025,192,-0.034,0.96,1
FPS-0042,2025-10,WHEAT,200,18,SUMMER,10,2025,206,0.022,0.96,0
FPS-0043,2025-10,RICE,200,17,SUMMER,10,2025,186,0.037,0.96,0
FPS-0043,2025-10,WHEAT,200,17,SUMMER,10,2025,184,0.077,0.96,0
FPS-0044,2025-10,RICE,200,15,SUMMER,10,2025,187,0.067,0.96,0
FPS-0044,2025-10,WHEAT,200,15,SUMMER,10,2025,189,0.005,0.96,0
FPS-0045,2025-10,RICE,221,21,SUMMER,10,2025,224,-0.027,0.96,0
FPS-0045,2025-10,WHEAT,200,21,SUMMER,10,2025,209,0.001,0.96,0
FPS-0046,2025-10,RICE,200,13,SUMMER,10,2025,210,0.033,0.96,0
FPS-0046,2025-10,WHEAT,200,13,SUMMER,10,2025,187,0.068,0.96,0
FPS-0047,2025-10,RICE,268,21,SUMMER,10,2025,277,0.063,0.96,0
FPS-0047,2025-10,WHEAT,200,21,SUMMER,10,2025,195,0.049,0.96,0
FPS-0048,2025-10,RICE,140,12,SUMMER,10,2025,204,0.077,0.96,1
FPS-0048,2025-10,WHEAT,140,12,SUMMER,10,2025,199,0.054,0.96,1
FPS-0049,2025-10,RICE,210,17,SUMMER,10,2025,198,0.071,0.96,0
FPS-0049,2025-10,WHEAT,200,17,SUMMER,10,2025,191,0.078,0.96,0
FPS-0050,2025-10,RICE,292,23,SUMMER,10,2025,278,-0.017,0.96,0
FPS-0050,2025-10,WHEAT,218,23,SUMMER,10,2025,226,0.009,0.96,0
FPS-0051,2025-10,RICE,225,19,SUMMER,10,2025,220,0.061,0.96,0
FPS-0051,2025-10,WHEAT,140,19,SUMMER,10,2025,194,-0.036,0.96,1
FPS-0052,2025-10,RICE,261,19,SUMMER,10,2025,266,0.067,0.96,0
FPS-0052,2025-10,WHEAT,200,19,SUMMER,10,2025,189,0.024,0.96,0
FPS-0053,2025-10,RICE,200,17,SUMMER,10,2025,187,0.017,0.96,0
FPS-0053,2025-10,WHEAT,200,17,SUMMER,10,2025,209,0.039,0.96,0
FPS-0054,2025-10,RICE,200,14,SUMMER,10,2025,211,0.047,0.96,0
FPS-0054,2025-10,WHEAT,200,14,SUMMER,10,2025,185,0.056,0.96,0
FPS-0055,2025-10,RICE,218,20,SUMMER,10,2025,214,-0.036,0.96,0
FPS-0055,2025-10,WHEAT,200,20,SUMMER,10,2025,193,0.006,0.96,0
FPS-0056,2025-10,RICE,200,19,SUMMER,10,2025,203,-0.045,0.96,0
FPS-0056,2025-10,WHEAT,200,19,SUMMER,10,2025,202,-0.003,0.96,0
FPS-0057,2025-10,RICE,233,18,SUMMER,10,2025,222,0.047,0.96,0
FPS-0057,2025-10,WHEAT,200,18,SUMMER,10,2025,207,0.063,0.96,0
FPS-0058,2025-10,RICE,211,19,SUMMER,10,2025,211,-0.028,0.96,0
FPS-0058,2025-10,WHEAT,200,19,SUMMER,10,2025,184,0.076,0.96,0
FPS-0059,2025-10,RICE,200,17,SUMMER,10,2025,201,-0.045,0.96,0
FPS-0059,2025-10,WHEAT,200,17,SUMMER,10,2025,211,0.067,0.96,0
FPS-0060,2025-10,RICE,233,22,SUMMER,10,2025,214,0.0,0.96,0
FPS-0060,2025-10,WHEAT,200,22,SUMMER,10,2025,197,0.015,0.96,0
FPS-0061,2025-10,RICE,200,15,SUMMER,10,2025,205,0.043,0.96,0
FPS-0061,2025-10,WHEAT,200,15,SUMMER,10,2025,192,0.042,0.96,0
FPS-0062,2025-10,RICE,200,12,SUMMER,10,2025,196,0.066,0.96,0
FPS-0062,2025-10,WHEAT,140,12,SUMMER,10,2025,210,-0.012,0.96,1
FPS-0063,2025-10,RICE,240,20,SUMMER,10,2025,239,0.025,0.96,0
FPS-0063,2025-10,WHEAT,200,20,SUMMER,10,2025,203,-0.008,0.96,0
FPS-0064,2025-10,RICE,200,15,SUMMER,10,2025,195,0.072,0.96,0
FPS-0064,2025-10,WHEAT,200,15,SUMMER,10,2025,196,-0.006,0.96,0
FPS-0065,2025-10,RICE,200,16,SUMMER,10,2025,198,0.053,0.96,0
FPS-0065,2025-10,WHEAT,200,16,SUMMER,10,2025,210,-0.047,0.96,0
FPS-0066,2025-10,RICE,201,17,SUMMER,10,2025,185,0.032,0.96,0
FPS-0066,2025-10,WHEAT,200,17,SUMMER,10,2025,202,0.075,0.96,0
FPS-0067,2025-10,RICE,200,13,SUMMER,10,2025,193,0.033,0.96,0
FPS-0067,2025-10,WHEAT,200,13,SUMMER,10,2025,199,0.007,0.96,0
FPS-0068,2025-10,RICE,200,20,SUMMER,10,2025,196,-0.037,0.96,0
FPS-0068,2025-10,WHEAT,200,20,SUMMER,10,2025,199,-0.001,0.96,0
FPS-0069,2025-10,RICE,200,16,SUMMER,10,2025,192,-0.048,0.96,0
FPS-0069,2025-10,WHEAT,200,16,SUMMER,10,2025,211,-0.016,0.96,0
FPS-0070,2025-10,RICE,200,16,SUMMER,10,2025,194,0.052,0.96,0
FPS-0070,2025-10,WHEAT,200,16,SUMMER,10,2025,193,-0.037,0.96,0
FPS-0071,2025-10,RICE,200,15,SUMMER,10,2025,190,-0.027,0.96,0
FPS-0071,2025-10,WHEAT,200,15,SUMMER,10,2025,184,0.02,0.96,0
FPS-0072,2025-10,RICE,284,22,SUMMER,10,2025,286,0.077,0.96,0
FPS-0072,2025-10,WHEAT,200,22,SUMMER,10,2025,189,-0.031,0.96,0
FPS-0073,2025-10,RICE,178,21,SUMMER,10,2025,258,0.019,0.96,1
FPS-0073,2025-10,WHEAT,200,21,SUMMER,10,2025,189,-0.014,0.96,0
FPS-0074,2025-10,RICE,200,11,SUMMER,10,2025,186,0.011,0.96,0
FPS-0074,2025-10,WHEAT,200,11,SUMMER,10,2025,192,0.066,0.96,0
FPS-0075,2025-10,RICE,260,21,SUMMER,10,2025,273,0.074,0.96,0
FPS-0075,2025-10,WHEAT,200,21,SUMMER,10,2025,200,-0.041,0.96,0
FPS-0076,2025-10,RICE,295,19,SUMMER,10,2025,286,0.041,0.96,0
FPS-0076,2025-10,WHEAT,204,19,SUMMER,10,2025,195,0.053,0.96,0
FPS-0077,2025-10,RICE,200,15,SUMMER,10,2025,189,-0.011,0.96,0
FPS-0077,2025-10,WHEAT,140,15,SUMMER,10,2025,201,0.06,0.96,1
FPS-0078,2025-10,RICE,219,20,SUMMER,10,2025,218,0.006,0.96,0
FPS-0078,2025-10,WHEAT,200,20,SUMMER,10,2025,207,0.018,0.96,0
FPS-0079,2025-10,RICE,200,11,SUMMER,10,2025,198,-0.009,0.96,0
FPS-0079,2025-10,WHEAT,200,11,SUMMER,10,2025,206,-0.039,0.96,0
FPS-0080,2025-10,RICE,200,15,SUMMER,10,2025,203,-0.029,0.96,0
FPS-0080,2025-10,WHEAT,200,15,SUMMER,10,2025,190,0.011,0.96,0
FPS-0081,2025-10,RICE,170,21,SUMMER,10,2025,246,0.071,0.96,1
FPS-0081,2025-10,WHEAT,200,21,SUMMER,10,2025,197,-0.041,0.96,0
FPS-0082,2025-10,RICE,238,22,SUMMER,10,2025,223,0.052,0.96,0
FPS-0082,2025-10,WHEAT,200,22,SUMMER,10,2025,206,0.076,0.96,0
FPS-0083,2025-10,RICE,154,18,SUMMER,10,2025,215,-0.034,0.96,1
FPS-0083,2025-10,WHEAT,140,18,SUMMER,10,2025,199,0.078,0.96,1
FPS-0084,2025-10,RICE,275,20,SUMMER,10,2025,290,0.032,0.96,0
FPS-0084,2025-10,WHEAT,210,20,SUMMER,10,2025,207,0.075,0.96,0
FPS-0085,2025-10,RICE,200,14,SUMMER,10,2025,195,0.025,0.96,0
FPS-0085,2025-10,WHEAT,200,14,SUMMER,10,2025,189,0.01,0.96,0
FPS-0086,2025-10,RICE,200,14,SUMMER,10,2025,192,0.059,0.96,0
FPS-0086,2025-10,WHEAT,200,14,SUMMER,10,2025,203,0.078,0.96,0
FPS-0087,2025-10,RICE,200,13,SUMMER,10,2025,211,0.041,0.96,0
FPS-0087,2025-10,WHEAT,200,13,SUMMER,10,2025,211,0.049,0.96,0
FPS-0088,2025-10,RICE,200,15,SUMMER,10,2025,207,0.008,0.96,0
FPS-0088,2025-10,WHEAT,200,15,SUMMER,10,2025,187,0.043,0.96,0
FPS-0089,2025-10,RICE,214,18,SUMMER,10,2025,218,-0.011,0.96,0
FPS-0089,2025-10,WHEAT,200,18,SUMMER,10,2025,193,0.069,0.96,0
FPS-0090,2025-10,RICE,201,15,SUMMER,10,2025,211,0.057,0.96,0
FPS-0090,2025-10,WHEAT,200,15,SUMMER,10,2025,203,-0.034,0.96,0
FPS-0091,2025-10,RICE,205,18,SUMMER,10,2025,209,0.052,0.96,0
FPS-0091,2025-10,WHEAT,200,18,SUMMER,10,2025,192,0.06,0.96,0
FPS-0092,2025-10,RICE,246,21,SUMMER,10,2025,236,-0.049,0.96,0
FPS-0092,2025-10,WHEAT,200,21,SUMMER,10,2025,210,-0.001,0.96,0
FPS-0093,2025-10,RICE,275,24,SUMMER,10,2025,285,0.064,0.96,0
FPS-0093,2025-10,WHEAT,200,24,SUMMER,10,2025,191,-0.01,0.96,0
FPS-0094,2025-10,RICE,253,19,SUMMER,10,2025,259,-0.021,0.96,0
FPS-0094,2025-10,WHEAT,200,19,SUMMER,10,2025,196,0.067,0.96,0
FPS-0095,2025-10,RICE,253,26,SUMMER,10,2025,244,-0.031,0.96,0
FPS-0095,2025-10,WHEAT,206,26,SUMMER,10,2025,191,0.029,0.96,0
FPS-0096,2025-10,RICE,200,13,SUMMER,10,2025,184,0.073,0.96,0
FPS-0096,2025-10,WHEAT,200,13,SUMMER,10,2025,201,0.002,0.96,0
FPS-0097,2025-10,RICE,269,20,SUMMER,10,2025,257,0.034,0.96,0
FPS-0097,2025-10,WHEAT,200,20,SUMMER,10,2025,205,-0.046,0.96,0
FPS-0098,2025-10,RICE,253,20,SUMMER,10,2025,244,-0.002,0.96,0
FPS-0098,2025-10,WHEAT,200,20,SUMMER,10,2025,189,-0.024,0.96,0
FPS-0099,2025-10,RICE,200,16,SUMMER,10,2025,190,-0.04,0.96,0
FPS-0099,2025-10,WHEAT,200,16,SUMMER,10,2025,210,-0.046,0.96,0
FPS-0100,2025-10,RICE,200,12,SUMMER,10,2025,200,0.064,0.96,0
FPS-0100,2025-10,WHEAT,200,12,SUMMER,10,2025,197,-0.044,0.96,0
FPS-0101,2025-10,RICE,268,19,SUMMER,10,2025,277,0.006,0.96,0
FPS-0101,2025-10,WHEAT,200,19,SUMMER,10,2025,205,0.024,0.96,0
FPS-0102,2025-10,RICE,200,15,SUMMER,10,2025,207,0.014,0.96,0
FPS-0102,2025-10,WHEAT,200,15,SUMMER,10,2025,190,-0.002,0.96,0
FPS-0103,2025-10,RICE,316,23,SUMMER,10,2025,331,0.076,0.96,0
FPS-0103,2025-10,WHEAT,222,23,SUMMER,10,2025,224,0.072,0.96,0
FPS-0104,2025-10,RICE,200,14,SUMMER,10,2025,198,-0.038,0.96,0
FPS-0104,2025-10,WHEAT,200,14,SUMMER,10,2025,193,0.074,0.96,0
FPS-0105,2025-10,RICE,293,23,SUMMER,10,2025,276,0.043,0.96,0
FPS-0105,2025-10,WHEAT,224,23,SUMMER,10,2025,233,0.046,0.96,0
FPS-0106,2025-10,RICE,200,14,SUMMER,10,2025,211,0.062,0.96,0
FPS-0106,2025-10,WHEAT,200,14,SUMMER,10,2025,201,0.056,0.96,0
FPS-0107,2025-10,RICE,200,18,SUMMER,10,2025,187,-0.002,0.96,0
FPS-0107,2025-10,WHEAT,200,18,SUMMER,10,2025,194,-0.013,0.96,0
FPS-0108,2025-10,RICE,200,10,SUMMER,10,2025,188,0.057,0.96,0
FPS-0108,2025-10,WHEAT,200,10,SUMMER,10,2025,193,0.018,0.96,0
FPS-0109,2025-10,RICE,200,14,SUMMER,10,2025,192,-0.004,0.96,0
FPS-0109,2025-10,WHEAT,200,14,SUMMER,10,2025,211,0.018,0.96,0
FPS-0110,2025-10,RICE,200,17,SUMMER,10,2025,187,-0.016,0.96,0
FPS-0110,2025-10,WHEAT,200,17,SUMMER,10,2025,188,0.023,0.96,0
FPS-0111,2025-10,RICE,200,13,SUMMER,10,2025,190,0.073,0.96,0
FPS-0111,2025-10,WHEAT,200,13,SUMMER,10,2025,202,-0.019,0.96,0
FPS-0112,2025-10,RICE,200,14,SUMMER,10,2025,201,-0.029,0.96,0
FPS-0112,2025-10,WHEAT,200,14,SUMMER,10,2025,208,0.047,0.96,0
FPS-0113,2025-10,RICE,200,8,SUMMER,10,2025,199,-0.041,0.96,0
FPS-0113,2025-10,WHEAT,200,8,SUMMER,10,2025,187,0.017,0.96,0
FPS-0114,2025-10,RICE,200,15,SUMMER,10,2025,194,0.014,0.96,0
FPS-0114,2025-10,WHEAT,200,15,SUMMER,10,2025,197,0.021,0.96,0
FPS-0115,2025-10,RICE,200,13,SUMMER,10,2025,189,0.045,0.96,0
FPS-0115,2025-10,WHEAT,200,13,SUMMER,10,2025,202,-0.02,0.96,0
FPS-0116,2025-10,RICE,200,9,SUMMER,10,2025,198,-0.025,0.96,0
FPS-0116,2025-10,WHEAT,200,9,SUMMER,10,2025,196,-0.018,0.96,0
FPS-0117,2025-10,RICE,200,17,SUMMER,10,2025,185,-0.026,0.96,0
FPS-0117,2025-10,WHEAT,200,17,SUMMER,10,2025,210,0.07,0.96,0
FPS-0118,2025-10,RICE,142,19,SUMMER,10,2025,200,0.05,0.96,1
FPS-0118,2025-10,WHEAT,200,19,SUMMER,10,2025,197,-0.006,0.96,0
FPS-0119,2025-10,RICE,200,15,SUMMER,10,2025,193,-0.046,0.96,0
FPS-0119,2025-10,WHEAT,200,15,SUMMER,10,2025,195,0.047,0.96,0
FPS-0120,2025-10,RICE,200,16,SUMMER,10,2025,186,-0.044,0.96,0
FPS-0120,2025-10,WHEAT,200,16,SUMMER,10,2025,184,0.059,0.96,0
FPS-0121,2025-10,RICE,200,15,SUMMER,10,2025,187,0.04,0.96,0
FPS-0121,2025-10,WHEAT,200,15,SUMMER,10,2025,191,0.042,0.96,0
FPS-0122,2025-10,RICE,200,14,SUMMER,10,2025,189,-0.005,0.96,0
FPS-0122,2025-10,WHEAT,200,14,SUMMER,10,2025,192,-0.007,0.96,0
FPS-0123,2025-10,RICE,200,14,SUMMER,10,2025,201,0.062,0.96,0
FPS-0123,2025-10,WHEAT,200,14,SUMMER,10,2025,187,0.017,0.96,0
FPS-0124,2025-10,RICE,288,21,SUMMER,10,2025,302,0.074,0.96,0
FPS-0124,2025-10,WHEAT,211,21,SUMMER,10,2025,200,0.041,0.96,0
FPS-0125,2025-10,RICE,200,14,SUMMER,10,2025,194,0.053,0.96,0
FPS-0125,2025-10,WHEAT,200,14,SUMMER,10,2025,189,-0.003,0.96,0
FPS-0126,2025-10,RICE,200,13,SUMMER,10,2025,195,0.026,0.96,0
FPS-0126,2025-10,WHEAT,200,13,SUMMER,10,2025,189,-0.008,0.96,0
FPS-0127,2025-10,RICE,200,11,SUMMER,10,2025,205,0.071,0.96,0
FPS-0127,2025-10,WHEAT,140,11,SUMMER,10,2025,185,-0.009,0.96,1
FPS-0128,2025-10,RICE,200,12,SUMMER,10,2025,202,-0.003,0.96,0
FPS-0128,2025-10,WHEAT,200,12,SUMMER,10,2025,194,0.024,0.96,0
FPS-0129,2025-10,RICE,200,17,SUMMER,10,2025,188,0.039,0.96,0
FPS-0129,2025-10,WHEAT,200,17,SUMMER,10,2025,194,-0.019,0.96,0
FPS-0130,2025-10,RICE,200,16,SUMMER,10,2025,203,0.044,0.96,0
FPS-0130,2025-10,WHEAT,200,16,SUMMER,10,2025,184,0.075,0.96,0
FPS-0131,2025-10,RICE,200,15,SUMMER,10,2025,200,0.075,0.96,0
FPS-0131,2025-10,WHEAT,200,15,SUMMER,10,2025,197,-0.042,0.96,0
FPS-0132,2025-10,RICE,260,23,SUMMER,10,2025,241,-0.029,0.96,0
FPS-0132,2025-10,WHEAT,200,23,SUMMER,10,2025,190,0.009,0.96,0
FPS-0133,2025-10,RICE,200,13,SUMMER,10,2025,194,0.042,0.96,0
FPS-0133,2025-10,WHEAT,200,13,SUMMER,10,2025,210,0.02,0.96,0
FPS-0134,2025-10,RICE,200,16,SUMMER,10,2025,192,0.066,0.96,0
FPS-0134,2025-10,WHEAT,200,16,SUMMER,10,2025,193,0.052,0.96,0
FPS-0135,2025-10,RICE,200,15,SUMMER,10,2025,186,0.006,0.96,0
FPS-0135,2025-10,WHEAT,200,15,SUMMER,10,2025,187,-0.008,0.96,0
FPS-0136,2025-10,RICE,215,16,SUMMER,10,2025,199,0.031,0.96,0
FPS-0136,2025-10,WHEAT,200,16,SUMMER,10,2025,204,0.003,0.96,0
FPS-0137,2025-10,RICE,200,15,SUMMER,10,2025,196,0.056,0.96,0
FPS-0137,2025-10,WHEAT,200,15,SUMMER,10,2025,186,-0.026,0.96,0
FPS-0138,2025-10,RICE,267,23,SUMMER,10,2025,261,-0.008,0.96,0
FPS-0138,2025-10,WHEAT,200,23,SUMMER,10,2025,210,0.019,0.96,0
FPS-0139,2025-10,RICE,200,17,SUMMER,10,2025,194,0.047,0.96,0
FPS-0139,2025-10,WHEAT,200,17,SUMMER,10,2025,194,0.07,0.96,0
FPS-0140,2025-10,RICE,200,14,SUMMER,10,2025,188,-0.037,0.96,0
FPS-0140,2025-10,WHEAT,140,14,SUMMER,10,2025,197,0.025,0.96,1
FPS-0141,2025-10,RICE,200,9,SUMMER,10,2025,199,-0.025,0.96,0
FPS-0141,2025-10,WHEAT,200,9,SUMMER,10,2025,204,-0.028,0.96,0
FPS-0142,2025-10,RICE,151,20,SUMMER,10,2025,216,-0.022,0.96,1
FPS-0142,2025-10,WHEAT,200,20,SUMMER,10,2025,195,0.003,0.96,0
FPS-0143,2025-10,RICE,226,22,SUMMER,10,2025,214,-0.02,0.96,0
FPS-0143,2025-10,WHEAT,200,22,SUMMER,10,2025,194,0.029,0.96,0
FPS-0144,2025-10,RICE,248,22,SUMMER,10,2025,245,-0.024,0.96,0
FPS-0144,2025-10,WHEAT,200,22,SUMMER,10,2025,202,0.056,0.96,0
FPS-0145,2025-10,RICE,200,15,SUMMER,10,2025,187,0.017,0.96,0
FPS-0145,2025-10,WHEAT,200,15,SUMMER,10,2025,186,0.054,0.96,0
FPS-0146,2025-10,RICE,200,13,SUMMER,10,2025,190,-0.03,0.96,0
FPS-0146,2025-10,WHEAT,200,13,SUMMER,10,2025,210,0.059,0.96,0
FPS-0147,2025-10,RICE,202,20,SUMMER,10,2025,194,0.015,0.96,0
FPS-0147,2025-10,WHEAT,200,20,SUMMER,10,2025,195,-0.01,0.96,0
FPS-0148,2025-10,RICE,294,25,SUMMER,10,2025,294,0.042,0.96,0
FPS-0148,2025-10,WHEAT,206,25,SUMMER,10,2025,207,0.051,0.96,0
FPS-0149,2025-10,RICE,302,25,SUMMER,10,2025,316,-0.015,0.96,0
FPS-0149,2025-10,WHEAT,229,25,SUMMER,10,2025,235,0.053,0.96,0
FPS-0150,2025-10,RICE,200,13,SUMMER,10,2025,191,0.059,0.96,0
FPS-0150,2025-10,WHEAT,200,13,SUMMER,10,2025,201,0.057,0.96,0
FPS-0151,2025-10,RICE,247,22,SUMMER,10,2025,246,0.053,0.96,0
FPS-0151,2025-10,WHEAT,200,22,SUMMER,10,2025,204,0.052,0.96,0
FPS-0152,2025-10,RICE,200,19,SUMMER,10,2025,191,-0.032,0.96,0
FPS-0152,2025-10,WHEAT,200,19,SUMMER,10,2025,205,-0.045,0.96,0
FPS-0153,2025-10,RICE,225,17,SUMMER,10,2025,228,0.015,0.96,0
FPS-0153,2025-10,WHEAT,200,17,SUMMER,10,2025,211,-0.0,0.96,0
FPS-0154,2025-10,RICE,200,18,SUMMER,10,2025,201,-0.041,0.96,0
FPS-0154,2025-10,WHEAT,200,18,SUMMER,10,2025,188,0.065,0.96,0
FPS-0155,2025-10,RICE,211,17,SUMMER,10,2025,210,-0.025,0.96,0
FPS-0155,2025-10,WHEAT,200,17,SUMMER,10,2025,209,0.001,0.96,0
FPS-0156,2025-10,RICE,200,14,SUMMER,10,2025,198,-0.001,0.96,0
FPS-0156,2025-10,WHEAT,200,14,SUMMER,10,2025,203,0.061,0.96,0
FPS-0157,2025-10,RICE,207,18,SUMMER,10,2025,214,0.018,0.96,0
FPS-0157,2025-10,WHEAT,200,18,SUMMER,10,2025,208,-0.016,0.96,0
FPS-0158,2025-10,RICE,200,16,SUMMER,10,2025,204,-0.02,0.96,0
FPS-0158,2025-10,WHEAT,200,16,SUMMER,10,2025,186,0.039,0.96,0
FPS-0159,2025-10,RICE,140,16,SUMMER,10,2025,199,0.069,0.96,1
FPS-0159,2025-10,WHEAT,200,16,SUMMER,10,2025,195,-0.047,0.96,0
FPS-0160,2025-10,RICE,200,11,SUMMER,10,2025,204,-0.03,0.96,0
FPS-0160,2025-10,WHEAT,200,11,SUMMER,10,2025,192,-0.032,0.96,0
FPS-0161,2025-10,RICE,258,23,SUMMER,10,2025,252,-0.038,0.96,0
FPS-0161,2025-10,WHEAT,200,23,SUMMER,10,2025,208,0.053,0.96,0
FPS-0162,2025-10,RICE,200,16,SUMMER,10,2025,196,0.024,0.96,0
FPS-0162,2025-10,WHEAT,200,16,SUMMER,10,2025,195,-0.012,0.96,0
FPS-0163,2025-10,RICE,200,16,SUMMER,10,2025,185,-0.01,0.96,0
FPS-0163,2025-10,WHEAT,200,16,SUMMER,10,2025,186,-0.005,0.96,0
FPS-0164,2025-10,RICE,200,13,SUMMER,10,2025,203,0.053,0.96,0
FPS-0164,2025-10,WHEAT,200,13,SUMMER,10,2025,200,-0.04,0.96,0
FPS-0165,2025-10,RICE,200,14,SUMMER,10,2025,195,0.028,0.96,0
FPS-0165,2025-10,WHEAT,200,14,SUMMER,10,2025,202,0.055,0.96,0
FPS-0166,2025-10,RICE,206,19,SUMMER,10,2025,193,-0.007,0.96,0
FPS-0166,2025-10,WHEAT,200,19,SUMMER,10,2025,187,0.047,0.96,0
FPS-0167,2025-10,RICE,200,19,SUMMER,10,2025,203,0.077,0.96,0
FPS-0167,2025-10,WHEAT,200,19,SUMMER,10,2025,198,0.054,0.96,0
FPS-0168,2025-10,RICE,200,11,SUMMER,10,2025,190,0.074,0.96,0
FPS-0168,2025-10,WHEAT,200,11,SUMMER,10,2025,209,-0.028,0.96,0
FPS-0169,2025-10,RICE,140,17,SUMMER,10,2025,199,0.019,0.96,1
FPS-0169,2025-10,WHEAT,200,17,SUMMER,10,2025,202,-0.027,0.96,0
FPS-0170,2025-10,RICE,140,19,SUMMER,10,2025,187,0.063,0.96,1
FPS-0170,2025-10,WHEAT,200,19,SUMMER,10,2025,192,-0.022,0.96,0
FPS-0171,2025-10,RICE,200,13,SUMMER,10,2025,205,-0.025,0.96,0
FPS-0171,2025-10,WHEAT,200,13,SUMMER,10,2025,206,0.052,0.96,0
FPS-0172,2025-10,RICE,212,20,SUMMER,10,2025,217,-0.024,0.96,0
FPS-0172,2025-10,WHEAT,200,20,SUMMER,10,2025,189,-0.049,0.96,0
FPS-0173,2025-10,RICE,200,15,SUMMER,10,2025,194,0.011,0.96,0
FPS-0173,2025-10,WHEAT,200,15,SUMMER,10,2025,196,-0.024,0.96,0
FPS-0174,2025-10,RICE,249,23,SUMMER,10,2025,250,-0.026,0.96,0
FPS-0174,2025-10,WHEAT,200,23,SUMMER,10,2025,195,0.073,0.96,0
FPS-0175,2025-10,RICE,222,21,SUMMER,10,2025,207,0.035,0.96,0
FPS-0175,2025-10,WHEAT,200,21,SUMMER,10,2025,205,0.03,0.96,0
FPS-0176,2025-10,RICE,200,14,SUMMER,10,2025,200,0.067,0.96,0
FPS-0176,2025-10,WHEAT,200,14,SUMMER,10,2025,210,0.012,0.96,0
FPS-0177,2025-10,RICE,200,14,SUMMER,10,2025,209,0.042,0.96,0
FPS-0177,2025-10,WHEAT,200,14,SUMMER,10,2025,185,0.054,0.96,0
FPS-0178,2025-10,RICE,200,15,SUMMER,10,2025,202,0.001,0.96,0
FPS-0178,2025-10,WHEAT,200,15,SUMMER,10,2025,204,0.058,0.96,0
FPS-0179,2025-10,RICE,243,21,SUMMER,10,2025,243,-0.037,0.96,0
FPS-0179,2025-10,WHEAT,200,21,SUMMER,10,2025,193,0.061,0.96,0
FPS-0180,2025-10,RICE,200,14,SUMMER,10,2025,201,0.051,0.96,0
FPS-0180,2025-10,WHEAT,200,14,SUMMER,10,2025,200,0.014,0.96,0
FPS-0181,2025-10,RICE,214,20,SUMMER,10,2025,212,-0.041,0.96,0
FPS-0181,2025-10,WHEAT,200,20,SUMMER,10,2025,193,-0.028,0.96,0
FPS-0182,2025-10,RICE,200,17,SUMMER,10,2025,189,-0.045,0.96,0
FPS-0182,2025-10,WHEAT,200,17,SUMMER,10,2025,198,0.055,0.96,0
FPS-0183,2025-10,RICE,209,16,SUMMER,10,2025,201,0.012,0.96,0
FPS-0183,2025-10,WHEAT,200,16,SUMMER,10,2025,207,0.044,0.96,0
FPS-0184,2025-10,RICE,248,22,SUMMER,10,2025,243,-0.001,0.96,0
FPS-0184,2025-10,WHEAT,200,22,SUMMER,10,2025,205,0.009,0.96,0
FPS-0185,2025-10,RICE,200,18,SUMMER,10,2025,188,-0.026,0.96,0
FPS-0185,2025-10,WHEAT,200,18,SUMMER,10,2025,206,0.012,0.96,0
FPS-0186,2025-10,RICE,239,21,SUMMER,10,2025,245,0.042,0.96,0
FPS-0186,2025-10,WHEAT,200,21,SUMMER,10,2025,186,0.038,0.96,0
FPS-0187,2025-10,RICE,223,19,SUMMER,10,2025,236,-0.046,0.96,0
FPS-0187,2025-10,WHEAT,200,19,SUMMER,10,2025,202,-0.002,0.96,0
FPS-0188,2025-10,RICE,200,11,SUMMER,10,2025,195,0.056,0.96,0
FPS-0188,2025-10,WHEAT,200,11,SUMMER,10,2025,185,-0.008,0.96,0
FPS-0189,2025-10,RICE,282,23,SUMMER,10,2025,294,-0.011,0.96,0
FPS-0189,2025-10,WHEAT,206,23,SUMMER,10,2025,191,-0.006,0.96,0
FPS-0190,2025-10,RICE,200,18,SUMMER,10,2025,208,0.028,0.96,0
FPS-0190,2025-10,WHEAT,200,18,SUMMER,10,2025,194,0.076,0.96,0
FPS-0191,2025-10,RICE,200,9,SUMMER,10,2025,200,0.014,0.96,0
FPS-0191,2025-10,WHEAT,200,9,SUMMER,10,2025,203,-0.018,0.96,0
FPS-0192,2025-10,RICE,200,12,SUMMER,10,2025,185,0.078,0.96,0
FPS-0192,2025-10,WHEAT,200,12,SUMMER,10,2025,203,0.063,0.96,0
FPS-0193,2025-10,RICE,240,19,SUMMER,10,2025,248,0.054,0.96,0
FPS-0193,2025-10,WHEAT,200,19,SUMMER,10,2025,208,-0.048,0.96,0
FPS-0194,2025-10,RICE,200,13,SUMMER,10,2025,192,0.057,0.96,0
FPS-0194,2025-10,WHEAT,200,13,SUMMER,10,2025,189,-0.034,0.96,0
FPS-0195,2025-10,RICE,200,14,SUMMER,10,2025,194,-0.042,0.96,0
FPS-0195,2025-10,WHEAT,200,14,SUMMER,10,2025,208,-0.042,0.96,0
FPS-0196,2025-10,RICE,267,22,SUMMER,10,2025,266,0.055,0.96,0
FPS-0196,2025-10,WHEAT,140,22,SUMMER,10,2025,187,0.066,0.96,1
FPS-0197,2025-10,RICE,229,18,SUMMER,10,2025,240,-0.04,0.96,0
FPS-0197,2025-10,WHEAT,200,18,SUMMER,10,2025,204,0.043,0.96,0
FPS-0198,2025-10,RICE,200,14,SUMMER,10,2025,193,0.058,0.96,0
FPS-0198,2025-10,WHEAT,200,14,SUMMER,10,2025,194,0.052,0.96,0
FPS-0199,2025-10,RICE,200,13,SUMMER,10,2025,191,-0.015,0.96,0
FPS-0199,2025-10,WHEAT,200,13,SUMMER,10,2025,209,-0.05,0.96,0
FPS-0200,2025-10,RICE,200,10,SUMMER,10,2025,189,-0.013,0.96,0
FPS-0200,2025-10,WHEAT,200,10,SUMMER,10,2025,194,0.071,0.96,0
FPS-0201,2025-10,RICE,200,15,SUMMER,10,2025,196,0.043,0.96,0
FPS-0201,2025-10,WHEAT,200,15,SUMMER,10,2025,190,-0.008,0.96,0
FPS-0202,2025-10,RICE,200,14,SUMMER,10,2025,209,0.015,0.96,0
FPS-0202,2025-10,WHEAT,200,14,SUMMER,10,2025,200,-0.028,0.96,0
FPS-0203,2025-10,RICE,200,11,SUMMER,10,2025,208,-0.049,0.96,0
FPS-0203,2025-10,WHEAT,200,11,SUMMER,10,2025,203,0.045,0.96,0
FPS-0204,2025-10,RICE,233,19,SUMMER,10,2025,236,-0.004,0.96,0
FPS-0204,2025-10,WHEAT,200,19,SUMMER,10,2025,187,0.05,0.96,0
FPS-0205,2025-10,RICE,200,13,SUMMER,10,2025,211,-0.028,0.96,0
FPS-0205,2025-10,WHEAT,200,13,SUMMER,10,2025,184,0.015,0.96,0
FPS-0206,2025-10,RICE,281,24,SUMMER,10,2025,278,-0.03,0.96,0
FPS-0206,2025-10,WHEAT,207,24,SUMMER,10,2025,197,0.038,0.96,0
FPS-0207,2025-10,RICE,381,26,SUMMER,10,2025,369,0.067,0.96,0
FPS-0207,2025-10,WHEAT,239,26,SUMMER,10,2025,249,-0.017,0.96,0
FPS-0208,2025-10,RICE,216,18,SUMMER,10,2025,202,0.053,0.96,0
FPS-0208,2025-10,WHEAT,200,18,SUMMER,10,2025,197,0.058,0.96,0
FPS-0209,2025-10,RICE,268,21,SUMMER,10,2025,269,0.047,0.96,0
FPS-0209,2025-10,WHEAT,200,21,SUMMER,10,2025,190,-0.008,0.96,0
FPS-0210,2025-10,RICE,200,21,SUMMER,10,2025,199,-0.031,0.96,0
FPS-0210,2025-10,WHEAT,200,21,SUMMER,10,2025,186,0.068,0.96,0
FPS-0211,2025-10,RICE,234,22,SUMMER,10,2025,219,0.08,0.96,0
FPS-0211,2025-10,WHEAT,200,22,SUMMER,10,2025,201,-0.017,0.96,0
FPS-0212,2025-10,RICE,200,11,SUMMER,10,2025,202,-0.046,0.96,0
FPS-0212,2025-10,WHEAT,200,11,SUMMER,10,2025,207,0.071,0.96,0
FPS-0213,2025-10,RICE,200,14,SUMMER,10,2025,188,-0.004,0.96,0
FPS-0213,2025-10,WHEAT,200,14,SUMMER,10,2025,184,0.061,0.96,0
FPS-0214,2025-10,RICE,200,13,SUMMER,10,2025,194,-0.007,0.96,0
FPS-0214,2025-10,WHEAT,200,13,SUMMER,10,2025,193,0.069,0.96,0
FPS-0215,2025-10,RICE,200,11,SUMMER,10,2025,197,0.027,0.96,0
FPS-0215,2025-10,WHEAT,200,11,SUMMER,10,2025,198,-0.012,0.96,0
FPS-0216,2025-10,RICE,200,14,SUMMER,10,2025,209,-0.023,0.96,0
FPS-0216,2025-10,WHEAT,200,14,SUMMER,10,2025,204,0.065,0.96,0
FPS-0217,2025-10,RICE,200,17,SUMMER,10,2025,203,0.011,0.96,0
FPS-0217,2025-10,WHEAT,200,17,SUMMER,10,2025,207,-0.017,0.96,0
FPS-0218,2025-10,RICE,140,13,SUMMER,10,2025,184,-0.008,0.96,1
FPS-0218,2025-10,WHEAT,200,13,SUMMER,10,2025,204,0.027,0.96,0
FPS-0219,2025-10,RICE,200,19,SUMMER,10,2025,208,-0.047,0.96,0
FPS-0219,2025-10,WHEAT,200,19,SUMMER,10,2025,194,-0.016,0.96,0
FPS-0220,2025-10,RICE,266,22,SUMMER,10,2025,275,0.071,0.96,0
FPS-0220,2025-10,WHEAT,200,22,SUMMER,10,2025,205,0.068,0.96,0
FPS-0221,2025-10,RICE,215,19,SUMMER,10,2025,207,-0.031,0.96,0
FPS-0221,2025-10,WHEAT,200,19,SUMMER,10,2025,194,0.056,0.96,0
FPS-0222,2025-10,RICE,232,21,SUMMER,10,2025,242,-0.002,0.96,0
FPS-0222,2025-10,WHEAT,200,21,SUMMER,10,2025,205,0.066,0.96,0
FPS-0223,2025-10,RICE,218,17,SUMMER,10,2025,207,-0.017,0.96,0
FPS-0223,2025-10,WHEAT,200,17,SUMMER,10,2025,206,0.004,0.96,0
FPS-0224,2025-10,RICE,200,20,SUMMER,10,2025,184,0.049,0.96,0
FPS-0224,2025-10,WHEAT,200,20,SUMMER,10,2025,185,0.069,0.96,0
FPS-0225,2025-10,RICE,200,15,SUMMER,10,2025,200,0.014,0.96,0
FPS-0225,2025-10,WHEAT,200,15,SUMMER,10,2025,200,0.075,0.96,0
FPS-0226,2025-10,RICE,200,12,SUMMER,10,2025,184,0.073,0.96,0
FPS-0226,2025-10,WHEAT,200,12,SUMMER,10,2025,187,0.036,0.96,0
FPS-0227,2025-10,RICE,200,14,SUMMER,10,2025,200,0.066,0.96,0
FPS-0227,2025-10,WHEAT,200,14,SUMMER,10,2025,184,-0.041,0.96,0
FPS-0228,2025-10,RICE,207,18,SUMMER,10,2025,199,-0.008,0.96,0
FPS-0228,2025-10,WHEAT,200,18,SUMMER,10,2025,188,0.058,0.96,0
FPS-0229,2025-10,RICE,200,19,SUMMER,10,2025,206,-0.004,0.96,0
FPS-0229,2025-10,WHEAT,200,19,SUMMER,10,2025,206,0.03,0.96,0
FPS-0230,2025-10,RICE,284,22,SUMMER,10,2025,280,0.053,0.96,0
FPS-0230,2025-10,WHEAT,200,22,SUMMER,10,2025,184,0.009,0.96,0
FPS-0231,2025-10,RICE,205,18,SUMMER,10,2025,216,0.067,0.96,0
FPS-0231,2025-10,WHEAT,200,18,SUMMER,10,2025,207,0.027,0.96,0
FPS-0232,2025-10,RICE,200,14,SUMMER,10,2025,194,-0.018,0.96,0
FPS-0232,2025-10,WHEAT,200,14,SUMMER,10,2025,184,0.01,0.96,0
FPS-0233,2025-10,RICE,200,9,SUMMER,10,2025,186,0.047,0.96,0
FPS-0233,2025-10,WHEAT,200,9,SUMMER,10,2025,209,0.067,0.96,0
FPS-0234,2025-10,RICE,205,18,SUMMER,10,2025,200,0.048,0.96,0
FPS-0234,2025-10,WHEAT,140,18,SUMMER,10,2025,200,0.055,0.96,1
FPS-0235,2025-10,RICE,223,18,SUMMER,10,2025,227,0.022,0.96,0
FPS-0235,2025-10,WHEAT,200,18,SUMMER,10,2025,194,-0.005,0.96,0
FPS-0236,2025-10,RICE,200,17,SUMMER,10,2025,201,0.046,0.96,0
FPS-0236,2025-10,WHEAT,200,17,SUMMER,10,2025,184,0.016,0.96,0
FPS-0237,2025-10,RICE,208,15,SUMMER,10,2025,199,0.033,0.96,0
FPS-0237,2025-10,WHEAT,200,15,SUMMER,10,2025,186,0.064,0.96,0
FPS-0238,2025-10,RICE,231,19,SUMMER,10,2025,228,0.061,0.96,0
FPS-0238,2025-10,WHEAT,200,19,SUMMER,10,2025,207,0.073,0.96,0
FPS-0239,2025-10,RICE,225,19,SUMMER,10,2025,234,0.003,0.96,0
FPS-0239,2025-10,WHEAT,200,19,SUMMER,10,2025,192,0.035,0.96,0
FPS-0240,2025-10,RICE,259,21,SUMMER,10,2025,261,0.022,0.96,0
FPS-0240,2025-10,WHEAT,200,21,SUMMER,10,2025,203,-0.023,0.96,0
FPS-0241,2025-10,RICE,212,19,SUMMER,10,2025,202,0.016,0.96,0
FPS-0241,2025-10,WHEAT,200,19,SUMMER,10,2025,196,-0.007,0.96,0
FPS-0242,2025-10,RICE,200,12,SUMMER,10,2025,210,-0.012,0.96,0
FPS-0242,2025-10,WHEAT,200,12,SUMMER,10,2025,191,0.032,0.96,0
FPS-0243,2025-10,RICE,248,18,SUMMER,10,2025,232,0.07,0.96,0
FPS-0243,2025-10,WHEAT,200,18,SUMMER,10,2025,196,0.031,0.96,0
FPS-0244,2025-10,RICE,200,16,SUMMER,10,2025,184,-0.004,0.96,0
FPS-0244,2025-10,WHEAT,200,16,SUMMER,10,2025,203,-0.011,0.96,0
FPS-0245,2025-10,RICE,200,14,SUMMER,10,2025,196,0.015,0.96,0
FPS-0245,2025-10,WHEAT,200,14,SUMMER,10,2025,189,0.027,0.96,0
FPS-0246,2025-10,RICE,305,24,SUMMER,10,2025,281,0.043,0.96,0
FPS-0246,2025-10,WHEAT,210,24,SUMMER,10,2025,213,-0.002,0.96,0
FPS-0247,2025-10,RICE,209,19,SUMMER,10,2025,193,0.053,0.96,0
FPS-0247,2025-10,WHEAT,200,19,SUMMER,10,2025,204,-0.049,0.96,0
FPS-0248,2025-10,RICE,300,25,SUMMER,10,2025,284,-0.019,0.96,0
FPS-0248,2025-10,WHEAT,222,25,SUMMER,10,2025,208,0.044,0.96,0
FPS-0249,2025-10,RICE,293,22,SUMMER,10,2025,310,0.016,0.96,0
FPS-0249,2025-10,WHEAT,200,22,SUMMER,10,2025,184,0.015,0.96,0
FPS-0250,2025-10,RICE,200,16,SUMMER,10,2025,206,0.057,0.96,0
FPS-0250,2025-10,WHEAT,200,16,SUMMER,10,2025,185,0.003,0.96,0
FPS-0251,2025-10,RICE,200,17,SUMMER,10,2025,189,0.056,0.96,0
FPS-0251,2025-10,WHEAT,200,17,SUMMER,10,2025,195,0.034,0.96,0
FPS-0252,2025-10,RICE,200,16,SUMMER,10,2025,186,-0.01,0.96,0
FPS-0252,2025-10,WHEAT,200,16,SUMMER,10,2025,211,-0.026,0.96,0
FPS-0253,2025-10,RICE,245,22,SUMMER,10,2025,235,0.006,0.96,0
FPS-0253,2025-10,WHEAT,200,22,SUMMER,10,2025,194,0.058,0.96,0
FPS-0254,2025-10,RICE,200,14,SUMMER,10,2025,201,-0.048,0.96,0
FPS-0254,2025-10,WHEAT,200,14,SUMMER,10,2025,195,-0.019,0.96,0
FPS-0255,2025-10,RICE,200,16,SUMMER,10,2025,189,-0.039,0.96,0
FPS-0255,2025-10,WHEAT,200,16,SUMMER,10,2025,200,-0.036,0.96,0
FPS-0256,2025-10,RICE,200,14,SUMMER,10,2025,203,0.017,0.96,0
FPS-0256,2025-10,WHEAT,200,14,SUMMER,10,2025,211,0.01,0.96,0
FPS-0257,2025-10,RICE,140,15,SUMMER,10,2025,193,0.03,0.96,1
FPS-0257,2025-10,WHEAT,200,15,SUMMER,10,2025,192,0.068,0.96,0
FPS-0258,2025-10,RICE,200,15,SUMMER,10,2025,193,-0.032,0.96,0
FPS-0258,2025-10,WHEAT,200,15,SUMMER,10,2025,207,-0.037,0.96,0
FPS-0259,2025-10,RICE,200,15,SUMMER,10,2025,186,0.077,0.96,0
FPS-0259,2025-10,WHEAT,200,15,SUMMER,10,2025,199,0.01,0.96,0
FPS-0260,2025-10,RICE,200,13,SUMMER,10,2025,206,0.013,0.96,0
FPS-0260,2025-10,WHEAT,200,13,SUMMER,10,2025,202,0.059,0.96,0
FPS-0261,2025-10,RICE,200,11,SUMMER,10,2025,205,0.051,0.96,0
FPS-0261,2025-10,WHEAT,200,11,SUMMER,10,2025,208,0.055,0.96,0
FPS-0262,2025-10,RICE,200,13,SUMMER,10,2025,184,0.066,0.96,0
FPS-0262,2025-10,WHEAT,200,13,SUMMER,10,2025,184,-0.013,0.96,0
FPS-0263,2025-10,RICE,200,14,SUMMER,10,2025,190,0.024,0.96,0
FPS-0263,2025-10,WHEAT,200,14,SUMMER,10,2025,186,0.067,0.96,0
FPS-0264,2025-10,RICE,200,5,SUMMER,10,2025,197,-0.039,0.96,0
FPS-0264,2025-10,WHEAT,200,5,SUMMER,10,2025,191,0.033,0.96,0
FPS-0265,2025-10,RICE,217,18,SUMMER,10,2025,204,0.039,0.96,0
FPS-0265,2025-10,WHEAT,200,18,SUMMER,10,2025,203,0.027,0.96,0
FPS-0266,2025-10,RICE,200,13,SUMMER,10,2025,201,0.001,0.96,0
FPS-0266,2025-10,WHEAT,200,13,SUMMER,10,2025,184,-0.014,0.96,0
FPS-0267,2025-10,RICE,200,16,SUMMER,10,2025,207,0.051,0.96,0
FPS-0267,2025-10,WHEAT,200,16,SUMMER,10,2025,202,0.047,0.96,0
FPS-0268,2025-10,RICE,200,20,SUMMER,10,2025,188,-0.016,0.96,0
FPS-0268,2025-10,WHEAT,200,20,SUMMER,10,2025,191,0.069,0.96,0
FPS-0269,2025-10,RICE,233,21,SUMMER,10,2025,229,0.054,0.96,0
FPS-0269,2025-10,WHEAT,200,21,SUMMER,10,2025,185,0.042,0.96,0
FPS-0270,2025-10,RICE,200,8,SUMMER,10,2025,207,0.038,0.96,0
FPS-0270,2025-10,WHEAT,200,8,SUMMER,10,2025,204,-0.004,0.96,0
FPS-0271,2025-10,RICE,208,18,SUMMER,10,2025,197,0.032,0.96,0
FPS-0271,2025-10,WHEAT,200,18,SUMMER,10,2025,201,-0.037,0.96,0
FPS-0272,2025-10,RICE,266,20,SUMMER,10,2025,255,0.008,0.96,0
FPS-0272,2025-10,WHEAT,200,20,SUMMER,10,2025,210,-0.006,0.96,0
FPS-0273,2025-10,RICE,279,23,SUMMER,10,2025,279,0.021,0.96,0
FPS-0273,2025-10,WHEAT,140,23,SUMMER,10,2025,189,-0.012,0.96,1
FPS-0274,2025-10,RICE,200,18,SUMMER,10,2025,202,-0.028,0.96,0
FPS-0274,2025-10,WHEAT,200,18,SUMMER,10,2025,200,0.032,0.96,0
FPS-0275,2025-10,RICE,200,17,SUMMER,10,2025,196,0.019,0.96,0
FPS-0275,2025-10,WHEAT,200,17,SUMMER,10,2025,209,0.053,0.96,0
FPS-0276,2025-10,RICE,208,19,SUMMER,10,2025,191,-0.029,0.96,0
FPS-0276,2025-10,WHEAT,200,19,SUMMER,10,2025,198,0.069,0.96,0
FPS-0277,2025-10,RICE,200,17,SUMMER,10,2025,199,-0.044,0.96,0
FPS-0277,2025-10,WHEAT,200,17,SUMMER,10,2025,191,0.074,0.96,0
FPS-0278,2025-10,RICE,200,15,SUMMER,10,2025,205,0.055,0.96,0
FPS-0278,2025-10,WHEAT,200,15,SUMMER,10,2025,190,-0.048,0.96,0
FPS-0279,2025-10,RICE,297,23,SUMMER,10,2025,284,-0.05,0.96,0
FPS-0279,2025-10,WHEAT,221,23,SUMMER,10,2025,225,-0.011,0.96,0
FPS-0280,2025-10,RICE,200,18,SUMMER,10,2025,211,-0.009,0.96,0
FPS-0280,2025-10,WHEAT,200,18,SUMMER,10,2025,196,0.016,0.96,0
FPS-0281,2025-10,RICE,200,18,SUMMER,10,2025,210,-0.018,0.96,0
FPS-0281,2025-10,WHEAT,200,18,SUMMER,10,2025,187,0.029,0.96,0
FPS-0282,2025-10,RICE,236,20,SUMMER,10,2025,237,0.036,0.96,0
FPS-0282,2025-10,WHEAT,200,20,SUMMER,10,2025,199,0.02,0.96,0
FPS-0283,2025-10,RICE,200,14,SUMMER,10,2025,189,0.066,0.96,0
FPS-0283,2025-10,WHEAT,200,14,SUMMER,10,2025,187,-0.011,0.96,0
FPS-0284,2025-10,RICE,200,12,SUMMER,10,2025,198,0.063,0.96,0
FPS-0284,2025-10,WHEAT,200,12,SUMMER,10,2025,198,0.055,0.96,0
FPS-0285,2025-10,RICE,215,18,SUMMER,10,2025,215,0.035,0.96,0
FPS-0285,2025-10,WHEAT,200,18,SUMMER,10,2025,192,-0.018,0.96,0
FPS-0286,2025-10,RICE,200,16,SUMMER,10,2025,188,-0.012,0.96,0
FPS-0286,2025-10,WHEAT,200,16,SUMMER,10,2025,197,0.026,0.96,0
FPS-0287,2025-10,RICE,328,26,SUMMER,10,2025,308,0.049,0.96,0
FPS-0287,2025-10,WHEAT,239,26,SUMMER,10,2025,223,0.007,0.96,0
FPS-0288,2025-10,RICE,200,17,SUMMER,10,2025,205,0.011,0.96,0
FPS-0288,2025-10,WHEAT,200,17,SUMMER,10,2025,199,-0.029,0.96,0
FPS-0289,2025-10,RICE,200,13,SUMMER,10,2025,208,-0.035,0.96,0
FPS-0289,2025-10,WHEAT,200,13,SUMMER,10,2025,186,-0.036,0.96,0
FPS-0290,2025-10,RICE,211,18,SUMMER,10,2025,211,0.032,0.96,0
FPS-0290,2025-10,WHEAT,200,18,SUMMER,10,2025,206,0.04,0.96,0
FPS-0291,2025-10,RICE,250,18,SUMMER,10,2025,261,0.078,0.96,0
FPS-0291,2025-10,WHEAT,200,18,SUMMER,10,2025,201,0.073,0.96,0
FPS-0292,2025-10,RICE,255,20,SUMMER,10,2025,246,0.06,0.96,0
FPS-0292,2025-10,WHEAT,200,20,SUMMER,10,2025,189,0.04,0.96,0
FPS-0293,2025-10,RICE,203,18,SUMMER,10,2025,209,-0.037,0.96,0
FPS-0293,2025-10,WHEAT,200,18,SUMMER,10,2025,196,-0.045,0.96,0
FPS-0294,2025-10,RICE,201,16,SUMMER,10,2025,196,-0.012,0.96,0
FPS-0294,2025-10,WHEAT,200,16,SUMMER,10,2025,184,0.003,0.96,0
FPS-0295,2025-10,RICE,200,13,SUMMER,10,2025,193,0.067,0.96,0
FPS-0295,2025-10,WHEAT,200,13,SUMMER,10,2025,210,0.031,0.96,0
FPS-0296,2025-10,RICE,200,14,SUMMER,10,2025,207,0.023,0.96,0
FPS-0296,2025-10,WHEAT,200,14,SUMMER,10,2025,194,0.078,0.96,0
FPS-0297,2025-10,RICE,200,17,SUMMER,10,2025,211,0.033,0.96,0
FPS-0297,2025-10,WHEAT,200,17,SUMMER,10,2025,188,-0.012,0.96,0
FPS-0298,2025-10,RICE,200,15,SUMMER,10,2025,190,0.038,0.96,0
FPS-0298,2025-10,WHEAT,200,15,SUMMER,10,2025,206,0.069,0.96,0
FPS-0299,2025-10,RICE,200,17,SUMMER,10,2025,187,-0.047,0.96,0
FPS-0299,2025-10,WHEAT,200,17,SUMMER,10,2025,192,0.018,0.96,0
FPS-0300,2025-10,RICE,239,17,SUMMER,10,2025,222,0.063,0.96,0
FPS-0300,2025-10,WHEAT,200,17,SUMMER,10,2025,204,0.07,0.96,0
FPS-0301,2025-10,RICE,230,16,SUMMER,10,2025,216,0.05,0.96,0
FPS-0301,2025-10,WHEAT,200,16,SUMMER,10,2025,190,-0.038,0.96,0
FPS-0302,2025-10,RICE,224,19,SUMMER,10,2025,207,0.052,0.96,0
FPS-0302,2025-10,WHEAT,200,19,SUMMER,10,2025,199,0.078,0.96,0
FPS-0303,2025-10,RICE,200,11,SUMMER,10,2025,210,-0.007,0.96,0
FPS-0303,2025-10,WHEAT,200,11,SUMMER,10,2025,198,-0.034,0.96,0
FPS-0304,2025-10,RICE,217,17,SUMMER,10,2025,207,-0.021,0.96,0
FPS-0304,2025-10,WHEAT,200,17,SUMMER,10,2025,200,-0.012,0.96,0
FPS-0305,2025-10,RICE,207,17,SUMMER,10,2025,213,0.047,0.96,0
FPS-0305,2025-10,WHEAT,200,17,SUMMER,10,2025,210,0.006,0.96,0
FPS-0306,2025-10,RICE,200,13,SUMMER,10,2025,205,0.071,0.96,0
FPS-0306,2025-10,WHEAT,200,13,SUMMER,10,2025,198,0.018,0.96,0
FPS-0307,2025-10,RICE,208,15,SUMMER,10,2025,203,0.06,0.96,0
FPS-0307,2025-10,WHEAT,200,15,SUMMER,10,2025,209,-0.027,0.96,0
FPS-0308,2025-10,RICE,202,15,SUMMER,10,2025,187,-0.007,0.96,0
FPS-0308,2025-10,WHEAT,200,15,SUMMER,10,2025,191,0.047,0.96,0
FPS-0309,2025-10,RICE,230,18,SUMMER,10,2025,214,0.049,0.96,0
FPS-0309,2025-10,WHEAT,200,18,SUMMER,10,2025,184,-0.031,0.96,0
FPS-0310,2025-10,RICE,200,13,SUMMER,10,2025,189,-0.024,0.96,0
FPS-0310,2025-10,WHEAT,200,13,SUMMER,10,2025,208,0.054,0.96,0
FPS-0311,2025-10,RICE,244,23,SUMMER,10,2025,243,-0.01,0.96,0
FPS-0311,2025-10,WHEAT,200,23,SUMMER,10,2025,193,0.008,0.96,0
FPS-0312,2025-10,RICE,257,19,SUMMER,10,2025,268,0.075,0.96,0
FPS-0312,2025-10,WHEAT,200,19,SUMMER,10,2025,184,-0.03,0.96,0
FPS-0313,2025-10,RICE,200,15,SUMMER,10,2025,186,-0.035,0.96,0
FPS-0313,2025-10,WHEAT,200,15,SUMMER,10,2025,211,-0.03,0.96,0
FPS-0314,2025-10,RICE,233,18,SUMMER,10,2025,234,-0.007,0.96,0
FPS-0314,2025-10,WHEAT,200,18,SUMMER,10,2025,185,-0.03,0.96,0
FPS-0315,2025-10,RICE,219,18,SUMMER,10,2025,211,0.039,0.96,0
FPS-0315,2025-10,WHEAT,200,18,SUMMER,10,2025,191,-0.017,0.96,0
FPS-0316,2025-10,RICE,200,15,SUMMER,10,2025,186,0.031,0.96,0
FPS-0316,2025-10,WHEAT,200,15,SUMMER,10,2025,197,-0.022,0.96,0
FPS-0317,2025-10,RICE,200,15,SUMMER,10,2025,210,-0.002,0.96,0
FPS-0317,2025-10,WHEAT,200,15,SUMMER,10,2025,187,-0.008,0.96,0
FPS-0318,2025-10,RICE,200,17,SUMMER,10,2025,211,0.003,0.96,0
FPS-0318,2025-10,WHEAT,200,17,SUMMER,10,2025,191,0.056,0.96,0
FPS-0319,2025-10,RICE,200,14,SUMMER,10,2025,193,0.008,0.96,0
FPS-0319,2025-10,WHEAT,200,14,SUMMER,10,2025,204,0.001,0.96,0
FPS-0320,2025-10,RICE,140,10,SUMMER,10,2025,198,-0.028,0.96,1
FPS-0320,2025-10,WHEAT,200,10,SUMMER,10,2025,193,0.048,0.96,0
FPS-0321,2025-10,RICE,243,24,SUMMER,10,2025,243,0.007,0.96,0
FPS-0321,2025-10,WHEAT,200,24,SUMMER,10,2025,198,0.002,0.96,0
FPS-0322,2025-10,RICE,224,20,SUMMER,10,2025,215,0.007,0.96,0
FPS-0322,2025-10,WHEAT,200,20,SUMMER,10,2025,208,0.079,0.96,0
FPS-0323,2025-10,RICE,200,16,SUMMER,10,2025,190,0.01,0.96,0
FPS-0323,2025-10,WHEAT,200,16,SUMMER,10,2025,206,0.034,0.96,0
FPS-0324,2025-10,RICE,200,13,SUMMER,10,2025,184,0.046,0.96,0
FPS-0324,2025-10,WHEAT,200,13,SUMMER,10,2025,186,-0.043,0.96,0
FPS-0325,2025-10,RICE,223,21,SUMMER,10,2025,225,0.011,0.96,0
FPS-0325,2025-10,WHEAT,200,21,SUMMER,10,2025,202,0.065,0.96,0
FPS-0326,2025-10,RICE,200,16,SUMMER,10,2025,208,0.008,0.96,0
FPS-0326,2025-10,WHEAT,200,16,SUMMER,10,2025,186,0.007,0.96,0
FPS-0327,2025-10,RICE,242,18,SUMMER,10,2025,253,0.051,0.96,0
FPS-0327,2025-10,WHEAT,140,18,SUMMER,10,2025,188,-0.024,0.96,1
FPS-0328,2025-10,RICE,218,18,SUMMER,10,2025,220,-0.008,0.96,0
FPS-0328,2025-10,WHEAT,200,18,SUMMER,10,2025,197,-0.043,0.96,0
FPS-0329,2025-10,RICE,200,15,SUMMER,10,2025,193,0.06,0.96,0
FPS-0329,2025-10,WHEAT,200,15,SUMMER,10,2025,187,0.016,0.96,0
FPS-0330,2025-10,RICE,214,21,SUMMER,10,2025,204,0.054,0.96,0
FPS-0330,2025-10,WHEAT,200,21,SUMMER,10,2025,200,0.056,0.96,0
FPS-0331,2025-10,RICE,203,17,SUMMER,10,2025,206,0.039,0.96,0
FPS-0331,2025-10,WHEAT,200,17,SUMMER,10,2025,202,0.056,0.96,0
FPS-0332,2025-10,RICE,215,21,SUMMER,10,2025,215,0.002,0.96,0
FPS-0332,2025-10,WHEAT,200,21,SUMMER,10,2025,200,-0.041,0.96,0
FPS-0333,2025-10,RICE,360,27,SUMMER,10,2025,353,0.02,0.96,0
FPS-0333,2025-10,WHEAT,235,27,SUMMER,10,2025,244,-0.047,0.96,0
FPS-0334,2025-10,RICE,200,16,SUMMER,10,2025,188,0.065,0.96,0
FPS-0334,2025-10,WHEAT,200,16,SUMMER,10,2025,199,0.079,0.96,0
FPS-0335,2025-10,RICE,253,18,SUMMER,10,2025,244,0.025,0.96,0
FPS-0335,2025-10,WHEAT,200,18,SUMMER,10,2025,204,0.032,0.96,0
FPS-0336,2025-10,RICE,221,18,SUMMER,10,2025,227,-0.006,0.96,0
FPS-0336,2025-10,WHEAT,200,18,SUMMER,10,2025,186,-0.009,0.96,0
FPS-0337,2025-10,RICE,200,13,SUMMER,10,2025,187,-0.028,0.96,0
FPS-0337,2025-10,WHEAT,200,13,SUMMER,10,2025,209,0.021,0.96,0
FPS-0338,2025-10,RICE,200,16,SUMMER,10,2025,202,-0.038,0.96,0
FPS-0338,2025-10,WHEAT,200,16,SUMMER,10,2025,187,0.02,0.96,0
FPS-0339,2025-10,RICE,200,18,SUMMER,10,2025,202,0.023,0.96,0
FPS-0339,2025-10,WHEAT,200,18,SUMMER,10,2025,210,0.027,0.96,0
FPS-0340,2025-10,RICE,200,12,SUMMER,10,2025,187,0.013,0.96,0
FPS-0340,2025-10,WHEAT,200,12,SUMMER,10,2025,205,0.062,0.96,0
FPS-0341,2025-10,RICE,200,14,SUMMER,10,2025,209,0.068,0.96,0
FPS-0341,2025-10,WHEAT,200,14,SUMMER,10,2025,207,-0.03,0.96,0
FPS-0342,2025-10,RICE,200,12,SUMMER,10,2025,185,-0.049,0.96,0
FPS-0342,2025-10,WHEAT,200,12,SUMMER,10,2025,187,-0.028,0.96,0
FPS-0343,2025-10,RICE,200,16,SUMMER,10,2025,208,-0.031,0.96,0
FPS-0343,2025-10,WHEAT,200,16,SUMMER,10,2025,193,-0.031,0.96,0
FPS-0344,2025-10,RICE,200,16,SUMMER,10,2025,206,-0.006,0.96,0
FPS-0344,2025-10,WHEAT,200,16,SUMMER,10,2025,206,-0.009,0.96,0
FPS-0345,2025-10,RICE,200,17,SUMMER,10,2025,207,0.028,0.96,0
FPS-0345,2025-10,WHEAT,200,17,SUMMER,10,2025,198,-0.01,0.96,0
FPS-0346,2025-10,RICE,200,19,SUMMER,10,2025,194,0.031,0.96,0
FPS-0346,2025-10,WHEAT,200,19,SUMMER,10,2025,190,0.065,0.96,0
FPS-0347,2025-10,RICE,314,22,SUMMER,10,2025,291,0.047,0.96,0
FPS-0347,2025-10,WHEAT,225,22,SUMMER,10,2025,212,0.044,0.96,0
FPS-0348,2025-10,RICE,226,20,SUMMER,10,2025,221,0.011,0.96,0
FPS-0348,2025-10,WHEAT,200,20,SUMMER,10,2025,187,0.053,0.96,0
FPS-0349,2025-10,RICE,200,18,SUMMER,10,2025,197,0.035,0.96,0
FPS-0349,2025-10,WHEAT,200,18,SUMMER,10,2025,211,-0.041,0.96,0
FPS-0350,2025-10,RICE,222,17,SUMMER,10,2025,229,0.009,0.96,0
FPS-0350,2025-10,WHEAT,200,17,SUMMER,10,2025,186,0.033,0.96,0
FPS-0351,2025-10,RICE,200,16,SUMMER,10,2025,186,0.012,0.96,0
FPS-0351,2025-10,WHEAT,200,16,SUMMER,10,2025,193,-0.007,0.96,0
FPS-0352,2025-10,RICE,217,19,SUMMER,10,2025,229,0.007,0.96,0
FPS-0352,2025-10,WHEAT,200,19,SUMMER,10,2025,210,0.014,0.96,0
FPS-0353,2025-10,RICE,200,16,SUMMER,10,2025,210,-0.023,0.96,0
FPS-0353,2025-10,WHEAT,200,16,SUMMER,10,2025,204,-0.038,0.96,0
FPS-0354,2025-10,RICE,221,21,SUMMER,10,2025,209,-0.015,0.96,0
FPS-0354,2025-10,WHEAT,140,21,SUMMER,10,2025,186,0.034,0.96,1
FPS-0355,2025-10,RICE,203,15,SUMMER,10,2025,192,0.017,0.96,0
FPS-0355,2025-10,WHEAT,200,15,SUMMER,10,2025,193,0.007,0.96,0
FPS-0356,2025-10,RICE,200,13,SUMMER,10,2025,195,-0.045,0.96,0
FPS-0356,2025-10,WHEAT,200,13,SUMMER,10,2025,209,0.001,0.96,0
FPS-0357,2025-10,RICE,211,20,SUMMER,10,2025,217,-0.05,0.96,0
FPS-0357,2025-10,WHEAT,200,20,SUMMER,10,2025,208,0.029,0.96,0
FPS-0358,2025-10,RICE,200,16,SUMMER,10,2025,185,-0.024,0.96,0
FPS-0358,2025-10,WHEAT,200,16,SUMMER,10,2025,190,0.026,0.96,0
FPS-0359,2025-10,RICE,324,25,SUMMER,10,2025,334,0.07,0.96,0
FPS-0359,2025-10,WHEAT,212,25,SUMMER,10,2025,216,-0.028,0.96,0
FPS-0360,2025-10,RICE,200,15,SUMMER,10,2025,200,-0.046,0.96,0
FPS-0360,2025-10,WHEAT,200,15,SUMMER,10,2025,204,-0.004,0.96,0
FPS-0361,2025-10,RICE,200,16,SUMMER,10,2025,194,0.047,0.96,0
FPS-0361,2025-10,WHEAT,200,16,SUMMER,10,2025,184,-0.005,0.96,0
FPS-0362,2025-10,RICE,200,17,SUMMER,10,2025,201,0.018,0.96,0
FPS-0362,2025-10,WHEAT,200,17,SUMMER,10,2025,189,0.034,0.96,0
FPS-0363,2025-10,RICE,200,15,SUMMER,10,2025,187,-0.048,0.96,0
FPS-0363,2025-10,WHEAT,200,15,SUMMER,10,2025,191,0.022,0.96,0
FPS-0364,2025-10,RICE,202,16,SUMMER,10,2025,198,-0.04,0.96,0
FPS-0364,2025-10,WHEAT,200,16,SUMMER,10,2025,186,0.027,0.96,0
FPS-0365,2025-10,RICE,200,18,SUMMER,10,2025,200,0.043,0.96,0
FPS-0365,2025-10,WHEAT,200,18,SUMMER,10,2025,209,-0.013,0.96,0
FPS-0366,2025-10,RICE,234,17,SUMMER,10,2025,232,0.038,0.96,0
FPS-0366,2025-10,WHEAT,200,17,SUMMER,10,2025,192,0.065,0.96,0
FPS-0367,2025-10,RICE,200,11,SUMMER,10,2025,187,0.038,0.96,0
FPS-0367,2025-10,WHEAT,200,11,SUMMER,10,2025,208,0.039,0.96,0
FPS-0368,2025-10,RICE,210,19,SUMMER,10,2025,219,0.022,0.96,0
FPS-0368,2025-10,WHEAT,200,19,SUMMER,10,2025,196,-0.021,0.96,0
FPS-0369,2025-10,RICE,200,18,SUMMER,10,2025,209,-0.002,0.96,0
FPS-0369,2025-10,WHEAT,200,18,SUMMER,10,2025,199,-0.043,0.96,0
FPS-0370,2025-10,RICE,200,17,SUMMER,10,2025,185,-0.001,0.96,0
FPS-0370,2025-10,WHEAT,200,17,SUMMER,10,2025,202,0.06,0.96,0
FPS-0371,2025-10,RICE,200,15,SUMMER,10,2025,199,0.042,0.96,0
FPS-0371,2025-10,WHEAT,200,15,SUMMER,10,2025,200,0.043,0.96,0
FPS-0372,2025-10,RICE,200,9,SUMMER,10,2025,194,-0.033,0.96,0
FPS-0372,2025-10,WHEAT,200,9,SUMMER,10,2025,184,0.036,0.96,0
FPS-0373,2025-10,RICE,200,20,SUMMER,10,2025,205,-0.049,0.96,0
FPS-0373,2025-10,WHEAT,200,20,SUMMER,10,2025,199,-0.041,0.96,0
FPS-0374,2025-10,RICE,200,18,SUMMER,10,2025,205,0.004,0.96,0
FPS-0374,2025-10,WHEAT,200,18,SUMMER,10,2025,190,0.072,0.96,0
FPS-0375,2025-10,RICE,240,19,SUMMER,10,2025,249,0.064,0.96,0
FPS-0375,2025-10,WHEAT,200,19,SUMMER,10,2025,196,0.051,0.96,0
FPS-0376,2025-10,RICE,209,17,SUMMER,10,2025,197,0.048,0.96,0
FPS-0376,2025-10,WHEAT,200,17,SUMMER,10,2025,194,0.004,0.96,0
FPS-0377,2025-10,RICE,200,16,SUMMER,10,2025,202,-0.005,0.96,0
FPS-0377,2025-10,WHEAT,200,16,SUMMER,10,2025,189,0.027,0.96,0
FPS-0378,2025-10,RICE,270,23,SUMMER,10,2025,260,0.045,0.96,0
FPS-0378,2025-10,WHEAT,200,23,SUMMER,10,2025,186,-0.038,0.96,0
FPS-0379,2025-10,RICE,200,13,SUMMER,10,2025,196,0.074,0.96,0
FPS-0379,2025-10,WHEAT,200,13,SUMMER,10,2025,196,0.03,0.96,0
FPS-0380,2025-10,RICE,177,20,SUMMER,10,2025,254,0.026,0.96,1
FPS-0380,2025-10,WHEAT,200,20,SUMMER,10,2025,193,0.014,0.96,0
FPS-0381,2025-10,RICE,200,17,SUMMER,10,2025,187,-0.009,0.96,0
FPS-0381,2025-10,WHEAT,200,17,SUMMER,10,2025,196,-0.046,0.96,0
FPS-0382,2025-10,RICE,200,9,SUMMER,10,2025,198,-0.046,0.96,0
FPS-0382,2025-10,WHEAT,200,9,SUMMER,10,2025,211,0.026,0.96,0
FPS-0383,2025-10,RICE,200,11,SUMMER,10,2025,202,0.077,0.96,0
FPS-0383,2025-10,WHEAT,200,11,SUMMER,10,2025,198,-0.025,0.96,0
FPS-0384,2025-10,RICE,258,23,SUMMER,10,2025,267,-0.036,0.96,0
FPS-0384,2025-10,WHEAT,200,23,SUMMER,10,2025,186,0.01,0.96,0
FPS-0385,2025-10,RICE,284,22,SUMMER,10,2025,279,-0.016,0.96,0
FPS-0385,2025-10,WHEAT,221,22,SUMMER,10,2025,228,0.037,0.96,0
FPS-0386,2025-10,RICE,200,18,SUMMER,10,2025,208,0.042,0.96,0
FPS-0386,2025-10,WHEAT,200,18,SUMMER,10,2025,209,-0.013,0.96,0
FPS-0387,2025-10,RICE,339,31,SUMMER,10,2025,335,-0.029,0.96,0
FPS-0387,2025-10,WHEAT,254,31,SUMMER,10,2025,248,0.044,0.96,0
FPS-0388,2025-10,RICE,140,11,SUMMER,10,2025,195,-0.013,0.96,1
FPS-0388,2025-10,WHEAT,200,11,SUMMER,10,2025,184,0.072,0.96,0
FPS-0389,2025-10,RICE,201,17,SUMMER,10,2025,198,0.053,0.96,0
FPS-0389,2025-10,WHEAT,200,17,SUMMER,10,2025,202,-0.018,0.96,0
FPS-0390,2025-10,RICE,215,21,SUMMER,10,2025,207,0.012,0.96,0
FPS-0390,2025-10,WHEAT,200,21,SUMMER,10,2025,192,0.035,0.96,0
FPS-0391,2025-10,RICE,248,20,SUMMER,10,2025,251,0.078,0.96,0
FPS-0391,2025-10,WHEAT,200,20,SUMMER,10,2025,208,-0.043,0.96,0
FPS-0392,2025-10,RICE,200,17,SUMMER,10,2025,192,0.055,0.96,0
FPS-0392,2025-10,WHEAT,200,17,SUMMER,10,2025,192,-0.012,0.96,0
FPS-0393,2025-10,RICE,204,18,SUMMER,10,2025,188,0.078,0.96,0
FPS-0393,2025-10,WHEAT,200,18,SUMMER,10,2025,197,0.04,0.96,0
FPS-0394,2025-10,RICE,211,17,SUMMER,10,2025,221,-0.04,0.96,0
FPS-0394,2025-10,WHEAT,200,17,SUMMER,10,2025,184,0.053,0.96,0
FPS-0395,2025-10,RICE,200,14,SUMMER,10,2025,197,0.008,0.96,0
FPS-0395,2025-10,WHEAT,200,14,SUMMER,10,2025,186,0.041,0.96,0
FPS-0396,2025-10,RICE,200,14,SUMMER,10,2025,193,-0.042,0.96,0
FPS-0396,2025-10,WHEAT,200,14,SUMMER,10,2025,201,0.076,0.96,0
FPS-0397,2025-10,RICE,200,13,SUMMER,10,2025,203,0.065,0.96,0
FPS-0397,2025-10,WHEAT,200,13,SUMMER,10,2025,197,0.047,0.96,0
FPS-0398,2025-10,RICE,200,16,SUMMER,10,2025,202,0.003,0.96,0
FPS-0398,2025-10,WHEAT,200,16,SUMMER,10,2025,193,-0.002,0.96,0
FPS-0399,2025-10,RICE,200,15,SUMMER,10,2025,200,0.074,0.96,0
FPS-0399,2025-10,WHEAT,200,15,SUMMER,10,2025,202,0.074,0.96,0
FPS-0400,2025-10,RICE,235,22,SUMMER,10,2025,227,-0.005,0.96,0
FPS-0400,2025-10,WHEAT,200,22,SUMMER,10,2025,198,-0.013,0.96,0
FPS-0401,2025-10,RICE,256,24,SUMMER,10,2025,243,0.039,0.96,0
FPS-0401,2025-10,WHEAT,200,24,SUMMER,10,2025,197,-0.004,0.96,0
FPS-0402,2025-10,RICE,200,8,SUMMER,10,2025,199,-0.029,0.96,0
FPS-0402,2025-10,WHEAT,200,8,SUMMER,10,2025,186,0.002,0.96,0
FPS-0403,2025-10,RICE,200,12,SUMMER,10,2025,194,0.067,0.96,0
FPS-0403,2025-10,WHEAT,200,12,SUMMER,10,2025,199,0.041,0.96,0
FPS-0404,2025-10,RICE,200,15,SUMMER,10,2025,188,0.033,0.96,0
FPS-0404,2025-10,WHEAT,200,15,SUMMER,10,2025,194,-0.039,0.96,0
FPS-0405,2025-10,RICE,200,14,SUMMER,10,2025,184,0.007,0.96,0
FPS-0405,2025-10,WHEAT,200,14,SUMMER,10,2025,185,0.051,0.96,0
FPS-0406,2025-10,RICE,270,22,SUMMER,10,2025,254,0.061,0.96,0
FPS-0406,2025-10,WHEAT,200,22,SUMMER,10,2025,193,0.034,0.96,0
FPS-0407,2025-10,RICE,210,18,SUMMER,10,2025,217,-0.001,0.96,0
FPS-0407,2025-10,WHEAT,200,18,SUMMER,10,2025,195,0.073,0.96,0
FPS-0408,2025-10,RICE,200,12,SUMMER,10,2025,187,-0.029,0.96,0
FPS-0408,2025-10,WHEAT,200,12,SUMMER,10,2025,192,0.006,0.96,0
FPS-0409,2025-10,RICE,200,17,SUMMER,10,2025,199,-0.023,0.96,0
FPS-0409,2025-10,WHEAT,200,17,SUMMER,10,2025,205,0.011,0.96,0
FPS-0410,2025-10,RICE,266,25,SUMMER,10,2025,280,-0.05,0.96,0
FPS-0410,2025-10,WHEAT,202,25,SUMMER,10,2025,188,0.046,0.96,0
FPS-0411,2025-10,RICE,200,15,SUMMER,10,2025,207,0.041,0.96,0
FPS-0411,2025-10,WHEAT,200,15,SUMMER,10,2025,203,-0.023,0.96,0
FPS-0412,2025-10,RICE,253,20,SUMMER,10,2025,241,0.055,0.96,0
FPS-0412,2025-10,WHEAT,200,20,SUMMER,10,2025,202,0.012,0.96,0
FPS-0413,2025-10,RICE,200,14,SUMMER,10,2025,185,-0.045,0.96,0
FPS-0413,2025-10,WHEAT,200,14,SUMMER,10,2025,202,0.037,0.96,0
FPS-0414,2025-10,RICE,254,22,SUMMER,10,2025,244,0.025,0.96,0
FPS-0414,2025-10,WHEAT,200,22,SUMMER,10,2025,208,0.041,0.96,0
FPS-0415,2025-10,RICE,214,17,SUMMER,10,2025,205,0.011,0.96,0
FPS-0415,2025-10,WHEAT,200,17,SUMMER,10,2025,201,-0.045,0.96,0
FPS-0416,2025-10,RICE,200,12,SUMMER,10,2025,208,0.0,0.96,0
FPS-0416,2025-10,WHEAT,200,12,SUMMER,10,2025,206,0.014,0.96,0
FPS-0417,2025-10,RICE,200,11,SUMMER,10,2025,200,0.07,0.96,0
FPS-0417,2025-10,WHEAT,200,11,SUMMER,10,2025,210,-0.02,0.96,0
FPS-0418,2025-10,RICE,255,21,SUMMER,10,2025,243,0.046,0.96,0
FPS-0418,2025-10,WHEAT,200,21,SUMMER,10,2025,195,0.052,0.96,0
FPS-0419,2025-10,RICE,186,22,SUMMER,10,2025,276,-0.006,0.96,1
FPS-0419,2025-10,WHEAT,202,22,SUMMER,10,2025,192,0.023,0.96,0
FPS-0420,2025-10,RICE,252,21,SUMMER,10,2025,263,0.077,0.96,0
FPS-0420,2025-10,WHEAT,200,21,SUMMER,10,2025,198,0.013,0.96,0
FPS-0421,2025-10,RICE,265,21,SUMMER,10,2025,248,0.073,0.96,0
FPS-0421,2025-10,WHEAT,200,21,SUMMER,10,2025,198,0.072,0.96,0
FPS-0422,2025-10,RICE,200,16,SUMMER,10,2025,194,0.049,0.96,0
FPS-0422,2025-10,WHEAT,200,16,SUMMER,10,2025,204,0.067,0.96,0
FPS-0423,2025-10,RICE,200,12,SUMMER,10,2025,204,0.055,0.96,0
FPS-0423,2025-10,WHEAT,200,12,SUMMER,10,2025,198,0.031,0.96,0
FPS-0424,2025-10,RICE,226,18,SUMMER,10,2025,231,0.034,0.96,0
FPS-0424,2025-10,WHEAT,200,18,SUMMER,10,2025,205,-0.044,0.96,0
FPS-0425,2025-10,RICE,200,17,SUMMER,10,2025,191,-0.014,0.96,0
FPS-0425,2025-10,WHEAT,200,17,SUMMER,10,2025,196,-0.049,0.96,0
FPS-0426,2025-10,RICE,226,21,SUMMER,10,2025,219,-0.042,0.96,0
FPS-0426,2025-10,WHEAT,200,21,SUMMER,10,2025,202,0.002,0.96,0
FPS-0427,2025-10,RICE,200,13,SUMMER,10,2025,192,0.065,0.96,0
FPS-0427,2025-10,WHEAT,200,13,SUMMER,10,2025,189,0.053,0.96,0
FPS-0428,2025-10,RICE,200,16,SUMMER,10,2025,188,0.03,0.96,0
FPS-0428,2025-10,WHEAT,200,16,SUMMER,10,2025,205,0.046,0.96,0
FPS-0429,2025-10,RICE,200,11,SUMMER,10,2025,202,0.037,0.96,0
FPS-0429,2025-10,WHEAT,200,11,SUMMER,10,2025,205,-0.02,0.96,0
FPS-0430,2025-10,RICE,203,16,SUMMER,10,2025,195,0.065,0.96,0
FPS-0430,2025-10,WHEAT,200,16,SUMMER,10,2025,209,0.069,0.96,0
FPS-0431,2025-10,RICE,200,4,SUMMER,10,2025,202,0.003,0.96,0
FPS-0431,2025-10,WHEAT,200,4,SUMMER,10,2025,185,0.008,0.96,0
FPS-0432,2025-10,RICE,366,24,SUMMER,10,2025,360,0.078,0.96,0
FPS-0432,2025-10,WHEAT,248,24,SUMMER,10,2025,241,-0.009,0.96,0
FPS-0433,2025-10,RICE,200,10,SUMMER,10,2025,202,0.019,0.96,0
FPS-0433,2025-10,WHEAT,200,10,SUMMER,10,2025,198,0.071,0.96,0
FPS-0434,2025-10,RICE,261,25,SUMMER,10,2025,245,-0.007,0.96,0
FPS-0434,2025-10,WHEAT,200,25,SUMMER,10,2025,195,0.026,0.96,0
FPS-0435,2025-10,RICE,207,19,SUMMER,10,2025,202,0.019,0.96,0
FPS-0435,2025-10,WHEAT,200,19,SUMMER,10,2025,192,-0.026,0.96,0
FPS-0436,2025-10,RICE,200,15,SUMMER,10,2025,196,0.062,0.96,0
FPS-0436,2025-10,WHEAT,200,15,SUMMER,10,2025,187,-0.037,0.96,0
FPS-0437,2025-10,RICE,200,13,SUMMER,10,2025,187,-0.04,0.96,0
FPS-0437,2025-10,WHEAT,200,13,SUMMER,10,2025,185,0.057,0.96,0
FPS-0438,2025-10,RICE,200,16,SUMMER,10,2025,187,-0.007,0.96,0
FPS-0438,2025-10,WHEAT,200,16,SUMMER,10,2025,209,0.053,0.96,0
FPS-0439,2025-10,RICE,247,19,SUMMER,10,2025,261,-0.01,0.96,0
FPS-0439,2025-10,WHEAT,200,19,SUMMER,10,2025,201,0.045,0.96,0
FPS-0440,2025-10,RICE,200,17,SUMMER,10,2025,202,-0.02,0.96,0
FPS-0440,2025-10,WHEAT,200,17,SUMMER,10,2025,188,0.039,0.96,0
FPS-0441,2025-10,RICE,285,22,SUMMER,10,2025,273,-0.004,0.96,0
FPS-0441,2025-10,WHEAT,214,22,SUMMER,10,2025,206,-0.013,0.96,0
FPS-0442,2025-10,RICE,200,14,SUMMER,10,2025,186,0.013,0.96,0
FPS-0442,2025-10,WHEAT,200,14,SUMMER,10,2025,192,0.014,0.96,0
FPS-0443,2025-10,RICE,200,15,SUMMER,10,2025,210,-0.035,0.96,0
FPS-0443,2025-10,WHEAT,200,15,SUMMER,10,2025,204,0.035,0.96,0
FPS-0444,2025-10,RICE,200,12,SUMMER,10,2025,207,0.041,0.96,0
FPS-0444,2025-10,WHEAT,200,12,SUMMER,10,2025,199,-0.048,0.96,0
FPS-0445,2025-10,RICE,200,12,SUMMER,10,2025,210,0.049,0.96,0
FPS-0445,2025-10,WHEAT,200,12,SUMMER,10,2025,211,0.029,0.96,0
FPS-0446,2025-10,RICE,200,14,SUMMER,10,2025,206,0.023,0.96,0
FPS-0446,2025-10,WHEAT,200,14,SUMMER,10,2025,194,0.038,0.96,0
FPS-0447,2025-10,RICE,200,13,SUMMER,10,2025,204,0.007,0.96,0
FPS-0447,2025-10,WHEAT,200,13,SUMMER,10,2025,205,-0.019,0.96,0
FPS-0448,2025-10,RICE,200,13,SUMMER,10,2025,205,0.056,0.96,0
FPS-0448,2025-10,WHEAT,200,13,SUMMER,10,2025,185,0.066,0.96,0
FPS-0449,2025-10,RICE,200,15,SUMMER,10,2025,188,-0.004,0.96,0
FPS-0449,2025-10,WHEAT,200,15,SUMMER,10,2025,204,0.024,0.96,0
FPS-0450,2025-10,RICE,200,14,SUMMER,10,2025,211,0.031,0.96,0
FPS-0450,2025-10,WHEAT,200,14,SUMMER,10,2025,203,0.054,0.96,0
FPS-0451,2025-10,RICE,256,23,SUMMER,10,2025,239,-0.047,0.96,0
FPS-0451,2025-10,WHEAT,200,23,SUMMER,10,2025,208,-0.049,0.96,0
FPS-0452,2025-10,RICE,201,17,SUMMER,10,2025,196,-0.046,0.96,0
FPS-0452,2025-10,WHEAT,200,17,SUMMER,10,2025,210,0.07,0.96,0
FPS-0453,2025-10,RICE,200,15,SUMMER,10,2025,203,-0.046,0.96,0
FPS-0453,2025-10,WHEAT,200,15,SUMMER,10,2025,185,-0.029,0.96,0
FPS-0454,2025-10,RICE,207,20,SUMMER,10,2025,204,-0.039,0.96,0
FPS-0454,2025-10,WHEAT,200,20,SUMMER,10,2025,211,0.056,0.96,0
FPS-0455,2025-10,RICE,200,18,SUMMER,10,2025,210,0.009,0.96,0
FPS-0455,2025-10,WHEAT,140,18,SUMMER,10,2025,202,-0.03,0.96,1
FPS-0456,2025-10,RICE,200,14,SUMMER,10,2025,210,-0.049,0.96,0
FPS-0456,2025-10,WHEAT,200,14,SUMMER,10,2025,201,0.047,0.96,0
FPS-0457,2025-10,RICE,229,19,SUMMER,10,2025,222,0.069,0.96,0
FPS-0457,2025-10,WHEAT,200,19,SUMMER,10,2025,199,-0.018,0.96,0
FPS-0458,2025-10,RICE,200,15,SUMMER,10,2025,186,0.02,0.96,0
FPS-0458,2025-10,WHEAT,200,15,SUMMER,10,2025,188,0.055,0.96,0
FPS-0459,2025-10,RICE,213,18,SUMMER,10,2025,211,0.057,0.96,0
FPS-0459,2025-10,WHEAT,200,18,SUMMER,10,2025,188,0.072,0.96,0
FPS-0460,2025-10,RICE,200,14,SUMMER,10,2025,204,0.066,0.96,0
FPS-0460,2025-10,WHEAT,200,14,SUMMER,10,2025,196,0.04,0.96,0
FPS-0461,2025-10,RICE,233,22,SUMMER,10,2025,216,0.066,0.96,0
FPS-0461,2025-10,WHEAT,200,22,SUMMER,10,2025,194,-0.031,0.96,0
FPS-0462,2025-10,RICE,200,12,SUMMER,10,2025,200,0.068,0.96,0
FPS-0462,2025-10,WHEAT,200,12,SUMMER,10,2025,190,0.008,0.96,0
FPS-0463,2025-10,RICE,244,23,SUMMER,10,2025,230,-0.047,0.96,0
FPS-0463,2025-10,WHEAT,200,23,SUMMER,10,2025,207,0.014,0.96,0
FPS-0464,2025-10,RICE,200,16,SUMMER,10,2025,194,-0.047,0.96,0
FPS-0464,2025-10,WHEAT,200,16,SUMMER,10,2025,207,0.046,0.96,0
FPS-0465,2025-10,RICE,200,16,SUMMER,10,2025,211,-0.049,0.96,0
FPS-0465,2025-10,WHEAT,200,16,SUMMER,10,2025,199,0.008,0.96,0
FPS-0466,2025-10,RICE,200,15,SUMMER,10,2025,199,-0.03,0.96,0
FPS-0466,2025-10,WHEAT,200,15,SUMMER,10,2025,189,0.049,0.96,0
FPS-0467,2025-10,RICE,200,9,SUMMER,10,2025,203,-0.007,0.96,0
FPS-0467,2025-10,WHEAT,200,9,SUMMER,10,2025,199,0.028,0.96,0
FPS-0468,2025-10,RICE,200,17,SUMMER,10,2025,207,-0.032,0.96,0
FPS-0468,2025-10,WHEAT,200,17,SUMMER,10,2025,209,0.072,0.96,0
FPS-0469,2025-10,RICE,200,12,SUMMER,10,2025,194,-0.004,0.96,0
FPS-0469,2025-10,WHEAT,200,12,SUMMER,10,2025,197,0.074,0.96,0
FPS-0470,2025-10,RICE,283,22,SUMMER,10,2025,286,-0.02,0.96,0
FPS-0470,2025-10,WHEAT,201,22,SUMMER,10,2025,197,0.019,0.96,0
FPS-0471,2025-10,RICE,200,13,SUMMER,10,2025,198,-0.029,0.96,0
FPS-0471,2025-10,WHEAT,200,13,SUMMER,10,2025,198,0.005,0.96,0
FPS-0472,2025-10,RICE,256,20,SUMMER,10,2025,245,0.044,0.96,0
FPS-0472,2025-10,WHEAT,200,20,SUMMER,10,2025,192,-0.018,0.96,0
FPS-0473,2025-10,RICE,200,17,SUMMER,10,2025,200,-0.038,0.96,0
FPS-0473,2025-10,WHEAT,200,17,SUMMER,10,2025,211,-0.05,0.96,0
FPS-0474,2025-10,RICE,200,17,SUMMER,10,2025,210,0.077,0.96,0
FPS-0474,2025-10,WHEAT,200,17,SUMMER,10,2025,210,0.069,0.96,0
FPS-0475,2025-10,RICE,223,18,SUMMER,10,2025,212,0.024,0.96,0
FPS-0475,2025-10,WHEAT,200,18,SUMMER,10,2025,199,-0.003,0.96,0
FPS-0476,2025-10,RICE,200,14,SUMMER,10,2025,200,-0.019,0.96,0
FPS-0476,2025-10,WHEAT,200,14,SUMMER,10,2025,188,-0.04,0.96,0
FPS-0477,2025-10,RICE,215,21,SUMMER,10,2025,206,-0.048,0.96,0
FPS-0477,2025-10,WHEAT,200,21,SUMMER,10,2025,191,0.017,0.96,0
FPS-0478,2025-10,RICE,200,15,SUMMER,10,2025,208,0.072,0.96,0
FPS-0478,2025-10,WHEAT,200,15,SUMMER,10,2025,207,-0.041,0.96,0
FPS-0479,2025-10,RICE,168,17,SUMMER,10,2025,223,0.051,0.96,1
FPS-0479,2025-10,WHEAT,200,17,SUMMER,10,2025,197,-0.007,0.96,0
FPS-0480,2025-10,RICE,200,12,SUMMER,10,2025,185,0.06,0.96,0
FPS-0480,2025-10,WHEAT,200,12,SUMMER,10,2025,197,-0.016,0.96,0
FPS-0481,2025-10,RICE,200,17,SUMMER,10,2025,198,-0.049,0.96,0
FPS-0481,2025-10,WHEAT,200,17,SUMMER,10,2025,196,-0.009,0.96,0
FPS-0482,2025-10,RICE,140,16,SUMMER,10,2025,203,0.009,0.96,1
FPS-0482,2025-10,WHEAT,200,16,SUMMER,10,2025,207,0.053,0.96,0
FPS-0483,2025-10,RICE,200,10,SUMMER,10,2025,210,0.02,0.96,0
FPS-0483,2025-10,WHEAT,200,10,SUMMER,10,2025,189,-0.002,0.96,0
FPS-0484,2025-10,RICE,200,16,SUMMER,10,2025,194,0.021,0.96,0
FPS-0484,2025-10,WHEAT,200,16,SUMMER,10,2025,188,0.012,0.96,0
FPS-0485,2025-10,RICE,200,13,SUMMER,10,2025,197,0.018,0.96,0
FPS-0485,2025-10,WHEAT,200,13,SUMMER,10,2025,197,-0.031,0.96,0
FPS-0486,2025-10,RICE,203,21,SUMMER,10,2025,209,-0.042,0.96,0
FPS-0486,2025-10,WHEAT,200,21,SUMMER,10,2025,202,0.074,0.96,0
FPS-0487,2025-10,RICE,200,14,SUMMER,10,2025,193,-0.033,0.96,0
FPS-0487,2025-10,WHEAT,200,14,SUMMER,10,2025,204,0.057,0.96,0
FPS-0488,2025-10,RICE,200,11,SUMMER,10,2025,189,0.072,0.96,0
FPS-0488,2025-10,WHEAT,200,11,SUMMER,10,2025,186,0.032,0.96,0
FPS-0489,2025-10,RICE,209,20,SUMMER,10,2025,215,-0.003,0.96,0
FPS-0489,2025-10,WHEAT,200,20,SUMMER,10,2025,199,0.061,0.96,0
FPS-0490,2025-10,RICE,219,16,SUMMER,10,2025,228,0.011,0.96,0
FPS-0490,2025-10,WHEAT,200,16,SUMMER,10,2025,193,0.037,0.96,0
FPS-0491,2025-10,RICE,238,16,SUMMER,10,2025,219,0.066,0.96,0
FPS-0491,2025-10,WHEAT,200,16,SUMMER,10,2025,206,-0.033,0.96,0
FPS-0492,2025-10,RICE,282,24,SUMMER,10,2025,261,-0.022,0.96,0
FPS-0492,2025-10,WHEAT,212,24,SUMMER,10,2025,222,0.027,0.96,0
FPS-0493,2025-10,RICE,200,17,SUMMER,10,2025,192,-0.031,0.96,0
FPS-0493,2025-10,WHEAT,200,17,SUMMER,10,2025,199,0.049,0.96,0
FPS-0494,2025-10,RICE,200,11,SUMMER,10,2025,198,0.033,0.96,0
FPS-0494,2025-10,WHEAT,200,11,SUMMER,10,2025,187,0.022,0.96,0
FPS-0495,2025-10,RICE,200,12,SUMMER,10,2025,208,-0.01,0.96,0
FPS-0495,2025-10,WHEAT,200,12,SUMMER,10,2025,193,-0.004,0.96,0
FPS-0496,2025-10,RICE,200,15,SUMMER,10,2025,186,0.049,0.96,0
FPS-0496,2025-10,WHEAT,200,15,SUMMER,10,2025,205,-0.008,0.96,0
FPS-0497,2025-10,RICE,211,19,SUMMER,10,2025,214,0.029,0.96,0
FPS-0497,2025-10,WHEAT,200,19,SUMMER,10,2025,207,0.022,0.96,0
FPS-0498,2025-10,RICE,207,16,SUMMER,10,2025,191,-0.035,0.96,0
FPS-0498,2025-10,WHEAT,200,16,SUMMER,10,2025,204,0.066,0.96,0
FPS-0499,2025-10,RICE,254,20,SUMMER,10,2025,242,-0.039,0.96,0
FPS-0499,2025-10,WHEAT,200,20,SUMMER,10,2025,197,0.053,0.96,0
FPS-0500,2025-10,RICE,200,15,SUMMER,10,2025,197,0.053,0.96,0
FPS-0500,2025-10,WHEAT,200,15,SUMMER,10,2025,195,0.045,0.96,0
FPS-0501,2025-10,RICE,200,17,SUMMER,10,2025,185,0.053,0.96,0
FPS-0501,2025-10,WHEAT,200,17,SUMMER,10,2025,187,-0.015,0.96,0
FPS-0502,2025-10,RICE,239,19,SUMMER,10,2025,225,-0.016,0.96,0
FPS-0502,2025-10,WHEAT,200,19,SUMMER,10,2025,200,-0.0,0.96,0
FPS-0503,2025-10,RICE,219,19,SUMMER,10,2025,230,0.045,0.96,0
FPS-0503,2025-10,WHEAT,200,19,SUMMER,10,2025,186,-0.009,0.96,0
FPS-0504,2025-10,RICE,200,16,SUMMER,10,2025,197,0.022,0.96,0
FPS-0504,2025-10,WHEAT,140,16,SUMMER,10,2025,185,0.059,0.96,1
FPS-0505,2025-10,RICE,200,17,SUMMER,10,2025,198,0.037,0.96,0
FPS-0505,2025-10,WHEAT,200,17,SUMMER,10,2025,189,0.01,0.96,0
FPS-0506,2025-10,RICE,200,14,SUMMER,10,2025,211,0.069,0.96,0
FPS-0506,2025-10,WHEAT,200,14,SUMMER,10,2025,208,-0.032,0.96,0
FPS-0507,2025-10,RICE,200,12,SUMMER,10,2025,201,0.044,0.96,0
FPS-0507,2025-10,WHEAT,200,12,SUMMER,10,2025,201,-0.034,0.96,0
FPS-0508,2025-10,RICE,242,22,SUMMER,10,2025,224,-0.02,0.96,0
FPS-0508,2025-10,WHEAT,200,22,SUMMER,10,2025,210,0.024,0.96,0
FPS-0509,2025-10,RICE,200,16,SUMMER,10,2025,207,-0.01,0.96,0
FPS-0509,2025-10,WHEAT,200,16,SUMMER,10,2025,202,0.026,0.96,0
FPS-0510,2025-10,RICE,200,13,SUMMER,10,2025,202,0.059,0.96,0
FPS-0510,2025-10,WHEAT,200,13,SUMMER,10,2025,204,0.043,0.96,0
FPS-0511,2025-10,RICE,200,15,SUMMER,10,2025,199,0.078,0.96,0
FPS-0511,2025-10,WHEAT,200,15,SUMMER,10,2025,190,0.012,0.96,0
FPS-0512,2025-10,RICE,200,12,SUMMER,10,2025,194,-0.042,0.96,0
FPS-0512,2025-10,WHEAT,200,12,SUMMER,10,2025,192,0.047,0.96,0
FPS-0513,2025-10,RICE,200,17,SUMMER,10,2025,196,-0.04,0.96,0
FPS-0513,2025-10,WHEAT,200,17,SUMMER,10,2025,211,0.039,0.96,0
FPS-0514,2025-10,RICE,200,5,SUMMER,10,2025,210,-0.006,0.96,0
FPS-0514,2025-10,WHEAT,200,5,SUMMER,10,2025,190,0.057,0.96,0
FPS-0515,2025-10,RICE,200,8,SUMMER,10,2025,203,0.047,0.96,0
FPS-0515,2025-10,WHEAT,200,8,SUMMER,10,2025,185,-0.041,0.96,0
FPS-0516,2025-10,RICE,200,11,SUMMER,10,2025,204,0.053,0.96,0
FPS-0516,2025-10,WHEAT,200,11,SUMMER,10,2025,193,-0.031,0.96,0
FPS-0517,2025-10,RICE,200,16,SUMMER,10,2025,189,0.018,0.96,0
FPS-0517,2025-10,WHEAT,200,16,SUMMER,10,2025,211,0.079,0.96,0
FPS-0518,2025-10,RICE,200,16,SUMMER,10,2025,199,0.066,0.96,0
FPS-0518,2025-10,WHEAT,200,16,SUMMER,10,2025,211,0.003,0.96,0
FPS-0519,2025-10,RICE,200,15,SUMMER,10,2025,192,-0.015,0.96,0
FPS-0519,2025-10,WHEAT,200,15,SUMMER,10,2025,191,-0.01,0.96,0
FPS-0520,2025-10,RICE,200,15,SUMMER,10,2025,209,-0.008,0.96,0
FPS-0520,2025-10,WHEAT,200,15,SUMMER,10,2025,208,-0.042,0.96,0
FPS-0521,2025-10,RICE,228,23,SUMMER,10,2025,212,-0.038,0.96,0
FPS-0521,2025-10,WHEAT,200,23,SUMMER,10,2025,198,0.054,0.96,0
FPS-0522,2025-10,RICE,243,20,SUMMER,10,2025,250,0.033,0.96,0
FPS-0522,2025-10,WHEAT,200,20,SUMMER,10,2025,191,-0.027,0.96,0
FPS-0523,2025-10,RICE,211,18,SUMMER,10,2025,215,0.015,0.96,0
FPS-0523,2025-10,WHEAT,200,18,SUMMER,10,2025,192,-0.045,0.96,0
FPS-0524,2025-10,RICE,200,12,SUMMER,10,2025,196,0.003,0.96,0
FPS-0524,2025-10,WHEAT,200,12,SUMMER,10,2025,193,0.075,0.96,0
FPS-0525,2025-10,RICE,200,12,SUMMER,10,2025,191,0.034,0.96,0
FPS-0525,2025-10,WHEAT,200,12,SUMMER,10,2025,211,-0.032,0.96,0
FPS-0526,2025-10,RICE,200,16,SUMMER,10,2025,206,0.002,0.96,0
FPS-0526,2025-10,WHEAT,200,16,SUMMER,10,2025,184,0.023,0.96,0
FPS-0527,2025-10,RICE,200,17,SUMMER,10,2025,208,-0.009,0.96,0
FPS-0527,2025-10,WHEAT,200,17,SUMMER,10,2025,201,0.048,0.96,0
FPS-0528,2025-10,RICE,202,17,SUMMER,10,2025,189,0.001,0.96,0
FPS-0528,2025-10,WHEAT,200,17,SUMMER,10,2025,206,0.08,0.96,0
FPS-0529,2025-10,RICE,254,25,SUMMER,10,2025,235,-0.021,0.96,0
FPS-0529,2025-10,WHEAT,200,25,SUMMER,10,2025,210,-0.044,0.96,0
FPS-0530,2025-10,RICE,200,17,SUMMER,10,2025,196,-0.041,0.96,0
FPS-0530,2025-10,WHEAT,200,17,SUMMER,10,2025,201,0.008,0.96,0
FPS-0531,2025-10,RICE,200,19,SUMMER,10,2025,188,-0.026,0.96,0
FPS-0531,2025-10,WHEAT,200,19,SUMMER,10,2025,205,0.064,0.96,0
FPS-0532,2025-10,RICE,200,14,SUMMER,10,2025,203,-0.025,0.96,0
FPS-0532,2025-10,WHEAT,200,14,SUMMER,10,2025,197,0.035,0.96,0
FPS-0533,2025-10,RICE,231,20,SUMMER,10,2025,217,0.052,0.96,0
FPS-0533,2025-10,WHEAT,200,20,SUMMER,10,2025,205,-0.004,0.96,0
FPS-0534,2025-10,RICE,200,11,SUMMER,10,2025,194,-0.013,0.96,0
FPS-0534,2025-10,WHEAT,200,11,SUMMER,10,2025,205,0.024,0.96,0
FPS-0535,2025-10,RICE,156,22,SUMMER,10,2025,207,-0.006,0.96,1
FPS-0535,2025-10,WHEAT,200,22,SUMMER,10,2025,194,-0.044,0.96,0
FPS-0536,2025-10,RICE,200,15,SUMMER,10,2025,193,-0.039,0.96,0
FPS-0536,2025-10,WHEAT,200,15,SUMMER,10,2025,201,-0.035,0.96,0
FPS-0537,2025-10,RICE,200,11,SUMMER,10,2025,206,-0.03,0.96,0
FPS-0537,2025-10,WHEAT,200,11,SUMMER,10,2025,204,0.042,0.96,0
FPS-0538,2025-10,RICE,200,11,SUMMER,10,2025,194,-0.018,0.96,0
FPS-0538,2025-10,WHEAT,200,11,SUMMER,10,2025,210,0.051,0.96,0
FPS-0539,2025-10,RICE,204,17,SUMMER,10,2025,207,-0.045,0.96,0
FPS-0539,2025-10,WHEAT,200,17,SUMMER,10,2025,186,-0.035,0.96,0
FPS-0540,2025-10,RICE,200,8,SUMMER,10,2025,188,-0.033,0.96,0
FPS-0540,2025-10,WHEAT,200,8,SUMMER,10,2025,206,0.068,0.96,0
FPS-0541,2025-10,RICE,200,15,SUMMER,10,2025,192,0.023,0.96,0
FPS-0541,2025-10,WHEAT,200,15,SUMMER,10,2025,206,0.024,0.96,0
FPS-0542,2025-10,RICE,200,13,SUMMER,10,2025,184,0.013,0.96,0
FPS-0542,2025-10,WHEAT,200,13,SUMMER,10,2025,203,-0.001,0.96,0
FPS-0543,2025-10,RICE,200,13,SUMMER,10,2025,191,-0.012,0.96,0
FPS-0543,2025-10,WHEAT,200,13,SUMMER,10,2025,197,0.069,0.96,0
FPS-0544,2025-10,RICE,200,19,SUMMER,10,2025,203,0.006,0.96,0
FPS-0544,2025-10,WHEAT,200,19,SUMMER,10,2025,205,-0.034,0.96,0
FPS-0545,2025-10,RICE,200,9,SUMMER,10,2025,192,0.03,0.96,0
FPS-0545,2025-10,WHEAT,200,9,SUMMER,10,2025,196,0.071,0.96,0
FPS-0546,2025-10,RICE,259,20,SUMMER,10,2025,265,-0.041,0.96,0
FPS-0546,2025-10,WHEAT,200,20,SUMMER,10,2025,204,-0.023,0.96,0
FPS-0547,2025-10,RICE,200,11,SUMMER,10,2025,186,-0.004,0.96,0
FPS-0547,2025-10,WHEAT,200,11,SUMMER,10,2025,195,0.013,0.96,0
FPS-0548,2025-10,RICE,200,16,SUMMER,10,2025,202,-0.015,0.96,0
FPS-0548,2025-10,WHEAT,200,16,SUMMER,10,2025,203,0.07,0.96,0
FPS-0549,2025-10,RICE,224,23,SUMMER,10,2025,234,0.001,0.96,0
FPS-0549,2025-10,WHEAT,200,23,SUMMER,10,2025,193,0.002,0.96,0
FPS-0550,2025-10,RICE,200,10,SUMMER,10,2025,191,-0.029,0.96,0
FPS-0550,2025-10,WHEAT,140,10,SUMMER,10,2025,209,0.018,0.96,1
FPS-0551,2025-10,RICE,200,18,SUMMER,10,2025,201,0.033,0.96,0
FPS-0551,2025-10,WHEAT,200,18,SUMMER,10,2025,211,0.056,0.96,0
FPS-0552,2025-10,RICE,200,13,SUMMER,10,2025,189,0.078,0.96,0
FPS-0552,2025-10,WHEAT,200,13,SUMMER,10,2025,203,0.052,0.96,0
FPS-0553,2025-10,RICE,268,23,SUMMER,10,2025,257,0.039,0.96,0
FPS-0553,2025-10,WHEAT,200,23,SUMMER,10,2025,197,-0.014,0.96,0
FPS-0554,2025-10,RICE,200,10,SUMMER,10,2025,193,0.07,0.96,0
FPS-0554,2025-10,WHEAT,200,10,SUMMER,10,2025,194,0.073,0.96,0
FPS-0555,2025-10,RICE,252,23,SUMMER,10,2025,253,-0.021,0.96,0
FPS-0555,2025-10,WHEAT,200,23,SUMMER,10,2025,200,0.062,0.96,0
FPS-0556,2025-10,RICE,232,20,SUMMER,10,2025,223,0.046,0.96,0
FPS-0556,2025-10,WHEAT,200,20,SUMMER,10,2025,202,0.077,0.96,0
FPS-0557,2025-10,RICE,214,19,SUMMER,10,2025,218,-0.029,0.96,0
FPS-0557,2025-10,WHEAT,200,19,SUMMER,10,2025,199,0.015,0.96,0
FPS-0558,2025-10,RICE,294,21,SUMMER,10,2025,301,0.019,0.96,0
FPS-0558,2025-10,WHEAT,200,21,SUMMER,10,2025,198,-0.045,0.96,0
FPS-0559,2025-10,RICE,200,18,SUMMER,10,2025,196,-0.032,0.96,0
FPS-0559,2025-10,WHEAT,140,18,SUMMER,10,2025,198,-0.008,0.96,1
FPS-0560,2025-10,RICE,253,21,SUMMER,10,2025,254,-0.012,0.96,0
FPS-0560,2025-10,WHEAT,200,21,SUMMER,10,2025,210,0.045,0.96,0
FPS-0561,2025-10,RICE,200,13,SUMMER,10,2025,190,-0.001,0.96,0
FPS-0561,2025-10,WHEAT,200,13,SUMMER,10,2025,210,0.054,0.96,0
FPS-0562,2025-10,RICE,268,20,SUMMER,10,2025,250,0.023,0.96,0
FPS-0562,2025-10,WHEAT,200,20,SUMMER,10,2025,188,-0.009,0.96,0
FPS-0563,2025-10,RICE,340,30,SUMMER,10,2025,318,0.019,0.96,0
FPS-0563,2025-10,WHEAT,248,30,SUMMER,10,2025,261,0.067,0.96,0
FPS-0564,2025-10,RICE,200,14,SUMMER,10,2025,204,0.046,0.96,0
FPS-0564,2025-10,WHEAT,200,14,SUMMER,10,2025,208,0.051,0.96,0
FPS-0565,2025-10,RICE,203,19,SUMMER,10,2025,192,0.043,0.96,0
FPS-0565,2025-10,WHEAT,200,19,SUMMER,10,2025,193,0.055,0.96,0
FPS-0566,2025-10,RICE,200,16,SUMMER,10,2025,205,0.077,0.96,0
FPS-0566,2025-10,WHEAT,200,16,SUMMER,10,2025,205,0.025,0.96,0
FPS-0567,2025-10,RICE,200,12,SUMMER,10,2025,209,-0.001,0.96,0
FPS-0567,2025-10,WHEAT,200,12,SUMMER,10,2025,205,-0.033,0.96,0
FPS-0568,2025-10,RICE,280,20,SUMMER,10,2025,275,0.043,0.96,0
FPS-0568,2025-10,WHEAT,200,20,SUMMER,10,2025,194,0.053,0.96,0
FPS-0569,2025-10,RICE,240,22,SUMMER,10,2025,247,-0.046,0.96,0
FPS-0569,2025-10,WHEAT,200,22,SUMMER,10,2025,208,-0.001,0.96,0
FPS-0570,2025-10,RICE,200,8,SUMMER,10,2025,189,-0.045,0.96,0
FPS-0570,2025-10,WHEAT,200,8,SUMMER,10,2025,191,-0.022,0.96,0
FPS-0571,2025-10,RICE,200,16,SUMMER,10,2025,195,0.077,0.96,0
FPS-0571,2025-10,WHEAT,200,16,SUMMER,10,2025,188,0.021,0.96,0
FPS-0572,2025-10,RICE,266,22,SUMMER,10,2025,268,0.06,0.96,0
FPS-0572,2025-10,WHEAT,200,22,SUMMER,10,2025,210,-0.029,0.96,0
FPS-0573,2025-10,RICE,200,13,SUMMER,10,2025,196,0.076,0.96,0
FPS-0573,2025-10,WHEAT,200,13,SUMMER,10,2025,204,0.066,0.96,0
FPS-0574,2025-10,RICE,205,20,SUMMER,10,2025,202,-0.041,0.96,0
FPS-0574,2025-10,WHEAT,200,20,SUMMER,10,2025,208,0.06,0.96,0
FPS-0575,2025-10,RICE,216,25,SUMMER,10,2025,321,0.044,0.96,1
FPS-0575,2025-10,WHEAT,229,25,SUMMER,10,2025,210,0.076,0.96,0
FPS-0576,2025-10,RICE,200,13,SUMMER,10,2025,197,0.055,0.96,0
FPS-0576,2025-10,WHEAT,200,13,SUMMER,10,2025,195,0.078,0.96,0
FPS-0577,2025-10,RICE,200,15,SUMMER,10,2025,184,-0.015,0.96,0
FPS-0577,2025-10,WHEAT,200,15,SUMMER,10,2025,208,-0.001,0.96,0
FPS-0578,2025-10,RICE,200,11,SUMMER,10,2025,208,0.074,0.96,0
FPS-0578,2025-10,WHEAT,200,11,SUMMER,10,2025,185,0.063,0.96,0
FPS-0579,2025-10,RICE,200,15,SUMMER,10,2025,184,-0.024,0.96,0
FPS-0579,2025-10,WHEAT,200,15,SUMMER,10,2025,211,-0.035,0.96,0
FPS-0580,2025-10,RICE,221,22,SUMMER,10,2025,215,-0.03,0.96,0
FPS-0580,2025-10,WHEAT,200,22,SUMMER,10,2025,201,0.058,0.96,0
FPS-0581,2025-10,RICE,200,19,SUMMER,10,2025,204,-0.036,0.96,0
FPS-0581,2025-10,WHEAT,200,19,SUMMER,10,2025,184,0.031,0.96,0
FPS-0582,2025-10,RICE,200,7,SUMMER,10,2025,195,-0.0,0.96,0
FPS-0582,2025-10,WHEAT,200,7,SUMMER,10,2025,195,-0.032,0.96,0
FPS-0583,2025-10,RICE,200,12,SUMMER,10,2025,191,-0.003,0.96,0
FPS-0583,2025-10,WHEAT,200,12,SUMMER,10,2025,206,0.043,0.96,0
FPS-0584,2025-10,RICE,200,10,SUMMER,10,2025,198,0.016,0.96,0
FPS-0584,2025-10,WHEAT,200,10,SUMMER,10,2025,203,-0.031,0.96,0
FPS-0585,2025-10,RICE,200,15,SUMMER,10,2025,208,0.037,0.96,0
FPS-0585,2025-10,WHEAT,200,15,SUMMER,10,2025,200,-0.035,0.96,0
FPS-0586,2025-10,RICE,200,15,SUMMER,10,2025,200,0.059,0.96,0
FPS-0586,2025-10,WHEAT,200,15,SUMMER,10,2025,197,0.025,0.96,0
FPS-0587,2025-10,RICE,228,17,SUMMER,10,2025,238,0.066,0.96,0
FPS-0587,2025-10,WHEAT,200,17,SUMMER,10,2025,188,-0.005,0.96,0
FPS-0588,2025-10,RICE,200,19,SUMMER,10,2025,200,-0.007,0.96,0
FPS-0588,2025-10,WHEAT,200,19,SUMMER,10,2025,201,0.02,0.96,0
FPS-0589,2025-10,RICE,200,13,SUMMER,10,2025,190,-0.05,0.96,0
FPS-0589,2025-10,WHEAT,200,13,SUMMER,10,2025,197,-0.023,0.96,0
FPS-0590,2025-10,RICE,200,14,SUMMER,10,2025,211,0.015,0.96,0
FPS-0590,2025-10,WHEAT,200,14,SUMMER,10,2025,199,0.034,0.96,0
FPS-0591,2025-10,RICE,200,15,SUMMER,10,2025,202,0.038,0.96,0
FPS-0591,2025-10,WHEAT,200,15,SUMMER,10,2025,193,0.048,0.96,0
FPS-0592,2025-10,RICE,203,18,SUMMER,10,2025,203,0.059,0.96,0
FPS-0592,2025-10,WHEAT,200,18,SUMMER,10,2025,205,0.067,0.96,0
FPS-0593,2025-10,RICE,291,27,SUMMER,10,2025,277,-0.031,0.96,0
FPS-0593,2025-10,WHEAT,234,27,SUMMER,10,2025,236,0.058,0.96,0
FPS-0594,2025-10,RICE,200,16,SUMMER,10,2025,201,-0.01,0.96,0
FPS-0594,2025-10,WHEAT,200,16,SUMMER,10,2025,187,0.077,0.96,0
FPS-0595,2025-10,RICE,200,15,SUMMER,10,2025,190,0.022,0.96,0
FPS-0595,2025-10,WHEAT,200,15,SUMMER,10,2025,207,0.03,0.96,0
FPS-0596,2025-10,RICE,200,15,SUMMER,10,2025,207,0.019,0.96,0
FPS-0596,2025-10,WHEAT,200,15,SUMMER,10,2025,185,0.067,0.96,0
FPS-0597,2025-10,RICE,367,26,SUMMER,10,2025,340,-0.043,0.96,0
FPS-0597,2025-10,WHEAT,296,26,SUMMER,10,2025,310,0.022,0.96,0
FPS-0598,2025-10,RICE,246,16,SUMMER,10,2025,256,0.015,0.96,0
FPS-0598,2025-10,WHEAT,200,16,SUMMER,10,2025,206,-0.04,0.96,0
FPS-0599,2025-10,RICE,200,15,SUMMER,10,2025,190,0.045,0.96,0
FPS-0599,2025-10,WHEAT,200,15,SUMMER,10,2025,197,-0.005,0.96,0
FPS-0600,2025-10,RICE,200,13,SUMMER,10,2025,207,0.046,0.96,0
FPS-0600,2025-10,WHEAT,200,13,SUMMER,10,2025,186,-0.025,0.96,0
FPS-0001,2025-11,RICE,281,22,RABI,11,2025,262,-0.014,1.0,0
FPS-0001,2025-11,WHEAT,219,22,RABI,11,2025,213,-0.004,1.0,0
FPS-0002,2025-11,RICE,200,13,RABI,11,2025,191,-0.046,1.0,0
FPS-0002,2025-11,WHEAT,200,13,RABI,11,2025,200,-0.035,1.0,0
FPS-0003,2025-11,RICE,283,25,RABI,11,2025,292,-0.024,1.0,0
FPS-0003,2025-11,WHEAT,205,25,RABI,11,2025,212,0.019,1.0,0
FPS-0004,2025-11,RICE,200,13,RABI,11,2025,204,-0.016,1.0,0
FPS-0004,2025-11,WHEAT,200,13,RABI,11,2025,202,0.021,1.0,0
FPS-0005,2025-11,RICE,204,18,RABI,11,2025,205,-0.006,1.0,0
FPS-0005,2025-11,WHEAT,200,18,RABI,11,2025,205,-0.0,1.0,0
FPS-0006,2025-11,RICE,303,20,RABI,11,2025,308,0.059,1.0,0
FPS-0006,2025-11,WHEAT,227,20,RABI,11,2025,219,0.039,1.0,0
FPS-0007,2025-11,RICE,200,11,RABI,11,2025,191,-0.011,1.0,0
FPS-0007,2025-11,WHEAT,200,11,RABI,11,2025,201,0.07,1.0,0
FPS-0008,2025-11,RICE,207,17,RABI,11,2025,216,0.041,1.0,0
FPS-0008,2025-11,WHEAT,200,17,RABI,11,2025,187,0.044,1.0,0
FPS-0009,2025-11,RICE,200,13,RABI,11,2025,191,0.021,1.0,0
FPS-0009,2025-11,WHEAT,200,13,RABI,11,2025,211,-0.001,1.0,0
FPS-0010,2025-11,RICE,242,17,RABI,11,2025,243,-0.029,1.0,0
FPS-0010,2025-11,WHEAT,140,17,RABI,11,2025,189,0.002,1.0,1
FPS-0011,2025-11,RICE,200,14,RABI,11,2025,210,0.056,1.0,0
FPS-0011,2025-11,WHEAT,200,14,RABI,11,2025,195,0.063,1.0,0
FPS-0012,2025-11,RICE,250,20,RABI,11,2025,262,-0.038,1.0,0
FPS-0012,2025-11,WHEAT,200,20,RABI,11,2025,207,-0.009,1.0,0
FPS-0013,2025-11,RICE,235,17,RABI,11,2025,242,-0.018,1.0,0
FPS-0013,2025-11,WHEAT,200,17,RABI,11,2025,189,-0.026,1.0,0
FPS-0014,2025-11,RICE,200,11,RABI,11,2025,192,0.045,1.0,0
FPS-0014,2025-11,WHEAT,200,11,RABI,11,2025,184,0.023,1.0,0
FPS-0015,2025-11,RICE,200,14,RABI,11,2025,194,-0.039,1.0,0
FPS-0015,2025-11,WHEAT,200,14,RABI,11,2025,202,0.046,1.0,0
FPS-0016,2025-11,RICE,232,20,RABI,11,2025,221,0.025,1.0,0
FPS-0016,2025-11,WHEAT,200,20,RABI,11,2025,200,0.053,1.0,0
FPS-0017,2025-11,RICE,200,15,RABI,11,2025,197,0.013,1.0,0
FPS-0017,2025-11,WHEAT,200,15,RABI,11,2025,201,0.001,1.0,0
FPS-0018,2025-11,RICE,277,24,RABI,11,2025,290,-0.011,1.0,0
FPS-0018,2025-11,WHEAT,207,24,RABI,11,2025,218,-0.013,1.0,0
FPS-0019,2025-11,RICE,246,18,RABI,11,2025,255,0.032,1.0,0
FPS-0019,2025-11,WHEAT,200,18,RABI,11,2025,188,0.066,1.0,0
FPS-0020,2025-11,RICE,200,15,RABI,11,2025,201,0.036,1.0,0
FPS-0020,2025-11,WHEAT,200,15,RABI,11,2025,196,0.008,1.0,0
FPS-0021,2025-11,RICE,325,26,RABI,11,2025,331,0.038,1.0,0
FPS-0021,2025-11,WHEAT,156,26,RABI,11,2025,207,-0.033,1.0,1
FPS-0022,2025-11,RICE,200,15,RABI,11,2025,211,-0.021,1.0,0
FPS-0022,2025-11,WHEAT,200,15,RABI,11,2025,208,0.078,1.0,0
FPS-0023,2025-11,RICE,200,16,RABI,11,2025,193,-0.043,1.0,0
FPS-0023,2025-11,WHEAT,200,16,RABI,11,2025,192,0.077,1.0,0
FPS-0024,2025-11,RICE,200,18,RABI,11,2025,210,-0.042,1.0,0
FPS-0024,2025-11,WHEAT,200,18,RABI,11,2025,189,-0.002,1.0,0
FPS-0025,2025-11,RICE,278,19,RABI,11,2025,288,-0.011,1.0,0
FPS-0025,2025-11,WHEAT,202,19,RABI,11,2025,200,0.014,1.0,0
FPS-0026,2025-11,RICE,212,16,RABI,11,2025,213,0.07,1.0,0
FPS-0026,2025-11,WHEAT,200,16,RABI,11,2025,189,-0.049,1.0,0
FPS-0027,2025-11,RICE,200,15,RABI,11,2025,202,0.032,1.0,0
FPS-0027,2025-11,WHEAT,200,15,RABI,11,2025,193,-0.014,1.0,0
FPS-0028,2025-11,RICE,200,12,RABI,11,2025,191,-0.019,1.0,0
FPS-0028,2025-11,WHEAT,200,12,RABI,11,2025,200,0.016,1.0,0
FPS-0029,2025-11,RICE,235,21,RABI,11,2025,230,-0.034,1.0,0
FPS-0029,2025-11,WHEAT,200,21,RABI,11,2025,198,0.045,1.0,0
FPS-0030,2025-11,RICE,200,10,RABI,11,2025,198,0.021,1.0,0
FPS-0030,2025-11,WHEAT,200,10,RABI,11,2025,207,-0.017,1.0,0
FPS-0031,2025-11,RICE,200,13,RABI,11,2025,194,0.042,1.0,0
FPS-0031,2025-11,WHEAT,200,13,RABI,11,2025,200,-0.039,1.0,0
FPS-0032,2025-11,RICE,213,17,RABI,11,2025,221,0.016,1.0,0
FPS-0032,2025-11,WHEAT,200,17,RABI,11,2025,188,0.069,1.0,0
FPS-0033,2025-11,RICE,224,14,RABI,11,2025,216,-0.012,1.0,0
FPS-0033,2025-11,WHEAT,200,14,RABI,11,2025,186,0.013,1.0,0
FPS-0034,2025-11,RICE,246,18,RABI,11,2025,226,0.038,1.0,0
FPS-0034,2025-11,WHEAT,200,18,RABI,11,2025,204,-0.038,1.0,0
FPS-0035,2025-11,RICE,237,18,RABI,11,2025,248,-0.006,1.0,0
FPS-0035,2025-11,WHEAT,200,18,RABI,11,2025,187,-0.044,1.0,0
FPS-0036,2025-11,RICE,285,23,RABI,11,2025,289,0.079,1.0,0
FPS-0036,2025-11,WHEAT,200,23,RABI,11,2025,191,-0.04,1.0,0
FPS-0037,2025-11,RICE,236,20,RABI,11,2025,235,-0.044,1.0,0
FPS-0037,2025-11,WHEAT,200,20,RABI,11,2025,207,0.013,1.0,0
FPS-0038,2025-11,RICE,245,20,RABI,11,2025,239,-0.016,1.0,0
FPS-0038,2025-11,WHEAT,200,20,RABI,11,2025,208,0.072,1.0,0
FPS-0039,2025-11,RICE,236,20,RABI,11,2025,221,-0.016,1.0,0
FPS-0039,2025-11,WHEAT,200,20,RABI,11,2025,203,0.009,1.0,0
FPS-0040,2025-11,RICE,200,12,RABI,11,2025,200,0.072,1.0,0
FPS-0040,2025-11,WHEAT,200,12,RABI,11,2025,209,0.059,1.0,0
FPS-0041,2025-11,RICE,200,13,RABI,11,2025,190,-0.003,1.0,0
FPS-0041,2025-11,WHEAT,200,13,RABI,11,2025,196,0.004,1.0,0
FPS-0042,2025-11,RICE,209,18,RABI,11,2025,209,0.026,1.0,0
FPS-0042,2025-11,WHEAT,200,18,RABI,11,2025,194,0.043,1.0,0
FPS-0043,2025-11,RICE,200,17,RABI,11,2025,185,0.029,1.0,0
FPS-0043,2025-11,WHEAT,200,17,RABI,11,2025,201,0.07,1.0,0
FPS-0044,2025-11,RICE,200,15,RABI,11,2025,184,0.002,1.0,0
FPS-0044,2025-11,WHEAT,200,15,RABI,11,2025,208,0.027,1.0,0
FPS-0045,2025-11,RICE,244,21,RABI,11,2025,227,-0.022,1.0,0
FPS-0045,2025-11,WHEAT,200,21,RABI,11,2025,186,0.078,1.0,0
FPS-0046,2025-11,RICE,200,13,RABI,11,2025,187,0.046,1.0,0
FPS-0046,2025-11,WHEAT,200,13,RABI,11,2025,207,-0.005,1.0,0
FPS-0047,2025-11,RICE,260,21,RABI,11,2025,262,0.041,1.0,0
FPS-0047,2025-11,WHEAT,200,21,RABI,11,2025,187,0.06,1.0,0
FPS-0048,2025-11,RICE,200,12,RABI,11,2025,202,0.023,1.0,0
FPS-0048,2025-11,WHEAT,200,12,RABI,11,2025,186,0.036,1.0,0
FPS-0049,2025-11,RICE,225,17,RABI,11,2025,220,0.071,1.0,0
FPS-0049,2025-11,WHEAT,200,17,RABI,11,2025,200,0.032,1.0,0
FPS-0050,2025-11,RICE,308,23,RABI,11,2025,290,0.022,1.0,0
FPS-0050,2025-11,WHEAT,221,23,RABI,11,2025,207,-0.023,1.0,0
FPS-0051,2025-11,RICE,218,19,RABI,11,2025,201,-0.003,1.0,0
FPS-0051,2025-11,WHEAT,200,19,RABI,11,2025,209,0.034,1.0,0
FPS-0052,2025-11,RICE,257,19,RABI,11,2025,258,-0.0,1.0,0
FPS-0052,2025-11,WHEAT,200,19,RABI,11,2025,191,-0.048,1.0,0
FPS-0053,2025-11,RICE,200,17,RABI,11,2025,199,0.011,1.0,0
FPS-0053,2025-11,WHEAT,200,17,RABI,11,2025,188,0.009,1.0,0
FPS-0054,2025-11,RICE,200,14,RABI,11,2025,197,0.068,1.0,0
FPS-0054,2025-11,WHEAT,200,14,RABI,11,2025,204,0.03,1.0,0
FPS-0055,2025-11,RICE,246,20,RABI,11,2025,232,-0.001,1.0,0
FPS-0055,2025-11,WHEAT,200,20,RABI,11,2025,188,-0.005,1.0,0
FPS-0056,2025-11,RICE,149,19,RABI,11,2025,208,0.049,1.0,1
FPS-0056,2025-11,WHEAT,200,19,RABI,11,2025,204,0.034,1.0,0
FPS-0057,2025-11,RICE,222,18,RABI,11,2025,220,-0.035,1.0,0
FPS-0057,2025-11,WHEAT,200,18,RABI,11,2025,201,0.036,1.0,0
FPS-0058,2025-11,RICE,235,19,RABI,11,2025,228,0.004,1.0,0
FPS-0058,2025-11,WHEAT,200,19,RABI,11,2025,208,-0.013,1.0,0
FPS-0059,2025-11,RICE,222,17,RABI,11,2025,228,0.021,1.0,0
FPS-0059,2025-11,WHEAT,200,17,RABI,11,2025,203,0.079,1.0,0
FPS-0060,2025-11,RICE,255,22,RABI,11,2025,238,0.044,1.0,0
FPS-0060,2025-11,WHEAT,200,22,RABI,11,2025,210,0.066,1.0,0
FPS-0061,2025-11,RICE,200,15,RABI,11,2025,190,-0.023,1.0,0
FPS-0061,2025-11,WHEAT,200,15,RABI,11,2025,186,0.034,1.0,0
FPS-0062,2025-11,RICE,200,12,RABI,11,2025,198,0.053,1.0,0
FPS-0062,2025-11,WHEAT,200,12,RABI,11,2025,206,-0.001,1.0,0
FPS-0063,2025-11,RICE,266,20,RABI,11,2025,265,0.034,1.0,0
FPS-0063,2025-11,WHEAT,140,20,RABI,11,2025,207,-0.036,1.0,1
FPS-0064,2025-11,RICE,200,15,RABI,11,2025,206,0.052,1.0,0
FPS-0064,2025-11,WHEAT,200,15,RABI,11,2025,186,0.043,1.0,0
FPS-0065,2025-11,RICE,200,16,RABI,11,2025,208,0.04,1.0,0
FPS-0065,2025-11,WHEAT,200,16,RABI,11,2025,209,-0.037,1.0,0
FPS-0066,2025-11,RICE,213,17,RABI,11,2025,206,0.066,1.0,0
FPS-0066,2025-11,WHEAT,200,17,RABI,11,2025,192,0.042,1.0,0
FPS-0067,2025-11,RICE,200,13,RABI,11,2025,199,0.059,1.0,0
FPS-0067,2025-11,WHEAT,200,13,RABI,11,2025,200,0.068,1.0,0
FPS-0068,2025-11,RICE,211,20,RABI,11,2025,220,0.063,1.0,0
FPS-0068,2025-11,WHEAT,200,20,RABI,11,2025,197,-0.027,1.0,0
FPS-0069,2025-11,RICE,200,16,RABI,11,2025,196,0.072,1.0,0
FPS-0069,2025-11,WHEAT,200,16,RABI,11,2025,208,0.005,1.0,0
FPS-0070,2025-11,RICE,144,16,RABI,11,2025,192,0.046,1.0,1
FPS-0070,2025-11,WHEAT,200,16,RABI,11,2025,191,0.065,1.0,0
FPS-0071,2025-11,RICE,200,15,RABI,11,2025,204,0.004,1.0,0
FPS-0071,2025-11,WHEAT,200,15,RABI,11,2025,205,-0.021,1.0,0
FPS-0072,2025-11,RICE,284,22,RABI,11,2025,274,0.074,1.0,0
FPS-0072,2025-11,WHEAT,200,22,RABI,11,2025,185,-0.014,1.0,0
FPS-0073,2025-11,RICE,249,21,RABI,11,2025,254,0.003,1.0,0
FPS-0073,2025-11,WHEAT,200,21,RABI,11,2025,190,-0.013,1.0,0
FPS-0074,2025-11,RICE,200,11,RABI,11,2025,194,-0.044,1.0,0
FPS-0074,2025-11,WHEAT,140,11,RABI,11,2025,184,-0.044,1.0,1
FPS-0075,2025-11,RICE,235,21,RABI,11,2025,233,-0.017,1.0,0
FPS-0075,2025-11,WHEAT,200,21,RABI,11,2025,191,0.013,1.0,0
FPS-0076,2025-11,RICE,287,19,RABI,11,2025,282,-0.008,1.0,0
FPS-0076,2025-11,WHEAT,202,19,RABI,11,2025,207,-0.044,1.0,0
FPS-0077,2025-11,RICE,200,15,RABI,11,2025,194,0.053,1.0,0
FPS-0077,2025-11,WHEAT,200,15,RABI,11,2025,186,-0.038,1.0,0
FPS-0078,2025-11,RICE,237,20,RABI,11,2025,220,0.047,1.0,0
FPS-0078,2025-11,WHEAT,200,20,RABI,11,2025,190,-0.006,1.0,0
FPS-0079,2025-11,RICE,200,11,RABI,11,2025,198,0.018,1.0,0
FPS-0079,2025-11,WHEAT,200,11,RABI,11,2025,194,0.052,1.0,0
FPS-0080,2025-11,RICE,200,15,RABI,11,2025,189,-0.009,1.0,0
FPS-0080,2025-11,WHEAT,200,15,RABI,11,2025,207,0.079,1.0,0
FPS-0081,2025-11,RICE,254,21,RABI,11,2025,236,0.075,1.0,0
FPS-0081,2025-11,WHEAT,200,21,RABI,11,2025,188,-0.005,1.0,0
FPS-0082,2025-11,RICE,264,22,RABI,11,2025,247,0.074,1.0,0
FPS-0082,2025-11,WHEAT,200,22,RABI,11,2025,197,0.05,1.0,0
FPS-0083,2025-11,RICE,248,18,RABI,11,2025,250,0.062,1.0,0
FPS-0083,2025-11,WHEAT,200,18,RABI,11,2025,192,0.065,1.0,0
FPS-0084,2025-11,RICE,297,20,RABI,11,2025,275,0.053,1.0,0
FPS-0084,2025-11,WHEAT,227,20,RABI,11,2025,237,0.079,1.0,0
FPS-0085,2025-11,RICE,200,14,RABI,11,2025,205,-0.042,1.0,0
FPS-0085,2025-11,WHEAT,200,14,RABI,11,2025,185,-0.014,1.0,0
FPS-0086,2025-11,RICE,204,14,RABI,11,2025,207,0.079,1.0,0
FPS-0086,2025-11,WHEAT,200,14,RABI,11,2025,193,-0.04,1.0,0
FPS-0087,2025-11,RICE,200,13,RABI,11,2025,199,0.048,1.0,0
FPS-0087,2025-11,WHEAT,200,13,RABI,11,2025,187,0.074,1.0,0
FPS-0088,2025-11,RICE,200,15,RABI,11,2025,208,-0.003,1.0,0
FPS-0088,2025-11,WHEAT,200,15,RABI,11,2025,207,0.052,1.0,0
FPS-0089,2025-11,RICE,232,18,RABI,11,2025,244,0.003,1.0,0
FPS-0089,2025-11,WHEAT,200,18,RABI,11,2025,201,0.03,1.0,0
FPS-0090,2025-11,RICE,209,15,RABI,11,2025,219,0.029,1.0,0
FPS-0090,2025-11,WHEAT,200,15,RABI,11,2025,191,0.016,1.0,0
FPS-0091,2025-11,RICE,203,18,RABI,11,2025,199,0.011,1.0,0
FPS-0091,2025-11,WHEAT,200,18,RABI,11,2025,188,-0.045,1.0,0
FPS-0092,2025-11,RICE,256,21,RABI,11,2025,261,-0.04,1.0,0
FPS-0092,2025-11,WHEAT,200,21,RABI,11,2025,201,-0.006,1.0,0
FPS-0093,2025-11,RICE,266,24,RABI,11,2025,248,-0.048,1.0,0
FPS-0093,2025-11,WHEAT,204,24,RABI,11,2025,211,0.01,1.0,0
FPS-0094,2025-11,RICE,268,19,RABI,11,2025,281,0.019,1.0,0
FPS-0094,2025-11,WHEAT,142,19,RABI,11,2025,212,0.053,1.0,1
FPS-0095,2025-11,RICE,279,26,RABI,11,2025,283,-0.025,1.0,0
FPS-0095,2025-11,WHEAT,203,26,RABI,11,2025,213,-0.0,1.0,0
FPS-0096,2025-11,RICE,200,13,RABI,11,2025,202,-0.044,1.0,0
FPS-0096,2025-11,WHEAT,200,13,RABI,11,2025,186,-0.007,1.0,0
FPS-0097,2025-11,RICE,281,20,RABI,11,2025,290,0.018,1.0,0
FPS-0097,2025-11,WHEAT,200,20,RABI,11,2025,191,-0.042,1.0,0
FPS-0098,2025-11,RICE,272,20,RABI,11,2025,270,-0.008,1.0,0
FPS-0098,2025-11,WHEAT,200,20,RABI,11,2025,188,-0.04,1.0,0
FPS-0099,2025-11,RICE,208,16,RABI,11,2025,219,0.075,1.0,0
FPS-0099,2025-11,WHEAT,200,16,RABI,11,2025,211,-0.045,1.0,0
FPS-0100,2025-11,RICE,200,12,RABI,11,2025,199,0.015,1.0,0
FPS-0100,2025-11,WHEAT,200,12,RABI,11,2025,207,0.017,1.0,0
FPS-0101,2025-11,RICE,287,19,RABI,11,2025,303,0.031,1.0,0
FPS-0101,2025-11,WHEAT,207,19,RABI,11,2025,202,0.017,1.0,0
FPS-0102,2025-11,RICE,200,15,RABI,11,2025,193,0.063,1.0,0
FPS-0102,2025-11,WHEAT,200,15,RABI,11,2025,196,-0.012,1.0,0
FPS-0103,2025-11,RICE,224,23,RABI,11,2025,301,0.028,1.0,1
FPS-0103,2025-11,WHEAT,233,23,RABI,11,2025,244,0.067,1.0,0
FPS-0104,2025-11,RICE,200,14,RABI,11,2025,186,0.036,1.0,0
FPS-0104,2025-11,WHEAT,200,14,RABI,11,2025,192,-0.041,1.0,0
FPS-0105,2025-11,RICE,313,23,RABI,11,2025,290,0.011,1.0,0
FPS-0105,2025-11,WHEAT,238,23,RABI,11,2025,222,0.061,1.0,0
FPS-0106,2025-11,RICE,200,14,RABI,11,2025,195,-0.001,1.0,0
FPS-0106,2025-11,WHEAT,200,14,RABI,11,2025,207,0.046,1.0,0
FPS-0107,2025-11,RICE,200,18,RABI,11,2025,202,0.011,1.0,0
FPS-0107,2025-11,WHEAT,200,18,RABI,11,2025,199,0.079,1.0,0
FPS-0108,2025-11,RICE,200,10,RABI,11,2025,190,0.066,1.0,0
FPS-0108,2025-11,WHEAT,200,10,RABI,11,2025,191,0.022,1.0,0
FPS-0109,2025-11,RICE,200,14,RABI,11,2025,185,0.066,1.0,0
FPS-0109,2025-11,WHEAT,200,14,RABI,11,2025,194,-0.022,1.0,0
FPS-0110,2025-11,RICE,200,17,RABI,11,2025,200,0.015,1.0,0
FPS-0110,2025-11,WHEAT,200,17,RABI,11,2025,208,-0.004,1.0,0
FPS-0111,2025-11,RICE,200,13,RABI,11,2025,203,0.013,1.0,0
FPS-0111,2025-11,WHEAT,200,13,RABI,11,2025,211,0.05,1.0,0
FPS-0112,2025-11,RICE,200,14,RABI,11,2025,186,-0.038,1.0,0
FPS-0112,2025-11,WHEAT,200,14,RABI,11,2025,198,-0.017,1.0,0
FPS-0113,2025-11,RICE,200,8,RABI,11,2025,196,-0.049,1.0,0
FPS-0113,2025-11,WHEAT,200,8,RABI,11,2025,187,-0.04,1.0,0
FPS-0114,2025-11,RICE,200,15,RABI,11,2025,200,0.069,1.0,0
FPS-0114,2025-11,WHEAT,200,15,RABI,11,2025,193,-0.022,1.0,0
FPS-0115,2025-11,RICE,200,13,RABI,11,2025,190,0.074,1.0,0
FPS-0115,2025-11,WHEAT,200,13,RABI,11,2025,190,-0.009,1.0,0
FPS-0116,2025-11,RICE,200,9,RABI,11,2025,186,-0.008,1.0,0
FPS-0116,2025-11,WHEAT,200,9,RABI,11,2025,202,-0.004,1.0,0
FPS-0117,2025-11,RICE,200,17,RABI,11,2025,189,0.065,1.0,0
FPS-0117,2025-11,WHEAT,200,17,RABI,11,2025,206,0.042,1.0,0
FPS-0118,2025-11,RICE,208,19,RABI,11,2025,207,0.001,1.0,0
FPS-0118,2025-11,WHEAT,200,19,RABI,11,2025,204,0.008,1.0,0
FPS-0119,2025-11,RICE,200,15,RABI,11,2025,200,0.023,1.0,0
FPS-0119,2025-11,WHEAT,200,15,RABI,11,2025,208,0.015,1.0,0
FPS-0120,2025-11,RICE,200,16,RABI,11,2025,185,0.054,1.0,0
FPS-0120,2025-11,WHEAT,200,16,RABI,11,2025,184,-0.013,1.0,0
FPS-0121,2025-11,RICE,200,15,RABI,11,2025,187,-0.029,1.0,0
FPS-0121,2025-11,WHEAT,200,15,RABI,11,2025,198,-0.046,1.0,0
FPS-0122,2025-11,RICE,200,14,RABI,11,2025,184,-0.042,1.0,0
FPS-0122,2025-11,WHEAT,200,14,RABI,11,2025,205,0.022,1.0,0
FPS-0123,2025-11,RICE,200,14,RABI,11,2025,207,0.018,1.0,0
FPS-0123,2025-11,WHEAT,200,14,RABI,11,2025,202,-0.001,1.0,0
FPS-0124,2025-11,RICE,284,21,RABI,11,2025,276,-0.033,1.0,0
FPS-0124,2025-11,WHEAT,200,21,RABI,11,2025,184,-0.045,1.0,0
FPS-0125,2025-11,RICE,200,14,RABI,11,2025,209,-0.023,1.0,0
FPS-0125,2025-11,WHEAT,200,14,RABI,11,2025,201,0.031,1.0,0
FPS-0126,2025-11,RICE,200,13,RABI,11,2025,193,-0.031,1.0,0
FPS-0126,2025-11,WHEAT,200,13,RABI,11,2025,207,0.013,1.0,0
FPS-0127,2025-11,RICE,200,11,RABI,11,2025,203,0.061,1.0,0
FPS-0127,2025-11,WHEAT,200,11,RABI,11,2025,189,0.062,1.0,0
FPS-0128,2025-11,RICE,200,12,RABI,11,2025,194,0.015,1.0,0
FPS-0128,2025-11,WHEAT,200,12,RABI,11,2025,193,-0.034,1.0,0
FPS-0129,2025-11,RICE,200,17,RABI,11,2025,195,0.045,1.0,0
FPS-0129,2025-11,WHEAT,200,17,RABI,11,2025,211,-0.002,1.0,0
FPS-0130,2025-11,RICE,200,16,RABI,11,2025,197,0.049,1.0,0
FPS-0130,2025-11,WHEAT,200,16,RABI,11,2025,184,-0.008,1.0,0
FPS-0131,2025-11,RICE,200,15,RABI,11,2025,192,0.048,1.0,0
FPS-0131,2025-11,WHEAT,200,15,RABI,11,2025,206,-0.019,1.0,0
FPS-0132,2025-11,RICE,288,23,RABI,11,2025,268,0.045,1.0,0
FPS-0132,2025-11,WHEAT,200,23,RABI,11,2025,207,-0.005,1.0,0
FPS-0133,2025-11,RICE,200,13,RABI,11,2025,190,-0.031,1.0,0
FPS-0133,2025-11,WHEAT,200,13,RABI,11,2025,184,-0.009,1.0,0
FPS-0134,2025-11,RICE,206,16,RABI,11,2025,207,0.057,1.0,0
FPS-0134,2025-11,WHEAT,200,16,RABI,11,2025,199,-0.018,1.0,0
FPS-0135,2025-11,RICE,200,15,RABI,11,2025,185,0.043,1.0,0
FPS-0135,2025-11,WHEAT,200,15,RABI,11,2025,203,0.037,1.0,0
FPS-0136,2025-11,RICE,230,16,RABI,11,2025,242,0.068,1.0,0
FPS-0136,2025-11,WHEAT,200,16,RABI,11,2025,187,-0.048,1.0,0
FPS-0137,2025-11,RICE,200,15,RABI,11,2025,194,-0.022,1.0,0
FPS-0137,2025-11,WHEAT,140,15,RABI,11,2025,198,0.01,1.0,1
FPS-0138,2025-11,RICE,269,23,RABI,11,2025,272,-0.034,1.0,0
FPS-0138,2025-11,WHEAT,207,23,RABI,11,2025,195,0.025,1.0,0
FPS-0139,2025-11,RICE,200,17,RABI,11,2025,206,-0.029,1.0,0
FPS-0139,2025-11,WHEAT,200,17,RABI,11,2025,199,0.058,1.0,0
FPS-0140,2025-11,RICE,200,14,RABI,11,2025,199,-0.012,1.0,0
FPS-0140,2025-11,WHEAT,200,14,RABI,11,2025,199,-0.012,1.0,0
FPS-0141,2025-11,RICE,200,9,RABI,11,2025,199,-0.026,1.0,0
FPS-0141,2025-11,WHEAT,200,9,RABI,11,2025,197,0.076,1.0,0
FPS-0142,2025-11,RICE,253,20,RABI,11,2025,249,0.079,1.0,0
FPS-0142,2025-11,WHEAT,200,20,RABI,11,2025,187,0.006,1.0,0
FPS-0143,2025-11,RICE,231,22,RABI,11,2025,230,-0.016,1.0,0
FPS-0143,2025-11,WHEAT,200,22,RABI,11,2025,199,-0.016,1.0,0
FPS-0144,2025-11,RICE,276,22,RABI,11,2025,261,0.043,1.0,0
FPS-0144,2025-11,WHEAT,200,22,RABI,11,2025,200,-0.028,1.0,0
FPS-0145,2025-11,RICE,200,15,RABI,11,2025,188,0.061,1.0,0
FPS-0145,2025-11,WHEAT,200,15,RABI,11,2025,189,0.006,1.0,0
FPS-0146,2025-11,RICE,200,13,RABI,11,2025,186,-0.024,1.0,0
FPS-0146,2025-11,WHEAT,200,13,RABI,11,2025,186,0.013,1.0,0
FPS-0147,2025-11,RICE,211,20,RABI,11,2025,203,-0.01,1.0,0
FPS-0147,2025-11,WHEAT,200,20,RABI,11,2025,209,0.053,1.0,0
FPS-0148,2025-11,RICE,279,25,RABI,11,2025,267,-0.021,1.0,0
FPS-0148,2025-11,WHEAT,216,25,RABI,11,2025,218,0.066,1.0,0
FPS-0149,2025-11,RICE,336,25,RABI,11,2025,339,0.04,1.0,0
FPS-0149,2025-11,WHEAT,229,25,RABI,11,2025,237,0.007,1.0,0
FPS-0150,2025-11,RICE,200,13,RABI,11,2025,199,0.064,1.0,0
FPS-0150,2025-11,WHEAT,200,13,RABI,11,2025,185,0.023,1.0,0
FPS-0151,2025-11,RICE,267,22,RABI,11,2025,250,0.072,1.0,0
FPS-0151,2025-11,WHEAT,200,22,RABI,11,2025,203,0.013,1.0,0
FPS-0152,2025-11,RICE,209,19,RABI,11,2025,206,0.007,1.0,0
FPS-0152,2025-11,WHEAT,200,19,RABI,11,2025,210,0.079,1.0,0
FPS-0153,2025-11,RICE,224,17,RABI,11,2025,231,0.015,1.0,0
FPS-0153,2025-11,WHEAT,200,17,RABI,11,2025,187,0.075,1.0,0
FPS-0154,2025-11,RICE,140,18,RABI,11,2025,210,0.062,1.0,1
FPS-0154,2025-11,WHEAT,200,18,RABI,11,2025,199,-0.003,1.0,0
FPS-0155,2025-11,RICE,221,17,RABI,11,2025,215,0.005,1.0,0
FPS-0155,2025-11,WHEAT,200,17,RABI,11,2025,200,0.008,1.0,0
FPS-0156,2025-11,RICE,200,14,RABI,11,2025,199,0.021,1.0,0
FPS-0156,2025-11,WHEAT,200,14,RABI,11,2025,210,-0.039,1.0,0
FPS-0157,2025-11,RICE,209,18,RABI,11,2025,206,-0.014,1.0,0
FPS-0157,2025-11,WHEAT,200,18,RABI,11,2025,195,-0.045,1.0,0
FPS-0158,2025-11,RICE,200,16,RABI,11,2025,199,0.055,1.0,0
FPS-0158,2025-11,WHEAT,200,16,RABI,11,2025,210,-0.033,1.0,0
FPS-0159,2025-11,RICE,200,16,RABI,11,2025,185,-0.007,1.0,0
FPS-0159,2025-11,WHEAT,200,16,RABI,11,2025,203,-0.023,1.0,0
FPS-0160,2025-11,RICE,200,11,RABI,11,2025,196,0.077,1.0,0
FPS-0160,2025-11,WHEAT,200,11,RABI,11,2025,198,0.024,1.0,0
FPS-0161,2025-11,RICE,298,23,RABI,11,2025,279,0.048,1.0,0
FPS-0161,2025-11,WHEAT,140,23,RABI,11,2025,193,-0.036,1.0,1
FPS-0162,2025-11,RICE,200,16,RABI,11,2025,190,-0.015,1.0,0
FPS-0162,2025-11,WHEAT,200,16,RABI,11,2025,185,-0.031,1.0,0
FPS-0163,2025-11,RICE,201,16,RABI,11,2025,187,0.057,1.0,0
FPS-0163,2025-11,WHEAT,200,16,RABI,11,2025,203,-0.015,1.0,0
FPS-0164,2025-11,RICE,200,13,RABI,11,2025,188,-0.004,1.0,0
FPS-0164,2025-11,WHEAT,200,13,RABI,11,2025,195,0.07,1.0,0
FPS-0165,2025-11,RICE,200,14,RABI,11,2025,199,0.04,1.0,0
FPS-0165,2025-11,WHEAT,200,14,RABI,11,2025,185,-0.042,1.0,0
FPS-0166,2025-11,RICE,214,19,RABI,11,2025,211,0.058,1.0,0
FPS-0166,2025-11,WHEAT,200,19,RABI,11,2025,186,-0.01,1.0,0
FPS-0167,2025-11,RICE,200,19,RABI,11,2025,194,0.01,1.0,0
FPS-0167,2025-11,WHEAT,200,19,RABI,11,2025,186,-0.023,1.0,0
FPS-0168,2025-11,RICE,200,11,RABI,11,2025,199,0.013,1.0,0
FPS-0168,2025-11,WHEAT,200,11,RABI,11,2025,194,0.041,1.0,0
FPS-0169,2025-11,RICE,200,17,RABI,11,2025,199,0.024,1.0,0
FPS-0169,2025-11,WHEAT,200,17,RABI,11,2025,188,-0.044,1.0,0
FPS-0170,2025-11,RICE,200,19,RABI,11,2025,191,0.035,1.0,0
FPS-0170,2025-11,WHEAT,200,19,RABI,11,2025,209,0.072,1.0,0
FPS-0171,2025-11,RICE,200,13,RABI,11,2025,187,-0.012,1.0,0
FPS-0171,2025-11,WHEAT,200,13,RABI,11,2025,187,-0.037,1.0,0
FPS-0172,2025-11,RICE,243,20,RABI,11,2025,227,0.048,1.0,0
FPS-0172,2025-11,WHEAT,200,20,RABI,11,2025,203,0.019,1.0,0
FPS-0173,2025-11,RICE,140,15,RABI,11,2025,207,-0.013,1.0,1
FPS-0173,2025-11,WHEAT,200,15,RABI,11,2025,187,0.067,1.0,0
FPS-0174,2025-11,RICE,266,23,RABI,11,2025,250,0.059,1.0,0
FPS-0174,2025-11,WHEAT,200,23,RABI,11,2025,205,0.062,1.0,0
FPS-0175,2025-11,RICE,244,21,RABI,11,2025,251,0.032,1.0,0
FPS-0175,2025-11,WHEAT,200,21,RABI,11,2025,186,0.042,1.0,0
FPS-0176,2025-11,RICE,200,14,RABI,11,2025,199,0.017,1.0,0
FPS-0176,2025-11,WHEAT,200,14,RABI,11,2025,200,-0.022,1.0,0
FPS-0177,2025-11,RICE,200,14,RABI,11,2025,199,-0.049,1.0,0
FPS-0177,2025-11,WHEAT,200,14,RABI,11,2025,208,0.001,1.0,0
FPS-0178,2025-11,RICE,200,15,RABI,11,2025,191,0.076,1.0,0
FPS-0178,2025-11,WHEAT,200,15,RABI,11,2025,187,0.061,1.0,0
FPS-0179,2025-11,RICE,271,21,RABI,11,2025,275,0.067,1.0,0
FPS-0179,2025-11,WHEAT,210,21,RABI,11,2025,216,0.077,1.0,0
FPS-0180,2025-11,RICE,200,14,RABI,11,2025,207,-0.02,1.0,0
FPS-0180,2025-11,WHEAT,200,14,RABI,11,2025,206,0.019,1.0,0
FPS-0181,2025-11,RICE,231,20,RABI,11,2025,224,0.017,1.0,0
FPS-0181,2025-11,WHEAT,200,20,RABI,11,2025,191,-0.022,1.0,0
FPS-0182,2025-11,RICE,229,17,RABI,11,2025,228,0.043,1.0,0
FPS-0182,2025-11,WHEAT,200,17,RABI,11,2025,186,-0.038,1.0,0
FPS-0183,2025-11,RICE,215,16,RABI,11,2025,200,0.053,1.0,0
FPS-0183,2025-11,WHEAT,200,16,RABI,11,2025,198,-0.042,1.0,0
FPS-0184,2025-11,RICE,274,22,RABI,11,2025,267,0.058,1.0,0
FPS-0184,2025-11,WHEAT,200,22,RABI,11,2025,201,0.03,1.0,0
FPS-0185,2025-11,RICE,200,18,RABI,11,2025,204,-0.038,1.0,0
FPS-0185,2025-11,WHEAT,200,18,RABI,11,2025,203,-0.005,1.0,0
FPS-0186,2025-11,RICE,260,21,RABI,11,2025,251,0.061,1.0,0
FPS-0186,2025-11,WHEAT,200,21,RABI,11,2025,188,0.044,1.0,0
FPS-0187,2025-11,RICE,238,19,RABI,11,2025,241,0.035,1.0,0
FPS-0187,2025-11,WHEAT,140,19,RABI,11,2025,202,0.044,1.0,1
FPS-0188,2025-11,RICE,200,11,RABI,11,2025,210,0.077,1.0,0
FPS-0188,2025-11,WHEAT,200,11,RABI,11,2025,204,-0.007,1.0,0
FPS-0189,2025-11,RICE,294,23,RABI,11,2025,306,-0.017,1.0,0
FPS-0189,2025-11,WHEAT,214,23,RABI,11,2025,205,-0.021,1.0,0
FPS-0190,2025-11,RICE,140,18,RABI,11,2025,208,-0.013,1.0,1
FPS-0190,2025-11,WHEAT,200,18,RABI,11,2025,207,-0.04,1.0,0
FPS-0191,2025-11,RICE,200,9,RABI,11,2025,209,0.048,1.0,0
FPS-0191,2025-11,WHEAT,200,9,RABI,11,2025,191,-0.035,1.0,0
FPS-0192,2025-11,RICE,200,12,RABI,11,2025,201,0.042,1.0,0
FPS-0192,2025-11,WHEAT,140,12,RABI,11,2025,205,0.002,1.0,1
FPS-0193,2025-11,RICE,224,19,RABI,11,2025,210,-0.03,1.0,0
FPS-0193,2025-11,WHEAT,200,19,RABI,11,2025,190,0.02,1.0,0
FPS-0194,2025-11,RICE,200,13,RABI,11,2025,208,-0.006,1.0,0
FPS-0194,2025-11,WHEAT,200,13,RABI,11,2025,187,0.061,1.0,0
FPS-0195,2025-11,RICE,200,14,RABI,11,2025,188,0.007,1.0,0
FPS-0195,2025-11,WHEAT,200,14,RABI,11,2025,191,0.078,1.0,0
FPS-0196,2025-11,RICE,257,22,RABI,11,2025,237,-0.049,1.0,0
FPS-0196,2025-11,WHEAT,200,22,RABI,11,2025,208,-0.031,1.0,0
FPS-0197,2025-11,RICE,269,18,RABI,11,2025,278,0.047,1.0,0
FPS-0197,2025-11,WHEAT,200,18,RABI,11,2025,202,0.004,1.0,0
FPS-0198,2025-11,RICE,200,14,RABI,11,2025,195,0.047,1.0,0
FPS-0198,2025-11,WHEAT,200,14,RABI,11,2025,194,-0.005,1.0,0
FPS-0199,2025-11,RICE,200,13,RABI,11,2025,211,0.03,1.0,0
FPS-0199,2025-11,WHEAT,200,13,RABI,11,2025,189,0.047,1.0,0
FPS-0200,2025-11,RICE,200,10,RABI,11,2025,193,0.069,1.0,0
FPS-0200,2025-11,WHEAT,200,10,RABI,11,2025,196,0.07,1.0,0
FPS-0201,2025-11,RICE,200,15,RABI,11,2025,194,-0.038,1.0,0
FPS-0201,2025-11,WHEAT,200,15,RABI,11,2025,196,0.072,1.0,0
FPS-0202,2025-11,RICE,200,14,RABI,11,2025,191,0.065,1.0,0
FPS-0202,2025-11,WHEAT,200,14,RABI,11,2025,203,0.01,1.0,0
FPS-0203,2025-11,RICE,200,11,RABI,11,2025,205,0.016,1.0,0
FPS-0203,2025-11,WHEAT,200,11,RABI,11,2025,200,0.001,1.0,0
FPS-0204,2025-11,RICE,230,19,RABI,11,2025,228,-0.04,1.0,0
FPS-0204,2025-11,WHEAT,200,19,RABI,11,2025,207,0.073,1.0,0
FPS-0205,2025-11,RICE,200,13,RABI,11,2025,196,-0.03,1.0,0
FPS-0205,2025-11,WHEAT,200,13,RABI,11,2025,192,-0.046,1.0,0
FPS-0206,2025-11,RICE,287,24,RABI,11,2025,288,-0.007,1.0,0
FPS-0206,2025-11,WHEAT,214,24,RABI,11,2025,198,0.05,1.0,0
FPS-0207,2025-11,RICE,361,26,RABI,11,2025,358,-0.028,1.0,0
FPS-0207,2025-11,WHEAT,245,26,RABI,11,2025,245,-0.034,1.0,0
FPS-0208,2025-11,RICE,224,18,RABI,11,2025,226,0.018,1.0,0
FPS-0208,2025-11,WHEAT,200,18,RABI,11,2025,195,0.026,1.0,0
FPS-0209,2025-11,RICE,282,21,RABI,11,2025,270,0.046,1.0,0
FPS-0209,2025-11,WHEAT,208,21,RABI,11,2025,197,0.059,1.0,0
FPS-0210,2025-11,RICE,200,21,RABI,11,2025,203,-0.02,1.0,0
FPS-0210,2025-11,WHEAT,200,21,RABI,11,2025,186,-0.018,1.0,0
FPS-0211,2025-11,RICE,237,22,RABI,11,2025,225,0.033,1.0,0
FPS-0211,2025-11,WHEAT,200,22,RABI,11,2025,200,0.056,1.0,0
FPS-0212,2025-11,RICE,200,11,RABI,11,2025,206,0.073,1.0,0
FPS-0212,2025-11,WHEAT,200,11,RABI,11,2025,188,0.054,1.0,0
FPS-0213,2025-11,RICE,200,14,RABI,11,2025,186,-0.027,1.0,0
FPS-0213,2025-11,WHEAT,200,14,RABI,11,2025,202,0.036,1.0,0
FPS-0214,2025-11,RICE,200,13,RABI,11,2025,192,0.004,1.0,0
FPS-0214,2025-11,WHEAT,200,13,RABI,11,2025,195,-0.045,1.0,0
FPS-0215,2025-11,RICE,200,11,RABI,11,2025,198,-0.001,1.0,0
FPS-0215,2025-11,WHEAT,200,11,RABI,11,2025,202,0.022,1.0,0
FPS-0216,2025-11,RICE,200,14,RABI,11,2025,185,-0.017,1.0,0
FPS-0216,2025-11,WHEAT,200,14,RABI,11,2025,200,0.041,1.0,0
FPS-0217,2025-11,RICE,210,17,RABI,11,2025,201,-0.029,1.0,0
FPS-0217,2025-11,WHEAT,200,17,RABI,11,2025,203,-0.014,1.0,0
FPS-0218,2025-11,RICE,200,13,RABI,11,2025,194,0.062,1.0,0
FPS-0218,2025-11,WHEAT,200,13,RABI,11,2025,185,0.034,1.0,0
FPS-0219,2025-11,RICE,223,19,RABI,11,2025,235,0.065,1.0,0
FPS-0219,2025-11,WHEAT,200,19,RABI,11,2025,209,0.05,1.0,0
FPS-0220,2025-11,RICE,254,22,RABI,11,2025,241,-0.014,1.0,0
FPS-0220,2025-11,WHEAT,200,22,RABI,11,2025,190,0.01,1.0,0
FPS-0221,2025-11,RICE,225,19,RABI,11,2025,214,0.005,1.0,0
FPS-0221,2025-11,WHEAT,200,19,RABI,11,2025,207,-0.049,1.0,0
FPS-0222,2025-11,RICE,235,21,RABI,11,2025,230,-0.046,1.0,0
FPS-0222,2025-11,WHEAT,200,21,RABI,11,2025,184,0.067,1.0,0
FPS-0223,2025-11,RICE,237,17,RABI,11,2025,243,-0.004,1.0,0
FPS-0223,2025-11,WHEAT,200,17,RABI,11,2025,200,-0.017,1.0,0
FPS-0224,2025-11,RICE,215,20,RABI,11,2025,202,0.026,1.0,0
FPS-0224,2025-11,WHEAT,200,20,RABI,11,2025,195,0.061,1.0,0
FPS-0225,2025-11,RICE,200,15,RABI,11,2025,196,-0.038,1.0,0
FPS-0225,2025-11,WHEAT,200,15,RABI,11,2025,193,0.027,1.0,0
FPS-0226,2025-11,RICE,200,12,RABI,11,2025,187,0.012,1.0,0
FPS-0226,2025-11,WHEAT,200,12,RABI,11,2025,193,-0.02,1.0,0
FPS-0227,2025-11,RICE,140,14,RABI,11,2025,192,-0.046,1.0,1
FPS-0227,2025-11,WHEAT,200,14,RABI,11,2025,210,0.027,1.0,0
FPS-0228,2025-11,RICE,232,18,RABI,11,2025,226,0.044,1.0,0
FPS-0228,2025-11,WHEAT,200,18,RABI,11,2025,186,0.008,1.0,0
FPS-0229,2025-11,RICE,200,19,RABI,11,2025,195,-0.019,1.0,0
FPS-0229,2025-11,WHEAT,200,19,RABI,11,2025,203,0.068,1.0,0
FPS-0230,2025-11,RICE,285,22,RABI,11,2025,288,-0.038,1.0,0
FPS-0230,2025-11,WHEAT,203,22,RABI,11,2025,207,-0.024,1.0,0
FPS-0231,2025-11,RICE,203,18,RABI,11,2025,192,0.018,1.0,0
FPS-0231,2025-11,WHEAT,200,18,RABI,11,2025,205,0.066,1.0,0
FPS-0232,2025-11,RICE,200,14,RABI,11,2025,199,0.058,1.0,0
FPS-0232,2025-11,WHEAT,200,14,RABI,11,2025,200,0.056,1.0,0
FPS-0233,2025-11,RICE,200,9,RABI,11,2025,204,0.059,1.0,0
FPS-0233,2025-11,WHEAT,200,9,RABI,11,2025,198,0.065,1.0,0
FPS-0234,2025-11,RICE,207,18,RABI,11,2025,213,0.043,1.0,0
FPS-0234,2025-11,WHEAT,200,18,RABI,11,2025,197,0.074,1.0,0
FPS-0235,2025-11,RICE,230,18,RABI,11,2025,217,-0.01,1.0,0
FPS-0235,2025-11,WHEAT,200,18,RABI,11,2025,207,0.011,1.0,0
FPS-0236,2025-11,RICE,200,17,RABI,11,2025,191,-0.02,1.0,0
FPS-0236,2025-11,WHEAT,200,17,RABI,11,2025,199,-0.031,1.0,0
FPS-0237,2025-11,RICE,212,15,RABI,11,2025,223,0.072,1.0,0
FPS-0237,2025-11,WHEAT,200,15,RABI,11,2025,206,0.027,1.0,0
FPS-0238,2025-11,RICE,218,19,RABI,11,2025,224,-0.018,1.0,0
FPS-0238,2025-11,WHEAT,200,19,RABI,11,2025,191,0.06,1.0,0
FPS-0239,2025-11,RICE,231,19,RABI,11,2025,240,-0.009,1.0,0
FPS-0239,2025-11,WHEAT,200,19,RABI,11,2025,211,-0.041,1.0,0
FPS-0240,2025-11,RICE,260,21,RABI,11,2025,256,0.021,1.0,0
FPS-0240,2025-11,WHEAT,200,21,RABI,11,2025,196,0.006,1.0,0
FPS-0241,2025-11,RICE,241,19,RABI,11,2025,250,0.051,1.0,0
FPS-0241,2025-11,WHEAT,200,19,RABI,11,2025,191,-0.005,1.0,0
FPS-0242,2025-11,RICE,200,12,RABI,11,2025,192,0.039,1.0,0
FPS-0242,2025-11,WHEAT,140,12,RABI,11,2025,187,0.055,1.0,1
FPS-0243,2025-11,RICE,249,18,RABI,11,2025,263,0.044,1.0,0
FPS-0243,2025-11,WHEAT,200,18,RABI,11,2025,190,0.064,1.0,0
FPS-0244,2025-11,RICE,200,16,RABI,11,2025,211,0.056,1.0,0
FPS-0244,2025-11,WHEAT,200,16,RABI,11,2025,185,-0.042,1.0,0
FPS-0245,2025-11,RICE,200,14,RABI,11,2025,210,-0.037,1.0,0
FPS-0245,2025-11,WHEAT,200,14,RABI,11,2025,193,0.016,1.0,0
FPS-0246,2025-11,RICE,290,24,RABI,11,2025,301,-0.046,1.0,0
FPS-0246,2025-11,WHEAT,213,24,RABI,11,2025,221,0.022,1.0,0
FPS-0247,2025-11,RICE,207,19,RABI,11,2025,204,0.054,1.0,0
FPS-0247,2025-11,WHEAT,200,19,RABI,11,2025,193,-0.04,1.0,0
FPS-0248,2025-11,RICE,322,25,RABI,11,2025,332,0.05,1.0,0
FPS-0248,2025-11,WHEAT,230,25,RABI,11,2025,226,-0.008,1.0,0
FPS-0249,2025-11,RICE,300,22,RABI,11,2025,285,0.072,1.0,0
FPS-0249,2025-11,WHEAT,230,22,RABI,11,2025,226,0.079,1.0,0
FPS-0250,2025-11,RICE,200,16,RABI,11,2025,197,0.007,1.0,0
FPS-0250,2025-11,WHEAT,200,16,RABI,11,2025,187,-0.016,1.0,0
FPS-0251,2025-11,RICE,200,17,RABI,11,2025,205,0.054,1.0,0
FPS-0251,2025-11,WHEAT,200,17,RABI,11,2025,210,0.007,1.0,0
FPS-0252,2025-11,RICE,200,16,RABI,11,2025,187,-0.006,1.0,0
FPS-0252,2025-11,WHEAT,200,16,RABI,11,2025,185,0.037,1.0,0
FPS-0253,2025-11,RICE,270,22,RABI,11,2025,263,-0.002,1.0,0
FPS-0253,2025-11,WHEAT,140,22,RABI,11,2025,200,0.025,1.0,1
FPS-0254,2025-11,RICE,200,14,RABI,11,2025,196,0.058,1.0,0
FPS-0254,2025-11,WHEAT,200,14,RABI,11,2025,208,-0.037,1.0,0
FPS-0255,2025-11,RICE,200,16,RABI,11,2025,187,-0.021,1.0,0
FPS-0255,2025-11,WHEAT,200,16,RABI,11,2025,188,0.037,1.0,0
FPS-0256,2025-11,RICE,200,14,RABI,11,2025,197,0.064,1.0,0
FPS-0256,2025-11,WHEAT,200,14,RABI,11,2025,192,0.019,1.0,0
FPS-0257,2025-11,RICE,200,15,RABI,11,2025,191,-0.019,1.0,0
FPS-0257,2025-11,WHEAT,200,15,RABI,11,2025,204,0.065,1.0,0
FPS-0258,2025-11,RICE,200,15,RABI,11,2025,206,0.001,1.0,0
FPS-0258,2025-11,WHEAT,200,15,RABI,11,2025,188,0.052,1.0,0
FPS-0259,2025-11,RICE,200,15,RABI,11,2025,200,-0.022,1.0,0
FPS-0259,2025-11,WHEAT,200,15,RABI,11,2025,207,0.008,1.0,0
FPS-0260,2025-11,RICE,200,13,RABI,11,2025,201,0.064,1.0,0
FPS-0260,2025-11,WHEAT,200,13,RABI,11,2025,190,0.022,1.0,0
FPS-0261,2025-11,RICE,200,11,RABI,11,2025,202,0.025,1.0,0
FPS-0261,2025-11,WHEAT,200,11,RABI,11,2025,191,0.016,1.0,0
FPS-0262,2025-11,RICE,200,13,RABI,11,2025,205,0.003,1.0,0
FPS-0262,2025-11,WHEAT,200,13,RABI,11,2025,184,-0.046,1.0,0
FPS-0263,2025-11,RICE,200,14,RABI,11,2025,199,-0.038,1.0,0
FPS-0263,2025-11,WHEAT,200,14,RABI,11,2025,197,0.021,1.0,0
FPS-0264,2025-11,RICE,200,5,RABI,11,2025,204,0.002,1.0,0
FPS-0264,2025-11,WHEAT,200,5,RABI,11,2025,206,0.068,1.0,0
FPS-0265,2025-11,RICE,237,18,RABI,11,2025,224,0.042,1.0,0
FPS-0265,2025-11,WHEAT,200,18,RABI,11,2025,203,0.037,1.0,0
FPS-0266,2025-11,RICE,200,13,RABI,11,2025,210,-0.02,1.0,0
FPS-0266,2025-11,WHEAT,200,13,RABI,11,2025,199,0.067,1.0,0
FPS-0267,2025-11,RICE,200,16,RABI,11,2025,211,0.005,1.0,0
FPS-0267,2025-11,WHEAT,200,16,RABI,11,2025,209,0.013,1.0,0
FPS-0268,2025-11,RICE,200,20,RABI,11,2025,208,-0.045,1.0,0
FPS-0268,2025-11,WHEAT,200,20,RABI,11,2025,206,0.031,1.0,0
FPS-0269,2025-11,RICE,238,21,RABI,11,2025,249,0.045,1.0,0
FPS-0269,2025-11,WHEAT,200,21,RABI,11,2025,209,0.008,1.0,0
FPS-0270,2025-11,RICE,200,8,RABI,11,2025,211,-0.036,1.0,0
FPS-0270,2025-11,WHEAT,200,8,RABI,11,2025,201,-0.013,1.0,0
FPS-0271,2025-11,RICE,227,18,RABI,11,2025,229,0.076,1.0,0
FPS-0271,2025-11,WHEAT,200,18,RABI,11,2025,186,-0.028,1.0,0
FPS-0272,2025-11,RICE,289,20,RABI,11,2025,277,0.051,1.0,0
FPS-0272,2025-11,WHEAT,200,20,RABI,11,2025,207,0.039,1.0,0
FPS-0273,2025-11,RICE,288,23,RABI,11,2025,293,0.016,1.0,0
FPS-0273,2025-11,WHEAT,206,23,RABI,11,2025,192,0.019,1.0,0
FPS-0274,2025-11,RICE,200,18,RABI,11,2025,201,-0.042,1.0,0
FPS-0274,2025-11,WHEAT,140,18,RABI,11,2025,204,-0.034,1.0,1
FPS-0275,2025-11,RICE,208,17,RABI,11,2025,215,0.002,1.0,0
FPS-0275,2025-11,WHEAT,200,17,RABI,11,2025,204,-0.014,1.0,0
FPS-0276,2025-11,RICE,211,19,RABI,11,2025,215,-0.033,1.0,0
FPS-0276,2025-11,WHEAT,200,19,RABI,11,2025,194,0.015,1.0,0
FPS-0277,2025-11,RICE,219,17,RABI,11,2025,219,0.076,1.0,0
FPS-0277,2025-11,WHEAT,200,17,RABI,11,2025,201,0.023,1.0,0
FPS-0278,2025-11,RICE,200,15,RABI,11,2025,189,0.009,1.0,0
FPS-0278,2025-11,WHEAT,200,15,RABI,11,2025,202,0.076,1.0,0
FPS-0279,2025-11,RICE,317,23,RABI,11,2025,327,-0.05,1.0,0
FPS-0279,2025-11,WHEAT,225,23,RABI,11,2025,226,-0.036,1.0,0
FPS-0280,2025-11,RICE,200,18,RABI,11,2025,197,0.042,1.0,0
FPS-0280,2025-11,WHEAT,140,18,RABI,11,2025,190,-0.008,1.0,1
FPS-0281,2025-11,RICE,209,18,RABI,11,2025,199,0.051,1.0,0
FPS-0281,2025-11,WHEAT,200,18,RABI,11,2025,193,0.009,1.0,0
FPS-0282,2025-11,RICE,244,20,RABI,11,2025,248,0.049,1.0,0
FPS-0282,2025-11,WHEAT,200,20,RABI,11,2025,196,0.051,1.0,0
FPS-0283,2025-11,RICE,200,14,RABI,11,2025,201,0.019,1.0,0
FPS-0283,2025-11,WHEAT,200,14,RABI,11,2025,211,0.041,1.0,0
FPS-0284,2025-11,RICE,200,12,RABI,11,2025,194,0.043,1.0,0
FPS-0284,2025-11,WHEAT,200,12,RABI,11,2025,200,0.071,1.0,0
FPS-0285,2025-11,RICE,230,18,RABI,11,2025,229,0.017,1.0,0
FPS-0285,2025-11,WHEAT,200,18,RABI,11,2025,189,0.024,1.0,0
FPS-0286,2025-11,RICE,201,16,RABI,11,2025,193,0.024,1.0,0
FPS-0286,2025-11,WHEAT,200,16,RABI,11,2025,203,-0.029,1.0,0
FPS-0287,2025-11,RICE,344,26,RABI,11,2025,364,0.023,1.0,0
FPS-0287,2025-11,WHEAT,227,26,RABI,11,2025,228,-0.022,1.0,0
FPS-0288,2025-11,RICE,200,17,RABI,11,2025,195,-0.021,1.0,0
FPS-0288,2025-11,WHEAT,200,17,RABI,11,2025,194,-0.015,1.0,0
FPS-0289,2025-11,RICE,200,13,RABI,11,2025,185,-0.04,1.0,0
FPS-0289,2025-11,WHEAT,200,13,RABI,11,2025,190,-0.045,1.0,0
FPS-0290,2025-11,RICE,206,18,RABI,11,2025,208,-0.027,1.0,0
FPS-0290,2025-11,WHEAT,200,18,RABI,11,2025,191,0.072,1.0,0
FPS-0291,2025-11,RICE,234,18,RABI,11,2025,245,0.029,1.0,0
FPS-0291,2025-11,WHEAT,200,18,RABI,11,2025,186,0.051,1.0,0
FPS-0292,2025-11,RICE,272,20,RABI,11,2025,271,0.006,1.0,0
FPS-0292,2025-11,WHEAT,200,20,RABI,11,2025,189,0.019,1.0,0
FPS-0293,2025-11,RICE,208,18,RABI,11,2025,204,-0.019,1.0,0
FPS-0293,2025-11,WHEAT,200,18,RABI,11,2025,186,0.07,1.0,0
FPS-0294,2025-11,RICE,213,16,RABI,11,2025,217,-0.003,1.0,0
FPS-0294,2025-11,WHEAT,200,16,RABI,11,2025,191,0.06,1.0,0
FPS-0295,2025-11,RICE,200,13,RABI,11,2025,185,0.034,1.0,0
FPS-0295,2025-11,WHEAT,200,13,RABI,11,2025,192,0.031,1.0,0
FPS-0296,2025-11,RICE,200,14,RABI,11,2025,204,0.079,1.0,0
FPS-0296,2025-11,WHEAT,200,14,RABI,11,2025,198,0.042,1.0,0
FPS-0297,2025-11,RICE,212,17,RABI,11,2025,215,0.073,1.0,0
FPS-0297,2025-11,WHEAT,200,17,RABI,11,2025,186,-0.008,1.0,0
FPS-0298,2025-11,RICE,200,15,RABI,11,2025,190,0.08,1.0,0
FPS-0298,2025-11,WHEAT,200,15,RABI,11,2025,185,0.034,1.0,0
FPS-0299,2025-11,RICE,200,17,RABI,11,2025,192,0.001,1.0,0
FPS-0299,2025-11,WHEAT,200,17,RABI,11,2025,185,-0.046,1.0,0
FPS-0300,2025-11,RICE,248,17,RABI,11,2025,262,0.054,1.0,0
FPS-0300,2025-11,WHEAT,200,17,RABI,11,2025,202,0.079,1.0,0
FPS-0301,2025-11,RICE,215,16,RABI,11,2025,219,-0.013,1.0,0
FPS-0301,2025-11,WHEAT,200,16,RABI,11,2025,205,-0.004,1.0,0
FPS-0302,2025-11,RICE,220,19,RABI,11,2025,221,0.039,1.0,0
FPS-0302,2025-11,WHEAT,200,19,RABI,11,2025,204,0.075,1.0,0
FPS-0303,2025-11,RICE,200,11,RABI,11,2025,209,0.043,1.0,0
FPS-0303,2025-11,WHEAT,200,11,RABI,11,2025,190,0.034,1.0,0
FPS-0304,2025-11,RICE,248,17,RABI,11,2025,230,0.062,1.0,0
FPS-0304,2025-11,WHEAT,200,17,RABI,11,2025,189,0.078,1.0,0
FPS-0305,2025-11,RICE,214,17,RABI,11,2025,219,0.023,1.0,0
FPS-0305,2025-11,WHEAT,200,17,RABI,11,2025,203,0.041,1.0,0
FPS-0306,2025-11,RICE,200,13,RABI,11,2025,203,0.002,1.0,0
FPS-0306,2025-11,WHEAT,200,13,RABI,11,2025,198,-0.007,1.0,0
FPS-0307,2025-11,RICE,213,15,RABI,11,2025,207,0.025,1.0,0
FPS-0307,2025-11,WHEAT,200,15,RABI,11,2025,191,0.003,1.0,0
FPS-0308,2025-11,RICE,207,15,RABI,11,2025,197,-0.016,1.0,0
FPS-0308,2025-11,WHEAT,200,15,RABI,11,2025,211,0.003,1.0,0
FPS-0309,2025-11,RICE,242,18,RABI,11,2025,251,0.075,1.0,0
FPS-0309,2025-11,WHEAT,200,18,RABI,11,2025,201,-0.026,1.0,0
FPS-0310,2025-11,RICE,200,13,RABI,11,2025,206,0.007,1.0,0
FPS-0310,2025-11,WHEAT,200,13,RABI,11,2025,211,-0.011,1.0,0
FPS-0311,2025-11,RICE,262,23,RABI,11,2025,274,0.022,1.0,0
FPS-0311,2025-11,WHEAT,206,23,RABI,11,2025,211,0.051,1.0,0
FPS-0312,2025-11,RICE,243,19,RABI,11,2025,242,-0.004,1.0,0
FPS-0312,2025-11,WHEAT,200,19,RABI,11,2025,190,0.073,1.0,0
FPS-0313,2025-11,RICE,140,15,RABI,11,2025,192,-0.025,1.0,1
FPS-0313,2025-11,WHEAT,200,15,RABI,11,2025,204,-0.036,1.0,0
FPS-0314,2025-11,RICE,237,18,RABI,11,2025,249,-0.031,1.0,0
FPS-0314,2025-11,WHEAT,200,18,RABI,11,2025,206,0.069,1.0,0
FPS-0315,2025-11,RICE,220,18,RABI,11,2025,215,0.038,1.0,0
FPS-0315,2025-11,WHEAT,200,18,RABI,11,2025,191,0.075,1.0,0
FPS-0316,2025-11,RICE,200,15,RABI,11,2025,201,-0.0,1.0,0
FPS-0316,2025-11,WHEAT,200,15,RABI,11,2025,190,0.022,1.0,0
FPS-0317,2025-11,RICE,200,15,RABI,11,2025,202,0.031,1.0,0
FPS-0317,2025-11,WHEAT,200,15,RABI,11,2025,184,0.034,1.0,0
FPS-0318,2025-11,RICE,200,17,RABI,11,2025,194,0.004,1.0,0
FPS-0318,2025-11,WHEAT,200,17,RABI,11,2025,203,-0.004,1.0,0
FPS-0319,2025-11,RICE,200,14,RABI,11,2025,202,0.025,1.0,0
FPS-0319,2025-11,WHEAT,200,14,RABI,11,2025,198,0.071,1.0,0
FPS-0320,2025-11,RICE,200,10,RABI,11,2025,202,0.063,1.0,0
FPS-0320,2025-11,WHEAT,200,10,RABI,11,2025,209,-0.016,1.0,0
FPS-0321,2025-11,RICE,261,24,RABI,11,2025,254,0.03,1.0,0
FPS-0321,2025-11,WHEAT,204,24,RABI,11,2025,198,0.062,1.0,0
FPS-0322,2025-11,RICE,240,20,RABI,11,2025,251,0.042,1.0,0
FPS-0322,2025-11,WHEAT,200,20,RABI,11,2025,200,0.021,1.0,0
FPS-0323,2025-11,RICE,209,16,RABI,11,2025,213,0.036,1.0,0
FPS-0323,2025-11,WHEAT,200,16,RABI,11,2025,190,0.006,1.0,0
FPS-0324,2025-11,RICE,200,13,RABI,11,2025,192,0.042,1.0,0
FPS-0324,2025-11,WHEAT,200,13,RABI,11,2025,206,0.057,1.0,0
FPS-0325,2025-11,RICE,218,21,RABI,11,2025,212,-0.048,1.0,0
FPS-0325,2025-11,WHEAT,200,21,RABI,11,2025,197,-0.044,1.0,0
FPS-0326,2025-11,RICE,200,16,RABI,11,2025,190,0.028,1.0,0
FPS-0326,2025-11,WHEAT,200,16,RABI,11,2025,195,0.052,1.0,0
FPS-0327,2025-11,RICE,222,18,RABI,11,2025,226,-0.03,1.0,0
FPS-0327,2025-11,WHEAT,200,18,RABI,11,2025,196,-0.004,1.0,0
FPS-0328,2025-11,RICE,221,18,RABI,11,2025,233,-0.024,1.0,0
FPS-0328,2025-11,WHEAT,200,18,RABI,11,2025,197,0.01,1.0,0
FPS-0329,2025-11,RICE,200,15,RABI,11,2025,209,-0.012,1.0,0
FPS-0329,2025-11,WHEAT,200,15,RABI,11,2025,205,-0.026,1.0,0
FPS-0330,2025-11,RICE,223,21,RABI,11,2025,224,-0.018,1.0,0
FPS-0330,2025-11,WHEAT,200,21,RABI,11,2025,207,-0.036,1.0,0
FPS-0331,2025-11,RICE,200,17,RABI,11,2025,203,-0.04,1.0,0
FPS-0331,2025-11,WHEAT,200,17,RABI,11,2025,211,-0.005,1.0,0
FPS-0332,2025-11,RICE,227,21,RABI,11,2025,239,0.019,1.0,0
FPS-0332,2025-11,WHEAT,200,21,RABI,11,2025,191,0.027,1.0,0
FPS-0333,2025-11,RICE,382,27,RABI,11,2025,385,0.049,1.0,0
FPS-0333,2025-11,WHEAT,243,27,RABI,11,2025,228,-0.047,1.0,0
FPS-0334,2025-11,RICE,200,16,RABI,11,2025,201,0.042,1.0,0
FPS-0334,2025-11,WHEAT,200,16,RABI,11,2025,206,-0.022,1.0,0
FPS-0335,2025-11,RICE,253,18,RABI,11,2025,241,-0.038,1.0,0
FPS-0335,2025-11,WHEAT,200,18,RABI,11,2025,194,0.046,1.0,0
FPS-0336,2025-11,RICE,224,18,RABI,11,2025,227,-0.027,1.0,0
FPS-0336,2025-11,WHEAT,140,18,RABI,11,2025,198,-0.019,1.0,1
FPS-0337,2025-11,RICE,200,13,RABI,11,2025,196,0.049,1.0,0
FPS-0337,2025-11,WHEAT,200,13,RABI,11,2025,202,-0.026,1.0,0
FPS-0338,2025-11,RICE,200,16,RABI,11,2025,210,0.006,1.0,0
FPS-0338,2025-11,WHEAT,200,16,RABI,11,2025,191,-0.002,1.0,0
FPS-0339,2025-11,RICE,200,18,RABI,11,2025,191,0.053,1.0,0
FPS-0339,2025-11,WHEAT,200,18,RABI,11,2025,192,0.003,1.0,0
FPS-0340,2025-11,RICE,200,12,RABI,11,2025,199,0.031,1.0,0
FPS-0340,2025-11,WHEAT,200,12,RABI,11,2025,206,0.026,1.0,0
FPS-0341,2025-11,RICE,200,14,RABI,11,2025,205,0.039,1.0,0
FPS-0341,2025-11,WHEAT,200,14,RABI,11,2025,193,0.01,1.0,0
FPS-0342,2025-11,RICE,200,12,RABI,11,2025,196,-0.013,1.0,0
FPS-0342,2025-11,WHEAT,200,12,RABI,11,2025,194,0.001,1.0,0
FPS-0343,2025-11,RICE,200,16,RABI,11,2025,205,0.048,1.0,0
FPS-0343,2025-11,WHEAT,200,16,RABI,11,2025,184,0.008,1.0,0
FPS-0344,2025-11,RICE,200,16,RABI,11,2025,199,0.029,1.0,0
FPS-0344,2025-11,WHEAT,200,16,RABI,11,2025,199,0.054,1.0,0
FPS-0345,2025-11,RICE,205,17,RABI,11,2025,213,0.0,1.0,0
FPS-0345,2025-11,WHEAT,200,17,RABI,11,2025,193,0.041,1.0,0
FPS-0346,2025-11,RICE,219,19,RABI,11,2025,214,0.065,1.0,0
FPS-0346,2025-11,WHEAT,200,19,RABI,11,2025,195,-0.03,1.0,0
FPS-0347,2025-11,RICE,330,22,RABI,11,2025,329,0.063,1.0,0
FPS-0347,2025-11,WHEAT,210,22,RABI,11,2025,212,-0.03,1.0,0
FPS-0348,2025-11,RICE,232,20,RABI,11,2025,226,0.017,1.0,0
FPS-0348,2025-11,WHEAT,200,20,RABI,11,2025,199,0.08,1.0,0
FPS-0349,2025-11,RICE,201,18,RABI,11,2025,210,-0.043,1.0,0
FPS-0349,2025-11,WHEAT,200,18,RABI,11,2025,200,-0.011,1.0,0
FPS-0350,2025-11,RICE,244,17,RABI,11,2025,230,0.062,1.0,0
FPS-0350,2025-11,WHEAT,200,17,RABI,11,2025,188,0.014,1.0,0
FPS-0351,2025-11,RICE,200,16,RABI,11,2025,209,0.079,1.0,0
FPS-0351,2025-11,WHEAT,200,16,RABI,11,2025,207,0.041,1.0,0
FPS-0352,2025-11,RICE,237,19,RABI,11,2025,221,0.066,1.0,0
FPS-0352,2025-11,WHEAT,200,19,RABI,11,2025,204,-0.002,1.0,0
FPS-0353,2025-11,RICE,200,16,RABI,11,2025,191,0.038,1.0,0
FPS-0353,2025-11,WHEAT,200,16,RABI,11,2025,194,0.058,1.0,0
FPS-0354,2025-11,RICE,156,21,RABI,11,2025,205,0.021,1.0,1
FPS-0354,2025-11,WHEAT,200,21,RABI,11,2025,184,-0.006,1.0,0
FPS-0355,2025-11,RICE,218,15,RABI,11,2025,228,-0.001,1.0,0
FPS-0355,2025-11,WHEAT,200,15,RABI,11,2025,193,0.046,1.0,0
FPS-0356,2025-11,RICE,200,13,RABI,11,2025,209,-0.035,1.0,0
FPS-0356,2025-11,WHEAT,200,13,RABI,11,2025,204,-0.036,1.0,0
FPS-0357,2025-11,RICE,216,20,RABI,11,2025,221,-0.031,1.0,0
FPS-0357,2025-11,WHEAT,200,20,RABI,11,2025,204,0.072,1.0,0
FPS-0358,2025-11,RICE,200,16,RABI,11,2025,209,-0.046,1.0,0
FPS-0358,2025-11,WHEAT,200,16,RABI,11,2025,202,-0.02,1.0,0
FPS-0359,2025-11,RICE,305,25,RABI,11,2025,285,0.021,1.0,0
FPS-0359,2025-11,WHEAT,222,25,RABI,11,2025,231,0.036,1.0,0
FPS-0360,2025-11,RICE,200,15,RABI,11,2025,208,0.039,1.0,0
FPS-0360,2025-11,WHEAT,200,15,RABI,11,2025,193,0.08,1.0,0
FPS-0361,2025-11,RICE,200,16,RABI,11,2025,199,-0.011,1.0,0
FPS-0361,2025-11,WHEAT,200,16,RABI,11,2025,192,0.006,1.0,0
FPS-0362,2025-11,RICE,200,17,RABI,11,2025,189,-0.002,1.0,0
FPS-0362,2025-11,WHEAT,200,17,RABI,11,2025,199,0.009,1.0,0
FPS-0363,2025-11,RICE,200,15,RABI,11,2025,190,-0.02,1.0,0
FPS-0363,2025-11,WHEAT,200,15,RABI,11,2025,191,0.005,1.0,0
FPS-0364,2025-11,RICE,206,16,RABI,11,2025,199,-0.011,1.0,0
FPS-0364,2025-11,WHEAT,200,16,RABI,11,2025,188,0.037,1.0,0
FPS-0365,2025-11,RICE,200,18,RABI,11,2025,203,-0.014,1.0,0
FPS-0365,2025-11,WHEAT,200,18,RABI,11,2025,186,-0.022,1.0,0
FPS-0366,2025-11,RICE,165,17,RABI,11,2025,231,0.028,1.0,1
FPS-0366,2025-11,WHEAT,200,17,RABI,11,2025,202,0.026,1.0,0
FPS-0367,2025-11,RICE,140,11,RABI,11,2025,202,0.03,1.0,1
FPS-0367,2025-11,WHEAT,200,11,RABI,11,2025,209,-0.003,1.0,0
FPS-0368,2025-11,RICE,227,19,RABI,11,2025,224,0.055,1.0,0
FPS-0368,2025-11,WHEAT,200,19,RABI,11,2025,196,-0.029,1.0,0
FPS-0369,2025-11,RICE,200,18,RABI,11,2025,207,0.053,1.0,0
FPS-0369,2025-11,WHEAT,200,18,RABI,11,2025,210,0.017,1.0,0
FPS-0370,2025-11,RICE,205,17,RABI,11,2025,202,0.018,1.0,0
FPS-0370,2025-11,WHEAT,200,17,RABI,11,2025,211,0.025,1.0,0
FPS-0371,2025-11,RICE,200,15,RABI,11,2025,199,-0.007,1.0,0
FPS-0371,2025-11,WHEAT,200,15,RABI,11,2025,190,0.068,1.0,0
FPS-0372,2025-11,RICE,200,9,RABI,11,2025,200,0.051,1.0,0
FPS-0372,2025-11,WHEAT,200,9,RABI,11,2025,211,0.052,1.0,0
FPS-0373,2025-11,RICE,235,20,RABI,11,2025,223,0.079,1.0,0
FPS-0373,2025-11,WHEAT,200,20,RABI,11,2025,198,0.022,1.0,0
FPS-0374,2025-11,RICE,200,18,RABI,11,2025,205,0.048,1.0,0
FPS-0374,2025-11,WHEAT,200,18,RABI,11,2025,192,0.077,1.0,0
FPS-0375,2025-11,RICE,163,19,RABI,11,2025,244,-0.024,1.0,1
FPS-0375,2025-11,WHEAT,200,19,RABI,11,2025,203,-0.015,1.0,0
FPS-0376,2025-11,RICE,215,17,RABI,11,2025,211,0.038,1.0,0
FPS-0376,2025-11,WHEAT,200,17,RABI,11,2025,211,0.027,1.0,0
FPS-0377,2025-11,RICE,200,16,RABI,11,2025,209,-0.048,1.0,0
FPS-0377,2025-11,WHEAT,200,16,RABI,11,2025,202,-0.037,1.0,0
FPS-0378,2025-11,RICE,260,23,RABI,11,2025,265,-0.041,1.0,0
FPS-0378,2025-11,WHEAT,210,23,RABI,11,2025,221,0.026,1.0,0
FPS-0379,2025-11,RICE,200,13,RABI,11,2025,188,0.013,1.0,0
FPS-0379,2025-11,WHEAT,200,13,RABI,11,2025,191,0.017,1.0,0
FPS-0380,2025-11,RICE,265,20,RABI,11,2025,260,0.009,1.0,0
FPS-0380,2025-11,WHEAT,140,20,RABI,11,2025,199,0.008,1.0,1
FPS-0381,2025-11,RICE,206,17,RABI,11,2025,211,0.033,1.0,0
FPS-0381,2025-11,WHEAT,200,17,RABI,11,2025,198,0.048,1.0,0
FPS-0382,2025-11,RICE,200,9,RABI,11,2025,193,0.02,1.0,0
FPS-0382,2025-11,WHEAT,200,9,RABI,11,2025,186,-0.026,1.0,0
FPS-0383,2025-11,RICE,200,11,RABI,11,2025,195,-0.014,1.0,0
FPS-0383,2025-11,WHEAT,200,11,RABI,11,2025,185,0.025,1.0,0
FPS-0384,2025-11,RICE,266,23,RABI,11,2025,275,0.007,1.0,0
FPS-0384,2025-11,WHEAT,200,23,RABI,11,2025,187,-0.036,1.0,0
FPS-0385,2025-11,RICE,304,22,RABI,11,2025,309,0.019,1.0,0
FPS-0385,2025-11,WHEAT,211,22,RABI,11,2025,219,-0.04,1.0,0
FPS-0386,2025-11,RICE,200,18,RABI,11,2025,207,-0.028,1.0,0
FPS-0386,2025-11,WHEAT,200,18,RABI,11,2025,200,-0.027,1.0,0
FPS-0387,2025-11,RICE,367,31,RABI,11,2025,386,0.072,1.0,0
FPS-0387,2025-11,WHEAT,258,31,RABI,11,2025,264,0.023,1.0,0
FPS-0388,2025-11,RICE,200,11,RABI,11,2025,191,0.033,1.0,0
FPS-0388,2025-11,WHEAT,200,11,RABI,11,2025,190,-0.02,1.0,0
FPS-0389,2025-11,RICE,200,17,RABI,11,2025,207,-0.042,1.0,0
FPS-0389,2025-11,WHEAT,200,17,RABI,11,2025,200,0.047,1.0,0
FPS-0390,2025-11,RICE,231,21,RABI,11,2025,219,0.021,1.0,0
FPS-0390,2025-11,WHEAT,200,21,RABI,11,2025,197,-0.046,1.0,0
FPS-0391,2025-11,RICE,248,20,RABI,11,2025,260,0.034,1.0,0
FPS-0391,2025-11,WHEAT,200,20,RABI,11,2025,205,-0.047,1.0,0
FPS-0392,2025-11,RICE,200,17,RABI,11,2025,196,-0.026,1.0,0
FPS-0392,2025-11,WHEAT,200,17,RABI,11,2025,204,0.037,1.0,0
FPS-0393,2025-11,RICE,200,18,RABI,11,2025,210,0.018,1.0,0
FPS-0393,2025-11,WHEAT,200,18,RABI,11,2025,195,-0.02,1.0,0
FPS-0394,2025-11,RICE,244,17,RABI,11,2025,247,0.033,1.0,0
FPS-0394,2025-11,WHEAT,200,17,RABI,11,2025,197,0.038,1.0,0
FPS-0395,2025-11,RICE,140,14,RABI,11,2025,207,-0.045,1.0,1
FPS-0395,2025-11,WHEAT,200,14,RABI,11,2025,184,0.042,1.0,0
FPS-0396,2025-11,RICE,200,14,RABI,11,2025,187,-0.047,1.0,0
FPS-0396,2025-11,WHEAT,200,14,RABI,11,2025,188,0.02,1.0,0
FPS-0397,2025-11,RICE,200,13,RABI,11,2025,187,0.079,1.0,0
FPS-0397,2025-11,WHEAT,200,13,RABI,11,2025,197,0.057,1.0,0
FPS-0398,2025-11,RICE,200,16,RABI,11,2025,209,-0.03,1.0,0
FPS-0398,2025-11,WHEAT,200,16,RABI,11,2025,199,0.04,1.0,0
FPS-0399,2025-11,RICE,200,15,RABI,11,2025,197,0.079,1.0,0
FPS-0399,2025-11,WHEAT,200,15,RABI,11,2025,185,0.076,1.0,0
FPS-0400,2025-11,RICE,269,22,RABI,11,2025,259,0.076,1.0,0
FPS-0400,2025-11,WHEAT,200,22,RABI,11,2025,185,0.013,1.0,0
FPS-0401,2025-11,RICE,250,24,RABI,11,2025,232,0.017,1.0,0
FPS-0401,2025-11,WHEAT,200,24,RABI,11,2025,187,-0.0,1.0,0
FPS-0402,2025-11,RICE,200,8,RABI,11,2025,206,0.001,1.0,0
FPS-0402,2025-11,WHEAT,200,8,RABI,11,2025,185,-0.029,1.0,0
FPS-0403,2025-11,RICE,200,12,RABI,11,2025,206,-0.01,1.0,0
FPS-0403,2025-11,WHEAT,200,12,RABI,11,2025,185,0.068,1.0,0
FPS-0404,2025-11,RICE,200,15,RABI,11,2025,192,0.03,1.0,0
FPS-0404,2025-11,WHEAT,200,15,RABI,11,2025,210,0.029,1.0,0
FPS-0405,2025-11,RICE,200,14,RABI,11,2025,194,0.031,1.0,0
FPS-0405,2025-11,WHEAT,200,14,RABI,11,2025,187,0.042,1.0,0
FPS-0406,2025-11,RICE,261,22,RABI,11,2025,262,-0.01,1.0,0
FPS-0406,2025-11,WHEAT,200,22,RABI,11,2025,191,-0.03,1.0,0
FPS-0407,2025-11,RICE,205,18,RABI,11,2025,193,-0.018,1.0,0
FPS-0407,2025-11,WHEAT,200,18,RABI,11,2025,206,0.041,1.0,0
FPS-0408,2025-11,RICE,200,12,RABI,11,2025,189,0.053,1.0,0
FPS-0408,2025-11,WHEAT,200,12,RABI,11,2025,205,-0.027,1.0,0
FPS-0409,2025-11,RICE,200,17,RABI,11,2025,190,0.032,1.0,0
FPS-0409,2025-11,WHEAT,200,17,RABI,11,2025,199,-0.031,1.0,0
FPS-0410,2025-11,RICE,277,25,RABI,11,2025,281,-0.02,1.0,0
FPS-0410,2025-11,WHEAT,217,25,RABI,11,2025,208,0.045,1.0,0
FPS-0411,2025-11,RICE,200,15,RABI,11,2025,191,-0.002,1.0,0
FPS-0411,2025-11,WHEAT,200,15,RABI,11,2025,198,0.011,1.0,0
FPS-0412,2025-11,RICE,241,20,RABI,11,2025,222,-0.04,1.0,0
FPS-0412,2025-11,WHEAT,200,20,RABI,11,2025,185,0.08,1.0,0
FPS-0413,2025-11,RICE,200,14,RABI,11,2025,194,0.03,1.0,0
FPS-0413,2025-11,WHEAT,200,14,RABI,11,2025,209,-0.046,1.0,0
FPS-0414,2025-11,RICE,281,22,RABI,11,2025,277,0.048,1.0,0
FPS-0414,2025-11,WHEAT,200,22,RABI,11,2025,188,0.04,1.0,0
FPS-0415,2025-11,RICE,231,17,RABI,11,2025,226,0.035,1.0,0
FPS-0415,2025-11,WHEAT,200,17,RABI,11,2025,207,-0.009,1.0,0
FPS-0416,2025-11,RICE,200,12,RABI,11,2025,206,-0.041,1.0,0
FPS-0416,2025-11,WHEAT,200,12,RABI,11,2025,193,0.01,1.0,0
FPS-0417,2025-11,RICE,200,11,RABI,11,2025,205,0.004,1.0,0
FPS-0417,2025-11,WHEAT,200,11,RABI,11,2025,194,0.009,1.0,0
FPS-0418,2025-11,RICE,264,21,RABI,11,2025,263,0.033,1.0,0
FPS-0418,2025-11,WHEAT,200,21,RABI,11,2025,206,0.05,1.0,0
FPS-0419,2025-11,RICE,272,22,RABI,11,2025,288,-0.003,1.0,0
FPS-0419,2025-11,WHEAT,213,22,RABI,11,2025,204,0.035,1.0,0
FPS-0420,2025-11,RICE,229,21,RABI,11,2025,233,-0.032,1.0,0
FPS-0420,2025-11,WHEAT,200,21,RABI,11,2025,202,0.021,1.0,0
FPS-0421,2025-11,RICE,259,21,RABI,11,2025,239,0.026,1.0,0
FPS-0421,2025-11,WHEAT,200,21,RABI,11,2025,193,0.069,1.0,0
FPS-0422,2025-11,RICE,200,16,RABI,11,2025,200,-0.018,1.0,0
FPS-0422,2025-11,WHEAT,200,16,RABI,11,2025,207,0.042,1.0,0
FPS-0423,2025-11,RICE,200,12,RABI,11,2025,191,0.056,1.0,0
FPS-0423,2025-11,WHEAT,200,12,RABI,11,2025,195,0.012,1.0,0
FPS-0424,2025-11,RICE,230,18,RABI,11,2025,242,0.033,1.0,0
FPS-0424,2025-11,WHEAT,200,18,RABI,11,2025,196,-0.029,1.0,0
FPS-0425,2025-11,RICE,200,17,RABI,11,2025,202,0.066,1.0,0
FPS-0425,2025-11,WHEAT,200,17,RABI,11,2025,184,-0.0,1.0,0
FPS-0426,2025-11,RICE,272,21,RABI,11,2025,279,0.04,1.0,0
FPS-0426,2025-11,WHEAT,140,21,RABI,11,2025,186,0.052,1.0,1
FPS-0427,2025-11,RICE,200,13,RABI,11,2025,199,0.04,1.0,0
FPS-0427,2025-11,WHEAT,200,13,RABI,11,2025,185,-0.039,1.0,0
FPS-0428,2025-11,RICE,200,16,RABI,11,2025,196,0.017,1.0,0
FPS-0428,2025-11,WHEAT,200,16,RABI,11,2025,185,0.036,1.0,0
FPS-0429,2025-11,RICE,200,11,RABI,11,2025,208,-0.033,1.0,0
FPS-0429,2025-11,WHEAT,200,11,RABI,11,2025,184,0.023,1.0,0
FPS-0430,2025-11,RICE,200,16,RABI,11,2025,208,0.03,1.0,0
FPS-0430,2025-11,WHEAT,200,16,RABI,11,2025,191,0.062,1.0,0
FPS-0431,2025-11,RICE,200,4,RABI,11,2025,195,0.038,1.0,0
FPS-0431,2025-11,WHEAT,200,4,RABI,11,2025,186,0.058,1.0,0
FPS-0432,2025-11,RICE,395,24,RABI,11,2025,409,0.076,1.0,0
FPS-0432,2025-11,WHEAT,248,24,RABI,11,2025,247,-0.03,1.0,0
FPS-0433,2025-11,RICE,200,10,RABI,11,2025,200,-0.024,1.0,0
FPS-0433,2025-11,WHEAT,200,10,RABI,11,2025,186,0.014,1.0,0
FPS-0434,2025-11,RICE,198,25,RABI,11,2025,294,-0.003,1.0,1
FPS-0434,2025-11,WHEAT,202,25,RABI,11,2025,194,-0.023,1.0,0
FPS-0435,2025-11,RICE,234,19,RABI,11,2025,240,0.05,1.0,0
FPS-0435,2025-11,WHEAT,200,19,RABI,11,2025,209,0.052,1.0,0
FPS-0436,2025-11,RICE,200,15,RABI,11,2025,187,0.004,1.0,0
FPS-0436,2025-11,WHEAT,140,15,RABI,11,2025,209,-0.037,1.0,1
FPS-0437,2025-11,RICE,200,13,RABI,11,2025,207,-0.031,1.0,0
FPS-0437,2025-11,WHEAT,200,13,RABI,11,2025,189,0.022,1.0,0
FPS-0438,2025-11,RICE,200,16,RABI,11,2025,200,0.004,1.0,0
FPS-0438,2025-11,WHEAT,200,16,RABI,11,2025,198,0.058,1.0,0
FPS-0439,2025-11,RICE,246,19,RABI,11,2025,244,0.0,1.0,0
FPS-0439,2025-11,WHEAT,200,19,RABI,11,2025,199,0.016,1.0,0
FPS-0440,2025-11,RICE,200,17,RABI,11,2025,197,-0.047,1.0,0
FPS-0440,2025-11,WHEAT,200,17,RABI,11,2025,205,-0.04,1.0,0
FPS-0441,2025-11,RICE,294,22,RABI,11,2025,293,-0.032,1.0,0
FPS-0441,2025-11,WHEAT,247,22,RABI,11,2025,254,0.078,1.0,0
FPS-0442,2025-11,RICE,200,14,RABI,11,2025,185,0.057,1.0,0
FPS-0442,2025-11,WHEAT,200,14,RABI,11,2025,208,-0.021,1.0,0
FPS-0443,2025-11,RICE,140,15,RABI,11,2025,203,0.045,1.0,1
FPS-0443,2025-11,WHEAT,200,15,RABI,11,2025,188,0.043,1.0,0
FPS-0444,2025-11,RICE,200,12,RABI,11,2025,209,-0.035,1.0,0
FPS-0444,2025-11,WHEAT,200,12,RABI,11,2025,185,0.062,1.0,0
FPS-0445,2025-11,RICE,200,12,RABI,11,2025,209,-0.012,1.0,0
FPS-0445,2025-11,WHEAT,200,12,RABI,11,2025,203,0.01,1.0,0
FPS-0446,2025-11,RICE,200,14,RABI,11,2025,197,0.076,1.0,0
FPS-0446,2025-11,WHEAT,200,14,RABI,11,2025,210,0.013,1.0,0
FPS-0447,2025-11,RICE,200,13,RABI,11,2025,209,0.015,1.0,0
FPS-0447,2025-11,WHEAT,200,13,RABI,11,2025,202,-0.019,1.0,0
FPS-0448,2025-11,RICE,200,13,RABI,11,2025,184,-0.028,1.0,0
FPS-0448,2025-11,WHEAT,200,13,RABI,11,2025,207,0.046,1.0,0
FPS-0449,2025-11,RICE,200,15,RABI,11,2025,196,0.005,1.0,0
FPS-0449,2025-11,WHEAT,200,15,RABI,11,2025,191,0.022,1.0,0
FPS-0450,2025-11,RICE,200,14,RABI,11,2025,199,0.072,1.0,0
FPS-0450,2025-11,WHEAT,200,14,RABI,11,2025,186,-0.043,1.0,0
FPS-0451,2025-11,RICE,291,23,RABI,11,2025,301,0.052,1.0,0
FPS-0451,2025-11,WHEAT,200,23,RABI,11,2025,199,0.002,1.0,0
FPS-0452,2025-11,RICE,231,17,RABI,11,2025,212,-0.017,1.0,0
FPS-0452,2025-11,WHEAT,200,17,RABI,11,2025,211,0.013,1.0,0
FPS-0453,2025-11,RICE,200,15,RABI,11,2025,188,-0.018,1.0,0
FPS-0453,2025-11,WHEAT,200,15,RABI,11,2025,187,0.016,1.0,0
FPS-0454,2025-11,RICE,234,20,RABI,11,2025,233,0.063,1.0,0
FPS-0454,2025-11,WHEAT,200,20,RABI,11,2025,200,0.076,1.0,0
FPS-0455,2025-11,RICE,208,18,RABI,11,2025,199,0.071,1.0,0
FPS-0455,2025-11,WHEAT,200,18,RABI,11,2025,203,0.063,1.0,0
FPS-0456,2025-11,RICE,200,14,RABI,11,2025,198,0.052,1.0,0
FPS-0456,2025-11,WHEAT,140,14,RABI,11,2025,188,-0.006,1.0,1
FPS-0457,2025-11,RICE,220,19,RABI,11,2025,231,-0.026,1.0,0
FPS-0457,2025-11,WHEAT,200,19,RABI,11,2025,200,-0.04,1.0,0
FPS-0458,2025-11,RICE,200,15,RABI,11,2025,207,0.018,1.0,0
FPS-0458,2025-11,WHEAT,200,15,RABI,11,2025,198,0.071,1.0,0
FPS-0459,2025-11,RICE,227,18,RABI,11,2025,215,0.065,1.0,0
FPS-0459,2025-11,WHEAT,200,18,RABI,11,2025,194,0.065,1.0,0
FPS-0460,2025-11,RICE,200,14,RABI,11,2025,186,0.046,1.0,0
FPS-0460,2025-11,WHEAT,200,14,RABI,11,2025,196,0.029,1.0,0
FPS-0461,2025-11,RICE,242,22,RABI,11,2025,231,0.057,1.0,0
FPS-0461,2025-11,WHEAT,200,22,RABI,11,2025,195,-0.017,1.0,0
FPS-0462,2025-11,RICE,200,12,RABI,11,2025,205,0.077,1.0,0
FPS-0462,2025-11,WHEAT,200,12,RABI,11,2025,196,0.025,1.0,0
FPS-0463,2025-11,RICE,270,23,RABI,11,2025,283,-0.015,1.0,0
FPS-0463,2025-11,WHEAT,204,23,RABI,11,2025,192,0.016,1.0,0
FPS-0464,2025-11,RICE,200,16,RABI,11,2025,195,-0.015,1.0,0
FPS-0464,2025-11,WHEAT,200,16,RABI,11,2025,211,0.004,1.0,0
FPS-0465,2025-11,RICE,200,16,RABI,11,2025,197,0.049,1.0,0
FPS-0465,2025-11,WHEAT,200,16,RABI,11,2025,203,-0.011,1.0,0
FPS-0466,2025-11,RICE,200,15,RABI,11,2025,192,0.023,1.0,0
FPS-0466,2025-11,WHEAT,200,15,RABI,11,2025,190,0.037,1.0,0
FPS-0467,2025-11,RICE,200,9,RABI,11,2025,193,0.073,1.0,0
FPS-0467,2025-11,WHEAT,200,9,RABI,11,2025,185,0.041,1.0,0
FPS-0468,2025-11,RICE,206,17,RABI,11,2025,201,-0.008,1.0,0
FPS-0468,2025-11,WHEAT,200,17,RABI,11,2025,204,-0.023,1.0,0
FPS-0469,2025-11,RICE,200,12,RABI,11,2025,190,0.037,1.0,0
FPS-0469,2025-11,WHEAT,200,12,RABI,11,2025,202,0.028,1.0,0
FPS-0470,2025-11,RICE,311,22,RABI,11,2025,304,0.042,1.0,0
FPS-0470,2025-11,WHEAT,225,22,RABI,11,2025,235,0.076,1.0,0
FPS-0471,2025-11,RICE,200,13,RABI,11,2025,202,-0.006,1.0,0
FPS-0471,2025-11,WHEAT,200,13,RABI,11,2025,194,0.048,1.0,0
FPS-0472,2025-11,RICE,258,20,RABI,11,2025,271,0.015,1.0,0
FPS-0472,2025-11,WHEAT,200,20,RABI,11,2025,209,-0.021,1.0,0
FPS-0473,2025-11,RICE,200,17,RABI,11,2025,194,-0.012,1.0,0
FPS-0473,2025-11,WHEAT,200,17,RABI,11,2025,186,-0.03,1.0,0
FPS-0474,2025-11,RICE,200,17,RABI,11,2025,205,0.004,1.0,0
FPS-0474,2025-11,WHEAT,200,17,RABI,11,2025,190,0.023,1.0,0
FPS-0475,2025-11,RICE,247,18,RABI,11,2025,231,0.077,1.0,0
FPS-0475,2025-11,WHEAT,140,18,RABI,11,2025,186,0.037,1.0,1
FPS-0476,2025-11,RICE,200,14,RABI,11,2025,208,0.023,1.0,0
FPS-0476,2025-11,WHEAT,200,14,RABI,11,2025,190,-0.029,1.0,0
FPS-0477,2025-11,RICE,243,21,RABI,11,2025,243,0.044,1.0,0
FPS-0477,2025-11,WHEAT,200,21,RABI,11,2025,205,0.07,1.0,0
FPS-0478,2025-11,RICE,200,15,RABI,11,2025,199,-0.018,1.0,0
FPS-0478,2025-11,WHEAT,200,15,RABI,11,2025,191,-0.014,1.0,0
FPS-0479,2025-11,RICE,241,17,RABI,11,2025,221,0.025,1.0,0
FPS-0479,2025-11,WHEAT,200,17,RABI,11,2025,194,0.031,1.0,0
FPS-0480,2025-11,RICE,200,12,RABI,11,2025,203,-0.026,1.0,0
FPS-0480,2025-11,WHEAT,200,12,RABI,11,2025,188,0.076,1.0,0
FPS-0481,2025-11,RICE,200,17,RABI,11,2025,190,-0.013,1.0,0
FPS-0481,2025-11,WHEAT,200,17,RABI,11,2025,185,-0.03,1.0,0
FPS-0482,2025-11,RICE,200,16,RABI,11,2025,196,0.075,1.0,0
FPS-0482,2025-11,WHEAT,200,16,RABI,11,2025,188,0.008,1.0,0
FPS-0483,2025-11,RICE,200,10,RABI,11,2025,198,-0.032,1.0,0
FPS-0483,2025-11,WHEAT,200,10,RABI,11,2025,211,0.012,1.0,0
FPS-0484,2025-11,RICE,200,16,RABI,11,2025,202,0.06,1.0,0
FPS-0484,2025-11,WHEAT,200,16,RABI,11,2025,199,0.072,1.0,0
FPS-0485,2025-11,RICE,200,13,RABI,11,2025,196,0.024,1.0,0
FPS-0485,2025-11,WHEAT,200,13,RABI,11,2025,191,0.046,1.0,0
FPS-0486,2025-11,RICE,231,21,RABI,11,2025,218,-0.004,1.0,0
FPS-0486,2025-11,WHEAT,200,21,RABI,11,2025,189,-0.013,1.0,0
FPS-0487,2025-11,RICE,200,14,RABI,11,2025,200,0.072,1.0,0
FPS-0487,2025-11,WHEAT,200,14,RABI,11,2025,205,0.005,1.0,0
FPS-0488,2025-11,RICE,200,11,RABI,11,2025,204,-0.013,1.0,0
FPS-0488,2025-11,WHEAT,200,11,RABI,11,2025,198,-0.02,1.0,0
FPS-0489,2025-11,RICE,225,20,RABI,11,2025,214,0.075,1.0,0
FPS-0489,2025-11,WHEAT,200,20,RABI,11,2025,184,-0.009,1.0,0
FPS-0490,2025-11,RICE,226,16,RABI,11,2025,226,-0.006,1.0,0
FPS-0490,2025-11,WHEAT,200,16,RABI,11,2025,211,0.018,1.0,0
FPS-0491,2025-11,RICE,251,16,RABI,11,2025,261,0.06,1.0,0
FPS-0491,2025-11,WHEAT,200,16,RABI,11,2025,199,0.071,1.0,0
FPS-0492,2025-11,RICE,294,24,RABI,11,2025,273,-0.006,1.0,0
FPS-0492,2025-11,WHEAT,210,24,RABI,11,2025,205,-0.02,1.0,0
FPS-0493,2025-11,RICE,205,17,RABI,11,2025,202,0.035,1.0,0
FPS-0493,2025-11,WHEAT,200,17,RABI,11,2025,200,0.007,1.0,0
FPS-0494,2025-11,RICE,200,11,RABI,11,2025,191,0.07,1.0,0
FPS-0494,2025-11,WHEAT,200,11,RABI,11,2025,203,0.051,1.0,0
FPS-0495,2025-11,RICE,200,12,RABI,11,2025,186,-0.05,1.0,0
FPS-0495,2025-11,WHEAT,200,12,RABI,11,2025,210,0.006,1.0,0
FPS-0496,2025-11,RICE,200,15,RABI,11,2025,187,-0.04,1.0,0
FPS-0496,2025-11,WHEAT,200,15,RABI,11,2025,184,-0.048,1.0,0
FPS-0497,2025-11,RICE,232,19,RABI,11,2025,238,0.077,1.0,0
FPS-0497,2025-11,WHEAT,200,19,RABI,11,2025,206,0.005,1.0,0
FPS-0498,2025-11,RICE,213,16,RABI,11,2025,220,-0.01,1.0,0
FPS-0498,2025-11,WHEAT,200,16,RABI,11,2025,196,-0.016,1.0,0
FPS-0499,2025-11,RICE,297,20,RABI,11,2025,312,0.079,1.0,0
FPS-0499,2025-11,WHEAT,200,20,RABI,11,2025,203,-0.003,1.0,0
FPS-0500,2025-11,RICE,200,15,RABI,11,2025,194,0.048,1.0,0
FPS-0500,2025-11,WHEAT,200,15,RABI,11,2025,191,0.051,1.0,0
FPS-0501,2025-11,RICE,140,17,RABI,11,2025,209,-0.013,1.0,1
FPS-0501,2025-11,WHEAT,200,17,RABI,11,2025,196,0.076,1.0,0
FPS-0502,2025-11,RICE,244,19,RABI,11,2025,250,0.019,1.0,0
FPS-0502,2025-11,WHEAT,200,19,RABI,11,2025,197,0.05,1.0,0
FPS-0503,2025-11,RICE,227,19,RABI,11,2025,211,0.038,1.0,0
FPS-0503,2025-11,WHEAT,200,19,RABI,11,2025,207,0.008,1.0,0
FPS-0504,2025-11,RICE,200,16,RABI,11,2025,191,-0.011,1.0,0
FPS-0504,2025-11,WHEAT,200,16,RABI,11,2025,197,-0.001,1.0,0
FPS-0505,2025-11,RICE,200,17,RABI,11,2025,189,0.032,1.0,0
FPS-0505,2025-11,WHEAT,200,17,RABI,11,2025,199,-0.014,1.0,0
FPS-0506,2025-11,RICE,200,14,RABI,11,2025,199,0.045,1.0,0
FPS-0506,2025-11,WHEAT,200,14,RABI,11,2025,196,0.019,1.0,0
FPS-0507,2025-11,RICE,200,12,RABI,11,2025,185,0.019,1.0,0
FPS-0507,2025-11,WHEAT,200,12,RABI,11,2025,206,0.001,1.0,0
FPS-0508,2025-11,RICE,253,22,RABI,11,2025,248,-0.016,1.0,0
FPS-0508,2025-11,WHEAT,200,22,RABI,11,2025,189,0.02,1.0,0
FPS-0509,2025-11,RICE,212,16,RABI,11,2025,216,0.079,1.0,0
FPS-0509,2025-11,WHEAT,200,16,RABI,11,2025,205,0.036,1.0,0
FPS-0510,2025-11,RICE,200,13,RABI,11,2025,208,-0.045,1.0,0
FPS-0510,2025-11,WHEAT,200,13,RABI,11,2025,194,0.009,1.0,0
FPS-0511,2025-11,RICE,200,15,RABI,11,2025,200,-0.001,1.0,0
FPS-0511,2025-11,WHEAT,200,15,RABI,11,2025,199,0.023,1.0,0
FPS-0512,2025-11,RICE,140,12,RABI,11,2025,209,0.045,1.0,1
FPS-0512,2025-11,WHEAT,200,12,RABI,11,2025,198,-0.023,1.0,0
FPS-0513,2025-11,RICE,200,17,RABI,11,2025,194,0.006,1.0,0
FPS-0513,2025-11,WHEAT,200,17,RABI,11,2025,202,-0.004,1.0,0
FPS-0514,2025-11,RICE,200,5,RABI,11,2025,209,0.011,1.0,0
FPS-0514,2025-11,WHEAT,200,5,RABI,11,2025,188,0.068,1.0,0
FPS-0515,2025-11,RICE,200,8,RABI,11,2025,199,-0.011,1.0,0
FPS-0515,2025-11,WHEAT,200,8,RABI,11,2025,211,0.0,1.0,0
FPS-0516,2025-11,RICE,200,11,RABI,11,2025,197,0.045,1.0,0
FPS-0516,2025-11,WHEAT,200,11,RABI,11,2025,197,0.063,1.0,0
FPS-0517,2025-11,RICE,200,16,RABI,11,2025,193,0.063,1.0,0
FPS-0517,2025-11,WHEAT,200,16,RABI,11,2025,210,0.025,1.0,0
FPS-0518,2025-11,RICE,200,16,RABI,11,2025,194,-0.011,1.0,0
FPS-0518,2025-11,WHEAT,200,16,RABI,11,2025,185,0.038,1.0,0
FPS-0519,2025-11,RICE,204,15,RABI,11,2025,198,-0.026,1.0,0
FPS-0519,2025-11,WHEAT,200,15,RABI,11,2025,194,0.032,1.0,0
FPS-0520,2025-11,RICE,200,15,RABI,11,2025,205,-0.021,1.0,0
FPS-0520,2025-11,WHEAT,200,15,RABI,11,2025,209,0.046,1.0,0
FPS-0521,2025-11,RICE,251,23,RABI,11,2025,258,0.022,1.0,0
FPS-0521,2025-11,WHEAT,200,23,RABI,11,2025,206,0.071,1.0,0
FPS-0522,2025-11,RICE,231,20,RABI,11,2025,229,-0.024,1.0,0
FPS-0522,2025-11,WHEAT,200,20,RABI,11,2025,184,0.014,1.0,0
FPS-0523,2025-11,RICE,221,18,RABI,11,2025,221,0.012,1.0,0
FPS-0523,2025-11,WHEAT,200,18,RABI,11,2025,192,-0.045,1.0,0
FPS-0524,2025-11,RICE,200,12,RABI,11,2025,197,0.042,1.0,0
FPS-0524,2025-11,WHEAT,200,12,RABI,11,2025,200,0.059,1.0,0
FPS-0525,2025-11,RICE,200,12,RABI,11,2025,204,-0.008,1.0,0
FPS-0525,2025-11,WHEAT,200,12,RABI,11,2025,188,0.071,1.0,0
FPS-0526,2025-11,RICE,207,16,RABI,11,2025,192,0.051,1.0,0
FPS-0526,2025-11,WHEAT,200,16,RABI,11,2025,191,-0.029,1.0,0
FPS-0527,2025-11,RICE,200,17,RABI,11,2025,184,0.016,1.0,0
FPS-0527,2025-11,WHEAT,200,17,RABI,11,2025,199,0.073,1.0,0
FPS-0528,2025-11,RICE,200,17,RABI,11,2025,192,-0.029,1.0,0
FPS-0528,2025-11,WHEAT,200,17,RABI,11,2025,190,-0.048,1.0,0
FPS-0529,2025-11,RICE,290,25,RABI,11,2025,274,0.069,1.0,0
FPS-0529,2025-11,WHEAT,215,25,RABI,11,2025,208,0.06,1.0,0
FPS-0530,2025-11,RICE,201,17,RABI,11,2025,208,-0.037,1.0,0
FPS-0530,2025-11,WHEAT,200,17,RABI,11,2025,184,0.062,1.0,0
FPS-0531,2025-11,RICE,200,19,RABI,11,2025,190,0.016,1.0,0
FPS-0531,2025-11,WHEAT,200,19,RABI,11,2025,190,0.04,1.0,0
FPS-0532,2025-11,RICE,200,14,RABI,11,2025,199,0.021,1.0,0
FPS-0532,2025-11,WHEAT,200,14,RABI,11,2025,211,0.078,1.0,0
FPS-0533,2025-11,RICE,224,20,RABI,11,2025,217,0.018,1.0,0
FPS-0533,2025-11,WHEAT,200,20,RABI,11,2025,196,0.008,1.0,0
FPS-0534,2025-11,RICE,200,11,RABI,11,2025,207,0.008,1.0,0
FPS-0534,2025-11,WHEAT,200,11,RABI,11,2025,207,0.008,1.0,0
FPS-0535,2025-11,RICE,232,22,RABI,11,2025,214,-0.034,1.0,0
FPS-0535,2025-11,WHEAT,200,22,RABI,11,2025,199,-0.039,1.0,0
FPS-0536,2025-11,RICE,140,15,RABI,11,2025,210,0.07,1.0,1
FPS-0536,2025-11,WHEAT,200,15,RABI,11,2025,195,0.014,1.0,0
FPS-0537,2025-11,RICE,200,11,RABI,11,2025,206,0.077,1.0,0
FPS-0537,2025-11,WHEAT,200,11,RABI,11,2025,210,0.028,1.0,0
FPS-0538,2025-11,RICE,200,11,RABI,11,2025,196,0.017,1.0,0
FPS-0538,2025-11,WHEAT,200,11,RABI,11,2025,211,0.031,1.0,0
FPS-0539,2025-11,RICE,212,17,RABI,11,2025,215,-0.046,1.0,0
FPS-0539,2025-11,WHEAT,200,17,RABI,11,2025,207,0.065,1.0,0
FPS-0540,2025-11,RICE,200,8,RABI,11,2025,191,0.017,1.0,0
FPS-0540,2025-11,WHEAT,200,8,RABI,11,2025,188,-0.05,1.0,0
FPS-0541,2025-11,RICE,200,15,RABI,11,2025,204,-0.021,1.0,0
FPS-0541,2025-11,WHEAT,200,15,RABI,11,2025,198,0.065,1.0,0
FPS-0542,2025-11,RICE,200,13,RABI,11,2025,187,0.017,1.0,0
FPS-0542,2025-11,WHEAT,200,13,RABI,11,2025,184,-0.005,1.0,0
FPS-0543,2025-11,RICE,200,13,RABI,11,2025,193,-0.003,1.0,0
FPS-0543,2025-11,WHEAT,200,13,RABI,11,2025,193,-0.031,1.0,0
FPS-0544,2025-11,RICE,200,19,RABI,11,2025,188,-0.027,1.0,0
FPS-0544,2025-11,WHEAT,200,19,RABI,11,2025,190,0.018,1.0,0
FPS-0545,2025-11,RICE,200,9,RABI,11,2025,194,-0.007,1.0,0
FPS-0545,2025-11,WHEAT,200,9,RABI,11,2025,211,0.029,1.0,0
FPS-0546,2025-11,RICE,289,20,RABI,11,2025,299,0.039,1.0,0
FPS-0546,2025-11,WHEAT,201,20,RABI,11,2025,187,-0.005,1.0,0
FPS-0547,2025-11,RICE,200,11,RABI,11,2025,199,0.068,1.0,0
FPS-0547,2025-11,WHEAT,200,11,RABI,11,2025,198,0.047,1.0,0
FPS-0548,2025-11,RICE,200,16,RABI,11,2025,187,-0.004,1.0,0
FPS-0548,2025-11,WHEAT,200,16,RABI,11,2025,197,0.033,1.0,0
FPS-0549,2025-11,RICE,262,23,RABI,11,2025,253,0.078,1.0,0
FPS-0549,2025-11,WHEAT,200,23,RABI,11,2025,198,0.026,1.0,0
FPS-0550,2025-11,RICE,200,10,RABI,11,2025,191,0.077,1.0,0
FPS-0550,2025-11,WHEAT,200,10,RABI,11,2025,206,-0.038,1.0,0
FPS-0551,2025-11,RICE,200,18,RABI,11,2025,186,0.068,1.0,0
FPS-0551,2025-11,WHEAT,200,18,RABI,11,2025,197,0.066,1.0,0
FPS-0552,2025-11,RICE,200,13,RABI,11,2025,191,0.019,1.0,0
FPS-0552,2025-11,WHEAT,200,13,RABI,11,2025,200,-0.001,1.0,0
FPS-0553,2025-11,RICE,287,23,RABI,11,2025,301,0.041,1.0,0
FPS-0553,2025-11,WHEAT,200,23,RABI,11,2025,209,0.029,1.0,0
FPS-0554,2025-11,RICE,200,10,RABI,11,2025,207,0.04,1.0,0
FPS-0554,2025-11,WHEAT,200,10,RABI,11,2025,201,-0.043,1.0,0
FPS-0555,2025-11,RICE,278,23,RABI,11,2025,277,0.023,1.0,0
FPS-0555,2025-11,WHEAT,200,23,RABI,11,2025,192,0.075,1.0,0
FPS-0556,2025-11,RICE,239,20,RABI,11,2025,236,0.005,1.0,0
FPS-0556,2025-11,WHEAT,200,20,RABI,11,2025,184,-0.015,1.0,0
FPS-0557,2025-11,RICE,233,19,RABI,11,2025,227,0.015,1.0,0
FPS-0557,2025-11,WHEAT,200,19,RABI,11,2025,188,0.029,1.0,0
FPS-0558,2025-11,RICE,296,21,RABI,11,2025,294,-0.017,1.0,0
FPS-0558,2025-11,WHEAT,203,21,RABI,11,2025,187,-0.019,1.0,0
FPS-0559,2025-11,RICE,142,18,RABI,11,2025,198,0.025,1.0,1
FPS-0559,2025-11,WHEAT,200,18,RABI,11,2025,199,0.047,1.0,0
FPS-0560,2025-11,RICE,262,21,RABI,11,2025,261,0.007,1.0,0
FPS-0560,2025-11,WHEAT,208,21,RABI,11,2025,219,0.055,1.0,0
FPS-0561,2025-11,RICE,200,13,RABI,11,2025,195,0.032,1.0,0
FPS-0561,2025-11,WHEAT,200,13,RABI,11,2025,191,0.027,1.0,0
FPS-0562,2025-11,RICE,265,20,RABI,11,2025,259,-0.03,1.0,0
FPS-0562,2025-11,WHEAT,212,20,RABI,11,2025,202,0.032,1.0,0
FPS-0563,2025-11,RICE,357,30,RABI,11,2025,360,0.009,1.0,0
FPS-0563,2025-11,WHEAT,241,30,RABI,11,2025,242,-0.029,1.0,0
FPS-0564,2025-11,RICE,200,14,RABI,11,2025,202,0.011,1.0,0
FPS-0564,2025-11,WHEAT,200,14,RABI,11,2025,211,-0.008,1.0,0
FPS-0565,2025-11,RICE,203,19,RABI,11,2025,214,0.02,1.0,0
FPS-0565,2025-11,WHEAT,200,19,RABI,11,2025,210,0.037,1.0,0
FPS-0566,2025-11,RICE,200,16,RABI,11,2025,189,0.013,1.0,0
FPS-0566,2025-11,WHEAT,200,16,RABI,11,2025,203,0.04,1.0,0
FPS-0567,2025-11,RICE,200,12,RABI,11,2025,197,0.012,1.0,0
FPS-0567,2025-11,WHEAT,200,12,RABI,11,2025,200,0.061,1.0,0
FPS-0568,2025-11,RICE,283,20,RABI,11,2025,274,0.008,1.0,0
FPS-0568,2025-11,WHEAT,200,20,RABI,11,2025,185,-0.028,1.0,0
FPS-0569,2025-11,RICE,255,22,RABI,11,2025,237,-0.01,1.0,0
FPS-0569,2025-11,WHEAT,200,22,RABI,11,2025,189,0.021,1.0,0
FPS-0570,2025-11,RICE,200,8,RABI,11,2025,205,0.0,1.0,0
FPS-0570,2025-11,WHEAT,200,8,RABI,11,2025,188,-0.033,1.0,0
FPS-0571,2025-11,RICE,200,16,RABI,11,2025,191,0.073,1.0,0
FPS-0571,2025-11,WHEAT,200,16,RABI,11,2025,193,-0.006,1.0,0
FPS-0572,2025-11,RICE,286,22,RABI,11,2025,271,0.039,1.0,0
FPS-0572,2025-11,WHEAT,200,22,RABI,11,2025,207,0.008,1.0,0
FPS-0573,2025-11,RICE,200,13,RABI,11,2025,209,0.013,1.0,0
FPS-0573,2025-11,WHEAT,200,13,RABI,11,2025,207,0.022,1.0,0
FPS-0574,2025-11,RICE,235,20,RABI,11,2025,227,0.036,1.0,0
FPS-0574,2025-11,WHEAT,200,20,RABI,11,2025,199,-0.022,1.0,0
FPS-0575,2025-11,RICE,292,25,RABI,11,2025,281,-0.021,1.0,0
FPS-0575,2025-11,WHEAT,224,25,RABI,11,2025,230,0.06,1.0,0
FPS-0576,2025-11,RICE,200,13,RABI,11,2025,189,0.019,1.0,0
FPS-0576,2025-11,WHEAT,200,13,RABI,11,2025,194,0.031,1.0,0
FPS-0577,2025-11,RICE,200,15,RABI,11,2025,194,-0.048,1.0,0
FPS-0577,2025-11,WHEAT,200,15,RABI,11,2025,210,0.038,1.0,0
FPS-0578,2025-11,RICE,200,11,RABI,11,2025,188,-0.004,1.0,0
FPS-0578,2025-11,WHEAT,200,11,RABI,11,2025,191,0.053,1.0,0
FPS-0579,2025-11,RICE,200,15,RABI,11,2025,186,-0.01,1.0,0
FPS-0579,2025-11,WHEAT,200,15,RABI,11,2025,194,0.041,1.0,0
FPS-0580,2025-11,RICE,271,22,RABI,11,2025,283,0.078,1.0,0
FPS-0580,2025-11,WHEAT,200,22,RABI,11,2025,184,0.053,1.0,0
FPS-0581,2025-11,RICE,202,19,RABI,11,2025,188,0.053,1.0,0
FPS-0581,2025-11,WHEAT,200,19,RABI,11,2025,193,-0.023,1.0,0
FPS-0582,2025-11,RICE,200,7,RABI,11,2025,202,-0.03,1.0,0
FPS-0582,2025-11,WHEAT,200,7,RABI,11,2025,198,0.047,1.0,0
FPS-0583,2025-11,RICE,200,12,RABI,11,2025,187,0.007,1.0,0
FPS-0583,2025-11,WHEAT,200,12,RABI,11,2025,189,0.042,1.0,0
FPS-0584,2025-11,RICE,200,10,RABI,11,2025,209,0.032,1.0,0
FPS-0584,2025-11,WHEAT,200,10,RABI,11,2025,210,-0.028,1.0,0
FPS-0585,2025-11,RICE,200,15,RABI,11,2025,186,-0.033,1.0,0
FPS-0585,2025-11,WHEAT,200,15,RABI,11,2025,200,0.044,1.0,0
FPS-0586,2025-11,RICE,200,15,RABI,11,2025,200,0.072,1.0,0
FPS-0586,2025-11,WHEAT,200,15,RABI,11,2025,208,0.041,1.0,0
FPS-0587,2025-11,RICE,224,17,RABI,11,2025,210,0.073,1.0,0
FPS-0587,2025-11,WHEAT,200,17,RABI,11,2025,189,0.044,1.0,0
FPS-0588,2025-11,RICE,222,19,RABI,11,2025,224,0.045,1.0,0
FPS-0588,2025-11,WHEAT,200,19,RABI,11,2025,207,-0.034,1.0,0
FPS-0589,2025-11,RICE,200,13,RABI,11,2025,185,0.045,1.0,0
FPS-0589,2025-11,WHEAT,200,13,RABI,11,2025,202,-0.033,1.0,0
FPS-0590,2025-11,RICE,200,14,RABI,11,2025,198,-0.004,1.0,0
FPS-0590,2025-11,WHEAT,200,14,RABI,11,2025,199,0.037,1.0,0
FPS-0591,2025-11,RICE,200,15,RABI,11,2025,205,0.036,1.0,0
FPS-0591,2025-11,WHEAT,200,15,RABI,11,2025,191,0.004,1.0,0
FPS-0592,2025-11,RICE,207,18,RABI,11,2025,192,0.002,1.0,0
FPS-0592,2025-11,WHEAT,200,18,RABI,11,2025,209,0.01,1.0,0
FPS-0593,2025-11,RICE,308,27,RABI,11,2025,297,-0.007,1.0,0
FPS-0593,2025-11,WHEAT,231,27,RABI,11,2025,234,0.013,1.0,0
FPS-0594,2025-11,RICE,216,16,RABI,11,2025,222,0.03,1.0,0
FPS-0594,2025-11,WHEAT,200,16,RABI,11,2025,193,0.067,1.0,0
FPS-0595,2025-11,RICE,140,15,RABI,11,2025,204,-0.028,1.0,1
FPS-0595,2025-11,WHEAT,200,15,RABI,11,2025,192,0.062,1.0,0
FPS-0596,2025-11,RICE,200,15,RABI,11,2025,206,0.056,1.0,0
FPS-0596,2025-11,WHEAT,200,15,RABI,11,2025,207,0.03,1.0,0
FPS-0597,2025-11,RICE,448,26,RABI,11,2025,439,0.069,1.0,0
FPS-0597,2025-11,WHEAT,311,26,RABI,11,2025,304,0.052,1.0,0
FPS-0598,2025-11,RICE,180,16,RABI,11,2025,271,-0.011,1.0,1
FPS-0598,2025-11,WHEAT,200,16,RABI,11,2025,211,0.078,1.0,0
FPS-0599,2025-11,RICE,200,15,RABI,11,2025,211,0.009,1.0,0
FPS-0599,2025-11,WHEAT,200,15,RABI,11,2025,200,-0.03,1.0,0
FPS-0600,2025-11,RICE,200,13,RABI,11,2025,208,0.002,1.0,0
FPS-0600,2025-11,WHEAT,200,13,RABI,11,2025,198,0.038,1.0,0
FPS-0001,2025-12,RICE,303,22,RABI,12,2025,293,0.035,1.0,0
FPS-0001,2025-12,WHEAT,214,22,RABI,12,2025,222,0.036,1.0,0
FPS-0002,2025-12,RICE,200,13,RABI,12,2025,199,-0.043,1.0,0
FPS-0002,2025-12,WHEAT,200,13,RABI,12,2025,209,-0.031,1.0,0
FPS-0003,2025-12,RICE,293,25,RABI,12,2025,302,0.031,1.0,0
FPS-0003,2025-12,WHEAT,227,25,RABI,12,2025,216,0.074,1.0,0
FPS-0004,2025-12,RICE,200,13,RABI,12,2025,192,-0.007,1.0,0
FPS-0004,2025-12,WHEAT,200,13,RABI,12,2025,189,-0.002,1.0,0
FPS-0005,2025-12,RICE,206,18,RABI,12,2025,191,-0.005,1.0,0
FPS-0005,2025-12,WHEAT,200,18,RABI,12,2025,190,-0.025,1.0,0
FPS-0006,2025-12,RICE,295,20,RABI,12,2025,279,-0.029,1.0,0
FPS-0006,2025-12,WHEAT,217,20,RABI,12,2025,206,0.024,1.0,0
FPS-0007,2025-12,RICE,200,11,RABI,12,2025,192,-0.037,1.0,0
FPS-0007,2025-12,WHEAT,200,11,RABI,12,2025,200,0.071,1.0,0
FPS-0008,2025-12,RICE,207,17,RABI,12,2025,199,0.037,1.0,0
FPS-0008,2025-12,WHEAT,200,17,RABI,12,2025,195,0.072,1.0,0
FPS-0009,2025-12,RICE,200,13,RABI,12,2025,197,-0.03,1.0,0
FPS-0009,2025-12,WHEAT,200,13,RABI,12,2025,196,-0.004,1.0,0
FPS-0010,2025-12,RICE,244,17,RABI,12,2025,249,-0.018,1.0,0
FPS-0010,2025-12,WHEAT,200,17,RABI,12,2025,195,0.065,1.0,0
FPS-0011,2025-12,RICE,200,14,RABI,12,2025,204,0.027,1.0,0
FPS-0011,2025-12,WHEAT,200,14,RABI,12,2025,207,0.018,1.0,0
FPS-0012,2025-12,RICE,191,20,RABI,12,2025,261,0.078,1.0,1
FPS-0012,2025-12,WHEAT,200,20,RABI,12,2025,210,-0.032,1.0,0
FPS-0013,2025-12,RICE,242,17,RABI,12,2025,237,0.012,1.0,0
FPS-0013,2025-12,WHEAT,200,17,RABI,12,2025,196,0.004,1.0,0
FPS-0014,2025-12,RICE,200,11,RABI,12,2025,199,-0.025,1.0,0
FPS-0014,2025-12,WHEAT,200,11,RABI,12,2025,208,0.049,1.0,0
FPS-0015,2025-12,RICE,200,14,RABI,12,2025,205,0.016,1.0,0
FPS-0015,2025-12,WHEAT,200,14,RABI,12,2025,208,0.036,1.0,0
FPS-0016,2025-12,RICE,242,20,RABI,12,2025,236,0.058,1.0,0
FPS-0016,2025-12,WHEAT,200,20,RABI,12,2025,202,0.055,1.0,0
FPS-0017,2025-12,RICE,200,15,RABI,12,2025,209,0.037,1.0,0
FPS-0017,2025-12,WHEAT,200,15,RABI,12,2025,211,0.047,1.0,0
FPS-0018,2025-12,RICE,286,24,RABI,12,2025,300,-0.003,1.0,0
FPS-0018,2025-12,WHEAT,230,24,RABI,12,2025,242,0.07,1.0,0
FPS-0019,2025-12,RICE,227,18,RABI,12,2025,226,-0.021,1.0,0
FPS-0019,2025-12,WHEAT,200,18,RABI,12,2025,190,-0.025,1.0,0
FPS-0020,2025-12,RICE,200,15,RABI,12,2025,184,0.051,1.0,0
FPS-0020,2025-12,WHEAT,200,15,RABI,12,2025,191,0.054,1.0,0
FPS-0021,2025-12,RICE,303,26,RABI,12,2025,320,-0.041,1.0,0
FPS-0021,2025-12,WHEAT,248,26,RABI,12,2025,245,0.066,1.0,0
FPS-0022,2025-12,RICE,200,15,RABI,12,2025,209,0.023,1.0,0
FPS-0022,2025-12,WHEAT,200,15,RABI,12,2025,210,0.016,1.0,0
FPS-0023,2025-12,RICE,200,16,RABI,12,2025,193,-0.004,1.0,0
FPS-0023,2025-12,WHEAT,200,16,RABI,12,2025,194,-0.035,1.0,0
FPS-0024,2025-12,RICE,203,18,RABI,12,2025,198,0.08,1.0,0
FPS-0024,2025-12,WHEAT,200,18,RABI,12,2025,185,0.066,1.0,0
FPS-0025,2025-12,RICE,300,19,RABI,12,2025,304,0.067,1.0,0
FPS-0025,2025-12,WHEAT,202,19,RABI,12,2025,208,0.031,1.0,0
FPS-0026,2025-12,RICE,200,16,RABI,12,2025,206,-0.017,1.0,0
FPS-0026,2025-12,WHEAT,200,16,RABI,12,2025,205,0.076,1.0,0
FPS-0027,2025-12,RICE,200,15,RABI,12,2025,209,-0.024,1.0,0
FPS-0027,2025-12,WHEAT,140,15,RABI,12,2025,185,-0.018,1.0,1
FPS-0028,2025-12,RICE,200,12,RABI,12,2025,198,-0.039,1.0,0
FPS-0028,2025-12,WHEAT,200,12,RABI,12,2025,196,0.001,1.0,0
FPS-0029,2025-12,RICE,240,21,RABI,12,2025,249,-0.025,1.0,0
FPS-0029,2025-12,WHEAT,140,21,RABI,12,2025,194,0.055,1.0,1
FPS-0030,2025-12,RICE,200,10,RABI,12,2025,206,0.013,1.0,0
FPS-0030,2025-12,WHEAT,200,10,RABI,12,2025,211,0.023,1.0,0
FPS-0031,2025-12,RICE,200,13,RABI,12,2025,209,0.041,1.0,0
FPS-0031,2025-12,WHEAT,200,13,RABI,12,2025,205,0.031,1.0,0
FPS-0032,2025-12,RICE,202,17,RABI,12,2025,191,-0.026,1.0,0
FPS-0032,2025-12,WHEAT,200,17,RABI,12,2025,211,0.016,1.0,0
FPS-0033,2025-12,RICE,225,14,RABI,12,2025,212,0.029,1.0,0
FPS-0033,2025-12,WHEAT,200,14,RABI,12,2025,188,-0.001,1.0,0
FPS-0034,2025-12,RICE,237,18,RABI,12,2025,245,0.031,1.0,0
FPS-0034,2025-12,WHEAT,200,18,RABI,12,2025,193,0.045,1.0,0
FPS-0035,2025-12,RICE,232,18,RABI,12,2025,213,-0.048,1.0,0
FPS-0035,2025-12,WHEAT,200,18,RABI,12,2025,207,0.036,1.0,0
FPS-0036,2025-12,RICE,273,23,RABI,12,2025,262,0.019,1.0,0
FPS-0036,2025-12,WHEAT,200,23,RABI,12,2025,198,-0.022,1.0,0
FPS-0037,2025-12,RICE,229,20,RABI,12,2025,227,-0.033,1.0,0
FPS-0037,2025-12,WHEAT,200,20,RABI,12,2025,211,0.047,1.0,0
FPS-0038,2025-12,RICE,279,20,RABI,12,2025,286,0.079,1.0,0
FPS-0038,2025-12,WHEAT,200,20,RABI,12,2025,189,0.016,1.0,0
FPS-0039,2025-12,RICE,242,20,RABI,12,2025,246,-0.001,1.0,0
FPS-0039,2025-12,WHEAT,200,20,RABI,12,2025,204,0.055,1.0,0
FPS-0040,2025-12,RICE,200,12,RABI,12,2025,202,0.053,1.0,0
FPS-0040,2025-12,WHEAT,200,12,RABI,12,2025,192,0.008,1.0,0
FPS-0041,2025-12,RICE,200,13,RABI,12,2025,209,0.047,1.0,0
FPS-0041,2025-12,WHEAT,200,13,RABI,12,2025,209,-0.049,1.0,0
FPS-0042,2025-12,RICE,200,18,RABI,12,2025,205,0.0,1.0,0
FPS-0042,2025-12,WHEAT,200,18,RABI,12,2025,205,0.055,1.0,0
FPS-0043,2025-12,RICE,200,17,RABI,12,2025,207,0.01,1.0,0
FPS-0043,2025-12,WHEAT,200,17,RABI,12,2025,187,0.057,1.0,0
FPS-0044,2025-12,RICE,200,15,RABI,12,2025,203,-0.001,1.0,0
FPS-0044,2025-12,WHEAT,200,15,RABI,12,2025,208,-0.04,1.0,0
FPS-0045,2025-12,RICE,261,21,RABI,12,2025,246,0.036,1.0,0
FPS-0045,2025-12,WHEAT,200,21,RABI,12,2025,207,-0.03,1.0,0
FPS-0046,2025-12,RICE,200,13,RABI,12,2025,207,0.063,1.0,0
FPS-0046,2025-12,WHEAT,200,13,RABI,12,2025,201,0.016,1.0,0
FPS-0047,2025-12,RICE,246,21,RABI,12,2025,228,-0.012,1.0,0
FPS-0047,2025-12,WHEAT,206,21,RABI,12,2025,200,0.061,1.0,0
FPS-0048,2025-12,RICE,200,12,RABI,12,2025,211,0.002,1.0,0
FPS-0048,2025-12,WHEAT,200,12,RABI,12,2025,196,0.005,1.0,0
FPS-0049,2025-12,RICE,219,17,RABI,12,2025,202,0.076,1.0,0
FPS-0049,2025-12,WHEAT,200,17,RABI,12,2025,210,0.037,1.0,0
FPS-0050,2025-12,RICE,283,23,RABI,12,2025,272,-0.025,1.0,0
FPS-0050,2025-12,WHEAT,232,23,RABI,12,2025,241,0.047,1.0,0
FPS-0051,2025-12,RICE,218,19,RABI,12,2025,229,-0.028,1.0,0
FPS-0051,2025-12,WHEAT,200,19,RABI,12,2025,201,0.009,1.0,0
FPS-0052,2025-12,RICE,272,19,RABI,12,2025,275,0.061,1.0,0
FPS-0052,2025-12,WHEAT,200,19,RABI,12,2025,190,0.02,1.0,0
FPS-0053,2025-12,RICE,200,17,RABI,12,2025,185,-0.025,1.0,0
FPS-0053,2025-12,WHEAT,200,17,RABI,12,2025,208,-0.03,1.0,0
FPS-0054,2025-12,RICE,200,14,RABI,12,2025,197,0.017,1.0,0
FPS-0054,2025-12,WHEAT,200,14,RABI,12,2025,211,-0.029,1.0,0
FPS-0055,2025-12,RICE,267,20,RABI,12,2025,261,0.076,1.0,0
FPS-0055,2025-12,WHEAT,200,20,RABI,12,2025,194,0.074,1.0,0
FPS-0056,2025-12,RICE,216,19,RABI,12,2025,206,0.011,1.0,0
FPS-0056,2025-12,WHEAT,200,19,RABI,12,2025,196,0.068,1.0,0
FPS-0057,2025-12,RICE,241,18,RABI,12,2025,235,0.02,1.0,0
FPS-0057,2025-12,WHEAT,200,18,RABI,12,2025,205,0.065,1.0,0
FPS-0058,2025-12,RICE,242,19,RABI,12,2025,251,0.043,1.0,0
FPS-0058,2025-12,WHEAT,200,19,RABI,12,2025,209,-0.04,1.0,0
FPS-0059,2025-12,RICE,200,17,RABI,12,2025,190,-0.043,1.0,0
FPS-0059,2025-12,WHEAT,200,17,RABI,12,2025,187,-0.024,1.0,0
FPS-0060,2025-12,RICE,240,22,RABI,12,2025,221,-0.022,1.0,0
FPS-0060,2025-12,WHEAT,200,22,RABI,12,2025,200,-0.026,1.0,0
FPS-0061,2025-12,RICE,200,15,RABI,12,2025,184,-0.032,1.0,0
FPS-0061,2025-12,WHEAT,200,15,RABI,12,2025,187,0.066,1.0,0
FPS-0062,2025-12,RICE,200,12,RABI,12,2025,188,-0.014,1.0,0
FPS-0062,2025-12,WHEAT,200,12,RABI,12,2025,184,-0.05,1.0,0
FPS-0063,2025-12,RICE,261,20,RABI,12,2025,265,0.026,1.0,0
FPS-0063,2025-12,WHEAT,200,20,RABI,12,2025,197,-0.044,1.0,0
FPS-0064,2025-12,RICE,140,15,RABI,12,2025,211,0.065,1.0,1
FPS-0064,2025-12,WHEAT,200,15,RABI,12,2025,189,0.031,1.0,0
FPS-0065,2025-12,RICE,200,16,RABI,12,2025,195,0.029,1.0,0
FPS-0065,2025-12,WHEAT,200,16,RABI,12,2025,196,0.02,1.0,0
FPS-0066,2025-12,RICE,200,17,RABI,12,2025,195,-0.019,1.0,0
FPS-0066,2025-12,WHEAT,200,17,RABI,12,2025,202,0.057,1.0,0
FPS-0067,2025-12,RICE,200,13,RABI,12,2025,211,-0.024,1.0,0
FPS-0067,2025-12,WHEAT,200,13,RABI,12,2025,192,-0.001,1.0,0
FPS-0068,2025-12,RICE,204,20,RABI,12,2025,190,0.017,1.0,0
FPS-0068,2025-12,WHEAT,200,20,RABI,12,2025,188,0.04,1.0,0
FPS-0069,2025-12,RICE,200,16,RABI,12,2025,191,-0.026,1.0,0
FPS-0069,2025-12,WHEAT,200,16,RABI,12,2025,190,-0.05,1.0,0
FPS-0070,2025-12,RICE,203,16,RABI,12,2025,199,0.01,1.0,0
FPS-0070,2025-12,WHEAT,200,16,RABI,12,2025,190,0.055,1.0,0
FPS-0071,2025-12,RICE,200,15,RABI,12,2025,210,-0.014,1.0,0
FPS-0071,2025-12,WHEAT,200,15,RABI,12,2025,200,-0.037,1.0,0
FPS-0072,2025-12,RICE,188,22,RABI,12,2025,258,-0.044,1.0,1
FPS-0072,2025-12,WHEAT,203,22,RABI,12,2025,204,-0.009,1.0,0
FPS-0073,2025-12,RICE,259,21,RABI,12,2025,255,0.062,1.0,0
FPS-0073,2025-12,WHEAT,200,21,RABI,12,2025,196,-0.036,1.0,0
FPS-0074,2025-12,RICE,200,11,RABI,12,2025,209,0.027,1.0,0
FPS-0074,2025-12,WHEAT,200,11,RABI,12,2025,211,-0.032,1.0,0
FPS-0075,2025-12,RICE,250,21,RABI,12,2025,256,0.021,1.0,0
FPS-0075,2025-12,WHEAT,200,21,RABI,12,2025,184,0.055,1.0,0
FPS-0076,2025-12,RICE,294,19,RABI,12,2025,303,-0.016,1.0,0
FPS-0076,2025-12,WHEAT,158,19,RABI,12,2025,218,0.074,1.0,1
FPS-0077,2025-12,RICE,200,15,RABI,12,2025,200,0.019,1.0,0
FPS-0077,2025-12,WHEAT,200,15,RABI,12,2025,184,0.049,1.0,0
FPS-0078,2025-12,RICE,226,20,RABI,12,2025,215,0.001,1.0,0
FPS-0078,2025-12,WHEAT,200,20,RABI,12,2025,204,-0.027,1.0,0
FPS-0079,2025-12,RICE,200,11,RABI,12,2025,186,-0.01,1.0,0
FPS-0079,2025-12,WHEAT,200,11,RABI,12,2025,199,-0.046,1.0,0
FPS-0080,2025-12,RICE,208,15,RABI,12,2025,192,0.07,1.0,0
FPS-0080,2025-12,WHEAT,200,15,RABI,12,2025,201,-0.028,1.0,0
FPS-0081,2025-12,RICE,237,21,RABI,12,2025,231,0.019,1.0,0
FPS-0081,2025-12,WHEAT,200,21,RABI,12,2025,187,-0.033,1.0,0
FPS-0082,2025-12,RICE,236,22,RABI,12,2025,224,-0.034,1.0,0
FPS-0082,2025-12,WHEAT,200,22,RABI,12,2025,203,-0.004,1.0,0
FPS-0083,2025-12,RICE,245,18,RABI,12,2025,253,-0.013,1.0,0
FPS-0083,2025-12,WHEAT,200,18,RABI,12,2025,184,-0.0,1.0,0
FPS-0084,2025-12,RICE,275,20,RABI,12,2025,270,-0.02,1.0,0
FPS-0084,2025-12,WHEAT,214,20,RABI,12,2025,220,0.065,1.0,0
FPS-0085,2025-12,RICE,200,14,RABI,12,2025,208,0.02,1.0,0
FPS-0085,2025-12,WHEAT,200,14,RABI,12,2025,188,-0.007,1.0,0
FPS-0086,2025-12,RICE,200,14,RABI,12,2025,210,-0.015,1.0,0
FPS-0086,2025-12,WHEAT,200,14,RABI,12,2025,192,0.0,1.0,0
FPS-0087,2025-12,RICE,200,13,RABI,12,2025,189,0.002,1.0,0
FPS-0087,2025-12,WHEAT,200,13,RABI,12,2025,189,0.006,1.0,0
FPS-0088,2025-12,RICE,200,15,RABI,12,2025,186,-0.041,1.0,0
FPS-0088,2025-12,WHEAT,200,15,RABI,12,2025,193,-0.019,1.0,0
FPS-0089,2025-12,RICE,222,18,RABI,12,2025,223,-0.046,1.0,0
FPS-0089,2025-12,WHEAT,200,18,RABI,12,2025,199,0.048,1.0,0
FPS-0090,2025-12,RICE,204,15,RABI,12,2025,203,0.004,1.0,0
FPS-0090,2025-12,WHEAT,200,15,RABI,12,2025,204,0.009,1.0,0
FPS-0091,2025-12,RICE,205,18,RABI,12,2025,191,0.05,1.0,0
FPS-0091,2025-12,WHEAT,200,18,RABI,12,2025,185,-0.05,1.0,0
FPS-0092,2025-12,RICE,257,21,RABI,12,2025,240,-0.009,1.0,0
FPS-0092,2025-12,WHEAT,210,21,RABI,12,2025,195,0.074,1.0,0
FPS-0093,2025-12,RICE,295,24,RABI,12,2025,278,0.063,1.0,0
FPS-0093,2025-12,WHEAT,200,24,RABI,12,2025,205,0.038,1.0,0
FPS-0094,2025-12,RICE,277,19,RABI,12,2025,260,0.075,1.0,0
FPS-0094,2025-12,WHEAT,200,19,RABI,12,2025,189,0.046,1.0,0
FPS-0095,2025-12,RICE,289,26,RABI,12,2025,267,0.018,1.0,0
FPS-0095,2025-12,WHEAT,200,26,RABI,12,2025,191,-0.032,1.0,0
FPS-0096,2025-12,RICE,200,13,RABI,12,2025,197,-0.034,1.0,0
FPS-0096,2025-12,WHEAT,200,13,RABI,12,2025,185,0.068,1.0,0
FPS-0097,2025-12,RICE,261,20,RABI,12,2025,243,-0.035,1.0,0
FPS-0097,2025-12,WHEAT,200,20,RABI,12,2025,188,0.031,1.0,0
FPS-0098,2025-12,RICE,294,20,RABI,12,2025,305,0.073,1.0,0
FPS-0098,2025-12,WHEAT,200,20,RABI,12,2025,184,-0.041,1.0,0
FPS-0099,2025-12,RICE,209,16,RABI,12,2025,203,0.074,1.0,0
FPS-0099,2025-12,WHEAT,200,16,RABI,12,2025,188,0.036,1.0,0
FPS-0100,2025-12,RICE,140,12,RABI,12,2025,196,0.071,1.0,1
FPS-0100,2025-12,WHEAT,140,12,RABI,12,2025,200,0.016,1.0,1
FPS-0101,2025-12,RICE,214,19,RABI,12,2025,314,0.051,1.0,1
FPS-0101,2025-12,WHEAT,212,19,RABI,12,2025,223,0.004,1.0,0
FPS-0102,2025-12,RICE,200,15,RABI,12,2025,200,-0.023,1.0,0
FPS-0102,2025-12,WHEAT,200,15,RABI,12,2025,207,-0.036,1.0,0
FPS-0103,2025-12,RICE,291,23,RABI,12,2025,276,-0.019,1.0,0
FPS-0103,2025-12,WHEAT,207,23,RABI,12,2025,199,-0.04,1.0,0
FPS-0104,2025-12,RICE,200,14,RABI,12,2025,195,0.029,1.0,0
FPS-0104,2025-12,WHEAT,200,14,RABI,12,2025,194,0.006,1.0,0
FPS-0105,2025-12,RICE,292,23,RABI,12,2025,290,-0.024,1.0,0
FPS-0105,2025-12,WHEAT,228,23,RABI,12,2025,226,0.023,1.0,0
FPS-0106,2025-12,RICE,200,14,RABI,12,2025,189,-0.016,1.0,0
FPS-0106,2025-12,WHEAT,200,14,RABI,12,2025,197,0.033,1.0,0
FPS-0107,2025-12,RICE,200,18,RABI,12,2025,194,0.074,1.0,0
FPS-0107,2025-12,WHEAT,200,18,RABI,12,2025,207,0.005,1.0,0
FPS-0108,2025-12,RICE,200,10,RABI,12,2025,188,-0.049,1.0,0
FPS-0108,2025-12,WHEAT,200,10,RABI,12,2025,184,-0.028,1.0,0
FPS-0109,2025-12,RICE,200,14,RABI,12,2025,199,-0.031,1.0,0
FPS-0109,2025-12,WHEAT,200,14,RABI,12,2025,206,0.025,1.0,0
FPS-0110,2025-12,RICE,200,17,RABI,12,2025,196,0.07,1.0,0
FPS-0110,2025-12,WHEAT,200,17,RABI,12,2025,197,0.08,1.0,0
FPS-0111,2025-12,RICE,200,13,RABI,12,2025,207,-0.022,1.0,0
FPS-0111,2025-12,WHEAT,140,13,RABI,12,2025,195,0.043,1.0,1
FPS-0112,2025-12,RICE,200,14,RABI,12,2025,197,0.071,1.0,0
FPS-0112,2025-12,WHEAT,200,14,RABI,12,2025,186,0.06,1.0,0
FPS-0113,2025-12,RICE,200,8,RABI,12,2025,188,-0.043,1.0,0
FPS-0113,2025-12,WHEAT,200,8,RABI,12,2025,205,-0.019,1.0,0
FPS-0114,2025-12,RICE,200,15,RABI,12,2025,210,0.029,1.0,0
FPS-0114,2025-12,WHEAT,200,15,RABI,12,2025,197,0.033,1.0,0
FPS-0115,2025-12,RICE,200,13,RABI,12,2025,210,0.019,1.0,0
FPS-0115,2025-12,WHEAT,200,13,RABI,12,2025,188,0.076,1.0,0
FPS-0116,2025-12,RICE,200,9,RABI,12,2025,188,0.042,1.0,0
FPS-0116,2025-12,WHEAT,200,9,RABI,12,2025,193,0.056,1.0,0
FPS-0117,2025-12,RICE,200,17,RABI,12,2025,202,0.053,1.0,0
FPS-0117,2025-12,WHEAT,200,17,RABI,12,2025,202,0.008,1.0,0
FPS-0118,2025-12,RICE,207,19,RABI,12,2025,215,0.029,1.0,0
FPS-0118,2025-12,WHEAT,200,19,RABI,12,2025,198,0.013,1.0,0
FPS-0119,2025-12,RICE,200,15,RABI,12,2025,209,0.026,1.0,0
FPS-0119,2025-12,WHEAT,200,15,RABI,12,2025,206,0.028,1.0,0
FPS-0120,2025-12,RICE,200,16,RABI,12,2025,204,0.018,1.0,0
FPS-0120,2025-12,WHEAT,200,16,RABI,12,2025,195,-0.008,1.0,0
FPS-0121,2025-12,RICE,200,15,RABI,12,2025,204,0.068,1.0,0
FPS-0121,2025-12,WHEAT,200,15,RABI,12,2025,197,0.051,1.0,0
FPS-0122,2025-12,RICE,200,14,RABI,12,2025,188,-0.016,1.0,0
FPS-0122,2025-12,WHEAT,200,14,RABI,12,2025,184,0.07,1.0,0
FPS-0123,2025-12,RICE,200,14,RABI,12,2025,205,0.08,1.0,0
FPS-0123,2025-12,WHEAT,200,14,RABI,12,2025,184,0.042,1.0,0
FPS-0124,2025-12,RICE,298,21,RABI,12,2025,304,0.077,1.0,0
FPS-0124,2025-12,WHEAT,202,21,RABI,12,2025,189,-0.001,1.0,0
FPS-0125,2025-12,RICE,200,14,RABI,12,2025,204,0.03,1.0,0
FPS-0125,2025-12,WHEAT,200,14,RABI,12,2025,204,0.001,1.0,0
FPS-0126,2025-12,RICE,200,13,RABI,12,2025,195,0.047,1.0,0
FPS-0126,2025-12,WHEAT,200,13,RABI,12,2025,189,-0.009,1.0,0
FPS-0127,2025-12,RICE,200,11,RABI,12,2025,195,0.067,1.0,0
FPS-0127,2025-12,WHEAT,200,11,RABI,12,2025,190,-0.045,1.0,0
FPS-0128,2025-12,RICE,200,12,RABI,12,2025,196,0.018,1.0,0
FPS-0128,2025-12,WHEAT,200,12,RABI,12,2025,190,-0.027,1.0,0
FPS-0129,2025-12,RICE,200,17,RABI,12,2025,193,-0.044,1.0,0
FPS-0129,2025-12,WHEAT,200,17,RABI,12,2025,204,0.077,1.0,0
FPS-0130,2025-12,RICE,200,16,RABI,12,2025,211,-0.021,1.0,0
FPS-0130,2025-12,WHEAT,200,16,RABI,12,2025,185,0.068,1.0,0
FPS-0131,2025-12,RICE,200,15,RABI,12,2025,184,0.031,1.0,0
FPS-0131,2025-12,WHEAT,200,15,RABI,12,2025,210,-0.041,1.0,0
FPS-0132,2025-12,RICE,281,23,RABI,12,2025,281,0.037,1.0,0
FPS-0132,2025-12,WHEAT,200,23,RABI,12,2025,190,0.029,1.0,0
FPS-0133,2025-12,RICE,200,13,RABI,12,2025,202,-0.024,1.0,0
FPS-0133,2025-12,WHEAT,200,13,RABI,12,2025,210,-0.037,1.0,0
FPS-0134,2025-12,RICE,200,16,RABI,12,2025,186,-0.013,1.0,0
FPS-0134,2025-12,WHEAT,200,16,RABI,12,2025,187,-0.043,1.0,0
FPS-0135,2025-12,RICE,200,15,RABI,12,2025,202,0.012,1.0,0
FPS-0135,2025-12,WHEAT,200,15,RABI,12,2025,193,0.017,1.0,0
FPS-0136,2025-12,RICE,206,16,RABI,12,2025,216,-0.003,1.0,0
FPS-0136,2025-12,WHEAT,200,16,RABI,12,2025,194,0.04,1.0,0
FPS-0137,2025-12,RICE,200,15,RABI,12,2025,186,0.076,1.0,0
FPS-0137,2025-12,WHEAT,200,15,RABI,12,2025,186,0.028,1.0,0
FPS-0138,2025-12,RICE,284,23,RABI,12,2025,286,0.05,1.0,0
FPS-0138,2025-12,WHEAT,200,23,RABI,12,2025,196,-0.015,1.0,0
FPS-0139,2025-12,RICE,207,17,RABI,12,2025,204,0.017,1.0,0
FPS-0139,2025-12,WHEAT,200,17,RABI,12,2025,205,-0.001,1.0,0
FPS-0140,2025-12,RICE,200,14,RABI,12,2025,190,0.058,1.0,0
FPS-0140,2025-12,WHEAT,200,14,RABI,12,2025,188,0.08,1.0,0
FPS-0141,2025-12,RICE,200,9,RABI,12,2025,191,0.032,1.0,0
FPS-0141,2025-12,WHEAT,200,9,RABI,12,2025,206,-0.011,1.0,0
FPS-0142,2025-12,RICE,228,20,RABI,12,2025,230,0.027,1.0,0
FPS-0142,2025-12,WHEAT,200,20,RABI,12,2025,203,0.006,1.0,0
FPS-0143,2025-12,RICE,257,22,RABI,12,2025,253,0.057,1.0,0
FPS-0143,2025-12,WHEAT,200,22,RABI,12,2025,188,0.075,1.0,0
FPS-0144,2025-12,RICE,248,22,RABI,12,2025,236,-0.006,1.0,0
FPS-0144,2025-12,WHEAT,204,22,RABI,12,2025,192,0.057,1.0,0
FPS-0145,2025-12,RICE,140,15,RABI,12,2025,199,-0.018,1.0,1
FPS-0145,2025-12,WHEAT,200,15,RABI,12,2025,200,0.028,1.0,0
FPS-0146,2025-12,RICE,200,13,RABI,12,2025,184,0.069,1.0,0
FPS-0146,2025-12,WHEAT,200,13,RABI,12,2025,210,-0.015,1.0,0
FPS-0147,2025-12,RICE,202,20,RABI,12,2025,192,-0.007,1.0,0
FPS-0147,2025-12,WHEAT,200,20,RABI,12,2025,189,0.077,1.0,0
FPS-0148,2025-12,RICE,276,25,RABI,12,2025,262,-0.008,1.0,0
FPS-0148,2025-12,WHEAT,226,25,RABI,12,2025,238,0.078,1.0,0
FPS-0149,2025-12,RICE,322,25,RABI,12,2025,315,-0.02,1.0,0
FPS-0149,2025-12,WHEAT,233,25,RABI,12,2025,239,0.0,1.0,0
FPS-0150,2025-12,RICE,200,13,RABI,12,2025,192,0.077,1.0,0
FPS-0150,2025-12,WHEAT,140,13,RABI,12,2025,201,0.009,1.0,1
FPS-0151,2025-12,RICE,170,22,RABI,12,2025,234,-0.007,1.0,1
FPS-0151,2025-12,WHEAT,200,22,RABI,12,2025,193,-0.048,1.0,0
FPS-0152,2025-12,RICE,220,19,RABI,12,2025,205,0.078,1.0,0
FPS-0152,2025-12,WHEAT,200,19,RABI,12,2025,202,0.055,1.0,0
FPS-0153,2025-12,RICE,225,17,RABI,12,2025,213,0.012,1.0,0
FPS-0153,2025-12,WHEAT,200,17,RABI,12,2025,188,-0.037,1.0,0
FPS-0154,2025-12,RICE,200,18,RABI,12,2025,186,0.041,1.0,0
FPS-0154,2025-12,WHEAT,200,18,RABI,12,2025,200,0.061,1.0,0
FPS-0155,2025-12,RICE,215,17,RABI,12,2025,202,-0.05,1.0,0
FPS-0155,2025-12,WHEAT,200,17,RABI,12,2025,185,0.003,1.0,0
FPS-0156,2025-12,RICE,200,14,RABI,12,2025,188,-0.024,1.0,0
FPS-0156,2025-12,WHEAT,200,14,RABI,12,2025,195,-0.009,1.0,0
FPS-0157,2025-12,RICE,212,18,RABI,12,2025,220,0.009,1.0,0
FPS-0157,2025-12,WHEAT,200,18,RABI,12,2025,211,0.059,1.0,0
FPS-0158,2025-12,RICE,200,16,RABI,12,2025,190,0.017,1.0,0
FPS-0158,2025-12,WHEAT,200,16,RABI,12,2025,209,0.072,1.0,0
FPS-0159,2025-12,RICE,200,16,RABI,12,2025,196,0.033,1.0,0
FPS-0159,2025-12,WHEAT,200,16,RABI,12,2025,203,0.075,1.0,0
FPS-0160,2025-12,RICE,200,11,RABI,12,2025,191,-0.011,1.0,0
FPS-0160,2025-12,WHEAT,200,11,RABI,12,2025,210,-0.038,1.0,0
FPS-0161,2025-12,RICE,266,23,RABI,12,2025,248,-0.048,1.0,0
FPS-0161,2025-12,WHEAT,211,23,RABI,12,2025,198,0.057,1.0,0
FPS-0162,2025-12,RICE,200,16,RABI,12,2025,189,-0.031,1.0,0
FPS-0162,2025-12,WHEAT,200,16,RABI,12,2025,194,-0.006,1.0,0
FPS-0163,2025-12,RICE,140,16,RABI,12,2025,205,0.014,1.0,1
FPS-0163,2025-12,WHEAT,200,16,RABI,12,2025,186,0.012,1.0,0
FPS-0164,2025-12,RICE,200,13,RABI,12,2025,207,0.058,1.0,0
FPS-0164,2025-12,WHEAT,200,13,RABI,12,2025,205,-0.025,1.0,0
FPS-0165,2025-12,RICE,200,14,RABI,12,2025,187,-0.012,1.0,0
FPS-0165,2025-12,WHEAT,200,14,RABI,12,2025,188,0.049,1.0,0
FPS-0166,2025-12,RICE,217,19,RABI,12,2025,199,0.001,1.0,0
FPS-0166,2025-12,WHEAT,200,19,RABI,12,2025,206,0.001,1.0,0
FPS-0167,2025-12,RICE,200,19,RABI,12,2025,207,0.02,1.0,0
FPS-0167,2025-12,WHEAT,200,19,RABI,12,2025,186,-0.014,1.0,0
FPS-0168,2025-12,RICE,200,11,RABI,12,2025,189,-0.009,1.0,0
FPS-0168,2025-12,WHEAT,200,11,RABI,12,2025,193,-0.048,1.0,0
FPS-0169,2025-12,RICE,200,17,RABI,12,2025,184,-0.017,1.0,0
FPS-0169,2025-12,WHEAT,200,17,RABI,12,2025,186,-0.048,1.0,0
FPS-0170,2025-12,RICE,200,19,RABI,12,2025,192,0.07,1.0,0
FPS-0170,2025-12,WHEAT,200,19,RABI,12,2025,200,0.017,1.0,0
FPS-0171,2025-12,RICE,200,13,RABI,12,2025,199,-0.049,1.0,0
FPS-0171,2025-12,WHEAT,200,13,RABI,12,2025,200,0.017,1.0,0
FPS-0172,2025-12,RICE,245,20,RABI,12,2025,238,0.041,1.0,0
FPS-0172,2025-12,WHEAT,200,20,RABI,12,2025,201,0.069,1.0,0
FPS-0173,2025-12,RICE,203,15,RABI,12,2025,209,0.006,1.0,0
FPS-0173,2025-12,WHEAT,200,15,RABI,12,2025,185,-0.007,1.0,0
FPS-0174,2025-12,RICE,255,23,RABI,12,2025,248,-0.036,1.0,0
FPS-0174,2025-12,WHEAT,200,23,RABI,12,2025,209,0.026,1.0,0
FPS-0175,2025-12,RICE,237,21,RABI,12,2025,225,0.063,1.0,0
FPS-0175,2025-12,WHEAT,200,21,RABI,12,2025,198,0.037,1.0,0
FPS-0176,2025-12,RICE,200,14,RABI,12,2025,210,0.073,1.0,0
FPS-0176,2025-12,WHEAT,140,14,RABI,12,2025,199,-0.006,1.0,1
FPS-0177,2025-12,RICE,200,14,RABI,12,2025,196,-0.047,1.0,0
FPS-0177,2025-12,WHEAT,200,14,RABI,12,2025,186,-0.048,1.0,0
FPS-0178,2025-12,RICE,200,15,RABI,12,2025,196,0.003,1.0,0
FPS-0178,2025-12,WHEAT,200,15,RABI,12,2025,189,-0.023,1.0,0
FPS-0179,2025-12,RICE,268,21,RABI,12,2025,276,0.01,1.0,0
FPS-0179,2025-12,WHEAT,200,21,RABI,12,2025,203,-0.034,1.0,0
FPS-0180,2025-12,RICE,200,14,RABI,12,2025,197,-0.047,1.0,0
FPS-0180,2025-12,WHEAT,200,14,RABI,12,2025,198,-0.038,1.0,0
FPS-0181,2025-12,RICE,238,20,RABI,12,2025,230,0.022,1.0,0
FPS-0181,2025-12,WHEAT,200,20,RABI,12,2025,207,-0.027,1.0,0
FPS-0182,2025-12,RICE,219,17,RABI,12,2025,228,0.048,1.0,0
FPS-0182,2025-12,WHEAT,200,17,RABI,12,2025,184,0.024,1.0,0
FPS-0183,2025-12,RICE,214,16,RABI,12,2025,218,0.007,1.0,0
FPS-0183,2025-12,WHEAT,200,16,RABI,12,2025,205,0.075,1.0,0
FPS-0184,2025-12,RICE,277,22,RABI,12,2025,288,0.08,1.0,0
FPS-0184,2025-12,WHEAT,200,22,RABI,12,2025,195,0.071,1.0,0
FPS-0185,2025-12,RICE,210,18,RABI,12,2025,204,0.017,1.0,0
FPS-0185,2025-12,WHEAT,200,18,RABI,12,2025,204,0.016,1.0,0
FPS-0186,2025-12,RICE,238,21,RABI,12,2025,220,-0.008,1.0,0
FPS-0186,2025-12,WHEAT,200,21,RABI,12,2025,204,0.035,1.0,0
FPS-0187,2025-12,RICE,238,19,RABI,12,2025,241,-0.016,1.0,0
FPS-0187,2025-12,WHEAT,200,19,RABI,12,2025,209,0.018,1.0,0
FPS-0188,2025-12,RICE,200,11,RABI,12,2025,205,-0.038,1.0,0
FPS-0188,2025-12,WHEAT,200,11,RABI,12,2025,206,0.023,1.0,0
FPS-0189,2025-12,RICE,310,23,RABI,12,2025,313,0.014,1.0,0
FPS-0189,2025-12,WHEAT,225,23,RABI,12,2025,214,0.071,1.0,0
FPS-0190,2025-12,RICE,200,18,RABI,12,2025,186,-0.001,1.0,0
FPS-0190,2025-12,WHEAT,200,18,RABI,12,2025,198,0.034,1.0,0
FPS-0191,2025-12,RICE,200,9,RABI,12,2025,207,-0.029,1.0,0
FPS-0191,2025-12,WHEAT,200,9,RABI,12,2025,191,0.08,1.0,0
FPS-0192,2025-12,RICE,200,12,RABI,12,2025,199,0.045,1.0,0
FPS-0192,2025-12,WHEAT,200,12,RABI,12,2025,200,-0.016,1.0,0
FPS-0193,2025-12,RICE,223,19,RABI,12,2025,207,0.005,1.0,0
FPS-0193,2025-12,WHEAT,200,19,RABI,12,2025,211,0.006,1.0,0
FPS-0194,2025-12,RICE,200,13,RABI,12,2025,198,0.038,1.0,0
FPS-0194,2025-12,WHEAT,200,13,RABI,12,2025,201,0.009,1.0,0
FPS-0195,2025-12,RICE,200,14,RABI,12,2025,207,-0.037,1.0,0
FPS-0195,2025-12,WHEAT,200,14,RABI,12,2025,200,-0.017,1.0,0
FPS-0196,2025-12,RICE,273,22,RABI,12,2025,275,0.0,1.0,0
FPS-0196,2025-12,WHEAT,203,22,RABI,12,2025,211,0.043,1.0,0
FPS-0197,2025-12,RICE,247,18,RABI,12,2025,259,-0.042,1.0,0
FPS-0197,2025-12,WHEAT,202,18,RABI,12,2025,206,0.07,1.0,0
FPS-0198,2025-12,RICE,200,14,RABI,12,2025,209,-0.031,1.0,0
FPS-0198,2025-12,WHEAT,200,14,RABI,12,2025,201,-0.03,1.0,0
FPS-0199,2025-12,RICE,200,13,RABI,12,2025,206,0.047,1.0,0
FPS-0199,2025-12,WHEAT,200,13,RABI,12,2025,189,-0.004,1.0,0
FPS-0200,2025-12,RICE,200,10,RABI,12,2025,206,0.077,1.0,0
FPS-0200,2025-12,WHEAT,200,10,RABI,12,2025,210,0.014,1.0,0
FPS-0201,2025-12,RICE,200,15,RABI,12,2025,193,0.038,1.0,0
FPS-0201,2025-12,WHEAT,200,15,RABI,12,2025,196,-0.026,1.0,0
FPS-0202,2025-12,RICE,200,14,RABI,12,2025,184,-0.038,1.0,0
FPS-0202,2025-12,WHEAT,200,14,RABI,12,2025,197,0.051,1.0,0
FPS-0203,2025-12,RICE,200,11,RABI,12,2025,192,0.018,1.0,0
FPS-0203,2025-12,WHEAT,200,11,RABI,12,2025,210,-0.039,1.0,0
FPS-0204,2025-12,RICE,226,19,RABI,12,2025,227,-0.034,1.0,0
FPS-0204,2025-12,WHEAT,200,19,RABI,12,2025,202,-0.023,1.0,0
FPS-0205,2025-12,RICE,200,13,RABI,12,2025,201,-0.04,1.0,0
FPS-0205,2025-12,WHEAT,200,13,RABI,12,2025,207,0.025,1.0,0
FPS-0206,2025-12,RICE,289,24,RABI,12,2025,280,-0.032,1.0,0
FPS-0206,2025-12,WHEAT,221,24,RABI,12,2025,214,0.014,1.0,0
FPS-0207,2025-12,RICE,367,26,RABI,12,2025,367,0.024,1.0,0
FPS-0207,2025-12,WHEAT,256,26,RABI,12,2025,269,-0.04,1.0,0
FPS-0208,2025-12,RICE,219,18,RABI,12,2025,221,0.001,1.0,0
FPS-0208,2025-12,WHEAT,200,18,RABI,12,2025,198,0.051,1.0,0
FPS-0209,2025-12,RICE,193,21,RABI,12,2025,290,0.006,1.0,1
FPS-0209,2025-12,WHEAT,200,21,RABI,12,2025,203,-0.007,1.0,0
FPS-0210,2025-12,RICE,226,21,RABI,12,2025,230,0.071,1.0,0
FPS-0210,2025-12,WHEAT,200,21,RABI,12,2025,196,0.009,1.0,0
FPS-0211,2025-12,RICE,222,22,RABI,12,2025,206,-0.034,1.0,0
FPS-0211,2025-12,WHEAT,200,22,RABI,12,2025,202,-0.028,1.0,0
FPS-0212,2025-12,RICE,200,11,RABI,12,2025,204,-0.024,1.0,0
FPS-0212,2025-12,WHEAT,200,11,RABI,12,2025,192,0.075,1.0,0
FPS-0213,2025-12,RICE,204,14,RABI,12,2025,200,0.028,1.0,0
FPS-0213,2025-12,WHEAT,200,14,RABI,12,2025,200,0.04,1.0,0
FPS-0214,2025-12,RICE,200,13,RABI,12,2025,207,0.058,1.0,0
FPS-0214,2025-12,WHEAT,140,13,RABI,12,2025,194,0.061,1.0,1
FPS-0215,2025-12,RICE,200,11,RABI,12,2025,200,0.053,1.0,0
FPS-0215,2025-12,WHEAT,200,11,RABI,12,2025,191,0.072,1.0,0
FPS-0216,2025-12,RICE,140,14,RABI,12,2025,208,-0.021,1.0,1
FPS-0216,2025-12,WHEAT,200,14,RABI,12,2025,205,0.054,1.0,0
FPS-0217,2025-12,RICE,216,17,RABI,12,2025,228,0.056,1.0,0
FPS-0217,2025-12,WHEAT,200,17,RABI,12,2025,195,0.052,1.0,0
FPS-0218,2025-12,RICE,200,13,RABI,12,2025,194,0.078,1.0,0
FPS-0218,2025-12,WHEAT,200,13,RABI,12,2025,206,-0.025,1.0,0
FPS-0219,2025-12,RICE,201,19,RABI,12,2025,186,-0.046,1.0,0
FPS-0219,2025-12,WHEAT,200,19,RABI,12,2025,185,0.079,1.0,0
FPS-0220,2025-12,RICE,261,22,RABI,12,2025,250,0.008,1.0,0
FPS-0220,2025-12,WHEAT,140,22,RABI,12,2025,206,0.006,1.0,1
FPS-0221,2025-12,RICE,243,19,RABI,12,2025,240,0.054,1.0,0
FPS-0221,2025-12,WHEAT,200,19,RABI,12,2025,190,0.072,1.0,0
FPS-0222,2025-12,RICE,260,21,RABI,12,2025,246,0.053,1.0,0
FPS-0222,2025-12,WHEAT,200,21,RABI,12,2025,196,-0.039,1.0,0
FPS-0223,2025-12,RICE,254,17,RABI,12,2025,263,0.073,1.0,0
FPS-0223,2025-12,WHEAT,200,17,RABI,12,2025,209,0.067,1.0,0
FPS-0224,2025-12,RICE,218,20,RABI,12,2025,227,0.067,1.0,0
FPS-0224,2025-12,WHEAT,200,20,RABI,12,2025,193,0.048,1.0,0
FPS-0225,2025-12,RICE,200,15,RABI,12,2025,188,0.059,1.0,0
FPS-0225,2025-12,WHEAT,200,15,RABI,12,2025,185,-0.045,1.0,0
FPS-0226,2025-12,RICE,200,12,RABI,12,2025,200,-0.02,1.0,0
FPS-0226,2025-12,WHEAT,200,12,RABI,12,2025,191,0.044,1.0,0
FPS-0227,2025-12,RICE,200,14,RABI,12,2025,210,0.036,1.0,0
FPS-0227,2025-12,WHEAT,200,14,RABI,12,2025,205,0.053,1.0,0
FPS-0228,2025-12,RICE,230,18,RABI,12,2025,211,0.045,1.0,0
FPS-0228,2025-12,WHEAT,200,18,RABI,12,2025,199,-0.005,1.0,0
FPS-0229,2025-12,RICE,200,19,RABI,12,2025,191,0.002,1.0,0
FPS-0229,2025-12,WHEAT,200,19,RABI,12,2025,208,0.039,1.0,0
FPS-0230,2025-12,RICE,297,22,RABI,12,2025,288,0.078,1.0,0
FPS-0230,2025-12,WHEAT,200,22,RABI,12,2025,207,-0.041,1.0,0
FPS-0231,2025-12,RICE,200,18,RABI,12,2025,184,-0.042,1.0,0
FPS-0231,2025-12,WHEAT,200,18,RABI,12,2025,190,0.013,1.0,0
FPS-0232,2025-12,RICE,200,14,RABI,12,2025,191,-0.008,1.0,0
FPS-0232,2025-12,WHEAT,200,14,RABI,12,2025,206,0.01,1.0,0
FPS-0233,2025-12,RICE,200,9,RABI,12,2025,203,0.039,1.0,0
FPS-0233,2025-12,WHEAT,200,9,RABI,12,2025,195,0.014,1.0,0
FPS-0234,2025-12,RICE,200,18,RABI,12,2025,198,-0.046,1.0,0
FPS-0234,2025-12,WHEAT,200,18,RABI,12,2025,199,0.076,1.0,0
FPS-0235,2025-12,RICE,241,18,RABI,12,2025,227,0.007,1.0,0
FPS-0235,2025-12,WHEAT,200,18,RABI,12,2025,192,-0.015,1.0,0
FPS-0236,2025-12,RICE,200,17,RABI,12,2025,207,0.003,1.0,0
FPS-0236,2025-12,WHEAT,200,17,RABI,12,2025,196,-0.043,1.0,0
FPS-0237,2025-12,RICE,205,15,RABI,12,2025,199,0.019,1.0,0
FPS-0237,2025-12,WHEAT,200,15,RABI,12,2025,192,0.017,1.0,0
FPS-0238,2025-12,RICE,228,19,RABI,12,2025,221,-0.024,1.0,0
FPS-0238,2025-12,WHEAT,200,19,RABI,12,2025,185,0.012,1.0,0
FPS-0239,2025-12,RICE,249,19,RABI,12,2025,256,0.075,1.0,0
FPS-0239,2025-12,WHEAT,140,19,RABI,12,2025,193,0.03,1.0,1
FPS-0240,2025-12,RICE,258,21,RABI,12,2025,240,0.045,1.0,0
FPS-0240,2025-12,WHEAT,200,21,RABI,12,2025,184,0.012,1.0,0
FPS-0241,2025-12,RICE,221,19,RABI,12,2025,207,-0.006,1.0,0
FPS-0241,2025-12,WHEAT,200,19,RABI,12,2025,188,-0.048,1.0,0
FPS-0242,2025-12,RICE,200,12,RABI,12,2025,195,0.074,1.0,0
FPS-0242,2025-12,WHEAT,140,12,RABI,12,2025,208,-0.001,1.0,1
FPS-0243,2025-12,RICE,247,18,RABI,12,2025,260,0.004,1.0,0
FPS-0243,2025-12,WHEAT,200,18,RABI,12,2025,184,0.043,1.0,0
FPS-0244,2025-12,RICE,200,16,RABI,12,2025,202,-0.046,1.0,0
FPS-0244,2025-12,WHEAT,200,16,RABI,12,2025,203,0.025,1.0,0
FPS-0245,2025-12,RICE,200,14,RABI,12,2025,199,0.047,1.0,0
FPS-0245,2025-12,WHEAT,200,14,RABI,12,2025,209,0.019,1.0,0
FPS-0246,2025-12,RICE,305,24,RABI,12,2025,288,0.044,1.0,0
FPS-0246,2025-12,WHEAT,223,24,RABI,12,2025,209,0.068,1.0,0
FPS-0247,2025-12,RICE,211,19,RABI,12,2025,197,0.077,1.0,0
FPS-0247,2025-12,WHEAT,200,19,RABI,12,2025,194,-0.017,1.0,0
FPS-0248,2025-12,RICE,325,25,RABI,12,2025,306,0.055,1.0,0
FPS-0248,2025-12,WHEAT,235,25,RABI,12,2025,223,0.027,1.0,0
FPS-0249,2025-12,RICE,280,22,RABI,12,2025,291,0.006,1.0,0
FPS-0249,2025-12,WHEAT,219,22,RABI,12,2025,205,0.052,1.0,0
FPS-0250,2025-12,RICE,200,16,RABI,12,2025,189,0.057,1.0,0
FPS-0250,2025-12,WHEAT,140,16,RABI,12,2025,191,-0.04,1.0,1
FPS-0251,2025-12,RICE,200,17,RABI,12,2025,199,0.007,1.0,0
FPS-0251,2025-12,WHEAT,200,17,RABI,12,2025,192,0.028,1.0,0
FPS-0252,2025-12,RICE,212,16,RABI,12,2025,218,0.056,1.0,0
FPS-0252,2025-12,WHEAT,200,16,RABI,12,2025,207,0.0,1.0,0
FPS-0253,2025-12,RICE,274,22,RABI,12,2025,284,0.066,1.0,0
FPS-0253,2025-12,WHEAT,200,22,RABI,12,2025,204,0.032,1.0,0
FPS-0254,2025-12,RICE,200,14,RABI,12,2025,203,0.026,1.0,0
FPS-0254,2025-12,WHEAT,200,14,RABI,12,2025,190,-0.036,1.0,0
FPS-0255,2025-12,RICE,200,16,RABI,12,2025,203,-0.003,1.0,0
FPS-0255,2025-12,WHEAT,200,16,RABI,12,2025,185,0.058,1.0,0
FPS-0256,2025-12,RICE,200,14,RABI,12,2025,190,0.039,1.0,0
FPS-0256,2025-12,WHEAT,200,14,RABI,12,2025,192,-0.037,1.0,0
FPS-0257,2025-12,RICE,208,15,RABI,12,2025,197,0.052,1.0,0
FPS-0257,2025-12,WHEAT,200,15,RABI,12,2025,194,-0.03,1.0,0
FPS-0258,2025-12,RICE,200,15,RABI,12,2025,193,0.039,1.0,0
FPS-0258,2025-12,WHEAT,200,15,RABI,12,2025,207,-0.042,1.0,0
FPS-0259,2025-12,RICE,200,15,RABI,12,2025,210,0.013,1.0,0
FPS-0259,2025-12,WHEAT,200,15,RABI,12,2025,186,-0.02,1.0,0
FPS-0260,2025-12,RICE,200,13,RABI,12,2025,208,0.046,1.0,0
FPS-0260,2025-12,WHEAT,200,13,RABI,12,2025,209,0.065,1.0,0
FPS-0261,2025-12,RICE,200,11,RABI,12,2025,198,0.077,1.0,0
FPS-0261,2025-12,WHEAT,200,11,RABI,12,2025,190,-0.042,1.0,0
FPS-0262,2025-12,RICE,200,13,RABI,12,2025,208,0.028,1.0,0
FPS-0262,2025-12,WHEAT,200,13,RABI,12,2025,199,0.023,1.0,0
FPS-0263,2025-12,RICE,200,14,RABI,12,2025,184,0.061,1.0,0
FPS-0263,2025-12,WHEAT,200,14,RABI,12,2025,186,0.059,1.0,0
FPS-0264,2025-12,RICE,200,5,RABI,12,2025,195,0.054,1.0,0
FPS-0264,2025-12,WHEAT,200,5,RABI,12,2025,197,0.066,1.0,0
FPS-0265,2025-12,RICE,239,18,RABI,12,2025,231,0.072,1.0,0
FPS-0265,2025-12,WHEAT,200,18,RABI,12,2025,193,0.075,1.0,0
FPS-0266,2025-12,RICE,140,13,RABI,12,2025,211,-0.048,1.0,1
FPS-0266,2025-12,WHEAT,200,13,RABI,12,2025,205,0.016,1.0,0
FPS-0267,2025-12,RICE,200,16,RABI,12,2025,198,-0.045,1.0,0
FPS-0267,2025-12,WHEAT,200,16,RABI,12,2025,202,0.034,1.0,0
FPS-0268,2025-12,RICE,200,20,RABI,12,2025,204,0.058,1.0,0
FPS-0268,2025-12,WHEAT,200,20,RABI,12,2025,207,0.009,1.0,0
FPS-0269,2025-12,RICE,244,21,RABI,12,2025,243,0.065,1.0,0
FPS-0269,2025-12,WHEAT,200,21,RABI,12,2025,206,0.035,1.0,0
FPS-0270,2025-12,RICE,200,8,RABI,12,2025,194,0.019,1.0,0
FPS-0270,2025-12,WHEAT,200,8,RABI,12,2025,195,-0.011,1.0,0
FPS-0271,2025-12,RICE,211,18,RABI,12,2025,212,-0.045,1.0,0
FPS-0271,2025-12,WHEAT,200,18,RABI,12,2025,193,0.001,1.0,0
FPS-0272,2025-12,RICE,262,20,RABI,12,2025,260,-0.045,1.0,0
FPS-0272,2025-12,WHEAT,210,20,RABI,12,2025,206,0.057,1.0,0
FPS-0273,2025-12,RICE,292,23,RABI,12,2025,301,0.02,1.0,0
FPS-0273,2025-12,WHEAT,202,23,RABI,12,2025,213,-0.043,1.0,0
FPS-0274,2025-12,RICE,218,18,RABI,12,2025,217,0.076,1.0,0
FPS-0274,2025-12,WHEAT,200,18,RABI,12,2025,196,-0.042,1.0,0
FPS-0275,2025-12,RICE,202,17,RABI,12,2025,197,-0.003,1.0,0
FPS-0275,2025-12,WHEAT,200,17,RABI,12,2025,187,0.077,1.0,0
FPS-0276,2025-12,RICE,215,19,RABI,12,2025,202,0.009,1.0,0
FPS-0276,2025-12,WHEAT,200,19,RABI,12,2025,210,-0.003,1.0,0
FPS-0277,2025-12,RICE,218,17,RABI,12,2025,223,0.043,1.0,0
FPS-0277,2025-12,WHEAT,200,17,RABI,12,2025,187,0.007,1.0,0
FPS-0278,2025-12,RICE,200,15,RABI,12,2025,189,-0.019,1.0,0
FPS-0278,2025-12,WHEAT,200,15,RABI,12,2025,191,-0.038,1.0,0
FPS-0279,2025-12,RICE,308,23,RABI,12,2025,322,-0.005,1.0,0
FPS-0279,2025-12,WHEAT,236,23,RABI,12,2025,233,0.023,1.0,0
FPS-0280,2025-12,RICE,200,18,RABI,12,2025,194,0.024,1.0,0
FPS-0280,2025-12,WHEAT,200,18,RABI,12,2025,193,0.037,1.0,0
FPS-0281,2025-12,RICE,200,18,RABI,12,2025,193,-0.016,1.0,0
FPS-0281,2025-12,WHEAT,200,18,RABI,12,2025,208,0.053,1.0,0
FPS-0282,2025-12,RICE,239,20,RABI,12,2025,223,-0.018,1.0,0
FPS-0282,2025-12,WHEAT,140,20,RABI,12,2025,193,0.047,1.0,1
FPS-0283,2025-12,RICE,200,14,RABI,12,2025,190,-0.031,1.0,0
FPS-0283,2025-12,WHEAT,200,14,RABI,12,2025,184,0.007,1.0,0
FPS-0284,2025-12,RICE,200,12,RABI,12,2025,206,-0.011,1.0,0
FPS-0284,2025-12,WHEAT,200,12,RABI,12,2025,198,-0.001,1.0,0
FPS-0285,2025-12,RICE,219,18,RABI,12,2025,225,0.011,1.0,0
FPS-0285,2025-12,WHEAT,200,18,RABI,12,2025,193,0.058,1.0,0
FPS-0286,2025-12,RICE,200,16,RABI,12,2025,189,0.017,1.0,0
FPS-0286,2025-12,WHEAT,200,16,RABI,12,2025,195,-0.029,1.0,0
FPS-0287,2025-12,RICE,363,26,RABI,12,2025,340,0.068,1.0,0
FPS-0287,2025-12,WHEAT,249,26,RABI,12,2025,250,0.006,1.0,0
FPS-0288,2025-12,RICE,200,17,RABI,12,2025,210,0.004,1.0,0
FPS-0288,2025-12,WHEAT,200,17,RABI,12,2025,195,-0.008,1.0,0
FPS-0289,2025-12,RICE,200,13,RABI,12,2025,200,-0.032,1.0,0
FPS-0289,2025-12,WHEAT,200,13,RABI,12,2025,207,-0.005,1.0,0
FPS-0290,2025-12,RICE,200,18,RABI,12,2025,207,0.004,1.0,0
FPS-0290,2025-12,WHEAT,200,18,RABI,12,2025,185,-0.018,1.0,0
FPS-0291,2025-12,RICE,231,18,RABI,12,2025,212,0.003,1.0,0
FPS-0291,2025-12,WHEAT,200,18,RABI,12,2025,190,-0.034,1.0,0
FPS-0292,2025-12,RICE,278,20,RABI,12,2025,284,0.036,1.0,0
FPS-0292,2025-12,WHEAT,140,20,RABI,12,2025,199,0.026,1.0,1
FPS-0293,2025-12,RICE,238,18,RABI,12,2025,242,0.077,1.0,0
FPS-0293,2025-12,WHEAT,200,18,RABI,12,2025,201,0.063,1.0,0
FPS-0294,2025-12,RICE,214,16,RABI,12,2025,214,0.017,1.0,0
FPS-0294,2025-12,WHEAT,200,16,RABI,12,2025,193,0.003,1.0,0
FPS-0295,2025-12,RICE,200,13,RABI,12,2025,191,-0.039,1.0,0
FPS-0295,2025-12,WHEAT,200,13,RABI,12,2025,193,-0.049,1.0,0
FPS-0296,2025-12,RICE,200,14,RABI,12,2025,187,0.067,1.0,0
FPS-0296,2025-12,WHEAT,200,14,RABI,12,2025,195,0.059,1.0,0
FPS-0297,2025-12,RICE,200,17,RABI,12,2025,186,-0.012,1.0,0
FPS-0297,2025-12,WHEAT,200,17,RABI,12,2025,199,-0.031,1.0,0
FPS-0298,2025-12,RICE,200,15,RABI,12,2025,195,-0.035,1.0,0
FPS-0298,2025-12,WHEAT,200,15,RABI,12,2025,195,-0.002,1.0,0
FPS-0299,2025-12,RICE,200,17,RABI,12,2025,208,-0.033,1.0,0
FPS-0299,2025-12,WHEAT,200,17,RABI,12,2025,198,-0.026,1.0,0
FPS-0300,2025-12,RICE,229,17,RABI,12,2025,239,0.022,1.0,0
FPS-0300,2025-12,WHEAT,200,17,RABI,12,2025,205,0.003,1.0,0
FPS-0301,2025-12,RICE,212,16,RABI,12,2025,200,-0.037,1.0,0
FPS-0301,2025-12,WHEAT,200,16,RABI,12,2025,192,-0.022,1.0,0
FPS-0302,2025-12,RICE,223,19,RABI,12,2025,211,-0.011,1.0,0
FPS-0302,2025-12,WHEAT,200,19,RABI,12,2025,208,0.029,1.0,0
FPS-0303,2025-12,RICE,200,11,RABI,12,2025,202,0.064,1.0,0
FPS-0303,2025-12,WHEAT,200,11,RABI,12,2025,200,0.023,1.0,0
FPS-0304,2025-12,RICE,249,17,RABI,12,2025,239,0.039,1.0,0
FPS-0304,2025-12,WHEAT,200,17,RABI,12,2025,207,-0.041,1.0,0
FPS-0305,2025-12,RICE,203,17,RABI,12,2025,198,0.0,1.0,0
FPS-0305,2025-12,WHEAT,200,17,RABI,12,2025,205,0.04,1.0,0
FPS-0306,2025-12,RICE,200,13,RABI,12,2025,190,-0.015,1.0,0
FPS-0306,2025-12,WHEAT,200,13,RABI,12,2025,204,-0.027,1.0,0
FPS-0307,2025-12,RICE,233,15,RABI,12,2025,238,0.067,1.0,0
FPS-0307,2025-12,WHEAT,200,15,RABI,12,2025,184,-0.014,1.0,0
FPS-0308,2025-12,RICE,223,15,RABI,12,2025,235,0.074,1.0,0
FPS-0308,2025-12,WHEAT,200,15,RABI,12,2025,204,-0.023,1.0,0
FPS-0309,2025-12,RICE,230,18,RABI,12,2025,222,0.027,1.0,0
FPS-0309,2025-12,WHEAT,200,18,RABI,12,2025,205,-0.029,1.0,0
FPS-0310,2025-12,RICE,200,13,RABI,12,2025,201,0.039,1.0,0
FPS-0310,2025-12,WHEAT,200,13,RABI,12,2025,196,-0.047,1.0,0
FPS-0311,2025-12,RICE,248,23,RABI,12,2025,247,-0.042,1.0,0
FPS-0311,2025-12,WHEAT,200,23,RABI,12,2025,207,-0.002,1.0,0
FPS-0312,2025-12,RICE,261,19,RABI,12,2025,263,0.038,1.0,0
FPS-0312,2025-12,WHEAT,200,19,RABI,12,2025,203,0.068,1.0,0
FPS-0313,2025-12,RICE,204,15,RABI,12,2025,204,-0.001,1.0,0
FPS-0313,2025-12,WHEAT,200,15,RABI,12,2025,188,0.057,1.0,0
FPS-0314,2025-12,RICE,219,18,RABI,12,2025,203,-0.046,1.0,0
FPS-0314,2025-12,WHEAT,200,18,RABI,12,2025,189,0.058,1.0,0
FPS-0315,2025-12,RICE,226,18,RABI,12,2025,231,0.001,1.0,0
FPS-0315,2025-12,WHEAT,200,18,RABI,12,2025,194,0.049,1.0,0
FPS-0316,2025-12,RICE,200,15,RABI,12,2025,211,0.01,1.0,0
FPS-0316,2025-12,WHEAT,200,15,RABI,12,2025,197,-0.01,1.0,0
FPS-0317,2025-12,RICE,200,15,RABI,12,2025,194,-0.037,1.0,0
FPS-0317,2025-12,WHEAT,200,15,RABI,12,2025,197,0.059,1.0,0
FPS-0318,2025-12,RICE,144,17,RABI,12,2025,198,0.034,1.0,1
FPS-0318,2025-12,WHEAT,200,17,RABI,12,2025,186,-0.013,1.0,0
FPS-0319,2025-12,RICE,200,14,RABI,12,2025,184,0.069,1.0,0
FPS-0319,2025-12,WHEAT,200,14,RABI,12,2025,197,0.023,1.0,0
FPS-0320,2025-12,RICE,200,10,RABI,12,2025,209,0.058,1.0,0
FPS-0320,2025-12,WHEAT,200,10,RABI,12,2025,204,0.045,1.0,0
FPS-0321,2025-12,RICE,272,24,RABI,12,2025,274,0.071,1.0,0
FPS-0321,2025-12,WHEAT,200,24,RABI,12,2025,196,-0.038,1.0,0
FPS-0322,2025-12,RICE,238,20,RABI,12,2025,236,0.02,1.0,0
FPS-0322,2025-12,WHEAT,200,20,RABI,12,2025,205,0.02,1.0,0
FPS-0323,2025-12,RICE,144,16,RABI,12,2025,205,0.051,1.0,1
FPS-0323,2025-12,WHEAT,200,16,RABI,12,2025,199,0.019,1.0,0
FPS-0324,2025-12,RICE,200,13,RABI,12,2025,185,0.003,1.0,0
FPS-0324,2025-12,WHEAT,200,13,RABI,12,2025,200,0.049,1.0,0
FPS-0325,2025-12,RICE,237,21,RABI,12,2025,230,0.033,1.0,0
FPS-0325,2025-12,WHEAT,200,21,RABI,12,2025,205,0.022,1.0,0
FPS-0326,2025-12,RICE,200,16,RABI,12,2025,193,-0.043,1.0,0
FPS-0326,2025-12,WHEAT,140,16,RABI,12,2025,211,0.033,1.0,1
FPS-0327,2025-12,RICE,227,18,RABI,12,2025,228,-0.045,1.0,0
FPS-0327,2025-12,WHEAT,200,18,RABI,12,2025,207,0.024,1.0,0
FPS-0328,2025-12,RICE,228,18,RABI,12,2025,234,-0.047,1.0,0
FPS-0328,2025-12,WHEAT,200,18,RABI,12,2025,202,-0.009,1.0,0
FPS-0329,2025-12,RICE,200,15,RABI,12,2025,200,-0.047,1.0,0
FPS-0329,2025-12,WHEAT,200,15,RABI,12,2025,199,0.041,1.0,0
FPS-0330,2025-12,RICE,217,21,RABI,12,2025,201,0.004,1.0,0
FPS-0330,2025-12,WHEAT,200,21,RABI,12,2025,193,0.045,1.0,0
FPS-0331,2025-12,RICE,210,17,RABI,12,2025,216,0.046,1.0,0
FPS-0331,2025-12,WHEAT,200,17,RABI,12,2025,189,0.075,1.0,0
FPS-0332,2025-12,RICE,226,21,RABI,12,2025,230,-0.009,1.0,0
FPS-0332,2025-12,WHEAT,200,21,RABI,12,2025,184,0.059,1.0,0
FPS-0333,2025-12,RICE,350,27,RABI,12,2025,323,-0.013,1.0,0
FPS-0333,2025-12,WHEAT,255,27,RABI,12,2025,235,-0.021,1.0,0
FPS-0334,2025-12,RICE,211,16,RABI,12,2025,199,0.068,1.0,0
FPS-0334,2025-12,WHEAT,200,16,RABI,12,2025,195,0.007,1.0,0
FPS-0335,2025-12,RICE,273,18,RABI,12,2025,261,0.065,1.0,0
FPS-0335,2025-12,WHEAT,200,18,RABI,12,2025,207,0.048,1.0,0
FPS-0336,2025-12,RICE,242,18,RABI,12,2025,223,0.023,1.0,0
FPS-0336,2025-12,WHEAT,200,18,RABI,12,2025,210,-0.003,1.0,0
FPS-0337,2025-12,RICE,200,13,RABI,12,2025,197,0.053,1.0,0
FPS-0337,2025-12,WHEAT,200,13,RABI,12,2025,210,-0.024,1.0,0
FPS-0338,2025-12,RICE,210,16,RABI,12,2025,215,0.024,1.0,0
FPS-0338,2025-12,WHEAT,200,16,RABI,12,2025,187,0.061,1.0,0
FPS-0339,2025-12,RICE,200,18,RABI,12,2025,201,-0.003,1.0,0
FPS-0339,2025-12,WHEAT,200,18,RABI,12,2025,193,0.017,1.0,0
FPS-0340,2025-12,RICE,200,12,RABI,12,2025,197,0.015,1.0,0
FPS-0340,2025-12,WHEAT,200,12,RABI,12,2025,199,0.074,1.0,0
FPS-0341,2025-12,RICE,200,14,RABI,12,2025,192,0.016,1.0,0
FPS-0341,2025-12,WHEAT,200,14,RABI,12,2025,184,0.063,1.0,0
FPS-0342,2025-12,RICE,200,12,RABI,12,2025,197,0.042,1.0,0
FPS-0342,2025-12,WHEAT,200,12,RABI,12,2025,206,-0.025,1.0,0
FPS-0343,2025-12,RICE,140,16,RABI,12,2025,188,0.021,1.0,1
FPS-0343,2025-12,WHEAT,200,16,RABI,12,2025,196,-0.032,1.0,0
FPS-0344,2025-12,RICE,200,16,RABI,12,2025,207,-0.043,1.0,0
FPS-0344,2025-12,WHEAT,200,16,RABI,12,2025,186,0.006,1.0,0
FPS-0345,2025-12,RICE,214,17,RABI,12,2025,211,-0.007,1.0,0
FPS-0345,2025-12,WHEAT,200,17,RABI,12,2025,207,0.051,1.0,0
FPS-0346,2025-12,RICE,211,19,RABI,12,2025,195,0.042,1.0,0
FPS-0346,2025-12,WHEAT,200,19,RABI,12,2025,189,0.042,1.0,0
FPS-0347,2025-12,RICE,219,22,RABI,12,2025,314,0.062,1.0,1
FPS-0347,2025-12,WHEAT,205,22,RABI,12,2025,194,-0.039,1.0,0
FPS-0348,2025-12,RICE,228,20,RABI,12,2025,238,0.003,1.0,0
FPS-0348,2025-12,WHEAT,200,20,RABI,12,2025,187,-0.018,1.0,0
FPS-0349,2025-12,RICE,200,18,RABI,12,2025,187,-0.018,1.0,0
FPS-0349,2025-12,WHEAT,200,18,RABI,12,2025,188,-0.014,1.0,0
FPS-0350,2025-12,RICE,235,17,RABI,12,2025,246,0.033,1.0,0
FPS-0350,2025-12,WHEAT,200,17,RABI,12,2025,186,0.034,1.0,0
FPS-0351,2025-12,RICE,200,16,RABI,12,2025,196,-0.038,1.0,0
FPS-0351,2025-12,WHEAT,200,16,RABI,12,2025,196,0.043,1.0,0
FPS-0352,2025-12,RICE,213,19,RABI,12,2025,214,-0.016,1.0,0
FPS-0352,2025-12,WHEAT,200,19,RABI,12,2025,195,-0.004,1.0,0
FPS-0353,2025-12,RICE,200,16,RABI,12,2025,205,-0.047,1.0,0
FPS-0353,2025-12,WHEAT,200,16,RABI,12,2025,187,-0.04,1.0,0
FPS-0354,2025-12,RICE,240,21,RABI,12,2025,221,0.059,1.0,0
FPS-0354,2025-12,WHEAT,200,21,RABI,12,2025,188,-0.005,1.0,0
FPS-0355,2025-12,RICE,225,15,RABI,12,2025,212,0.077,1.0,0
FPS-0355,2025-12,WHEAT,200,15,RABI,12,2025,189,-0.002,1.0,0
FPS-0356,2025-12,RICE,200,13,RABI,12,2025,188,0.018,1.0,0
FPS-0356,2025-12,WHEAT,200,13,RABI,12,2025,185,0.025,1.0,0
FPS-0357,2025-12,RICE,231,20,RABI,12,2025,238,-0.017,1.0,0
FPS-0357,2025-12,WHEAT,200,20,RABI,12,2025,209,-0.021,1.0,0
FPS-0358,2025-12,RICE,200,16,RABI,12,2025,206,-0.003,1.0,0
FPS-0358,2025-12,WHEAT,200,16,RABI,12,2025,196,-0.04,1.0,0
FPS-0359,2025-12,RICE,331,25,RABI,12,2025,324,0.062,1.0,0
FPS-0359,2025-12,WHEAT,219,25,RABI,12,2025,208,0.014,1.0,0
FPS-0360,2025-12,RICE,200,15,RABI,12,2025,189,0.045,1.0,0
FPS-0360,2025-12,WHEAT,200,15,RABI,12,2025,197,0.063,1.0,0
FPS-0361,2025-12,RICE,200,16,RABI,12,2025,186,0.048,1.0,0
FPS-0361,2025-12,WHEAT,200,16,RABI,12,2025,204,0.066,1.0,0
FPS-0362,2025-12,RICE,200,17,RABI,12,2025,194,-0.024,1.0,0
FPS-0362,2025-12,WHEAT,200,17,RABI,12,2025,190,0.008,1.0,0
FPS-0363,2025-12,RICE,200,15,RABI,12,2025,196,0.036,1.0,0
FPS-0363,2025-12,WHEAT,200,15,RABI,12,2025,191,-0.013,1.0,0
FPS-0364,2025-12,RICE,231,16,RABI,12,2025,222,0.051,1.0,0
FPS-0364,2025-12,WHEAT,200,16,RABI,12,2025,196,0.059,1.0,0
FPS-0365,2025-12,RICE,200,18,RABI,12,2025,194,0.039,1.0,0
FPS-0365,2025-12,WHEAT,200,18,RABI,12,2025,210,0.036,1.0,0
FPS-0366,2025-12,RICE,239,17,RABI,12,2025,236,0.02,1.0,0
FPS-0366,2025-12,WHEAT,200,17,RABI,12,2025,199,-0.015,1.0,0
FPS-0367,2025-12,RICE,200,11,RABI,12,2025,196,0.068,1.0,0
FPS-0367,2025-12,WHEAT,200,11,RABI,12,2025,211,0.059,1.0,0
FPS-0368,2025-12,RICE,228,19,RABI,12,2025,236,0.075,1.0,0
FPS-0368,2025-12,WHEAT,200,19,RABI,12,2025,188,0.06,1.0,0
FPS-0369,2025-12,RICE,204,18,RABI,12,2025,202,0.054,1.0,0
FPS-0369,2025-12,WHEAT,200,18,RABI,12,2025,198,-0.032,1.0,0
FPS-0370,2025-12,RICE,207,17,RABI,12,2025,211,0.074,1.0,0
FPS-0370,2025-12,WHEAT,200,17,RABI,12,2025,210,-0.027,1.0,0
FPS-0371,2025-12,RICE,200,15,RABI,12,2025,193,0.067,1.0,0
FPS-0371,2025-12,WHEAT,200,15,RABI,12,2025,210,0.017,1.0,0
FPS-0372,2025-12,RICE,200,9,RABI,12,2025,185,0.061,1.0,0
FPS-0372,2025-12,WHEAT,200,9,RABI,12,2025,186,-0.034,1.0,0
FPS-0373,2025-12,RICE,206,20,RABI,12,2025,205,-0.016,1.0,0
FPS-0373,2025-12,WHEAT,200,20,RABI,12,2025,185,0.021,1.0,0
FPS-0374,2025-12,RICE,200,18,RABI,12,2025,188,0.02,1.0,0
FPS-0374,2025-12,WHEAT,200,18,RABI,12,2025,194,-0.046,1.0,0
FPS-0375,2025-12,RICE,230,19,RABI,12,2025,225,-0.046,1.0,0
FPS-0375,2025-12,WHEAT,200,19,RABI,12,2025,187,-0.04,1.0,0
FPS-0376,2025-12,RICE,221,17,RABI,12,2025,204,0.068,1.0,0
FPS-0376,2025-12,WHEAT,200,17,RABI,12,2025,191,-0.049,1.0,0
FPS-0377,2025-12,RICE,207,16,RABI,12,2025,209,0.064,1.0,0
FPS-0377,2025-12,WHEAT,200,16,RABI,12,2025,200,0.078,1.0,0
FPS-0378,2025-12,RICE,276,23,RABI,12,2025,276,-0.021,1.0,0
FPS-0378,2025-12,WHEAT,209,23,RABI,12,2025,205,0.057,1.0,0
FPS-0379,2025-12,RICE,200,13,RABI,12,2025,186,-0.047,1.0,0
FPS-0379,2025-12,WHEAT,200,13,RABI,12,2025,186,0.016,1.0,0
FPS-0380,2025-12,RICE,271,20,RABI,12,2025,265,0.078,1.0,0
FPS-0380,2025-12,WHEAT,200,20,RABI,12,2025,201,0.023,1.0,0
FPS-0381,2025-12,RICE,200,17,RABI,12,2025,184,-0.031,1.0,0
FPS-0381,2025-12,WHEAT,200,17,RABI,12,2025,199,0.056,1.0,0
FPS-0382,2025-12,RICE,200,9,RABI,12,2025,205,0.014,1.0,0
FPS-0382,2025-12,WHEAT,200,9,RABI,12,2025,194,0.08,1.0,0
FPS-0383,2025-12,RICE,200,11,RABI,12,2025,204,0.034,1.0,0
FPS-0383,2025-12,WHEAT,200,11,RABI,12,2025,185,0.062,1.0,0
FPS-0384,2025-12,RICE,266,23,RABI,12,2025,280,0.016,1.0,0
FPS-0384,2025-12,WHEAT,208,23,RABI,12,2025,205,0.032,1.0,0
FPS-0385,2025-12,RICE,297,22,RABI,12,2025,278,0.017,1.0,0
FPS-0385,2025-12,WHEAT,221,22,RABI,12,2025,218,0.03,1.0,0
FPS-0386,2025-12,RICE,200,18,RABI,12,2025,187,0.032,1.0,0
FPS-0386,2025-12,WHEAT,200,18,RABI,12,2025,186,-0.012,1.0,0
FPS-0387,2025-12,RICE,335,31,RABI,12,2025,328,-0.045,1.0,0
FPS-0387,2025-12,WHEAT,256,31,RABI,12,2025,268,-0.005,1.0,0
FPS-0388,2025-12,RICE,200,11,RABI,12,2025,195,0.015,1.0,0
FPS-0388,2025-12,WHEAT,200,11,RABI,12,2025,210,-0.019,1.0,0
FPS-0389,2025-12,RICE,215,17,RABI,12,2025,225,0.068,1.0,0
FPS-0389,2025-12,WHEAT,200,17,RABI,12,2025,208,0.022,1.0,0
FPS-0390,2025-12,RICE,225,21,RABI,12,2025,209,-0.008,1.0,0
FPS-0390,2025-12,WHEAT,200,21,RABI,12,2025,196,-0.049,1.0,0
FPS-0391,2025-12,RICE,243,20,RABI,12,2025,256,-0.005,1.0,0
FPS-0391,2025-12,WHEAT,200,20,RABI,12,2025,205,-0.035,1.0,0
FPS-0392,2025-12,RICE,200,17,RABI,12,2025,184,-0.008,1.0,0
FPS-0392,2025-12,WHEAT,200,17,RABI,12,2025,203,0.046,1.0,0
FPS-0393,2025-12,RICE,200,18,RABI,12,2025,198,0.005,1.0,0
FPS-0393,2025-12,WHEAT,200,18,RABI,12,2025,193,-0.036,1.0,0
FPS-0394,2025-12,RICE,240,17,RABI,12,2025,224,0.042,1.0,0
FPS-0394,2025-12,WHEAT,200,17,RABI,12,2025,187,0.064,1.0,0
FPS-0395,2025-12,RICE,200,14,RABI,12,2025,205,0.038,1.0,0
FPS-0395,2025-12,WHEAT,200,14,RABI,12,2025,192,0.023,1.0,0
FPS-0396,2025-12,RICE,200,14,RABI,12,2025,201,0.059,1.0,0
FPS-0396,2025-12,WHEAT,200,14,RABI,12,2025,185,0.058,1.0,0
FPS-0397,2025-12,RICE,200,13,RABI,12,2025,193,0.031,1.0,0
FPS-0397,2025-12,WHEAT,200,13,RABI,12,2025,205,0.021,1.0,0
FPS-0398,2025-12,RICE,200,16,RABI,12,2025,198,-0.035,1.0,0
FPS-0398,2025-12,WHEAT,200,16,RABI,12,2025,205,0.035,1.0,0
FPS-0399,2025-12,RICE,200,15,RABI,12,2025,205,0.034,1.0,0
FPS-0399,2025-12,WHEAT,140,15,RABI,12,2025,196,0.019,1.0,1
FPS-0400,2025-12,RICE,245,22,RABI,12,2025,225,-0.014,1.0,0
FPS-0400,2025-12,WHEAT,200,22,RABI,12,2025,192,0.051,1.0,0
FPS-0401,2025-12,RICE,247,24,RABI,12,2025,244,0.007,1.0,0
FPS-0401,2025-12,WHEAT,200,24,RABI,12,2025,192,0.014,1.0,0
FPS-0402,2025-12,RICE,200,8,RABI,12,2025,195,0.041,1.0,0
FPS-0402,2025-12,WHEAT,200,8,RABI,12,2025,208,0.055,1.0,0
FPS-0403,2025-12,RICE,200,12,RABI,12,2025,188,-0.037,1.0,0
FPS-0403,2025-12,WHEAT,200,12,RABI,12,2025,198,0.005,1.0,0
FPS-0404,2025-12,RICE,200,15,RABI,12,2025,202,0.04,1.0,0
FPS-0404,2025-12,WHEAT,200,15,RABI,12,2025,186,0.043,1.0,0
FPS-0405,2025-12,RICE,217,14,RABI,12,2025,203,0.062,1.0,0
FPS-0405,2025-12,WHEAT,200,14,RABI,12,2025,192,-0.037,1.0,0
FPS-0406,2025-12,RICE,259,22,RABI,12,2025,266,0.028,1.0,0
FPS-0406,2025-12,WHEAT,200,22,RABI,12,2025,199,0.004,1.0,0
FPS-0407,2025-12,RICE,214,18,RABI,12,2025,208,0.004,1.0,0
FPS-0407,2025-12,WHEAT,200,18,RABI,12,2025,210,0.038,1.0,0
FPS-0408,2025-12,RICE,200,12,RABI,12,2025,187,-0.033,1.0,0
FPS-0408,2025-12,WHEAT,200,12,RABI,12,2025,184,0.012,1.0,0
FPS-0409,2025-12,RICE,200,17,RABI,12,2025,200,0.042,1.0,0
FPS-0409,2025-12,WHEAT,200,17,RABI,12,2025,193,0.044,1.0,0
FPS-0410,2025-12,RICE,306,25,RABI,12,2025,291,0.04,1.0,0
FPS-0410,2025-12,WHEAT,216,25,RABI,12,2025,207,0.073,1.0,0
FPS-0411,2025-12,RICE,200,15,RABI,12,2025,189,-0.032,1.0,0
FPS-0411,2025-12,WHEAT,200,15,RABI,12,2025,197,-0.041,1.0,0
FPS-0412,2025-12,RICE,247,20,RABI,12,2025,245,0.015,1.0,0
FPS-0412,2025-12,WHEAT,200,20,RABI,12,2025,199,-0.039,1.0,0
FPS-0413,2025-12,RICE,200,14,RABI,12,2025,211,0.056,1.0,0
FPS-0413,2025-12,WHEAT,200,14,RABI,12,2025,196,0.014,1.0,0
FPS-0414,2025-12,RICE,278,22,RABI,12,2025,277,0.045,1.0,0
FPS-0414,2025-12,WHEAT,200,22,RABI,12,2025,190,-0.012,1.0,0
FPS-0415,2025-12,RICE,217,17,RABI,12,2025,203,0.002,1.0,0
FPS-0415,2025-12,WHEAT,200,17,RABI,12,2025,203,0.008,1.0,0
FPS-0416,2025-12,RICE,200,12,RABI,12,2025,210,-0.026,1.0,0
FPS-0416,2025-12,WHEAT,200,12,RABI,12,2025,210,0.026,1.0,0
FPS-0417,2025-12,RICE,140,11,RABI,12,2025,208,0.01,1.0,1
FPS-0417,2025-12,WHEAT,200,11,RABI,12,2025,195,0.071,1.0,0
FPS-0418,2025-12,RICE,270,21,RABI,12,2025,268,0.059,1.0,0
FPS-0418,2025-12,WHEAT,200,21,RABI,12,2025,201,0.055,1.0,0
FPS-0419,2025-12,RICE,307,22,RABI,12,2025,292,0.052,1.0,0
FPS-0419,2025-12,WHEAT,201,22,RABI,12,2025,204,-0.029,1.0,0
FPS-0420,2025-12,RICE,230,21,RABI,12,2025,215,-0.015,1.0,0
FPS-0420,2025-12,WHEAT,200,21,RABI,12,2025,185,-0.04,1.0,0
FPS-0421,2025-12,RICE,269,21,RABI,12,2025,272,0.066,1.0,0
FPS-0421,2025-12,WHEAT,200,21,RABI,12,2025,199,0.07,1.0,0
FPS-0422,2025-12,RICE,200,16,RABI,12,2025,185,0.066,1.0,0
FPS-0422,2025-12,WHEAT,200,16,RABI,12,2025,198,0.012,1.0,0
FPS-0423,2025-12,RICE,200,12,RABI,12,2025,209,-0.038,1.0,0
FPS-0423,2025-12,WHEAT,200,12,RABI,12,2025,196,-0.01,1.0,0
FPS-0424,2025-12,RICE,240,18,RABI,12,2025,238,0.045,1.0,0
FPS-0424,2025-12,WHEAT,200,18,RABI,12,2025,208,-0.02,1.0,0
FPS-0425,2025-12,RICE,200,17,RABI,12,2025,205,-0.012,1.0,0
FPS-0425,2025-12,WHEAT,200,17,RABI,12,2025,193,0.024,1.0,0
FPS-0426,2025-12,RICE,257,21,RABI,12,2025,262,-0.007,1.0,0
FPS-0426,2025-12,WHEAT,200,21,RABI,12,2025,185,0.027,1.0,0
FPS-0427,2025-12,RICE,200,13,RABI,12,2025,187,0.028,1.0,0
FPS-0427,2025-12,WHEAT,200,13,RABI,12,2025,191,-0.01,1.0,0
FPS-0428,2025-12,RICE,200,16,RABI,12,2025,200,0.021,1.0,0
FPS-0428,2025-12,WHEAT,200,16,RABI,12,2025,199,0.01,1.0,0
FPS-0429,2025-12,RICE,200,11,RABI,12,2025,188,0.01,1.0,0
FPS-0429,2025-12,WHEAT,200,11,RABI,12,2025,189,-0.019,1.0,0
FPS-0430,2025-12,RICE,205,16,RABI,12,2025,208,0.053,1.0,0
FPS-0430,2025-12,WHEAT,200,16,RABI,12,2025,208,-0.002,1.0,0
FPS-0431,2025-12,RICE,200,4,RABI,12,2025,211,0.054,1.0,0
FPS-0431,2025-12,WHEAT,200,4,RABI,12,2025,192,-0.004,1.0,0
FPS-0432,2025-12,RICE,233,24,RABI,12,2025,314,-0.041,1.0,1
FPS-0432,2025-12,WHEAT,263,24,RABI,12,2025,248,-0.017,1.0,0
FPS-0433,2025-12,RICE,200,10,RABI,12,2025,200,-0.044,1.0,0
FPS-0433,2025-12,WHEAT,200,10,RABI,12,2025,186,0.057,1.0,0
FPS-0434,2025-12,RICE,287,25,RABI,12,2025,295,0.054,1.0,0
FPS-0434,2025-12,WHEAT,201,25,RABI,12,2025,211,0.011,1.0,0
FPS-0435,2025-12,RICE,221,19,RABI,12,2025,208,0.044,1.0,0
FPS-0435,2025-12,WHEAT,200,19,RABI,12,2025,204,-0.028,1.0,0
FPS-0436,2025-12,RICE,200,15,RABI,12,2025,190,0.067,1.0,0
FPS-0436,2025-12,WHEAT,200,15,RABI,12,2025,188,-0.007,1.0,0
FPS-0437,2025-12,RICE,200,13,RABI,12,2025,188,-0.022,1.0,0
FPS-0437,2025-12,WHEAT,200,13,RABI,12,2025,198,0.025,1.0,0
FPS-0438,2025-12,RICE,200,16,RABI,12,2025,200,0.035,1.0,0
FPS-0438,2025-12,WHEAT,200,16,RABI,12,2025,207,0.012,1.0,0
FPS-0439,2025-12,RICE,239,19,RABI,12,2025,246,-0.033,1.0,0
FPS-0439,2025-12,WHEAT,200,19,RABI,12,2025,198,0.039,1.0,0
FPS-0440,2025-12,RICE,200,17,RABI,12,2025,203,-0.008,1.0,0
FPS-0440,2025-12,WHEAT,200,17,RABI,12,2025,185,0.01,1.0,0
FPS-0441,2025-12,RICE,313,22,RABI,12,2025,326,0.022,1.0,0
FPS-0441,2025-12,WHEAT,213,22,RABI,12,2025,196,-0.012,1.0,0
FPS-0442,2025-12,RICE,200,14,RABI,12,2025,185,0.063,1.0,0
FPS-0442,2025-12,WHEAT,200,14,RABI,12,2025,184,0.068,1.0,0
FPS-0443,2025-12,RICE,200,15,RABI,12,2025,201,-0.024,1.0,0
FPS-0443,2025-12,WHEAT,200,15,RABI,12,2025,208,0.061,1.0,0
FPS-0444,2025-12,RICE,200,12,RABI,12,2025,191,0.049,1.0,0
FPS-0444,2025-12,WHEAT,200,12,RABI,12,2025,197,-0.046,1.0,0
FPS-0445,2025-12,RICE,200,12,RABI,12,2025,189,0.045,1.0,0
FPS-0445,2025-12,WHEAT,200,12,RABI,12,2025,207,0.037,1.0,0
FPS-0446,2025-12,RICE,200,14,RABI,12,2025,199,0.031,1.0,0
FPS-0446,2025-12,WHEAT,200,14,RABI,12,2025,206,0.061,1.0,0
FPS-0447,2025-12,RICE,200,13,RABI,12,2025,202,0.032,1.0,0
FPS-0447,2025-12,WHEAT,200,13,RABI,12,2025,185,0.033,1.0,0
FPS-0448,2025-12,RICE,200,13,RABI,12,2025,197,0.013,1.0,0
FPS-0448,2025-12,WHEAT,200,13,RABI,12,2025,191,0.07,1.0,0
FPS-0449,2025-12,RICE,200,15,RABI,12,2025,186,0.051,1.0,0
FPS-0449,2025-12,WHEAT,200,15,RABI,12,2025,186,0.062,1.0,0
FPS-0450,2025-12,RICE,200,14,RABI,12,2025,191,0.054,1.0,0
FPS-0450,2025-12,WHEAT,200,14,RABI,12,2025,196,-0.039,1.0,0
FPS-0451,2025-12,RICE,251,23,RABI,12,2025,252,-0.046,1.0,0
FPS-0451,2025-12,WHEAT,200,23,RABI,12,2025,198,-0.02,1.0,0
FPS-0452,2025-12,RICE,215,17,RABI,12,2025,198,-0.024,1.0,0
FPS-0452,2025-12,WHEAT,200,17,RABI,12,2025,193,0.004,1.0,0
FPS-0453,2025-12,RICE,200,15,RABI,12,2025,185,0.069,1.0,0
FPS-0453,2025-12,WHEAT,200,15,RABI,12,2025,197,0.032,1.0,0
FPS-0454,2025-12,RICE,211,20,RABI,12,2025,199,-0.046,1.0,0
FPS-0454,2025-12,WHEAT,200,20,RABI,12,2025,191,-0.042,1.0,0
FPS-0455,2025-12,RICE,200,18,RABI,12,2025,209,-0.004,1.0,0
FPS-0455,2025-12,WHEAT,200,18,RABI,12,2025,204,-0.043,1.0,0
FPS-0456,2025-12,RICE,200,14,RABI,12,2025,196,0.007,1.0,0
FPS-0456,2025-12,WHEAT,200,14,RABI,12,2025,209,0.017,1.0,0
FPS-0457,2025-12,RICE,229,19,RABI,12,2025,218,-0.031,1.0,0
FPS-0457,2025-12,WHEAT,200,19,RABI,12,2025,195,-0.036,1.0,0
FPS-0458,2025-12,RICE,200,15,RABI,12,2025,195,0.034,1.0,0
FPS-0458,2025-12,WHEAT,200,15,RABI,12,2025,200,0.046,1.0,0
FPS-0459,2025-12,RICE,203,18,RABI,12,2025,207,-0.001,1.0,0
FPS-0459,2025-12,WHEAT,200,18,RABI,12,2025,190,0.058,1.0,0
FPS-0460,2025-12,RICE,200,14,RABI,12,2025,193,-0.037,1.0,0
FPS-0460,2025-12,WHEAT,140,14,RABI,12,2025,192,0.021,1.0,1
FPS-0461,2025-12,RICE,228,22,RABI,12,2025,231,-0.029,1.0,0
FPS-0461,2025-12,WHEAT,200,22,RABI,12,2025,185,0.059,1.0,0
FPS-0462,2025-12,RICE,200,12,RABI,12,2025,205,0.073,1.0,0
FPS-0462,2025-12,WHEAT,200,12,RABI,12,2025,210,-0.028,1.0,0
FPS-0463,2025-12,RICE,273,23,RABI,12,2025,252,-0.005,1.0,0
FPS-0463,2025-12,WHEAT,200,23,RABI,12,2025,209,-0.015,1.0,0
FPS-0464,2025-12,RICE,212,16,RABI,12,2025,219,0.079,1.0,0
FPS-0464,2025-12,WHEAT,200,16,RABI,12,2025,192,0.04,1.0,0
FPS-0465,2025-12,RICE,200,16,RABI,12,2025,199,-0.008,1.0,0
FPS-0465,2025-12,WHEAT,200,16,RABI,12,2025,184,0.008,1.0,0
FPS-0466,2025-12,RICE,200,15,RABI,12,2025,207,0.073,1.0,0
FPS-0466,2025-12,WHEAT,200,15,RABI,12,2025,192,0.021,1.0,0
FPS-0467,2025-12,RICE,200,9,RABI,12,2025,201,0.025,1.0,0
FPS-0467,2025-12,WHEAT,200,9,RABI,12,2025,189,0.027,1.0,0
FPS-0468,2025-12,RICE,201,17,RABI,12,2025,191,-0.014,1.0,0
FPS-0468,2025-12,WHEAT,200,17,RABI,12,2025,188,0.025,1.0,0
FPS-0469,2025-12,RICE,200,12,RABI,12,2025,193,-0.038,1.0,0
FPS-0469,2025-12,WHEAT,200,12,RABI,12,2025,187,0.073,1.0,0
FPS-0470,2025-12,RICE,292,22,RABI,12,2025,307,-0.011,1.0,0
FPS-0470,2025-12,WHEAT,208,22,RABI,12,2025,205,-0.011,1.0,0
FPS-0471,2025-12,RICE,200,13,RABI,12,2025,197,0.016,1.0,0
FPS-0471,2025-12,WHEAT,140,13,RABI,12,2025,203,0.013,1.0,1
FPS-0472,2025-12,RICE,248,20,RABI,12,2025,241,0.013,1.0,0
FPS-0472,2025-12,WHEAT,200,20,RABI,12,2025,184,-0.014,1.0,0
FPS-0473,2025-12,RICE,211,17,RABI,12,2025,202,0.021,1.0,0
FPS-0473,2025-12,WHEAT,200,17,RABI,12,2025,204,0.033,1.0,0
FPS-0474,2025-12,RICE,200,17,RABI,12,2025,211,0.002,1.0,0
FPS-0474,2025-12,WHEAT,200,17,RABI,12,2025,192,0.009,1.0,0
FPS-0475,2025-12,RICE,241,18,RABI,12,2025,223,0.051,1.0,0
FPS-0475,2025-12,WHEAT,200,18,RABI,12,2025,201,0.007,1.0,0
FPS-0476,2025-12,RICE,200,14,RABI,12,2025,184,-0.042,1.0,0
FPS-0476,2025-12,WHEAT,200,14,RABI,12,2025,202,-0.014,1.0,0
FPS-0477,2025-12,RICE,234,21,RABI,12,2025,221,-0.035,1.0,0
FPS-0477,2025-12,WHEAT,200,21,RABI,12,2025,204,-0.016,1.0,0
FPS-0478,2025-12,RICE,200,15,RABI,12,2025,191,0.037,1.0,0
FPS-0478,2025-12,WHEAT,200,15,RABI,12,2025,203,-0.049,1.0,0
FPS-0479,2025-12,RICE,244,17,RABI,12,2025,242,0.027,1.0,0
FPS-0479,2025-12,WHEAT,200,17,RABI,12,2025,190,0.044,1.0,0
FPS-0480,2025-12,RICE,200,12,RABI,12,2025,207,-0.05,1.0,0
FPS-0480,2025-12,WHEAT,200,12,RABI,12,2025,209,0.069,1.0,0
FPS-0481,2025-12,RICE,213,17,RABI,12,2025,210,0.077,1.0,0
FPS-0481,2025-12,WHEAT,200,17,RABI,12,2025,188,0.021,1.0,0
FPS-0482,2025-12,RICE,140,16,RABI,12,2025,194,0.019,1.0,1
FPS-0482,2025-12,WHEAT,200,16,RABI,12,2025,207,-0.004,1.0,0
FPS-0483,2025-12,RICE,200,10,RABI,12,2025,193,0.034,1.0,0
FPS-0483,2025-12,WHEAT,200,10,RABI,12,2025,210,-0.016,1.0,0
FPS-0484,2025-12,RICE,200,16,RABI,12,2025,200,0.014,1.0,0
FPS-0484,2025-12,WHEAT,200,16,RABI,12,2025,207,0.019,1.0,0
FPS-0485,2025-12,RICE,200,13,RABI,12,2025,197,0.029,1.0,0
FPS-0485,2025-12,WHEAT,200,13,RABI,12,2025,191,-0.03,1.0,0
FPS-0486,2025-12,RICE,218,21,RABI,12,2025,209,0.009,1.0,0
FPS-0486,2025-12,WHEAT,200,21,RABI,12,2025,194,0.021,1.0,0
FPS-0487,2025-12,RICE,200,14,RABI,12,2025,207,0.072,1.0,0
FPS-0487,2025-12,WHEAT,200,14,RABI,12,2025,194,-0.009,1.0,0
FPS-0488,2025-12,RICE,200,11,RABI,12,2025,192,0.05,1.0,0
FPS-0488,2025-12,WHEAT,200,11,RABI,12,2025,201,0.0,1.0,0
FPS-0489,2025-12,RICE,229,20,RABI,12,2025,238,0.056,1.0,0
FPS-0489,2025-12,WHEAT,200,20,RABI,12,2025,187,-0.005,1.0,0
FPS-0490,2025-12,RICE,227,16,RABI,12,2025,229,-0.003,1.0,0
FPS-0490,2025-12,WHEAT,200,16,RABI,12,2025,186,0.041,1.0,0
FPS-0491,2025-12,RICE,222,16,RABI,12,2025,214,-0.047,1.0,0
FPS-0491,2025-12,WHEAT,200,16,RABI,12,2025,209,-0.011,1.0,0
FPS-0492,2025-12,RICE,302,24,RABI,12,2025,292,0.048,1.0,0
FPS-0492,2025-12,WHEAT,230,24,RABI,12,2025,239,0.066,1.0,0
FPS-0493,2025-12,RICE,200,17,RABI,12,2025,202,0.024,1.0,0
FPS-0493,2025-12,WHEAT,200,17,RABI,12,2025,186,0.056,1.0,0
FPS-0494,2025-12,RICE,200,11,RABI,12,2025,195,0.035,1.0,0
FPS-0494,2025-12,WHEAT,200,11,RABI,12,2025,200,-0.042,1.0,0
FPS-0495,2025-12,RICE,200,12,RABI,12,2025,185,0.046,1.0,0
FPS-0495,2025-12,WHEAT,200,12,RABI,12,2025,210,-0.035,1.0,0
FPS-0496,2025-12,RICE,200,15,RABI,12,2025,206,-0.031,1.0,0
FPS-0496,2025-12,WHEAT,200,15,RABI,12,2025,198,-0.037,1.0,0
FPS-0497,2025-12,RICE,200,19,RABI,12,2025,206,-0.038,1.0,0
FPS-0497,2025-12,WHEAT,140,19,RABI,12,2025,187,0.039,1.0,1
FPS-0498,2025-12,RICE,244,16,RABI,12,2025,250,0.07,1.0,0
FPS-0498,2025-12,WHEAT,200,16,RABI,12,2025,195,0.04,1.0,0
FPS-0499,2025-12,RICE,281,20,RABI,12,2025,293,0.061,1.0,0
FPS-0499,2025-12,WHEAT,200,20,RABI,12,2025,187,0.005,1.0,0
FPS-0500,2025-12,RICE,200,15,RABI,12,2025,207,0.007,1.0,0
FPS-0500,2025-12,WHEAT,200,15,RABI,12,2025,198,-0.022,1.0,0
FPS-0501,2025-12,RICE,200,17,RABI,12,2025,193,-0.014,1.0,0
FPS-0501,2025-12,WHEAT,200,17,RABI,12,2025,201,0.027,1.0,0
FPS-0502,2025-12,RICE,235,19,RABI,12,2025,246,-0.039,1.0,0
FPS-0502,2025-12,WHEAT,200,19,RABI,12,2025,208,0.063,1.0,0
FPS-0503,2025-12,RICE,238,19,RABI,12,2025,252,0.07,1.0,0
FPS-0503,2025-12,WHEAT,200,19,RABI,12,2025,190,-0.043,1.0,0
FPS-0504,2025-12,RICE,200,16,RABI,12,2025,207,-0.019,1.0,0
FPS-0504,2025-12,WHEAT,200,16,RABI,12,2025,184,-0.008,1.0,0
FPS-0505,2025-12,RICE,205,17,RABI,12,2025,208,0.068,1.0,0
FPS-0505,2025-12,WHEAT,200,17,RABI,12,2025,208,-0.029,1.0,0
FPS-0506,2025-12,RICE,200,14,RABI,12,2025,199,-0.044,1.0,0
FPS-0506,2025-12,WHEAT,200,14,RABI,12,2025,185,0.074,1.0,0
FPS-0507,2025-12,RICE,200,12,RABI,12,2025,190,0.013,1.0,0
FPS-0507,2025-12,WHEAT,200,12,RABI,12,2025,194,0.039,1.0,0
FPS-0508,2025-12,RICE,256,22,RABI,12,2025,269,-0.009,1.0,0
FPS-0508,2025-12,WHEAT,200,22,RABI,12,2025,198,0.009,1.0,0
FPS-0509,2025-12,RICE,200,16,RABI,12,2025,196,-0.023,1.0,0
FPS-0509,2025-12,WHEAT,200,16,RABI,12,2025,203,0.064,1.0,0
FPS-0510,2025-12,RICE,200,13,RABI,12,2025,202,0.003,1.0,0
FPS-0510,2025-12,WHEAT,200,13,RABI,12,2025,188,0.072,1.0,0
FPS-0511,2025-12,RICE,200,15,RABI,12,2025,207,-0.023,1.0,0
FPS-0511,2025-12,WHEAT,200,15,RABI,12,2025,202,0.062,1.0,0
FPS-0512,2025-12,RICE,200,12,RABI,12,2025,192,-0.029,1.0,0
FPS-0512,2025-12,WHEAT,200,12,RABI,12,2025,210,-0.03,1.0,0
FPS-0513,2025-12,RICE,200,17,RABI,12,2025,197,-0.018,1.0,0
FPS-0513,2025-12,WHEAT,200,17,RABI,12,2025,205,-0.032,1.0,0
FPS-0514,2025-12,RICE,200,5,RABI,12,2025,208,-0.01,1.0,0
FPS-0514,2025-12,WHEAT,200,5,RABI,12,2025,185,0.065,1.0,0
FPS-0515,2025-12,RICE,200,8,RABI,12,2025,197,0.023,1.0,0
FPS-0515,2025-12,WHEAT,200,8,RABI,12,2025,184,-0.048,1.0,0
FPS-0516,2025-12,RICE,200,11,RABI,12,2025,190,0.053,1.0,0
FPS-0516,2025-12,WHEAT,200,11,RABI,12,2025,206,0.032,1.0,0
FPS-0517,2025-12,RICE,200,16,RABI,12,2025,204,0.02,1.0,0
FPS-0517,2025-12,WHEAT,200,16,RABI,12,2025,195,0.047,1.0,0
FPS-0518,2025-12,RICE,200,16,RABI,12,2025,192,-0.025,1.0,0
FPS-0518,2025-12,WHEAT,200,16,RABI,12,2025,189,-0.035,1.0,0
FPS-0519,2025-12,RICE,200,15,RABI,12,2025,194,0.012,1.0,0
FPS-0519,2025-12,WHEAT,200,15,RABI,12,2025,196,0.025,1.0,0
FPS-0520,2025-12,RICE,200,15,RABI,12,2025,189,0.075,1.0,0
FPS-0520,2025-12,WHEAT,200,15,RABI,12,2025,208,0.057,1.0,0
FPS-0521,2025-12,RICE,227,23,RABI,12,2025,235,-0.032,1.0,0
FPS-0521,2025-12,WHEAT,200,23,RABI,12,2025,192,0.028,1.0,0
FPS-0522,2025-12,RICE,243,20,RABI,12,2025,246,0.007,1.0,0
FPS-0522,2025-12,WHEAT,200,20,RABI,12,2025,187,0.075,1.0,0
FPS-0523,2025-12,RICE,214,18,RABI,12,2025,201,0.025,1.0,0
FPS-0523,2025-12,WHEAT,200,18,RABI,12,2025,185,-0.004,1.0,0
FPS-0524,2025-12,RICE,200,12,RABI,12,2025,196,0.004,1.0,0
FPS-0524,2025-12,WHEAT,200,12,RABI,12,2025,203,0.028,1.0,0
FPS-0525,2025-12,RICE,200,12,RABI,12,2025,200,0.018,1.0,0
FPS-0525,2025-12,WHEAT,200,12,RABI,12,2025,205,-0.021,1.0,0
FPS-0526,2025-12,RICE,210,16,RABI,12,2025,203,0.063,1.0,0
FPS-0526,2025-12,WHEAT,200,16,RABI,12,2025,190,0.066,1.0,0
FPS-0527,2025-12,RICE,200,17,RABI,12,2025,204,-0.043,1.0,0
FPS-0527,2025-12,WHEAT,200,17,RABI,12,2025,202,-0.033,1.0,0
FPS-0528,2025-12,RICE,218,17,RABI,12,2025,211,0.03,1.0,0
FPS-0528,2025-12,WHEAT,200,17,RABI,12,2025,208,0.053,1.0,0
FPS-0529,2025-12,RICE,294,25,RABI,12,2025,277,0.006,1.0,0
FPS-0529,2025-12,WHEAT,200,25,RABI,12,2025,186,0.016,1.0,0
FPS-0530,2025-12,RICE,211,17,RABI,12,2025,208,0.009,1.0,0
FPS-0530,2025-12,WHEAT,200,17,RABI,12,2025,207,-0.015,1.0,0
FPS-0531,2025-12,RICE,200,19,RABI,12,2025,186,-0.022,1.0,0
FPS-0531,2025-12,WHEAT,200,19,RABI,12,2025,201,-0.041,1.0,0
FPS-0532,2025-12,RICE,200,14,RABI,12,2025,191,0.052,1.0,0
FPS-0532,2025-12,WHEAT,200,14,RABI,12,2025,201,0.064,1.0,0
FPS-0533,2025-12,RICE,232,20,RABI,12,2025,227,0.004,1.0,0
FPS-0533,2025-12,WHEAT,200,20,RABI,12,2025,202,0.072,1.0,0
FPS-0534,2025-12,RICE,200,11,RABI,12,2025,189,0.03,1.0,0
FPS-0534,2025-12,WHEAT,200,11,RABI,12,2025,206,0.03,1.0,0
FPS-0535,2025-12,RICE,244,22,RABI,12,2025,245,-0.003,1.0,0
FPS-0535,2025-12,WHEAT,200,22,RABI,12,2025,199,0.012,1.0,0
FPS-0536,2025-12,RICE,200,15,RABI,12,2025,204,0.014,1.0,0
FPS-0536,2025-12,WHEAT,200,15,RABI,12,2025,198,-0.03,1.0,0
FPS-0537,2025-12,RICE,200,11,RABI,12,2025,202,-0.01,1.0,0
FPS-0537,2025-12,WHEAT,200,11,RABI,12,2025,190,-0.037,1.0,0
FPS-0538,2025-12,RICE,200,11,RABI,12,2025,208,0.018,1.0,0
FPS-0538,2025-12,WHEAT,200,11,RABI,12,2025,193,0.018,1.0,0
FPS-0539,2025-12,RICE,216,17,RABI,12,2025,224,-0.043,1.0,0
FPS-0539,2025-12,WHEAT,200,17,RABI,12,2025,197,0.037,1.0,0
FPS-0540,2025-12,RICE,200,8,RABI,12,2025,205,0.039,1.0,0
FPS-0540,2025-12,WHEAT,200,8,RABI,12,2025,189,-0.037,1.0,0
FPS-0541,2025-12,RICE,200,15,RABI,12,2025,190,0.038,1.0,0
FPS-0541,2025-12,WHEAT,200,15,RABI,12,2025,201,0.055,1.0,0
FPS-0542,2025-12,RICE,200,13,RABI,12,2025,210,0.001,1.0,0
FPS-0542,2025-12,WHEAT,200,13,RABI,12,2025,197,0.073,1.0,0
FPS-0543,2025-12,RICE,200,13,RABI,12,2025,200,0.065,1.0,0
FPS-0543,2025-12,WHEAT,200,13,RABI,12,2025,209,-0.048,1.0,0
FPS-0544,2025-12,RICE,200,19,RABI,12,2025,211,0.022,1.0,0
FPS-0544,2025-12,WHEAT,200,19,RABI,12,2025,186,-0.001,1.0,0
FPS-0545,2025-12,RICE,200,9,RABI,12,2025,188,0.052,1.0,0
FPS-0545,2025-12,WHEAT,200,9,RABI,12,2025,199,0.064,1.0,0
FPS-0546,2025-12,RICE,258,20,RABI,12,2025,269,-0.039,1.0,0
FPS-0546,2025-12,WHEAT,200,20,RABI,12,2025,191,-0.019,1.0,0
FPS-0547,2025-12,RICE,200,11,RABI,12,2025,197,0.019,1.0,0
FPS-0547,2025-12,WHEAT,200,11,RABI,12,2025,198,0.041,1.0,0
FPS-0548,2025-12,RICE,200,16,RABI,12,2025,205,0.021,1.0,0
FPS-0548,2025-12,WHEAT,200,16,RABI,12,2025,194,0.035,1.0,0
FPS-0549,2025-12,RICE,239,23,RABI,12,2025,243,0.03,1.0,0
FPS-0549,2025-12,WHEAT,200,23,RABI,12,2025,200,0.05,1.0,0
FPS-0550,2025-12,RICE,200,10,RABI,12,2025,202,0.015,1.0,0
FPS-0550,2025-12,WHEAT,200,10,RABI,12,2025,191,-0.025,1.0,0
FPS-0551,2025-12,RICE,200,18,RABI,12,2025,208,-0.044,1.0,0
FPS-0551,2025-12,WHEAT,200,18,RABI,12,2025,208,-0.041,1.0,0
FPS-0552,2025-12,RICE,200,13,RABI,12,2025,185,-0.032,1.0,0
FPS-0552,2025-12,WHEAT,200,13,RABI,12,2025,210,0.069,1.0,0
FPS-0553,2025-12,RICE,272,23,RABI,12,2025,270,-0.023,1.0,0
FPS-0553,2025-12,WHEAT,212,23,RABI,12,2025,196,0.048,1.0,0
FPS-0554,2025-12,RICE,200,10,RABI,12,2025,195,0.0,1.0,0
FPS-0554,2025-12,WHEAT,200,10,RABI,12,2025,207,-0.015,1.0,0
FPS-0555,2025-12,RICE,262,23,RABI,12,2025,260,-0.004,1.0,0
FPS-0555,2025-12,WHEAT,206,23,RABI,12,2025,190,0.065,1.0,0
FPS-0556,2025-12,RICE,222,20,RABI,12,2025,218,-0.047,1.0,0
FPS-0556,2025-12,WHEAT,200,20,RABI,12,2025,194,0.038,1.0,0
FPS-0557,2025-12,RICE,240,19,RABI,12,2025,249,0.04,1.0,0
FPS-0557,2025-12,WHEAT,200,19,RABI,12,2025,203,0.036,1.0,0
FPS-0558,2025-12,RICE,297,21,RABI,12,2025,280,0.049,1.0,0
FPS-0558,2025-12,WHEAT,228,21,RABI,12,2025,229,0.06,1.0,0
FPS-0559,2025-12,RICE,140,18,RABI,12,2025,208,-0.008,1.0,1
FPS-0559,2025-12,WHEAT,200,18,RABI,12,2025,203,-0.02,1.0,0
FPS-0560,2025-12,RICE,271,21,RABI,12,2025,274,0.057,1.0,0
FPS-0560,2025-12,WHEAT,205,21,RABI,12,2025,193,0.042,1.0,0
FPS-0561,2025-12,RICE,200,13,RABI,12,2025,195,0.012,1.0,0
FPS-0561,2025-12,WHEAT,200,13,RABI,12,2025,191,-0.018,1.0,0
FPS-0562,2025-12,RICE,277,20,RABI,12,2025,275,-0.049,1.0,0
FPS-0562,2025-12,WHEAT,200,20,RABI,12,2025,189,-0.036,1.0,0
FPS-0563,2025-12,RICE,328,30,RABI,12,2025,344,-0.041,1.0,0
FPS-0563,2025-12,WHEAT,241,30,RABI,12,2025,226,-0.023,1.0,0
FPS-0564,2025-12,RICE,200,14,RABI,12,2025,206,0.059,1.0,0
FPS-0564,2025-12,WHEAT,200,14,RABI,12,2025,186,0.052,1.0,0
FPS-0565,2025-12,RICE,200,19,RABI,12,2025,191,-0.014,1.0,0
FPS-0565,2025-12,WHEAT,200,19,RABI,12,2025,187,0.021,1.0,0
FPS-0566,2025-12,RICE,200,16,RABI,12,2025,199,0.043,1.0,0
FPS-0566,2025-12,WHEAT,200,16,RABI,12,2025,204,0.013,1.0,0
FPS-0567,2025-12,RICE,200,12,RABI,12,2025,211,0.078,1.0,0
FPS-0567,2025-12,WHEAT,200,12,RABI,12,2025,200,-0.048,1.0,0
FPS-0568,2025-12,RICE,304,20,RABI,12,2025,315,0.065,1.0,0
FPS-0568,2025-12,WHEAT,200,20,RABI,12,2025,210,-0.006,1.0,0
FPS-0569,2025-12,RICE,271,22,RABI,12,2025,264,0.048,1.0,0
FPS-0569,2025-12,WHEAT,140,22,RABI,12,2025,192,-0.039,1.0,1
FPS-0570,2025-12,RICE,200,8,RABI,12,2025,188,0.019,1.0,0
FPS-0570,2025-12,WHEAT,200,8,RABI,12,2025,185,0.001,1.0,0
FPS-0571,2025-12,RICE,200,16,RABI,12,2025,192,0.062,1.0,0
FPS-0571,2025-12,WHEAT,200,16,RABI,12,2025,193,-0.033,1.0,0
FPS-0572,2025-12,RICE,280,22,RABI,12,2025,267,0.019,1.0,0
FPS-0572,2025-12,WHEAT,203,22,RABI,12,2025,192,0.052,1.0,0
FPS-0573,2025-12,RICE,200,13,RABI,12,2025,198,-0.018,1.0,0
FPS-0573,2025-12,WHEAT,200,13,RABI,12,2025,199,-0.026,1.0,0
FPS-0574,2025-12,RICE,243,20,RABI,12,2025,250,0.043,1.0,0
FPS-0574,2025-12,WHEAT,200,20,RABI,12,2025,210,-0.003,1.0,0
FPS-0575,2025-12,RICE,305,25,RABI,12,2025,285,-0.019,1.0,0
FPS-0575,2025-12,WHEAT,212,25,RABI,12,2025,195,-0.047,1.0,0
FPS-0576,2025-12,RICE,200,13,RABI,12,2025,201,0.017,1.0,0
FPS-0576,2025-12,WHEAT,200,13,RABI,12,2025,204,0.011,1.0,0
FPS-0577,2025-12,RICE,200,15,RABI,12,2025,211,0.034,1.0,0
FPS-0577,2025-12,WHEAT,200,15,RABI,12,2025,206,0.012,1.0,0
FPS-0578,2025-12,RICE,200,11,RABI,12,2025,185,0.03,1.0,0
FPS-0578,2025-12,WHEAT,200,11,RABI,12,2025,195,-0.033,1.0,0
FPS-0579,2025-12,RICE,200,15,RABI,12,2025,202,0.025,1.0,0
FPS-0579,2025-12,WHEAT,200,15,RABI,12,2025,210,-0.049,1.0,0
FPS-0580,2025-12,RICE,247,22,RABI,12,2025,260,0.007,1.0,0
FPS-0580,2025-12,WHEAT,140,22,RABI,12,2025,208,-0.044,1.0,1
FPS-0581,2025-12,RICE,212,19,RABI,12,2025,196,0.074,1.0,0
FPS-0581,2025-12,WHEAT,200,19,RABI,12,2025,197,-0.008,1.0,0
FPS-0582,2025-12,RICE,200,7,RABI,12,2025,198,0.035,1.0,0
FPS-0582,2025-12,WHEAT,200,7,RABI,12,2025,190,-0.034,1.0,0
FPS-0583,2025-12,RICE,200,12,RABI,12,2025,185,0.078,1.0,0
FPS-0583,2025-12,WHEAT,200,12,RABI,12,2025,185,-0.008,1.0,0
FPS-0584,2025-12,RICE,200,10,RABI,12,2025,189,-0.022,1.0,0
FPS-0584,2025-12,WHEAT,200,10,RABI,12,2025,201,0.006,1.0,0
FPS-0585,2025-12,RICE,200,15,RABI,12,2025,203,0.021,1.0,0
FPS-0585,2025-12,WHEAT,200,15,RABI,12,2025,194,0.001,1.0,0
FPS-0586,2025-12,RICE,200,15,RABI,12,2025,208,-0.024,1.0,0
FPS-0586,2025-12,WHEAT,200,15,RABI,12,2025,198,0.004,1.0,0
FPS-0587,2025-12,RICE,218,17,RABI,12,2025,230,-0.028,1.0,0
FPS-0587,2025-12,WHEAT,200,17,RABI,12,2025,193,0.05,1.0,0
FPS-0588,2025-12,RICE,220,19,RABI,12,2025,216,0.072,1.0,0
FPS-0588,2025-12,WHEAT,200,19,RABI,12,2025,209,0.03,1.0,0
FPS-0589,2025-12,RICE,200,13,RABI,12,2025,204,-0.004,1.0,0
FPS-0589,2025-12,WHEAT,200,13,RABI,12,2025,185,0.003,1.0,0
FPS-0590,2025-12,RICE,200,14,RABI,12,2025,193,-0.019,1.0,0
FPS-0590,2025-12,WHEAT,200,14,RABI,12,2025,204,0.018,1.0,0
FPS-0591,2025-12,RICE,200,15,RABI,12,2025,197,-0.017,1.0,0
FPS-0591,2025-12,WHEAT,200,15,RABI,12,2025,199,0.046,1.0,0
FPS-0592,2025-12,RICE,214,18,RABI,12,2025,222,-0.01,1.0,0
FPS-0592,2025-12,WHEAT,200,18,RABI,12,2025,192,-0.001,1.0,0
FPS-0593,2025-12,RICE,317,27,RABI,12,2025,331,0.022,1.0,0
FPS-0593,2025-12,WHEAT,233,27,RABI,12,2025,220,0.074,1.0,0
FPS-0594,2025-12,RICE,202,16,RABI,12,2025,198,0.012,1.0,0
FPS-0594,2025-12,WHEAT,200,16,RABI,12,2025,203,0.025,1.0,0
FPS-0595,2025-12,RICE,200,15,RABI,12,2025,204,0.043,1.0,0
FPS-0595,2025-12,WHEAT,200,15,RABI,12,2025,189,-0.047,1.0,0
FPS-0596,2025-12,RICE,200,15,RABI,12,2025,185,0.04,1.0,0
FPS-0596,2025-12,WHEAT,200,15,RABI,12,2025,202,-0.003,1.0,0
FPS-0597,2025-12,RICE,432,26,RABI,12,2025,412,0.053,1.0,0
FPS-0597,2025-12,WHEAT,288,26,RABI,12,2025,271,0.014,1.0,0
FPS-0598,2025-12,RICE,269,16,RABI,12,2025,253,0.052,1.0,0
FPS-0598,2025-12,WHEAT,200,16,RABI,12,2025,186,-0.002,1.0,0
FPS-0599,2025-12,RICE,200,15,RABI,12,2025,196,0.049,1.0,0
FPS-0599,2025-12,WHEAT,200,15,RABI,12,2025,209,-0.027,1.0,0
FPS-0600,2025-12,RICE,200,13,RABI,12,2025,189,0.016,1.0,0
FPS-0600,2025-12,WHEAT,200,13,RABI,12,2025,187,0.018,1.0,0
