delivery_id,manifest_id,manifest_item_id,fps_id,vehicle_id,planned_kg,delivered_kg,delivery_date,rice_kg,wheat_kg,status,verified_by
DEL-0000001,MAN-000001,MI-0000001,FPS-0401,VEH-0101,216,204,2026-01-09,204,0,REJECTED,OFF-00009
DEL-0000002,MAN-000001,MI-0000002,FPS-0401,VEH-0101,160,152,2026-01-07,0,152,REJECTED,OFF-00063
DEL-0000003,MAN-000001,MI-0000003,FPS-0576,VEH-0101,155,159,2026-01-09,159,0,VARIANCE,OFF-00025
DEL-0000004,MAN-000001,MI-0000004,FPS-0576,VEH-0101,136,135,2026-01-09,0,135,VERIFIED,OFF-00027
DEL-0000005,MAN-000001,MI-0000005,FPS-0026,VEH-0101,142,138,2026-01-10,138,0,VARIANCE,OFF-00039
DEL-0000006,MAN-000001,MI-0000006,FPS-0026,VEH-0101,130,126,2026-01-07,0,126,VARIANCE,OFF-00018
DEL-0000007,MAN-000001,MI-0000007,FPS-0476,VEH-0101,151,156,2026-01-10,156,0,VARIANCE,OFF-00022
DEL-0000008,MAN-000001,MI-0000008,FPS-0476,VEH-0101,129,125,2026-01-07,0,125,VARIANCE,OFF-00033
DEL-0000009,MAN-000001,MI-0000009,FPS-0501,VEH-0101,151,156,2026-01-09,156,0,VARIANCE,OFF-00049
DEL-0000010,MAN-000001,MI-0000010,FPS-0501,VEH-0101,135,131,2026-01-10,0,131,VARIANCE,OFF-00060
DEL-0000011,MAN-000001,MI-0000011,FPS-0376,VEH-0101,142,136,2026-01-08,136,0,REJECTED,OFF-00011
DEL-0000012,MAN-000001,MI-0000012,FPS-0376,VEH-0101,129,126,2026-01-10,0,126,VARIANCE,OFF-00064
DEL-0000013,MAN-000002,MI-0000013,FPS-0526,VEH-0101,150,147,2026-01-09,147,0,VARIANCE,OFF-00047
DEL-0000014,MAN-000002,MI-0000014,FPS-0526,VEH-0101,134,133,2026-01-07,0,133,VERIFIED,OFF-00048
DEL-0000015,MAN-000002,MI-0000015,FPS-0251,VEH-0101,158,156,2026-01-07,156,0,VERIFIED,OFF-00054
DEL-0000016,MAN-000002,MI-0000016,FPS-0251,VEH-0101,136,133,2026-01-10,0,133,VARIANCE,OFF-00027
DEL-0000017,MAN-000002,MI-0000017,FPS-0301,VEH-0101,177,174,2026-01-07,174,0,VARIANCE,OFF-00041
DEL-0000018,MAN-000002,MI-0000018,FPS-0301,VEH-0101,149,147,2026-01-10,0,147,VERIFIED,OFF-00039
DEL-0000019,MAN-000002,MI-0000019,FPS-0226,VEH-0101,150,147,2026-01-09,147,0,VARIANCE,OFF-00056
DEL-0000020,MAN-000002,MI-0000020,FPS-0226,VEH-0101,127,127,2026-01-09,0,127,VERIFIED,OFF-00034
DEL-0000021,MAN-000002,MI-0000021,FPS-0551,VEH-0101,140,137,2026-01-08,137,0,VARIANCE,OFF-00031
DEL-0000022,MAN-000002,MI-0000022,FPS-0551,VEH-0101,122,120,2026-01-09,0,120,VARIANCE,OFF-00052
DEL-0000023,MAN-000002,MI-0000023,FPS-0051,VEH-0101,185,182,2026-01-09,182,0,VARIANCE,OFF-00042
DEL-0000024,MAN-000002,MI-0000024,FPS-0051,VEH-0101,136,133,2026-01-08,0,133,VARIANCE,OFF-00022
DEL-0000025,MAN-000003,MI-0000025,FPS-0126,VEH-0101,132,130,2026-01-08,130,0,VARIANCE,OFF-00066
DEL-0000026,MAN-000003,MI-0000026,FPS-0126,VEH-0101,128,128,2026-01-08,0,128,VERIFIED,OFF-00031
DEL-0000027,MAN-000003,MI-0000027,FPS-0201,VEH-0101,129,126,2026-01-09,126,0,VARIANCE,OFF-00050
DEL-0000028,MAN-000003,MI-0000028,FPS-0201,VEH-0101,120,121,2026-01-09,0,121,VERIFIED,OFF-00009
DEL-0000029,MAN-000003,MI-0000029,FPS-0426,VEH-0101,210,211,2026-01-09,211,0,VERIFIED,OFF-00047
DEL-0000030,MAN-000003,MI-0000030,FPS-0426,VEH-0101,148,148,2026-01-07,0,148,VERIFIED,OFF-00011
DEL-0000031,MAN-000003,MI-0000031,FPS-0151,VEH-0101,190,188,2026-01-10,188,0,VERIFIED,OFF-00052
DEL-0000032,MAN-000003,MI-0000032,FPS-0151,VEH-0101,147,148,2026-01-08,0,148,VERIFIED,OFF-00056
DEL-0000033,MAN-000003,MI-0000033,FPS-0101,VEH-0101,203,204,2026-01-08,204,0,VERIFIED,OFF-00034
DEL-0000034,MAN-000003,MI-0000034,FPS-0101,VEH-0101,165,164,2026-01-10,0,164,VERIFIED,OFF-00046
DEL-0000035,MAN-000003,MI-0000035,FPS-0276,VEH-0101,165,162,2026-01-08,162,0,VARIANCE,OFF-00015
DEL-0000036,MAN-000003,MI-0000036,FPS-0276,VEH-0101,132,130,2026-01-09,0,130,VARIANCE,OFF-00017
DEL-0000037,MAN-000004,MI-0000037,FPS-0351,VEH-0051,111,110,2026-01-06,110,0,VERIFIED,OFF-00063
DEL-0000038,MAN-000004,MI-0000038,FPS-0351,VEH-0051,116,115,2026-01-07,0,115,VERIFIED,OFF-00032
DEL-0000039,MAN-000005,MI-0000049,FPS-0052,VEH-0002,206,204,2026-01-09,204,0,VERIFIED,OFF-00022
DEL-0000040,MAN-000005,MI-0000050,FPS-0052,VEH-0002,143,140,2026-01-07,0,140,VARIANCE,OFF-00039
DEL-0000041,MAN-000005,MI-0000051,FPS-0527,VEH-0002,180,181,2026-01-10,181,0,VERIFIED,OFF-00062
DEL-0000042,MAN-000005,MI-0000052,FPS-0527,VEH-0002,150,150,2026-01-07,0,150,VERIFIED,OFF-00026
DEL-0000043,MAN-000005,MI-0000053,FPS-0202,VEH-0002,134,132,2026-01-07,132,0,VERIFIED,OFF-00016
DEL-0000044,MAN-000005,MI-0000054,FPS-0202,VEH-0002,118,118,2026-01-08,0,118,VERIFIED,OFF-00022
DEL-0000045,MAN-000005,MI-0000055,FPS-0502,VEH-0002,191,189,2026-01-09,189,0,VERIFIED,OFF-00013
DEL-0000046,MAN-000005,MI-0000056,FPS-0502,VEH-0002,150,151,2026-01-08,0,151,VERIFIED,OFF-00066
DEL-0000047,MAN-000005,MI-0000057,FPS-0177,VEH-0002,150,149,2026-01-10,149,0,VERIFIED,OFF-00008
DEL-0000048,MAN-000005,MI-0000058,FPS-0177,VEH-0002,118,118,2026-01-10,0,118,VERIFIED,OFF-00052
DEL-0000049,MAN-000005,MI-0000059,FPS-0327,VEH-0002,184,185,2026-01-07,185,0,VERIFIED,OFF-00039
DEL-0000050,MAN-000005,MI-0000060,FPS-0327,VEH-0002,140,140,2026-01-08,0,140,VERIFIED,OFF-00018
DEL-0000051,MAN-000006,MI-0000061,FPS-0427,VEH-0077,154,150,2026-01-08,150,0,VARIANCE,OFF-00026
DEL-0000052,MAN-000006,MI-0000062,FPS-0427,VEH-0077,118,117,2026-01-10,0,117,VERIFIED,OFF-00026
DEL-0000053,MAN-000006,MI-0000063,FPS-0577,VEH-0077,148,146,2026-01-07,146,0,VERIFIED,OFF-00060
DEL-0000054,MAN-000006,MI-0000064,FPS-0577,VEH-0077,137,137,2026-01-07,0,137,VERIFIED,OFF-00039
DEL-0000055,MAN-000006,MI-0000065,FPS-0152,VEH-0077,182,178,2026-01-08,178,0,VARIANCE,OFF-00036
DEL-0000056,MAN-000006,MI-0000066,FPS-0152,VEH-0077,141,139,2026-01-08,0,139,VERIFIED,OFF-00037
DEL-0000057,MAN-000006,MI-0000067,FPS-0227,VEH-0077,127,126,2026-01-10,126,0,VERIFIED,OFF-00040
DEL-0000058,MAN-000006,MI-0000068,FPS-0227,VEH-0077,122,121,2026-01-10,0,121,VERIFIED,OFF-00037
DEL-0000059,MAN-000006,MI-0000069,FPS-0477,VEH-0077,179,178,2026-01-07,178,0,VERIFIED,OFF-00042
DEL-0000060,MAN-000006,MI-0000070,FPS-0477,VEH-0077,139,138,2026-01-08,0,138,VERIFIED,OFF-00009
DEL-0000061,MAN-000006,MI-0000071,FPS-0252,VEH-0077,179,175,2026-01-08,175,0,VARIANCE,OFF-00065
DEL-0000062,MAN-000006,MI-0000072,FPS-0252,VEH-0077,146,144,2026-01-09,0,144,VERIFIED,OFF-00051
DEL-0000063,MAN-000007,MI-0000076,FPS-0002,VEH-0127,125,124,2026-01-09,0,124,VERIFIED,OFF-00040
DEL-0000064,MAN-000008,MI-0000085,FPS-0102,VEH-0002,163,159,2026-01-08,159,0,VARIANCE,OFF-00058
DEL-0000065,MAN-000008,MI-0000086,FPS-0102,VEH-0002,140,139,2026-01-07,0,139,VERIFIED,OFF-00020
DEL-0000066,MAN-000008,MI-0000087,FPS-0277,VEH-0002,145,142,2026-01-08,142,0,VARIANCE,OFF-00059
DEL-0000067,MAN-000008,MI-0000088,FPS-0277,VEH-0002,134,132,2026-01-08,0,132,VERIFIED,OFF-00066
DEL-0000068,MAN-000008,MI-0000089,FPS-0552,VEH-0002,133,132,2026-01-10,132,0,VERIFIED,OFF-00058
DEL-0000069,MAN-000008,MI-0000090,FPS-0552,VEH-0002,118,118,2026-01-09,0,118,VERIFIED,OFF-00049
DEL-0000070,MAN-000008,MI-0000091,FPS-0077,VEH-0002,154,151,2026-01-09,151,0,VARIANCE,OFF-00057
DEL-0000071,MAN-000008,MI-0000092,FPS-0077,VEH-0002,113,112,2026-01-08,0,112,VERIFIED,OFF-00053
DEL-0000072,MAN-000008,MI-0000093,FPS-0302,VEH-0002,164,165,2026-01-07,165,0,VERIFIED,OFF-00036
DEL-0000073,MAN-000008,MI-0000094,FPS-0302,VEH-0002,142,141,2026-01-08,0,141,VERIFIED,OFF-00029
DEL-0000074,MAN-000008,MI-0000095,FPS-0452,VEH-0002,177,174,2026-01-09,174,0,VARIANCE,OFF-00019
DEL-0000075,MAN-000008,MI-0000096,FPS-0452,VEH-0002,146,145,2026-01-09,0,145,VERIFIED,OFF-00064
DEL-0000076,MAN-000009,MI-0000097,FPS-0403,VEH-0078,151,149,2026-01-08,149,0,VERIFIED,OFF-00054
DEL-0000077,MAN-000009,MI-0000098,FPS-0403,VEH-0078,141,140,2026-01-06,0,140,VERIFIED,OFF-00017
DEL-0000078,MAN-000009,MI-0000099,FPS-0478,VEH-0078,147,144,2026-01-07,144,0,VARIANCE,OFF-00017
DEL-0000079,MAN-000009,MI-0000100,FPS-0478,VEH-0078,139,137,2026-01-08,0,137,VERIFIED,OFF-00027
DEL-0000080,MAN-000009,MI-0000101,FPS-0003,VEH-0078,255,252,2026-01-09,252,0,VERIFIED,OFF-00009
DEL-0000081,MAN-000009,MI-0000102,FPS-0003,VEH-0078,181,181,2026-01-08,0,181,VERIFIED,OFF-00014
DEL-0000082,MAN-000009,MI-0000103,FPS-0528,VEH-0078,143,142,2026-01-08,142,0,VERIFIED,OFF-00026
DEL-0000083,MAN-000009,MI-0000104,FPS-0528,VEH-0078,134,134,2026-01-06,0,134,VERIFIED,OFF-00010
DEL-0000084,MAN-000009,MI-0000105,FPS-0078,VEH-0078,208,204,2026-01-06,204,0,VARIANCE,OFF-00024
DEL-0000085,MAN-000009,MI-0000106,FPS-0078,VEH-0078,148,146,2026-01-06,0,146,VERIFIED,OFF-00051
DEL-0000086,MAN-000009,MI-0000107,FPS-0128,VEH-0078,141,140,2026-01-06,140,0,VERIFIED,OFF-00065
DEL-0000087,MAN-000009,MI-0000108,FPS-0128,VEH-0078,140,138,2026-01-08,0,138,VERIFIED,OFF-00050
DEL-0000088,MAN-000010,MI-0000109,FPS-0553,VEH-0128,214,214,2026-01-09,214,0,VERIFIED,OFF-00054
DEL-0000089,MAN-000010,MI-0000110,FPS-0553,VEH-0128,156,154,2026-01-08,0,154,VERIFIED,OFF-00011
DEL-0000090,MAN-000010,MI-0000111,FPS-0378,VEH-0128,227,228,2026-01-10,228,0,VERIFIED,OFF-00043
DEL-0000091,MAN-000010,MI-0000112,FPS-0378,VEH-0128,164,162,2026-01-10,0,162,VERIFIED,OFF-00031
DEL-0000092,MAN-000010,MI-0000113,FPS-0278,VEH-0128,151,148,2026-01-10,148,0,VARIANCE,OFF-00033
DEL-0000093,MAN-000010,MI-0000114,FPS-0278,VEH-0128,134,134,2026-01-10,0,134,VERIFIED,OFF-00047
DEL-0000094,MAN-000010,MI-0000115,FPS-0253,VEH-0128,175,175,2026-01-10,175,0,VERIFIED,OFF-00033
DEL-0000095,MAN-000010,MI-0000116,FPS-0253,VEH-0128,125,124,2026-01-10,0,124,VERIFIED,OFF-00052
DEL-0000096,MAN-000010,MI-0000117,FPS-0053,VEH-0128,177,173,2026-01-07,173,0,VARIANCE,OFF-00061
DEL-0000097,MAN-000010,MI-0000118,FPS-0053,VEH-0128,147,147,2026-01-08,0,147,VERIFIED,OFF-00040
DEL-0000098,MAN-000010,MI-0000119,FPS-0453,VEH-0128,149,146,2026-01-07,146,0,VARIANCE,OFF-00008
DEL-0000099,MAN-000010,MI-0000120,FPS-0453,VEH-0128,128,126,2026-01-10,0,126,VARIANCE,OFF-00053
DEL-0000100,MAN-000011,MI-0000121,FPS-0228,VEH-0128,192,192,2026-01-07,192,0,VERIFIED,OFF-00050
DEL-0000101,MAN-000011,MI-0000122,FPS-0228,VEH-0128,148,147,2026-01-09,0,147,VERIFIED,OFF-00019
DEL-0000102,MAN-000011,MI-0000123,FPS-0203,VEH-0128,129,129,2026-01-09,129,0,VERIFIED,OFF-00055
DEL-0000103,MAN-000011,MI-0000124,FPS-0203,VEH-0128,111,111,2026-01-09,0,111,VERIFIED,OFF-00017
DEL-0000104,MAN-000011,MI-0000125,FPS-0353,VEH-0128,143,143,2026-01-06,143,0,VERIFIED,OFF-00060
DEL-0000105,MAN-000011,MI-0000126,FPS-0353,VEH-0128,125,124,2026-01-06,0,124,VERIFIED,OFF-00047
DEL-0000106,MAN-000011,MI-0000127,FPS-0178,VEH-0128,156,155,2026-01-06,155,0,VERIFIED,OFF-00022
DEL-0000107,MAN-000011,MI-0000128,FPS-0178,VEH-0128,136,137,2026-01-08,0,137,VERIFIED,OFF-00019
DEL-0000108,MAN-000011,MI-0000129,FPS-0103,VEH-0128,230,228,2026-01-08,228,0,VERIFIED,OFF-00016
DEL-0000109,MAN-000011,MI-0000130,FPS-0103,VEH-0128,174,175,2026-01-06,0,175,VERIFIED,OFF-00013
DEL-0000110,MAN-000011,MI-0000131,FPS-0328,VEH-0128,185,183,2026-01-07,183,0,VERIFIED,OFF-00066
DEL-0000111,MAN-000011,MI-0000132,FPS-0328,VEH-0128,154,154,2026-01-08,0,154,VERIFIED,OFF-00052
DEL-0000112,MAN-000012,MI-0000134,FPS-0303,VEH-0053,124,123,2026-01-09,0,123,VERIFIED,OFF-00027
DEL-0000113,MAN-000012,MI-0000135,FPS-0153,VEH-0053,147,146,2026-01-06,146,0,VERIFIED,OFF-00046
DEL-0000114,MAN-000012,MI-0000139,FPS-0578,VEH-0053,149,149,2026-01-09,149,0,VERIFIED,OFF-00035
DEL-0000115,MAN-000012,MI-0000141,FPS-0028,VEH-0053,138,138,2026-01-09,138,0,VERIFIED,OFF-00035
DEL-0000116,MAN-000012,MI-0000143,FPS-0503,VEH-0053,128,127,2026-01-06,127,0,VERIFIED,OFF-00066
DEL-0000117,MAN-000013,MI-0000145,FPS-0279,VEH-0104,265,265,2026-01-09,265,0,VERIFIED,OFF-00029
DEL-0000118,MAN-000013,MI-0000146,FPS-0279,VEH-0104,184,183,2026-01-08,0,183,VERIFIED,OFF-00027
DEL-0000119,MAN-000013,MI-0000147,FPS-0504,VEH-0104,159,158,2026-01-08,158,0,VERIFIED,OFF-00033
DEL-0000120,MAN-000013,MI-0000148,FPS-0504,VEH-0104,123,121,2026-01-08,0,121,VARIANCE,OFF-00061
DEL-0000121,MAN-000013,MI-0000149,FPS-0479,VEH-0104,189,191,2026-01-06,191,0,VERIFIED,OFF-00008
DEL-0000122,MAN-000013,MI-0000150,FPS-0479,VEH-0104,148,146,2026-01-07,0,146,VERIFIED,OFF-00020
DEL-0000123,MAN-000013,MI-0000151,FPS-0129,VEH-0104,164,161,2026-01-09,161,0,VARIANCE,OFF-00029
DEL-0000124,MAN-000013,MI-0000152,FPS-0129,VEH-0104,136,137,2026-01-09,0,137,VERIFIED,OFF-00039
DEL-0000125,MAN-000013,MI-0000153,FPS-0079,VEH-0104,145,146,2026-01-09,146,0,VERIFIED,OFF-00027
DEL-0000126,MAN-000013,MI-0000154,FPS-0079,VEH-0104,132,131,2026-01-06,0,131,VERIFIED,OFF-00035
DEL-0000127,MAN-000013,MI-0000155,FPS-0154,VEH-0104,130,130,2026-01-07,130,0,VERIFIED,OFF-00038
DEL-0000128,MAN-000013,MI-0000156,FPS-0154,VEH-0104,124,124,2026-01-08,0,124,VERIFIED,OFF-00042
DEL-0000129,MAN-000014,MI-0000157,FPS-0104,VEH-0129,153,152,2026-01-08,152,0,VERIFIED,OFF-00057
DEL-0000130,MAN-000014,MI-0000160,FPS-0579,VEH-0129,133,133,2026-01-09,0,133,VERIFIED,OFF-00049
DEL-0000131,MAN-000014,MI-0000161,FPS-0529,VEH-0129,241,239,2026-01-09,239,0,VERIFIED,OFF-00065
DEL-0000132,MAN-000014,MI-0000164,FPS-0379,VEH-0129,121,122,2026-01-08,0,122,VERIFIED,OFF-00047
DEL-0000133,MAN-000014,MI-0000165,FPS-0554,VEH-0129,143,143,2026-01-09,143,0,VERIFIED,OFF-00032
DEL-0000134,MAN-000014,MI-0000167,FPS-0354,VEH-0129,184,184,2026-01-06,184,0,VERIFIED,OFF-00012
DEL-0000135,MAN-000014,MI-0000168,FPS-0354,VEH-0129,142,139,2026-01-09,0,139,VARIANCE,OFF-00034
DEL-0000136,MAN-000015,MI-0000169,FPS-0254,VEH-0129,138,136,2026-01-06,136,0,VERIFIED,OFF-00009
DEL-0000137,MAN-000015,MI-0000170,FPS-0254,VEH-0129,123,121,2026-01-06,0,121,VARIANCE,OFF-00048
DEL-0000138,MAN-000015,MI-0000171,FPS-0179,VEH-0129,230,231,2026-01-08,231,0,VERIFIED,OFF-00031
DEL-0000139,MAN-000015,MI-0000172,FPS-0179,VEH-0129,170,167,2026-01-07,0,167,VARIANCE,OFF-00057
DEL-0000140,MAN-000015,MI-0000173,FPS-0229,VEH-0129,124,124,2026-01-06,124,0,VERIFIED,OFF-00062
DEL-0000141,MAN-000015,MI-0000174,FPS-0229,VEH-0129,120,120,2026-01-07,0,120,VERIFIED,OFF-00046
DEL-0000142,MAN-000015,MI-0000175,FPS-0429,VEH-0129,144,142,2026-01-08,142,0,VERIFIED,OFF-00056
DEL-0000143,MAN-000015,MI-0000176,FPS-0429,VEH-0129,123,122,2026-01-07,0,122,VERIFIED,OFF-00057
DEL-0000144,MAN-000015,MI-0000177,FPS-0454,VEH-0129,183,182,2026-01-07,182,0,VERIFIED,OFF-00017
DEL-0000145,MAN-000015,MI-0000178,FPS-0454,VEH-0129,147,148,2026-01-07,0,148,VERIFIED,OFF-00040
DEL-0000146,MAN-000015,MI-0000179,FPS-0404,VEH-0129,168,168,2026-01-07,168,0,VERIFIED,OFF-00042
DEL-0000147,MAN-000015,MI-0000180,FPS-0404,VEH-0129,130,128,2026-01-06,0,128,VARIANCE,OFF-00044
DEL-0000148,MAN-000016,MI-0000181,FPS-0204,VEH-0104,188,192,2026-01-08,192,0,VARIANCE,OFF-00041
DEL-0000149,MAN-000016,MI-0000182,FPS-0204,VEH-0104,155,146,2026-01-07,0,146,REJECTED,OFF-00013
DEL-0000150,MAN-000016,MI-0000183,FPS-0029,VEH-0104,206,210,2026-01-10,210,0,VARIANCE,OFF-00011
DEL-0000151,MAN-000016,MI-0000184,FPS-0029,VEH-0104,137,134,2026-01-07,0,134,VARIANCE,OFF-00013
DEL-0000152,MAN-000016,MI-0000185,FPS-0054,VEH-0104,124,127,2026-01-08,127,0,VARIANCE,OFF-00026
DEL-0000153,MAN-000016,MI-0000186,FPS-0054,VEH-0104,117,110,2026-01-09,0,110,REJECTED,OFF-00049
DEL-0000154,MAN-000016,MI-0000187,FPS-0329,VEH-0104,146,145,2026-01-10,145,0,VERIFIED,OFF-00050
DEL-0000155,MAN-000016,MI-0000188,FPS-0329,VEH-0104,115,114,2026-01-07,0,114,VERIFIED,OFF-00019
DEL-0000156,MAN-000016,MI-0000189,FPS-0304,VEH-0104,177,176,2026-01-09,176,0,VERIFIED,OFF-00007
DEL-0000157,MAN-000016,MI-0000190,FPS-0304,VEH-0104,142,133,2026-01-09,0,133,REJECTED,OFF-00019
DEL-0000158,MAN-000016,MI-0000191,FPS-0004,VEH-0104,135,138,2026-01-10,138,0,VARIANCE,OFF-00039
DEL-0000159,MAN-000016,MI-0000192,FPS-0004,VEH-0104,113,109,2026-01-09,0,109,REJECTED,OFF-00009
DEL-0000160,MAN-000017,MI-0000193,FPS-0330,VEH-0055,200,196,2026-01-06,196,0,VARIANCE,OFF-00063
DEL-0000161,MAN-000017,MI-0000194,FPS-0330,VEH-0055,153,152,2026-01-06,0,152,VERIFIED,OFF-00027
DEL-0000162,MAN-000017,MI-0000195,FPS-0305,VEH-0055,190,188,2026-01-07,188,0,VERIFIED,OFF-00055
DEL-0000163,MAN-000017,MI-0000196,FPS-0305,VEH-0055,153,152,2026-01-07,0,152,VERIFIED,OFF-00050
DEL-0000164,MAN-000017,MI-0000197,FPS-0005,VEH-0055,189,185,2026-01-07,185,0,VARIANCE,OFF-00013
DEL-0000165,MAN-000017,MI-0000198,FPS-0005,VEH-0055,151,151,2026-01-06,0,151,VERIFIED,OFF-00036
DEL-0000166,MAN-000017,MI-0000199,FPS-0030,VEH-0055,141,141,2026-01-06,141,0,VERIFIED,OFF-00045
DEL-0000167,MAN-000017,MI-0000200,FPS-0030,VEH-0055,117,115,2026-01-09,0,115,VARIANCE,OFF-00025
DEL-0000168,MAN-000017,MI-0000201,FPS-0455,VEH-0055,180,179,2026-01-07,179,0,VERIFIED,OFF-00041
DEL-0000169,MAN-000017,MI-0000202,FPS-0455,VEH-0055,143,140,2026-01-07,0,140,VARIANCE,OFF-00012
DEL-0000170,MAN-000017,MI-0000203,FPS-0280,VEH-0055,149,146,2026-01-08,146,0,VARIANCE,OFF-00018
DEL-0000171,MAN-000017,MI-0000204,FPS-0280,VEH-0055,117,116,2026-01-06,0,116,VERIFIED,OFF-00017
DEL-0000172,MAN-000018,MI-0000205,FPS-0155,VEH-0130,124,122,2026-01-09,122,0,VARIANCE,OFF-00007
DEL-0000173,MAN-000018,MI-0000206,FPS-0155,VEH-0130,107,105,2026-01-08,0,105,VARIANCE,OFF-00041
DEL-0000174,MAN-000018,MI-0000207,FPS-0530,VEH-0130,132,132,2026-01-06,132,0,VERIFIED,OFF-00009
DEL-0000175,MAN-000018,MI-0000208,FPS-0530,VEH-0130,100,99,2026-01-07,0,99,VERIFIED,OFF-00029
DEL-0000176,MAN-000018,MI-0000209,FPS-0255,VEH-0130,118,119,2026-01-09,119,0,VERIFIED,OFF-00026
DEL-0000177,MAN-000018,MI-0000210,FPS-0255,VEH-0130,100,99,2026-01-08,0,99,VERIFIED,OFF-00017
DEL-0000178,MAN-000018,MI-0000211,FPS-0355,VEH-0130,112,110,2026-01-07,110,0,VARIANCE,OFF-00029
DEL-0000179,MAN-000018,MI-0000212,FPS-0355,VEH-0130,96,94,2026-01-08,0,94,VARIANCE,OFF-00050
DEL-0000180,MAN-000018,MI-0000213,FPS-0230,VEH-0130,180,178,2026-01-07,178,0,VERIFIED,OFF-00060
DEL-0000181,MAN-000018,MI-0000214,FPS-0230,VEH-0130,117,116,2026-01-06,0,116,VERIFIED,OFF-00064
DEL-0000182,MAN-000018,MI-0000215,FPS-0180,VEH-0130,85,85,2026-01-08,85,0,VERIFIED,OFF-00015
DEL-0000183,MAN-000018,MI-0000216,FPS-0180,VEH-0130,82,81,2026-01-06,0,81,VERIFIED,OFF-00033
DEL-0000184,MAN-000019,MI-0000217,FPS-0555,VEH-0055,222,221,2026-01-09,221,0,VERIFIED,OFF-00051
DEL-0000185,MAN-000019,MI-0000218,FPS-0555,VEH-0055,156,153,2026-01-07,0,153,VARIANCE,OFF-00026
DEL-0000186,MAN-000019,MI-0000219,FPS-0055,VEH-0055,156,155,2026-01-08,155,0,VERIFIED,OFF-00051
DEL-0000187,MAN-000019,MI-0000220,FPS-0055,VEH-0055,126,124,2026-01-09,0,124,VARIANCE,OFF-00033
DEL-0000188,MAN-000019,MI-0000221,FPS-0380,VEH-0055,195,196,2026-01-07,196,0,VERIFIED,OFF-00014
DEL-0000189,MAN-000019,MI-0000222,FPS-0380,VEH-0055,148,145,2026-01-07,0,145,VARIANCE,OFF-00058
DEL-0000190,MAN-000019,MI-0000223,FPS-0505,VEH-0055,155,152,2026-01-06,152,0,VARIANCE,OFF-00022
DEL-0000191,MAN-000019,MI-0000224,FPS-0505,VEH-0055,134,135,2026-01-08,0,135,VERIFIED,OFF-00046
DEL-0000192,MAN-000019,MI-0000225,FPS-0105,VEH-0055,286,287,2026-01-08,287,0,VERIFIED,OFF-00023
DEL-0000193,MAN-000019,MI-0000226,FPS-0105,VEH-0055,202,200,2026-01-09,0,200,VERIFIED,OFF-00048
DEL-0000194,MAN-000019,MI-0000227,FPS-0430,VEH-0055,162,163,2026-01-07,163,0,VERIFIED,OFF-00026
DEL-0000195,MAN-000019,MI-0000228,FPS-0430,VEH-0055,131,128,2026-01-09,0,128,VARIANCE,OFF-00018
DEL-0000196,MAN-000020,MI-0000229,FPS-0205,VEH-0030,149,149,2026-01-06,149,0,VERIFIED,OFF-00059
DEL-0000197,MAN-000020,MI-0000230,FPS-0205,VEH-0030,121,121,2026-01-07,0,121,VERIFIED,OFF-00063
DEL-0000198,MAN-000020,MI-0000231,FPS-0130,VEH-0030,131,132,2026-01-07,132,0,VERIFIED,OFF-00054
DEL-0000199,MAN-000020,MI-0000232,FPS-0130,VEH-0030,114,111,2026-01-09,0,111,VARIANCE,OFF-00061
DEL-0000200,MAN-000020,MI-0000233,FPS-0580,VEH-0030,243,238,2026-01-07,238,0,VARIANCE,OFF-00038
DEL-0000201,MAN-000020,MI-0000234,FPS-0580,VEH-0030,166,166,2026-01-06,0,166,VERIFIED,OFF-00017
DEL-0000202,MAN-000020,MI-0000235,FPS-0080,VEH-0030,181,178,2026-01-06,178,0,VARIANCE,OFF-00036
DEL-0000203,MAN-000020,MI-0000236,FPS-0080,VEH-0030,147,146,2026-01-07,0,146,VERIFIED,OFF-00048
DEL-0000204,MAN-000020,MI-0000237,FPS-0480,VEH-0030,137,138,2026-01-09,138,0,VERIFIED,OFF-00033
DEL-0000205,MAN-000020,MI-0000238,FPS-0480,VEH-0030,131,129,2026-01-06,0,129,VARIANCE,OFF-00012
DEL-0000206,MAN-000020,MI-0000239,FPS-0405,VEH-0030,158,155,2026-01-09,155,0,VARIANCE,OFF-00048
DEL-0000207,MAN-000020,MI-0000240,FPS-0405,VEH-0030,130,128,2026-01-08,0,128,VARIANCE,OFF-00012
DEL-0000208,MAN-000021,MI-0000241,FPS-0506,VEH-0106,132,132,2026-01-08,132,0,VERIFIED,OFF-00041
DEL-0000209,MAN-000021,MI-0000242,FPS-0506,VEH-0106,116,115,2026-01-06,0,115,VERIFIED,OFF-00054
DEL-0000210,MAN-000021,MI-0000243,FPS-0181,VEH-0106,179,177,2026-01-07,177,0,VERIFIED,OFF-00035
DEL-0000211,MAN-000021,MI-0000244,FPS-0181,VEH-0106,151,148,2026-01-07,0,148,VARIANCE,OFF-00011
DEL-0000212,MAN-000021,MI-0000245,FPS-0581,VEH-0106,203,200,2026-01-09,200,0,VERIFIED,OFF-00041
DEL-0000213,MAN-000021,MI-0000246,FPS-0581,VEH-0106,161,159,2026-01-07,0,159,VERIFIED,OFF-00007
DEL-0000214,MAN-000021,MI-0000247,FPS-0406,VEH-0106,198,195,2026-01-06,195,0,VARIANCE,OFF-00014
DEL-0000215,MAN-000021,MI-0000248,FPS-0406,VEH-0106,146,147,2026-01-07,0,147,VERIFIED,OFF-00060
DEL-0000216,MAN-000021,MI-0000249,FPS-0231,VEH-0106,152,153,2026-01-08,153,0,VERIFIED,OFF-00046
DEL-0000217,MAN-000021,MI-0000250,FPS-0231,VEH-0106,131,129,2026-01-09,0,129,VARIANCE,OFF-00040
DEL-0000218,MAN-000021,MI-0000251,FPS-0356,VEH-0106,147,146,2026-01-08,146,0,VERIFIED,OFF-00026
DEL-0000219,MAN-000021,MI-0000252,FPS-0356,VEH-0106,130,128,2026-01-08,0,128,VARIANCE,OFF-00057
DEL-0000220,MAN-000022,MI-0000253,FPS-0156,VEH-0056,142,141,2026-01-06,141,0,VERIFIED,OFF-00055
DEL-0000221,MAN-000022,MI-0000254,FPS-0156,VEH-0056,123,122,2026-01-06,0,122,VERIFIED,OFF-00050
DEL-0000222,MAN-000022,MI-0000255,FPS-0031,VEH-0056,139,139,2026-01-07,139,0,VERIFIED,OFF-00049
DEL-0000223,MAN-000022,MI-0000256,FPS-0031,VEH-0056,122,121,2026-01-07,0,121,VERIFIED,OFF-00050
DEL-0000224,MAN-000022,MI-0000257,FPS-0381,VEH-0056,149,147,2026-01-06,147,0,VERIFIED,OFF-00026
DEL-0000225,MAN-000022,MI-0000258,FPS-0381,VEH-0056,128,129,2026-01-08,0,129,VERIFIED,OFF-00066
DEL-0000226,MAN-000022,MI-0000259,FPS-0306,VEH-0056,124,125,2026-01-06,125,0,VERIFIED,OFF-00023
DEL-0000227,MAN-000022,MI-0000260,FPS-0306,VEH-0056,111,111,2026-01-06,0,111,VERIFIED,OFF-00019
DEL-0000228,MAN-000022,MI-0000261,FPS-0481,VEH-0056,160,157,2026-01-06,157,0,VARIANCE,OFF-00046
DEL-0000229,MAN-000022,MI-0000262,FPS-0481,VEH-0056,133,132,2026-01-07,0,132,VERIFIED,OFF-00063
DEL-0000230,MAN-000022,MI-0000263,FPS-0331,VEH-0056,149,146,2026-01-09,146,0,VARIANCE,OFF-00066
DEL-0000231,MAN-000022,MI-0000264,FPS-0331,VEH-0056,127,124,2026-01-09,0,124,VARIANCE,OFF-00053
DEL-0000232,MAN-000023,MI-0000265,FPS-0456,VEH-0006,173,170,2026-01-08,170,0,VARIANCE,OFF-00062
DEL-0000233,MAN-000023,MI-0000266,FPS-0456,VEH-0006,127,128,2026-01-07,0,128,VERIFIED,OFF-00016
DEL-0000234,MAN-000023,MI-0000267,FPS-0256,VEH-0006,146,146,2026-01-09,146,0,VERIFIED,OFF-00060
DEL-0000235,MAN-000023,MI-0000268,FPS-0256,VEH-0006,124,124,2026-01-09,0,124,VERIFIED,OFF-00033
DEL-0000236,MAN-000023,MI-0000269,FPS-0531,VEH-0006,167,164,2026-01-09,164,0,VARIANCE,OFF-00060
DEL-0000237,MAN-000023,MI-0000270,FPS-0531,VEH-0006,144,142,2026-01-09,0,142,VERIFIED,OFF-00061
DEL-0000238,MAN-000023,MI-0000271,FPS-0106,VEH-0006,149,146,2026-01-07,146,0,VARIANCE,OFF-00008
DEL-0000239,MAN-000023,MI-0000272,FPS-0106,VEH-0006,126,126,2026-01-09,0,126,VERIFIED,OFF-00038
DEL-0000240,MAN-000023,MI-0000273,FPS-0056,VEH-0006,173,172,2026-01-07,172,0,VERIFIED,OFF-00042
DEL-0000241,MAN-000023,MI-0000274,FPS-0056,VEH-0006,139,139,2026-01-09,0,139,VERIFIED,OFF-00059
DEL-0000242,MAN-000023,MI-0000275,FPS-0556,VEH-0006,176,177,2026-01-06,177,0,VERIFIED,OFF-00043
DEL-0000243,MAN-000023,MI-0000276,FPS-0556,VEH-0006,141,139,2026-01-08,0,139,VERIFIED,OFF-00033
DEL-0000244,MAN-000024,MI-0000281,FPS-0206,VEH-0031,238,236,2026-01-08,236,0,VERIFIED,OFF-00055
DEL-0000245,MAN-000024,MI-0000285,FPS-0281,VEH-0031,168,166,2026-01-06,166,0,VERIFIED,OFF-00026
DEL-0000246,MAN-000025,MI-0000291,FPS-0082,VEH-0132,207,206,2026-01-06,206,0,VERIFIED,OFF-00045
DEL-0000247,MAN-000025,MI-0000294,FPS-0507,VEH-0132,117,116,2026-01-09,0,116,VERIFIED,OFF-00025
DEL-0000248,MAN-000025,MI-0000296,FPS-0207,VEH-0132,205,201,2026-01-07,0,201,VARIANCE,OFF-00050
DEL-0000249,MAN-000025,MI-0000297,FPS-0157,VEH-0132,165,165,2026-01-08,165,0,VERIFIED,OFF-00010
DEL-0000250,MAN-000025,MI-0000298,FPS-0157,VEH-0132,135,133,2026-01-06,0,133,VERIFIED,OFF-00020
DEL-0000251,MAN-000026,MI-0000304,FPS-0232,VEH-0032,115,114,2026-01-06,0,114,VERIFIED,OFF-00040
DEL-0000252,MAN-000026,MI-0000307,FPS-0282,VEH-0032,171,168,2026-01-06,168,0,VARIANCE,OFF-00055
DEL-0000253,MAN-000026,MI-0000309,FPS-0182,VEH-0032,154,152,2026-01-09,152,0,VERIFIED,OFF-00039
DEL-0000254,MAN-000026,MI-0000311,FPS-0457,VEH-0032,190,191,2026-01-08,191,0,VERIFIED,OFF-00057
DEL-0000255,MAN-000026,MI-0000312,FPS-0457,VEH-0032,141,141,2026-01-06,0,141,VERIFIED,OFF-00020
DEL-0000256,MAN-000027,MI-0000313,FPS-0532,VEH-0007,139,140,2026-01-09,140,0,VERIFIED,OFF-00050
DEL-0000257,MAN-000027,MI-0000314,FPS-0532,VEH-0007,120,117,2026-01-07,0,117,VARIANCE,OFF-00015
DEL-0000258,MAN-000027,MI-0000315,FPS-0332,VEH-0007,198,194,2026-01-09,194,0,VARIANCE,OFF-00060
DEL-0000259,MAN-000027,MI-0000316,FPS-0332,VEH-0007,158,155,2026-01-08,0,155,VARIANCE,OFF-00060
DEL-0000260,MAN-000027,MI-0000317,FPS-0257,VEH-0007,151,149,2026-01-10,149,0,VERIFIED,OFF-00030
DEL-0000261,MAN-000027,MI-0000318,FPS-0257,VEH-0007,144,141,2026-01-10,0,141,VARIANCE,OFF-00066
DEL-0000262,MAN-000027,MI-0000319,FPS-0382,VEH-0007,119,118,2026-01-08,118,0,VERIFIED,OFF-00038
DEL-0000263,MAN-000027,MI-0000320,FPS-0382,VEH-0007,108,108,2026-01-07,0,108,VERIFIED,OFF-00031
DEL-0000264,MAN-000027,MI-0000321,FPS-0482,VEH-0007,148,146,2026-01-10,146,0,VERIFIED,OFF-00013
DEL-0000265,MAN-000027,MI-0000322,FPS-0482,VEH-0007,135,135,2026-01-07,0,135,VERIFIED,OFF-00047
DEL-0000266,MAN-000027,MI-0000323,FPS-0557,VEH-0007,166,162,2026-01-10,162,0,VARIANCE,OFF-00026
DEL-0000267,MAN-000027,MI-0000324,FPS-0557,VEH-0007,127,126,2026-01-08,0,126,VERIFIED,OFF-00021
DEL-0000268,MAN-000028,MI-0000327,FPS-0407,VEH-0082,185,183,2026-01-07,183,0,VERIFIED,OFF-00051
DEL-0000269,MAN-000028,MI-0000330,FPS-0132,VEH-0082,159,157,2026-01-08,0,157,VERIFIED,OFF-00028
DEL-0000270,MAN-000028,MI-0000332,FPS-0432,VEH-0082,206,204,2026-01-06,0,204,VERIFIED,OFF-00046
DEL-0000271,MAN-000028,MI-0000335,FPS-0307,VEH-0082,184,183,2026-01-09,183,0,VERIFIED,OFF-00025
DEL-0000272,MAN-000029,MI-0000338,FPS-0083,VEH-0108,134,132,2026-01-07,0,132,VERIFIED,OFF-00020
DEL-0000273,MAN-000029,MI-0000342,FPS-0108,VEH-0108,117,116,2026-01-09,0,116,VERIFIED,OFF-00017
DEL-0000274,MAN-000029,MI-0000343,FPS-0458,VEH-0108,150,148,2026-01-07,148,0,VERIFIED,OFF-00032
DEL-0000275,MAN-000029,MI-0000347,FPS-0183,VEH-0108,155,152,2026-01-09,152,0,VARIANCE,OFF-00043
DEL-0000276,MAN-000030,MI-0000352,FPS-0058,VEH-0108,127,126,2026-01-08,0,126,VERIFIED,OFF-00011
DEL-0000277,MAN-000030,MI-0000356,FPS-0433,VEH-0108,133,133,2026-01-09,0,133,VERIFIED,OFF-00051
DEL-0000278,MAN-000030,MI-0000358,FPS-0508,VEH-0108,170,171,2026-01-07,0,171,VERIFIED,OFF-00020
DEL-0000279,MAN-000030,MI-0000359,FPS-0308,VEH-0108,194,195,2026-01-06,195,0,VERIFIED,OFF-00065
DEL-0000280,MAN-000030,MI-0000360,FPS-0308,VEH-0108,155,156,2026-01-08,0,156,VERIFIED,OFF-00040
DEL-0000281,MAN-000031,MI-0000361,FPS-0483,VEH-0008,135,135,2026-01-09,135,0,VERIFIED,OFF-00064
DEL-0000282,MAN-000031,MI-0000362,FPS-0483,VEH-0008,122,115,2026-01-08,0,115,REJECTED,OFF-00025
DEL-0000283,MAN-000031,MI-0000363,FPS-0333,VEH-0008,312,322,2026-01-09,322,0,VARIANCE,OFF-00048
DEL-0000284,MAN-000031,MI-0000364,FPS-0333,VEH-0008,200,199,2026-01-08,0,199,VERIFIED,OFF-00033
DEL-0000285,MAN-000031,MI-0000365,FPS-0283,VEH-0008,156,162,2026-01-09,162,0,REJECTED,OFF-00007
DEL-0000286,MAN-000031,MI-0000366,FPS-0283,VEH-0008,129,121,2026-01-07,0,121,REJECTED,OFF-00018
DEL-0000287,MAN-000031,MI-0000367,FPS-0033,VEH-0008,191,189,2026-01-06,189,0,VERIFIED,OFF-00013
DEL-0000288,MAN-000031,MI-0000368,FPS-0033,VEH-0008,138,139,2026-01-08,0,139,VERIFIED,OFF-00059
DEL-0000289,MAN-000031,MI-0000369,FPS-0408,VEH-0008,119,120,2026-01-09,120,0,VERIFIED,OFF-00060
DEL-0000290,MAN-000031,MI-0000370,FPS-0408,VEH-0008,112,107,2026-01-09,0,107,REJECTED,OFF-00060
DEL-0000291,MAN-000031,MI-0000371,FPS-0208,VEH-0008,184,174,2026-01-07,174,0,REJECTED,OFF-00028
DEL-0000292,MAN-000031,MI-0000372,FPS-0208,VEH-0008,147,145,2026-01-09,0,145,VERIFIED,OFF-00058
DEL-0000293,MAN-000032,MI-0000373,FPS-0258,VEH-0133,159,156,2026-01-07,156,0,VARIANCE,OFF-00039
DEL-0000294,MAN-000032,MI-0000374,FPS-0258,VEH-0133,130,127,2026-01-10,0,127,VARIANCE,OFF-00021
DEL-0000295,MAN-000032,MI-0000375,FPS-0233,VEH-0133,119,119,2026-01-08,119,0,VERIFIED,OFF-00065
DEL-0000296,MAN-000032,MI-0000376,FPS-0233,VEH-0133,115,114,2026-01-10,0,114,VERIFIED,OFF-00042
DEL-0000297,MAN-000032,MI-0000377,FPS-0533,VEH-0133,168,165,2026-01-09,165,0,VARIANCE,OFF-00053
DEL-0000298,MAN-000032,MI-0000378,FPS-0533,VEH-0133,136,133,2026-01-09,0,133,VARIANCE,OFF-00026
DEL-0000299,MAN-000032,MI-0000379,FPS-0358,VEH-0133,185,183,2026-01-07,183,0,VERIFIED,OFF-00026
DEL-0000300,MAN-000032,MI-0000380,FPS-0358,VEH-0133,137,135,2026-01-08,0,135,VERIFIED,OFF-00007
DEL-0000301,MAN-000032,MI-0000381,FPS-0583,VEH-0133,144,143,2026-01-09,143,0,VERIFIED,OFF-00030
DEL-0000302,MAN-000032,MI-0000382,FPS-0583,VEH-0133,127,128,2026-01-10,0,128,VERIFIED,OFF-00030
DEL-0000303,MAN-000032,MI-0000383,FPS-0158,VEH-0133,141,141,2026-01-10,141,0,VERIFIED,OFF-00030
DEL-0000304,MAN-000032,MI-0000384,FPS-0158,VEH-0133,132,131,2026-01-10,0,131,VERIFIED,OFF-00048
DEL-0000305,MAN-000033,MI-0000385,FPS-0334,VEH-0034,153,153,2026-01-09,153,0,VERIFIED,OFF-00024
DEL-0000306,MAN-000033,MI-0000386,FPS-0334,VEH-0034,128,128,2026-01-08,0,128,VERIFIED,OFF-00026
DEL-0000307,MAN-000033,MI-0000387,FPS-0534,VEH-0034,139,138,2026-01-07,138,0,VERIFIED,OFF-00063
DEL-0000308,MAN-000033,MI-0000388,FPS-0534,VEH-0034,115,114,2026-01-09,0,114,VERIFIED,OFF-00058
DEL-0000309,MAN-000033,MI-0000389,FPS-0109,VEH-0034,149,150,2026-01-07,150,0,VERIFIED,OFF-00054
DEL-0000310,MAN-000033,MI-0000390,FPS-0109,VEH-0034,133,133,2026-01-07,0,133,VERIFIED,OFF-00043
DEL-0000311,MAN-000033,MI-0000391,FPS-0434,VEH-0034,206,207,2026-01-07,207,0,VERIFIED,OFF-00023
DEL-0000312,MAN-000033,MI-0000392,FPS-0434,VEH-0034,165,165,2026-01-07,0,165,VERIFIED,OFF-00049
DEL-0000313,MAN-000033,MI-0000393,FPS-0259,VEH-0034,152,149,2026-01-10,149,0,VARIANCE,OFF-00043
DEL-0000314,MAN-000033,MI-0000394,FPS-0259,VEH-0034,114,113,2026-01-09,0,113,VERIFIED,OFF-00052
DEL-0000315,MAN-000033,MI-0000395,FPS-0309,VEH-0034,201,203,2026-01-10,203,0,VERIFIED,OFF-00009
DEL-0000316,MAN-000033,MI-0000396,FPS-0309,VEH-0034,155,153,2026-01-10,0,153,VERIFIED,OFF-00043
DEL-0000317,MAN-000034,MI-0000399,FPS-0234,VEH-0109,133,133,2026-01-06,133,0,VERIFIED,OFF-00040
DEL-0000318,MAN-000034,MI-0000406,FPS-0034,VEH-0109,147,146,2026-01-08,0,146,VERIFIED,OFF-00007
DEL-0000319,MAN-000034,MI-0000408,FPS-0009,VEH-0109,121,119,2026-01-08,0,119,VARIANCE,OFF-00063
DEL-0000320,MAN-000035,MI-0000412,FPS-0409,VEH-0009,142,140,2026-01-06,0,140,VERIFIED,OFF-00013
DEL-0000321,MAN-000035,MI-0000413,FPS-0359,VEH-0009,242,240,2026-01-07,240,0,VERIFIED,OFF-00052
DEL-0000322,MAN-000035,MI-0000414,FPS-0359,VEH-0009,166,167,2026-01-08,0,167,VERIFIED,OFF-00047
DEL-0000323,MAN-000035,MI-0000416,FPS-0584,VEH-0009,121,121,2026-01-06,0,121,VERIFIED,OFF-00065
DEL-0000324,MAN-000035,MI-0000417,FPS-0559,VEH-0009,139,137,2026-01-07,137,0,VERIFIED,OFF-00049
DEL-0000325,MAN-000036,MI-0000421,FPS-0509,VEH-0009,167,165,2026-01-09,165,0,VERIFIED,OFF-00058
DEL-0000326,MAN-000036,MI-0000422,FPS-0509,VEH-0009,144,143,2026-01-07,0,143,VERIFIED,OFF-00066
DEL-0000327,MAN-000036,MI-0000423,FPS-0209,VEH-0009,227,223,2026-01-09,223,0,VARIANCE,OFF-00056
DEL-0000328,MAN-000036,MI-0000424,FPS-0209,VEH-0009,176,177,2026-01-06,0,177,VERIFIED,OFF-00064
DEL-0000329,MAN-000036,MI-0000425,FPS-0059,VEH-0009,163,160,2026-01-08,160,0,VARIANCE,OFF-00034
DEL-0000330,MAN-000036,MI-0000426,FPS-0059,VEH-0009,151,151,2026-01-07,0,151,VERIFIED,OFF-00021
DEL-0000331,MAN-000036,MI-0000427,FPS-0384,VEH-0009,193,193,2026-01-08,193,0,VERIFIED,OFF-00029
DEL-0000332,MAN-000036,MI-0000428,FPS-0384,VEH-0009,143,143,2026-01-08,0,143,VERIFIED,OFF-00010
DEL-0000333,MAN-000036,MI-0000429,FPS-0459,VEH-0009,191,187,2026-01-07,187,0,VARIANCE,OFF-00042
DEL-0000334,MAN-000036,MI-0000430,FPS-0459,VEH-0009,159,158,2026-01-09,0,158,VERIFIED,OFF-00052
DEL-0000335,MAN-000036,MI-0000431,FPS-0284,VEH-0009,152,152,2026-01-09,152,0,VERIFIED,OFF-00022
DEL-0000336,MAN-000036,MI-0000432,FPS-0284,VEH-0009,136,133,2026-01-09,0,133,VARIANCE,OFF-00015
DEL-0000337,MAN-000037,MI-0000433,FPS-0035,VEH-0010,206,205,2026-01-06,205,0,VERIFIED,OFF-00032
DEL-0000338,MAN-000037,MI-0000434,FPS-0035,VEH-0010,149,150,2026-01-09,0,150,VERIFIED,OFF-00015
DEL-0000339,MAN-000037,MI-0000435,FPS-0460,VEH-0010,162,161,2026-01-07,161,0,VERIFIED,OFF-00056
DEL-0000340,MAN-000037,MI-0000436,FPS-0460,VEH-0010,132,129,2026-01-07,0,129,VARIANCE,OFF-00013
DEL-0000341,MAN-000037,MI-0000437,FPS-0510,VEH-0010,145,142,2026-01-09,142,0,VARIANCE,OFF-00035
DEL-0000342,MAN-000037,MI-0000438,FPS-0510,VEH-0010,125,124,2026-01-09,0,124,VERIFIED,OFF-00018
DEL-0000343,MAN-000037,MI-0000439,FPS-0235,VEH-0010,158,155,2026-01-06,155,0,VARIANCE,OFF-00034
DEL-0000344,MAN-000037,MI-0000440,FPS-0235,VEH-0010,122,120,2026-01-09,0,120,VARIANCE,OFF-00016
DEL-0000345,MAN-000037,MI-0000441,FPS-0385,VEH-0010,230,230,2026-01-09,230,0,VERIFIED,OFF-00058
DEL-0000346,MAN-000037,MI-0000442,FPS-0385,VEH-0010,160,159,2026-01-06,0,159,VERIFIED,OFF-00042
DEL-0000347,MAN-000037,MI-0000443,FPS-0110,VEH-0010,134,134,2026-01-09,134,0,VERIFIED,OFF-00057
DEL-0000348,MAN-000037,MI-0000444,FPS-0110,VEH-0010,124,123,2026-01-09,0,123,VERIFIED,OFF-00039
DEL-0000349,MAN-000038,MI-0000447,FPS-0010,VEH-0085,234,233,2026-01-08,233,0,VERIFIED,OFF-00025
DEL-0000350,MAN-000038,MI-0000448,FPS-0010,VEH-0085,161,158,2026-01-06,0,158,VARIANCE,OFF-00060
DEL-0000351,MAN-000038,MI-0000450,FPS-0210,VEH-0085,122,119,2026-01-07,0,119,VARIANCE,OFF-00016
DEL-0000352,MAN-000038,MI-0000454,FPS-0310,VEH-0085,124,121,2026-01-08,0,121,VARIANCE,OFF-00037
DEL-0000353,MAN-000038,MI-0000455,FPS-0485,VEH-0085,154,155,2026-01-09,155,0,VERIFIED,OFF-00055
DEL-0000354,MAN-000039,MI-0000459,FPS-0585,VEH-0085,148,148,2026-01-06,148,0,VERIFIED,OFF-00007
DEL-0000355,MAN-000039,MI-0000460,FPS-0585,VEH-0085,131,130,2026-01-07,0,130,VERIFIED,OFF-00055
DEL-0000356,MAN-000039,MI-0000461,FPS-0410,VEH-0085,193,193,2026-01-06,193,0,VERIFIED,OFF-00022
DEL-0000357,MAN-000039,MI-0000462,FPS-0410,VEH-0085,139,138,2026-01-09,0,138,VERIFIED,OFF-00030
DEL-0000358,MAN-000039,MI-0000464,FPS-0285,VEH-0085,160,157,2026-01-07,0,157,VARIANCE,OFF-00007
DEL-0000359,MAN-000039,MI-0000466,FPS-0135,VEH-0085,129,126,2026-01-09,0,126,VARIANCE,OFF-00039
DEL-0000360,MAN-000040,MI-0000470,FPS-0335,VEH-0060,163,160,2026-01-07,0,160,VARIANCE,OFF-00009
DEL-0000361,MAN-000040,MI-0000480,FPS-0435,VEH-0060,146,145,2026-01-08,0,145,VERIFIED,OFF-00043
DEL-0000362,MAN-000041,MI-0000481,FPS-0011,VEH-0111,149,148,2026-01-08,148,0,VERIFIED,OFF-00016
DEL-0000363,MAN-000041,MI-0000483,FPS-0261,VEH-0111,97,95,2026-01-07,95,0,VARIANCE,OFF-00049
DEL-0000364,MAN-000041,MI-0000489,FPS-0436,VEH-0111,127,126,2026-01-08,126,0,VERIFIED,OFF-00040
DEL-0000365,MAN-000041,MI-0000492,FPS-0586,VEH-0111,125,123,2026-01-06,0,123,VARIANCE,OFF-00027
DEL-0000366,MAN-000042,MI-0000494,FPS-0211,VEH-0011,129,127,2026-01-06,0,127,VARIANCE,OFF-00047
DEL-0000367,MAN-000042,MI-0000496,FPS-0311,VEH-0011,158,157,2026-01-06,0,157,VERIFIED,OFF-00010
DEL-0000368,MAN-000042,MI-0000497,FPS-0286,VEH-0011,161,159,2026-01-07,159,0,VERIFIED,OFF-00024
DEL-0000369,MAN-000042,MI-0000499,FPS-0336,VEH-0011,208,207,2026-01-09,207,0,VERIFIED,OFF-00023
DEL-0000370,MAN-000042,MI-0000500,FPS-0336,VEH-0011,159,160,2026-01-09,0,160,VERIFIED,OFF-00021
DEL-0000371,MAN-000042,MI-0000503,FPS-0536,VEH-0011,150,149,2026-01-07,149,0,VERIFIED,OFF-00059
DEL-0000372,MAN-000042,MI-0000504,FPS-0536,VEH-0011,145,144,2026-01-09,0,144,VERIFIED,OFF-00007
DEL-0000373,MAN-000043,MI-0000505,FPS-0561,VEH-0111,150,149,2026-01-07,149,0,VERIFIED,OFF-00061
DEL-0000374,MAN-000043,MI-0000506,FPS-0561,VEH-0111,126,125,2026-01-07,0,125,VERIFIED,OFF-00009
DEL-0000375,MAN-000043,MI-0000507,FPS-0036,VEH-0111,186,184,2026-01-06,184,0,VERIFIED,OFF-00060
DEL-0000376,MAN-000043,MI-0000508,FPS-0036,VEH-0111,144,145,2026-01-07,0,145,VERIFIED,OFF-00037
DEL-0000377,MAN-000043,MI-0000509,FPS-0236,VEH-0111,154,151,2026-01-07,151,0,VARIANCE,OFF-00009
DEL-0000378,MAN-000043,MI-0000510,FPS-0236,VEH-0111,133,130,2026-01-08,0,130,VARIANCE,OFF-00024
DEL-0000379,MAN-000043,MI-0000511,FPS-0411,VEH-0111,159,159,2026-01-08,159,0,VERIFIED,OFF-00063
DEL-0000380,MAN-000043,MI-0000512,FPS-0411,VEH-0111,135,133,2026-01-07,0,133,VERIFIED,OFF-00053
DEL-0000381,MAN-000043,MI-0000513,FPS-0186,VEH-0111,213,213,2026-01-07,213,0,VERIFIED,OFF-00034
DEL-0000382,MAN-000043,MI-0000514,FPS-0186,VEH-0111,168,169,2026-01-09,0,169,VERIFIED,OFF-00061
DEL-0000383,MAN-000043,MI-0000515,FPS-0461,VEH-0111,185,184,2026-01-08,184,0,VERIFIED,OFF-00028
DEL-0000384,MAN-000043,MI-0000516,FPS-0461,VEH-0111,136,137,2026-01-07,0,137,VERIFIED,OFF-00035
DEL-0000385,MAN-000044,MI-0000517,FPS-0136,VEH-0136,189,188,2026-01-07,188,0,VERIFIED,OFF-00045
DEL-0000386,MAN-000044,MI-0000518,FPS-0136,VEH-0136,152,151,2026-01-08,0,151,VERIFIED,OFF-00022
DEL-0000387,MAN-000044,MI-0000519,FPS-0061,VEH-0136,135,135,2026-01-09,135,0,VERIFIED,OFF-00021
DEL-0000388,MAN-000044,MI-0000520,FPS-0061,VEH-0136,125,125,2026-01-07,0,125,VERIFIED,OFF-00012
DEL-0000389,MAN-000044,MI-0000521,FPS-0086,VEH-0136,149,147,2026-01-10,147,0,VERIFIED,OFF-00047
DEL-0000390,MAN-000044,MI-0000522,FPS-0086,VEH-0136,128,128,2026-01-10,0,128,VERIFIED,OFF-00046
DEL-0000391,MAN-000044,MI-0000523,FPS-0111,VEH-0136,157,157,2026-01-09,157,0,VERIFIED,OFF-00050
DEL-0000392,MAN-000044,MI-0000524,FPS-0111,VEH-0136,126,125,2026-01-08,0,125,VERIFIED,OFF-00060
DEL-0000393,MAN-000044,MI-0000525,FPS-0486,VEH-0136,190,188,2026-01-08,188,0,VERIFIED,OFF-00057
DEL-0000394,MAN-000044,MI-0000526,FPS-0486,VEH-0136,151,149,2026-01-09,0,149,VERIFIED,OFF-00060
DEL-0000395,MAN-000044,MI-0000527,FPS-0361,VEH-0136,151,149,2026-01-09,149,0,VERIFIED,OFF-00048
DEL-0000396,MAN-000044,MI-0000528,FPS-0361,VEH-0136,128,127,2026-01-09,0,127,VERIFIED,OFF-00040
DEL-0000397,MAN-000046,MI-0000541,FPS-0062,VEH-0062,153,154,2026-01-07,154,0,VERIFIED,OFF-00033
DEL-0000398,MAN-000046,MI-0000542,FPS-0062,VEH-0062,129,133,2026-01-07,0,133,VARIANCE,OFF-00040
DEL-0000399,MAN-000046,MI-0000543,FPS-0412,VEH-0062,188,196,2026-01-06,196,0,REJECTED,OFF-00065
DEL-0000400,MAN-000046,MI-0000544,FPS-0412,VEH-0062,150,155,2026-01-08,0,155,VARIANCE,OFF-00059
DEL-0000401,MAN-000046,MI-0000545,FPS-0087,VEH-0062,145,149,2026-01-09,149,0,VARIANCE,OFF-00034
DEL-0000402,MAN-000046,MI-0000546,FPS-0087,VEH-0062,122,128,2026-01-08,0,128,REJECTED,OFF-00040
DEL-0000403,MAN-000046,MI-0000547,FPS-0012,VEH-0062,194,196,2026-01-07,196,0,VERIFIED,OFF-00028
DEL-0000404,MAN-000046,MI-0000548,FPS-0012,VEH-0062,160,164,2026-01-07,0,164,VARIANCE,OFF-00058
DEL-0000405,MAN-000046,MI-0000549,FPS-0212,VEH-0062,145,136,2026-01-08,136,0,REJECTED,OFF-00052
DEL-0000406,MAN-000046,MI-0000550,FPS-0212,VEH-0062,117,116,2026-01-09,0,116,VERIFIED,OFF-00042
DEL-0000407,MAN-000046,MI-0000551,FPS-0187,VEH-0062,180,180,2026-01-08,180,0,VERIFIED,OFF-00030
DEL-0000408,MAN-000046,MI-0000552,FPS-0187,VEH-0062,128,123,2026-01-07,0,123,REJECTED,OFF-00059
DEL-0000409,MAN-000047,MI-0000553,FPS-0387,VEH-0037,290,292,2026-01-08,292,0,VERIFIED,OFF-00042
DEL-0000410,MAN-000047,MI-0000554,FPS-0387,VEH-0037,222,219,2026-01-08,0,219,VERIFIED,OFF-00053
DEL-0000411,MAN-000047,MI-0000555,FPS-0037,VEH-0037,1150,1127,2026-01-08,1127,0,VARIANCE,OFF-00009
DEL-0000412,MAN-000047,MI-0000556,FPS-0037,VEH-0037,159,160,2026-01-09,0,160,VERIFIED,OFF-00028
DEL-0000413,MAN-000047,MI-0000557,FPS-0362,VEH-0037,144,143,2026-01-06,143,0,VERIFIED,OFF-00066
DEL-0000414,MAN-000047,MI-0000558,FPS-0362,VEH-0037,131,131,2026-01-09,0,131,VERIFIED,OFF-00043
DEL-0000415,MAN-000047,MI-0000559,FPS-0487,VEH-0037,138,135,2026-01-08,135,0,VARIANCE,OFF-00057
DEL-0000416,MAN-000047,MI-0000560,FPS-0487,VEH-0037,119,117,2026-01-09,0,117,VARIANCE,OFF-00028
DEL-0000417,MAN-000047,MI-0000561,FPS-0287,VEH-0037,276,270,2026-01-07,270,0,VARIANCE,OFF-00007
DEL-0000418,MAN-000047,MI-0000562,FPS-0287,VEH-0037,184,184,2026-01-09,0,184,VERIFIED,OFF-00033
DEL-0000419,MAN-000047,MI-0000563,FPS-0312,VEH-0037,226,227,2026-01-09,227,0,VERIFIED,OFF-00030
DEL-0000420,MAN-000047,MI-0000564,FPS-0312,VEH-0037,161,162,2026-01-07,0,162,VERIFIED,OFF-00030
DEL-0000421,MAN-000048,MI-0000569,FPS-0537,VEH-0062,148,148,2026-01-08,148,0,VERIFIED,OFF-00012
DEL-0000422,MAN-000049,MI-0000577,FPS-0013,VEH-0013,210,205,2026-01-08,205,0,VARIANCE,OFF-00044
DEL-0000423,MAN-000049,MI-0000578,FPS-0013,VEH-0013,162,163,2026-01-08,0,163,VERIFIED,OFF-00039
DEL-0000424,MAN-000049,MI-0000579,FPS-0363,VEH-0013,149,147,2026-01-09,147,0,VERIFIED,OFF-00010
DEL-0000425,MAN-000049,MI-0000580,FPS-0363,VEH-0013,128,125,2026-01-07,0,125,VARIANCE,OFF-00052
DEL-0000426,MAN-000049,MI-0000581,FPS-0388,VEH-0013,148,148,2026-01-09,148,0,VERIFIED,OFF-00035
DEL-0000427,MAN-000049,MI-0000582,FPS-0388,VEH-0013,126,123,2026-01-07,0,123,VARIANCE,OFF-00056
DEL-0000428,MAN-000049,MI-0000583,FPS-0163,VEH-0013,132,131,2026-01-06,131,0,VERIFIED,OFF-00040
DEL-0000429,MAN-000049,MI-0000584,FPS-0163,VEH-0013,121,118,2026-01-08,0,118,VARIANCE,OFF-00033
DEL-0000430,MAN-000049,MI-0000585,FPS-0313,VEH-0013,158,156,2026-01-08,156,0,VERIFIED,OFF-00044
DEL-0000431,MAN-000049,MI-0000586,FPS-0313,VEH-0013,146,145,2026-01-07,0,145,VERIFIED,OFF-00027
DEL-0000432,MAN-000049,MI-0000587,FPS-0513,VEH-0013,148,149,2026-01-07,149,0,VERIFIED,OFF-00012
DEL-0000433,MAN-000049,MI-0000588,FPS-0513,VEH-0013,130,128,2026-01-08,0,128,VARIANCE,OFF-00037
DEL-0000434,MAN-000050,MI-0000596,FPS-0188,VEH-0113,138,139,2026-01-06,0,139,VERIFIED,OFF-00053
DEL-0000435,MAN-000051,MI-0000601,FPS-0088,VEH-0138,180,178,2026-01-08,178,0,VERIFIED,OFF-00053
DEL-0000436,MAN-000051,MI-0000602,FPS-0088,VEH-0138,132,130,2026-01-08,0,130,VARIANCE,OFF-00040
DEL-0000437,MAN-000051,MI-0000603,FPS-0038,VEH-0138,225,223,2026-01-06,223,0,VERIFIED,OFF-00052
DEL-0000438,MAN-000051,MI-0000604,FPS-0038,VEH-0138,164,162,2026-01-09,0,162,VERIFIED,OFF-00037
DEL-0000439,MAN-000051,MI-0000605,FPS-0138,VEH-0138,207,207,2026-01-09,207,0,VERIFIED,OFF-00007
DEL-0000440,MAN-000051,MI-0000606,FPS-0138,VEH-0138,151,150,2026-01-09,0,150,VERIFIED,OFF-00018
DEL-0000441,MAN-000051,MI-0000607,FPS-0463,VEH-0138,197,197,2026-01-06,197,0,VERIFIED,OFF-00035
DEL-0000442,MAN-000051,MI-0000608,FPS-0463,VEH-0138,140,139,2026-01-07,0,139,VERIFIED,OFF-00014
DEL-0000443,MAN-000051,MI-0000609,FPS-0213,VEH-0138,141,139,2026-01-06,139,0,VERIFIED,OFF-00013
DEL-0000444,MAN-000051,MI-0000610,FPS-0213,VEH-0138,120,118,2026-01-09,0,118,VARIANCE,OFF-00059
DEL-0000445,MAN-000051,MI-0000611,FPS-0413,VEH-0138,138,139,2026-01-08,139,0,VERIFIED,OFF-00056
DEL-0000446,MAN-000051,MI-0000612,FPS-0413,VEH-0138,129,129,2026-01-08,0,129,VERIFIED,OFF-00038
DEL-0000447,MAN-000052,MI-0000614,FPS-0288,VEH-0063,137,136,2026-01-09,0,136,VERIFIED,OFF-00036
DEL-0000448,MAN-000052,MI-0000615,FPS-0238,VEH-0063,186,185,2026-01-09,185,0,VERIFIED,OFF-00061
DEL-0000449,MAN-000052,MI-0000617,FPS-0563,VEH-0063,247,246,2026-01-08,246,0,VERIFIED,OFF-00062
DEL-0000450,MAN-000052,MI-0000621,FPS-0538,VEH-0063,157,156,2026-01-06,156,0,VERIFIED,OFF-00058
DEL-0000451,MAN-000052,MI-0000623,FPS-0263,VEH-0063,140,139,2026-01-07,139,0,VERIFIED,OFF-00018
DEL-0000452,MAN-000053,MI-0000627,FPS-0164,VEH-0089,129,129,2026-01-09,129,0,VERIFIED,OFF-00038
DEL-0000453,MAN-000054,MI-0000640,FPS-0564,VEH-0014,104,104,2026-01-08,0,104,VERIFIED,OFF-00042
DEL-0000454,MAN-000054,MI-0000642,FPS-0264,VEH-0014,100,100,2026-01-07,0,100,VERIFIED,OFF-00035
DEL-0000455,MAN-000054,MI-0000643,FPS-0414,VEH-0014,206,205,2026-01-07,205,0,VERIFIED,OFF-00042
DEL-0000456,MAN-000054,MI-0000646,FPS-0489,VEH-0014,144,143,2026-01-08,0,143,VERIFIED,OFF-00058
DEL-0000457,MAN-000054,MI-0000647,FPS-0189,VEH-0014,228,229,2026-01-09,229,0,VERIFIED,OFF-00020
DEL-0000458,MAN-000055,MI-0000654,FPS-0239,VEH-0014,125,122,2026-01-07,0,122,VARIANCE,OFF-00052
DEL-0000459,MAN-000055,MI-0000659,FPS-0389,VEH-0014,158,159,2026-01-09,159,0,VERIFIED,OFF-00066
DEL-0000460,MAN-000056,MI-0000661,FPS-0139,VEH-0114,172,168,2026-01-09,168,0,VARIANCE,OFF-00066
DEL-0000461,MAN-000056,MI-0000662,FPS-0139,VEH-0114,143,143,2026-01-09,0,143,VERIFIED,OFF-00008
DEL-0000462,MAN-000056,MI-0000663,FPS-0289,VEH-0114,125,124,2026-01-09,124,0,VERIFIED,OFF-00031
DEL-0000463,MAN-000056,MI-0000664,FPS-0289,VEH-0114,114,114,2026-01-09,0,114,VERIFIED,OFF-00040
DEL-0000464,MAN-000056,MI-0000665,FPS-0514,VEH-0114,110,109,2026-01-06,109,0,VERIFIED,OFF-00047
DEL-0000465,MAN-000056,MI-0000666,FPS-0514,VEH-0114,110,110,2026-01-09,0,110,VERIFIED,OFF-00062
DEL-0000466,MAN-000056,MI-0000667,FPS-0314,VEH-0114,186,184,2026-01-08,184,0,VERIFIED,OFF-00042
DEL-0000467,MAN-000056,MI-0000668,FPS-0314,VEH-0114,142,142,2026-01-08,0,142,VERIFIED,OFF-00020
DEL-0000468,MAN-000056,MI-0000669,FPS-0339,VEH-0114,146,147,2026-01-06,147,0,VERIFIED,OFF-00044
DEL-0000469,MAN-000056,MI-0000670,FPS-0339,VEH-0114,138,137,2026-01-06,0,137,VERIFIED,OFF-00012
DEL-0000470,MAN-000056,MI-0000671,FPS-0464,VEH-0114,174,175,2026-01-08,175,0,VERIFIED,OFF-00058
DEL-0000471,MAN-000056,MI-0000672,FPS-0464,VEH-0114,137,137,2026-01-07,0,137,VERIFIED,OFF-00013
DEL-0000472,MAN-000057,MI-0000673,FPS-0165,VEH-0140,153,153,2026-01-07,153,0,VERIFIED,OFF-00010
DEL-0000473,MAN-000057,MI-0000676,FPS-0090,VEH-0140,159,156,2026-01-06,0,156,VARIANCE,OFF-00062
DEL-0000474,MAN-000058,MI-0000685,FPS-0015,VEH-0015,176,174,2026-01-09,174,0,VERIFIED,OFF-00055
DEL-0000475,MAN-000058,MI-0000686,FPS-0015,VEH-0015,140,140,2026-01-09,0,140,VERIFIED,OFF-00053
DEL-0000476,MAN-000058,MI-0000687,FPS-0190,VEH-0015,134,133,2026-01-07,133,0,VERIFIED,OFF-00040
DEL-0000477,MAN-000058,MI-0000688,FPS-0190,VEH-0015,122,123,2026-01-08,0,123,VERIFIED,OFF-00025
DEL-0000478,MAN-000058,MI-0000689,FPS-0590,VEH-0015,192,189,2026-01-07,189,0,VARIANCE,OFF-00064
DEL-0000479,MAN-000058,MI-0000690,FPS-0590,VEH-0015,143,144,2026-01-07,0,144,VERIFIED,OFF-00065
DEL-0000480,MAN-000058,MI-0000691,FPS-0365,VEH-0015,163,162,2026-01-06,162,0,VERIFIED,OFF-00040
DEL-0000481,MAN-000058,MI-0000692,FPS-0365,VEH-0015,141,140,2026-01-09,0,140,VERIFIED,OFF-00064
DEL-0000482,MAN-000058,MI-0000693,FPS-0390,VEH-0015,191,192,2026-01-07,192,0,VERIFIED,OFF-00021
DEL-0000483,MAN-000058,MI-0000694,FPS-0390,VEH-0015,142,143,2026-01-06,0,143,VERIFIED,OFF-00066
DEL-0000484,MAN-000058,MI-0000695,FPS-0265,VEH-0015,201,198,2026-01-06,198,0,VERIFIED,OFF-00024
DEL-0000485,MAN-000058,MI-0000696,FPS-0265,VEH-0015,160,160,2026-01-09,0,160,VERIFIED,OFF-00020
DEL-0000486,MAN-000059,MI-0000698,FPS-0215,VEH-0090,128,126,2026-01-06,0,126,VARIANCE,OFF-00049
DEL-0000487,MAN-000059,MI-0000702,FPS-0140,VEH-0090,128,127,2026-01-06,0,127,VERIFIED,OFF-00047
DEL-0000488,MAN-000059,MI-0000704,FPS-0290,VEH-0090,145,144,2026-01-06,0,144,VERIFIED,OFF-00029
DEL-0000489,MAN-000059,MI-0000706,FPS-0315,VEH-0090,146,145,2026-01-08,0,145,VERIFIED,OFF-00058
DEL-0000490,MAN-000059,MI-0000707,FPS-0440,VEH-0090,163,164,2026-01-07,164,0,VERIFIED,OFF-00050
DEL-0000491,MAN-000060,MI-0000709,FPS-0415,VEH-0115,183,180,2026-01-08,180,0,VARIANCE,OFF-00066
DEL-0000492,MAN-000060,MI-0000710,FPS-0415,VEH-0115,153,152,2026-01-08,0,152,VERIFIED,OFF-00020
DEL-0000493,MAN-000060,MI-0000711,FPS-0515,VEH-0115,119,117,2026-01-10,117,0,VARIANCE,OFF-00018
DEL-0000494,MAN-000060,MI-0000712,FPS-0515,VEH-0115,115,113,2026-01-09,0,113,VARIANCE,OFF-00060
DEL-0000495,MAN-000060,MI-0000713,FPS-0115,VEH-0115,133,133,2026-01-10,133,0,VERIFIED,OFF-00037
DEL-0000496,MAN-000060,MI-0000714,FPS-0115,VEH-0115,121,121,2026-01-08,0,121,VERIFIED,OFF-00031
DEL-0000497,MAN-000060,MI-0000715,FPS-0465,VEH-0115,173,172,2026-01-10,172,0,VERIFIED,OFF-00051
DEL-0000498,MAN-000060,MI-0000716,FPS-0465,VEH-0115,150,147,2026-01-07,0,147,VARIANCE,OFF-00024
DEL-0000499,MAN-000060,MI-0000717,FPS-0040,VEH-0115,147,145,2026-01-10,145,0,VERIFIED,OFF-00053
DEL-0000500,MAN-000060,MI-0000718,FPS-0040,VEH-0115,126,123,2026-01-07,0,123,VARIANCE,OFF-00019
DEL-0000501,MAN-000060,MI-0000719,FPS-0540,VEH-0115,126,124,2026-01-09,124,0,VARIANCE,OFF-00028
DEL-0000502,MAN-000060,MI-0000720,FPS-0540,VEH-0115,113,112,2026-01-09,0,112,VERIFIED,OFF-00033
DEL-0000503,MAN-000061,MI-0000721,FPS-0216,VEH-0016,155,158,2026-01-08,158,0,VARIANCE,OFF-00025
DEL-0000504,MAN-000061,MI-0000722,FPS-0216,VEH-0016,142,139,2026-01-08,0,139,VARIANCE,OFF-00020
DEL-0000505,MAN-000061,MI-0000723,FPS-0591,VEH-0016,140,142,2026-01-07,142,0,VERIFIED,OFF-00044
DEL-0000506,MAN-000061,MI-0000724,FPS-0591,VEH-0016,139,140,2026-01-09,0,140,VERIFIED,OFF-00013
DEL-0000507,MAN-000061,MI-0000725,FPS-0366,VEH-0016,151,150,2026-01-08,150,0,VERIFIED,OFF-00038
DEL-0000508,MAN-000061,MI-0000726,FPS-0366,VEH-0016,124,116,2026-01-06,0,116,REJECTED,OFF-00061
DEL-0000509,MAN-000061,MI-0000727,FPS-0041,VEH-0016,150,154,2026-01-08,154,0,VARIANCE,OFF-00042
DEL-0000510,MAN-000061,MI-0000728,FPS-0041,VEH-0016,127,123,2026-01-08,0,123,VARIANCE,OFF-00054
DEL-0000511,MAN-000061,MI-0000729,FPS-0416,VEH-0016,139,130,2026-01-09,130,0,REJECTED,OFF-00016
DEL-0000512,MAN-000061,MI-0000730,FPS-0416,VEH-0016,116,114,2026-01-07,0,114,VARIANCE,OFF-00010
DEL-0000513,MAN-000061,MI-0000731,FPS-0116,VEH-0016,131,128,2026-01-08,128,0,VARIANCE,OFF-00057
DEL-0000514,MAN-000061,MI-0000732,FPS-0116,VEH-0016,110,104,2026-01-07,0,104,REJECTED,OFF-00028
DEL-0000515,MAN-000062,MI-0000733,FPS-0541,VEH-0116,153,150,2026-01-10,150,0,VARIANCE,OFF-00034
DEL-0000516,MAN-000062,MI-0000734,FPS-0541,VEH-0116,142,143,2026-01-10,0,143,VERIFIED,OFF-00026
DEL-0000517,MAN-000062,MI-0000735,FPS-0316,VEH-0116,141,139,2026-01-09,139,0,VERIFIED,OFF-00058
DEL-0000518,MAN-000062,MI-0000736,FPS-0316,VEH-0116,124,122,2026-01-07,0,122,VARIANCE,OFF-00022
DEL-0000519,MAN-000062,MI-0000737,FPS-0066,VEH-0116,171,168,2026-01-07,168,0,VARIANCE,OFF-00059
DEL-0000520,MAN-000062,MI-0000738,FPS-0066,VEH-0116,141,141,2026-01-07,0,141,VERIFIED,OFF-00038
DEL-0000521,MAN-000062,MI-0000739,FPS-0241,VEH-0116,174,175,2026-01-10,175,0,VERIFIED,OFF-00008
DEL-0000522,MAN-000062,MI-0000740,FPS-0241,VEH-0116,141,141,2026-01-10,0,141,VERIFIED,OFF-00019
DEL-0000523,MAN-000062,MI-0000741,FPS-0466,VEH-0116,180,179,2026-01-10,179,0,VERIFIED,OFF-00041
DEL-0000524,MAN-000062,MI-0000742,FPS-0466,VEH-0116,165,164,2026-01-09,0,164,VERIFIED,OFF-00053
DEL-0000525,MAN-000062,MI-0000743,FPS-0291,VEH-0116,182,178,2026-01-10,178,0,VARIANCE,OFF-00014
DEL-0000526,MAN-000062,MI-0000744,FPS-0291,VEH-0116,142,141,2026-01-08,0,141,VERIFIED,OFF-00013
DEL-0000527,MAN-000063,MI-0000745,FPS-0441,VEH-0016,208,207,2026-01-10,207,0,VERIFIED,OFF-00036
DEL-0000528,MAN-000063,MI-0000746,FPS-0441,VEH-0016,153,152,2026-01-09,0,152,VERIFIED,OFF-00028
DEL-0000529,MAN-000063,MI-0000747,FPS-0516,VEH-0016,146,147,2026-01-10,147,0,VERIFIED,OFF-00050
DEL-0000530,MAN-000063,MI-0000748,FPS-0516,VEH-0016,139,140,2026-01-10,0,140,VERIFIED,OFF-00052
DEL-0000531,MAN-000063,MI-0000749,FPS-0016,VEH-0016,182,179,2026-01-10,179,0,VARIANCE,OFF-00021
DEL-0000532,MAN-000063,MI-0000750,FPS-0016,VEH-0016,142,142,2026-01-10,0,142,VERIFIED,OFF-00030
DEL-0000533,MAN-000063,MI-0000751,FPS-0391,VEH-0016,197,199,2026-01-08,199,0,VERIFIED,OFF-00008
DEL-0000534,MAN-000063,MI-0000752,FPS-0391,VEH-0016,152,151,2026-01-09,0,151,VERIFIED,OFF-00017
DEL-0000535,MAN-000063,MI-0000753,FPS-0191,VEH-0016,135,134,2026-01-10,134,0,VERIFIED,OFF-00061
DEL-0000536,MAN-000063,MI-0000754,FPS-0191,VEH-0016,122,120,2026-01-10,0,120,VARIANCE,OFF-00011
DEL-0000537,MAN-000063,MI-0000755,FPS-0566,VEH-0016,145,146,2026-01-09,146,0,VERIFIED,OFF-00052
DEL-0000538,MAN-000063,MI-0000756,FPS-0566,VEH-0016,140,140,2026-01-07,0,140,VERIFIED,OFF-00064
DEL-0000539,MAN-000064,MI-0000757,FPS-0141,VEH-0091,109,108,2026-01-08,108,0,VERIFIED,OFF-00054
DEL-0000540,MAN-000064,MI-0000758,FPS-0141,VEH-0091,106,105,2026-01-10,0,105,VERIFIED,OFF-00048
DEL-0000541,MAN-000064,MI-0000759,FPS-0341,VEH-0091,136,134,2026-01-10,134,0,VERIFIED,OFF-00024
DEL-0000542,MAN-000064,MI-0000760,FPS-0341,VEH-0091,121,119,2026-01-07,0,119,VARIANCE,OFF-00049
DEL-0000543,MAN-000064,MI-0000761,FPS-0166,VEH-0091,176,177,2026-01-07,177,0,VERIFIED,OFF-00008
DEL-0000544,MAN-000064,MI-0000762,FPS-0166,VEH-0091,152,152,2026-01-07,0,152,VERIFIED,OFF-00043
DEL-0000545,MAN-000064,MI-0000763,FPS-0491,VEH-0091,193,194,2026-01-07,194,0,VERIFIED,OFF-00028
DEL-0000546,MAN-000064,MI-0000764,FPS-0491,VEH-0091,143,142,2026-01-09,0,142,VERIFIED,OFF-00065
DEL-0000547,MAN-000064,MI-0000765,FPS-0091,VEH-0091,170,171,2026-01-07,171,0,VERIFIED,OFF-00031
DEL-0000548,MAN-000064,MI-0000766,FPS-0091,VEH-0091,143,144,2026-01-07,0,144,VERIFIED,OFF-00030
DEL-0000549,MAN-000064,MI-0000767,FPS-0266,VEH-0091,133,134,2026-01-09,134,0,VERIFIED,OFF-00035
DEL-0000550,MAN-000064,MI-0000768,FPS-0266,VEH-0091,129,129,2026-01-07,0,129,VERIFIED,OFF-00057
DEL-0000551,MAN-000065,MI-0000769,FPS-0017,VEH-0117,152,152,2026-01-07,152,0,VERIFIED,OFF-00032
DEL-0000552,MAN-000065,MI-0000770,FPS-0017,VEH-0117,138,136,2026-01-08,0,136,VERIFIED,OFF-00023
DEL-0000553,MAN-000065,MI-0000771,FPS-0467,VEH-0117,116,117,2026-01-07,117,0,VERIFIED,OFF-00058
DEL-0000554,MAN-000065,MI-0000772,FPS-0467,VEH-0117,109,107,2026-01-10,0,107,VARIANCE,OFF-00023
DEL-0000555,MAN-000065,MI-0000773,FPS-0392,VEH-0117,160,158,2026-01-08,158,0,VERIFIED,OFF-00060
DEL-0000556,MAN-000065,MI-0000774,FPS-0392,VEH-0117,141,141,2026-01-07,0,141,VERIFIED,OFF-00055
DEL-0000557,MAN-000065,MI-0000775,FPS-0567,VEH-0117,138,135,2026-01-08,135,0,VARIANCE,OFF-00042
DEL-0000558,MAN-000065,MI-0000776,FPS-0567,VEH-0117,118,116,2026-01-10,0,116,VARIANCE,OFF-00020
DEL-0000559,MAN-000065,MI-0000777,FPS-0242,VEH-0117,141,141,2026-01-10,141,0,VERIFIED,OFF-00018
DEL-0000560,MAN-000065,MI-0000778,FPS-0242,VEH-0117,107,107,2026-01-07,0,107,VERIFIED,OFF-00037
DEL-0000561,MAN-000065,MI-0000779,FPS-0367,VEH-0117,149,149,2026-01-07,149,0,VERIFIED,OFF-00036
DEL-0000562,MAN-000065,MI-0000780,FPS-0367,VEH-0117,140,137,2026-01-10,0,137,VARIANCE,OFF-00046
DEL-0000563,MAN-000066,MI-0000786,FPS-0167,VEH-0092,135,133,2026-01-06,0,133,VERIFIED,OFF-00058
DEL-0000564,MAN-000066,MI-0000788,FPS-0317,VEH-0092,143,144,2026-01-07,0,144,VERIFIED,OFF-00011
DEL-0000565,MAN-000066,MI-0000790,FPS-0417,VEH-0092,137,137,2026-01-09,0,137,VERIFIED,OFF-00053
DEL-0000566,MAN-000067,MI-0000794,FPS-0142,VEH-0092,134,135,2026-01-09,0,135,VERIFIED,OFF-00012
DEL-0000567,MAN-000067,MI-0000796,FPS-0342,VEH-0092,132,129,2026-01-08,0,129,VARIANCE,OFF-00066
DEL-0000568,MAN-000067,MI-0000797,FPS-0067,VEH-0092,188,186,2026-01-07,186,0,VERIFIED,OFF-00031
DEL-0000569,MAN-000067,MI-0000802,FPS-0092,VEH-0092,151,150,2026-01-06,0,150,VERIFIED,OFF-00026
DEL-0000570,MAN-000067,MI-0000803,FPS-0542,VEH-0092,162,162,2026-01-08,162,0,VERIFIED,OFF-00011
DEL-0000571,MAN-000068,MI-0000805,FPS-0192,VEH-0142,131,132,2026-01-08,132,0,VERIFIED,OFF-00066
DEL-0000572,MAN-000068,MI-0000806,FPS-0192,VEH-0142,107,106,2026-01-07,0,106,VERIFIED,OFF-00020
DEL-0000573,MAN-000068,MI-0000807,FPS-0592,VEH-0142,153,150,2026-01-08,150,0,VARIANCE,OFF-00058
DEL-0000574,MAN-000068,MI-0000808,FPS-0592,VEH-0142,126,124,2026-01-08,0,124,VARIANCE,OFF-00015
DEL-0000575,MAN-000068,MI-0000809,FPS-0117,VEH-0142,157,158,2026-01-07,158,0,VERIFIED,OFF-00024
DEL-0000576,MAN-000068,MI-0000810,FPS-0117,VEH-0142,130,130,2026-01-10,0,130,VERIFIED,OFF-00049
DEL-0000577,MAN-000068,MI-0000811,FPS-0267,VEH-0142,143,140,2026-01-09,140,0,VARIANCE,OFF-00010
DEL-0000578,MAN-000068,MI-0000812,FPS-0267,VEH-0142,120,117,2026-01-08,0,117,VARIANCE,OFF-00027
DEL-0000579,MAN-000068,MI-0000813,FPS-0042,VEH-0142,157,156,2026-01-09,156,0,VERIFIED,OFF-00042
DEL-0000580,MAN-000068,MI-0000814,FPS-0042,VEH-0142,140,138,2026-01-09,0,138,VERIFIED,OFF-00048
DEL-0000581,MAN-000068,MI-0000815,FPS-0442,VEH-0142,142,142,2026-01-10,142,0,VERIFIED,OFF-00056
DEL-0000582,MAN-000068,MI-0000816,FPS-0442,VEH-0142,129,127,2026-01-08,0,127,VARIANCE,OFF-00010
DEL-0000583,MAN-000069,MI-0000817,FPS-0393,VEH-0093,138,137,2026-01-07,137,0,VERIFIED,OFF-00009
DEL-0000584,MAN-000069,MI-0000818,FPS-0393,VEH-0093,130,130,2026-01-09,0,130,VERIFIED,OFF-00054
DEL-0000585,MAN-000069,MI-0000819,FPS-0468,VEH-0093,154,153,2026-01-08,153,0,VERIFIED,OFF-00057
DEL-0000586,MAN-000069,MI-0000820,FPS-0468,VEH-0093,129,128,2026-01-08,0,128,VERIFIED,OFF-00052
DEL-0000587,MAN-000069,MI-0000821,FPS-0293,VEH-0093,143,143,2026-01-07,143,0,VERIFIED,OFF-00019
DEL-0000588,MAN-000069,MI-0000822,FPS-0293,VEH-0093,117,115,2026-01-07,0,115,VARIANCE,OFF-00015
DEL-0000589,MAN-000069,MI-0000823,FPS-0243,VEH-0093,202,204,2026-01-09,204,0,VERIFIED,OFF-00016
DEL-0000590,MAN-000069,MI-0000824,FPS-0243,VEH-0093,147,145,2026-01-07,0,145,VERIFIED,OFF-00042
DEL-0000591,MAN-000069,MI-0000825,FPS-0418,VEH-0093,209,205,2026-01-07,205,0,VARIANCE,OFF-00007
DEL-0000592,MAN-000069,MI-0000826,FPS-0418,VEH-0093,144,141,2026-01-06,0,141,VARIANCE,OFF-00030
DEL-0000593,MAN-000069,MI-0000827,FPS-0368,VEH-0093,149,148,2026-01-06,148,0,VERIFIED,OFF-00035
DEL-0000594,MAN-000069,MI-0000828,FPS-0368,VEH-0093,130,131,2026-01-06,0,131,VERIFIED,OFF-00044
DEL-0000595,MAN-000070,MI-0000829,FPS-0318,VEH-0143,162,159,2026-01-09,159,0,VARIANCE,OFF-00064
DEL-0000596,MAN-000070,MI-0000830,FPS-0318,VEH-0143,139,138,2026-01-08,0,138,VERIFIED,OFF-00033
DEL-0000597,MAN-000070,MI-0000831,FPS-0043,VEH-0143,168,166,2026-01-09,166,0,VERIFIED,OFF-00052
DEL-0000598,MAN-000070,MI-0000832,FPS-0043,VEH-0143,142,140,2026-01-07,0,140,VERIFIED,OFF-00049
DEL-0000599,MAN-000070,MI-0000833,FPS-0143,VEH-0143,185,187,2026-01-07,187,0,VERIFIED,OFF-00027
DEL-0000600,MAN-000070,MI-0000834,FPS-0143,VEH-0143,154,155,2026-01-08,0,155,VERIFIED,OFF-00007
DEL-0000601,MAN-000070,MI-0000835,FPS-0268,VEH-0143,172,170,2026-01-09,170,0,VERIFIED,OFF-00015
DEL-0000602,MAN-000070,MI-0000836,FPS-0268,VEH-0143,146,143,2026-01-09,0,143,VARIANCE,OFF-00049
DEL-0000603,MAN-000070,MI-0000837,FPS-0168,VEH-0143,148,145,2026-01-06,145,0,VARIANCE,OFF-00032
DEL-0000604,MAN-000070,MI-0000838,FPS-0168,VEH-0143,123,123,2026-01-06,0,123,VERIFIED,OFF-00036
DEL-0000605,MAN-000070,MI-0000839,FPS-0193,VEH-0143,154,155,2026-01-07,155,0,VERIFIED,OFF-00061
DEL-0000606,MAN-000070,MI-0000840,FPS-0193,VEH-0143,128,126,2026-01-06,0,126,VARIANCE,OFF-00017
DEL-0000607,MAN-000071,MI-0000841,FPS-0568,VEH-0093,234,230,2026-01-10,230,0,VARIANCE,OFF-00066
DEL-0000608,MAN-000071,MI-0000842,FPS-0568,VEH-0093,154,152,2026-01-09,0,152,VERIFIED,OFF-00055
DEL-0000609,MAN-000071,MI-0000843,FPS-0593,VEH-0093,245,246,2026-01-07,246,0,VERIFIED,OFF-00023
DEL-0000610,MAN-000071,MI-0000844,FPS-0593,VEH-0093,165,166,2026-01-07,0,166,VERIFIED,OFF-00044
DEL-0000611,MAN-000071,MI-0000845,FPS-0118,VEH-0093,134,134,2026-01-07,134,0,VERIFIED,OFF-00065
DEL-0000612,MAN-000071,MI-0000846,FPS-0118,VEH-0093,120,119,2026-01-08,0,119,VERIFIED,OFF-00028
DEL-0000613,MAN-000071,MI-0000847,FPS-0443,VEH-0093,140,139,2026-01-10,139,0,VERIFIED,OFF-00019
DEL-0000614,MAN-000071,MI-0000848,FPS-0443,VEH-0093,128,129,2026-01-07,0,129,VERIFIED,OFF-00060
DEL-0000615,MAN-000071,MI-0000849,FPS-0218,VEH-0093,136,136,2026-01-07,136,0,VERIFIED,OFF-00057
DEL-0000616,MAN-000071,MI-0000850,FPS-0218,VEH-0093,132,131,2026-01-10,0,131,VERIFIED,OFF-00044
DEL-0000617,MAN-000071,MI-0000851,FPS-0343,VEH-0093,143,143,2026-01-08,143,0,VERIFIED,OFF-00019
DEL-0000618,MAN-000071,MI-0000852,FPS-0343,VEH-0093,126,123,2026-01-10,0,123,VARIANCE,OFF-00054
DEL-0000619,MAN-000072,MI-0000853,FPS-0068,VEH-0068,167,165,2026-01-09,165,0,VERIFIED,OFF-00040
DEL-0000620,MAN-000072,MI-0000854,FPS-0068,VEH-0068,150,147,2026-01-07,0,147,VARIANCE,OFF-00051
DEL-0000621,MAN-000072,MI-0000855,FPS-0093,VEH-0068,218,214,2026-01-09,214,0,VARIANCE,OFF-00014
DEL-0000622,MAN-000072,MI-0000856,FPS-0093,VEH-0068,165,163,2026-01-09,0,163,VERIFIED,OFF-00058
DEL-0000623,MAN-000072,MI-0000857,FPS-0493,VEH-0068,150,151,2026-01-08,151,0,VERIFIED,OFF-00018
DEL-0000624,MAN-000072,MI-0000858,FPS-0493,VEH-0068,134,132,2026-01-06,0,132,VERIFIED,OFF-00022
DEL-0000625,MAN-000072,MI-0000859,FPS-0018,VEH-0068,240,236,2026-01-09,236,0,VARIANCE,OFF-00023
DEL-0000626,MAN-000072,MI-0000860,FPS-0018,VEH-0068,189,190,2026-01-09,0,190,VERIFIED,OFF-00010
DEL-0000627,MAN-000072,MI-0000861,FPS-0543,VEH-0068,166,162,2026-01-07,162,0,VARIANCE,OFF-00042
DEL-0000628,MAN-000072,MI-0000862,FPS-0543,VEH-0068,138,139,2026-01-08,0,139,VERIFIED,OFF-00043
DEL-0000629,MAN-000072,MI-0000863,FPS-0518,VEH-0068,152,153,2026-01-09,153,0,VERIFIED,OFF-00029
DEL-0000630,MAN-000072,MI-0000864,FPS-0518,VEH-0068,129,126,2026-01-08,0,126,VARIANCE,OFF-00048
DEL-0000631,MAN-000073,MI-0000865,FPS-0019,VEH-0019,175,171,2026-01-08,171,0,VARIANCE,OFF-00016
DEL-0000632,MAN-000073,MI-0000866,FPS-0019,VEH-0019,139,140,2026-01-08,0,140,VERIFIED,OFF-00014
DEL-0000633,MAN-000073,MI-0000867,FPS-0569,VEH-0019,181,179,2026-01-10,179,0,VERIFIED,OFF-00013
DEL-0000634,MAN-000073,MI-0000868,FPS-0569,VEH-0019,134,134,2026-01-09,0,134,VERIFIED,OFF-00008
DEL-0000635,MAN-000073,MI-0000869,FPS-0044,VEH-0019,156,152,2026-01-09,152,0,VARIANCE,OFF-00034
DEL-0000636,MAN-000073,MI-0000870,FPS-0044,VEH-0019,136,134,2026-01-09,0,134,VERIFIED,OFF-00044
DEL-0000637,MAN-000073,MI-0000871,FPS-0394,VEH-0019,187,186,2026-01-08,186,0,VERIFIED,OFF-00055
DEL-0000638,MAN-000073,MI-0000872,FPS-0394,VEH-0019,148,148,2026-01-10,0,148,VERIFIED,OFF-00013
DEL-0000639,MAN-000073,MI-0000873,FPS-0294,VEH-0019,146,146,2026-01-10,146,0,VERIFIED,OFF-00066
DEL-0000640,MAN-000073,MI-0000874,FPS-0294,VEH-0019,117,115,2026-01-10,0,115,VARIANCE,OFF-00009
DEL-0000641,MAN-000073,MI-0000875,FPS-0269,VEH-0019,173,170,2026-01-10,170,0,VARIANCE,OFF-00063
DEL-0000642,MAN-000073,MI-0000876,FPS-0269,VEH-0019,133,131,2026-01-09,0,131,VARIANCE,OFF-00046
DEL-0000643,MAN-000074,MI-0000877,FPS-0119,VEH-0019,135,135,2026-01-09,135,0,VERIFIED,OFF-00032
DEL-0000644,MAN-000074,MI-0000878,FPS-0119,VEH-0019,126,126,2026-01-09,0,126,VERIFIED,OFF-00064
DEL-0000645,MAN-000074,MI-0000879,FPS-0219,VEH-0019,212,213,2026-01-08,213,0,VERIFIED,OFF-00011
DEL-0000646,MAN-000074,MI-0000880,FPS-0219,VEH-0019,165,165,2026-01-10,0,165,VERIFIED,OFF-00026
DEL-0000647,MAN-000074,MI-0000881,FPS-0319,VEH-0019,143,143,2026-01-09,143,0,VERIFIED,OFF-00041
DEL-0000648,MAN-000074,MI-0000882,FPS-0319,VEH-0019,124,125,2026-01-08,0,125,VERIFIED,OFF-00054
DEL-0000649,MAN-000074,MI-0000883,FPS-0244,VEH-0019,179,177,2026-01-10,177,0,VERIFIED,OFF-00051
DEL-0000650,MAN-000074,MI-0000884,FPS-0244,VEH-0019,136,137,2026-01-09,0,137,VERIFIED,OFF-00048
DEL-0000651,MAN-000074,MI-0000885,FPS-0494,VEH-0019,135,134,2026-01-10,134,0,VERIFIED,OFF-00040
DEL-0000652,MAN-000074,MI-0000886,FPS-0494,VEH-0019,118,117,2026-01-09,0,117,VERIFIED,OFF-00043
DEL-0000653,MAN-000074,MI-0000887,FPS-0369,VEH-0019,164,163,2026-01-09,163,0,VERIFIED,OFF-00065
DEL-0000654,MAN-000074,MI-0000888,FPS-0369,VEH-0019,142,142,2026-01-07,0,142,VERIFIED,OFF-00034
DEL-0000655,MAN-000075,MI-0000889,FPS-0069,VEH-0069,157,158,2026-01-08,158,0,VERIFIED,OFF-00051
DEL-0000656,MAN-000075,MI-0000890,FPS-0069,VEH-0069,134,134,2026-01-10,0,134,VERIFIED,OFF-00009
DEL-0000657,MAN-000075,MI-0000891,FPS-0469,VEH-0069,161,161,2026-01-08,161,0,VERIFIED,OFF-00008
DEL-0000658,MAN-000075,MI-0000892,FPS-0469,VEH-0069,144,142,2026-01-08,0,142,VERIFIED,OFF-00039
DEL-0000659,MAN-000075,MI-0000893,FPS-0544,VEH-0069,145,143,2026-01-07,143,0,VERIFIED,OFF-00023
DEL-0000660,MAN-000075,MI-0000894,FPS-0544,VEH-0069,112,113,2026-01-09,0,113,VERIFIED,OFF-00028
DEL-0000661,MAN-000075,MI-0000895,FPS-0594,VEH-0069,183,184,2026-01-08,184,0,VERIFIED,OFF-00046
DEL-0000662,MAN-000075,MI-0000896,FPS-0594,VEH-0069,138,137,2026-01-07,0,137,VERIFIED,OFF-00033
DEL-0000663,MAN-000075,MI-0000897,FPS-0444,VEH-0069,128,128,2026-01-10,128,0,VERIFIED,OFF-00031
DEL-0000664,MAN-000075,MI-0000898,FPS-0444,VEH-0069,116,115,2026-01-08,0,115,VERIFIED,OFF-00045
DEL-0000665,MAN-000075,MI-0000899,FPS-0519,VEH-0069,167,168,2026-01-09,168,0,VERIFIED,OFF-00053
DEL-0000666,MAN-000075,MI-0000900,FPS-0519,VEH-0069,145,143,2026-01-09,0,143,VERIFIED,OFF-00047
DEL-0000667,MAN-000076,MI-0000901,FPS-0419,VEH-0094,209,213,2026-01-07,213,0,VARIANCE,OFF-00058
DEL-0000668,MAN-000076,MI-0000902,FPS-0419,VEH-0094,169,158,2026-01-07,0,158,REJECTED,OFF-00038
DEL-0000669,MAN-000076,MI-0000903,FPS-0169,VEH-0094,141,133,2026-01-09,133,0,REJECTED,OFF-00059
DEL-0000670,MAN-000076,MI-0000904,FPS-0169,VEH-0094,132,136,2026-01-07,0,136,VARIANCE,OFF-00013
DEL-0000671,MAN-000076,MI-0000905,FPS-0094,VEH-0094,220,208,2026-01-09,208,0,REJECTED,OFF-00058
DEL-0000672,MAN-000076,MI-0000906,FPS-0094,VEH-0094,158,159,2026-01-09,0,159,VERIFIED,OFF-00055
DEL-0000673,MAN-000076,MI-0000907,FPS-0144,VEH-0094,207,195,2026-01-09,195,0,REJECTED,OFF-00034
DEL-0000674,MAN-000076,MI-0000908,FPS-0144,VEH-0094,154,146,2026-01-09,0,146,REJECTED,OFF-00046
DEL-0000675,MAN-000076,MI-0000909,FPS-0344,VEH-0094,178,180,2026-01-07,180,0,VERIFIED,OFF-00007
DEL-0000676,MAN-000076,MI-0000910,FPS-0344,VEH-0094,147,149,2026-01-09,0,149,VERIFIED,OFF-00052
DEL-0000677,MAN-000076,MI-0000911,FPS-0194,VEH-0094,143,149,2026-01-06,149,0,REJECTED,OFF-00047
DEL-0000678,MAN-000076,MI-0000912,FPS-0194,VEH-0094,136,135,2026-01-08,0,135,VERIFIED,OFF-00043
DEL-0000679,MAN-000077,MI-0000913,FPS-0470,VEH-0120,233,234,2026-01-09,234,0,VERIFIED,OFF-00056
DEL-0000680,MAN-000077,MI-0000914,FPS-0470,VEH-0120,161,161,2026-01-07,0,161,VERIFIED,OFF-00033
DEL-0000681,MAN-000077,MI-0000915,FPS-0220,VEH-0120,185,186,2026-01-10,186,0,VERIFIED,OFF-00007
DEL-0000682,MAN-000077,MI-0000916,FPS-0220,VEH-0120,135,135,2026-01-09,0,135,VERIFIED,OFF-00018
DEL-0000683,MAN-000077,MI-0000917,FPS-0420,VEH-0120,207,206,2026-01-08,206,0,VERIFIED,OFF-00061
DEL-0000684,MAN-000077,MI-0000918,FPS-0420,VEH-0120,163,160,2026-01-07,0,160,VARIANCE,OFF-00054
DEL-0000685,MAN-000077,MI-0000919,FPS-0545,VEH-0120,120,118,2026-01-09,118,0,VARIANCE,OFF-00050
DEL-0000686,MAN-000077,MI-0000920,FPS-0545,VEH-0120,119,119,2026-01-08,0,119,VERIFIED,OFF-00048
DEL-0000687,MAN-000077,MI-0000921,FPS-0295,VEH-0120,153,154,2026-01-07,154,0,VERIFIED,OFF-00058
DEL-0000688,MAN-000077,MI-0000922,FPS-0295,VEH-0120,126,127,2026-01-09,0,127,VERIFIED,OFF-00040
DEL-0000689,MAN-000077,MI-0000923,FPS-0395,VEH-0120,133,132,2026-01-08,132,0,VERIFIED,OFF-00054
DEL-0000690,MAN-000077,MI-0000924,FPS-0395,VEH-0120,127,124,2026-01-09,0,124,VARIANCE,OFF-00036
DEL-0000691,MAN-000078,MI-0000925,FPS-0345,VEH-0095,168,165,2026-01-08,165,0,VARIANCE,OFF-00046
DEL-0000692,MAN-000078,MI-0000931,FPS-0120,VEH-0095,143,141,2026-01-06,141,0,VERIFIED,OFF-00025
DEL-0000693,MAN-000078,MI-0000932,FPS-0120,VEH-0095,122,120,2026-01-06,0,120,VARIANCE,OFF-00037
DEL-0000694,MAN-000079,MI-0000938,FPS-0195,VEH-0045,140,140,2026-01-06,0,140,VERIFIED,OFF-00058
DEL-0000695,MAN-000079,MI-0000940,FPS-0170,VEH-0045,132,131,2026-01-07,0,131,VERIFIED,OFF-00041
DEL-0000696,MAN-000079,MI-0000941,FPS-0145,VEH-0045,127,125,2026-01-06,125,0,VARIANCE,OFF-00050
DEL-0000697,MAN-000079,MI-0000946,FPS-0245,VEH-0045,121,121,2026-01-07,0,121,VERIFIED,OFF-00046
DEL-0000698,MAN-000080,MI-0000950,FPS-0520,VEH-0120,122,121,2026-01-07,0,121,VERIFIED,OFF-00064
DEL-0000699,MAN-000080,MI-0000953,FPS-0070,VEH-0120,147,147,2026-01-07,147,0,VERIFIED,OFF-00040
DEL-0000700,MAN-000080,MI-0000959,FPS-0095,VEH-0120,210,206,2026-01-08,206,0,VARIANCE,OFF-00058
DEL-0000701,MAN-000080,MI-0000960,FPS-0095,VEH-0120,149,148,2026-01-09,0,148,VERIFIED,OFF-00043
DEL-0000702,MAN-000081,MI-0000961,FPS-0496,VEH-0071,153,149,2026-01-06,149,0,VARIANCE,OFF-00032
DEL-0000703,MAN-000081,MI-0000962,FPS-0496,VEH-0071,126,125,2026-01-06,0,125,VERIFIED,OFF-00065
DEL-0000704,MAN-000081,MI-0000963,FPS-0421,VEH-0071,190,192,2026-01-07,192,0,VERIFIED,OFF-00022
DEL-0000705,MAN-000081,MI-0000964,FPS-0421,VEH-0071,141,138,2026-01-06,0,138,VARIANCE,OFF-00033
DEL-0000706,MAN-000081,MI-0000965,FPS-0371,VEH-0071,146,144,2026-01-07,144,0,VERIFIED,OFF-00032
DEL-0000707,MAN-000081,MI-0000966,FPS-0371,VEH-0071,126,126,2026-01-09,0,126,VERIFIED,OFF-00031
DEL-0000708,MAN-000081,MI-0000967,FPS-0321,VEH-0071,226,226,2026-01-08,226,0,VERIFIED,OFF-00030
DEL-0000709,MAN-000081,MI-0000968,FPS-0321,VEH-0071,156,155,2026-01-07,0,155,VERIFIED,OFF-00036
DEL-0000710,MAN-000081,MI-0000969,FPS-0296,VEH-0071,135,133,2026-01-06,133,0,VERIFIED,OFF-00057
DEL-0000711,MAN-000081,MI-0000970,FPS-0296,VEH-0071,110,108,2026-01-09,0,108,VARIANCE,OFF-00049
DEL-0000712,MAN-000081,MI-0000971,FPS-0446,VEH-0071,162,161,2026-01-09,161,0,VERIFIED,OFF-00062
DEL-0000713,MAN-000081,MI-0000972,FPS-0446,VEH-0071,138,135,2026-01-07,0,135,VARIANCE,OFF-00029
DEL-0000714,MAN-000082,MI-0000973,FPS-0171,VEH-0021,150,149,2026-01-06,149,0,VERIFIED,OFF-00050
DEL-0000715,MAN-000082,MI-0000974,FPS-0171,VEH-0021,132,130,2026-01-09,0,130,VARIANCE,OFF-00008
DEL-0000716,MAN-000082,MI-0000975,FPS-0096,VEH-0021,157,154,2026-01-08,154,0,VARIANCE,OFF-00013
DEL-0000717,MAN-000082,MI-0000976,FPS-0096,VEH-0021,136,137,2026-01-08,0,137,VERIFIED,OFF-00054
DEL-0000718,MAN-000082,MI-0000977,FPS-0346,VEH-0021,183,185,2026-01-09,185,0,VERIFIED,OFF-00062
DEL-0000719,MAN-000082,MI-0000978,FPS-0346,VEH-0021,138,135,2026-01-08,0,135,VARIANCE,OFF-00053
DEL-0000720,MAN-000082,MI-0000979,FPS-0146,VEH-0021,122,123,2026-01-06,123,0,VERIFIED,OFF-00063
DEL-0000721,MAN-000082,MI-0000980,FPS-0146,VEH-0021,118,117,2026-01-07,0,117,VERIFIED,OFF-00020
DEL-0000722,MAN-000082,MI-0000981,FPS-0271,VEH-0021,162,158,2026-01-06,158,0,VARIANCE,OFF-00052
DEL-0000723,MAN-000082,MI-0000982,FPS-0271,VEH-0021,143,140,2026-01-09,0,140,VARIANCE,OFF-00011
DEL-0000724,MAN-000082,MI-0000983,FPS-0596,VEH-0021,141,139,2026-01-09,139,0,VERIFIED,OFF-00046
DEL-0000725,MAN-000082,MI-0000984,FPS-0596,VEH-0021,122,123,2026-01-08,0,123,VERIFIED,OFF-00022
DEL-0000726,MAN-000083,MI-0000985,FPS-0396,VEH-0096,140,140,2026-01-10,140,0,VERIFIED,OFF-00016
DEL-0000727,MAN-000083,MI-0000986,FPS-0396,VEH-0096,127,127,2026-01-10,0,127,VERIFIED,OFF-00041
DEL-0000728,MAN-000083,MI-0000987,FPS-0471,VEH-0096,159,156,2026-01-10,156,0,VARIANCE,OFF-00066
DEL-0000729,MAN-000083,MI-0000988,FPS-0471,VEH-0096,131,131,2026-01-10,0,131,VERIFIED,OFF-00064
DEL-0000730,MAN-000083,MI-0000989,FPS-0071,VEH-0096,119,117,2026-01-08,117,0,VARIANCE,OFF-00043
DEL-0000731,MAN-000083,MI-0000990,FPS-0071,VEH-0096,114,112,2026-01-07,0,112,VARIANCE,OFF-00057
DEL-0000732,MAN-000083,MI-0000991,FPS-0121,VEH-0096,147,146,2026-01-08,146,0,VERIFIED,OFF-00050
DEL-0000733,MAN-000083,MI-0000992,FPS-0121,VEH-0096,131,128,2026-01-09,0,128,VARIANCE,OFF-00043
DEL-0000734,MAN-000083,MI-0000993,FPS-0246,VEH-0096,277,273,2026-01-09,273,0,VERIFIED,OFF-00010
DEL-0000735,MAN-000083,MI-0000994,FPS-0246,VEH-0096,187,188,2026-01-10,0,188,VERIFIED,OFF-00060
DEL-0000736,MAN-000083,MI-0000995,FPS-0196,VEH-0096,198,194,2026-01-07,194,0,VARIANCE,OFF-00051
DEL-0000737,MAN-000083,MI-0000996,FPS-0196,VEH-0096,136,135,2026-01-10,0,135,VERIFIED,OFF-00059
DEL-0000738,MAN-000084,MI-0000997,FPS-0021,VEH-0146,259,260,2026-01-08,260,0,VERIFIED,OFF-00011
DEL-0000739,MAN-000084,MI-0000998,FPS-0021,VEH-0146,188,186,2026-01-10,0,186,VERIFIED,OFF-00013
DEL-0000740,MAN-000084,MI-0000999,FPS-0046,VEH-0146,166,163,2026-01-07,163,0,VARIANCE,OFF-00057
DEL-0000741,MAN-000084,MI-0001000,FPS-0046,VEH-0146,138,137,2026-01-10,0,137,VERIFIED,OFF-00018
DEL-0000742,MAN-000084,MI-0001001,FPS-0571,VEH-0146,139,137,2026-01-10,137,0,VERIFIED,OFF-00042
DEL-0000743,MAN-000084,MI-0001002,FPS-0571,VEH-0146,133,130,2026-01-10,0,130,VARIANCE,OFF-00036
DEL-0000744,MAN-000084,MI-0001003,FPS-0546,VEH-0146,238,237,2026-01-07,237,0,VERIFIED,OFF-00055
DEL-0000745,MAN-000084,MI-0001004,FPS-0546,VEH-0146,162,160,2026-01-08,0,160,VERIFIED,OFF-00036
DEL-0000746,MAN-000084,MI-0001005,FPS-0521,VEH-0146,190,188,2026-01-08,188,0,VERIFIED,OFF-00053
DEL-0000747,MAN-000084,MI-0001006,FPS-0521,VEH-0146,141,139,2026-01-09,0,139,VERIFIED,OFF-00053
DEL-0000748,MAN-000084,MI-0001007,FPS-0221,VEH-0146,209,208,2026-01-07,208,0,VERIFIED,OFF-00047
DEL-0000749,MAN-000084,MI-0001008,FPS-0221,VEH-0146,156,156,2026-01-10,0,156,VERIFIED,OFF-00039
DEL-0000750,MAN-000085,MI-0001009,FPS-0172,VEH-0022,189,185,2026-01-07,185,0,VARIANCE,OFF-00027
DEL-0000751,MAN-000085,MI-0001010,FPS-0172,VEH-0022,135,136,2026-01-07,0,136,VERIFIED,OFF-00014
DEL-0000752,MAN-000085,MI-0001011,FPS-0347,VEH-0022,265,266,2026-01-09,266,0,VERIFIED,OFF-00049
DEL-0000753,MAN-000085,MI-0001012,FPS-0347,VEH-0022,177,179,2026-01-07,0,179,VERIFIED,OFF-00062
DEL-0000754,MAN-000085,MI-0001013,FPS-0422,VEH-0022,163,160,2026-01-06,160,0,VARIANCE,OFF-00049
DEL-0000755,MAN-000085,MI-0001014,FPS-0422,VEH-0022,134,133,2026-01-07,0,133,VERIFIED,OFF-00056
DEL-0000756,MAN-000085,MI-0001015,FPS-0497,VEH-0022,217,218,2026-01-08,218,0,VERIFIED,OFF-00019
DEL-0000757,MAN-000085,MI-0001016,FPS-0497,VEH-0022,142,140,2026-01-06,0,140,VERIFIED,OFF-00048
DEL-0000758,MAN-000085,MI-0001017,FPS-0197,VEH-0022,207,205,2026-01-06,205,0,VERIFIED,OFF-00008
DEL-0000759,MAN-000085,MI-0001018,FPS-0197,VEH-0022,151,152,2026-01-08,0,152,VERIFIED,OFF-00064
DEL-0000760,MAN-000085,MI-0001019,FPS-0072,VEH-0022,216,211,2026-01-08,211,0,VARIANCE,OFF-00035
DEL-0000761,MAN-000085,MI-0001020,FPS-0072,VEH-0022,164,161,2026-01-07,0,161,VARIANCE,OFF-00054
DEL-0000762,MAN-000086,MI-0001021,FPS-0572,VEH-0072,250,245,2026-01-09,245,0,VARIANCE,OFF-00013
DEL-0000763,MAN-000086,MI-0001022,FPS-0572,VEH-0072,169,170,2026-01-07,0,170,VERIFIED,OFF-00024
DEL-0000764,MAN-000086,MI-0001023,FPS-0222,VEH-0072,205,206,2026-01-08,206,0,VERIFIED,OFF-00009
DEL-0000765,MAN-000086,MI-0001024,FPS-0222,VEH-0072,148,146,2026-01-09,0,146,VERIFIED,OFF-00032
DEL-0000766,MAN-000086,MI-0001025,FPS-0247,VEH-0072,116,115,2026-01-08,115,0,VERIFIED,OFF-00030
DEL-0000767,MAN-000086,MI-0001026,FPS-0247,VEH-0072,102,101,2026-01-07,0,101,VERIFIED,OFF-00064
DEL-0000768,MAN-000086,MI-0001027,FPS-0472,VEH-0072,221,221,2026-01-09,221,0,VERIFIED,OFF-00064
DEL-0000769,MAN-000086,MI-0001028,FPS-0472,VEH-0072,168,168,2026-01-08,0,168,VERIFIED,OFF-00017
DEL-0000770,MAN-000086,MI-0001029,FPS-0297,VEH-0072,159,159,2026-01-08,159,0,VERIFIED,OFF-00028
DEL-0000771,MAN-000086,MI-0001030,FPS-0297,VEH-0072,137,135,2026-01-09,0,135,VERIFIED,OFF-00055
DEL-0000772,MAN-000086,MI-0001031,FPS-0147,VEH-0072,140,140,2026-01-08,140,0,VERIFIED,OFF-00055
DEL-0000773,MAN-000086,MI-0001032,FPS-0147,VEH-0072,126,127,2026-01-09,0,127,VERIFIED,OFF-00025
DEL-0000774,MAN-000087,MI-0001033,FPS-0097,VEH-0047,207,206,2026-01-09,206,0,VERIFIED,OFF-00029
DEL-0000775,MAN-000087,MI-0001035,FPS-0522,VEH-0047,195,195,2026-01-06,195,0,VERIFIED,OFF-00049
DEL-0000776,MAN-000087,MI-0001040,FPS-0122,VEH-0047,131,130,2026-01-07,0,130,VERIFIED,OFF-00046
DEL-0000777,MAN-000087,MI-0001041,FPS-0047,VEH-0047,200,199,2026-01-09,199,0,VERIFIED,OFF-00009
DEL-0000778,MAN-000087,MI-0001043,FPS-0547,VEH-0047,132,130,2026-01-09,130,0,VARIANCE,OFF-00011
DEL-0000779,MAN-000088,MI-0001045,FPS-0597,VEH-0147,347,342,2026-01-07,342,0,VERIFIED,OFF-00039
DEL-0000780,MAN-000088,MI-0001048,FPS-0022,VEH-0147,141,138,2026-01-08,0,138,VARIANCE,OFF-00019
DEL-0000781,MAN-000088,MI-0001049,FPS-0397,VEH-0147,144,141,2026-01-07,141,0,VARIANCE,OFF-00048
DEL-0000782,MAN-000088,MI-0001051,FPS-0272,VEH-0147,219,216,2026-01-06,216,0,VERIFIED,OFF-00046
DEL-0000783,MAN-000089,MI-0001057,FPS-0548,VEH-0073,177,174,2026-01-08,174,0,VARIANCE,OFF-00034
DEL-0000784,MAN-000089,MI-0001058,FPS-0548,VEH-0073,140,139,2026-01-08,0,139,VERIFIED,OFF-00046
DEL-0000785,MAN-000089,MI-0001059,FPS-0148,VEH-0073,248,249,2026-01-07,249,0,VERIFIED,OFF-00014
DEL-0000786,MAN-000089,MI-0001060,FPS-0148,VEH-0073,185,181,2026-01-10,0,181,VARIANCE,OFF-00051
DEL-0000787,MAN-000089,MI-0001061,FPS-0573,VEH-0073,123,120,2026-01-10,120,0,VARIANCE,OFF-00047
DEL-0000788,MAN-000089,MI-0001062,FPS-0573,VEH-0073,113,113,2026-01-09,0,113,VERIFIED,OFF-00028
DEL-0000789,MAN-000089,MI-0001063,FPS-0098,VEH-0073,246,246,2026-01-08,246,0,VERIFIED,OFF-00038
DEL-0000790,MAN-000089,MI-0001064,FPS-0098,VEH-0073,166,166,2026-01-10,0,166,VERIFIED,OFF-00041
DEL-0000791,MAN-000089,MI-0001065,FPS-0598,VEH-0073,186,187,2026-01-07,187,0,VERIFIED,OFF-00011
DEL-0000792,MAN-000089,MI-0001066,FPS-0598,VEH-0073,145,144,2026-01-09,0,144,VERIFIED,OFF-00010
DEL-0000793,MAN-000089,MI-0001067,FPS-0023,VEH-0073,144,141,2026-01-08,141,0,VARIANCE,OFF-00053
DEL-0000794,MAN-000089,MI-0001068,FPS-0023,VEH-0073,131,132,2026-01-09,0,132,VERIFIED,OFF-00022
DEL-0000795,MAN-000090,MI-0001069,FPS-0323,VEH-0048,172,171,2026-01-09,171,0,VERIFIED,OFF-00016
DEL-0000796,MAN-000090,MI-0001070,FPS-0323,VEH-0048,158,155,2026-01-08,0,155,VARIANCE,OFF-00030
DEL-0000797,MAN-000090,MI-0001071,FPS-0048,VEH-0048,130,128,2026-01-08,128,0,VARIANCE,OFF-00056
DEL-0000798,MAN-000090,MI-0001072,FPS-0048,VEH-0048,111,110,2026-01-07,0,110,VERIFIED,OFF-00053
DEL-0000799,MAN-000090,MI-0001073,FPS-0423,VEH-0048,168,169,2026-01-09,169,0,VERIFIED,OFF-00013
DEL-0000800,MAN-000090,MI-0001074,FPS-0423,VEH-0048,135,136,2026-01-08,0,136,VERIFIED,OFF-00046
DEL-0000801,MAN-000090,MI-0001075,FPS-0448,VEH-0048,161,158,2026-01-10,158,0,VARIANCE,OFF-00030
DEL-0000802,MAN-000090,MI-0001076,FPS-0448,VEH-0048,152,152,2026-01-10,0,152,VERIFIED,OFF-00008
DEL-0000803,MAN-000090,MI-0001077,FPS-0123,VEH-0048,141,140,2026-01-08,140,0,VERIFIED,OFF-00027
DEL-0000804,MAN-000090,MI-0001078,FPS-0123,VEH-0048,135,132,2026-01-09,0,132,VARIANCE,OFF-00036
DEL-0000805,MAN-000090,MI-0001079,FPS-0073,VEH-0048,176,173,2026-01-08,173,0,VARIANCE,OFF-00012
DEL-0000806,MAN-000090,MI-0001080,FPS-0073,VEH-0048,142,140,2026-01-09,0,140,VERIFIED,OFF-00058
DEL-0000807,MAN-000091,MI-0001083,FPS-0298,VEH-0023,145,142,2026-01-06,142,0,VARIANCE,OFF-00011
DEL-0000808,MAN-000091,MI-0001086,FPS-0398,VEH-0023,118,115,2026-01-06,0,115,VARIANCE,OFF-00051
DEL-0000809,MAN-000091,MI-0001089,FPS-0173,VEH-0023,154,154,2026-01-07,154,0,VERIFIED,OFF-00011
DEL-0000810,MAN-000091,MI-0001091,FPS-0523,VEH-0023,175,183,2026-01-08,183,0,REJECTED,OFF-00047
DEL-0000811,MAN-000092,MI-0001093,FPS-0473,VEH-0123,166,167,2026-01-10,167,0,VERIFIED,OFF-00038
DEL-0000812,MAN-000092,MI-0001094,FPS-0473,VEH-0123,144,143,2026-01-07,0,143,VERIFIED,OFF-00049
DEL-0000813,MAN-000092,MI-0001095,FPS-0373,VEH-0123,155,154,2026-01-07,154,0,VERIFIED,OFF-00053
DEL-0000814,MAN-000092,MI-0001096,FPS-0373,VEH-0123,130,129,2026-01-10,0,129,VERIFIED,OFF-00054
DEL-0000815,MAN-000092,MI-0001097,FPS-0348,VEH-0123,176,176,2026-01-09,176,0,VERIFIED,OFF-00040
DEL-0000816,MAN-000092,MI-0001098,FPS-0348,VEH-0123,139,137,2026-01-08,0,137,VERIFIED,OFF-00044
DEL-0000817,MAN-000092,MI-0001099,FPS-0198,VEH-0123,161,162,2026-01-07,162,0,VERIFIED,OFF-00049
DEL-0000818,MAN-000092,MI-0001100,FPS-0198,VEH-0123,126,123,2026-01-10,0,123,VARIANCE,OFF-00047
DEL-0000819,MAN-000092,MI-0001101,FPS-0248,VEH-0123,266,265,2026-01-07,265,0,VERIFIED,OFF-00015
DEL-0000820,MAN-000092,MI-0001102,FPS-0248,VEH-0123,187,188,2026-01-10,0,188,VERIFIED,OFF-00051
DEL-0000821,MAN-000092,MI-0001103,FPS-0223,VEH-0123,166,166,2026-01-08,166,0,VERIFIED,OFF-00053
DEL-0000822,MAN-000092,MI-0001104,FPS-0223,VEH-0123,132,129,2026-01-10,0,129,VARIANCE,OFF-00054
DEL-0000823,MAN-000093,MI-0001105,FPS-0324,VEH-0099,144,145,2026-01-07,145,0,VERIFIED,OFF-00034
DEL-0000824,MAN-000093,MI-0001106,FPS-0324,VEH-0099,127,128,2026-01-09,0,128,VERIFIED,OFF-00059
DEL-0000825,MAN-000093,MI-0001107,FPS-0374,VEH-0099,143,144,2026-01-09,144,0,VERIFIED,OFF-00027
DEL-0000826,MAN-000093,MI-0001108,FPS-0374,VEH-0099,137,135,2026-01-07,0,135,VERIFIED,OFF-00049
DEL-0000827,MAN-000093,MI-0001109,FPS-0024,VEH-0099,139,138,2026-01-07,138,0,VERIFIED,OFF-00046
DEL-0000828,MAN-000093,MI-0001110,FPS-0024,VEH-0099,129,126,2026-01-08,0,126,VARIANCE,OFF-00007
DEL-0000829,MAN-000093,MI-0001111,FPS-0049,VEH-0099,180,180,2026-01-09,180,0,VERIFIED,OFF-00036
DEL-0000830,MAN-000093,MI-0001112,FPS-0049,VEH-0099,153,152,2026-01-07,0,152,VERIFIED,OFF-00049
DEL-0000831,MAN-000093,MI-0001113,FPS-0174,VEH-0099,198,197,2026-01-09,197,0,VERIFIED,OFF-00032
DEL-0000832,MAN-000093,MI-0001114,FPS-0174,VEH-0099,139,140,2026-01-06,0,140,VERIFIED,OFF-00042
DEL-0000833,MAN-000093,MI-0001115,FPS-0224,VEH-0099,151,148,2026-01-08,148,0,VARIANCE,OFF-00053
DEL-0000834,MAN-000093,MI-0001116,FPS-0224,VEH-0099,135,132,2026-01-09,0,132,VARIANCE,OFF-00059
DEL-0000835,MAN-000094,MI-0001117,FPS-0524,VEH-0074,125,125,2026-01-07,125,0,VERIFIED,OFF-00044
DEL-0000836,MAN-000094,MI-0001118,FPS-0524,VEH-0074,113,112,2026-01-10,0,112,VERIFIED,OFF-00035
DEL-0000837,MAN-000094,MI-0001119,FPS-0349,VEH-0074,176,174,2026-01-08,174,0,VERIFIED,OFF-00019
DEL-0000838,MAN-000094,MI-0001120,FPS-0349,VEH-0074,143,142,2026-01-10,0,142,VERIFIED,OFF-00016
DEL-0000839,MAN-000094,MI-0001121,FPS-0199,VEH-0074,145,145,2026-01-07,145,0,VERIFIED,OFF-00021
DEL-0000840,MAN-000094,MI-0001122,FPS-0199,VEH-0074,126,125,2026-01-10,0,125,VERIFIED,OFF-00057
DEL-0000841,MAN-000094,MI-0001123,FPS-0599,VEH-0074,131,128,2026-01-07,128,0,VARIANCE,OFF-00064
DEL-0000842,MAN-000094,MI-0001124,FPS-0599,VEH-0074,114,113,2026-01-08,0,113,VERIFIED,OFF-00020
DEL-0000843,MAN-000094,MI-0001125,FPS-0399,VEH-0074,163,163,2026-01-07,163,0,VERIFIED,OFF-00028
DEL-0000844,MAN-000094,MI-0001126,FPS-0399,VEH-0074,125,125,2026-01-07,0,125,VERIFIED,OFF-00060
DEL-0000845,MAN-000094,MI-0001127,FPS-0299,VEH-0074,148,149,2026-01-08,149,0,VERIFIED,OFF-00007
DEL-0000846,MAN-000094,MI-0001128,FPS-0299,VEH-0074,131,130,2026-01-07,0,130,VERIFIED,OFF-00060
DEL-0000847,MAN-000095,MI-0001129,FPS-0449,VEH-0024,147,148,2026-01-08,148,0,VERIFIED,OFF-00058
DEL-0000848,MAN-000095,MI-0001130,FPS-0449,VEH-0024,115,114,2026-01-06,0,114,VERIFIED,OFF-00065
DEL-0000849,MAN-000095,MI-0001131,FPS-0124,VEH-0024,222,221,2026-01-07,221,0,VERIFIED,OFF-00015
DEL-0000850,MAN-000095,MI-0001132,FPS-0124,VEH-0024,159,157,2026-01-07,0,157,VERIFIED,OFF-00034
DEL-0000851,MAN-000095,MI-0001133,FPS-0274,VEH-0024,188,188,2026-01-07,188,0,VERIFIED,OFF-00060
DEL-0000852,MAN-000095,MI-0001134,FPS-0274,VEH-0024,152,150,2026-01-07,0,150,VERIFIED,OFF-00041
DEL-0000853,MAN-000095,MI-0001135,FPS-0424,VEH-0024,197,193,2026-01-09,193,0,VARIANCE,OFF-00032
DEL-0000854,MAN-000095,MI-0001136,FPS-0424,VEH-0024,144,145,2026-01-09,0,145,VERIFIED,OFF-00037
DEL-0000855,MAN-000095,MI-0001137,FPS-0149,VEH-0024,261,256,2026-01-06,256,0,VARIANCE,OFF-00043
DEL-0000856,MAN-000095,MI-0001138,FPS-0149,VEH-0024,180,180,2026-01-08,0,180,VERIFIED,OFF-00016
DEL-0000857,MAN-000095,MI-0001139,FPS-0549,VEH-0024,212,209,2026-01-08,209,0,VERIFIED,OFF-00019
DEL-0000858,MAN-000095,MI-0001140,FPS-0549,VEH-0024,167,165,2026-01-07,0,165,VERIFIED,OFF-00057
DEL-0000859,MAN-000096,MI-0001141,FPS-0574,VEH-0149,193,191,2026-01-10,191,0,VERIFIED,OFF-00009
DEL-0000860,MAN-000096,MI-0001142,FPS-0574,VEH-0149,147,145,2026-01-08,0,145,VERIFIED,OFF-00044
DEL-0000861,MAN-000096,MI-0001143,FPS-0474,VEH-0149,162,161,2026-01-07,161,0,VERIFIED,OFF-00015
DEL-0000862,MAN-000096,MI-0001144,FPS-0474,VEH-0149,144,141,2026-01-08,0,141,VARIANCE,OFF-00044
DEL-0000863,MAN-000096,MI-0001145,FPS-0099,VEH-0149,166,166,2026-01-09,166,0,VERIFIED,OFF-00009
DEL-0000864,MAN-000096,MI-0001146,FPS-0099,VEH-0149,140,137,2026-01-08,0,137,VARIANCE,OFF-00062
DEL-0000865,MAN-000096,MI-0001147,FPS-0499,VEH-0149,211,208,2026-01-09,208,0,VERIFIED,OFF-00046
DEL-0000866,MAN-000096,MI-0001148,FPS-0499,VEH-0149,155,156,2026-01-08,0,156,VERIFIED,OFF-00031
DEL-0000867,MAN-000096,MI-0001149,FPS-0074,VEH-0149,130,127,2026-01-09,127,0,VARIANCE,OFF-00020
DEL-0000868,MAN-000096,MI-0001150,FPS-0074,VEH-0149,104,102,2026-01-07,0,102,VARIANCE,OFF-00017
DEL-0000869,MAN-000096,MI-0001151,FPS-0249,VEH-0149,207,203,2026-01-07,203,0,VARIANCE,OFF-00043
DEL-0000870,MAN-000096,MI-0001152,FPS-0249,VEH-0149,154,155,2026-01-08,0,155,VERIFIED,OFF-00041
DEL-0000871,MAN-000097,MI-0001159,FPS-0550,VEH-0100,126,123,2026-01-07,123,0,VARIANCE,OFF-00014
DEL-0000872,MAN-000097,MI-0001162,FPS-0600,VEH-0100,136,134,2026-01-06,0,134,VERIFIED,OFF-00009
DEL-0000873,MAN-000097,MI-0001164,FPS-0525,VEH-0100,119,118,2026-01-08,0,118,VERIFIED,OFF-00056
DEL-0000874,MAN-000098,MI-0001165,FPS-0450,VEH-0125,121,121,2026-01-07,121,0,VERIFIED,OFF-00011
DEL-0000875,MAN-000098,MI-0001166,FPS-0450,VEH-0125,114,113,2026-01-07,0,113,VERIFIED,OFF-00026
DEL-0000876,MAN-000098,MI-0001167,FPS-0350,VEH-0125,187,189,2026-01-08,189,0,VERIFIED,OFF-00007
DEL-0000877,MAN-000098,MI-0001168,FPS-0350,VEH-0125,142,142,2026-01-06,0,142,VERIFIED,OFF-00020
DEL-0000878,MAN-000098,MI-0001169,FPS-0400,VEH-0125,187,187,2026-01-08,187,0,VERIFIED,OFF-00039
DEL-0000879,MAN-000098,MI-0001170,FPS-0400,VEH-0125,127,125,2026-01-07,0,125,VARIANCE,OFF-00042
DEL-0000880,MAN-000098,MI-0001171,FPS-0075,VEH-0125,197,194,2026-01-07,194,0,VARIANCE,OFF-00024
DEL-0000881,MAN-000098,MI-0001172,FPS-0075,VEH-0125,146,146,2026-01-08,0,146,VERIFIED,OFF-00010
DEL-0000882,MAN-000098,MI-0001173,FPS-0375,VEH-0125,206,203,2026-01-08,203,0,VERIFIED,OFF-00044
DEL-0000883,MAN-000098,MI-0001174,FPS-0375,VEH-0125,179,180,2026-01-08,0,180,VERIFIED,OFF-00022
DEL-0000884,MAN-000098,MI-0001175,FPS-0475,VEH-0125,208,205,2026-01-07,205,0,VERIFIED,OFF-00061
DEL-0000885,MAN-000098,MI-0001176,FPS-0475,VEH-0125,140,138,2026-01-06,0,138,VERIFIED,OFF-00042
DEL-0000886,MAN-000099,MI-0001178,FPS-0175,VEH-0050,156,154,2026-01-07,0,154,VERIFIED,OFF-00013
DEL-0000887,MAN-000099,MI-0001181,FPS-0300,VEH-0050,160,160,2026-01-07,160,0,VERIFIED,OFF-00034
DEL-0000888,MAN-000099,MI-0001187,FPS-0100,VEH-0050,114,112,2026-01-06,112,0,VARIANCE,OFF-00054
DEL-0000889,MAN-000100,MI-0001189,FPS-0575,VEH-0150,228,224,2026-01-09,224,0,VARIANCE,OFF-00057
DEL-0000890,MAN-000100,MI-0001190,FPS-0575,VEH-0150,174,170,2026-01-07,0,170,VARIANCE,OFF-00011
DEL-0000891,MAN-000100,MI-0001191,FPS-0150,VEH-0150,142,142,2026-01-07,142,0,VERIFIED,OFF-00017
DEL-0000892,MAN-000100,MI-0001192,FPS-0150,VEH-0150,108,108,2026-01-07,0,108,VERIFIED,OFF-00062
DEL-0000893,MAN-000100,MI-0001193,FPS-0050,VEH-0150,249,244,2026-01-08,244,0,VARIANCE,OFF-00020
DEL-0000894,MAN-000100,MI-0001194,FPS-0050,VEH-0150,180,177,2026-01-09,0,177,VARIANCE,OFF-00028
DEL-0000895,MAN-000100,MI-0001195,FPS-0325,VEH-0150,189,190,2026-01-09,190,0,VERIFIED,OFF-00041
DEL-0000896,MAN-000100,MI-0001196,FPS-0325,VEH-0150,158,156,2026-01-10,0,156,VERIFIED,OFF-00007
DEL-0000897,MAN-000100,MI-0001197,FPS-0275,VEH-0150,159,159,2026-01-10,159,0,VERIFIED,OFF-00045
DEL-0000898,MAN-000100,MI-0001198,FPS-0275,VEH-0150,145,144,2026-01-10,0,144,VERIFIED,OFF-00036
DEL-0000899,MAN-000100,MI-0001199,FPS-0125,VEH-0150,147,144,2026-01-07,144,0,VARIANCE,OFF-00020
DEL-0000900,MAN-000100,MI-0001200,FPS-0125,VEH-0150,137,134,2026-01-08,0,134,VARIANCE,OFF-00007
DEL-0000901,MAN-000101,MI-0001201,FPS-0201,VEH-0076,123,120,2026-02-07,0,120,VARIANCE,OFF-00030
DEL-0000902,MAN-000101,MI-0001202,FPS-0226,VEH-0076,131,128,2026-02-10,0,128,VARIANCE,OFF-00035
DEL-0000903,MAN-000101,MI-0001203,FPS-0451,VEH-0076,152,149,2026-02-09,0,149,VARIANCE,OFF-00015
DEL-0000904,MAN-000101,MI-0001204,FPS-0276,VEH-0076,137,137,2026-02-09,0,137,VERIFIED,OFF-00061
DEL-0000905,MAN-000101,MI-0001205,FPS-0476,VEH-0076,131,130,2026-02-08,0,130,VERIFIED,OFF-00061
DEL-0000906,MAN-000101,MI-0001206,FPS-0126,VEH-0076,130,128,2026-02-07,0,128,VARIANCE,OFF-00022
DEL-0000907,MAN-000102,MI-0001210,FPS-0501,VEH-0001,139,138,2026-02-06,0,138,VERIFIED,OFF-00030
DEL-0000908,MAN-000103,MI-0001214,FPS-0301,VEH-0076,131,132,2026-02-08,0,132,VERIFIED,OFF-00038
DEL-0000909,MAN-000103,MI-0001215,FPS-0426,VEH-0076,129,129,2026-02-09,0,129,VERIFIED,OFF-00017
DEL-0000910,MAN-000103,MI-0001216,FPS-0551,VEH-0076,144,144,2026-02-08,0,144,VERIFIED,OFF-00040
DEL-0000911,MAN-000103,MI-0001217,FPS-0151,VEH-0076,130,128,2026-02-08,0,128,VARIANCE,OFF-00059
DEL-0000912,MAN-000103,MI-0001218,FPS-0251,VEH-0076,133,132,2026-02-08,0,132,VERIFIED,OFF-00014
DEL-0000913,MAN-000103,MI-0001219,FPS-0401,VEH-0076,141,142,2026-02-09,0,142,VERIFIED,OFF-00010
DEL-0000914,MAN-000104,MI-0001220,FPS-0351,VEH-0001,115,114,2026-02-06,0,114,VERIFIED,OFF-00012
DEL-0000915,MAN-000104,MI-0001221,FPS-0576,VEH-0001,126,126,2026-02-06,0,126,VERIFIED,OFF-00034
DEL-0000916,MAN-000104,MI-0001223,FPS-0051,VEH-0001,148,146,2026-02-09,0,146,VERIFIED,OFF-00054
DEL-0000917,MAN-000104,MI-0001225,FPS-0526,VEH-0001,158,155,2026-02-09,0,155,VARIANCE,OFF-00026
DEL-0000918,MAN-000105,MI-0001226,FPS-0052,VEH-0027,223,223,2026-02-10,223,0,VERIFIED,OFF-00023
DEL-0000919,MAN-000105,MI-0001227,FPS-0052,VEH-0027,150,149,2026-02-07,0,149,VERIFIED,OFF-00053
DEL-0000920,MAN-000105,MI-0001228,FPS-0552,VEH-0027,128,126,2026-02-07,126,0,VARIANCE,OFF-00058
DEL-0000921,MAN-000105,MI-0001229,FPS-0552,VEH-0027,118,118,2026-02-09,0,118,VERIFIED,OFF-00046
DEL-0000922,MAN-000105,MI-0001230,FPS-0377,VEH-0027,172,172,2026-02-08,172,0,VERIFIED,OFF-00033
DEL-0000923,MAN-000105,MI-0001231,FPS-0377,VEH-0027,138,139,2026-02-10,0,139,VERIFIED,OFF-00065
DEL-0000924,MAN-000105,MI-0001232,FPS-0177,VEH-0027,134,131,2026-02-07,131,0,VARIANCE,OFF-00043
DEL-0000925,MAN-000105,MI-0001233,FPS-0177,VEH-0027,121,118,2026-02-10,0,118,VARIANCE,OFF-00008
DEL-0000926,MAN-000105,MI-0001234,FPS-0277,VEH-0027,159,160,2026-02-08,160,0,VERIFIED,OFF-00038
DEL-0000927,MAN-000105,MI-0001235,FPS-0277,VEH-0027,148,147,2026-02-08,0,147,VERIFIED,OFF-00008
DEL-0000928,MAN-000105,MI-0001236,FPS-0427,VEH-0027,148,147,2026-02-10,147,0,VERIFIED,OFF-00064
DEL-0000929,MAN-000105,MI-0001237,FPS-0427,VEH-0027,136,134,2026-02-09,0,134,VERIFIED,OFF-00017
DEL-0000930,MAN-000106,MI-0001238,FPS-0477,VEH-0102,191,186,2026-02-08,186,0,VARIANCE,OFF-00040
DEL-0000931,MAN-000106,MI-0001239,FPS-0477,VEH-0102,150,154,2026-02-07,0,154,VARIANCE,OFF-00065
DEL-0000932,MAN-000106,MI-0001240,FPS-0302,VEH-0102,156,152,2026-02-07,152,0,VARIANCE,OFF-00030
DEL-0000933,MAN-000106,MI-0001241,FPS-0302,VEH-0102,128,131,2026-02-09,0,131,VARIANCE,OFF-00054
DEL-0000934,MAN-000106,MI-0001242,FPS-0327,VEH-0102,205,209,2026-02-07,209,0,VARIANCE,OFF-00044
DEL-0000935,MAN-000106,MI-0001243,FPS-0327,VEH-0102,146,138,2026-02-10,0,138,REJECTED,OFF-00021
DEL-0000936,MAN-000106,MI-0001244,FPS-0102,VEH-0102,139,142,2026-02-07,142,0,VARIANCE,OFF-00044
DEL-0000937,MAN-000106,MI-0001245,FPS-0102,VEH-0102,121,123,2026-02-08,0,123,VARIANCE,OFF-00061
DEL-0000938,MAN-000106,MI-0001246,FPS-0527,VEH-0102,152,155,2026-02-07,155,0,VARIANCE,OFF-00010
DEL-0000939,MAN-000106,MI-0001247,FPS-0527,VEH-0102,135,130,2026-02-09,0,130,REJECTED,OFF-00027
DEL-0000940,MAN-000106,MI-0001248,FPS-0227,VEH-0102,138,138,2026-02-09,138,0,VERIFIED,OFF-00058
DEL-0000941,MAN-000106,MI-0001249,FPS-0227,VEH-0102,130,125,2026-02-10,0,125,REJECTED,OFF-00012
DEL-0000942,MAN-000107,MI-0001250,FPS-0352,VEH-0027,178,177,2026-02-08,177,0,VERIFIED,OFF-00008
DEL-0000943,MAN-000107,MI-0001251,FPS-0352,VEH-0027,141,140,2026-02-07,0,140,VERIFIED,OFF-00049
DEL-0000944,MAN-000107,MI-0001252,FPS-0002,VEH-0027,144,144,2026-02-09,144,0,VERIFIED,OFF-00058
DEL-0000945,MAN-000107,MI-0001253,FPS-0002,VEH-0027,136,134,2026-02-09,0,134,VERIFIED,OFF-00022
DEL-0000946,MAN-000107,MI-0001254,FPS-0027,VEH-0027,135,136,2026-02-09,136,0,VERIFIED,OFF-00053
DEL-0000947,MAN-000107,MI-0001255,FPS-0027,VEH-0027,98,96,2026-02-07,0,96,VARIANCE,OFF-00050
DEL-0000948,MAN-000107,MI-0001256,FPS-0402,VEH-0027,135,132,2026-02-08,132,0,VARIANCE,OFF-00056
DEL-0000949,MAN-000107,MI-0001257,FPS-0402,VEH-0027,130,128,2026-02-06,0,128,VARIANCE,OFF-00061
DEL-0000950,MAN-000107,MI-0001258,FPS-0077,VEH-0027,142,139,2026-02-06,139,0,VARIANCE,OFF-00052
DEL-0000951,MAN-000107,MI-0001259,FPS-0077,VEH-0027,112,110,2026-02-08,0,110,VARIANCE,OFF-00027
DEL-0000952,MAN-000107,MI-0001260,FPS-0152,VEH-0027,160,159,2026-02-06,159,0,VERIFIED,OFF-00054
DEL-0000953,MAN-000107,MI-0001261,FPS-0152,VEH-0027,125,123,2026-02-08,0,123,VARIANCE,OFF-00019
DEL-0000954,MAN-000108,MI-0001262,FPS-0502,VEH-0002,204,200,2026-02-07,200,0,VARIANCE,OFF-00011
DEL-0000955,MAN-000108,MI-0001263,FPS-0502,VEH-0002,157,155,2026-02-08,0,155,VERIFIED,OFF-00053
DEL-0000956,MAN-000108,MI-0001264,FPS-0202,VEH-0002,157,155,2026-02-07,155,0,VERIFIED,OFF-00027
DEL-0000957,MAN-000108,MI-0001265,FPS-0202,VEH-0002,125,123,2026-02-08,0,123,VARIANCE,OFF-00014
DEL-0000958,MAN-000108,MI-0001266,FPS-0452,VEH-0002,158,155,2026-02-09,155,0,VARIANCE,OFF-00024
DEL-0000959,MAN-000108,MI-0001267,FPS-0452,VEH-0002,134,133,2026-02-06,0,133,VERIFIED,OFF-00053
DEL-0000960,MAN-000108,MI-0001268,FPS-0252,VEH-0002,137,138,2026-02-09,138,0,VERIFIED,OFF-00013
DEL-0000961,MAN-000108,MI-0001269,FPS-0252,VEH-0002,122,120,2026-02-07,0,120,VARIANCE,OFF-00010
DEL-0000962,MAN-000108,MI-0001270,FPS-0127,VEH-0002,132,130,2026-02-08,130,0,VARIANCE,OFF-00050
DEL-0000963,MAN-000108,MI-0001271,FPS-0127,VEH-0002,112,111,2026-02-06,0,111,VERIFIED,OFF-00023
DEL-0000964,MAN-000108,MI-0001272,FPS-0577,VEH-0002,143,141,2026-02-08,141,0,VERIFIED,OFF-00015
DEL-0000965,MAN-000108,MI-0001273,FPS-0577,VEH-0002,117,115,2026-02-09,0,115,VARIANCE,OFF-00061
DEL-0000966,MAN-000109,MI-0001274,FPS-0278,VEH-0003,146,143,2026-02-06,143,0,VARIANCE,OFF-00032
DEL-0000967,MAN-000109,MI-0001275,FPS-0278,VEH-0003,134,131,2026-02-06,0,131,VARIANCE,OFF-00061
DEL-0000968,MAN-000109,MI-0001277,FPS-0128,VEH-0003,134,135,2026-02-07,0,135,VERIFIED,OFF-00008
DEL-0000969,MAN-000109,MI-0001278,FPS-0353,VEH-0003,155,155,2026-02-09,155,0,VERIFIED,OFF-00047
DEL-0000970,MAN-000109,MI-0001283,FPS-0078,VEH-0003,152,153,2026-02-07,0,153,VERIFIED,OFF-00022
DEL-0000971,MAN-000110,MI-0001286,FPS-0378,VEH-0053,206,202,2026-02-06,202,0,VARIANCE,OFF-00017
DEL-0000972,MAN-000110,MI-0001287,FPS-0378,VEH-0053,155,152,2026-02-07,0,152,VARIANCE,OFF-00038
DEL-0000973,MAN-000110,MI-0001288,FPS-0403,VEH-0053,124,123,2026-02-06,123,0,VERIFIED,OFF-00047
DEL-0000974,MAN-000110,MI-0001289,FPS-0403,VEH-0053,120,120,2026-02-06,0,120,VERIFIED,OFF-00063
DEL-0000975,MAN-000110,MI-0001290,FPS-0228,VEH-0053,184,180,2026-02-09,180,0,VARIANCE,OFF-00014
DEL-0000976,MAN-000110,MI-0001291,FPS-0228,VEH-0053,145,142,2026-02-06,0,142,VARIANCE,OFF-00051
DEL-0000977,MAN-000110,MI-0001292,FPS-0103,VEH-0053,223,221,2026-02-08,221,0,VERIFIED,OFF-00033
DEL-0000978,MAN-000110,MI-0001293,FPS-0103,VEH-0053,167,165,2026-02-09,0,165,VERIFIED,OFF-00031
DEL-0000979,MAN-000110,MI-0001294,FPS-0453,VEH-0053,128,128,2026-02-07,128,0,VERIFIED,OFF-00065
DEL-0000980,MAN-000110,MI-0001295,FPS-0453,VEH-0053,124,122,2026-02-09,0,122,VARIANCE,OFF-00047
DEL-0000981,MAN-000110,MI-0001296,FPS-0528,VEH-0053,173,170,2026-02-07,170,0,VARIANCE,OFF-00026
DEL-0000982,MAN-000110,MI-0001297,FPS-0528,VEH-0053,155,156,2026-02-06,0,156,VERIFIED,OFF-00015
DEL-0000983,MAN-000111,MI-0001298,FPS-0253,VEH-0103,237,238,2026-02-09,238,0,VERIFIED,OFF-00015
DEL-0000984,MAN-000111,MI-0001299,FPS-0253,VEH-0103,146,144,2026-02-06,0,144,VERIFIED,OFF-00056
DEL-0000985,MAN-000111,MI-0001300,FPS-0153,VEH-0103,188,184,2026-02-08,184,0,VARIANCE,OFF-00045
DEL-0000986,MAN-000111,MI-0001301,FPS-0153,VEH-0103,152,152,2026-02-06,0,152,VERIFIED,OFF-00063
DEL-0000987,MAN-000111,MI-0001302,FPS-0028,VEH-0103,154,155,2026-02-09,155,0,VERIFIED,OFF-00050
DEL-0000988,MAN-000111,MI-0001303,FPS-0028,VEH-0103,132,132,2026-02-08,0,132,VERIFIED,OFF-00039
DEL-0000989,MAN-000111,MI-0001304,FPS-0428,VEH-0103,147,148,2026-02-07,148,0,VERIFIED,OFF-00014
DEL-0000990,MAN-000111,MI-0001305,FPS-0428,VEH-0103,125,126,2026-02-09,0,126,VERIFIED,OFF-00045
DEL-0000991,MAN-000111,MI-0001306,FPS-0328,VEH-0103,157,158,2026-02-09,158,0,VERIFIED,OFF-00035
DEL-0000992,MAN-000111,MI-0001307,FPS-0328,VEH-0103,141,138,2026-02-07,0,138,VARIANCE,OFF-00033
DEL-0000993,MAN-000111,MI-0001308,FPS-0003,VEH-0103,224,220,2026-02-09,220,0,VARIANCE,OFF-00043
DEL-0000994,MAN-000111,MI-0001309,FPS-0003,VEH-0103,174,175,2026-02-09,0,175,VERIFIED,OFF-00023
DEL-0000995,MAN-000112,MI-0001311,FPS-0178,VEH-0103,117,116,2026-02-08,0,116,VERIFIED,OFF-00028
DEL-0000996,MAN-000112,MI-0001312,FPS-0203,VEH-0103,138,137,2026-02-08,137,0,VERIFIED,OFF-00033
DEL-0000997,MAN-000112,MI-0001317,FPS-0578,VEH-0103,118,116,2026-02-06,0,116,VARIANCE,OFF-00009
DEL-0000998,MAN-000112,MI-0001318,FPS-0053,VEH-0103,143,141,2026-02-06,141,0,VERIFIED,OFF-00058
DEL-0000999,MAN-000112,MI-0001320,FPS-0553,VEH-0103,225,226,2026-02-06,226,0,VERIFIED,OFF-00023
DEL-0001000,MAN-000113,MI-0001324,FPS-0229,VEH-0129,172,169,2026-02-07,169,0,VARIANCE,OFF-00030
DEL-0001001,MAN-000113,MI-0001327,FPS-0204,VEH-0129,144,142,2026-02-09,0,142,VERIFIED,OFF-00041
DEL-0001002,MAN-000113,MI-0001330,FPS-0529,VEH-0129,233,229,2026-02-09,229,0,VARIANCE,OFF-00032
DEL-0001003,MAN-000113,MI-0001333,FPS-0354,VEH-0129,128,127,2026-02-06,0,127,VERIFIED,OFF-00025
DEL-0001004,MAN-000114,MI-0001334,FPS-0504,VEH-0129,133,130,2026-02-08,130,0,VARIANCE,OFF-00063
DEL-0001005,MAN-000114,MI-0001335,FPS-0504,VEH-0129,107,105,2026-02-06,0,105,VARIANCE,OFF-00032
DEL-0001006,MAN-000114,MI-0001340,FPS-0004,VEH-0129,180,177,2026-02-07,177,0,VARIANCE,OFF-00048
DEL-0001007,MAN-000114,MI-0001341,FPS-0004,VEH-0129,151,152,2026-02-08,0,152,VERIFIED,OFF-00016
DEL-0001008,MAN-000114,MI-0001343,FPS-0029,VEH-0129,114,113,2026-02-09,0,113,VERIFIED,OFF-00049
DEL-0001009,MAN-000114,MI-0001344,FPS-0054,VEH-0129,139,139,2026-02-07,139,0,VERIFIED,OFF-00016
DEL-0001010,MAN-000114,MI-0001345,FPS-0054,VEH-0129,135,135,2026-02-09,0,135,VERIFIED,OFF-00031
DEL-0001011,MAN-000115,MI-0001346,FPS-0329,VEH-0004,137,137,2026-02-06,137,0,VERIFIED,OFF-00038
DEL-0001012,MAN-000115,MI-0001347,FPS-0329,VEH-0004,129,130,2026-02-09,0,130,VERIFIED,OFF-00060
DEL-0001013,MAN-000115,MI-0001349,FPS-0154,VEH-0004,132,132,2026-02-08,0,132,VERIFIED,OFF-00022
DEL-0001014,MAN-000115,MI-0001351,FPS-0129,VEH-0004,149,146,2026-02-08,0,146,VARIANCE,OFF-00009
DEL-0001015,MAN-000115,MI-0001352,FPS-0479,VEH-0004,195,195,2026-02-09,195,0,VERIFIED,OFF-00037
DEL-0001016,MAN-000115,MI-0001356,FPS-0554,VEH-0004,142,142,2026-02-07,142,0,VERIFIED,OFF-00007
DEL-0001017,MAN-000115,MI-0001357,FPS-0554,VEH-0004,129,130,2026-02-09,0,130,VERIFIED,OFF-00052
DEL-0001018,MAN-000116,MI-0001358,FPS-0404,VEH-0004,143,140,2026-02-09,140,0,VARIANCE,OFF-00014
DEL-0001019,MAN-000116,MI-0001359,FPS-0404,VEH-0004,124,124,2026-02-10,0,124,VERIFIED,OFF-00037
DEL-0001020,MAN-000116,MI-0001360,FPS-0429,VEH-0004,135,135,2026-02-09,135,0,VERIFIED,OFF-00020
DEL-0001021,MAN-000116,MI-0001361,FPS-0429,VEH-0004,124,123,2026-02-09,0,123,VERIFIED,OFF-00056
DEL-0001022,MAN-000116,MI-0001362,FPS-0079,VEH-0004,131,132,2026-02-08,132,0,VERIFIED,OFF-00040
DEL-0001023,MAN-000116,MI-0001363,FPS-0079,VEH-0004,120,119,2026-02-10,0,119,VERIFIED,OFF-00015
DEL-0001024,MAN-000116,MI-0001364,FPS-0304,VEH-0004,174,172,2026-02-10,172,0,VERIFIED,OFF-00045
DEL-0001025,MAN-000116,MI-0001365,FPS-0304,VEH-0004,139,137,2026-02-07,0,137,VERIFIED,OFF-00040
DEL-0001026,MAN-000116,MI-0001366,FPS-0379,VEH-0004,132,133,2026-02-07,133,0,VERIFIED,OFF-00024
DEL-0001027,MAN-000116,MI-0001367,FPS-0379,VEH-0004,118,116,2026-02-08,0,116,VARIANCE,OFF-00053
DEL-0001028,MAN-000116,MI-0001368,FPS-0254,VEH-0004,133,134,2026-02-08,134,0,VERIFIED,OFF-00044
DEL-0001029,MAN-000116,MI-0001369,FPS-0254,VEH-0004,116,113,2026-02-08,0,113,VARIANCE,OFF-00012
DEL-0001030,MAN-000117,MI-0001374,FPS-0480,VEH-0030,133,133,2026-02-07,133,0,VERIFIED,OFF-00063
DEL-0001031,MAN-000117,MI-0001375,FPS-0480,VEH-0030,122,120,2026-02-09,0,120,VARIANCE,OFF-00054
DEL-0001032,MAN-000117,MI-0001377,FPS-0580,VEH-0030,148,148,2026-02-07,0,148,VERIFIED,OFF-00058
DEL-0001033,MAN-000117,MI-0001379,FPS-0055,VEH-0030,145,142,2026-02-06,0,142,VARIANCE,OFF-00033
DEL-0001034,MAN-000118,MI-0001384,FPS-0255,VEH-0005,175,175,2026-02-06,175,0,VERIFIED,OFF-00037
DEL-0001035,MAN-000118,MI-0001386,FPS-0505,VEH-0005,162,162,2026-02-09,162,0,VERIFIED,OFF-00059
DEL-0001036,MAN-000118,MI-0001391,FPS-0005,VEH-0005,163,162,2026-02-08,0,162,VERIFIED,OFF-00042
DEL-0001037,MAN-000118,MI-0001392,FPS-0430,VEH-0005,150,147,2026-02-08,147,0,VARIANCE,OFF-00042
DEL-0001038,MAN-000119,MI-0001394,FPS-0530,VEH-0055,183,184,2026-02-08,184,0,VERIFIED,OFF-00047
DEL-0001039,MAN-000119,MI-0001395,FPS-0530,VEH-0055,156,157,2026-02-09,0,157,VERIFIED,OFF-00035
DEL-0001040,MAN-000119,MI-0001396,FPS-0130,VEH-0055,123,122,2026-02-10,122,0,VERIFIED,OFF-00018
DEL-0001041,MAN-000119,MI-0001397,FPS-0130,VEH-0055,115,112,2026-02-10,0,112,VARIANCE,OFF-00024
DEL-0001042,MAN-000119,MI-0001398,FPS-0180,VEH-0055,149,149,2026-02-07,149,0,VERIFIED,OFF-00059
DEL-0001043,MAN-000119,MI-0001399,FPS-0180,VEH-0055,135,133,2026-02-08,0,133,VERIFIED,OFF-00064
DEL-0001044,MAN-000119,MI-0001400,FPS-0380,VEH-0055,192,192,2026-02-07,192,0,VERIFIED,OFF-00031
DEL-0001045,MAN-000119,MI-0001401,FPS-0380,VEH-0055,131,129,2026-02-10,0,129,VARIANCE,OFF-00009
DEL-0001046,MAN-000119,MI-0001402,FPS-0030,VEH-0055,123,122,2026-02-07,122,0,VERIFIED,OFF-00034
DEL-0001047,MAN-000119,MI-0001403,FPS-0030,VEH-0055,106,107,2026-02-08,0,107,VERIFIED,OFF-00029
DEL-0001048,MAN-000119,MI-0001404,FPS-0355,VEH-0055,158,156,2026-02-07,156,0,VERIFIED,OFF-00059
DEL-0001049,MAN-000119,MI-0001405,FPS-0355,VEH-0055,142,140,2026-02-08,0,140,VERIFIED,OFF-00060
DEL-0001050,MAN-000120,MI-0001406,FPS-0230,VEH-0005,245,246,2026-02-06,246,0,VERIFIED,OFF-00016
DEL-0001051,MAN-000120,MI-0001407,FPS-0230,VEH-0005,174,175,2026-02-08,0,175,VERIFIED,OFF-00024
DEL-0001052,MAN-000120,MI-0001408,FPS-0405,VEH-0005,170,171,2026-02-06,171,0,VERIFIED,OFF-00041
DEL-0001053,MAN-000120,MI-0001409,FPS-0405,VEH-0005,146,143,2026-02-07,0,143,VARIANCE,OFF-00046
DEL-0001054,MAN-000120,MI-0001410,FPS-0155,VEH-0005,197,197,2026-02-09,197,0,VERIFIED,OFF-00016
DEL-0001055,MAN-000120,MI-0001411,FPS-0155,VEH-0005,163,163,2026-02-09,0,163,VERIFIED,OFF-00037
DEL-0001056,MAN-000120,MI-0001412,FPS-0555,VEH-0005,206,207,2026-02-08,207,0,VERIFIED,OFF-00060
DEL-0001057,MAN-000120,MI-0001413,FPS-0555,VEH-0005,145,145,2026-02-07,0,145,VERIFIED,OFF-00042
DEL-0001058,MAN-000120,MI-0001414,FPS-0105,VEH-0005,243,239,2026-02-06,239,0,VARIANCE,OFF-00007
DEL-0001059,MAN-000120,MI-0001415,FPS-0105,VEH-0005,181,178,2026-02-08,0,178,VARIANCE,OFF-00023
DEL-0001060,MAN-000120,MI-0001416,FPS-0305,VEH-0005,143,142,2026-02-09,142,0,VERIFIED,OFF-00045
DEL-0001061,MAN-000120,MI-0001417,FPS-0305,VEH-0005,138,139,2026-02-08,0,139,VERIFIED,OFF-00026
DEL-0001062,MAN-000121,MI-0001418,FPS-0556,VEH-0031,181,182,2026-02-06,182,0,VERIFIED,OFF-00062
DEL-0001063,MAN-000121,MI-0001421,FPS-0006,VEH-0031,169,161,2026-02-08,0,161,REJECTED,OFF-00015
DEL-0001064,MAN-000121,MI-0001426,FPS-0181,VEH-0031,196,189,2026-02-07,189,0,REJECTED,OFF-00044
DEL-0001065,MAN-000121,MI-0001428,FPS-0431,VEH-0031,122,125,2026-02-09,125,0,VARIANCE,OFF-00021
DEL-0001066,MAN-000122,MI-0001430,FPS-0331,VEH-0106,162,159,2026-02-09,159,0,VARIANCE,OFF-00051
DEL-0001067,MAN-000122,MI-0001431,FPS-0331,VEH-0106,136,135,2026-02-09,0,135,VERIFIED,OFF-00045
DEL-0001068,MAN-000122,MI-0001432,FPS-0106,VEH-0106,143,143,2026-02-09,143,0,VERIFIED,OFF-00033
DEL-0001069,MAN-000122,MI-0001433,FPS-0106,VEH-0106,124,122,2026-02-09,0,122,VARIANCE,OFF-00057
DEL-0001070,MAN-000122,MI-0001434,FPS-0131,VEH-0106,163,163,2026-02-09,163,0,VERIFIED,OFF-00035
DEL-0001071,MAN-000122,MI-0001435,FPS-0131,VEH-0106,131,131,2026-02-08,0,131,VERIFIED,OFF-00037
DEL-0001072,MAN-000122,MI-0001436,FPS-0056,VEH-0106,144,143,2026-02-06,143,0,VERIFIED,OFF-00062
DEL-0001073,MAN-000122,MI-0001437,FPS-0056,VEH-0106,141,139,2026-02-06,0,139,VERIFIED,OFF-00028
DEL-0001074,MAN-000122,MI-0001438,FPS-0256,VEH-0106,162,160,2026-02-08,160,0,VERIFIED,OFF-00012
DEL-0001075,MAN-000122,MI-0001439,FPS-0256,VEH-0106,135,134,2026-02-09,0,134,VERIFIED,OFF-00007
DEL-0001076,MAN-000122,MI-0001440,FPS-0531,VEH-0106,149,148,2026-02-09,148,0,VERIFIED,OFF-00007
DEL-0001077,MAN-000122,MI-0001441,FPS-0531,VEH-0106,137,138,2026-02-07,0,138,VERIFIED,OFF-00051
DEL-0001078,MAN-000123,MI-0001442,FPS-0206,VEH-0056,212,214,2026-02-08,214,0,VERIFIED,OFF-00056
DEL-0001079,MAN-000123,MI-0001443,FPS-0206,VEH-0056,171,168,2026-02-09,0,168,VARIANCE,OFF-00052
DEL-0001080,MAN-000123,MI-0001444,FPS-0306,VEH-0056,143,140,2026-02-10,140,0,VARIANCE,OFF-00064
DEL-0001081,MAN-000123,MI-0001445,FPS-0306,VEH-0056,118,118,2026-02-07,0,118,VERIFIED,OFF-00031
DEL-0001082,MAN-000123,MI-0001446,FPS-0081,VEH-0056,164,161,2026-02-08,161,0,VARIANCE,OFF-00059
DEL-0001083,MAN-000123,MI-0001447,FPS-0081,VEH-0056,127,127,2026-02-08,0,127,VERIFIED,OFF-00021
DEL-0001084,MAN-000123,MI-0001448,FPS-0281,VEH-0056,167,164,2026-02-07,164,0,VARIANCE,OFF-00035
DEL-0001085,MAN-000123,MI-0001449,FPS-0281,VEH-0056,127,128,2026-02-07,0,128,VERIFIED,OFF-00027
DEL-0001086,MAN-000123,MI-0001450,FPS-0156,VEH-0056,168,167,2026-02-10,167,0,VERIFIED,OFF-00047
DEL-0001087,MAN-000123,MI-0001451,FPS-0156,VEH-0056,135,134,2026-02-07,0,134,VERIFIED,OFF-00064
DEL-0001088,MAN-000123,MI-0001452,FPS-0581,VEH-0056,149,147,2026-02-08,147,0,VERIFIED,OFF-00048
DEL-0001089,MAN-000123,MI-0001453,FPS-0581,VEH-0056,143,140,2026-02-09,0,140,VARIANCE,OFF-00014
DEL-0001090,MAN-000124,MI-0001454,FPS-0031,VEH-0056,118,119,2026-02-10,119,0,VERIFIED,OFF-00022
DEL-0001091,MAN-000124,MI-0001455,FPS-0031,VEH-0056,111,109,2026-02-09,0,109,VARIANCE,OFF-00050
DEL-0001092,MAN-000124,MI-0001456,FPS-0356,VEH-0056,167,166,2026-02-09,166,0,VERIFIED,OFF-00013
DEL-0001093,MAN-000124,MI-0001457,FPS-0356,VEH-0056,135,133,2026-02-10,0,133,VERIFIED,OFF-00038
DEL-0001094,MAN-000124,MI-0001458,FPS-0456,VEH-0056,163,162,2026-02-09,162,0,VERIFIED,OFF-00025
DEL-0001095,MAN-000124,MI-0001459,FPS-0456,VEH-0056,134,131,2026-02-07,0,131,VARIANCE,OFF-00008
DEL-0001096,MAN-000124,MI-0001460,FPS-0406,VEH-0056,228,227,2026-02-07,227,0,VERIFIED,OFF-00066
DEL-0001097,MAN-000124,MI-0001461,FPS-0406,VEH-0056,155,156,2026-02-07,0,156,VERIFIED,OFF-00036
DEL-0001098,MAN-000124,MI-0001462,FPS-0481,VEH-0056,157,157,2026-02-08,157,0,VERIFIED,OFF-00045
DEL-0001099,MAN-000124,MI-0001463,FPS-0481,VEH-0056,140,137,2026-02-08,0,137,VARIANCE,OFF-00051
DEL-0001100,MAN-000124,MI-0001464,FPS-0506,VEH-0056,147,144,2026-02-07,144,0,VARIANCE,OFF-00009
DEL-0001101,MAN-000124,MI-0001465,FPS-0506,VEH-0056,122,122,2026-02-09,0,122,VERIFIED,OFF-00065
DEL-0001102,MAN-000125,MI-0001466,FPS-0007,VEH-0057,140,138,2026-02-10,138,0,VERIFIED,OFF-00036
DEL-0001103,MAN-000125,MI-0001467,FPS-0007,VEH-0057,121,119,2026-02-08,0,119,VARIANCE,OFF-00038
DEL-0001104,MAN-000125,MI-0001468,FPS-0082,VEH-0057,174,175,2026-02-08,175,0,VERIFIED,OFF-00017
DEL-0001105,MAN-000125,MI-0001469,FPS-0082,VEH-0057,126,123,2026-02-08,0,123,VARIANCE,OFF-00063
DEL-0001106,MAN-000125,MI-0001470,FPS-0032,VEH-0057,159,156,2026-02-07,156,0,VARIANCE,OFF-00044
DEL-0001107,MAN-000125,MI-0001471,FPS-0032,VEH-0057,154,152,2026-02-09,0,152,VERIFIED,OFF-00055
DEL-0001108,MAN-000125,MI-0001472,FPS-0182,VEH-0057,155,152,2026-02-10,152,0,VARIANCE,OFF-00059
DEL-0001109,MAN-000125,MI-0001473,FPS-0182,VEH-0057,130,128,2026-02-10,0,128,VARIANCE,OFF-00065
DEL-0001110,MAN-000125,MI-0001474,FPS-0532,VEH-0057,159,159,2026-02-07,159,0,VERIFIED,OFF-00026
DEL-0001111,MAN-000125,MI-0001475,FPS-0532,VEH-0057,138,135,2026-02-07,0,135,VARIANCE,OFF-00056
DEL-0001112,MAN-000125,MI-0001476,FPS-0507,VEH-0057,128,128,2026-02-07,128,0,VERIFIED,OFF-00012
DEL-0001113,MAN-000125,MI-0001477,FPS-0507,VEH-0057,112,110,2026-02-10,0,110,VARIANCE,OFF-00058
DEL-0001114,MAN-000126,MI-0001478,FPS-0557,VEH-0007,214,210,2026-02-08,210,0,VARIANCE,OFF-00026
DEL-0001115,MAN-000126,MI-0001479,FPS-0557,VEH-0007,153,150,2026-02-08,0,150,VARIANCE,OFF-00058
DEL-0001116,MAN-000126,MI-0001480,FPS-0407,VEH-0007,143,141,2026-02-10,141,0,VERIFIED,OFF-00050
DEL-0001117,MAN-000126,MI-0001481,FPS-0407,VEH-0007,122,121,2026-02-09,0,121,VERIFIED,OFF-00042
DEL-0001118,MAN-000126,MI-0001482,FPS-0157,VEH-0007,181,179,2026-02-09,179,0,VERIFIED,OFF-00034
DEL-0001119,MAN-000126,MI-0001483,FPS-0157,VEH-0007,154,152,2026-02-09,0,152,VERIFIED,OFF-00021
DEL-0001120,MAN-000126,MI-0001484,FPS-0582,VEH-0007,98,97,2026-02-10,97,0,VERIFIED,OFF-00013
DEL-0001121,MAN-000126,MI-0001485,FPS-0582,VEH-0007,91,91,2026-02-07,0,91,VERIFIED,OFF-00015
DEL-0001122,MAN-000126,MI-0001486,FPS-0457,VEH-0007,177,178,2026-02-07,178,0,VERIFIED,OFF-00007
DEL-0001123,MAN-000126,MI-0001487,FPS-0457,VEH-0007,135,136,2026-02-08,0,136,VERIFIED,OFF-00030
DEL-0001124,MAN-000126,MI-0001488,FPS-0132,VEH-0007,227,228,2026-02-08,228,0,VERIFIED,OFF-00061
DEL-0001125,MAN-000126,MI-0001489,FPS-0132,VEH-0007,159,160,2026-02-07,0,160,VERIFIED,OFF-00025
DEL-0001126,MAN-000127,MI-0001490,FPS-0057,VEH-0007,171,168,2026-02-08,168,0,VARIANCE,OFF-00022
DEL-0001127,MAN-000127,MI-0001491,FPS-0057,VEH-0007,143,140,2026-02-07,0,140,VARIANCE,OFF-00031
DEL-0001128,MAN-000127,MI-0001492,FPS-0482,VEH-0007,147,146,2026-02-07,146,0,VERIFIED,OFF-00059
DEL-0001129,MAN-000127,MI-0001493,FPS-0482,VEH-0007,142,140,2026-02-09,0,140,VERIFIED,OFF-00057
DEL-0001130,MAN-000127,MI-0001494,FPS-0432,VEH-0007,252,248,2026-02-06,248,0,VARIANCE,OFF-00047
DEL-0001131,MAN-000127,MI-0001495,FPS-0432,VEH-0007,180,178,2026-02-08,0,178,VERIFIED,OFF-00055
DEL-0001132,MAN-000127,MI-0001496,FPS-0357,VEH-0007,215,213,2026-02-07,213,0,VERIFIED,OFF-00044
DEL-0001133,MAN-000127,MI-0001497,FPS-0357,VEH-0007,157,157,2026-02-09,0,157,VERIFIED,OFF-00007
DEL-0001134,MAN-000127,MI-0001498,FPS-0307,VEH-0007,177,178,2026-02-09,178,0,VERIFIED,OFF-00040
DEL-0001135,MAN-000127,MI-0001499,FPS-0307,VEH-0007,140,139,2026-02-06,0,139,VERIFIED,OFF-00056
DEL-0001136,MAN-000127,MI-0001500,FPS-0382,VEH-0007,133,131,2026-02-09,131,0,VARIANCE,OFF-00036
DEL-0001137,MAN-000127,MI-0001501,FPS-0382,VEH-0007,119,119,2026-02-07,0,119,VERIFIED,OFF-00016
DEL-0001138,MAN-000128,MI-0001502,FPS-0257,VEH-0007,138,135,2026-02-06,135,0,VARIANCE,OFF-00011
DEL-0001139,MAN-000128,MI-0001503,FPS-0257,VEH-0007,125,124,2026-02-08,0,124,VERIFIED,OFF-00019
DEL-0001140,MAN-000128,MI-0001504,FPS-0282,VEH-0007,194,195,2026-02-06,195,0,VERIFIED,OFF-00050
DEL-0001141,MAN-000128,MI-0001505,FPS-0282,VEH-0007,139,139,2026-02-07,0,139,VERIFIED,OFF-00017
DEL-0001142,MAN-000128,MI-0001506,FPS-0232,VEH-0007,165,165,2026-02-07,165,0,VERIFIED,OFF-00017
DEL-0001143,MAN-000128,MI-0001507,FPS-0232,VEH-0007,141,140,2026-02-07,0,140,VERIFIED,OFF-00011
DEL-0001144,MAN-000128,MI-0001508,FPS-0332,VEH-0007,198,198,2026-02-07,198,0,VERIFIED,OFF-00042
DEL-0001145,MAN-000128,MI-0001509,FPS-0332,VEH-0007,153,150,2026-02-08,0,150,VARIANCE,OFF-00061
DEL-0001146,MAN-000128,MI-0001510,FPS-0107,VEH-0007,135,134,2026-02-07,134,0,VERIFIED,OFF-00027
DEL-0001147,MAN-000128,MI-0001511,FPS-0107,VEH-0007,114,113,2026-02-09,0,113,VERIFIED,OFF-00053
DEL-0001148,MAN-000128,MI-0001512,FPS-0207,VEH-0007,296,299,2026-02-07,299,0,VERIFIED,OFF-00008
DEL-0001149,MAN-000128,MI-0001513,FPS-0207,VEH-0007,191,191,2026-02-08,0,191,VERIFIED,OFF-00015
DEL-0001150,MAN-000129,MI-0001520,FPS-0183,VEH-0083,160,157,2026-02-06,157,0,VARIANCE,OFF-00012
DEL-0001151,MAN-000129,MI-0001522,FPS-0483,VEH-0083,138,138,2026-02-07,138,0,VERIFIED,OFF-00014
DEL-0001152,MAN-000129,MI-0001523,FPS-0483,VEH-0083,127,125,2026-02-08,0,125,VARIANCE,OFF-00015
DEL-0001153,MAN-000130,MI-0001526,FPS-0308,VEH-0033,170,166,2026-02-09,166,0,VARIANCE,OFF-00066
DEL-0001154,MAN-000130,MI-0001527,FPS-0308,VEH-0033,145,143,2026-02-07,0,143,VERIFIED,OFF-00056
DEL-0001155,MAN-000130,MI-0001531,FPS-0333,VEH-0033,211,211,2026-02-08,0,211,VERIFIED,OFF-00038
DEL-0001156,MAN-000130,MI-0001536,FPS-0108,VEH-0033,142,139,2026-02-06,139,0,VARIANCE,OFF-00037
DEL-0001157,MAN-000130,MI-0001537,FPS-0108,VEH-0033,118,115,2026-02-09,0,115,VARIANCE,OFF-00049
DEL-0001158,MAN-000131,MI-0001538,FPS-0533,VEH-0133,185,185,2026-02-08,185,0,VERIFIED,OFF-00035
DEL-0001159,MAN-000131,MI-0001539,FPS-0533,VEH-0133,152,150,2026-02-06,0,150,VERIFIED,OFF-00020
DEL-0001160,MAN-000131,MI-0001540,FPS-0383,VEH-0133,131,131,2026-02-06,131,0,VERIFIED,OFF-00028
DEL-0001161,MAN-000131,MI-0001541,FPS-0383,VEH-0133,114,113,2026-02-06,0,113,VERIFIED,OFF-00020
DEL-0001162,MAN-000131,MI-0001542,FPS-0583,VEH-0133,163,162,2026-02-06,162,0,VERIFIED,OFF-00021
DEL-0001163,MAN-000131,MI-0001543,FPS-0583,VEH-0133,136,137,2026-02-08,0,137,VERIFIED,OFF-00064
DEL-0001164,MAN-000131,MI-0001544,FPS-0058,VEH-0133,200,198,2026-02-06,198,0,VERIFIED,OFF-00036
DEL-0001165,MAN-000131,MI-0001545,FPS-0058,VEH-0133,157,158,2026-02-09,0,158,VERIFIED,OFF-00022
DEL-0001166,MAN-000131,MI-0001546,FPS-0233,VEH-0133,128,127,2026-02-09,127,0,VERIFIED,OFF-00052
DEL-0001167,MAN-000131,MI-0001547,FPS-0233,VEH-0133,119,118,2026-02-06,0,118,VERIFIED,OFF-00018
DEL-0001168,MAN-000131,MI-0001548,FPS-0433,VEH-0133,146,144,2026-02-09,144,0,VERIFIED,OFF-00044
DEL-0001169,MAN-000131,MI-0001549,FPS-0433,VEH-0133,128,126,2026-02-06,0,126,VARIANCE,OFF-00025
DEL-0001170,MAN-000132,MI-0001556,FPS-0558,VEH-0133,245,243,2026-02-09,243,0,VERIFIED,OFF-00033
DEL-0001171,MAN-000132,MI-0001559,FPS-0033,VEH-0133,150,151,2026-02-08,0,151,VERIFIED,OFF-00029
DEL-0001172,MAN-000132,MI-0001561,FPS-0408,VEH-0133,120,117,2026-02-08,0,117,VARIANCE,OFF-00056
DEL-0001173,MAN-000133,MI-0001562,FPS-0334,VEH-0134,177,175,2026-02-09,175,0,VERIFIED,OFF-00028
DEL-0001174,MAN-000133,MI-0001563,FPS-0334,VEH-0134,146,145,2026-02-07,0,145,VERIFIED,OFF-00032
DEL-0001175,MAN-000133,MI-0001564,FPS-0084,VEH-0134,185,186,2026-02-10,186,0,VERIFIED,OFF-00023
DEL-0001176,MAN-000133,MI-0001565,FPS-0084,VEH-0134,133,132,2026-02-07,0,132,VERIFIED,OFF-00050
DEL-0001177,MAN-000133,MI-0001566,FPS-0484,VEH-0134,146,145,2026-02-07,145,0,VERIFIED,OFF-00058
DEL-0001178,MAN-000133,MI-0001567,FPS-0484,VEH-0134,134,133,2026-02-09,0,133,VERIFIED,OFF-00040
DEL-0001179,MAN-000133,MI-0001568,FPS-0434,VEH-0134,179,180,2026-02-07,180,0,VERIFIED,OFF-00025
DEL-0001180,MAN-000133,MI-0001569,FPS-0434,VEH-0134,147,146,2026-02-10,0,146,VERIFIED,OFF-00014
DEL-0001181,MAN-000133,MI-0001570,FPS-0059,VEH-0134,169,170,2026-02-10,170,0,VERIFIED,OFF-00035
DEL-0001182,MAN-000133,MI-0001571,FPS-0059,VEH-0134,145,145,2026-02-07,0,145,VERIFIED,OFF-00051
DEL-0001183,MAN-000133,MI-0001572,FPS-0459,VEH-0134,181,177,2026-02-08,177,0,VARIANCE,OFF-00010
DEL-0001184,MAN-000133,MI-0001573,FPS-0459,VEH-0134,146,147,2026-02-08,0,147,VERIFIED,OFF-00044
DEL-0001185,MAN-000134,MI-0001574,FPS-0134,VEH-0009,170,167,2026-02-06,167,0,VARIANCE,OFF-00032
DEL-0001186,MAN-000134,MI-0001575,FPS-0134,VEH-0009,139,138,2026-02-08,0,138,VERIFIED,OFF-00026
DEL-0001187,MAN-000134,MI-0001576,FPS-0559,VEH-0009,133,132,2026-02-09,132,0,VERIFIED,OFF-00058
DEL-0001188,MAN-000134,MI-0001577,FPS-0559,VEH-0009,114,111,2026-02-07,0,111,VARIANCE,OFF-00021
DEL-0001189,MAN-000134,MI-0001578,FPS-0109,VEH-0009,159,156,2026-02-09,156,0,VARIANCE,OFF-00056
DEL-0001190,MAN-000134,MI-0001579,FPS-0109,VEH-0009,129,127,2026-02-07,0,127,VARIANCE,OFF-00032
DEL-0001191,MAN-000134,MI-0001580,FPS-0409,VEH-0009,130,131,2026-02-07,131,0,VERIFIED,OFF-00050
DEL-0001192,MAN-000134,MI-0001581,FPS-0409,VEH-0009,123,124,2026-02-07,0,124,VERIFIED,OFF-00038
DEL-0001193,MAN-000134,MI-0001582,FPS-0584,VEH-0009,138,135,2026-02-08,135,0,VARIANCE,OFF-00019
DEL-0001194,MAN-000134,MI-0001583,FPS-0584,VEH-0009,122,119,2026-02-08,0,119,VARIANCE,OFF-00045
DEL-0001195,MAN-000134,MI-0001584,FPS-0359,VEH-0009,262,258,2026-02-08,258,0,VARIANCE,OFF-00015
DEL-0001196,MAN-000134,MI-0001585,FPS-0359,VEH-0009,189,186,2026-02-09,0,186,VARIANCE,OFF-00035
DEL-0001197,MAN-000135,MI-0001586,FPS-0009,VEH-0109,150,149,2026-02-09,149,0,VERIFIED,OFF-00045
DEL-0001198,MAN-000135,MI-0001587,FPS-0009,VEH-0109,132,131,2026-02-09,0,131,VERIFIED,OFF-00055
DEL-0001199,MAN-000135,MI-0001588,FPS-0034,VEH-0109,170,170,2026-02-06,170,0,VERIFIED,OFF-00066
DEL-0001200,MAN-000135,MI-0001589,FPS-0034,VEH-0109,145,146,2026-02-06,0,146,VERIFIED,OFF-00033
DEL-0001201,MAN-000135,MI-0001590,FPS-0309,VEH-0109,188,188,2026-02-09,188,0,VERIFIED,OFF-00031
DEL-0001202,MAN-000135,MI-0001591,FPS-0309,VEH-0109,156,155,2026-02-08,0,155,VERIFIED,OFF-00037
DEL-0001203,MAN-000135,MI-0001592,FPS-0534,VEH-0109,138,136,2026-02-07,136,0,VERIFIED,OFF-00032
DEL-0001204,MAN-000135,MI-0001593,FPS-0534,VEH-0109,126,125,2026-02-09,0,125,VERIFIED,OFF-00063
DEL-0001205,MAN-000135,MI-0001594,FPS-0384,VEH-0109,241,242,2026-02-06,242,0,VERIFIED,OFF-00017
DEL-0001206,MAN-000135,MI-0001595,FPS-0384,VEH-0109,175,172,2026-02-09,0,172,VARIANCE,OFF-00023
DEL-0001207,MAN-000135,MI-0001596,FPS-0284,VEH-0109,142,143,2026-02-06,143,0,VERIFIED,OFF-00054
DEL-0001208,MAN-000135,MI-0001597,FPS-0284,VEH-0109,134,133,2026-02-07,0,133,VERIFIED,OFF-00030
DEL-0001209,MAN-000136,MI-0001599,FPS-0159,VEH-0109,120,113,2026-02-07,0,113,REJECTED,OFF-00007
DEL-0001210,MAN-000136,MI-0001604,FPS-0234,VEH-0109,170,176,2026-02-06,176,0,REJECTED,OFF-00019
DEL-0001211,MAN-000136,MI-0001608,FPS-0509,VEH-0109,150,149,2026-02-06,149,0,VERIFIED,OFF-00062
DEL-0001212,MAN-000137,MI-0001610,FPS-0510,VEH-0035,141,142,2026-02-08,142,0,VERIFIED,OFF-00011
DEL-0001213,MAN-000137,MI-0001611,FPS-0510,VEH-0035,133,132,2026-02-06,0,132,VERIFIED,OFF-00033
DEL-0001214,MAN-000137,MI-0001612,FPS-0210,VEH-0035,184,184,2026-02-06,184,0,VERIFIED,OFF-00053
DEL-0001215,MAN-000137,MI-0001613,FPS-0210,VEH-0035,154,151,2026-02-09,0,151,VARIANCE,OFF-00033
DEL-0001216,MAN-000137,MI-0001614,FPS-0310,VEH-0035,147,144,2026-02-09,144,0,VARIANCE,OFF-00012
DEL-0001217,MAN-000137,MI-0001615,FPS-0310,VEH-0035,140,141,2026-02-08,0,141,VERIFIED,OFF-00048
DEL-0001218,MAN-000137,MI-0001616,FPS-0385,VEH-0035,220,221,2026-02-09,221,0,VERIFIED,OFF-00042
DEL-0001219,MAN-000137,MI-0001617,FPS-0385,VEH-0035,159,159,2026-02-06,0,159,VERIFIED,OFF-00012
DEL-0001220,MAN-000137,MI-0001618,FPS-0185,VEH-0035,172,170,2026-02-08,170,0,VERIFIED,OFF-00045
DEL-0001221,MAN-000137,MI-0001619,FPS-0185,VEH-0035,152,152,2026-02-07,0,152,VERIFIED,OFF-00010
DEL-0001222,MAN-000137,MI-0001620,FPS-0085,VEH-0035,133,133,2026-02-08,133,0,VERIFIED,OFF-00062
DEL-0001223,MAN-000137,MI-0001621,FPS-0085,VEH-0035,121,119,2026-02-07,0,119,VARIANCE,OFF-00052
DEL-0001224,MAN-000138,MI-0001624,FPS-0010,VEH-0010,197,198,2026-02-06,198,0,VERIFIED,OFF-00027
DEL-0001225,MAN-000138,MI-0001625,FPS-0010,VEH-0010,126,126,2026-02-09,0,126,VERIFIED,OFF-00057
DEL-0001226,MAN-000138,MI-0001628,FPS-0435,VEH-0010,173,172,2026-02-06,172,0,VERIFIED,OFF-00012
DEL-0001227,MAN-000138,MI-0001629,FPS-0435,VEH-0010,139,137,2026-02-09,0,137,VERIFIED,OFF-00039
DEL-0001228,MAN-000139,MI-0001637,FPS-0335,VEH-0085,161,160,2026-02-07,0,160,VERIFIED,OFF-00048
DEL-0001229,MAN-000139,MI-0001638,FPS-0060,VEH-0085,197,196,2026-02-06,196,0,VERIFIED,OFF-00031
DEL-0001230,MAN-000139,MI-0001640,FPS-0235,VEH-0085,184,183,2026-02-08,183,0,VERIFIED,OFF-00062
DEL-0001231,MAN-000139,MI-0001644,FPS-0160,VEH-0085,121,120,2026-02-09,120,0,VERIFIED,OFF-00029
DEL-0001232,MAN-000140,MI-0001653,FPS-0110,VEH-0035,133,132,2026-02-07,0,132,VERIFIED,OFF-00052
DEL-0001233,MAN-000140,MI-0001655,FPS-0285,VEH-0035,162,160,2026-02-08,0,160,VERIFIED,OFF-00036
DEL-0001234,MAN-000140,MI-0001657,FPS-0485,VEH-0035,119,119,2026-02-07,0,119,VERIFIED,OFF-00031
DEL-0001235,MAN-000141,MI-0001658,FPS-0586,VEH-0011,156,156,2026-02-07,156,0,VERIFIED,OFF-00040
DEL-0001236,MAN-000141,MI-0001659,FPS-0586,VEH-0011,136,133,2026-02-09,0,133,VARIANCE,OFF-00017
DEL-0001237,MAN-000141,MI-0001660,FPS-0286,VEH-0011,155,154,2026-02-06,154,0,VERIFIED,OFF-00040
DEL-0001238,MAN-000141,MI-0001661,FPS-0286,VEH-0011,131,129,2026-02-08,0,129,VARIANCE,OFF-00027
DEL-0001239,MAN-000141,MI-0001662,FPS-0186,VEH-0011,231,226,2026-02-08,226,0,VARIANCE,OFF-00018
DEL-0001240,MAN-000141,MI-0001663,FPS-0186,VEH-0011,178,179,2026-02-08,0,179,VERIFIED,OFF-00011
DEL-0001241,MAN-000141,MI-0001664,FPS-0236,VEH-0011,149,146,2026-02-07,146,0,VARIANCE,OFF-00061
DEL-0001242,MAN-000141,MI-0001665,FPS-0236,VEH-0011,128,125,2026-02-09,0,125,VARIANCE,OFF-00056
DEL-0001243,MAN-000141,MI-0001666,FPS-0436,VEH-0011,149,146,2026-02-07,146,0,VARIANCE,OFF-00012
DEL-0001244,MAN-000141,MI-0001667,FPS-0436,VEH-0011,123,121,2026-02-07,0,121,VARIANCE,OFF-00016
DEL-0001245,MAN-000141,MI-0001668,FPS-0011,VEH-0011,157,157,2026-02-08,157,0,VERIFIED,OFF-00057
DEL-0001246,MAN-000141,MI-0001669,FPS-0011,VEH-0011,134,131,2026-02-07,0,131,VARIANCE,OFF-00039
DEL-0001247,MAN-000142,MI-0001670,FPS-0036,VEH-0011,219,221,2026-02-08,221,0,VERIFIED,OFF-00055
DEL-0001248,MAN-000142,MI-0001671,FPS-0036,VEH-0011,149,146,2026-02-06,0,146,VARIANCE,OFF-00066
DEL-0001249,MAN-000142,MI-0001672,FPS-0161,VEH-0011,221,216,2026-02-06,216,0,VARIANCE,OFF-00024
DEL-0001250,MAN-000142,MI-0001673,FPS-0161,VEH-0011,154,155,2026-02-06,0,155,VERIFIED,OFF-00047
DEL-0001251,MAN-000142,MI-0001674,FPS-0336,VEH-0011,183,182,2026-02-09,182,0,VERIFIED,OFF-00059
DEL-0001252,MAN-000142,MI-0001675,FPS-0336,VEH-0011,136,136,2026-02-06,0,136,VERIFIED,OFF-00013
DEL-0001253,MAN-000142,MI-0001676,FPS-0561,VEH-0011,163,162,2026-02-06,162,0,VERIFIED,OFF-00033
DEL-0001254,MAN-000142,MI-0001677,FPS-0561,VEH-0011,135,133,2026-02-06,0,133,VERIFIED,OFF-00038
DEL-0001255,MAN-000142,MI-0001678,FPS-0111,VEH-0011,139,136,2026-02-06,136,0,VARIANCE,OFF-00028
DEL-0001256,MAN-000142,MI-0001679,FPS-0111,VEH-0011,120,120,2026-02-06,0,120,VERIFIED,OFF-00018
DEL-0001257,MAN-000142,MI-0001680,FPS-0061,VEH-0011,136,133,2026-02-09,133,0,VARIANCE,OFF-00037
DEL-0001258,MAN-000142,MI-0001681,FPS-0061,VEH-0011,131,131,2026-02-06,0,131,VERIFIED,OFF-00013
DEL-0001259,MAN-000143,MI-0001682,FPS-0311,VEH-0136,219,221,2026-02-07,221,0,VERIFIED,OFF-00062
DEL-0001260,MAN-000143,MI-0001683,FPS-0311,VEH-0136,173,171,2026-02-10,0,171,VERIFIED,OFF-00047
DEL-0001261,MAN-000143,MI-0001684,FPS-0511,VEH-0136,147,145,2026-02-07,145,0,VERIFIED,OFF-00063
DEL-0001262,MAN-000143,MI-0001685,FPS-0511,VEH-0136,122,122,2026-02-08,0,122,VERIFIED,OFF-00021
DEL-0001263,MAN-000143,MI-0001686,FPS-0211,VEH-0136,182,183,2026-02-08,183,0,VERIFIED,OFF-00042
DEL-0001264,MAN-000143,MI-0001687,FPS-0211,VEH-0136,139,138,2026-02-09,0,138,VERIFIED,OFF-00059
DEL-0001265,MAN-000143,MI-0001688,FPS-0086,VEH-0136,168,166,2026-02-09,166,0,VERIFIED,OFF-00059
DEL-0001266,MAN-000143,MI-0001689,FPS-0086,VEH-0136,143,142,2026-02-09,0,142,VERIFIED,OFF-00055
DEL-0001267,MAN-000143,MI-0001690,FPS-0411,VEH-0136,130,130,2026-02-08,130,0,VERIFIED,OFF-00042
DEL-0001268,MAN-000143,MI-0001691,FPS-0411,VEH-0136,118,119,2026-02-10,0,119,VERIFIED,OFF-00011
DEL-0001269,MAN-000143,MI-0001692,FPS-0536,VEH-0136,145,144,2026-02-08,144,0,VERIFIED,OFF-00041
DEL-0001270,MAN-000143,MI-0001693,FPS-0536,VEH-0136,143,143,2026-02-10,0,143,VERIFIED,OFF-00014
DEL-0001271,MAN-000144,MI-0001694,FPS-0386,VEH-0036,164,162,2026-02-07,162,0,VERIFIED,OFF-00053
DEL-0001272,MAN-000144,MI-0001695,FPS-0386,VEH-0036,144,143,2026-02-08,0,143,VERIFIED,OFF-00018
DEL-0001273,MAN-000144,MI-0001696,FPS-0486,VEH-0036,180,177,2026-02-06,177,0,VARIANCE,OFF-00044
DEL-0001274,MAN-000144,MI-0001697,FPS-0486,VEH-0036,144,145,2026-02-06,0,145,VERIFIED,OFF-00023
DEL-0001275,MAN-000144,MI-0001698,FPS-0461,VEH-0036,179,179,2026-02-09,179,0,VERIFIED,OFF-00046
DEL-0001276,MAN-000144,MI-0001699,FPS-0461,VEH-0036,136,133,2026-02-06,0,133,VARIANCE,OFF-00024
DEL-0001277,MAN-000144,MI-0001700,FPS-0261,VEH-0036,118,117,2026-02-07,117,0,VERIFIED,OFF-00030
DEL-0001278,MAN-000144,MI-0001701,FPS-0261,VEH-0036,110,108,2026-02-06,0,108,VARIANCE,OFF-00062
DEL-0001279,MAN-000144,MI-0001702,FPS-0136,VEH-0036,172,173,2026-02-07,173,0,VERIFIED,OFF-00012
DEL-0001280,MAN-000144,MI-0001703,FPS-0136,VEH-0036,148,145,2026-02-08,0,145,VARIANCE,OFF-00010
DEL-0001281,MAN-000144,MI-0001704,FPS-0361,VEH-0036,152,153,2026-02-09,153,0,VERIFIED,OFF-00027
DEL-0001282,MAN-000144,MI-0001705,FPS-0361,VEH-0036,134,132,2026-02-08,0,132,VERIFIED,OFF-00064
DEL-0001283,MAN-000145,MI-0001706,FPS-0512,VEH-0112,120,119,2026-02-09,119,0,VERIFIED,OFF-00023
DEL-0001284,MAN-000145,MI-0001707,FPS-0512,VEH-0112,131,130,2026-02-10,0,130,VERIFIED,OFF-00015
DEL-0001285,MAN-000145,MI-0001708,FPS-0012,VEH-0112,181,178,2026-02-10,178,0,VARIANCE,OFF-00044
DEL-0001286,MAN-000145,MI-0001709,FPS-0012,VEH-0112,135,133,2026-02-10,0,133,VERIFIED,OFF-00029
DEL-0001287,MAN-000145,MI-0001710,FPS-0237,VEH-0112,172,173,2026-02-07,173,0,VERIFIED,OFF-00048
DEL-0001288,MAN-000145,MI-0001711,FPS-0237,VEH-0112,145,143,2026-02-08,0,143,VERIFIED,OFF-00043
DEL-0001289,MAN-000145,MI-0001712,FPS-0212,VEH-0112,120,119,2026-02-09,119,0,VERIFIED,OFF-00007
DEL-0001290,MAN-000145,MI-0001713,FPS-0212,VEH-0112,104,104,2026-02-08,0,104,VERIFIED,OFF-00042
DEL-0001291,MAN-000145,MI-0001714,FPS-0462,VEH-0112,140,139,2026-02-07,139,0,VERIFIED,OFF-00064
DEL-0001292,MAN-000145,MI-0001715,FPS-0462,VEH-0112,119,118,2026-02-09,0,118,VERIFIED,OFF-00046
DEL-0001293,MAN-000145,MI-0001716,FPS-0387,VEH-0112,271,265,2026-02-09,265,0,VARIANCE,OFF-00056
DEL-0001294,MAN-000145,MI-0001717,FPS-0387,VEH-0112,199,201,2026-02-09,0,201,VERIFIED,OFF-00021
DEL-0001295,MAN-000146,MI-0001718,FPS-0537,VEH-0112,117,118,2026-02-07,118,0,VERIFIED,OFF-00061
DEL-0001296,MAN-000146,MI-0001719,FPS-0537,VEH-0112,109,110,2026-02-08,0,110,VERIFIED,OFF-00040
DEL-0001297,MAN-000146,MI-0001720,FPS-0487,VEH-0112,156,154,2026-02-08,154,0,VERIFIED,OFF-00013
DEL-0001298,MAN-000146,MI-0001721,FPS-0487,VEH-0112,127,127,2026-02-09,0,127,VERIFIED,OFF-00012
DEL-0001299,MAN-000146,MI-0001722,FPS-0037,VEH-0112,195,195,2026-02-08,195,0,VERIFIED,OFF-00047
DEL-0001300,MAN-000146,MI-0001723,FPS-0037,VEH-0112,157,157,2026-02-07,0,157,VERIFIED,OFF-00031
DEL-0001301,MAN-000146,MI-0001724,FPS-0062,VEH-0112,159,156,2026-02-09,156,0,VARIANCE,OFF-00013
DEL-0001302,MAN-000146,MI-0001725,FPS-0062,VEH-0112,125,122,2026-02-09,0,122,VARIANCE,OFF-00053
DEL-0001303,MAN-000146,MI-0001726,FPS-0262,VEH-0112,156,155,2026-02-07,155,0,VERIFIED,OFF-00049
DEL-0001304,MAN-000146,MI-0001727,FPS-0262,VEH-0112,130,129,2026-02-08,0,129,VERIFIED,OFF-00047
DEL-0001305,MAN-000146,MI-0001728,FPS-0187,VEH-0112,178,179,2026-02-10,179,0,VERIFIED,OFF-00053
DEL-0001306,MAN-000146,MI-0001729,FPS-0187,VEH-0112,131,131,2026-02-09,0,131,VERIFIED,OFF-00010
DEL-0001307,MAN-000147,MI-0001730,FPS-0287,VEH-0137,265,260,2026-02-07,260,0,VARIANCE,OFF-00053
DEL-0001308,MAN-000147,MI-0001731,FPS-0287,VEH-0137,191,189,2026-02-07,0,189,VERIFIED,OFF-00017
DEL-0001309,MAN-000147,MI-0001732,FPS-0087,VEH-0137,154,154,2026-02-07,154,0,VERIFIED,OFF-00051
DEL-0001310,MAN-000147,MI-0001733,FPS-0087,VEH-0137,130,131,2026-02-10,0,131,VERIFIED,OFF-00007
DEL-0001311,MAN-000147,MI-0001734,FPS-0437,VEH-0137,157,158,2026-02-07,158,0,VERIFIED,OFF-00052
DEL-0001312,MAN-000147,MI-0001735,FPS-0437,VEH-0137,126,127,2026-02-09,0,127,VERIFIED,OFF-00025
DEL-0001313,MAN-000147,MI-0001736,FPS-0412,VEH-0137,195,196,2026-02-08,196,0,VERIFIED,OFF-00011
DEL-0001314,MAN-000147,MI-0001737,FPS-0412,VEH-0137,152,151,2026-02-09,0,151,VERIFIED,OFF-00030
DEL-0001315,MAN-000147,MI-0001738,FPS-0112,VEH-0137,132,131,2026-02-10,131,0,VERIFIED,OFF-00023
DEL-0001316,MAN-000147,MI-0001739,FPS-0112,VEH-0137,136,135,2026-02-09,0,135,VERIFIED,OFF-00063
DEL-0001317,MAN-000147,MI-0001740,FPS-0362,VEH-0137,153,153,2026-02-09,153,0,VERIFIED,OFF-00022
DEL-0001318,MAN-000147,MI-0001741,FPS-0362,VEH-0137,139,140,2026-02-07,0,140,VERIFIED,OFF-00008
DEL-0001319,MAN-000148,MI-0001742,FPS-0587,VEH-0112,161,160,2026-02-09,160,0,VERIFIED,OFF-00043
DEL-0001320,MAN-000148,MI-0001743,FPS-0587,VEH-0112,133,131,2026-02-09,0,131,VARIANCE,OFF-00009
DEL-0001321,MAN-000148,MI-0001744,FPS-0137,VEH-0112,179,178,2026-02-09,178,0,VERIFIED,OFF-00008
DEL-0001322,MAN-000148,MI-0001745,FPS-0137,VEH-0112,135,133,2026-02-07,0,133,VERIFIED,OFF-00036
DEL-0001323,MAN-000148,MI-0001746,FPS-0162,VEH-0112,155,154,2026-02-08,154,0,VERIFIED,OFF-00045
DEL-0001324,MAN-000148,MI-0001747,FPS-0162,VEH-0112,137,136,2026-02-09,0,136,VERIFIED,OFF-00017
DEL-0001325,MAN-000148,MI-0001748,FPS-0312,VEH-0112,207,209,2026-02-10,209,0,VERIFIED,OFF-00043
DEL-0001326,MAN-000148,MI-0001749,FPS-0312,VEH-0112,150,151,2026-02-09,0,151,VERIFIED,OFF-00033
DEL-0001327,MAN-000148,MI-0001750,FPS-0562,VEH-0112,224,220,2026-02-10,220,0,VARIANCE,OFF-00042
DEL-0001328,MAN-000148,MI-0001751,FPS-0562,VEH-0112,170,167,2026-02-09,0,167,VARIANCE,OFF-00063
DEL-0001329,MAN-000148,MI-0001752,FPS-0337,VEH-0112,133,130,2026-02-09,130,0,VARIANCE,OFF-00053
DEL-0001330,MAN-000148,MI-0001753,FPS-0337,VEH-0112,115,113,2026-02-09,0,113,VARIANCE,OFF-00057
DEL-0001331,MAN-000149,MI-0001756,FPS-0513,VEH-0088,172,172,2026-02-08,172,0,VERIFIED,OFF-00024
DEL-0001332,MAN-000149,MI-0001758,FPS-0163,VEH-0088,139,136,2026-02-06,136,0,VARIANCE,OFF-00038
DEL-0001333,MAN-000149,MI-0001759,FPS-0163,VEH-0088,137,134,2026-02-09,0,134,VARIANCE,OFF-00016
DEL-0001334,MAN-000150,MI-0001766,FPS-0388,VEH-0138,138,139,2026-02-07,139,0,VERIFIED,OFF-00033
DEL-0001335,MAN-000150,MI-0001767,FPS-0388,VEH-0138,139,139,2026-02-09,0,139,VERIFIED,OFF-00037
DEL-0001336,MAN-000150,MI-0001768,FPS-0488,VEH-0138,185,184,2026-02-10,184,0,VERIFIED,OFF-00039
DEL-0001337,MAN-000150,MI-0001769,FPS-0488,VEH-0138,135,136,2026-02-09,0,136,VERIFIED,OFF-00026
DEL-0001338,MAN-000150,MI-0001770,FPS-0338,VEH-0138,181,181,2026-02-08,181,0,VERIFIED,OFF-00056
DEL-0001339,MAN-000150,MI-0001771,FPS-0338,VEH-0138,141,138,2026-02-07,0,138,VARIANCE,OFF-00025
DEL-0001340,MAN-000150,MI-0001772,FPS-0063,VEH-0138,217,218,2026-02-10,218,0,VERIFIED,OFF-00043
DEL-0001341,MAN-000150,MI-0001773,FPS-0063,VEH-0138,137,137,2026-02-10,0,137,VERIFIED,OFF-00062
DEL-0001342,MAN-000150,MI-0001774,FPS-0563,VEH-0138,256,255,2026-02-09,255,0,VERIFIED,OFF-00017
DEL-0001343,MAN-000150,MI-0001775,FPS-0563,VEH-0138,186,184,2026-02-07,0,184,VERIFIED,OFF-00022
DEL-0001344,MAN-000150,MI-0001776,FPS-0188,VEH-0138,135,136,2026-02-10,136,0,VERIFIED,OFF-00014
DEL-0001345,MAN-000150,MI-0001777,FPS-0188,VEH-0138,126,126,2026-02-10,0,126,VERIFIED,OFF-00018
DEL-0001346,MAN-000151,MI-0001780,FPS-0238,VEH-0013,173,172,2026-02-07,172,0,VERIFIED,OFF-00057
DEL-0001347,MAN-000151,MI-0001782,FPS-0463,VEH-0013,218,206,2026-02-09,206,0,REJECTED,OFF-00048
DEL-0001348,MAN-000151,MI-0001784,FPS-0038,VEH-0013,201,210,2026-02-09,210,0,REJECTED,OFF-00046
DEL-0001349,MAN-000151,MI-0001786,FPS-0263,VEH-0013,150,153,2026-02-09,153,0,VARIANCE,OFF-00064
DEL-0001350,MAN-000151,MI-0001787,FPS-0263,VEH-0013,133,132,2026-02-09,0,132,VERIFIED,OFF-00055
DEL-0001351,MAN-000151,MI-0001789,FPS-0213,VEH-0013,119,116,2026-02-07,0,116,VARIANCE,OFF-00016
DEL-0001352,MAN-000152,MI-0001791,FPS-0538,VEH-0113,129,128,2026-02-09,0,128,VERIFIED,OFF-00039
DEL-0001353,MAN-000152,MI-0001795,FPS-0138,VEH-0113,152,150,2026-02-08,0,150,VERIFIED,OFF-00047
DEL-0001354,MAN-000152,MI-0001796,FPS-0588,VEH-0113,167,165,2026-02-09,165,0,VERIFIED,OFF-00025
DEL-0001355,MAN-000152,MI-0001797,FPS-0588,VEH-0113,130,130,2026-02-09,0,130,VERIFIED,OFF-00024
DEL-0001356,MAN-000153,MI-0001802,FPS-0164,VEH-0064,144,145,2026-02-10,145,0,VERIFIED,OFF-00010
DEL-0001357,MAN-000153,MI-0001803,FPS-0164,VEH-0064,129,129,2026-02-10,0,129,VERIFIED,OFF-00027
DEL-0001358,MAN-000153,MI-0001804,FPS-0289,VEH-0064,128,127,2026-02-07,127,0,VERIFIED,OFF-00026
DEL-0001359,MAN-000153,MI-0001805,FPS-0289,VEH-0064,121,120,2026-02-10,0,120,VERIFIED,OFF-00021
DEL-0001360,MAN-000153,MI-0001806,FPS-0514,VEH-0064,104,104,2026-02-09,104,0,VERIFIED,OFF-00054
DEL-0001361,MAN-000153,MI-0001807,FPS-0514,VEH-0064,101,101,2026-02-07,0,101,VERIFIED,OFF-00028
DEL-0001362,MAN-000153,MI-0001808,FPS-0314,VEH-0064,173,170,2026-02-07,170,0,VARIANCE,OFF-00028
DEL-0001363,MAN-000153,MI-0001809,FPS-0314,VEH-0064,142,140,2026-02-07,0,140,VERIFIED,OFF-00058
DEL-0001364,MAN-000153,MI-0001810,FPS-0589,VEH-0064,165,163,2026-02-09,163,0,VERIFIED,OFF-00043
DEL-0001365,MAN-000153,MI-0001811,FPS-0589,VEH-0064,136,135,2026-02-07,0,135,VERIFIED,OFF-00057
DEL-0001366,MAN-000153,MI-0001812,FPS-0089,VEH-0064,188,187,2026-02-09,187,0,VERIFIED,OFF-00049
DEL-0001367,MAN-000153,MI-0001813,FPS-0089,VEH-0064,154,154,2026-02-07,0,154,VERIFIED,OFF-00012
DEL-0001368,MAN-000154,MI-0001814,FPS-0464,VEH-0039,173,169,2026-02-09,169,0,VARIANCE,OFF-00026
DEL-0001369,MAN-000154,MI-0001815,FPS-0464,VEH-0039,145,146,2026-02-07,0,146,VERIFIED,OFF-00056
DEL-0001370,MAN-000154,MI-0001816,FPS-0064,VEH-0039,134,135,2026-02-07,135,0,VERIFIED,OFF-00051
DEL-0001371,MAN-000154,MI-0001817,FPS-0064,VEH-0039,129,128,2026-02-10,0,128,VERIFIED,OFF-00047
DEL-0001372,MAN-000154,MI-0001818,FPS-0189,VEH-0039,228,228,2026-02-09,228,0,VERIFIED,OFF-00014
DEL-0001373,MAN-000154,MI-0001819,FPS-0189,VEH-0039,146,145,2026-02-10,0,145,VERIFIED,OFF-00046
DEL-0001374,MAN-000154,MI-0001820,FPS-0039,VEH-0039,186,184,2026-02-10,184,0,VERIFIED,OFF-00040
DEL-0001375,MAN-000154,MI-0001821,FPS-0039,VEH-0039,153,153,2026-02-07,0,153,VERIFIED,OFF-00042
DEL-0001376,MAN-000154,MI-0001822,FPS-0339,VEH-0039,137,134,2026-02-10,134,0,VARIANCE,OFF-00026
DEL-0001377,MAN-000154,MI-0001823,FPS-0339,VEH-0039,123,121,2026-02-08,0,121,VARIANCE,OFF-00032
DEL-0001378,MAN-000154,MI-0001824,FPS-0014,VEH-0039,130,128,2026-02-07,128,0,VARIANCE,OFF-00046
DEL-0001379,MAN-000154,MI-0001825,FPS-0014,VEH-0039,108,106,2026-02-09,0,106,VARIANCE,OFF-00011
DEL-0001380,MAN-000155,MI-0001828,FPS-0564,VEH-0114,150,150,2026-02-08,150,0,VERIFIED,OFF-00018
DEL-0001381,MAN-000155,MI-0001829,FPS-0564,VEH-0114,120,119,2026-02-07,0,119,VERIFIED,OFF-00040
DEL-0001382,MAN-000155,MI-0001834,FPS-0264,VEH-0114,98,97,2026-02-08,97,0,VERIFIED,OFF-00027
DEL-0001383,MAN-000155,MI-0001836,FPS-0389,VEH-0114,148,149,2026-02-07,149,0,VERIFIED,OFF-00054
DEL-0001384,MAN-000156,MI-0001838,FPS-0239,VEH-0014,174,171,2026-02-08,171,0,VARIANCE,OFF-00066
DEL-0001385,MAN-000156,MI-0001839,FPS-0239,VEH-0014,118,119,2026-02-07,0,119,VERIFIED,OFF-00065
DEL-0001386,MAN-000156,MI-0001840,FPS-0139,VEH-0014,166,167,2026-02-08,167,0,VERIFIED,OFF-00041
DEL-0001387,MAN-000156,MI-0001841,FPS-0139,VEH-0014,134,135,2026-02-06,0,135,VERIFIED,OFF-00013
DEL-0001388,MAN-000156,MI-0001842,FPS-0214,VEH-0014,126,123,2026-02-06,123,0,VARIANCE,OFF-00030
DEL-0001389,MAN-000156,MI-0001843,FPS-0214,VEH-0014,117,116,2026-02-08,0,116,VERIFIED,OFF-00050
DEL-0001390,MAN-000156,MI-0001844,FPS-0364,VEH-0014,175,171,2026-02-08,171,0,VARIANCE,OFF-00007
DEL-0001391,MAN-000156,MI-0001845,FPS-0364,VEH-0014,157,156,2026-02-07,0,156,VERIFIED,OFF-00034
DEL-0001392,MAN-000156,MI-0001846,FPS-0439,VEH-0014,179,179,2026-02-06,179,0,VERIFIED,OFF-00029
DEL-0001393,MAN-000156,MI-0001847,FPS-0439,VEH-0014,136,133,2026-02-08,0,133,VARIANCE,OFF-00055
DEL-0001394,MAN-000156,MI-0001848,FPS-0489,VEH-0014,190,187,2026-02-07,187,0,VARIANCE,OFF-00060
DEL-0001395,MAN-000156,MI-0001849,FPS-0489,VEH-0014,154,153,2026-02-06,0,153,VERIFIED,OFF-00034
DEL-0001396,MAN-000157,MI-0001850,FPS-0315,VEH-0140,167,168,2026-02-09,168,0,VERIFIED,OFF-00020
DEL-0001397,MAN-000157,MI-0001851,FPS-0315,VEH-0140,137,135,2026-02-07,0,135,VERIFIED,OFF-00027
DEL-0001398,MAN-000157,MI-0001852,FPS-0540,VEH-0140,123,123,2026-02-08,123,0,VERIFIED,OFF-00012
DEL-0001399,MAN-000157,MI-0001853,FPS-0540,VEH-0140,105,105,2026-02-09,0,105,VERIFIED,OFF-00011
DEL-0001400,MAN-000157,MI-0001854,FPS-0365,VEH-0140,139,137,2026-02-09,137,0,VERIFIED,OFF-00012
DEL-0001401,MAN-000157,MI-0001855,FPS-0365,VEH-0140,130,130,2026-02-09,0,130,VERIFIED,OFF-00022
DEL-0001402,MAN-000157,MI-0001856,FPS-0015,VEH-0140,144,141,2026-02-09,141,0,VARIANCE,OFF-00055
DEL-0001403,MAN-000157,MI-0001857,FPS-0015,VEH-0140,131,131,2026-02-08,0,131,VERIFIED,OFF-00023
DEL-0001404,MAN-000157,MI-0001858,FPS-0065,VEH-0140,155,155,2026-02-09,155,0,VERIFIED,OFF-00051
DEL-0001405,MAN-000157,MI-0001859,FPS-0065,VEH-0140,131,129,2026-02-08,0,129,VARIANCE,OFF-00026
DEL-0001406,MAN-000157,MI-0001860,FPS-0115,VEH-0140,131,130,2026-02-10,130,0,VERIFIED,OFF-00021
DEL-0001407,MAN-000157,MI-0001861,FPS-0115,VEH-0140,126,126,2026-02-09,0,126,VERIFIED,OFF-00046
DEL-0001408,MAN-000158,MI-0001862,FPS-0565,VEH-0115,152,149,2026-02-07,149,0,VARIANCE,OFF-00017
DEL-0001409,MAN-000158,MI-0001863,FPS-0565,VEH-0115,138,137,2026-02-07,0,137,VERIFIED,OFF-00038
DEL-0001410,MAN-000158,MI-0001864,FPS-0490,VEH-0115,187,186,2026-02-09,186,0,VERIFIED,OFF-00056
DEL-0001411,MAN-000158,MI-0001865,FPS-0490,VEH-0115,158,155,2026-02-06,0,155,VARIANCE,OFF-00049
DEL-0001412,MAN-000158,MI-0001866,FPS-0265,VEH-0115,194,193,2026-02-06,193,0,VERIFIED,OFF-00021
DEL-0001413,MAN-000158,MI-0001867,FPS-0265,VEH-0115,146,143,2026-02-09,0,143,VARIANCE,OFF-00054
DEL-0001414,MAN-000158,MI-0001868,FPS-0340,VEH-0115,135,136,2026-02-06,136,0,VERIFIED,OFF-00044
DEL-0001415,MAN-000158,MI-0001869,FPS-0340,VEH-0115,127,125,2026-02-07,0,125,VARIANCE,OFF-00047
DEL-0001416,MAN-000158,MI-0001870,FPS-0440,VEH-0115,174,175,2026-02-06,175,0,VERIFIED,OFF-00048
DEL-0001417,MAN-000158,MI-0001871,FPS-0440,VEH-0115,139,137,2026-02-08,0,137,VERIFIED,OFF-00043
DEL-0001418,MAN-000158,MI-0001872,FPS-0390,VEH-0115,189,189,2026-02-09,189,0,VERIFIED,OFF-00026
DEL-0001419,MAN-000158,MI-0001873,FPS-0390,VEH-0115,146,146,2026-02-09,0,146,VERIFIED,OFF-00038
DEL-0001420,MAN-000159,MI-0001874,FPS-0190,VEH-0015,129,126,2026-02-09,126,0,VARIANCE,OFF-00053
DEL-0001421,MAN-000159,MI-0001876,FPS-0165,VEH-0015,156,155,2026-02-09,155,0,VERIFIED,OFF-00014
DEL-0001422,MAN-000159,MI-0001879,FPS-0090,VEH-0015,132,131,2026-02-08,0,131,VERIFIED,OFF-00043
DEL-0001423,MAN-000159,MI-0001883,FPS-0465,VEH-0015,123,123,2026-02-09,0,123,VERIFIED,OFF-00030
DEL-0001424,MAN-000160,MI-0001886,FPS-0590,VEH-0140,156,154,2026-02-09,154,0,VERIFIED,OFF-00049
DEL-0001425,MAN-000160,MI-0001887,FPS-0590,VEH-0140,126,125,2026-02-10,0,125,VERIFIED,OFF-00029
DEL-0001426,MAN-000160,MI-0001888,FPS-0240,VEH-0140,226,228,2026-02-09,228,0,VERIFIED,OFF-00055
DEL-0001427,MAN-000160,MI-0001889,FPS-0240,VEH-0140,174,173,2026-02-08,0,173,VERIFIED,OFF-00061
DEL-0001428,MAN-000160,MI-0001890,FPS-0515,VEH-0140,109,108,2026-02-08,108,0,VERIFIED,OFF-00022
DEL-0001429,MAN-000160,MI-0001891,FPS-0515,VEH-0140,99,97,2026-02-08,0,97,VARIANCE,OFF-00049
DEL-0001430,MAN-000160,MI-0001892,FPS-0415,VEH-0140,172,169,2026-02-09,169,0,VARIANCE,OFF-00041
DEL-0001431,MAN-000160,MI-0001893,FPS-0415,VEH-0140,143,143,2026-02-08,0,143,VERIFIED,OFF-00031
DEL-0001432,MAN-000160,MI-0001894,FPS-0040,VEH-0140,152,152,2026-02-09,152,0,VERIFIED,OFF-00044
DEL-0001433,MAN-000160,MI-0001895,FPS-0040,VEH-0140,128,128,2026-02-10,0,128,VERIFIED,OFF-00029
DEL-0001434,MAN-000160,MI-0001896,FPS-0290,VEH-0140,178,175,2026-02-09,175,0,VARIANCE,OFF-00044
DEL-0001435,MAN-000160,MI-0001897,FPS-0290,VEH-0140,141,138,2026-02-07,0,138,VARIANCE,OFF-00026
DEL-0001436,MAN-000161,MI-0001898,FPS-0091,VEH-0091,152,152,2026-02-09,152,0,VERIFIED,OFF-00020
DEL-0001437,MAN-000161,MI-0001899,FPS-0091,VEH-0091,132,129,2026-02-09,0,129,VARIANCE,OFF-00050
DEL-0001438,MAN-000161,MI-0001900,FPS-0441,VEH-0091,264,259,2026-02-09,259,0,VARIANCE,OFF-00052
DEL-0001439,MAN-000161,MI-0001901,FPS-0441,VEH-0091,181,179,2026-02-08,0,179,VERIFIED,OFF-00064
DEL-0001440,MAN-000161,MI-0001902,FPS-0491,VEH-0091,172,169,2026-02-07,169,0,VARIANCE,OFF-00057
DEL-0001441,MAN-000161,MI-0001903,FPS-0491,VEH-0091,134,132,2026-02-08,0,132,VERIFIED,OFF-00053
DEL-0001442,MAN-000161,MI-0001904,FPS-0266,VEH-0091,136,137,2026-02-07,137,0,VERIFIED,OFF-00011
DEL-0001443,MAN-000161,MI-0001905,FPS-0266,VEH-0091,125,124,2026-02-09,0,124,VERIFIED,OFF-00036
DEL-0001444,MAN-000161,MI-0001906,FPS-0566,VEH-0091,141,138,2026-02-09,138,0,VARIANCE,OFF-00039
DEL-0001445,MAN-000161,MI-0001907,FPS-0566,VEH-0091,123,122,2026-02-08,0,122,VERIFIED,OFF-00064
DEL-0001446,MAN-000161,MI-0001908,FPS-0591,VEH-0091,146,146,2026-02-09,146,0,VERIFIED,OFF-00060
DEL-0001447,MAN-000161,MI-0001909,FPS-0591,VEH-0091,126,126,2026-02-07,0,126,VERIFIED,OFF-00029
DEL-0001448,MAN-000162,MI-0001910,FPS-0316,VEH-0141,126,124,2026-02-09,124,0,VARIANCE,OFF-00042
DEL-0001449,MAN-000162,MI-0001911,FPS-0316,VEH-0141,122,120,2026-02-09,0,120,VARIANCE,OFF-00061
DEL-0001450,MAN-000162,MI-0001912,FPS-0516,VEH-0141,134,132,2026-02-06,132,0,VERIFIED,OFF-00040
DEL-0001451,MAN-000162,MI-0001913,FPS-0516,VEH-0141,139,140,2026-02-08,0,140,VERIFIED,OFF-00037
DEL-0001452,MAN-000162,MI-0001914,FPS-0041,VEH-0141,146,146,2026-02-09,146,0,VERIFIED,OFF-00034
DEL-0001453,MAN-000162,MI-0001915,FPS-0041,VEH-0141,133,134,2026-02-06,0,134,VERIFIED,OFF-00048
DEL-0001454,MAN-000162,MI-0001916,FPS-0291,VEH-0141,151,148,2026-02-08,148,0,VARIANCE,OFF-00036
DEL-0001455,MAN-000162,MI-0001917,FPS-0291,VEH-0141,122,122,2026-02-07,0,122,VERIFIED,OFF-00029
DEL-0001456,MAN-000162,MI-0001918,FPS-0191,VEH-0141,135,133,2026-02-09,133,0,VERIFIED,OFF-00025
DEL-0001457,MAN-000162,MI-0001919,FPS-0191,VEH-0141,121,120,2026-02-08,0,120,VERIFIED,OFF-00027
DEL-0001458,MAN-000162,MI-0001920,FPS-0241,VEH-0141,159,158,2026-02-09,158,0,VERIFIED,OFF-00065
DEL-0001459,MAN-000162,MI-0001921,FPS-0241,VEH-0141,141,138,2026-02-09,0,138,VARIANCE,OFF-00021
DEL-0001460,MAN-000163,MI-0001922,FPS-0466,VEH-0091,134,133,2026-02-08,133,0,VERIFIED,OFF-00027
DEL-0001461,MAN-000163,MI-0001923,FPS-0466,VEH-0091,126,126,2026-02-09,0,126,VERIFIED,OFF-00025
DEL-0001462,MAN-000163,MI-0001924,FPS-0116,VEH-0091,138,139,2026-02-08,139,0,VERIFIED,OFF-00033
DEL-0001463,MAN-000163,MI-0001925,FPS-0116,VEH-0091,119,117,2026-02-10,0,117,VARIANCE,OFF-00029
DEL-0001464,MAN-000163,MI-0001926,FPS-0216,VEH-0091,151,150,2026-02-10,150,0,VERIFIED,OFF-00055
DEL-0001465,MAN-000163,MI-0001927,FPS-0216,VEH-0091,134,131,2026-02-07,0,131,VARIANCE,OFF-00028
DEL-0001466,MAN-000163,MI-0001928,FPS-0066,VEH-0091,168,166,2026-02-09,166,0,VERIFIED,OFF-00066
DEL-0001467,MAN-000163,MI-0001929,FPS-0066,VEH-0091,136,137,2026-02-07,0,137,VERIFIED,OFF-00009
DEL-0001468,MAN-000163,MI-0001930,FPS-0541,VEH-0091,147,148,2026-02-09,148,0,VERIFIED,OFF-00019
DEL-0001469,MAN-000163,MI-0001931,FPS-0541,VEH-0091,124,121,2026-02-07,0,121,VARIANCE,OFF-00015
DEL-0001470,MAN-000163,MI-0001932,FPS-0391,VEH-0091,168,166,2026-02-09,166,0,VERIFIED,OFF-00038
DEL-0001471,MAN-000163,MI-0001933,FPS-0391,VEH-0091,131,129,2026-02-08,0,129,VARIANCE,OFF-00062
DEL-0001472,MAN-000164,MI-0001934,FPS-0166,VEH-0016,165,165,2026-02-09,165,0,VERIFIED,OFF-00029
DEL-0001473,MAN-000164,MI-0001935,FPS-0166,VEH-0016,137,138,2026-02-07,0,138,VERIFIED,OFF-00030
DEL-0001474,MAN-000164,MI-0001936,FPS-0141,VEH-0016,129,129,2026-02-07,129,0,VERIFIED,OFF-00059
DEL-0001475,MAN-000164,MI-0001937,FPS-0141,VEH-0016,123,122,2026-02-07,0,122,VERIFIED,OFF-00008
DEL-0001476,MAN-000164,MI-0001938,FPS-0366,VEH-0016,180,180,2026-02-08,180,0,VERIFIED,OFF-00009
DEL-0001477,MAN-000164,MI-0001939,FPS-0366,VEH-0016,151,150,2026-02-09,0,150,VERIFIED,OFF-00060
DEL-0001478,MAN-000164,MI-0001940,FPS-0016,VEH-0016,206,202,2026-02-06,202,0,VARIANCE,OFF-00054
DEL-0001479,MAN-000164,MI-0001941,FPS-0016,VEH-0016,157,155,2026-02-08,0,155,VERIFIED,OFF-00053
DEL-0001480,MAN-000164,MI-0001942,FPS-0341,VEH-0016,159,158,2026-02-07,158,0,VERIFIED,OFF-00059
DEL-0001481,MAN-000164,MI-0001943,FPS-0341,VEH-0016,143,142,2026-02-06,0,142,VERIFIED,OFF-00063
DEL-0001482,MAN-000164,MI-0001944,FPS-0416,VEH-0016,138,137,2026-02-08,137,0,VERIFIED,OFF-00040
DEL-0001483,MAN-000164,MI-0001945,FPS-0416,VEH-0016,126,126,2026-02-09,0,126,VERIFIED,OFF-00060
DEL-0001484,MAN-000165,MI-0001946,FPS-0292,VEH-0117,250,247,2026-02-07,247,0,VERIFIED,OFF-00015
DEL-0001485,MAN-000165,MI-0001947,FPS-0292,VEH-0117,160,159,2026-02-08,0,159,VERIFIED,OFF-00017
DEL-0001486,MAN-000165,MI-0001948,FPS-0542,VEH-0117,151,151,2026-02-08,151,0,VERIFIED,OFF-00061
DEL-0001487,MAN-000165,MI-0001949,FPS-0542,VEH-0117,129,127,2026-02-10,0,127,VARIANCE,OFF-00035
DEL-0001488,MAN-000165,MI-0001950,FPS-0242,VEH-0117,129,130,2026-02-09,130,0,VERIFIED,OFF-00055
DEL-0001489,MAN-000165,MI-0001951,FPS-0242,VEH-0117,98,98,2026-02-08,0,98,VERIFIED,OFF-00043
DEL-0001490,MAN-000165,MI-0001952,FPS-0217,VEH-0117,145,146,2026-02-09,146,0,VERIFIED,OFF-00034
DEL-0001491,MAN-000165,MI-0001953,FPS-0217,VEH-0117,122,122,2026-02-09,0,122,VERIFIED,OFF-00032
DEL-0001492,MAN-000165,MI-0001954,FPS-0467,VEH-0117,115,115,2026-02-09,115,0,VERIFIED,OFF-00055
DEL-0001493,MAN-000165,MI-0001955,FPS-0467,VEH-0117,104,105,2026-02-09,0,105,VERIFIED,OFF-00048
DEL-0001494,MAN-000165,MI-0001956,FPS-0392,VEH-0117,174,175,2026-02-08,175,0,VERIFIED,OFF-00009
DEL-0001495,MAN-000165,MI-0001957,FPS-0392,VEH-0117,148,146,2026-02-08,0,146,VERIFIED,OFF-00009
DEL-0001496,MAN-000166,MI-0001958,FPS-0067,VEH-0067,159,158,2026-02-07,158,0,VERIFIED,OFF-00056
DEL-0001497,MAN-000166,MI-0001959,FPS-0067,VEH-0067,132,126,2026-02-08,0,126,REJECTED,OFF-00034
DEL-0001498,MAN-000166,MI-0001960,FPS-0142,VEH-0067,172,176,2026-02-09,176,0,VARIANCE,OFF-00056
DEL-0001499,MAN-000166,MI-0001961,FPS-0142,VEH-0067,137,142,2026-02-06,0,142,REJECTED,OFF-00059
DEL-0001500,MAN-000166,MI-0001962,FPS-0192,VEH-0067,135,128,2026-02-06,128,0,REJECTED,OFF-00048
DEL-0001501,MAN-000166,MI-0001963,FPS-0192,VEH-0067,113,106,2026-02-06,0,106,REJECTED,OFF-00053
DEL-0001502,MAN-000166,MI-0001964,FPS-0517,VEH-0067,146,147,2026-02-09,147,0,VERIFIED,OFF-00016
DEL-0001503,MAN-000166,MI-0001965,FPS-0517,VEH-0067,125,121,2026-02-09,0,121,VARIANCE,OFF-00059
DEL-0001504,MAN-000166,MI-0001966,FPS-0017,VEH-0067,154,145,2026-02-08,145,0,REJECTED,OFF-00015
DEL-0001505,MAN-000166,MI-0001967,FPS-0017,VEH-0067,128,128,2026-02-07,0,128,VERIFIED,OFF-00031
DEL-0001506,MAN-000166,MI-0001968,FPS-0117,VEH-0067,149,153,2026-02-09,153,0,VARIANCE,OFF-00050
DEL-0001507,MAN-000166,MI-0001969,FPS-0117,VEH-0067,148,147,2026-02-06,0,147,VERIFIED,OFF-00016
DEL-0001508,MAN-000167,MI-0001975,FPS-0317,VEH-0017,121,122,2026-02-06,0,122,VERIFIED,OFF-00060
DEL-0001509,MAN-000167,MI-0001976,FPS-0567,VEH-0017,153,154,2026-02-06,154,0,VERIFIED,OFF-00061
DEL-0001510,MAN-000167,MI-0001979,FPS-0417,VEH-0017,128,126,2026-02-09,0,126,VARIANCE,OFF-00023
DEL-0001511,MAN-000167,MI-0001980,FPS-0442,VEH-0017,140,138,2026-02-08,138,0,VERIFIED,OFF-00054
DEL-0001512,MAN-000168,MI-0001982,FPS-0367,VEH-0017,132,132,2026-02-08,132,0,VERIFIED,OFF-00012
DEL-0001513,MAN-000168,MI-0001983,FPS-0367,VEH-0017,131,128,2026-02-06,0,128,VARIANCE,OFF-00050
DEL-0001514,MAN-000168,MI-0001984,FPS-0592,VEH-0017,171,170,2026-02-09,170,0,VERIFIED,OFF-00053
DEL-0001515,MAN-000168,MI-0001985,FPS-0592,VEH-0017,144,143,2026-02-09,0,143,VERIFIED,OFF-00026
DEL-0001516,MAN-000168,MI-0001986,FPS-0267,VEH-0017,143,141,2026-02-08,141,0,VERIFIED,OFF-00015
DEL-0001517,MAN-000168,MI-0001987,FPS-0267,VEH-0017,120,118,2026-02-06,0,118,VARIANCE,OFF-00039
DEL-0001518,MAN-000168,MI-0001988,FPS-0167,VEH-0017,145,145,2026-02-07,145,0,VERIFIED,OFF-00030
DEL-0001519,MAN-000168,MI-0001989,FPS-0167,VEH-0017,134,132,2026-02-07,0,132,VERIFIED,OFF-00008
DEL-0001520,MAN-000168,MI-0001990,FPS-0342,VEH-0017,135,136,2026-02-06,136,0,VERIFIED,OFF-00018
DEL-0001521,MAN-000168,MI-0001991,FPS-0342,VEH-0017,121,120,2026-02-08,0,120,VERIFIED,OFF-00007
DEL-0001522,MAN-000168,MI-0001992,FPS-0042,VEH-0017,160,160,2026-02-07,160,0,VERIFIED,OFF-00016
DEL-0001523,MAN-000168,MI-0001993,FPS-0042,VEH-0017,143,140,2026-02-07,0,140,VARIANCE,OFF-00039
DEL-0001524,MAN-000169,MI-0001994,FPS-0243,VEH-0068,215,214,2026-02-08,214,0,VERIFIED,OFF-00007
DEL-0001525,MAN-000169,MI-0001995,FPS-0243,VEH-0068,150,150,2026-02-09,0,150,VERIFIED,OFF-00039
DEL-0001526,MAN-000169,MI-0001996,FPS-0118,VEH-0068,134,133,2026-02-08,133,0,VERIFIED,OFF-00025
DEL-0001527,MAN-000169,MI-0001997,FPS-0118,VEH-0068,115,113,2026-02-06,0,113,VARIANCE,OFF-00058
DEL-0001528,MAN-000169,MI-0001998,FPS-0293,VEH-0068,166,167,2026-02-09,167,0,VERIFIED,OFF-00007
DEL-0001529,MAN-000169,MI-0001999,FPS-0293,VEH-0068,134,133,2026-02-09,0,133,VERIFIED,OFF-00034
DEL-0001530,MAN-000169,MI-0002000,FPS-0543,VEH-0068,172,170,2026-02-09,170,0,VERIFIED,OFF-00040
DEL-0001531,MAN-000169,MI-0002001,FPS-0543,VEH-0068,138,136,2026-02-07,0,136,VERIFIED,OFF-00008
DEL-0001532,MAN-000169,MI-0002002,FPS-0468,VEH-0068,160,161,2026-02-08,161,0,VERIFIED,OFF-00009
DEL-0001533,MAN-000169,MI-0002003,FPS-0468,VEH-0068,146,145,2026-02-07,0,145,VERIFIED,OFF-00053
DEL-0001534,MAN-000169,MI-0002004,FPS-0193,VEH-0068,176,177,2026-02-06,177,0,VERIFIED,OFF-00012
DEL-0001535,MAN-000169,MI-0002005,FPS-0193,VEH-0068,143,142,2026-02-09,0,142,VERIFIED,OFF-00010
DEL-0001536,MAN-000170,MI-0002008,FPS-0343,VEH-0018,143,144,2026-02-09,144,0,VERIFIED,OFF-00040
DEL-0001537,MAN-000170,MI-0002010,FPS-0068,VEH-0018,188,190,2026-02-06,190,0,VERIFIED,OFF-00043
DEL-0001538,MAN-000170,MI-0002014,FPS-0518,VEH-0018,146,147,2026-02-08,147,0,VERIFIED,OFF-00057
DEL-0001539,MAN-000171,MI-0002018,FPS-0443,VEH-0143,136,136,2026-02-08,136,0,VERIFIED,OFF-00013
DEL-0001540,MAN-000171,MI-0002019,FPS-0443,VEH-0143,124,125,2026-02-09,0,125,VERIFIED,OFF-00064
DEL-0001541,MAN-000171,MI-0002020,FPS-0018,VEH-0143,249,251,2026-02-08,251,0,VERIFIED,OFF-00038
DEL-0001542,MAN-000171,MI-0002021,FPS-0018,VEH-0143,189,187,2026-02-08,0,187,VERIFIED,OFF-00055
DEL-0001543,MAN-000171,MI-0002022,FPS-0218,VEH-0143,132,131,2026-02-09,131,0,VERIFIED,OFF-00026
DEL-0001544,MAN-000171,MI-0002023,FPS-0218,VEH-0143,126,127,2026-02-07,0,127,VERIFIED,OFF-00016
DEL-0001545,MAN-000171,MI-0002024,FPS-0393,VEH-0143,170,172,2026-02-08,172,0,VERIFIED,OFF-00032
DEL-0001546,MAN-000171,MI-0002025,FPS-0393,VEH-0143,140,137,2026-02-07,0,137,VARIANCE,OFF-00024
DEL-0001547,MAN-000171,MI-0002026,FPS-0143,VEH-0143,180,179,2026-02-09,179,0,VERIFIED,OFF-00050
DEL-0001548,MAN-000171,MI-0002027,FPS-0143,VEH-0143,140,139,2026-02-08,0,139,VERIFIED,OFF-00020
DEL-0001549,MAN-000171,MI-0002028,FPS-0493,VEH-0143,144,141,2026-02-10,141,0,VARIANCE,OFF-00037
DEL-0001550,MAN-000171,MI-0002029,FPS-0493,VEH-0143,126,124,2026-02-07,0,124,VARIANCE,OFF-00022
DEL-0001551,MAN-000172,MI-0002032,FPS-0418,VEH-0118,236,236,2026-02-08,236,0,VERIFIED,OFF-00060
DEL-0001552,MAN-000173,MI-0002042,FPS-0094,VEH-0019,198,195,2026-02-08,195,0,VARIANCE,OFF-00024
DEL-0001553,MAN-000173,MI-0002043,FPS-0094,VEH-0019,135,132,2026-02-08,0,132,VARIANCE,OFF-00009
DEL-0001554,MAN-000173,MI-0002044,FPS-0569,VEH-0019,228,227,2026-02-06,227,0,VERIFIED,OFF-00015
DEL-0001555,MAN-000173,MI-0002045,FPS-0569,VEH-0019,147,148,2026-02-06,0,148,VERIFIED,OFF-00066
DEL-0001556,MAN-000173,MI-0002046,FPS-0269,VEH-0019,185,182,2026-02-06,182,0,VARIANCE,OFF-00036
DEL-0001557,MAN-000173,MI-0002047,FPS-0269,VEH-0019,137,137,2026-02-09,0,137,VERIFIED,OFF-00020
DEL-0001558,MAN-000173,MI-0002048,FPS-0494,VEH-0019,142,139,2026-02-09,139,0,VARIANCE,OFF-00030
DEL-0001559,MAN-000173,MI-0002049,FPS-0494,VEH-0019,130,129,2026-02-09,0,129,VERIFIED,OFF-00007
DEL-0001560,MAN-000173,MI-0002050,FPS-0444,VEH-0019,133,133,2026-02-09,133,0,VERIFIED,OFF-00043
DEL-0001561,MAN-000173,MI-0002051,FPS-0444,VEH-0019,111,111,2026-02-06,0,111,VERIFIED,OFF-00052
DEL-0001562,MAN-000173,MI-0002052,FPS-0544,VEH-0019,169,166,2026-02-08,166,0,VARIANCE,OFF-00064
DEL-0001563,MAN-000173,MI-0002053,FPS-0544,VEH-0019,139,139,2026-02-08,0,139,VERIFIED,OFF-00050
DEL-0001564,MAN-000174,MI-0002054,FPS-0394,VEH-0144,166,166,2026-02-09,166,0,VERIFIED,OFF-00009
DEL-0001565,MAN-000174,MI-0002055,FPS-0394,VEH-0144,125,126,2026-02-09,0,126,VERIFIED,OFF-00016
DEL-0001566,MAN-000174,MI-0002056,FPS-0019,VEH-0144,196,193,2026-02-08,193,0,VARIANCE,OFF-00017
DEL-0001567,MAN-000174,MI-0002057,FPS-0019,VEH-0144,155,153,2026-02-07,0,153,VERIFIED,OFF-00037
DEL-0001568,MAN-000174,MI-0002058,FPS-0369,VEH-0144,166,163,2026-02-09,163,0,VARIANCE,OFF-00025
DEL-0001569,MAN-000174,MI-0002059,FPS-0369,VEH-0144,146,143,2026-02-08,0,143,VARIANCE,OFF-00014
DEL-0001570,MAN-000174,MI-0002060,FPS-0169,VEH-0144,153,153,2026-02-08,153,0,VERIFIED,OFF-00008
DEL-0001571,MAN-000174,MI-0002061,FPS-0169,VEH-0144,128,127,2026-02-09,0,127,VERIFIED,OFF-00037
DEL-0001572,MAN-000174,MI-0002062,FPS-0344,VEH-0144,187,185,2026-02-10,185,0,VERIFIED,OFF-00027
DEL-0001573,MAN-000174,MI-0002063,FPS-0344,VEH-0144,144,141,2026-02-10,0,141,VARIANCE,OFF-00051
DEL-0001574,MAN-000174,MI-0002064,FPS-0194,VEH-0144,140,137,2026-02-07,137,0,VARIANCE,OFF-00014
DEL-0001575,MAN-000174,MI-0002065,FPS-0194,VEH-0144,113,113,2026-02-08,0,113,VERIFIED,OFF-00033
DEL-0001576,MAN-000175,MI-0002066,FPS-0519,VEH-0044,155,154,2026-02-08,154,0,VERIFIED,OFF-00065
DEL-0001577,MAN-000175,MI-0002067,FPS-0519,VEH-0044,133,134,2026-02-06,0,134,VERIFIED,OFF-00066
DEL-0001578,MAN-000175,MI-0002068,FPS-0594,VEH-0044,170,166,2026-02-09,166,0,VARIANCE,OFF-00062
DEL-0001579,MAN-000175,MI-0002069,FPS-0594,VEH-0044,149,149,2026-02-07,0,149,VERIFIED,OFF-00045
DEL-0001580,MAN-000175,MI-0002070,FPS-0044,VEH-0044,149,149,2026-02-09,149,0,VERIFIED,OFF-00041
DEL-0001581,MAN-000175,MI-0002071,FPS-0044,VEH-0044,140,141,2026-02-08,0,141,VERIFIED,OFF-00012
DEL-0001582,MAN-000175,MI-0002072,FPS-0219,VEH-0044,181,178,2026-02-08,178,0,VARIANCE,OFF-00038
DEL-0001583,MAN-000175,MI-0002073,FPS-0219,VEH-0044,150,150,2026-02-06,0,150,VERIFIED,OFF-00016
DEL-0001584,MAN-000175,MI-0002074,FPS-0144,VEH-0044,204,205,2026-02-06,205,0,VERIFIED,OFF-00056
DEL-0001585,MAN-000175,MI-0002075,FPS-0144,VEH-0044,144,144,2026-02-09,0,144,VERIFIED,OFF-00008
DEL-0001586,MAN-000175,MI-0002076,FPS-0419,VEH-0044,198,198,2026-02-07,198,0,VERIFIED,OFF-00047
DEL-0001587,MAN-000175,MI-0002077,FPS-0419,VEH-0044,146,147,2026-02-08,0,147,VERIFIED,OFF-00033
DEL-0001588,MAN-000176,MI-0002078,FPS-0469,VEH-0069,145,142,2026-02-08,142,0,VARIANCE,OFF-00050
DEL-0001589,MAN-000176,MI-0002079,FPS-0469,VEH-0069,123,121,2026-02-10,0,121,VARIANCE,OFF-00055
DEL-0001590,MAN-000176,MI-0002080,FPS-0119,VEH-0069,139,138,2026-02-10,138,0,VERIFIED,OFF-00034
DEL-0001591,MAN-000176,MI-0002081,FPS-0119,VEH-0069,127,126,2026-02-08,0,126,VERIFIED,OFF-00029
DEL-0001592,MAN-000176,MI-0002082,FPS-0319,VEH-0069,124,124,2026-02-09,124,0,VERIFIED,OFF-00007
DEL-0001593,MAN-000176,MI-0002083,FPS-0319,VEH-0069,118,116,2026-02-10,0,116,VARIANCE,OFF-00039
DEL-0001594,MAN-000176,MI-0002084,FPS-0244,VEH-0069,144,144,2026-02-08,144,0,VERIFIED,OFF-00047
DEL-0001595,MAN-000176,MI-0002085,FPS-0244,VEH-0069,133,134,2026-02-08,0,134,VERIFIED,OFF-00040
DEL-0001596,MAN-000176,MI-0002086,FPS-0294,VEH-0069,182,179,2026-02-08,179,0,VARIANCE,OFF-00060
DEL-0001597,MAN-000176,MI-0002087,FPS-0294,VEH-0069,145,143,2026-02-10,0,143,VERIFIED,OFF-00030
DEL-0001598,MAN-000176,MI-0002088,FPS-0069,VEH-0069,166,167,2026-02-09,167,0,VERIFIED,OFF-00019
DEL-0001599,MAN-000176,MI-0002089,FPS-0069,VEH-0069,138,137,2026-02-09,0,137,VERIFIED,OFF-00043
DEL-0001600,MAN-000177,MI-0002090,FPS-0370,VEH-0070,187,184,2026-02-07,184,0,VARIANCE,OFF-00025
DEL-0001601,MAN-000177,MI-0002091,FPS-0370,VEH-0070,139,136,2026-02-09,0,136,VARIANCE,OFF-00042
DEL-0001602,MAN-000177,MI-0002092,FPS-0420,VEH-0070,192,191,2026-02-09,191,0,VERIFIED,OFF-00065
DEL-0001603,MAN-000177,MI-0002093,FPS-0420,VEH-0070,161,159,2026-02-09,0,159,VERIFIED,OFF-00007
DEL-0001604,MAN-000177,MI-0002094,FPS-0445,VEH-0070,124,121,2026-02-10,121,0,VARIANCE,OFF-00019
DEL-0001605,MAN-000177,MI-0002095,FPS-0445,VEH-0070,111,108,2026-02-10,0,108,VARIANCE,OFF-00061
DEL-0001606,MAN-000177,MI-0002096,FPS-0345,VEH-0070,181,182,2026-02-08,182,0,VERIFIED,OFF-00049
DEL-0001607,MAN-000177,MI-0002097,FPS-0345,VEH-0070,146,143,2026-02-10,0,143,VARIANCE,OFF-00017
DEL-0001608,MAN-000177,MI-0002098,FPS-0295,VEH-0070,137,134,2026-02-08,134,0,VARIANCE,OFF-00023
DEL-0001609,MAN-000177,MI-0002099,FPS-0295,VEH-0070,119,119,2026-02-08,0,119,VERIFIED,OFF-00059
DEL-0001610,MAN-000177,MI-0002100,FPS-0045,VEH-0070,194,192,2026-02-07,192,0,VERIFIED,OFF-00011
DEL-0001611,MAN-000177,MI-0002101,FPS-0045,VEH-0070,164,163,2026-02-10,0,163,VERIFIED,OFF-00056
DEL-0001612,MAN-000178,MI-0002104,FPS-0145,VEH-0145,117,116,2026-02-07,116,0,VERIFIED,OFF-00058
DEL-0001613,MAN-000178,MI-0002108,FPS-0020,VEH-0145,126,123,2026-02-07,123,0,VARIANCE,OFF-00030
DEL-0001614,MAN-000178,MI-0002109,FPS-0020,VEH-0145,119,119,2026-02-08,0,119,VERIFIED,OFF-00063
DEL-0001615,MAN-000178,MI-0002111,FPS-0170,VEH-0145,149,150,2026-02-06,0,150,VERIFIED,OFF-00060
DEL-0001616,MAN-000178,MI-0002112,FPS-0320,VEH-0145,99,98,2026-02-08,98,0,VERIFIED,OFF-00057
DEL-0001617,MAN-000178,MI-0002113,FPS-0320,VEH-0145,102,101,2026-02-07,0,101,VERIFIED,OFF-00040
DEL-0001618,MAN-000179,MI-0002118,FPS-0545,VEH-0145,116,115,2026-02-06,115,0,VERIFIED,OFF-00055
DEL-0001619,MAN-000179,MI-0002125,FPS-0495,VEH-0145,119,117,2026-02-09,0,117,VARIANCE,OFF-00029
DEL-0001620,MAN-000180,MI-0002126,FPS-0470,VEH-0120,257,256,2026-02-09,256,0,VERIFIED,OFF-00046
DEL-0001621,MAN-000180,MI-0002127,FPS-0470,VEH-0120,186,186,2026-02-07,0,186,VERIFIED,OFF-00045
DEL-0001622,MAN-000180,MI-0002128,FPS-0570,VEH-0120,115,113,2026-02-07,113,0,VARIANCE,OFF-00029
DEL-0001623,MAN-000180,MI-0002129,FPS-0570,VEH-0120,109,108,2026-02-10,0,108,VERIFIED,OFF-00012
DEL-0001624,MAN-000180,MI-0002130,FPS-0395,VEH-0120,130,128,2026-02-07,128,0,VARIANCE,OFF-00048
DEL-0001625,MAN-000180,MI-0002131,FPS-0395,VEH-0120,120,120,2026-02-08,0,120,VERIFIED,OFF-00043
DEL-0001626,MAN-000180,MI-0002132,FPS-0520,VEH-0120,126,126,2026-02-10,126,0,VERIFIED,OFF-00058
DEL-0001627,MAN-000180,MI-0002133,FPS-0520,VEH-0120,113,113,2026-02-09,0,113,VERIFIED,OFF-00028
DEL-0001628,MAN-000180,MI-0002134,FPS-0595,VEH-0120,139,139,2026-02-07,139,0,VERIFIED,OFF-00052
DEL-0001629,MAN-000180,MI-0002135,FPS-0595,VEH-0120,127,128,2026-02-08,0,128,VERIFIED,OFF-00034
DEL-0001630,MAN-000180,MI-0002136,FPS-0120,VEH-0120,138,138,2026-02-07,138,0,VERIFIED,OFF-00020
DEL-0001631,MAN-000180,MI-0002137,FPS-0120,VEH-0120,123,121,2026-02-08,0,121,VARIANCE,OFF-00015
DEL-0001632,MAN-000181,MI-0002138,FPS-0371,VEH-0146,145,144,2026-02-10,144,0,VERIFIED,OFF-00020
DEL-0001633,MAN-000181,MI-0002139,FPS-0371,VEH-0146,124,122,2026-02-09,0,122,VARIANCE,OFF-00039
DEL-0001634,MAN-000181,MI-0002140,FPS-0121,VEH-0146,159,165,2026-02-08,165,0,REJECTED,OFF-00051
DEL-0001635,MAN-000181,MI-0002141,FPS-0121,VEH-0146,133,127,2026-02-08,0,127,REJECTED,OFF-00046
DEL-0001636,MAN-000181,MI-0002142,FPS-0596,VEH-0146,153,160,2026-02-09,160,0,REJECTED,OFF-00036
DEL-0001637,MAN-000181,MI-0002143,FPS-0596,VEH-0146,150,142,2026-02-08,0,142,REJECTED,OFF-00059
DEL-0001638,MAN-000181,MI-0002144,FPS-0296,VEH-0146,145,143,2026-02-09,143,0,VERIFIED,OFF-00020
DEL-0001639,MAN-000181,MI-0002145,FPS-0296,VEH-0146,122,114,2026-02-07,0,114,REJECTED,OFF-00011
DEL-0001640,MAN-000181,MI-0002146,FPS-0071,VEH-0146,147,152,2026-02-10,152,0,VARIANCE,OFF-00018
DEL-0001641,MAN-000181,MI-0002147,FPS-0071,VEH-0146,132,130,2026-02-07,0,130,VARIANCE,OFF-00021
DEL-0001642,MAN-000181,MI-0002148,FPS-0396,VEH-0146,135,131,2026-02-08,131,0,VARIANCE,OFF-00029
DEL-0001643,MAN-000181,MI-0002149,FPS-0396,VEH-0146,118,120,2026-02-08,0,120,VARIANCE,OFF-00050
DEL-0001644,MAN-000182,MI-0002150,FPS-0221,VEH-0021,178,179,2026-02-06,179,0,VERIFIED,OFF-00041
DEL-0001645,MAN-000182,MI-0002151,FPS-0221,VEH-0021,151,150,2026-02-06,0,150,VERIFIED,OFF-00007
DEL-0001646,MAN-000182,MI-0002152,FPS-0096,VEH-0021,152,153,2026-02-06,153,0,VERIFIED,OFF-00007
DEL-0001647,MAN-000182,MI-0002153,FPS-0096,VEH-0021,138,138,2026-02-09,0,138,VERIFIED,OFF-00013
DEL-0001648,MAN-000182,MI-0002154,FPS-0021,VEH-0021,277,273,2026-02-07,273,0,VERIFIED,OFF-00018
DEL-0001649,MAN-000182,MI-0002155,FPS-0021,VEH-0021,189,190,2026-02-06,0,190,VERIFIED,OFF-00030
DEL-0001650,MAN-000182,MI-0002156,FPS-0496,VEH-0021,123,121,2026-02-07,121,0,VARIANCE,OFF-00034
DEL-0001651,MAN-000182,MI-0002157,FPS-0496,VEH-0021,110,108,2026-02-08,0,108,VARIANCE,OFF-00041
DEL-0001652,MAN-000182,MI-0002158,FPS-0171,VEH-0021,149,150,2026-02-07,150,0,VERIFIED,OFF-00048
DEL-0001653,MAN-000182,MI-0002159,FPS-0171,VEH-0021,129,129,2026-02-09,0,129,VERIFIED,OFF-00065
DEL-0001654,MAN-000182,MI-0002160,FPS-0046,VEH-0021,150,150,2026-02-07,150,0,VERIFIED,OFF-00008
DEL-0001655,MAN-000182,MI-0002161,FPS-0046,VEH-0021,129,126,2026-02-07,0,126,VARIANCE,OFF-00025
DEL-0001656,MAN-000183,MI-0002162,FPS-0346,VEH-0146,151,150,2026-02-09,150,0,VERIFIED,OFF-00035
DEL-0001657,MAN-000183,MI-0002163,FPS-0346,VEH-0146,125,122,2026-02-07,0,122,VARIANCE,OFF-00019
DEL-0001658,MAN-000183,MI-0002164,FPS-0546,VEH-0146,221,222,2026-02-09,222,0,VERIFIED,OFF-00031
DEL-0001659,MAN-000183,MI-0002165,FPS-0546,VEH-0146,153,154,2026-02-08,0,154,VERIFIED,OFF-00043
DEL-0001660,MAN-000183,MI-0002166,FPS-0471,VEH-0146,171,171,2026-02-09,171,0,VERIFIED,OFF-00020
DEL-0001661,MAN-000183,MI-0002167,FPS-0471,VEH-0146,137,134,2026-02-06,0,134,VARIANCE,OFF-00042
DEL-0001662,MAN-000183,MI-0002168,FPS-0146,VEH-0146,127,128,2026-02-07,128,0,VERIFIED,OFF-00061
DEL-0001663,MAN-000183,MI-0002169,FPS-0146,VEH-0146,111,110,2026-02-08,0,110,VERIFIED,OFF-00025
DEL-0001664,MAN-000183,MI-0002170,FPS-0246,VEH-0146,271,273,2026-02-09,273,0,VERIFIED,OFF-00033
DEL-0001665,MAN-000183,MI-0002171,FPS-0246,VEH-0146,186,183,2026-02-09,0,183,VARIANCE,OFF-00064
DEL-0001666,MAN-000183,MI-0002172,FPS-0196,VEH-0146,218,220,2026-02-07,220,0,VERIFIED,OFF-00031
DEL-0001667,MAN-000183,MI-0002173,FPS-0196,VEH-0146,144,141,2026-02-09,0,141,VARIANCE,OFF-00054
DEL-0001668,MAN-000184,MI-0002180,FPS-0421,VEH-0021,189,187,2026-02-09,187,0,VERIFIED,OFF-00062
DEL-0001669,MAN-000184,MI-0002182,FPS-0271,VEH-0021,177,176,2026-02-07,176,0,VERIFIED,OFF-00021
DEL-0001670,MAN-000184,MI-0002185,FPS-0446,VEH-0021,127,128,2026-02-08,0,128,VERIFIED,OFF-00057
DEL-0001671,MAN-000185,MI-0002186,FPS-0272,VEH-0022,237,234,2026-02-09,234,0,VERIFIED,OFF-00026
DEL-0001672,MAN-000185,MI-0002187,FPS-0272,VEH-0022,171,172,2026-02-07,0,172,VERIFIED,OFF-00024
DEL-0001673,MAN-000185,MI-0002188,FPS-0197,VEH-0022,203,201,2026-02-06,201,0,VERIFIED,OFF-00050
DEL-0001674,MAN-000185,MI-0002189,FPS-0197,VEH-0022,142,143,2026-02-09,0,143,VERIFIED,OFF-00066
DEL-0001675,MAN-000185,MI-0002190,FPS-0447,VEH-0022,145,145,2026-02-08,145,0,VERIFIED,OFF-00022
DEL-0001676,MAN-000185,MI-0002191,FPS-0447,VEH-0022,130,131,2026-02-06,0,131,VERIFIED,OFF-00047
DEL-0001677,MAN-000185,MI-0002192,FPS-0322,VEH-0022,181,179,2026-02-07,179,0,VERIFIED,OFF-00048
DEL-0001678,MAN-000185,MI-0002193,FPS-0322,VEH-0022,143,141,2026-02-08,0,141,VERIFIED,OFF-00009
DEL-0001679,MAN-000185,MI-0002194,FPS-0122,VEH-0022,141,138,2026-02-07,138,0,VARIANCE,OFF-00016
DEL-0001680,MAN-000185,MI-0002195,FPS-0122,VEH-0022,137,134,2026-02-06,0,134,VARIANCE,OFF-00039
DEL-0001681,MAN-000185,MI-0002196,FPS-0172,VEH-0022,163,160,2026-02-06,160,0,VARIANCE,OFF-00065
DEL-0001682,MAN-000185,MI-0002197,FPS-0172,VEH-0022,124,122,2026-02-07,0,122,VARIANCE,OFF-00039
DEL-0001683,MAN-000186,MI-0002198,FPS-0472,VEH-0147,221,222,2026-02-08,222,0,VERIFIED,OFF-00061
DEL-0001684,MAN-000186,MI-0002199,FPS-0472,VEH-0147,159,157,2026-02-06,0,157,VERIFIED,OFF-00012
DEL-0001685,MAN-000186,MI-0002200,FPS-0422,VEH-0147,157,154,2026-02-08,154,0,VARIANCE,OFF-00045
DEL-0001686,MAN-000186,MI-0002201,FPS-0422,VEH-0147,129,128,2026-02-09,0,128,VERIFIED,OFF-00047
DEL-0001687,MAN-000186,MI-0002202,FPS-0372,VEH-0147,112,109,2026-02-06,109,0,VARIANCE,OFF-00047
DEL-0001688,MAN-000186,MI-0002203,FPS-0372,VEH-0147,111,109,2026-02-09,0,109,VARIANCE,OFF-00049
DEL-0001689,MAN-000186,MI-0002204,FPS-0522,VEH-0147,214,210,2026-02-09,210,0,VARIANCE,OFF-00017
DEL-0001690,MAN-000186,MI-0002205,FPS-0522,VEH-0147,178,174,2026-02-06,0,174,VARIANCE,OFF-00039
DEL-0001691,MAN-000186,MI-0002206,FPS-0497,VEH-0147,177,175,2026-02-08,175,0,VERIFIED,OFF-00034
DEL-0001692,MAN-000186,MI-0002207,FPS-0497,VEH-0147,127,126,2026-02-09,0,126,VERIFIED,OFF-00011
DEL-0001693,MAN-000186,MI-0002208,FPS-0022,VEH-0147,133,130,2026-02-07,130,0,VARIANCE,OFF-00008
DEL-0001694,MAN-000186,MI-0002209,FPS-0022,VEH-0147,121,122,2026-02-08,0,122,VERIFIED,OFF-00027
DEL-0001695,MAN-000187,MI-0002210,FPS-0572,VEH-0147,231,227,2026-02-07,227,0,VARIANCE,OFF-00064
DEL-0001696,MAN-000187,MI-0002211,FPS-0572,VEH-0147,158,159,2026-02-06,0,159,VERIFIED,OFF-00065
DEL-0001697,MAN-000187,MI-0002212,FPS-0072,VEH-0147,224,225,2026-02-08,225,0,VERIFIED,OFF-00048
DEL-0001698,MAN-000187,MI-0002213,FPS-0072,VEH-0147,152,153,2026-02-08,0,153,VERIFIED,OFF-00049
DEL-0001699,MAN-000187,MI-0002214,FPS-0047,VEH-0147,185,185,2026-02-06,185,0,VERIFIED,OFF-00008
DEL-0001700,MAN-000187,MI-0002215,FPS-0047,VEH-0147,139,136,2026-02-07,0,136,VARIANCE,OFF-00066
DEL-0001701,MAN-000187,MI-0002216,FPS-0547,VEH-0147,143,142,2026-02-06,142,0,VERIFIED,OFF-00051
DEL-0001702,MAN-000187,MI-0002217,FPS-0547,VEH-0147,130,130,2026-02-07,0,130,VERIFIED,OFF-00041
DEL-0001703,MAN-000187,MI-0002218,FPS-0597,VEH-0147,345,344,2026-02-07,344,0,VERIFIED,OFF-00043
DEL-0001704,MAN-000187,MI-0002219,FPS-0597,VEH-0147,213,212,2026-02-07,0,212,VERIFIED,OFF-00013
DEL-0001705,MAN-000187,MI-0002220,FPS-0147,VEH-0147,151,148,2026-02-07,148,0,VARIANCE,OFF-00044
DEL-0001706,MAN-000187,MI-0002221,FPS-0147,VEH-0147,132,131,2026-02-06,0,131,VERIFIED,OFF-00008
DEL-0001707,MAN-000188,MI-0002222,FPS-0097,VEH-0097,195,195,2026-02-09,195,0,VERIFIED,OFF-00022
DEL-0001708,MAN-000188,MI-0002223,FPS-0097,VEH-0097,147,146,2026-02-07,0,146,VERIFIED,OFF-00030
DEL-0001709,MAN-000188,MI-0002224,FPS-0297,VEH-0097,136,135,2026-02-08,135,0,VERIFIED,OFF-00050
DEL-0001710,MAN-000188,MI-0002225,FPS-0297,VEH-0097,128,126,2026-02-06,0,126,VARIANCE,OFF-00066
DEL-0001711,MAN-000188,MI-0002226,FPS-0222,VEH-0097,206,207,2026-02-07,207,0,VERIFIED,OFF-00050
DEL-0001712,MAN-000188,MI-0002227,FPS-0222,VEH-0097,141,140,2026-02-09,0,140,VERIFIED,OFF-00044
DEL-0001713,MAN-000188,MI-0002228,FPS-0397,VEH-0097,160,158,2026-02-07,158,0,VERIFIED,OFF-00013
DEL-0001714,MAN-000188,MI-0002229,FPS-0397,VEH-0097,144,145,2026-02-09,0,145,VERIFIED,OFF-00026
DEL-0001715,MAN-000188,MI-0002230,FPS-0247,VEH-0097,147,147,2026-02-09,147,0,VERIFIED,OFF-00035
DEL-0001716,MAN-000188,MI-0002231,FPS-0247,VEH-0097,124,121,2026-02-07,0,121,VARIANCE,OFF-00017
DEL-0001717,MAN-000188,MI-0002232,FPS-0347,VEH-0097,208,209,2026-02-08,209,0,VERIFIED,OFF-00018
DEL-0001718,MAN-000188,MI-0002233,FPS-0347,VEH-0097,162,160,2026-02-08,0,160,VERIFIED,OFF-00056
DEL-0001719,MAN-000189,MI-0002234,FPS-0573,VEH-0148,142,140,2026-02-06,140,0,VERIFIED,OFF-00053
DEL-0001720,MAN-000189,MI-0002235,FPS-0573,VEH-0148,130,130,2026-02-06,0,130,VERIFIED,OFF-00030
DEL-0001721,MAN-000189,MI-0002236,FPS-0073,VEH-0148,181,181,2026-02-08,181,0,VERIFIED,OFF-00047
DEL-0001722,MAN-000189,MI-0002237,FPS-0073,VEH-0148,154,153,2026-02-06,0,153,VERIFIED,OFF-00020
DEL-0001723,MAN-000189,MI-0002238,FPS-0373,VEH-0148,160,160,2026-02-08,160,0,VERIFIED,OFF-00038
DEL-0001724,MAN-000189,MI-0002239,FPS-0373,VEH-0148,140,141,2026-02-06,0,141,VERIFIED,OFF-00051
DEL-0001725,MAN-000189,MI-0002240,FPS-0323,VEH-0148,160,159,2026-02-06,159,0,VERIFIED,OFF-00042
DEL-0001726,MAN-000189,MI-0002241,FPS-0323,VEH-0148,149,148,2026-02-06,0,148,VERIFIED,OFF-00029
DEL-0001727,MAN-000189,MI-0002242,FPS-0023,VEH-0148,150,149,2026-02-08,149,0,VERIFIED,OFF-00051
DEL-0001728,MAN-000189,MI-0002243,FPS-0023,VEH-0148,131,130,2026-02-09,0,130,VERIFIED,OFF-00066
DEL-0001729,MAN-000189,MI-0002244,FPS-0298,VEH-0148,159,159,2026-02-07,159,0,VERIFIED,OFF-00018
DEL-0001730,MAN-000189,MI-0002245,FPS-0298,VEH-0148,126,123,2026-02-08,0,123,VARIANCE,OFF-00022
DEL-0001731,MAN-000190,MI-0002246,FPS-0048,VEH-0073,121,122,2026-02-07,122,0,VERIFIED,OFF-00018
DEL-0001732,MAN-000190,MI-0002247,FPS-0048,VEH-0073,108,106,2026-02-08,0,106,VARIANCE,OFF-00059
DEL-0001733,MAN-000190,MI-0002248,FPS-0198,VEH-0073,139,139,2026-02-08,139,0,VERIFIED,OFF-00026
DEL-0001734,MAN-000190,MI-0002249,FPS-0198,VEH-0073,120,119,2026-02-07,0,119,VERIFIED,OFF-00027
DEL-0001735,MAN-000190,MI-0002250,FPS-0348,VEH-0073,189,185,2026-02-10,185,0,VARIANCE,OFF-00030
DEL-0001736,MAN-000190,MI-0002251,FPS-0348,VEH-0073,140,138,2026-02-08,0,138,VERIFIED,OFF-00037
DEL-0001737,MAN-000190,MI-0002252,FPS-0423,VEH-0073,167,165,2026-02-10,165,0,VERIFIED,OFF-00032
DEL-0001738,MAN-000190,MI-0002253,FPS-0423,VEH-0073,139,138,2026-02-07,0,138,VERIFIED,OFF-00056
DEL-0001739,MAN-000190,MI-0002254,FPS-0598,VEH-0073,186,187,2026-02-10,187,0,VERIFIED,OFF-00022
DEL-0001740,MAN-000190,MI-0002255,FPS-0598,VEH-0073,133,131,2026-02-09,0,131,VARIANCE,OFF-00012
DEL-0001741,MAN-000190,MI-0002256,FPS-0398,VEH-0073,154,155,2026-02-08,155,0,VERIFIED,OFF-00025
DEL-0001742,MAN-000190,MI-0002257,FPS-0398,VEH-0073,138,138,2026-02-07,0,138,VERIFIED,OFF-00062
DEL-0001743,MAN-000191,MI-0002258,FPS-0523,VEH-0123,167,167,2026-02-09,167,0,VERIFIED,OFF-00066
DEL-0001744,MAN-000191,MI-0002259,FPS-0523,VEH-0123,150,151,2026-02-07,0,151,VERIFIED,OFF-00008
DEL-0001745,MAN-000191,MI-0002260,FPS-0248,VEH-0123,250,251,2026-02-09,251,0,VERIFIED,OFF-00023
DEL-0001746,MAN-000191,MI-0002261,FPS-0248,VEH-0123,184,183,2026-02-09,0,183,VERIFIED,OFF-00033
DEL-0001747,MAN-000191,MI-0002262,FPS-0123,VEH-0123,152,149,2026-02-09,149,0,VARIANCE,OFF-00038
DEL-0001748,MAN-000191,MI-0002263,FPS-0123,VEH-0123,132,131,2026-02-07,0,131,VERIFIED,OFF-00059
DEL-0001749,MAN-000191,MI-0002264,FPS-0498,VEH-0123,195,195,2026-02-08,195,0,VERIFIED,OFF-00036
DEL-0001750,MAN-000191,MI-0002265,FPS-0498,VEH-0123,146,143,2026-02-09,0,143,VARIANCE,OFF-00042
DEL-0001751,MAN-000191,MI-0002266,FPS-0148,VEH-0123,233,229,2026-02-09,229,0,VARIANCE,OFF-00049
DEL-0001752,MAN-000191,MI-0002267,FPS-0148,VEH-0123,165,164,2026-02-10,0,164,VERIFIED,OFF-00011
DEL-0001753,MAN-000191,MI-0002268,FPS-0273,VEH-0123,237,233,2026-02-10,233,0,VARIANCE,OFF-00025
DEL-0001754,MAN-000191,MI-0002269,FPS-0273,VEH-0123,156,153,2026-02-08,0,153,VARIANCE,OFF-00043
DEL-0001755,MAN-000192,MI-0002270,FPS-0448,VEH-0098,150,149,2026-02-09,149,0,VERIFIED,OFF-00007
DEL-0001756,MAN-000192,MI-0002272,FPS-0173,VEH-0098,157,153,2026-02-07,153,0,VARIANCE,OFF-00045
DEL-0001757,MAN-000192,MI-0002274,FPS-0473,VEH-0098,179,179,2026-02-07,179,0,VERIFIED,OFF-00025
DEL-0001758,MAN-000192,MI-0002276,FPS-0548,VEH-0098,154,153,2026-02-08,153,0,VERIFIED,OFF-00025
DEL-0001759,MAN-000192,MI-0002278,FPS-0223,VEH-0098,180,176,2026-02-06,176,0,VARIANCE,OFF-00045
DEL-0001760,MAN-000193,MI-0002282,FPS-0599,VEH-0074,128,128,2026-02-10,128,0,VERIFIED,OFF-00053
DEL-0001761,MAN-000193,MI-0002283,FPS-0599,VEH-0074,119,120,2026-02-09,0,120,VERIFIED,OFF-00056
DEL-0001762,MAN-000193,MI-0002284,FPS-0474,VEH-0074,129,126,2026-02-09,126,0,VARIANCE,OFF-00016
DEL-0001763,MAN-000193,MI-0002285,FPS-0474,VEH-0074,115,115,2026-02-07,0,115,VERIFIED,OFF-00041
DEL-0001764,MAN-000193,MI-0002286,FPS-0274,VEH-0074,147,147,2026-02-10,147,0,VERIFIED,OFF-00042
DEL-0001765,MAN-000193,MI-0002287,FPS-0274,VEH-0074,117,114,2026-02-10,0,114,VARIANCE,OFF-00032
DEL-0001766,MAN-000193,MI-0002288,FPS-0199,VEH-0074,140,140,2026-02-07,140,0,VERIFIED,OFF-00062
DEL-0001767,MAN-000193,MI-0002289,FPS-0199,VEH-0074,122,122,2026-02-07,0,122,VERIFIED,OFF-00054
DEL-0001768,MAN-000193,MI-0002290,FPS-0324,VEH-0074,146,144,2026-02-07,144,0,VERIFIED,OFF-00056
DEL-0001769,MAN-000193,MI-0002291,FPS-0324,VEH-0074,131,131,2026-02-09,0,131,VERIFIED,OFF-00034
DEL-0001770,MAN-000193,MI-0002292,FPS-0424,VEH-0074,189,186,2026-02-07,186,0,VARIANCE,OFF-00060
DEL-0001771,MAN-000193,MI-0002293,FPS-0424,VEH-0074,146,147,2026-02-08,0,147,VERIFIED,OFF-00046
DEL-0001772,MAN-000194,MI-0002294,FPS-0074,VEH-0074,144,143,2026-02-07,143,0,VERIFIED,OFF-00028
DEL-0001773,MAN-000194,MI-0002295,FPS-0074,VEH-0074,121,119,2026-02-07,0,119,VARIANCE,OFF-00050
DEL-0001774,MAN-000194,MI-0002296,FPS-0449,VEH-0074,153,150,2026-02-08,150,0,VARIANCE,OFF-00062
DEL-0001775,MAN-000194,MI-0002297,FPS-0449,VEH-0074,125,126,2026-02-07,0,126,VERIFIED,OFF-00038
DEL-0001776,MAN-000194,MI-0002298,FPS-0174,VEH-0074,209,208,2026-02-08,208,0,VERIFIED,OFF-00063
DEL-0001777,MAN-000194,MI-0002299,FPS-0174,VEH-0074,155,153,2026-02-07,0,153,VERIFIED,OFF-00014
DEL-0001778,MAN-000194,MI-0002300,FPS-0099,VEH-0074,180,179,2026-02-09,179,0,VERIFIED,OFF-00033
DEL-0001779,MAN-000194,MI-0002301,FPS-0099,VEH-0074,148,148,2026-02-09,0,148,VERIFIED,OFF-00039
DEL-0001780,MAN-000194,MI-0002302,FPS-0574,VEH-0074,166,165,2026-02-07,165,0,VERIFIED,OFF-00031
DEL-0001781,MAN-000194,MI-0002303,FPS-0574,VEH-0074,125,122,2026-02-10,0,122,VARIANCE,OFF-00039
DEL-0001782,MAN-000194,MI-0002304,FPS-0124,VEH-0074,213,212,2026-02-10,212,0,VERIFIED,OFF-00032
DEL-0001783,MAN-000194,MI-0002305,FPS-0124,VEH-0074,153,154,2026-02-07,0,154,VERIFIED,OFF-00023
DEL-0001784,MAN-000195,MI-0002306,FPS-0149,VEH-0124,310,305,2026-02-08,305,0,VARIANCE,OFF-00051
DEL-0001785,MAN-000195,MI-0002313,FPS-0374,VEH-0124,117,117,2026-02-07,0,117,VERIFIED,OFF-00035
DEL-0001786,MAN-000195,MI-0002314,FPS-0024,VEH-0124,161,162,2026-02-06,162,0,VERIFIED,OFF-00032
DEL-0001787,MAN-000196,MI-0002318,FPS-0299,VEH-0024,138,134,2026-02-10,134,0,VARIANCE,OFF-00009
DEL-0001788,MAN-000196,MI-0002319,FPS-0299,VEH-0024,119,114,2026-02-09,0,114,REJECTED,OFF-00037
DEL-0001789,MAN-000196,MI-0002320,FPS-0524,VEH-0024,137,132,2026-02-07,132,0,REJECTED,OFF-00018
DEL-0001790,MAN-000196,MI-0002321,FPS-0524,VEH-0024,117,111,2026-02-09,0,111,REJECTED,OFF-00066
DEL-0001791,MAN-000196,MI-0002322,FPS-0049,VEH-0024,197,199,2026-02-09,199,0,VERIFIED,OFF-00015
DEL-0001792,MAN-000196,MI-0002323,FPS-0049,VEH-0024,143,135,2026-02-09,0,135,REJECTED,OFF-00038
DEL-0001793,MAN-000196,MI-0002324,FPS-0549,VEH-0024,204,208,2026-02-07,208,0,VARIANCE,OFF-00061
DEL-0001794,MAN-000196,MI-0002325,FPS-0549,VEH-0024,151,148,2026-02-07,0,148,VARIANCE,OFF-00025
DEL-0001795,MAN-000196,MI-0002326,FPS-0499,VEH-0024,202,195,2026-02-09,195,0,VARIANCE,OFF-00020
DEL-0001796,MAN-000196,MI-0002327,FPS-0499,VEH-0024,144,139,2026-02-08,0,139,VARIANCE,OFF-00047
DEL-0001797,MAN-000196,MI-0002328,FPS-0224,VEH-0024,150,156,2026-02-07,156,0,REJECTED,OFF-00011
DEL-0001798,MAN-000196,MI-0002329,FPS-0224,VEH-0024,130,132,2026-02-09,0,132,VARIANCE,OFF-00040
DEL-0001799,MAN-000197,MI-0002331,FPS-0350,VEH-0075,136,134,2026-02-07,0,134,VERIFIED,OFF-00012
DEL-0001800,MAN-000197,MI-0002332,FPS-0100,VEH-0075,125,124,2026-02-09,124,0,VERIFIED,OFF-00008
DEL-0001801,MAN-000197,MI-0002335,FPS-0275,VEH-0075,129,128,2026-02-08,0,128,VERIFIED,OFF-00026
DEL-0001802,MAN-000197,MI-0002340,FPS-0375,VEH-0075,176,172,2026-02-06,172,0,VARIANCE,OFF-00031
DEL-0001803,MAN-000198,MI-0002348,FPS-0250,VEH-0125,149,147,2026-02-07,147,0,VERIFIED,OFF-00066
DEL-0001804,MAN-000198,MI-0002352,FPS-0525,VEH-0125,127,128,2026-02-07,128,0,VERIFIED,OFF-00042
DEL-0001805,MAN-000199,MI-0002355,FPS-0300,VEH-0025,142,140,2026-02-09,0,140,VERIFIED,OFF-00050
DEL-0001806,MAN-000199,MI-0002356,FPS-0025,VEH-0025,214,210,2026-02-09,210,0,VARIANCE,OFF-00019
DEL-0001807,MAN-000199,MI-0002358,FPS-0400,VEH-0025,215,216,2026-02-09,216,0,VERIFIED,OFF-00045
DEL-0001808,MAN-000199,MI-0002360,FPS-0600,VEH-0025,133,131,2026-02-09,131,0,VARIANCE,OFF-00011
DEL-0001809,MAN-000199,MI-0002364,FPS-0500,VEH-0025,125,126,2026-02-09,126,0,VERIFIED,OFF-00065
DEL-0001810,MAN-000199,MI-0002365,FPS-0500,VEH-0025,122,122,2026-02-06,0,122,VERIFIED,OFF-00032
DEL-0001811,MAN-000200,MI-0002366,FPS-0175,VEH-0050,191,187,2026-02-08,187,0,VARIANCE,OFF-00061
DEL-0001812,MAN-000200,MI-0002367,FPS-0175,VEH-0050,160,158,2026-02-09,0,158,VERIFIED,OFF-00044
DEL-0001813,MAN-000200,MI-0002368,FPS-0575,VEH-0050,260,259,2026-02-07,259,0,VERIFIED,OFF-00060
DEL-0001814,MAN-000200,MI-0002369,FPS-0575,VEH-0050,188,186,2026-02-07,0,186,VERIFIED,OFF-00032
DEL-0001815,MAN-000200,MI-0002370,FPS-0325,VEH-0050,150,148,2026-02-08,148,0,VERIFIED,OFF-00007
DEL-0001816,MAN-000200,MI-0002371,FPS-0325,VEH-0050,127,127,2026-02-10,0,127,VERIFIED,OFF-00025
DEL-0001817,MAN-000200,MI-0002372,FPS-0550,VEH-0050,141,140,2026-02-08,140,0,VERIFIED,OFF-00012
DEL-0001818,MAN-000200,MI-0002373,FPS-0550,VEH-0050,110,108,2026-02-09,0,108,VARIANCE,OFF-00057
DEL-0001819,MAN-000200,MI-0002374,FPS-0450,VEH-0050,127,125,2026-02-08,125,0,VARIANCE,OFF-00031
DEL-0001820,MAN-000200,MI-0002375,FPS-0450,VEH-0050,116,116,2026-02-09,0,116,VERIFIED,OFF-00015
DEL-0001821,MAN-000200,MI-0002376,FPS-0225,VEH-0050,151,148,2026-02-09,148,0,VARIANCE,OFF-00066
DEL-0001822,MAN-000200,MI-0002377,FPS-0225,VEH-0050,125,125,2026-02-09,0,125,VERIFIED,OFF-00056
DEL-0001823,MAN-000201,MI-0002378,FPS-0101,VEH-0026,245,246,2026-03-10,246,0,VERIFIED,OFF-00021
DEL-0001824,MAN-000201,MI-0002379,FPS-0101,VEH-0026,211,211,2026-03-07,0,211,VERIFIED,OFF-00023
DEL-0001825,MAN-000201,MI-0002380,FPS-0026,VEH-0026,194,194,2026-03-07,194,0,VERIFIED,OFF-00014
DEL-0001826,MAN-000201,MI-0002381,FPS-0026,VEH-0026,203,200,2026-03-10,0,200,VERIFIED,OFF-00038
DEL-0001827,MAN-000201,MI-0002382,FPS-0501,VEH-0026,175,171,2026-03-09,171,0,VARIANCE,OFF-00017
DEL-0001828,MAN-000201,MI-0002383,FPS-0501,VEH-0026,193,193,2026-03-07,0,193,VERIFIED,OFF-00053
DEL-0001829,MAN-000201,MI-0002384,FPS-0426,VEH-0026,255,250,2026-03-10,250,0,VARIANCE,OFF-00048
DEL-0001830,MAN-000201,MI-0002385,FPS-0426,VEH-0026,169,170,2026-03-08,0,170,VERIFIED,OFF-00009
DEL-0001831,MAN-000201,MI-0002386,FPS-0176,VEH-0026,190,189,2026-03-10,189,0,VERIFIED,OFF-00040
DEL-0001832,MAN-000201,MI-0002387,FPS-0176,VEH-0026,174,174,2026-03-08,0,174,VERIFIED,OFF-00035
DEL-0001833,MAN-000201,MI-0002388,FPS-0551,VEH-0026,191,193,2026-03-07,193,0,VERIFIED,OFF-00053
DEL-0001834,MAN-000201,MI-0002389,FPS-0551,VEH-0026,174,174,2026-03-09,0,174,VERIFIED,OFF-00035
DEL-0001835,MAN-000202,MI-0002390,FPS-0001,VEH-0076,290,289,2026-03-09,289,0,VERIFIED,OFF-00036
DEL-0001836,MAN-000202,MI-0002391,FPS-0001,VEH-0076,210,207,2026-03-08,0,207,VERIFIED,OFF-00047
DEL-0001837,MAN-000202,MI-0002392,FPS-0151,VEH-0076,231,230,2026-03-09,230,0,VERIFIED,OFF-00014
DEL-0001838,MAN-000202,MI-0002393,FPS-0151,VEH-0076,198,196,2026-03-10,0,196,VERIFIED,OFF-00060
DEL-0001839,MAN-000202,MI-0002394,FPS-0476,VEH-0076,190,186,2026-03-09,186,0,VARIANCE,OFF-00048
DEL-0001840,MAN-000202,MI-0002395,FPS-0476,VEH-0076,206,203,2026-03-09,0,203,VERIFIED,OFF-00042
DEL-0001841,MAN-000202,MI-0002396,FPS-0226,VEH-0076,192,193,2026-03-08,193,0,VERIFIED,OFF-00026
DEL-0001842,MAN-000202,MI-0002397,FPS-0226,VEH-0076,176,177,2026-03-09,0,177,VERIFIED,OFF-00062
DEL-0001843,MAN-000202,MI-0002398,FPS-0301,VEH-0076,195,191,2026-03-10,191,0,VARIANCE,OFF-00042
DEL-0001844,MAN-000202,MI-0002399,FPS-0301,VEH-0076,184,183,2026-03-09,0,183,VERIFIED,OFF-00020
DEL-0001845,MAN-000202,MI-0002400,FPS-0576,VEH-0076,204,205,2026-03-07,205,0,VERIFIED,OFF-00016
DEL-0001846,MAN-000202,MI-0002401,FPS-0576,VEH-0076,197,194,2026-03-08,0,194,VARIANCE,OFF-00007
DEL-0001847,MAN-000203,MI-0002402,FPS-0401,VEH-0076,237,239,2026-03-08,239,0,VERIFIED,OFF-00046
DEL-0001848,MAN-000203,MI-0002403,FPS-0401,VEH-0076,214,211,2026-03-07,0,211,VERIFIED,OFF-00008
DEL-0001849,MAN-000203,MI-0002404,FPS-0051,VEH-0076,214,213,2026-03-09,213,0,VERIFIED,OFF-00021
DEL-0001850,MAN-000203,MI-0002405,FPS-0051,VEH-0076,164,165,2026-03-08,0,165,VERIFIED,OFF-00035
DEL-0001851,MAN-000203,MI-0002406,FPS-0276,VEH-0076,188,189,2026-03-09,189,0,VERIFIED,OFF-00045
DEL-0001852,MAN-000203,MI-0002407,FPS-0276,VEH-0076,186,183,2026-03-10,0,183,VARIANCE,OFF-00052
DEL-0001853,MAN-000203,MI-0002408,FPS-0326,VEH-0076,182,183,2026-03-09,183,0,VERIFIED,OFF-00035
DEL-0001854,MAN-000203,MI-0002409,FPS-0326,VEH-0076,178,178,2026-03-08,0,178,VERIFIED,OFF-00027
DEL-0001855,MAN-000203,MI-0002410,FPS-0451,VEH-0076,290,285,2026-03-07,285,0,VARIANCE,OFF-00052
DEL-0001856,MAN-000203,MI-0002411,FPS-0451,VEH-0076,203,200,2026-03-10,0,200,VERIFIED,OFF-00021
DEL-0001857,MAN-000203,MI-0002412,FPS-0526,VEH-0076,197,194,2026-03-10,194,0,VARIANCE,OFF-00023
DEL-0001858,MAN-000203,MI-0002413,FPS-0526,VEH-0076,189,190,2026-03-07,0,190,VERIFIED,OFF-00038
DEL-0001859,MAN-000204,MI-0002415,FPS-0126,VEH-0051,202,204,2026-03-07,0,204,VERIFIED,OFF-00032
DEL-0001860,MAN-000204,MI-0002416,FPS-0376,VEH-0051,222,219,2026-03-07,219,0,VERIFIED,OFF-00065
DEL-0001861,MAN-000204,MI-0002419,FPS-0201,VEH-0051,200,198,2026-03-07,0,198,VERIFIED,OFF-00046
DEL-0001862,MAN-000204,MI-0002420,FPS-0251,VEH-0051,187,187,2026-03-09,187,0,VERIFIED,OFF-00013
DEL-0001863,MAN-000205,MI-0002426,FPS-0527,VEH-0027,208,204,2026-03-09,204,0,VARIANCE,OFF-00008
DEL-0001864,MAN-000205,MI-0002427,FPS-0527,VEH-0027,200,202,2026-03-08,0,202,VERIFIED,OFF-00008
DEL-0001865,MAN-000205,MI-0002428,FPS-0327,VEH-0027,212,214,2026-03-10,214,0,VERIFIED,OFF-00031
DEL-0001866,MAN-000205,MI-0002429,FPS-0327,VEH-0027,170,169,2026-03-07,0,169,VERIFIED,OFF-00032
DEL-0001867,MAN-000205,MI-0002430,FPS-0202,VEH-0027,214,215,2026-03-09,215,0,VERIFIED,OFF-00016
DEL-0001868,MAN-000205,MI-0002431,FPS-0202,VEH-0027,186,184,2026-03-10,0,184,VERIFIED,OFF-00016
DEL-0001869,MAN-000205,MI-0002432,FPS-0477,VEH-0027,224,219,2026-03-08,219,0,VARIANCE,OFF-00041
DEL-0001870,MAN-000205,MI-0002433,FPS-0477,VEH-0027,213,214,2026-03-08,0,214,VERIFIED,OFF-00041
DEL-0001871,MAN-000205,MI-0002434,FPS-0377,VEH-0027,191,189,2026-03-07,189,0,VERIFIED,OFF-00032
DEL-0001872,MAN-000205,MI-0002435,FPS-0377,VEH-0027,195,193,2026-03-10,0,193,VERIFIED,OFF-00066
DEL-0001873,MAN-000205,MI-0002436,FPS-0002,VEH-0027,187,187,2026-03-08,187,0,VERIFIED,OFF-00024
DEL-0001874,MAN-000205,MI-0002437,FPS-0002,VEH-0027,186,182,2026-03-10,0,182,VARIANCE,OFF-00010
DEL-0001875,MAN-000206,MI-0002438,FPS-0127,VEH-0052,191,188,2026-03-09,188,0,VARIANCE,OFF-00009
DEL-0001876,MAN-000206,MI-0002439,FPS-0127,VEH-0052,179,178,2026-03-09,0,178,VERIFIED,OFF-00019
DEL-0001877,MAN-000206,MI-0002440,FPS-0152,VEH-0052,211,209,2026-03-09,209,0,VERIFIED,OFF-00061
DEL-0001878,MAN-000206,MI-0002441,FPS-0152,VEH-0052,208,210,2026-03-07,0,210,VERIFIED,OFF-00035
DEL-0001879,MAN-000206,MI-0002442,FPS-0252,VEH-0052,193,193,2026-03-10,193,0,VERIFIED,OFF-00033
DEL-0001880,MAN-000206,MI-0002443,FPS-0252,VEH-0052,196,197,2026-03-09,0,197,VERIFIED,OFF-00058
DEL-0001881,MAN-000206,MI-0002444,FPS-0502,VEH-0052,236,235,2026-03-08,235,0,VERIFIED,OFF-00044
DEL-0001882,MAN-000206,MI-0002445,FPS-0502,VEH-0052,181,177,2026-03-07,0,177,VARIANCE,OFF-00009
DEL-0001883,MAN-000206,MI-0002446,FPS-0077,VEH-0052,189,187,2026-03-07,187,0,VERIFIED,OFF-00062
DEL-0001884,MAN-000206,MI-0002447,FPS-0077,VEH-0052,167,164,2026-03-10,0,164,VARIANCE,OFF-00033
DEL-0001885,MAN-000206,MI-0002448,FPS-0052,VEH-0052,267,262,2026-03-07,262,0,VARIANCE,OFF-00025
DEL-0001886,MAN-000206,MI-0002449,FPS-0052,VEH-0052,186,187,2026-03-07,0,187,VERIFIED,OFF-00050
DEL-0001887,MAN-000207,MI-0002450,FPS-0577,VEH-0127,202,201,2026-03-09,201,0,VERIFIED,OFF-00018
DEL-0001888,MAN-000207,MI-0002451,FPS-0577,VEH-0127,214,216,2026-03-10,0,216,VERIFIED,OFF-00027
DEL-0001889,MAN-000207,MI-0002452,FPS-0352,VEH-0127,228,229,2026-03-08,229,0,VERIFIED,OFF-00032
DEL-0001890,MAN-000207,MI-0002453,FPS-0352,VEH-0127,210,210,2026-03-07,0,210,VERIFIED,OFF-00034
DEL-0001891,MAN-000207,MI-0002454,FPS-0427,VEH-0127,183,181,2026-03-09,181,0,VERIFIED,OFF-00008
DEL-0001892,MAN-000207,MI-0002455,FPS-0427,VEH-0127,207,203,2026-03-10,0,203,VARIANCE,OFF-00012
DEL-0001893,MAN-000207,MI-0002456,FPS-0227,VEH-0127,171,172,2026-03-10,172,0,VERIFIED,OFF-00039
DEL-0001894,MAN-000207,MI-0002457,FPS-0227,VEH-0127,187,184,2026-03-09,0,184,VARIANCE,OFF-00052
DEL-0001895,MAN-000207,MI-0002458,FPS-0302,VEH-0127,194,191,2026-03-10,191,0,VARIANCE,OFF-00021
DEL-0001896,MAN-000207,MI-0002459,FPS-0302,VEH-0127,187,185,2026-03-10,0,185,VERIFIED,OFF-00007
DEL-0001897,MAN-000207,MI-0002460,FPS-0402,VEH-0127,208,208,2026-03-10,208,0,VERIFIED,OFF-00035
DEL-0001898,MAN-000207,MI-0002461,FPS-0402,VEH-0127,189,189,2026-03-07,0,189,VERIFIED,OFF-00046
DEL-0001899,MAN-000208,MI-0002462,FPS-0027,VEH-0102,203,199,2026-03-08,199,0,VARIANCE,OFF-00007
DEL-0001900,MAN-000208,MI-0002463,FPS-0027,VEH-0102,172,170,2026-03-09,0,170,VERIFIED,OFF-00018
DEL-0001901,MAN-000208,MI-0002464,FPS-0552,VEH-0102,194,193,2026-03-10,193,0,VERIFIED,OFF-00026
DEL-0001902,MAN-000208,MI-0002465,FPS-0552,VEH-0102,195,197,2026-03-09,0,197,VERIFIED,OFF-00031
DEL-0001903,MAN-000208,MI-0002466,FPS-0177,VEH-0102,189,185,2026-03-07,185,0,VARIANCE,OFF-00042
DEL-0001904,MAN-000208,MI-0002467,FPS-0177,VEH-0102,190,189,2026-03-07,0,189,VERIFIED,OFF-00062
DEL-0001905,MAN-000208,MI-0002468,FPS-0277,VEH-0102,197,195,2026-03-08,195,0,VERIFIED,OFF-00053
DEL-0001906,MAN-000208,MI-0002469,FPS-0277,VEH-0102,205,202,2026-03-10,0,202,VERIFIED,OFF-00033
DEL-0001907,MAN-000208,MI-0002470,FPS-0452,VEH-0102,209,206,2026-03-09,206,0,VERIFIED,OFF-00009
DEL-0001908,MAN-000208,MI-0002471,FPS-0452,VEH-0102,183,184,2026-03-07,0,184,VERIFIED,OFF-00053
DEL-0001909,MAN-000208,MI-0002472,FPS-0102,VEH-0102,200,200,2026-03-08,200,0,VERIFIED,OFF-00035
DEL-0001910,MAN-000208,MI-0002473,FPS-0102,VEH-0102,188,187,2026-03-07,0,187,VERIFIED,OFF-00008
DEL-0001911,MAN-000209,MI-0002474,FPS-0178,VEH-0128,192,191,2026-03-07,191,0,VERIFIED,OFF-00042
DEL-0001912,MAN-000209,MI-0002475,FPS-0178,VEH-0128,186,185,2026-03-08,0,185,VERIFIED,OFF-00025
DEL-0001913,MAN-000209,MI-0002476,FPS-0478,VEH-0128,201,200,2026-03-09,200,0,VERIFIED,OFF-00031
DEL-0001914,MAN-000209,MI-0002477,FPS-0478,VEH-0128,200,202,2026-03-07,0,202,VERIFIED,OFF-00040
DEL-0001915,MAN-000209,MI-0002478,FPS-0003,VEH-0128,283,279,2026-03-08,279,0,VERIFIED,OFF-00038
DEL-0001916,MAN-000209,MI-0002479,FPS-0003,VEH-0128,192,188,2026-03-07,0,188,VARIANCE,OFF-00032
DEL-0001917,MAN-000209,MI-0002480,FPS-0253,VEH-0128,248,249,2026-03-07,249,0,VERIFIED,OFF-00023
DEL-0001918,MAN-000209,MI-0002481,FPS-0253,VEH-0128,175,172,2026-03-07,0,172,VARIANCE,OFF-00028
DEL-0001919,MAN-000209,MI-0002482,FPS-0103,VEH-0128,269,268,2026-03-10,268,0,VERIFIED,OFF-00054
DEL-0001920,MAN-000209,MI-0002483,FPS-0103,VEH-0128,211,207,2026-03-07,0,207,VARIANCE,OFF-00023
DEL-0001921,MAN-000209,MI-0002484,FPS-0353,VEH-0128,212,210,2026-03-08,210,0,VERIFIED,OFF-00060
DEL-0001922,MAN-000209,MI-0002485,FPS-0353,VEH-0128,202,200,2026-03-07,0,200,VERIFIED,OFF-00041
DEL-0001923,MAN-000210,MI-0002486,FPS-0328,VEH-0103,220,221,2026-03-07,221,0,VERIFIED,OFF-00065
DEL-0001924,MAN-000210,MI-0002487,FPS-0328,VEH-0103,181,178,2026-03-06,0,178,VARIANCE,OFF-00046
DEL-0001925,MAN-000210,MI-0002488,FPS-0303,VEH-0103,197,198,2026-03-08,198,0,VERIFIED,OFF-00026
DEL-0001926,MAN-000210,MI-0002489,FPS-0303,VEH-0103,193,193,2026-03-07,0,193,VERIFIED,OFF-00009
DEL-0001927,MAN-000210,MI-0002490,FPS-0028,VEH-0103,182,178,2026-03-08,178,0,VARIANCE,OFF-00028
DEL-0001928,MAN-000210,MI-0002491,FPS-0028,VEH-0103,179,181,2026-03-09,0,181,VERIFIED,OFF-00014
DEL-0001929,MAN-000210,MI-0002492,FPS-0378,VEH-0103,266,262,2026-03-07,262,0,VARIANCE,OFF-00042
DEL-0001930,MAN-000210,MI-0002493,FPS-0378,VEH-0103,185,184,2026-03-06,0,184,VERIFIED,OFF-00043
DEL-0001931,MAN-000210,MI-0002494,FPS-0278,VEH-0103,196,195,2026-03-06,195,0,VERIFIED,OFF-00022
DEL-0001932,MAN-000210,MI-0002495,FPS-0278,VEH-0103,166,163,2026-03-06,0,163,VARIANCE,OFF-00023
DEL-0001933,MAN-000210,MI-0002496,FPS-0503,VEH-0103,211,212,2026-03-07,212,0,VERIFIED,OFF-00014
DEL-0001934,MAN-000210,MI-0002497,FPS-0503,VEH-0103,202,201,2026-03-07,0,201,VERIFIED,OFF-00056
DEL-0001935,MAN-000211,MI-0002498,FPS-0428,VEH-0103,190,181,2026-03-07,181,0,REJECTED,OFF-00065
DEL-0001936,MAN-000211,MI-0002499,FPS-0428,VEH-0103,179,168,2026-03-09,0,168,REJECTED,OFF-00042
DEL-0001937,MAN-000211,MI-0002500,FPS-0128,VEH-0103,191,198,2026-03-07,198,0,REJECTED,OFF-00032
DEL-0001938,MAN-000211,MI-0002501,FPS-0128,VEH-0103,213,222,2026-03-08,0,222,REJECTED,OFF-00029
DEL-0001939,MAN-000211,MI-0002502,FPS-0578,VEH-0103,194,193,2026-03-09,193,0,VERIFIED,OFF-00032
DEL-0001940,MAN-000211,MI-0002503,FPS-0578,VEH-0103,181,174,2026-03-06,0,174,REJECTED,OFF-00035
DEL-0001941,MAN-000211,MI-0002504,FPS-0403,VEH-0103,207,214,2026-03-06,214,0,VARIANCE,OFF-00055
DEL-0001942,MAN-000211,MI-0002505,FPS-0403,VEH-0103,201,193,2026-03-06,0,193,REJECTED,OFF-00022
DEL-0001943,MAN-000211,MI-0002506,FPS-0553,VEH-0103,255,253,2026-03-09,253,0,VERIFIED,OFF-00065
DEL-0001944,MAN-000211,MI-0002507,FPS-0553,VEH-0103,194,192,2026-03-08,0,192,VERIFIED,OFF-00053
DEL-0001945,MAN-000211,MI-0002508,FPS-0203,VEH-0103,204,193,2026-03-06,193,0,REJECTED,OFF-00014
DEL-0001946,MAN-000211,MI-0002509,FPS-0203,VEH-0103,180,185,2026-03-09,0,185,VARIANCE,OFF-00063
DEL-0001947,MAN-000212,MI-0002514,FPS-0153,VEH-0103,210,210,2026-03-08,210,0,VERIFIED,OFF-00008
DEL-0001948,MAN-000212,MI-0002516,FPS-0053,VEH-0103,197,193,2026-03-09,193,0,VARIANCE,OFF-00044
DEL-0001949,MAN-000212,MI-0002520,FPS-0228,VEH-0103,198,199,2026-03-08,199,0,VERIFIED,OFF-00019
DEL-0001950,MAN-000213,MI-0002522,FPS-0504,VEH-0104,186,187,2026-03-10,187,0,VERIFIED,OFF-00046
DEL-0001951,MAN-000213,MI-0002523,FPS-0504,VEH-0104,174,172,2026-03-07,0,172,VERIFIED,OFF-00034
DEL-0001952,MAN-000213,MI-0002524,FPS-0154,VEH-0104,174,172,2026-03-08,172,0,VERIFIED,OFF-00033
DEL-0001953,MAN-000213,MI-0002525,FPS-0154,VEH-0104,186,183,2026-03-09,0,183,VARIANCE,OFF-00007
DEL-0001954,MAN-000213,MI-0002526,FPS-0254,VEH-0104,204,202,2026-03-10,202,0,VERIFIED,OFF-00056
DEL-0001955,MAN-000213,MI-0002527,FPS-0254,VEH-0104,197,198,2026-03-10,0,198,VERIFIED,OFF-00065
DEL-0001956,MAN-000213,MI-0002528,FPS-0579,VEH-0104,205,204,2026-03-07,204,0,VERIFIED,OFF-00014
DEL-0001957,MAN-000213,MI-0002529,FPS-0579,VEH-0104,184,185,2026-03-09,0,185,VERIFIED,OFF-00046
DEL-0001958,MAN-000213,MI-0002530,FPS-0479,VEH-0104,222,224,2026-03-08,224,0,VERIFIED,OFF-00050
DEL-0001959,MAN-000213,MI-0002531,FPS-0479,VEH-0104,183,185,2026-03-07,0,185,VERIFIED,OFF-00036
DEL-0001960,MAN-000213,MI-0002532,FPS-0279,VEH-0104,307,301,2026-03-09,301,0,VARIANCE,OFF-00022
DEL-0001961,MAN-000213,MI-0002533,FPS-0279,VEH-0104,232,227,2026-03-09,0,227,VARIANCE,OFF-00031
DEL-0001962,MAN-000214,MI-0002534,FPS-0304,VEH-0054,240,241,2026-03-06,241,0,VERIFIED,OFF-00033
DEL-0001963,MAN-000214,MI-0002535,FPS-0304,VEH-0054,174,173,2026-03-06,0,173,VERIFIED,OFF-00045
DEL-0001964,MAN-000214,MI-0002536,FPS-0379,VEH-0054,198,198,2026-03-08,198,0,VERIFIED,OFF-00057
DEL-0001965,MAN-000214,MI-0002537,FPS-0379,VEH-0054,198,196,2026-03-09,0,196,VERIFIED,OFF-00051
DEL-0001966,MAN-000214,MI-0002538,FPS-0554,VEH-0054,182,183,2026-03-06,183,0,VERIFIED,OFF-00016
DEL-0001967,MAN-000214,MI-0002539,FPS-0554,VEH-0054,197,195,2026-03-07,0,195,VERIFIED,OFF-00017
DEL-0001968,MAN-000214,MI-0002540,FPS-0004,VEH-0054,195,194,2026-03-07,194,0,VERIFIED,OFF-00051
DEL-0001969,MAN-000214,MI-0002541,FPS-0004,VEH-0054,197,195,2026-03-06,0,195,VERIFIED,OFF-00054
DEL-0001970,MAN-000214,MI-0002542,FPS-0229,VEH-0054,205,203,2026-03-09,203,0,VERIFIED,OFF-00027
DEL-0001971,MAN-000214,MI-0002543,FPS-0229,VEH-0054,194,194,2026-03-06,0,194,VERIFIED,OFF-00036
DEL-0001972,MAN-000214,MI-0002544,FPS-0104,VEH-0054,183,184,2026-03-06,184,0,VERIFIED,OFF-00056
DEL-0001973,MAN-000214,MI-0002545,FPS-0104,VEH-0054,195,193,2026-03-06,0,193,VERIFIED,OFF-00031
DEL-0001974,MAN-000215,MI-0002550,FPS-0529,VEH-0129,256,257,2026-03-09,257,0,VERIFIED,OFF-00046
DEL-0001975,MAN-000215,MI-0002551,FPS-0529,VEH-0129,188,186,2026-03-06,0,186,VERIFIED,OFF-00060
DEL-0001976,MAN-000215,MI-0002553,FPS-0079,VEH-0129,204,203,2026-03-06,0,203,VERIFIED,OFF-00030
DEL-0001977,MAN-000215,MI-0002554,FPS-0129,VEH-0129,213,210,2026-03-06,210,0,VERIFIED,OFF-00021
DEL-0001978,MAN-000215,MI-0002556,FPS-0329,VEH-0129,202,200,2026-03-06,200,0,VERIFIED,OFF-00038
DEL-0001979,MAN-000216,MI-0002558,FPS-0204,VEH-0004,239,237,2026-03-07,237,0,VERIFIED,OFF-00050
DEL-0001980,MAN-000216,MI-0002559,FPS-0204,VEH-0004,180,178,2026-03-08,0,178,VERIFIED,OFF-00008
DEL-0001981,MAN-000216,MI-0002560,FPS-0029,VEH-0004,242,238,2026-03-08,238,0,VARIANCE,OFF-00043
DEL-0001982,MAN-000216,MI-0002561,FPS-0029,VEH-0004,175,176,2026-03-08,0,176,VERIFIED,OFF-00052
DEL-0001983,MAN-000216,MI-0002562,FPS-0454,VEH-0004,207,203,2026-03-07,203,0,VARIANCE,OFF-00011
DEL-0001984,MAN-000216,MI-0002563,FPS-0454,VEH-0004,186,184,2026-03-10,0,184,VERIFIED,OFF-00061
DEL-0001985,MAN-000216,MI-0002564,FPS-0179,VEH-0004,251,249,2026-03-07,249,0,VERIFIED,OFF-00008
DEL-0001986,MAN-000216,MI-0002565,FPS-0179,VEH-0004,185,185,2026-03-09,0,185,VERIFIED,OFF-00014
DEL-0001987,MAN-000216,MI-0002566,FPS-0404,VEH-0004,195,191,2026-03-08,191,0,VARIANCE,OFF-00057
DEL-0001988,MAN-000216,MI-0002567,FPS-0404,VEH-0004,215,211,2026-03-07,0,211,VARIANCE,OFF-00029
DEL-0001989,MAN-000216,MI-0002568,FPS-0054,VEH-0004,194,191,2026-03-08,191,0,VARIANCE,OFF-00057
DEL-0001990,MAN-000216,MI-0002569,FPS-0054,VEH-0004,189,188,2026-03-07,0,188,VERIFIED,OFF-00011
DEL-0001991,MAN-000217,MI-0002570,FPS-0055,VEH-0080,233,233,2026-03-08,233,0,VERIFIED,OFF-00011
DEL-0001992,MAN-000217,MI-0002571,FPS-0055,VEH-0080,186,185,2026-03-08,0,185,VERIFIED,OFF-00009
DEL-0001993,MAN-000217,MI-0002572,FPS-0280,VEH-0080,170,169,2026-03-07,169,0,VERIFIED,OFF-00031
DEL-0001994,MAN-000217,MI-0002573,FPS-0280,VEH-0080,170,170,2026-03-08,0,170,VERIFIED,OFF-00027
DEL-0001995,MAN-000217,MI-0002574,FPS-0180,VEH-0080,200,197,2026-03-08,197,0,VARIANCE,OFF-00054
DEL-0001996,MAN-000217,MI-0002575,FPS-0180,VEH-0080,204,202,2026-03-09,0,202,VERIFIED,OFF-00060
DEL-0001997,MAN-000217,MI-0002576,FPS-0330,VEH-0080,219,220,2026-03-07,220,0,VERIFIED,OFF-00032
DEL-0001998,MAN-000217,MI-0002577,FPS-0330,VEH-0080,221,220,2026-03-06,0,220,VERIFIED,OFF-00063
DEL-0001999,MAN-000217,MI-0002578,FPS-0305,VEH-0080,196,195,2026-03-09,195,0,VERIFIED,OFF-00062
DEL-0002000,MAN-000217,MI-0002579,FPS-0305,VEH-0080,212,209,2026-03-08,0,209,VERIFIED,OFF-00048
DEL-0002001,MAN-000217,MI-0002580,FPS-0530,VEH-0080,191,192,2026-03-07,192,0,VERIFIED,OFF-00048
DEL-0002002,MAN-000217,MI-0002581,FPS-0530,VEH-0080,197,197,2026-03-07,0,197,VERIFIED,OFF-00026
DEL-0002003,MAN-000218,MI-0002582,FPS-0030,VEH-0130,170,171,2026-03-08,171,0,VERIFIED,OFF-00057
DEL-0002004,MAN-000218,MI-0002583,FPS-0030,VEH-0130,192,193,2026-03-08,0,193,VERIFIED,OFF-00066
DEL-0002005,MAN-000218,MI-0002584,FPS-0230,VEH-0130,298,299,2026-03-08,299,0,VERIFIED,OFF-00008
DEL-0002006,MAN-000218,MI-0002585,FPS-0230,VEH-0130,210,208,2026-03-09,0,208,VERIFIED,OFF-00062
DEL-0002007,MAN-000218,MI-0002586,FPS-0480,VEH-0130,169,168,2026-03-06,168,0,VERIFIED,OFF-00036
DEL-0002008,MAN-000218,MI-0002587,FPS-0480,VEH-0130,187,188,2026-03-07,0,188,VERIFIED,OFF-00055
DEL-0002009,MAN-000218,MI-0002588,FPS-0380,VEH-0130,223,219,2026-03-08,219,0,VARIANCE,OFF-00010
DEL-0002010,MAN-000218,MI-0002589,FPS-0380,VEH-0130,178,177,2026-03-06,0,177,VERIFIED,OFF-00057
DEL-0002011,MAN-000218,MI-0002590,FPS-0205,VEH-0130,184,180,2026-03-08,180,0,VARIANCE,OFF-00012
DEL-0002012,MAN-000218,MI-0002591,FPS-0205,VEH-0130,191,193,2026-03-07,0,193,VERIFIED,OFF-00034
DEL-0002013,MAN-000218,MI-0002592,FPS-0405,VEH-0130,196,193,2026-03-09,193,0,VARIANCE,OFF-00041
DEL-0002014,MAN-000218,MI-0002593,FPS-0405,VEH-0130,187,186,2026-03-06,0,186,VERIFIED,OFF-00039
DEL-0002015,MAN-000219,MI-0002594,FPS-0005,VEH-0005,189,189,2026-03-09,189,0,VERIFIED,OFF-00007
DEL-0002016,MAN-000219,MI-0002595,FPS-0005,VEH-0005,192,191,2026-03-07,0,191,VERIFIED,OFF-00010
DEL-0002017,MAN-000219,MI-0002596,FPS-0580,VEH-0005,236,235,2026-03-07,235,0,VERIFIED,OFF-00052
DEL-0002018,MAN-000219,MI-0002597,FPS-0580,VEH-0005,155,154,2026-03-06,0,154,VERIFIED,OFF-00029
DEL-0002019,MAN-000219,MI-0002598,FPS-0255,VEH-0005,191,187,2026-03-08,187,0,VARIANCE,OFF-00032
DEL-0002020,MAN-000219,MI-0002599,FPS-0255,VEH-0005,198,199,2026-03-06,0,199,VERIFIED,OFF-00030
DEL-0002021,MAN-000219,MI-0002600,FPS-0555,VEH-0005,288,289,2026-03-07,289,0,VERIFIED,OFF-00060
DEL-0002022,MAN-000219,MI-0002601,FPS-0555,VEH-0005,186,187,2026-03-07,0,187,VERIFIED,OFF-00043
DEL-0002023,MAN-000219,MI-0002602,FPS-0355,VEH-0005,211,209,2026-03-08,209,0,VERIFIED,OFF-00029
DEL-0002024,MAN-000219,MI-0002603,FPS-0355,VEH-0005,194,194,2026-03-06,0,194,VERIFIED,OFF-00034
DEL-0002025,MAN-000219,MI-0002604,FPS-0105,VEH-0005,294,294,2026-03-08,294,0,VERIFIED,OFF-00051
DEL-0002026,MAN-000219,MI-0002605,FPS-0105,VEH-0005,235,237,2026-03-07,0,237,VERIFIED,OFF-00038
DEL-0002027,MAN-000220,MI-0002606,FPS-0155,VEH-0055,213,212,2026-03-10,212,0,VERIFIED,OFF-00012
DEL-0002028,MAN-000220,MI-0002607,FPS-0155,VEH-0055,205,203,2026-03-07,0,203,VERIFIED,OFF-00030
DEL-0002029,MAN-000220,MI-0002608,FPS-0080,VEH-0055,179,176,2026-03-07,176,0,VARIANCE,OFF-00059
DEL-0002030,MAN-000220,MI-0002609,FPS-0080,VEH-0055,202,200,2026-03-07,0,200,VERIFIED,OFF-00033
DEL-0002031,MAN-000220,MI-0002610,FPS-0130,VEH-0055,208,207,2026-03-10,207,0,VERIFIED,OFF-00036
DEL-0002032,MAN-000220,MI-0002611,FPS-0130,VEH-0055,191,192,2026-03-10,0,192,VERIFIED,OFF-00043
DEL-0002033,MAN-000220,MI-0002612,FPS-0455,VEH-0055,187,187,2026-03-08,187,0,VERIFIED,OFF-00062
DEL-0002034,MAN-000220,MI-0002613,FPS-0455,VEH-0055,169,166,2026-03-09,0,166,VARIANCE,OFF-00062
DEL-0002035,MAN-000220,MI-0002614,FPS-0430,VEH-0055,195,196,2026-03-10,196,0,VERIFIED,OFF-00034
DEL-0002036,MAN-000220,MI-0002615,FPS-0430,VEH-0055,207,203,2026-03-10,0,203,VARIANCE,OFF-00043
DEL-0002037,MAN-000220,MI-0002616,FPS-0505,VEH-0055,188,184,2026-03-08,184,0,VARIANCE,OFF-00043
DEL-0002038,MAN-000220,MI-0002617,FPS-0505,VEH-0055,193,193,2026-03-07,0,193,VERIFIED,OFF-00036
DEL-0002039,MAN-000221,MI-0002619,FPS-0331,VEH-0006,197,196,2026-03-08,0,196,VERIFIED,OFF-00055
DEL-0002040,MAN-000221,MI-0002620,FPS-0381,VEH-0006,184,183,2026-03-07,183,0,VERIFIED,OFF-00020
DEL-0002041,MAN-000221,MI-0002625,FPS-0256,VEH-0006,182,183,2026-03-07,0,183,VERIFIED,OFF-00057
DEL-0002042,MAN-000222,MI-0002630,FPS-0231,VEH-0031,193,192,2026-03-09,192,0,VERIFIED,OFF-00064
DEL-0002043,MAN-000222,MI-0002632,FPS-0006,VEH-0031,277,279,2026-03-06,279,0,VERIFIED,OFF-00031
DEL-0002044,MAN-000222,MI-0002635,FPS-0206,VEH-0031,196,197,2026-03-08,0,197,VERIFIED,OFF-00012
DEL-0002045,MAN-000222,MI-0002637,FPS-0106,VEH-0031,183,181,2026-03-08,0,181,VERIFIED,OFF-00037
DEL-0002046,MAN-000223,MI-0002642,FPS-0131,VEH-0081,197,197,2026-03-08,197,0,VERIFIED,OFF-00028
DEL-0002047,MAN-000223,MI-0002643,FPS-0131,VEH-0081,183,182,2026-03-08,0,182,VERIFIED,OFF-00045
DEL-0002048,MAN-000223,MI-0002644,FPS-0406,VEH-0081,255,250,2026-03-09,250,0,VARIANCE,OFF-00007
DEL-0002049,MAN-000223,MI-0002645,FPS-0406,VEH-0081,194,191,2026-03-07,0,191,VARIANCE,OFF-00047
DEL-0002050,MAN-000223,MI-0002646,FPS-0581,VEH-0081,209,211,2026-03-06,211,0,VERIFIED,OFF-00052
DEL-0002051,MAN-000223,MI-0002647,FPS-0581,VEH-0081,199,198,2026-03-08,0,198,VERIFIED,OFF-00015
DEL-0002052,MAN-000223,MI-0002648,FPS-0456,VEH-0081,189,190,2026-03-06,190,0,VERIFIED,OFF-00016
DEL-0002053,MAN-000223,MI-0002649,FPS-0456,VEH-0081,173,175,2026-03-08,0,175,VERIFIED,OFF-00023
DEL-0002054,MAN-000223,MI-0002650,FPS-0556,VEH-0081,217,214,2026-03-08,214,0,VERIFIED,OFF-00030
DEL-0002055,MAN-000223,MI-0002651,FPS-0556,VEH-0081,185,182,2026-03-08,0,182,VARIANCE,OFF-00066
DEL-0002056,MAN-000223,MI-0002652,FPS-0306,VEH-0081,201,200,2026-03-09,200,0,VERIFIED,OFF-00018
DEL-0002057,MAN-000223,MI-0002653,FPS-0306,VEH-0081,192,190,2026-03-06,0,190,VERIFIED,OFF-00048
DEL-0002058,MAN-000224,MI-0002654,FPS-0181,VEH-0056,221,222,2026-03-09,222,0,VERIFIED,OFF-00039
DEL-0002059,MAN-000224,MI-0002660,FPS-0531,VEH-0056,199,200,2026-03-07,200,0,VERIFIED,OFF-00024
DEL-0002060,MAN-000224,MI-0002661,FPS-0531,VEH-0056,217,218,2026-03-06,0,218,VERIFIED,OFF-00059
DEL-0002061,MAN-000225,MI-0002673,FPS-0207,VEH-0107,229,224,2026-03-06,0,224,VARIANCE,OFF-00032
DEL-0002062,MAN-000225,MI-0002674,FPS-0007,VEH-0107,187,185,2026-03-06,185,0,VERIFIED,OFF-00052
DEL-0002063,MAN-000226,MI-0002678,FPS-0307,VEH-0082,191,197,2026-03-09,197,0,VARIANCE,OFF-00057
DEL-0002064,MAN-000226,MI-0002679,FPS-0307,VEH-0082,178,170,2026-03-10,0,170,REJECTED,OFF-00051
DEL-0002065,MAN-000226,MI-0002680,FPS-0557,VEH-0082,206,207,2026-03-07,207,0,VERIFIED,OFF-00056
DEL-0002066,MAN-000226,MI-0002681,FPS-0557,VEH-0082,194,186,2026-03-07,0,186,REJECTED,OFF-00023
DEL-0002067,MAN-000226,MI-0002682,FPS-0507,VEH-0082,204,192,2026-03-10,192,0,REJECTED,OFF-00060
DEL-0002068,MAN-000226,MI-0002683,FPS-0507,VEH-0082,190,179,2026-03-07,0,179,REJECTED,OFF-00060
DEL-0002069,MAN-000226,MI-0002684,FPS-0082,VEH-0082,226,226,2026-03-08,226,0,VERIFIED,OFF-00055
DEL-0002070,MAN-000226,MI-0002685,FPS-0082,VEH-0082,203,206,2026-03-09,0,206,VERIFIED,OFF-00020
DEL-0002071,MAN-000226,MI-0002686,FPS-0382,VEH-0082,199,203,2026-03-09,203,0,VARIANCE,OFF-00054
DEL-0002072,MAN-000226,MI-0002687,FPS-0382,VEH-0082,202,210,2026-03-08,0,210,REJECTED,OFF-00060
DEL-0002073,MAN-000226,MI-0002688,FPS-0232,VEH-0082,209,213,2026-03-10,213,0,VARIANCE,OFF-00057
DEL-0002074,MAN-000226,MI-0002689,FPS-0232,VEH-0082,198,189,2026-03-10,0,189,REJECTED,OFF-00027
DEL-0002075,MAN-000227,MI-0002690,FPS-0157,VEH-0057,219,217,2026-03-10,217,0,VERIFIED,OFF-00058
DEL-0002076,MAN-000227,MI-0002691,FPS-0157,VEH-0057,193,195,2026-03-07,0,195,VERIFIED,OFF-00020
DEL-0002077,MAN-000227,MI-0002692,FPS-0432,VEH-0057,334,332,2026-03-07,332,0,VERIFIED,OFF-00029
DEL-0002078,MAN-000227,MI-0002693,FPS-0432,VEH-0057,218,217,2026-03-08,0,217,VERIFIED,OFF-00011
DEL-0002079,MAN-000227,MI-0002694,FPS-0482,VEH-0057,159,160,2026-03-07,160,0,VERIFIED,OFF-00038
DEL-0002080,MAN-000227,MI-0002695,FPS-0482,VEH-0057,216,218,2026-03-07,0,218,VERIFIED,OFF-00061
DEL-0002081,MAN-000227,MI-0002696,FPS-0332,VEH-0057,202,203,2026-03-08,203,0,VERIFIED,OFF-00017
DEL-0002082,MAN-000227,MI-0002697,FPS-0332,VEH-0057,186,185,2026-03-08,0,185,VERIFIED,OFF-00061
DEL-0002083,MAN-000227,MI-0002698,FPS-0132,VEH-0057,302,300,2026-03-08,300,0,VERIFIED,OFF-00031
DEL-0002084,MAN-000227,MI-0002699,FPS-0132,VEH-0057,196,197,2026-03-07,0,197,VERIFIED,OFF-00030
DEL-0002085,MAN-000227,MI-0002700,FPS-0457,VEH-0057,217,215,2026-03-07,215,0,VERIFIED,OFF-00007
DEL-0002086,MAN-000227,MI-0002701,FPS-0457,VEH-0057,205,205,2026-03-08,0,205,VERIFIED,OFF-00015
DEL-0002087,MAN-000228,MI-0002702,FPS-0182,VEH-0057,206,202,2026-03-08,202,0,VARIANCE,OFF-00013
DEL-0002088,MAN-000228,MI-0002703,FPS-0182,VEH-0057,198,199,2026-03-06,0,199,VERIFIED,OFF-00023
DEL-0002089,MAN-000228,MI-0002704,FPS-0282,VEH-0057,239,236,2026-03-07,236,0,VERIFIED,OFF-00032
DEL-0002090,MAN-000228,MI-0002705,FPS-0282,VEH-0057,163,164,2026-03-09,0,164,VERIFIED,OFF-00050
DEL-0002091,MAN-000228,MI-0002706,FPS-0057,VEH-0057,244,240,2026-03-09,240,0,VARIANCE,OFF-00015
DEL-0002092,MAN-000228,MI-0002707,FPS-0057,VEH-0057,195,193,2026-03-08,0,193,VERIFIED,OFF-00020
DEL-0002093,MAN-000228,MI-0002708,FPS-0532,VEH-0057,179,179,2026-03-07,179,0,VERIFIED,OFF-00010
DEL-0002094,MAN-000228,MI-0002709,FPS-0532,VEH-0057,195,197,2026-03-08,0,197,VERIFIED,OFF-00061
DEL-0002095,MAN-000228,MI-0002710,FPS-0257,VEH-0057,160,160,2026-03-09,160,0,VERIFIED,OFF-00052
DEL-0002096,MAN-000228,MI-0002711,FPS-0257,VEH-0057,210,208,2026-03-08,0,208,VERIFIED,OFF-00066
DEL-0002097,MAN-000228,MI-0002712,FPS-0582,VEH-0057,189,185,2026-03-08,185,0,VARIANCE,OFF-00017
DEL-0002098,MAN-000228,MI-0002713,FPS-0582,VEH-0057,203,201,2026-03-09,0,201,VERIFIED,OFF-00014
DEL-0002099,MAN-000229,MI-0002714,FPS-0433,VEH-0133,176,172,2026-03-08,172,0,VARIANCE,OFF-00035
DEL-0002100,MAN-000229,MI-0002715,FPS-0433,VEH-0133,191,191,2026-03-07,0,191,VERIFIED,OFF-00029
DEL-0002101,MAN-000229,MI-0002716,FPS-0408,VEH-0133,192,188,2026-03-09,188,0,VARIANCE,OFF-00015
DEL-0002102,MAN-000229,MI-0002717,FPS-0408,VEH-0133,180,177,2026-03-07,0,177,VARIANCE,OFF-00043
DEL-0002103,MAN-000229,MI-0002718,FPS-0333,VEH-0133,350,351,2026-03-07,351,0,VERIFIED,OFF-00017
DEL-0002104,MAN-000229,MI-0002719,FPS-0333,VEH-0133,238,239,2026-03-08,0,239,VERIFIED,OFF-00025
DEL-0002105,MAN-000229,MI-0002720,FPS-0558,VEH-0133,261,264,2026-03-07,264,0,VERIFIED,OFF-00057
DEL-0002106,MAN-000229,MI-0002721,FPS-0558,VEH-0133,212,208,2026-03-09,0,208,VARIANCE,OFF-00048
DEL-0002107,MAN-000229,MI-0002722,FPS-0083,VEH-0133,200,199,2026-03-10,199,0,VERIFIED,OFF-00007
DEL-0002108,MAN-000229,MI-0002723,FPS-0083,VEH-0133,180,178,2026-03-09,0,178,VERIFIED,OFF-00062
DEL-0002109,MAN-000229,MI-0002724,FPS-0533,VEH-0133,229,228,2026-03-07,228,0,VERIFIED,OFF-00063
DEL-0002110,MAN-000229,MI-0002725,FPS-0533,VEH-0133,205,205,2026-03-08,0,205,VERIFIED,OFF-00057
DEL-0002111,MAN-000230,MI-0002726,FPS-0283,VEH-0058,179,180,2026-03-07,180,0,VERIFIED,OFF-00020
DEL-0002112,MAN-000230,MI-0002727,FPS-0283,VEH-0058,196,193,2026-03-06,0,193,VARIANCE,OFF-00012
DEL-0002113,MAN-000230,MI-0002728,FPS-0583,VEH-0058,180,178,2026-03-08,178,0,VERIFIED,OFF-00022
DEL-0002114,MAN-000230,MI-0002729,FPS-0583,VEH-0058,176,178,2026-03-07,0,178,VERIFIED,OFF-00049
DEL-0002115,MAN-000230,MI-0002730,FPS-0483,VEH-0058,207,209,2026-03-06,209,0,VERIFIED,OFF-00057
DEL-0002116,MAN-000230,MI-0002731,FPS-0483,VEH-0058,198,195,2026-03-07,0,195,VARIANCE,OFF-00066
DEL-0002117,MAN-000230,MI-0002732,FPS-0458,VEH-0058,190,192,2026-03-08,192,0,VERIFIED,OFF-00053
DEL-0002118,MAN-000230,MI-0002733,FPS-0458,VEH-0058,214,212,2026-03-09,0,212,VERIFIED,OFF-00045
DEL-0002119,MAN-000230,MI-0002734,FPS-0008,VEH-0058,185,182,2026-03-09,182,0,VARIANCE,OFF-00014
DEL-0002120,MAN-000230,MI-0002735,FPS-0008,VEH-0058,206,202,2026-03-07,0,202,VARIANCE,OFF-00017
DEL-0002121,MAN-000230,MI-0002736,FPS-0058,VEH-0058,213,209,2026-03-07,209,0,VARIANCE,OFF-00015
DEL-0002122,MAN-000230,MI-0002737,FPS-0058,VEH-0058,186,183,2026-03-07,0,183,VARIANCE,OFF-00023
DEL-0002123,MAN-000231,MI-0002738,FPS-0108,VEH-0033,203,201,2026-03-08,201,0,VERIFIED,OFF-00054
DEL-0002124,MAN-000231,MI-0002739,FPS-0108,VEH-0033,214,214,2026-03-06,0,214,VERIFIED,OFF-00045
DEL-0002125,MAN-000231,MI-0002740,FPS-0508,VEH-0033,255,251,2026-03-07,251,0,VARIANCE,OFF-00009
DEL-0002126,MAN-000231,MI-0002741,FPS-0508,VEH-0033,196,194,2026-03-06,0,194,VERIFIED,OFF-00038
DEL-0002127,MAN-000231,MI-0002742,FPS-0233,VEH-0033,187,186,2026-03-08,186,0,VERIFIED,OFF-00062
DEL-0002128,MAN-000231,MI-0002743,FPS-0233,VEH-0033,203,201,2026-03-08,0,201,VERIFIED,OFF-00035
DEL-0002129,MAN-000231,MI-0002744,FPS-0033,VEH-0033,199,195,2026-03-09,195,0,VARIANCE,OFF-00013
DEL-0002130,MAN-000231,MI-0002745,FPS-0033,VEH-0033,193,194,2026-03-09,0,194,VERIFIED,OFF-00042
DEL-0002131,MAN-000231,MI-0002746,FPS-0383,VEH-0033,187,185,2026-03-08,185,0,VERIFIED,OFF-00051
DEL-0002132,MAN-000231,MI-0002747,FPS-0383,VEH-0033,190,191,2026-03-09,0,191,VERIFIED,OFF-00007
DEL-0002133,MAN-000231,MI-0002748,FPS-0358,VEH-0033,196,196,2026-03-08,196,0,VERIFIED,OFF-00016
DEL-0002134,MAN-000231,MI-0002749,FPS-0358,VEH-0033,197,194,2026-03-09,0,194,VARIANCE,OFF-00016
DEL-0002135,MAN-000232,MI-0002753,FPS-0258,VEH-0108,181,179,2026-03-07,0,179,VERIFIED,OFF-00007
DEL-0002136,MAN-000232,MI-0002757,FPS-0208,VEH-0108,188,189,2026-03-06,0,189,VERIFIED,OFF-00021
DEL-0002137,MAN-000232,MI-0002758,FPS-0308,VEH-0108,215,215,2026-03-06,215,0,VERIFIED,OFF-00036
DEL-0002138,MAN-000233,MI-0002768,FPS-0009,VEH-0009,194,191,2026-03-06,191,0,VARIANCE,OFF-00045
DEL-0002139,MAN-000233,MI-0002769,FPS-0009,VEH-0009,194,193,2026-03-08,0,193,VERIFIED,OFF-00044
DEL-0002140,MAN-000233,MI-0002771,FPS-0159,VEH-0009,204,201,2026-03-08,0,201,VERIFIED,OFF-00065
DEL-0002141,MAN-000234,MI-0002774,FPS-0334,VEH-0034,195,194,2026-03-08,194,0,VERIFIED,OFF-00029
DEL-0002142,MAN-000234,MI-0002775,FPS-0334,VEH-0034,199,196,2026-03-09,0,196,VARIANCE,OFF-00019
DEL-0002143,MAN-000234,MI-0002776,FPS-0459,VEH-0034,210,208,2026-03-08,208,0,VERIFIED,OFF-00064
DEL-0002144,MAN-000234,MI-0002777,FPS-0459,VEH-0034,190,191,2026-03-10,0,191,VERIFIED,OFF-00039
DEL-0002145,MAN-000234,MI-0002778,FPS-0109,VEH-0034,187,185,2026-03-10,185,0,VERIFIED,OFF-00053
DEL-0002146,MAN-000234,MI-0002779,FPS-0109,VEH-0034,196,193,2026-03-07,0,193,VARIANCE,OFF-00060
DEL-0002147,MAN-000234,MI-0002780,FPS-0359,VEH-0034,330,333,2026-03-09,333,0,VERIFIED,OFF-00046
DEL-0002148,MAN-000234,MI-0002781,FPS-0359,VEH-0034,218,220,2026-03-08,0,220,VERIFIED,OFF-00035
DEL-0002149,MAN-000234,MI-0002782,FPS-0059,VEH-0034,210,211,2026-03-10,211,0,VERIFIED,OFF-00047
DEL-0002150,MAN-000234,MI-0002783,FPS-0059,VEH-0034,189,186,2026-03-07,0,186,VARIANCE,OFF-00066
DEL-0002151,MAN-000234,MI-0002784,FPS-0384,VEH-0034,254,251,2026-03-08,251,0,VERIFIED,OFF-00047
DEL-0002152,MAN-000234,MI-0002785,FPS-0384,VEH-0034,188,186,2026-03-09,0,186,VERIFIED,OFF-00057
DEL-0002153,MAN-000235,MI-0002786,FPS-0184,VEH-0084,256,256,2026-03-09,256,0,VERIFIED,OFF-00059
DEL-0002154,MAN-000235,MI-0002787,FPS-0184,VEH-0084,187,186,2026-03-09,0,186,VERIFIED,OFF-00059
DEL-0002155,MAN-000235,MI-0002788,FPS-0584,VEH-0084,205,205,2026-03-08,205,0,VERIFIED,OFF-00013
DEL-0002156,MAN-000235,MI-0002789,FPS-0584,VEH-0084,194,192,2026-03-10,0,192,VERIFIED,OFF-00023
DEL-0002157,MAN-000235,MI-0002790,FPS-0209,VEH-0084,232,231,2026-03-07,231,0,VERIFIED,OFF-00009
DEL-0002158,MAN-000235,MI-0002791,FPS-0209,VEH-0084,190,188,2026-03-08,0,188,VERIFIED,OFF-00014
DEL-0002159,MAN-000235,MI-0002792,FPS-0559,VEH-0084,155,154,2026-03-08,154,0,VERIFIED,OFF-00034
DEL-0002160,MAN-000235,MI-0002793,FPS-0559,VEH-0084,184,184,2026-03-09,0,184,VERIFIED,OFF-00029
DEL-0002161,MAN-000235,MI-0002794,FPS-0534,VEH-0084,188,189,2026-03-08,189,0,VERIFIED,OFF-00022
DEL-0002162,MAN-000235,MI-0002795,FPS-0534,VEH-0084,208,203,2026-03-07,0,203,VARIANCE,OFF-00038
DEL-0002163,MAN-000235,MI-0002796,FPS-0484,VEH-0084,189,190,2026-03-08,190,0,VERIFIED,OFF-00047
DEL-0002164,MAN-000235,MI-0002797,FPS-0484,VEH-0084,208,208,2026-03-10,0,208,VERIFIED,OFF-00012
DEL-0002165,MAN-000236,MI-0002798,FPS-0259,VEH-0134,184,185,2026-03-07,185,0,VERIFIED,OFF-00065
DEL-0002166,MAN-000236,MI-0002799,FPS-0259,VEH-0134,187,183,2026-03-06,0,183,VARIANCE,OFF-00066
DEL-0002167,MAN-000236,MI-0002800,FPS-0084,VEH-0134,276,271,2026-03-06,271,0,VARIANCE,OFF-00055
DEL-0002168,MAN-000236,MI-0002801,FPS-0084,VEH-0134,225,226,2026-03-09,0,226,VERIFIED,OFF-00055
DEL-0002169,MAN-000236,MI-0002802,FPS-0509,VEH-0134,198,194,2026-03-09,194,0,VARIANCE,OFF-00023
DEL-0002170,MAN-000236,MI-0002803,FPS-0509,VEH-0134,177,178,2026-03-06,0,178,VERIFIED,OFF-00043
DEL-0002171,MAN-000236,MI-0002804,FPS-0284,VEH-0134,206,202,2026-03-08,202,0,VARIANCE,OFF-00027
DEL-0002172,MAN-000236,MI-0002805,FPS-0284,VEH-0134,206,202,2026-03-06,0,202,VARIANCE,OFF-00063
DEL-0002173,MAN-000236,MI-0002806,FPS-0234,VEH-0134,207,203,2026-03-06,203,0,VARIANCE,OFF-00016
DEL-0002174,MAN-000236,MI-0002807,FPS-0234,VEH-0134,164,160,2026-03-09,0,160,VARIANCE,OFF-00038
DEL-0002175,MAN-000236,MI-0002808,FPS-0309,VEH-0134,220,217,2026-03-06,217,0,VERIFIED,OFF-00021
DEL-0002176,MAN-000236,MI-0002809,FPS-0309,VEH-0134,181,181,2026-03-07,0,181,VERIFIED,OFF-00037
DEL-0002177,MAN-000237,MI-0002810,FPS-0185,VEH-0110,207,208,2026-03-09,208,0,VERIFIED,OFF-00056
DEL-0002178,MAN-000237,MI-0002811,FPS-0185,VEH-0110,190,192,2026-03-09,0,192,VERIFIED,OFF-00064
DEL-0002179,MAN-000237,MI-0002812,FPS-0035,VEH-0110,211,207,2026-03-07,207,0,VARIANCE,OFF-00053
DEL-0002180,MAN-000237,MI-0002813,FPS-0035,VEH-0110,201,198,2026-03-07,0,198,VERIFIED,OFF-00041
DEL-0002181,MAN-000237,MI-0002814,FPS-0060,VEH-0110,220,216,2026-03-08,216,0,VARIANCE,OFF-00012
DEL-0002182,MAN-000237,MI-0002815,FPS-0060,VEH-0110,181,181,2026-03-10,0,181,VERIFIED,OFF-00058
DEL-0002183,MAN-000237,MI-0002816,FPS-0285,VEH-0110,212,211,2026-03-09,211,0,VERIFIED,OFF-00055
DEL-0002184,MAN-000237,MI-0002817,FPS-0285,VEH-0110,195,193,2026-03-09,0,193,VERIFIED,OFF-00063
DEL-0002185,MAN-000237,MI-0002818,FPS-0010,VEH-0110,256,255,2026-03-08,255,0,VERIFIED,OFF-00041
DEL-0002186,MAN-000237,MI-0002819,FPS-0010,VEH-0110,184,181,2026-03-08,0,181,VARIANCE,OFF-00065
DEL-0002187,MAN-000237,MI-0002820,FPS-0360,VEH-0110,210,209,2026-03-08,209,0,VERIFIED,OFF-00009
DEL-0002188,MAN-000237,MI-0002821,FPS-0360,VEH-0110,185,185,2026-03-07,0,185,VERIFIED,OFF-00016
DEL-0002189,MAN-000238,MI-0002822,FPS-0310,VEH-0085,207,207,2026-03-06,207,0,VERIFIED,OFF-00028
DEL-0002190,MAN-000238,MI-0002823,FPS-0310,VEH-0085,212,214,2026-03-09,0,214,VERIFIED,OFF-00028
DEL-0002191,MAN-000238,MI-0002824,FPS-0335,VEH-0085,256,253,2026-03-06,253,0,VERIFIED,OFF-00062
DEL-0002192,MAN-000238,MI-0002825,FPS-0335,VEH-0085,193,194,2026-03-09,0,194,VERIFIED,OFF-00063
DEL-0002193,MAN-000238,MI-0002826,FPS-0585,VEH-0085,202,201,2026-03-09,201,0,VERIFIED,OFF-00048
DEL-0002194,MAN-000238,MI-0002827,FPS-0585,VEH-0085,198,198,2026-03-06,0,198,VERIFIED,OFF-00013
DEL-0002195,MAN-000238,MI-0002828,FPS-0485,VEH-0085,206,206,2026-03-09,206,0,VERIFIED,OFF-00018
DEL-0002196,MAN-000238,MI-0002829,FPS-0485,VEH-0085,196,197,2026-03-06,0,197,VERIFIED,OFF-00026
DEL-0002197,MAN-000238,MI-0002830,FPS-0260,VEH-0085,193,192,2026-03-08,192,0,VERIFIED,OFF-00038
DEL-0002198,MAN-000238,MI-0002831,FPS-0260,VEH-0085,183,181,2026-03-07,0,181,VERIFIED,OFF-00063
DEL-0002199,MAN-000238,MI-0002832,FPS-0110,VEH-0085,193,194,2026-03-07,194,0,VERIFIED,OFF-00022
DEL-0002200,MAN-000238,MI-0002833,FPS-0110,VEH-0085,183,183,2026-03-07,0,183,VERIFIED,OFF-00053
DEL-0002201,MAN-000239,MI-0002834,FPS-0535,VEH-0085,196,193,2026-03-09,193,0,VARIANCE,OFF-00056
DEL-0002202,MAN-000239,MI-0002835,FPS-0535,VEH-0085,194,195,2026-03-07,0,195,VERIFIED,OFF-00008
DEL-0002203,MAN-000239,MI-0002836,FPS-0085,VEH-0085,196,196,2026-03-08,196,0,VERIFIED,OFF-00059
DEL-0002204,MAN-000239,MI-0002837,FPS-0085,VEH-0085,205,206,2026-03-07,0,206,VERIFIED,OFF-00013
DEL-0002205,MAN-000239,MI-0002838,FPS-0160,VEH-0085,190,191,2026-03-08,191,0,VERIFIED,OFF-00057
DEL-0002206,MAN-000239,MI-0002839,FPS-0160,VEH-0085,185,184,2026-03-06,0,184,VERIFIED,OFF-00010
DEL-0002207,MAN-000239,MI-0002840,FPS-0385,VEH-0085,272,269,2026-03-08,269,0,VERIFIED,OFF-00021
DEL-0002208,MAN-000239,MI-0002841,FPS-0385,VEH-0085,190,192,2026-03-09,0,192,VERIFIED,OFF-00062
DEL-0002209,MAN-000239,MI-0002842,FPS-0510,VEH-0085,182,182,2026-03-06,182,0,VERIFIED,OFF-00008
DEL-0002210,MAN-000239,MI-0002843,FPS-0510,VEH-0085,185,183,2026-03-08,0,183,VERIFIED,OFF-00043
DEL-0002211,MAN-000239,MI-0002844,FPS-0435,VEH-0085,211,209,2026-03-08,209,0,VERIFIED,OFF-00061
DEL-0002212,MAN-000239,MI-0002845,FPS-0435,VEH-0085,194,195,2026-03-06,0,195,VERIFIED,OFF-00023
DEL-0002213,MAN-000240,MI-0002846,FPS-0410,VEH-0135,285,286,2026-03-07,286,0,VERIFIED,OFF-00020
DEL-0002214,MAN-000240,MI-0002847,FPS-0410,VEH-0135,213,213,2026-03-09,0,213,VERIFIED,OFF-00044
DEL-0002215,MAN-000240,MI-0002848,FPS-0135,VEH-0135,192,193,2026-03-09,193,0,VERIFIED,OFF-00026
DEL-0002216,MAN-000240,MI-0002849,FPS-0135,VEH-0135,185,185,2026-03-07,0,185,VERIFIED,OFF-00049
DEL-0002217,MAN-000240,MI-0002850,FPS-0235,VEH-0135,236,232,2026-03-07,232,0,VARIANCE,OFF-00040
DEL-0002218,MAN-000240,MI-0002851,FPS-0235,VEH-0135,195,191,2026-03-08,0,191,VARIANCE,OFF-00022
DEL-0002219,MAN-000240,MI-0002852,FPS-0460,VEH-0135,202,203,2026-03-09,203,0,VERIFIED,OFF-00034
DEL-0002220,MAN-000240,MI-0002853,FPS-0460,VEH-0135,167,167,2026-03-07,0,167,VERIFIED,OFF-00012
DEL-0002221,MAN-000240,MI-0002854,FPS-0210,VEH-0135,203,200,2026-03-08,200,0,VERIFIED,OFF-00028
DEL-0002222,MAN-000240,MI-0002855,FPS-0210,VEH-0135,200,199,2026-03-06,0,199,VERIFIED,OFF-00047
DEL-0002223,MAN-000240,MI-0002856,FPS-0560,VEH-0135,258,258,2026-03-08,258,0,VERIFIED,OFF-00023
DEL-0002224,MAN-000240,MI-0002857,FPS-0560,VEH-0135,201,197,2026-03-09,0,197,VARIANCE,OFF-00007
DEL-0002225,MAN-000241,MI-0002858,FPS-0211,VEH-0136,220,229,2026-03-07,229,0,REJECTED,OFF-00051
DEL-0002226,MAN-000241,MI-0002859,FPS-0211,VEH-0136,197,201,2026-03-07,0,201,VARIANCE,OFF-00008
DEL-0002227,MAN-000241,MI-0002860,FPS-0486,VEH-0136,197,194,2026-03-07,194,0,VARIANCE,OFF-00055
DEL-0002228,MAN-000241,MI-0002861,FPS-0486,VEH-0136,191,193,2026-03-08,0,193,VERIFIED,OFF-00019
DEL-0002229,MAN-000241,MI-0002862,FPS-0286,VEH-0136,204,193,2026-03-08,193,0,REJECTED,OFF-00023
DEL-0002230,MAN-000241,MI-0002863,FPS-0286,VEH-0136,191,181,2026-03-10,0,181,REJECTED,OFF-00010
DEL-0002231,MAN-000241,MI-0002864,FPS-0461,VEH-0136,207,202,2026-03-08,202,0,VARIANCE,OFF-00054
DEL-0002232,MAN-000241,MI-0002865,FPS-0461,VEH-0136,205,203,2026-03-08,0,203,VERIFIED,OFF-00055
DEL-0002233,MAN-000241,MI-0002866,FPS-0586,VEH-0136,214,210,2026-03-07,210,0,VARIANCE,OFF-00059
DEL-0002234,MAN-000241,MI-0002867,FPS-0586,VEH-0136,189,196,2026-03-09,0,196,REJECTED,OFF-00063
DEL-0002235,MAN-000241,MI-0002868,FPS-0061,VEH-0136,187,179,2026-03-09,179,0,REJECTED,OFF-00018
DEL-0002236,MAN-000241,MI-0002869,FPS-0061,VEH-0136,198,188,2026-03-07,0,188,REJECTED,OFF-00034
DEL-0002237,MAN-000242,MI-0002870,FPS-0436,VEH-0011,210,209,2026-03-08,209,0,VERIFIED,OFF-00016
DEL-0002238,MAN-000242,MI-0002871,FPS-0436,VEH-0011,187,188,2026-03-09,0,188,VERIFIED,OFF-00061
DEL-0002239,MAN-000242,MI-0002872,FPS-0186,VEH-0011,264,260,2026-03-08,260,0,VARIANCE,OFF-00060
DEL-0002240,MAN-000242,MI-0002873,FPS-0186,VEH-0011,188,189,2026-03-09,0,189,VERIFIED,OFF-00020
DEL-0002241,MAN-000242,MI-0002874,FPS-0361,VEH-0011,204,204,2026-03-08,204,0,VERIFIED,OFF-00014
DEL-0002242,MAN-000242,MI-0002875,FPS-0361,VEH-0011,186,183,2026-03-08,0,183,VARIANCE,OFF-00016
DEL-0002243,MAN-000242,MI-0002876,FPS-0336,VEH-0011,228,230,2026-03-08,230,0,VERIFIED,OFF-00060
DEL-0002244,MAN-000242,MI-0002877,FPS-0336,VEH-0011,172,169,2026-03-09,0,169,VARIANCE,OFF-00048
DEL-0002245,MAN-000242,MI-0002878,FPS-0086,VEH-0011,190,187,2026-03-06,187,0,VARIANCE,OFF-00010
DEL-0002246,MAN-000242,MI-0002879,FPS-0086,VEH-0011,197,198,2026-03-08,0,198,VERIFIED,OFF-00044
DEL-0002247,MAN-000242,MI-0002880,FPS-0136,VEH-0011,217,216,2026-03-07,216,0,VERIFIED,OFF-00009
DEL-0002248,MAN-000242,MI-0002881,FPS-0136,VEH-0011,195,195,2026-03-06,0,195,VERIFIED,OFF-00013
DEL-0002249,MAN-000243,MI-0002884,FPS-0561,VEH-0111,197,195,2026-03-08,195,0,VERIFIED,OFF-00031
DEL-0002250,MAN-000243,MI-0002885,FPS-0561,VEH-0111,165,164,2026-03-08,0,164,VERIFIED,OFF-00027
DEL-0002251,MAN-000243,MI-0002888,FPS-0036,VEH-0111,261,258,2026-03-09,258,0,VERIFIED,OFF-00042
DEL-0002252,MAN-000243,MI-0002891,FPS-0311,VEH-0111,201,202,2026-03-07,0,202,VERIFIED,OFF-00015
DEL-0002253,MAN-000244,MI-0002894,FPS-0536,VEH-0036,170,168,2026-03-09,168,0,VERIFIED,OFF-00065
DEL-0002254,MAN-000244,MI-0002897,FPS-0111,VEH-0036,165,163,2026-03-06,0,163,VERIFIED,OFF-00043
DEL-0002255,MAN-000244,MI-0002900,FPS-0261,VEH-0036,207,204,2026-03-09,204,0,VERIFIED,OFF-00025
DEL-0002256,MAN-000245,MI-0002906,FPS-0012,VEH-0012,241,237,2026-03-08,237,0,VARIANCE,OFF-00012
DEL-0002257,MAN-000245,MI-0002907,FPS-0012,VEH-0012,204,201,2026-03-09,0,201,VERIFIED,OFF-00062
DEL-0002258,MAN-000245,MI-0002908,FPS-0087,VEH-0012,193,191,2026-03-08,191,0,VERIFIED,OFF-00014
DEL-0002259,MAN-000245,MI-0002909,FPS-0087,VEH-0012,206,203,2026-03-09,0,203,VERIFIED,OFF-00013
DEL-0002260,MAN-000245,MI-0002910,FPS-0362,VEH-0012,174,171,2026-03-08,171,0,VARIANCE,OFF-00035
DEL-0002261,MAN-000245,MI-0002911,FPS-0362,VEH-0012,188,184,2026-03-09,0,184,VARIANCE,OFF-00032
DEL-0002262,MAN-000245,MI-0002912,FPS-0412,VEH-0012,231,229,2026-03-08,229,0,VERIFIED,OFF-00036
DEL-0002263,MAN-000245,MI-0002913,FPS-0412,VEH-0012,193,191,2026-03-07,0,191,VERIFIED,OFF-00063
DEL-0002264,MAN-000245,MI-0002914,FPS-0187,VEH-0012,237,235,2026-03-06,235,0,VERIFIED,OFF-00031
DEL-0002265,MAN-000245,MI-0002915,FPS-0187,VEH-0012,151,152,2026-03-07,0,152,VERIFIED,OFF-00056
DEL-0002266,MAN-000245,MI-0002916,FPS-0562,VEH-0012,262,258,2026-03-07,258,0,VARIANCE,OFF-00029
DEL-0002267,MAN-000245,MI-0002917,FPS-0562,VEH-0012,194,190,2026-03-07,0,190,VARIANCE,OFF-00010
DEL-0002268,MAN-000246,MI-0002918,FPS-0487,VEH-0137,196,193,2026-03-10,193,0,VARIANCE,OFF-00056
DEL-0002269,MAN-000246,MI-0002919,FPS-0487,VEH-0137,208,206,2026-03-09,0,206,VERIFIED,OFF-00018
DEL-0002270,MAN-000246,MI-0002920,FPS-0037,VEH-0137,211,209,2026-03-09,209,0,VERIFIED,OFF-00017
DEL-0002271,MAN-000246,MI-0002921,FPS-0037,VEH-0137,185,185,2026-03-09,0,185,VERIFIED,OFF-00007
DEL-0002272,MAN-000246,MI-0002922,FPS-0312,VEH-0137,238,237,2026-03-07,237,0,VERIFIED,OFF-00015
DEL-0002273,MAN-000246,MI-0002923,FPS-0312,VEH-0137,197,195,2026-03-09,0,195,VERIFIED,OFF-00045
DEL-0002274,MAN-000246,MI-0002924,FPS-0462,VEH-0137,184,183,2026-03-08,183,0,VERIFIED,OFF-00014
DEL-0002275,MAN-000246,MI-0002925,FPS-0462,VEH-0137,189,185,2026-03-08,0,185,VARIANCE,OFF-00047
DEL-0002276,MAN-000246,MI-0002926,FPS-0162,VEH-0137,186,183,2026-03-10,183,0,VARIANCE,OFF-00030
DEL-0002277,MAN-000246,MI-0002927,FPS-0162,VEH-0137,183,184,2026-03-09,0,184,VERIFIED,OFF-00016
DEL-0002278,MAN-000246,MI-0002928,FPS-0112,VEH-0137,190,191,2026-03-09,191,0,VERIFIED,OFF-00039
DEL-0002279,MAN-000246,MI-0002929,FPS-0112,VEH-0137,195,195,2026-03-08,0,195,VERIFIED,OFF-00057
DEL-0002280,MAN-000247,MI-0002930,FPS-0137,VEH-0112,175,174,2026-03-10,174,0,VERIFIED,OFF-00010
DEL-0002281,MAN-000247,MI-0002931,FPS-0137,VEH-0112,167,165,2026-03-07,0,165,VERIFIED,OFF-00058
DEL-0002282,MAN-000247,MI-0002932,FPS-0237,VEH-0112,204,204,2026-03-08,204,0,VERIFIED,OFF-00049
DEL-0002283,MAN-000247,MI-0002933,FPS-0237,VEH-0112,179,179,2026-03-07,0,179,VERIFIED,OFF-00045
DEL-0002284,MAN-000247,MI-0002934,FPS-0262,VEH-0112,183,183,2026-03-07,183,0,VERIFIED,OFF-00050
DEL-0002285,MAN-000247,MI-0002935,FPS-0262,VEH-0112,182,179,2026-03-08,0,179,VARIANCE,OFF-00059
DEL-0002286,MAN-000247,MI-0002936,FPS-0587,VEH-0112,217,215,2026-03-07,215,0,VERIFIED,OFF-00065
DEL-0002287,MAN-000247,MI-0002937,FPS-0587,VEH-0112,181,182,2026-03-10,0,182,VERIFIED,OFF-00058
DEL-0002288,MAN-000247,MI-0002938,FPS-0437,VEH-0112,188,187,2026-03-08,187,0,VERIFIED,OFF-00022
DEL-0002289,MAN-000247,MI-0002939,FPS-0437,VEH-0112,177,174,2026-03-07,0,174,VARIANCE,OFF-00024
DEL-0002290,MAN-000247,MI-0002940,FPS-0212,VEH-0112,191,188,2026-03-07,188,0,VARIANCE,OFF-00017
DEL-0002291,MAN-000247,MI-0002941,FPS-0212,VEH-0112,215,211,2026-03-07,0,211,VARIANCE,OFF-00011
DEL-0002292,MAN-000248,MI-0002942,FPS-0537,VEH-0137,187,184,2026-03-08,184,0,VARIANCE,OFF-00043
DEL-0002293,MAN-000248,MI-0002943,FPS-0537,VEH-0137,201,199,2026-03-09,0,199,VERIFIED,OFF-00023
DEL-0002294,MAN-000248,MI-0002944,FPS-0062,VEH-0137,196,194,2026-03-09,194,0,VERIFIED,OFF-00035
DEL-0002295,MAN-000248,MI-0002945,FPS-0062,VEH-0137,168,167,2026-03-10,0,167,VERIFIED,OFF-00012
DEL-0002296,MAN-000248,MI-0002946,FPS-0512,VEH-0137,180,181,2026-03-08,181,0,VERIFIED,OFF-00049
DEL-0002297,MAN-000248,MI-0002947,FPS-0512,VEH-0137,171,172,2026-03-09,0,172,VERIFIED,OFF-00031
DEL-0002298,MAN-000248,MI-0002948,FPS-0337,VEH-0137,178,177,2026-03-08,177,0,VERIFIED,OFF-00060
DEL-0002299,MAN-000248,MI-0002949,FPS-0337,VEH-0137,202,204,2026-03-08,0,204,VERIFIED,OFF-00054
DEL-0002300,MAN-000248,MI-0002950,FPS-0387,VEH-0137,311,310,2026-03-07,310,0,VERIFIED,OFF-00045
DEL-0002301,MAN-000248,MI-0002951,FPS-0387,VEH-0137,218,218,2026-03-07,0,218,VERIFIED,OFF-00032
DEL-0002302,MAN-000248,MI-0002952,FPS-0287,VEH-0137,339,342,2026-03-10,342,0,VERIFIED,OFF-00041
DEL-0002303,MAN-000248,MI-0002953,FPS-0287,VEH-0137,234,231,2026-03-07,0,231,VERIFIED,OFF-00007
DEL-0002304,MAN-000249,MI-0002954,FPS-0438,VEH-0113,195,194,2026-03-06,194,0,VERIFIED,OFF-00044
DEL-0002305,MAN-000249,MI-0002955,FPS-0438,VEH-0113,188,184,2026-03-06,0,184,VARIANCE,OFF-00050
DEL-0002306,MAN-000249,MI-0002956,FPS-0063,VEH-0113,244,240,2026-03-08,240,0,VARIANCE,OFF-00048
DEL-0002307,MAN-000249,MI-0002957,FPS-0063,VEH-0113,176,173,2026-03-07,0,173,VARIANCE,OFF-00063
DEL-0002308,MAN-000249,MI-0002958,FPS-0313,VEH-0113,179,176,2026-03-08,176,0,VARIANCE,OFF-00027
DEL-0002309,MAN-000249,MI-0002959,FPS-0313,VEH-0113,192,191,2026-03-06,0,191,VERIFIED,OFF-00014
DEL-0002310,MAN-000249,MI-0002960,FPS-0538,VEH-0113,183,184,2026-03-06,184,0,VERIFIED,OFF-00057
DEL-0002311,MAN-000249,MI-0002961,FPS-0538,VEH-0113,200,196,2026-03-07,0,196,VARIANCE,OFF-00061
DEL-0002312,MAN-000249,MI-0002962,FPS-0038,VEH-0113,237,233,2026-03-07,233,0,VARIANCE,OFF-00033
DEL-0002313,MAN-000249,MI-0002963,FPS-0038,VEH-0113,194,195,2026-03-08,0,195,VERIFIED,OFF-00020
DEL-0002314,MAN-000249,MI-0002964,FPS-0288,VEH-0113,208,208,2026-03-07,208,0,VERIFIED,OFF-00058
DEL-0002315,MAN-000249,MI-0002965,FPS-0288,VEH-0113,192,192,2026-03-08,0,192,VERIFIED,OFF-00065
DEL-0002316,MAN-000250,MI-0002966,FPS-0013,VEH-0138,222,224,2026-03-10,224,0,VERIFIED,OFF-00029
DEL-0002317,MAN-000250,MI-0002967,FPS-0013,VEH-0138,178,178,2026-03-08,0,178,VERIFIED,OFF-00034
DEL-0002318,MAN-000250,MI-0002968,FPS-0213,VEH-0138,199,195,2026-03-10,195,0,VARIANCE,OFF-00049
DEL-0002319,MAN-000250,MI-0002969,FPS-0213,VEH-0138,199,200,2026-03-08,0,200,VERIFIED,OFF-00028
DEL-0002320,MAN-000250,MI-0002970,FPS-0463,VEH-0138,248,246,2026-03-07,246,0,VERIFIED,OFF-00037
DEL-0002321,MAN-000250,MI-0002971,FPS-0463,VEH-0138,198,199,2026-03-10,0,199,VERIFIED,OFF-00041
DEL-0002322,MAN-000250,MI-0002972,FPS-0563,VEH-0138,355,350,2026-03-07,350,0,VERIFIED,OFF-00063
DEL-0002323,MAN-000250,MI-0002973,FPS-0563,VEH-0138,257,253,2026-03-08,0,253,VARIANCE,OFF-00024
DEL-0002324,MAN-000250,MI-0002974,FPS-0188,VEH-0138,182,178,2026-03-10,178,0,VARIANCE,OFF-00039
DEL-0002325,MAN-000250,MI-0002975,FPS-0188,VEH-0138,174,174,2026-03-10,0,174,VERIFIED,OFF-00024
DEL-0002326,MAN-000250,MI-0002976,FPS-0113,VEH-0138,200,197,2026-03-07,197,0,VARIANCE,OFF-00009
DEL-0002327,MAN-000250,MI-0002977,FPS-0113,VEH-0138,177,177,2026-03-10,0,177,VERIFIED,OFF-00039
DEL-0002328,MAN-000251,MI-0002978,FPS-0163,VEH-0038,177,177,2026-03-09,177,0,VERIFIED,OFF-00041
DEL-0002329,MAN-000251,MI-0002979,FPS-0163,VEH-0038,182,179,2026-03-10,0,179,VARIANCE,OFF-00012
DEL-0002330,MAN-000251,MI-0002980,FPS-0263,VEH-0038,204,205,2026-03-10,205,0,VERIFIED,OFF-00066
DEL-0002331,MAN-000251,MI-0002981,FPS-0263,VEH-0038,206,202,2026-03-09,0,202,VARIANCE,OFF-00032
DEL-0002332,MAN-000251,MI-0002982,FPS-0513,VEH-0038,180,177,2026-03-07,177,0,VARIANCE,OFF-00062
DEL-0002333,MAN-000251,MI-0002983,FPS-0513,VEH-0038,180,177,2026-03-09,0,177,VARIANCE,OFF-00043
DEL-0002334,MAN-000251,MI-0002984,FPS-0138,VEH-0038,275,277,2026-03-10,277,0,VERIFIED,OFF-00042
DEL-0002335,MAN-000251,MI-0002985,FPS-0138,VEH-0038,205,206,2026-03-07,0,206,VERIFIED,OFF-00035
DEL-0002336,MAN-000251,MI-0002986,FPS-0388,VEH-0038,163,161,2026-03-10,161,0,VERIFIED,OFF-00058
DEL-0002337,MAN-000251,MI-0002987,FPS-0388,VEH-0038,187,187,2026-03-07,0,187,VERIFIED,OFF-00050
DEL-0002338,MAN-000251,MI-0002988,FPS-0238,VEH-0038,223,218,2026-03-07,218,0,VARIANCE,OFF-00012
DEL-0002339,MAN-000251,MI-0002989,FPS-0238,VEH-0038,208,207,2026-03-08,0,207,VERIFIED,OFF-00047
DEL-0002340,MAN-000252,MI-0002990,FPS-0088,VEH-0063,207,203,2026-03-06,203,0,VARIANCE,OFF-00054
DEL-0002341,MAN-000252,MI-0002995,FPS-0488,VEH-0063,194,195,2026-03-06,0,195,VERIFIED,OFF-00043
DEL-0002342,MAN-000252,MI-0002998,FPS-0363,VEH-0063,212,210,2026-03-08,210,0,VERIFIED,OFF-00024
DEL-0002343,MAN-000252,MI-0003000,FPS-0413,VEH-0063,154,155,2026-03-06,155,0,VERIFIED,OFF-00037
DEL-0002344,MAN-000253,MI-0003002,FPS-0464,VEH-0039,203,201,2026-03-08,201,0,VERIFIED,OFF-00011
DEL-0002345,MAN-000253,MI-0003003,FPS-0464,VEH-0039,184,180,2026-03-10,0,180,VARIANCE,OFF-00038
DEL-0002346,MAN-000253,MI-0003004,FPS-0514,VEH-0039,197,194,2026-03-09,194,0,VARIANCE,OFF-00007
DEL-0002347,MAN-000253,MI-0003005,FPS-0514,VEH-0039,188,185,2026-03-09,0,185,VARIANCE,OFF-00008
DEL-0002348,MAN-000253,MI-0003006,FPS-0214,VEH-0039,193,193,2026-03-07,193,0,VERIFIED,OFF-00059
DEL-0002349,MAN-000253,MI-0003007,FPS-0214,VEH-0039,174,171,2026-03-08,0,171,VARIANCE,OFF-00060
DEL-0002350,MAN-000253,MI-0003008,FPS-0239,VEH-0039,271,267,2026-03-07,267,0,VERIFIED,OFF-00008
DEL-0002351,MAN-000253,MI-0003009,FPS-0239,VEH-0039,168,168,2026-03-09,0,168,VERIFIED,OFF-00024
DEL-0002352,MAN-000253,MI-0003010,FPS-0339,VEH-0039,174,173,2026-03-09,173,0,VERIFIED,OFF-00045
DEL-0002353,MAN-000253,MI-0003011,FPS-0339,VEH-0039,184,183,2026-03-09,0,183,VERIFIED,OFF-00026
DEL-0002354,MAN-000253,MI-0003012,FPS-0039,VEH-0039,200,200,2026-03-08,200,0,VERIFIED,OFF-00032
DEL-0002355,MAN-000253,MI-0003013,FPS-0039,VEH-0039,206,203,2026-03-10,0,203,VERIFIED,OFF-00009
DEL-0002356,MAN-000254,MI-0003014,FPS-0089,VEH-0039,210,210,2026-03-10,210,0,VERIFIED,OFF-00036
DEL-0002357,MAN-000254,MI-0003015,FPS-0089,VEH-0039,184,185,2026-03-07,0,185,VERIFIED,OFF-00009
DEL-0002358,MAN-000254,MI-0003016,FPS-0564,VEH-0039,187,189,2026-03-09,189,0,VERIFIED,OFF-00024
DEL-0002359,MAN-000254,MI-0003017,FPS-0564,VEH-0039,191,190,2026-03-07,0,190,VERIFIED,OFF-00055
DEL-0002360,MAN-000254,MI-0003018,FPS-0389,VEH-0039,210,207,2026-03-09,207,0,VERIFIED,OFF-00054
DEL-0002361,MAN-000254,MI-0003019,FPS-0389,VEH-0039,187,187,2026-03-09,0,187,VERIFIED,OFF-00051
DEL-0002362,MAN-000254,MI-0003020,FPS-0139,VEH-0039,197,194,2026-03-08,194,0,VARIANCE,OFF-00017
DEL-0002363,MAN-000254,MI-0003021,FPS-0139,VEH-0039,204,203,2026-03-07,0,203,VERIFIED,OFF-00035
DEL-0002364,MAN-000254,MI-0003022,FPS-0189,VEH-0039,294,289,2026-03-07,289,0,VARIANCE,OFF-00046
DEL-0002365,MAN-000254,MI-0003023,FPS-0189,VEH-0039,199,198,2026-03-07,0,198,VERIFIED,OFF-00018
DEL-0002366,MAN-000254,MI-0003024,FPS-0289,VEH-0039,172,171,2026-03-10,171,0,VERIFIED,OFF-00008
DEL-0002367,MAN-000254,MI-0003025,FPS-0289,VEH-0039,161,162,2026-03-09,0,162,VERIFIED,OFF-00038
DEL-0002368,MAN-000255,MI-0003026,FPS-0064,VEH-0114,170,171,2026-03-09,171,0,VERIFIED,OFF-00059
DEL-0002369,MAN-000255,MI-0003027,FPS-0064,VEH-0114,182,181,2026-03-06,0,181,VERIFIED,OFF-00031
DEL-0002370,MAN-000255,MI-0003028,FPS-0414,VEH-0114,269,265,2026-03-08,265,0,VERIFIED,OFF-00029
DEL-0002371,MAN-000255,MI-0003029,FPS-0414,VEH-0114,192,192,2026-03-06,0,192,VERIFIED,OFF-00031
DEL-0002372,MAN-000255,MI-0003030,FPS-0439,VEH-0114,229,226,2026-03-07,226,0,VERIFIED,OFF-00052
DEL-0002373,MAN-000255,MI-0003031,FPS-0439,VEH-0114,200,201,2026-03-06,0,201,VERIFIED,OFF-00012
DEL-0002374,MAN-000255,MI-0003032,FPS-0364,VEH-0114,192,193,2026-03-06,193,0,VERIFIED,OFF-00061
DEL-0002375,MAN-000255,MI-0003033,FPS-0364,VEH-0114,214,213,2026-03-06,0,213,VERIFIED,OFF-00057
DEL-0002376,MAN-000255,MI-0003034,FPS-0164,VEH-0114,208,206,2026-03-07,206,0,VERIFIED,OFF-00041
DEL-0002377,MAN-000255,MI-0003035,FPS-0164,VEH-0114,183,184,2026-03-07,0,184,VERIFIED,OFF-00031
DEL-0002378,MAN-000255,MI-0003036,FPS-0489,VEH-0114,195,191,2026-03-08,191,0,VARIANCE,OFF-00051
DEL-0002379,MAN-000255,MI-0003037,FPS-0489,VEH-0114,199,197,2026-03-09,0,197,VERIFIED,OFF-00064
DEL-0002380,MAN-000256,MI-0003038,FPS-0014,VEH-0039,200,188,2026-03-10,188,0,REJECTED,OFF-00027
DEL-0002381,MAN-000256,MI-0003039,FPS-0014,VEH-0039,178,171,2026-03-09,0,171,REJECTED,OFF-00008
DEL-0002382,MAN-000256,MI-0003040,FPS-0539,VEH-0039,202,209,2026-03-07,209,0,VARIANCE,OFF-00008
DEL-0002383,MAN-000256,MI-0003041,FPS-0539,VEH-0039,183,186,2026-03-08,0,186,VARIANCE,OFF-00057
DEL-0002384,MAN-000256,MI-0003042,FPS-0114,VEH-0039,195,197,2026-03-07,197,0,VERIFIED,OFF-00062
DEL-0002385,MAN-000256,MI-0003043,FPS-0114,VEH-0039,199,205,2026-03-09,0,205,VARIANCE,OFF-00051
DEL-0002386,MAN-000256,MI-0003044,FPS-0589,VEH-0039,207,201,2026-03-07,201,0,VARIANCE,OFF-00053
DEL-0002387,MAN-000256,MI-0003045,FPS-0589,VEH-0039,197,198,2026-03-08,0,198,VERIFIED,OFF-00041
DEL-0002388,MAN-000256,MI-0003046,FPS-0314,VEH-0039,230,227,2026-03-09,227,0,VERIFIED,OFF-00045
DEL-0002389,MAN-000256,MI-0003047,FPS-0314,VEH-0039,191,196,2026-03-08,0,196,VARIANCE,OFF-00025
DEL-0002390,MAN-000256,MI-0003048,FPS-0264,VEH-0039,185,185,2026-03-08,185,0,VERIFIED,OFF-00027
DEL-0002391,MAN-000256,MI-0003049,FPS-0264,VEH-0039,184,182,2026-03-09,0,182,VERIFIED,OFF-00055
DEL-0002392,MAN-000257,MI-0003050,FPS-0490,VEH-0090,220,218,2026-03-09,218,0,VERIFIED,OFF-00042
DEL-0002393,MAN-000257,MI-0003052,FPS-0215,VEH-0090,173,169,2026-03-08,169,0,VARIANCE,OFF-00043
DEL-0002394,MAN-000257,MI-0003056,FPS-0540,VEH-0090,174,174,2026-03-08,174,0,VERIFIED,OFF-00050
DEL-0002395,MAN-000257,MI-0003060,FPS-0090,VEH-0090,216,217,2026-03-06,217,0,VERIFIED,OFF-00053
DEL-0002396,MAN-000258,MI-0003062,FPS-0365,VEH-0090,186,186,2026-03-08,186,0,VERIFIED,OFF-00058
DEL-0002397,MAN-000258,MI-0003063,FPS-0365,VEH-0090,213,210,2026-03-08,0,210,VERIFIED,OFF-00023
DEL-0002398,MAN-000258,MI-0003064,FPS-0240,VEH-0090,240,242,2026-03-08,242,0,VERIFIED,OFF-00029
DEL-0002399,MAN-000258,MI-0003065,FPS-0240,VEH-0090,207,208,2026-03-08,0,208,VERIFIED,OFF-00045
DEL-0002400,MAN-000258,MI-0003066,FPS-0065,VEH-0090,211,211,2026-03-08,211,0,VERIFIED,OFF-00049
DEL-0002401,MAN-000258,MI-0003067,FPS-0065,VEH-0090,184,185,2026-03-09,0,185,VERIFIED,OFF-00062
DEL-0002402,MAN-000258,MI-0003068,FPS-0115,VEH-0090,186,187,2026-03-06,187,0,VERIFIED,OFF-00018
DEL-0002403,MAN-000258,MI-0003069,FPS-0115,VEH-0090,198,198,2026-03-09,0,198,VERIFIED,OFF-00016
DEL-0002404,MAN-000258,MI-0003070,FPS-0040,VEH-0090,202,204,2026-03-06,204,0,VERIFIED,OFF-00017
DEL-0002405,MAN-000258,MI-0003071,FPS-0040,VEH-0090,191,191,2026-03-08,0,191,VERIFIED,OFF-00056
DEL-0002406,MAN-000258,MI-0003072,FPS-0465,VEH-0090,197,197,2026-03-06,197,0,VERIFIED,OFF-00051
DEL-0002407,MAN-000258,MI-0003073,FPS-0465,VEH-0090,179,176,2026-03-07,0,176,VARIANCE,OFF-00014
DEL-0002408,MAN-000259,MI-0003083,FPS-0440,VEH-0015,187,187,2026-03-08,0,187,VERIFIED,OFF-00022
DEL-0002409,MAN-000260,MI-0003086,FPS-0265,VEH-0015,227,222,2026-03-09,222,0,VARIANCE,OFF-00059
DEL-0002410,MAN-000260,MI-0003087,FPS-0265,VEH-0015,205,203,2026-03-06,0,203,VERIFIED,OFF-00063
DEL-0002411,MAN-000260,MI-0003088,FPS-0390,VEH-0015,216,214,2026-03-09,214,0,VERIFIED,OFF-00042
DEL-0002412,MAN-000260,MI-0003089,FPS-0390,VEH-0015,195,195,2026-03-08,0,195,VERIFIED,OFF-00042
DEL-0002413,MAN-000260,MI-0003090,FPS-0315,VEH-0015,212,207,2026-03-09,207,0,VARIANCE,OFF-00054
DEL-0002414,MAN-000260,MI-0003091,FPS-0315,VEH-0015,189,187,2026-03-07,0,187,VERIFIED,OFF-00056
DEL-0002415,MAN-000260,MI-0003092,FPS-0415,VEH-0015,210,212,2026-03-07,212,0,VERIFIED,OFF-00020
DEL-0002416,MAN-000260,MI-0003093,FPS-0415,VEH-0015,173,171,2026-03-06,0,171,VERIFIED,OFF-00061
DEL-0002417,MAN-000260,MI-0003094,FPS-0165,VEH-0015,178,177,2026-03-07,177,0,VERIFIED,OFF-00024
DEL-0002418,MAN-000260,MI-0003095,FPS-0165,VEH-0015,198,199,2026-03-07,0,199,VERIFIED,OFF-00019
DEL-0002419,MAN-000260,MI-0003096,FPS-0190,VEH-0015,186,187,2026-03-06,187,0,VERIFIED,OFF-00049
DEL-0002420,MAN-000260,MI-0003097,FPS-0190,VEH-0015,189,187,2026-03-07,0,187,VERIFIED,OFF-00023
DEL-0002421,MAN-000261,MI-0003098,FPS-0566,VEH-0066,180,178,2026-03-09,178,0,VERIFIED,OFF-00036
DEL-0002422,MAN-000261,MI-0003099,FPS-0566,VEH-0066,178,179,2026-03-07,0,179,VERIFIED,OFF-00036
DEL-0002423,MAN-000261,MI-0003100,FPS-0266,VEH-0066,185,185,2026-03-08,185,0,VERIFIED,OFF-00012
DEL-0002424,MAN-000261,MI-0003101,FPS-0266,VEH-0066,194,191,2026-03-07,0,191,VARIANCE,OFF-00026
DEL-0002425,MAN-000261,MI-0003102,FPS-0041,VEH-0066,192,189,2026-03-08,189,0,VARIANCE,OFF-00016
DEL-0002426,MAN-000261,MI-0003103,FPS-0041,VEH-0066,194,194,2026-03-10,0,194,VERIFIED,OFF-00037
DEL-0002427,MAN-000261,MI-0003104,FPS-0366,VEH-0066,202,202,2026-03-09,202,0,VERIFIED,OFF-00023
DEL-0002428,MAN-000261,MI-0003105,FPS-0366,VEH-0066,202,203,2026-03-07,0,203,VERIFIED,OFF-00009
DEL-0002429,MAN-000261,MI-0003106,FPS-0191,VEH-0066,176,174,2026-03-09,174,0,VERIFIED,OFF-00058
DEL-0002430,MAN-000261,MI-0003107,FPS-0191,VEH-0066,179,180,2026-03-07,0,180,VERIFIED,OFF-00059
DEL-0002431,MAN-000261,MI-0003108,FPS-0466,VEH-0066,173,172,2026-03-09,172,0,VERIFIED,OFF-00009
DEL-0002432,MAN-000261,MI-0003109,FPS-0466,VEH-0066,209,206,2026-03-09,0,206,VERIFIED,OFF-00023
DEL-0002433,MAN-000262,MI-0003110,FPS-0416,VEH-0116,191,192,2026-03-08,192,0,VERIFIED,OFF-00027
DEL-0002434,MAN-000262,MI-0003111,FPS-0416,VEH-0116,186,185,2026-03-08,0,185,VERIFIED,OFF-00038
DEL-0002435,MAN-000262,MI-0003112,FPS-0316,VEH-0116,201,198,2026-03-09,198,0,VERIFIED,OFF-00041
DEL-0002436,MAN-000262,MI-0003113,FPS-0316,VEH-0116,193,192,2026-03-07,0,192,VERIFIED,OFF-00035
DEL-0002437,MAN-000262,MI-0003114,FPS-0391,VEH-0116,239,241,2026-03-08,241,0,VERIFIED,OFF-00028
DEL-0002438,MAN-000262,MI-0003115,FPS-0391,VEH-0116,196,195,2026-03-10,0,195,VERIFIED,OFF-00059
DEL-0002439,MAN-000262,MI-0003116,FPS-0516,VEH-0116,204,203,2026-03-10,203,0,VERIFIED,OFF-00018
DEL-0002440,MAN-000262,MI-0003117,FPS-0516,VEH-0116,180,180,2026-03-10,0,180,VERIFIED,OFF-00064
DEL-0002441,MAN-000262,MI-0003118,FPS-0016,VEH-0116,204,202,2026-03-10,202,0,VERIFIED,OFF-00045
DEL-0002442,MAN-000262,MI-0003119,FPS-0016,VEH-0116,193,194,2026-03-09,0,194,VERIFIED,OFF-00045
DEL-0002443,MAN-000262,MI-0003120,FPS-0341,VEH-0116,204,202,2026-03-10,202,0,VERIFIED,OFF-00047
DEL-0002444,MAN-000262,MI-0003121,FPS-0341,VEH-0116,189,189,2026-03-07,0,189,VERIFIED,OFF-00026
DEL-0002445,MAN-000263,MI-0003122,FPS-0166,VEH-0141,197,193,2026-03-09,193,0,VARIANCE,OFF-00058
DEL-0002446,MAN-000263,MI-0003123,FPS-0166,VEH-0141,190,186,2026-03-07,0,186,VARIANCE,OFF-00020
DEL-0002447,MAN-000263,MI-0003124,FPS-0066,VEH-0141,218,217,2026-03-08,217,0,VERIFIED,OFF-00039
DEL-0002448,MAN-000263,MI-0003125,FPS-0066,VEH-0141,176,172,2026-03-06,0,172,VARIANCE,OFF-00056
DEL-0002449,MAN-000263,MI-0003126,FPS-0491,VEH-0141,222,218,2026-03-06,218,0,VARIANCE,OFF-00029
DEL-0002450,MAN-000263,MI-0003127,FPS-0491,VEH-0141,195,192,2026-03-06,0,192,VARIANCE,OFF-00049
DEL-0002451,MAN-000263,MI-0003128,FPS-0441,VEH-0141,286,287,2026-03-09,287,0,VERIFIED,OFF-00060
DEL-0002452,MAN-000263,MI-0003129,FPS-0441,VEH-0141,186,185,2026-03-08,0,185,VERIFIED,OFF-00045
DEL-0002453,MAN-000263,MI-0003130,FPS-0241,VEH-0141,215,213,2026-03-09,213,0,VERIFIED,OFF-00019
DEL-0002454,MAN-000263,MI-0003131,FPS-0241,VEH-0141,184,181,2026-03-06,0,181,VARIANCE,OFF-00017
DEL-0002455,MAN-000263,MI-0003132,FPS-0091,VEH-0141,203,201,2026-03-09,201,0,VERIFIED,OFF-00012
DEL-0002456,MAN-000263,MI-0003133,FPS-0091,VEH-0141,196,195,2026-03-09,0,195,VERIFIED,OFF-00035
DEL-0002457,MAN-000264,MI-0003134,FPS-0541,VEH-0116,196,197,2026-03-08,197,0,VERIFIED,OFF-00031
DEL-0002458,MAN-000264,MI-0003135,FPS-0541,VEH-0116,189,185,2026-03-07,0,185,VARIANCE,OFF-00023
DEL-0002459,MAN-000264,MI-0003136,FPS-0291,VEH-0116,244,241,2026-03-07,241,0,VERIFIED,OFF-00031
DEL-0002460,MAN-000264,MI-0003137,FPS-0291,VEH-0116,201,197,2026-03-07,0,197,VARIANCE,OFF-00065
DEL-0002461,MAN-000264,MI-0003138,FPS-0216,VEH-0116,165,164,2026-03-06,164,0,VERIFIED,OFF-00031
DEL-0002462,MAN-000264,MI-0003139,FPS-0216,VEH-0116,194,193,2026-03-07,0,193,VERIFIED,OFF-00063
DEL-0002463,MAN-000264,MI-0003140,FPS-0591,VEH-0116,183,182,2026-03-09,182,0,VERIFIED,OFF-00046
DEL-0002464,MAN-000264,MI-0003141,FPS-0591,VEH-0116,183,183,2026-03-08,0,183,VERIFIED,OFF-00053
DEL-0002465,MAN-000264,MI-0003142,FPS-0116,VEH-0116,195,193,2026-03-08,193,0,VERIFIED,OFF-00026
DEL-0002466,MAN-000264,MI-0003143,FPS-0116,VEH-0116,193,193,2026-03-09,0,193,VERIFIED,OFF-00025
DEL-0002467,MAN-000264,MI-0003144,FPS-0141,VEH-0116,183,184,2026-03-07,184,0,VERIFIED,OFF-00013
DEL-0002468,MAN-000264,MI-0003145,FPS-0141,VEH-0116,193,191,2026-03-08,0,191,VERIFIED,OFF-00065
DEL-0002469,MAN-000265,MI-0003146,FPS-0167,VEH-0017,220,218,2026-03-07,218,0,VERIFIED,OFF-00054
DEL-0002470,MAN-000265,MI-0003147,FPS-0167,VEH-0017,189,190,2026-03-09,0,190,VERIFIED,OFF-00043
DEL-0002471,MAN-000265,MI-0003148,FPS-0342,VEH-0017,197,196,2026-03-06,196,0,VERIFIED,OFF-00019
DEL-0002472,MAN-000265,MI-0003149,FPS-0342,VEH-0017,194,194,2026-03-08,0,194,VERIFIED,OFF-00056
DEL-0002473,MAN-000265,MI-0003150,FPS-0442,VEH-0017,194,196,2026-03-06,196,0,VERIFIED,OFF-00031
DEL-0002474,MAN-000265,MI-0003151,FPS-0442,VEH-0017,187,186,2026-03-07,0,186,VERIFIED,OFF-00036
DEL-0002475,MAN-000265,MI-0003152,FPS-0467,VEH-0017,187,187,2026-03-08,187,0,VERIFIED,OFF-00061
DEL-0002476,MAN-000265,MI-0003153,FPS-0467,VEH-0017,199,195,2026-03-07,0,195,VARIANCE,OFF-00056
DEL-0002477,MAN-000265,MI-0003154,FPS-0067,VEH-0017,184,182,2026-03-06,182,0,VERIFIED,OFF-00020
DEL-0002478,MAN-000265,MI-0003155,FPS-0067,VEH-0017,184,184,2026-03-09,0,184,VERIFIED,OFF-00009
DEL-0002479,MAN-000265,MI-0003156,FPS-0217,VEH-0017,194,191,2026-03-08,191,0,VARIANCE,OFF-00066
DEL-0002480,MAN-000265,MI-0003157,FPS-0217,VEH-0017,208,207,2026-03-08,0,207,VERIFIED,OFF-00013
DEL-0002481,MAN-000266,MI-0003160,FPS-0292,VEH-0092,285,287,2026-03-06,287,0,VERIFIED,OFF-00057
DEL-0002482,MAN-000266,MI-0003161,FPS-0292,VEH-0092,182,179,2026-03-06,0,179,VARIANCE,OFF-00062
DEL-0002483,MAN-000266,MI-0003165,FPS-0267,VEH-0092,192,189,2026-03-07,0,189,VARIANCE,OFF-00056
DEL-0002484,MAN-000266,MI-0003169,FPS-0142,VEH-0092,196,192,2026-03-08,0,192,VARIANCE,OFF-00041
DEL-0002485,MAN-000267,MI-0003170,FPS-0117,VEH-0017,194,194,2026-03-09,194,0,VERIFIED,OFF-00042
DEL-0002486,MAN-000267,MI-0003171,FPS-0117,VEH-0017,210,210,2026-03-09,0,210,VERIFIED,OFF-00008
DEL-0002487,MAN-000267,MI-0003172,FPS-0042,VEH-0017,177,177,2026-03-06,177,0,VERIFIED,OFF-00008
DEL-0002488,MAN-000267,MI-0003173,FPS-0042,VEH-0017,210,207,2026-03-07,0,207,VERIFIED,OFF-00023
DEL-0002489,MAN-000267,MI-0003174,FPS-0417,VEH-0017,173,171,2026-03-07,171,0,VERIFIED,OFF-00040
DEL-0002490,MAN-000267,MI-0003175,FPS-0417,VEH-0017,183,181,2026-03-09,0,181,VERIFIED,OFF-00009
DEL-0002491,MAN-000267,MI-0003176,FPS-0192,VEH-0017,203,205,2026-03-08,205,0,VERIFIED,OFF-00054
DEL-0002492,MAN-000267,MI-0003177,FPS-0192,VEH-0017,177,174,2026-03-06,0,174,VARIANCE,OFF-00045
DEL-0002493,MAN-000267,MI-0003178,FPS-0242,VEH-0017,181,181,2026-03-08,181,0,VERIFIED,OFF-00057
DEL-0002494,MAN-000267,MI-0003179,FPS-0242,VEH-0017,149,150,2026-03-08,0,150,VERIFIED,OFF-00049
DEL-0002495,MAN-000267,MI-0003180,FPS-0567,VEH-0017,188,189,2026-03-06,189,0,VERIFIED,OFF-00022
DEL-0002496,MAN-000267,MI-0003181,FPS-0567,VEH-0017,203,202,2026-03-07,0,202,VERIFIED,OFF-00031
DEL-0002497,MAN-000268,MI-0003184,FPS-0492,VEH-0092,274,274,2026-03-09,274,0,VERIFIED,OFF-00010
DEL-0002498,MAN-000268,MI-0003191,FPS-0592,VEH-0092,209,208,2026-03-06,0,208,VERIFIED,OFF-00041
DEL-0002499,MAN-000269,MI-0003194,FPS-0218,VEH-0143,184,183,2026-03-07,183,0,VERIFIED,OFF-00042
DEL-0002500,MAN-000269,MI-0003195,FPS-0218,VEH-0143,208,210,2026-03-07,0,210,VERIFIED,OFF-00048
DEL-0002501,MAN-000269,MI-0003196,FPS-0343,VEH-0143,169,169,2026-03-09,169,0,VERIFIED,OFF-00033
DEL-0002502,MAN-000269,MI-0003197,FPS-0343,VEH-0143,187,187,2026-03-08,0,187,VERIFIED,OFF-00034
DEL-0002503,MAN-000269,MI-0003198,FPS-0443,VEH-0143,170,168,2026-03-07,168,0,VERIFIED,OFF-00037
DEL-0002504,MAN-000269,MI-0003199,FPS-0443,VEH-0143,189,189,2026-03-10,0,189,VERIFIED,OFF-00042
DEL-0002505,MAN-000269,MI-0003200,FPS-0368,VEH-0143,207,206,2026-03-08,206,0,VERIFIED,OFF-00046
DEL-0002506,MAN-000269,MI-0003201,FPS-0368,VEH-0143,189,189,2026-03-09,0,189,VERIFIED,OFF-00041
DEL-0002507,MAN-000269,MI-0003202,FPS-0068,VEH-0143,191,191,2026-03-09,191,0,VERIFIED,OFF-00044
DEL-0002508,MAN-000269,MI-0003203,FPS-0068,VEH-0143,179,179,2026-03-07,0,179,VERIFIED,OFF-00028
DEL-0002509,MAN-000269,MI-0003204,FPS-0568,VEH-0143,279,278,2026-03-10,278,0,VERIFIED,OFF-00010
DEL-0002510,MAN-000269,MI-0003205,FPS-0568,VEH-0143,182,181,2026-03-08,0,181,VERIFIED,OFF-00028
DEL-0002511,MAN-000270,MI-0003206,FPS-0418,VEH-0068,250,251,2026-03-09,251,0,VERIFIED,OFF-00028
DEL-0002512,MAN-000270,MI-0003207,FPS-0418,VEH-0068,201,197,2026-03-08,0,197,VARIANCE,OFF-00023
DEL-0002513,MAN-000270,MI-0003208,FPS-0593,VEH-0068,308,302,2026-03-08,302,0,VARIANCE,OFF-00023
DEL-0002514,MAN-000270,MI-0003209,FPS-0593,VEH-0068,234,231,2026-03-07,0,231,VERIFIED,OFF-00055
DEL-0002515,MAN-000270,MI-0003210,FPS-0168,VEH-0068,187,187,2026-03-06,187,0,VERIFIED,OFF-00044
DEL-0002516,MAN-000270,MI-0003211,FPS-0168,VEH-0068,194,196,2026-03-07,0,196,VERIFIED,OFF-00045
DEL-0002517,MAN-000270,MI-0003212,FPS-0243,VEH-0068,233,232,2026-03-06,232,0,VERIFIED,OFF-00055
DEL-0002518,MAN-000270,MI-0003213,FPS-0243,VEH-0068,198,196,2026-03-08,0,196,VERIFIED,OFF-00066
DEL-0002519,MAN-000270,MI-0003214,FPS-0543,VEH-0068,205,201,2026-03-06,201,0,VARIANCE,OFF-00012
DEL-0002520,MAN-000270,MI-0003215,FPS-0543,VEH-0068,211,210,2026-03-07,0,210,VERIFIED,OFF-00038
DEL-0002521,MAN-000270,MI-0003216,FPS-0193,VEH-0068,225,223,2026-03-07,223,0,VERIFIED,OFF-00055
DEL-0002522,MAN-000270,MI-0003217,FPS-0193,VEH-0068,194,191,2026-03-09,0,191,VARIANCE,OFF-00026
DEL-0002523,MAN-000271,MI-0003219,FPS-0118,VEH-0068,210,200,2026-03-07,0,200,REJECTED,OFF-00057
DEL-0002524,MAN-000271,MI-0003221,FPS-0468,VEH-0068,204,192,2026-03-07,0,192,REJECTED,OFF-00037
DEL-0002525,MAN-000271,MI-0003226,FPS-0268,VEH-0068,198,207,2026-03-08,207,0,REJECTED,OFF-00014
DEL-0002526,MAN-000271,MI-0003228,FPS-0043,VEH-0068,198,190,2026-03-09,190,0,REJECTED,OFF-00047
DEL-0002527,MAN-000272,MI-0003232,FPS-0093,VEH-0118,262,259,2026-03-07,259,0,VERIFIED,OFF-00047
DEL-0002528,MAN-000272,MI-0003234,FPS-0518,VEH-0118,204,203,2026-03-09,203,0,VERIFIED,OFF-00057
DEL-0002529,MAN-000272,MI-0003237,FPS-0018,VEH-0118,212,212,2026-03-09,0,212,VERIFIED,OFF-00041
DEL-0002530,MAN-000272,MI-0003238,FPS-0293,VEH-0118,216,218,2026-03-06,218,0,VERIFIED,OFF-00060
DEL-0002531,MAN-000272,MI-0003239,FPS-0293,VEH-0118,194,193,2026-03-09,0,193,VERIFIED,OFF-00014
DEL-0002532,MAN-000273,MI-0003242,FPS-0094,VEH-0144,270,264,2026-03-08,264,0,VARIANCE,OFF-00029
DEL-0002533,MAN-000273,MI-0003243,FPS-0094,VEH-0144,179,176,2026-03-06,0,176,VARIANCE,OFF-00028
DEL-0002534,MAN-000273,MI-0003244,FPS-0044,VEH-0144,196,196,2026-03-08,196,0,VERIFIED,OFF-00030
DEL-0002535,MAN-000273,MI-0003245,FPS-0044,VEH-0144,186,187,2026-03-08,0,187,VERIFIED,OFF-00027
DEL-0002536,MAN-000273,MI-0003246,FPS-0544,VEH-0144,195,193,2026-03-06,193,0,VERIFIED,OFF-00050
DEL-0002537,MAN-000273,MI-0003247,FPS-0544,VEH-0144,194,190,2026-03-08,0,190,VARIANCE,OFF-00035
DEL-0002538,MAN-000273,MI-0003248,FPS-0194,VEH-0144,195,194,2026-03-09,194,0,VERIFIED,OFF-00012
DEL-0002539,MAN-000273,MI-0003249,FPS-0194,VEH-0144,195,193,2026-03-08,0,193,VERIFIED,OFF-00040
DEL-0002540,MAN-000273,MI-0003250,FPS-0294,VEH-0144,195,193,2026-03-09,193,0,VERIFIED,OFF-00064
DEL-0002541,MAN-000273,MI-0003251,FPS-0294,VEH-0144,196,197,2026-03-09,0,197,VERIFIED,OFF-00042
DEL-0002542,MAN-000273,MI-0003252,FPS-0069,VEH-0144,205,206,2026-03-09,206,0,VERIFIED,OFF-00027
DEL-0002543,MAN-000273,MI-0003253,FPS-0069,VEH-0144,192,190,2026-03-09,0,190,VERIFIED,OFF-00020
DEL-0002544,MAN-000274,MI-0003254,FPS-0569,VEH-0144,215,214,2026-03-07,214,0,VERIFIED,OFF-00033
DEL-0002545,MAN-000274,MI-0003255,FPS-0569,VEH-0144,185,184,2026-03-09,0,184,VERIFIED,OFF-00015
DEL-0002546,MAN-000274,MI-0003256,FPS-0119,VEH-0144,212,214,2026-03-08,214,0,VERIFIED,OFF-00023
DEL-0002547,MAN-000274,MI-0003257,FPS-0119,VEH-0144,198,195,2026-03-10,0,195,VARIANCE,OFF-00052
DEL-0002548,MAN-000274,MI-0003258,FPS-0344,VEH-0144,198,194,2026-03-10,194,0,VARIANCE,OFF-00048
DEL-0002549,MAN-000274,MI-0003259,FPS-0344,VEH-0144,200,196,2026-03-08,0,196,VARIANCE,OFF-00057
DEL-0002550,MAN-000274,MI-0003260,FPS-0219,VEH-0144,234,234,2026-03-07,234,0,VERIFIED,OFF-00017
DEL-0002551,MAN-000274,MI-0003261,FPS-0219,VEH-0144,203,200,2026-03-10,0,200,VERIFIED,OFF-00029
DEL-0002552,MAN-000274,MI-0003262,FPS-0469,VEH-0144,198,198,2026-03-08,198,0,VERIFIED,OFF-00007
DEL-0002553,MAN-000274,MI-0003263,FPS-0469,VEH-0144,185,183,2026-03-09,0,183,VERIFIED,OFF-00026
DEL-0002554,MAN-000274,MI-0003264,FPS-0019,VEH-0144,219,217,2026-03-07,217,0,VERIFIED,OFF-00026
DEL-0002555,MAN-000274,MI-0003265,FPS-0019,VEH-0144,208,207,2026-03-10,0,207,VERIFIED,OFF-00045
DEL-0002556,MAN-000275,MI-0003266,FPS-0519,VEH-0094,177,173,2026-03-07,173,0,VARIANCE,OFF-00057
DEL-0002557,MAN-000275,MI-0003267,FPS-0519,VEH-0094,200,198,2026-03-09,0,198,VERIFIED,OFF-00010
DEL-0002558,MAN-000275,MI-0003268,FPS-0244,VEH-0094,188,188,2026-03-08,188,0,VERIFIED,OFF-00014
DEL-0002559,MAN-000275,MI-0003269,FPS-0244,VEH-0094,179,179,2026-03-06,0,179,VERIFIED,OFF-00033
DEL-0002560,MAN-000275,MI-0003270,FPS-0319,VEH-0094,213,215,2026-03-08,215,0,VERIFIED,OFF-00024
DEL-0002561,MAN-000275,MI-0003271,FPS-0319,VEH-0094,184,182,2026-03-09,0,182,VERIFIED,OFF-00010
DEL-0002562,MAN-000275,MI-0003272,FPS-0169,VEH-0094,169,165,2026-03-08,165,0,VARIANCE,OFF-00065
DEL-0002563,MAN-000275,MI-0003273,FPS-0169,VEH-0094,206,203,2026-03-09,0,203,VERIFIED,OFF-00014
DEL-0002564,MAN-000275,MI-0003274,FPS-0394,VEH-0094,228,229,2026-03-06,229,0,VERIFIED,OFF-00014
DEL-0002565,MAN-000275,MI-0003275,FPS-0394,VEH-0094,220,221,2026-03-06,0,221,VERIFIED,OFF-00021
DEL-0002566,MAN-000275,MI-0003276,FPS-0144,VEH-0094,243,245,2026-03-06,245,0,VERIFIED,OFF-00021
DEL-0002567,MAN-000275,MI-0003277,FPS-0144,VEH-0094,216,211,2026-03-06,0,211,VARIANCE,OFF-00029
DEL-0002568,MAN-000276,MI-0003278,FPS-0594,VEH-0019,194,195,2026-03-06,195,0,VERIFIED,OFF-00027
DEL-0002569,MAN-000276,MI-0003279,FPS-0594,VEH-0019,206,203,2026-03-07,0,203,VERIFIED,OFF-00039
DEL-0002570,MAN-000276,MI-0003280,FPS-0369,VEH-0019,188,187,2026-03-06,187,0,VERIFIED,OFF-00063
DEL-0002571,MAN-000276,MI-0003281,FPS-0369,VEH-0019,194,194,2026-03-08,0,194,VERIFIED,OFF-00027
DEL-0002572,MAN-000276,MI-0003282,FPS-0269,VEH-0019,215,211,2026-03-08,211,0,VARIANCE,OFF-00061
DEL-0002573,MAN-000276,MI-0003283,FPS-0269,VEH-0019,178,179,2026-03-06,0,179,VERIFIED,OFF-00041
DEL-0002574,MAN-000276,MI-0003284,FPS-0419,VEH-0019,237,233,2026-03-08,233,0,VARIANCE,OFF-00051
DEL-0002575,MAN-000276,MI-0003285,FPS-0419,VEH-0019,195,197,2026-03-09,0,197,VERIFIED,OFF-00028
DEL-0002576,MAN-000276,MI-0003286,FPS-0444,VEH-0019,177,174,2026-03-08,174,0,VARIANCE,OFF-00028
DEL-0002577,MAN-000276,MI-0003287,FPS-0444,VEH-0019,193,192,2026-03-08,0,192,VERIFIED,OFF-00053
DEL-0002578,MAN-000276,MI-0003288,FPS-0494,VEH-0019,206,203,2026-03-09,203,0,VERIFIED,OFF-00032
DEL-0002579,MAN-000276,MI-0003289,FPS-0494,VEH-0019,198,196,2026-03-06,0,196,VERIFIED,OFF-00018
DEL-0002580,MAN-000277,MI-0003290,FPS-0320,VEH-0020,178,176,2026-03-07,176,0,VERIFIED,OFF-00019
DEL-0002581,MAN-000277,MI-0003291,FPS-0320,VEH-0020,192,191,2026-03-07,0,191,VERIFIED,OFF-00043
DEL-0002582,MAN-000277,MI-0003292,FPS-0345,VEH-0020,190,189,2026-03-08,189,0,VERIFIED,OFF-00065
DEL-0002583,MAN-000277,MI-0003293,FPS-0345,VEH-0020,180,179,2026-03-06,0,179,VERIFIED,OFF-00063
DEL-0002584,MAN-000277,MI-0003294,FPS-0570,VEH-0020,199,195,2026-03-06,195,0,VARIANCE,OFF-00020
DEL-0002585,MAN-000277,MI-0003295,FPS-0570,VEH-0020,208,204,2026-03-07,0,204,VARIANCE,OFF-00034
DEL-0002586,MAN-000277,MI-0003296,FPS-0370,VEH-0020,210,207,2026-03-08,207,0,VERIFIED,OFF-00036
DEL-0002587,MAN-000277,MI-0003297,FPS-0370,VEH-0020,186,182,2026-03-07,0,182,VARIANCE,OFF-00012
DEL-0002588,MAN-000277,MI-0003298,FPS-0070,VEH-0020,171,167,2026-03-06,167,0,VARIANCE,OFF-00052
DEL-0002589,MAN-000277,MI-0003299,FPS-0070,VEH-0020,202,201,2026-03-08,0,201,VERIFIED,OFF-00064
DEL-0002590,MAN-000277,MI-0003300,FPS-0245,VEH-0020,187,189,2026-03-09,189,0,VERIFIED,OFF-00035
DEL-0002591,MAN-000277,MI-0003301,FPS-0245,VEH-0020,201,197,2026-03-09,0,197,VARIANCE,OFF-00050
DEL-0002592,MAN-000278,MI-0003305,FPS-0495,VEH-0145,182,183,2026-03-07,0,183,VERIFIED,OFF-00059
DEL-0002593,MAN-000278,MI-0003306,FPS-0270,VEH-0145,200,202,2026-03-06,202,0,VERIFIED,OFF-00021
DEL-0002594,MAN-000278,MI-0003310,FPS-0420,VEH-0145,238,238,2026-03-08,238,0,VERIFIED,OFF-00033
DEL-0002595,MAN-000278,MI-0003311,FPS-0420,VEH-0145,205,202,2026-03-06,0,202,VERIFIED,OFF-00040
DEL-0002596,MAN-000278,MI-0003312,FPS-0170,VEH-0145,182,178,2026-03-07,178,0,VARIANCE,OFF-00032
DEL-0002597,MAN-000279,MI-0003314,FPS-0470,VEH-0145,306,309,2026-03-06,309,0,VERIFIED,OFF-00045
DEL-0002598,MAN-000279,MI-0003315,FPS-0470,VEH-0145,204,204,2026-03-06,0,204,VERIFIED,OFF-00017
DEL-0002599,MAN-000279,MI-0003316,FPS-0120,VEH-0145,206,203,2026-03-07,203,0,VERIFIED,OFF-00028
DEL-0002600,MAN-000279,MI-0003317,FPS-0120,VEH-0145,198,194,2026-03-09,0,194,VARIANCE,OFF-00058
DEL-0002601,MAN-000279,MI-0003318,FPS-0220,VEH-0145,278,274,2026-03-08,274,0,VERIFIED,OFF-00028
DEL-0002602,MAN-000279,MI-0003319,FPS-0220,VEH-0145,172,171,2026-03-09,0,171,VERIFIED,OFF-00056
DEL-0002603,MAN-000279,MI-0003320,FPS-0520,VEH-0145,189,186,2026-03-07,186,0,VARIANCE,OFF-00036
DEL-0002604,MAN-000279,MI-0003321,FPS-0520,VEH-0145,181,180,2026-03-08,0,180,VERIFIED,OFF-00021
DEL-0002605,MAN-000279,MI-0003322,FPS-0195,VEH-0145,196,196,2026-03-06,196,0,VERIFIED,OFF-00051
DEL-0002606,MAN-000279,MI-0003323,FPS-0195,VEH-0145,213,215,2026-03-08,0,215,VERIFIED,OFF-00026
DEL-0002607,MAN-000279,MI-0003324,FPS-0020,VEH-0145,202,201,2026-03-06,201,0,VERIFIED,OFF-00048
DEL-0002608,MAN-000279,MI-0003325,FPS-0020,VEH-0145,194,193,2026-03-09,0,193,VERIFIED,OFF-00013
DEL-0002609,MAN-000280,MI-0003326,FPS-0095,VEH-0095,245,243,2026-03-06,243,0,VERIFIED,OFF-00033
DEL-0002610,MAN-000280,MI-0003327,FPS-0095,VEH-0095,203,204,2026-03-07,0,204,VERIFIED,OFF-00037
DEL-0002611,MAN-000280,MI-0003328,FPS-0545,VEH-0095,215,216,2026-03-08,216,0,VERIFIED,OFF-00050
DEL-0002612,MAN-000280,MI-0003329,FPS-0545,VEH-0095,182,178,2026-03-07,0,178,VARIANCE,OFF-00039
DEL-0002613,MAN-000280,MI-0003330,FPS-0445,VEH-0095,208,207,2026-03-09,207,0,VERIFIED,OFF-00059
DEL-0002614,MAN-000280,MI-0003331,FPS-0445,VEH-0095,197,195,2026-03-07,0,195,VERIFIED,OFF-00020
DEL-0002615,MAN-000280,MI-0003332,FPS-0045,VEH-0095,228,230,2026-03-06,230,0,VERIFIED,OFF-00066
DEL-0002616,MAN-000280,MI-0003333,FPS-0045,VEH-0095,194,190,2026-03-06,0,190,VARIANCE,OFF-00035
DEL-0002617,MAN-000280,MI-0003334,FPS-0595,VEH-0095,172,169,2026-03-09,169,0,VARIANCE,OFF-00041
DEL-0002618,MAN-000280,MI-0003335,FPS-0595,VEH-0095,185,184,2026-03-08,0,184,VERIFIED,OFF-00034
DEL-0002619,MAN-000280,MI-0003336,FPS-0145,VEH-0095,162,162,2026-03-08,162,0,VERIFIED,OFF-00027
DEL-0002620,MAN-000280,MI-0003337,FPS-0145,VEH-0095,186,186,2026-03-06,0,186,VERIFIED,OFF-00038
DEL-0002621,MAN-000281,MI-0003338,FPS-0146,VEH-0146,200,200,2026-03-09,200,0,VERIFIED,OFF-00056
DEL-0002622,MAN-000281,MI-0003339,FPS-0146,VEH-0146,204,201,2026-03-10,0,201,VERIFIED,OFF-00053
DEL-0002623,MAN-000281,MI-0003340,FPS-0596,VEH-0146,176,176,2026-03-09,176,0,VERIFIED,OFF-00011
DEL-0002624,MAN-000281,MI-0003341,FPS-0596,VEH-0146,184,184,2026-03-07,0,184,VERIFIED,OFF-00029
DEL-0002625,MAN-000281,MI-0003342,FPS-0521,VEH-0146,240,237,2026-03-08,237,0,VERIFIED,OFF-00039
DEL-0002626,MAN-000281,MI-0003343,FPS-0521,VEH-0146,190,187,2026-03-09,0,187,VARIANCE,OFF-00029
DEL-0002627,MAN-000281,MI-0003344,FPS-0296,VEH-0146,197,196,2026-03-09,196,0,VERIFIED,OFF-00011
DEL-0002628,MAN-000281,MI-0003345,FPS-0296,VEH-0146,200,200,2026-03-09,0,200,VERIFIED,OFF-00031
DEL-0002629,MAN-000281,MI-0003346,FPS-0071,VEH-0146,180,182,2026-03-07,182,0,VERIFIED,OFF-00018
DEL-0002630,MAN-000281,MI-0003347,FPS-0071,VEH-0146,196,196,2026-03-09,0,196,VERIFIED,OFF-00037
DEL-0002631,MAN-000281,MI-0003348,FPS-0046,VEH-0146,183,179,2026-03-07,179,0,VARIANCE,OFF-00042
DEL-0002632,MAN-000281,MI-0003349,FPS-0046,VEH-0146,181,181,2026-03-09,0,181,VERIFIED,OFF-00061
DEL-0002633,MAN-000282,MI-0003350,FPS-0171,VEH-0146,182,180,2026-03-07,180,0,VERIFIED,OFF-00011
DEL-0002634,MAN-000282,MI-0003351,FPS-0171,VEH-0146,196,197,2026-03-07,0,197,VERIFIED,OFF-00027
DEL-0002635,MAN-000282,MI-0003352,FPS-0371,VEH-0146,179,179,2026-03-07,179,0,VERIFIED,OFF-00048
DEL-0002636,MAN-000282,MI-0003353,FPS-0371,VEH-0146,193,190,2026-03-08,0,190,VARIANCE,OFF-00051
DEL-0002637,MAN-000282,MI-0003354,FPS-0221,VEH-0146,220,217,2026-03-08,217,0,VERIFIED,OFF-00019
DEL-0002638,MAN-000282,MI-0003355,FPS-0221,VEH-0146,172,170,2026-03-06,0,170,VERIFIED,OFF-00008
DEL-0002639,MAN-000282,MI-0003356,FPS-0121,VEH-0146,201,199,2026-03-06,199,0,VERIFIED,OFF-00037
DEL-0002640,MAN-000282,MI-0003357,FPS-0121,VEH-0146,216,212,2026-03-08,0,212,VARIANCE,OFF-00029
DEL-0002641,MAN-000282,MI-0003358,FPS-0096,VEH-0146,198,194,2026-03-07,194,0,VARIANCE,OFF-00052
DEL-0002642,MAN-000282,MI-0003359,FPS-0096,VEH-0146,200,202,2026-03-06,0,202,VERIFIED,OFF-00046
DEL-0002643,MAN-000282,MI-0003360,FPS-0471,VEH-0146,186,183,2026-03-09,183,0,VARIANCE,OFF-00045
DEL-0002644,MAN-000282,MI-0003361,FPS-0471,VEH-0146,156,155,2026-03-06,0,155,VERIFIED,OFF-00062
DEL-0002645,MAN-000283,MI-0003362,FPS-0421,VEH-0071,248,250,2026-03-10,250,0,VERIFIED,OFF-00061
DEL-0002646,MAN-000283,MI-0003363,FPS-0421,VEH-0071,175,173,2026-03-10,0,173,VERIFIED,OFF-00035
DEL-0002647,MAN-000283,MI-0003364,FPS-0446,VEH-0071,188,187,2026-03-08,187,0,VERIFIED,OFF-00055
DEL-0002648,MAN-000283,MI-0003365,FPS-0446,VEH-0071,185,183,2026-03-08,0,183,VERIFIED,OFF-00040
DEL-0002649,MAN-000283,MI-0003366,FPS-0396,VEH-0071,189,187,2026-03-07,187,0,VERIFIED,OFF-00027
DEL-0002650,MAN-000283,MI-0003367,FPS-0396,VEH-0071,198,199,2026-03-10,0,199,VERIFIED,OFF-00036
DEL-0002651,MAN-000283,MI-0003368,FPS-0546,VEH-0071,266,263,2026-03-09,263,0,VERIFIED,OFF-00034
DEL-0002652,MAN-000283,MI-0003369,FPS-0546,VEH-0071,192,189,2026-03-08,0,189,VARIANCE,OFF-00042
DEL-0002653,MAN-000283,MI-0003370,FPS-0321,VEH-0071,258,256,2026-03-10,256,0,VERIFIED,OFF-00046
DEL-0002654,MAN-000283,MI-0003371,FPS-0321,VEH-0071,205,202,2026-03-10,0,202,VERIFIED,OFF-00020
DEL-0002655,MAN-000283,MI-0003372,FPS-0346,VEH-0071,194,193,2026-03-10,193,0,VERIFIED,OFF-00043
DEL-0002656,MAN-000283,MI-0003373,FPS-0346,VEH-0071,189,186,2026-03-07,0,186,VARIANCE,OFF-00009
DEL-0002657,MAN-000284,MI-0003374,FPS-0271,VEH-0096,189,186,2026-03-09,186,0,VARIANCE,OFF-00030
DEL-0002658,MAN-000284,MI-0003375,FPS-0271,VEH-0096,199,200,2026-03-09,0,200,VERIFIED,OFF-00021
DEL-0002659,MAN-000284,MI-0003376,FPS-0571,VEH-0096,201,198,2026-03-07,198,0,VERIFIED,OFF-00059
DEL-0002660,MAN-000284,MI-0003377,FPS-0571,VEH-0096,194,195,2026-03-07,0,195,VERIFIED,OFF-00015
DEL-0002661,MAN-000284,MI-0003378,FPS-0496,VEH-0096,180,180,2026-03-07,180,0,VERIFIED,OFF-00047
DEL-0002662,MAN-000284,MI-0003379,FPS-0496,VEH-0096,206,202,2026-03-07,0,202,VARIANCE,OFF-00021
DEL-0002663,MAN-000284,MI-0003380,FPS-0021,VEH-0096,291,289,2026-03-07,289,0,VERIFIED,OFF-00061
DEL-0002664,MAN-000284,MI-0003381,FPS-0021,VEH-0096,210,212,2026-03-09,0,212,VERIFIED,OFF-00012
DEL-0002665,MAN-000284,MI-0003382,FPS-0246,VEH-0096,320,322,2026-03-10,322,0,VERIFIED,OFF-00054
DEL-0002666,MAN-000284,MI-0003383,FPS-0246,VEH-0096,215,214,2026-03-07,0,214,VERIFIED,OFF-00054
DEL-0002667,MAN-000284,MI-0003384,FPS-0196,VEH-0096,242,239,2026-03-10,239,0,VERIFIED,OFF-00039
DEL-0002668,MAN-000284,MI-0003385,FPS-0196,VEH-0096,166,162,2026-03-08,0,162,VARIANCE,OFF-00062
DEL-0002669,MAN-000285,MI-0003386,FPS-0522,VEH-0022,238,237,2026-03-09,237,0,VERIFIED,OFF-00048
DEL-0002670,MAN-000285,MI-0003387,FPS-0522,VEH-0022,213,212,2026-03-06,0,212,VERIFIED,OFF-00016
DEL-0002671,MAN-000285,MI-0003388,FPS-0097,VEH-0022,267,267,2026-03-07,267,0,VERIFIED,OFF-00060
DEL-0002672,MAN-000285,MI-0003389,FPS-0097,VEH-0022,187,187,2026-03-08,0,187,VERIFIED,OFF-00018
DEL-0002673,MAN-000285,MI-0003390,FPS-0072,VEH-0022,237,233,2026-03-07,233,0,VARIANCE,OFF-00046
DEL-0002674,MAN-000285,MI-0003391,FPS-0072,VEH-0022,211,206,2026-03-06,0,206,VARIANCE,OFF-00018
DEL-0002675,MAN-000285,MI-0003392,FPS-0597,VEH-0022,438,439,2026-03-06,439,0,VERIFIED,OFF-00014
DEL-0002676,MAN-000285,MI-0003393,FPS-0597,VEH-0022,290,289,2026-03-09,0,289,VERIFIED,OFF-00058
DEL-0002677,MAN-000285,MI-0003394,FPS-0297,VEH-0022,206,206,2026-03-09,206,0,VERIFIED,OFF-00050
DEL-0002678,MAN-000285,MI-0003395,FPS-0297,VEH-0022,196,193,2026-03-07,0,193,VARIANCE,OFF-00030
DEL-0002679,MAN-000285,MI-0003396,FPS-0172,VEH-0022,239,235,2026-03-08,235,0,VARIANCE,OFF-00061
DEL-0002680,MAN-000285,MI-0003397,FPS-0172,VEH-0022,191,190,2026-03-07,0,190,VERIFIED,OFF-00045
DEL-0002681,MAN-000286,MI-0003399,FPS-0472,VEH-0097,179,170,2026-03-07,0,170,REJECTED,OFF-00047
DEL-0002682,MAN-000286,MI-0003400,FPS-0322,VEH-0097,228,217,2026-03-09,217,0,REJECTED,OFF-00052
DEL-0002683,MAN-000286,MI-0003401,FPS-0322,VEH-0097,198,193,2026-03-07,0,193,VARIANCE,OFF-00064
DEL-0002684,MAN-000286,MI-0003406,FPS-0422,VEH-0097,208,211,2026-03-09,211,0,VERIFIED,OFF-00033
DEL-0002685,MAN-000287,MI-0003410,FPS-0347,VEH-0097,275,275,2026-03-07,275,0,VERIFIED,OFF-00012
DEL-0002686,MAN-000287,MI-0003411,FPS-0347,VEH-0097,210,207,2026-03-09,0,207,VERIFIED,OFF-00027
DEL-0002687,MAN-000287,MI-0003412,FPS-0272,VEH-0097,231,231,2026-03-06,231,0,VERIFIED,OFF-00045
DEL-0002688,MAN-000287,MI-0003413,FPS-0272,VEH-0097,193,192,2026-03-09,0,192,VERIFIED,OFF-00029
DEL-0002689,MAN-000287,MI-0003414,FPS-0222,VEH-0097,228,224,2026-03-09,224,0,VARIANCE,OFF-00047
DEL-0002690,MAN-000287,MI-0003415,FPS-0222,VEH-0097,191,192,2026-03-06,0,192,VERIFIED,OFF-00066
DEL-0002691,MAN-000287,MI-0003416,FPS-0022,VEH-0097,198,198,2026-03-06,198,0,VERIFIED,OFF-00048
DEL-0002692,MAN-000287,MI-0003417,FPS-0022,VEH-0097,178,179,2026-03-09,0,179,VERIFIED,OFF-00042
DEL-0002693,MAN-000287,MI-0003418,FPS-0122,VEH-0097,178,178,2026-03-08,178,0,VERIFIED,OFF-00015
DEL-0002694,MAN-000287,MI-0003419,FPS-0122,VEH-0097,203,204,2026-03-09,0,204,VERIFIED,OFF-00029
DEL-0002695,MAN-000287,MI-0003420,FPS-0247,VEH-0097,185,183,2026-03-07,183,0,VERIFIED,OFF-00031
DEL-0002696,MAN-000287,MI-0003421,FPS-0247,VEH-0097,193,190,2026-03-07,0,190,VARIANCE,OFF-00057
DEL-0002697,MAN-000288,MI-0003422,FPS-0497,VEH-0047,202,198,2026-03-07,198,0,VARIANCE,OFF-00014
DEL-0002698,MAN-000288,MI-0003426,FPS-0397,VEH-0047,190,187,2026-03-07,187,0,VARIANCE,OFF-00031
DEL-0002699,MAN-000288,MI-0003428,FPS-0572,VEH-0047,252,248,2026-03-08,248,0,VARIANCE,OFF-00037
DEL-0002700,MAN-000289,MI-0003434,FPS-0198,VEH-0123,198,199,2026-03-07,199,0,VERIFIED,OFF-00034
DEL-0002701,MAN-000289,MI-0003435,FPS-0198,VEH-0123,193,192,2026-03-07,0,192,VERIFIED,OFF-00032
DEL-0002702,MAN-000289,MI-0003436,FPS-0323,VEH-0123,175,171,2026-03-09,171,0,VARIANCE,OFF-00034
DEL-0002703,MAN-000289,MI-0003437,FPS-0323,VEH-0123,206,202,2026-03-09,0,202,VARIANCE,OFF-00057
DEL-0002704,MAN-000289,MI-0003438,FPS-0398,VEH-0123,204,204,2026-03-08,204,0,VERIFIED,OFF-00064
DEL-0002705,MAN-000289,MI-0003439,FPS-0398,VEH-0123,199,200,2026-03-08,0,200,VERIFIED,OFF-00008
DEL-0002706,MAN-000289,MI-0003440,FPS-0173,VEH-0123,168,165,2026-03-07,165,0,VARIANCE,OFF-00019
DEL-0002707,MAN-000289,MI-0003441,FPS-0173,VEH-0123,212,209,2026-03-09,0,209,VERIFIED,OFF-00037
DEL-0002708,MAN-000289,MI-0003442,FPS-0448,VEH-0123,188,187,2026-03-09,187,0,VERIFIED,OFF-00030
DEL-0002709,MAN-000289,MI-0003443,FPS-0448,VEH-0123,187,187,2026-03-07,0,187,VERIFIED,OFF-00056
DEL-0002710,MAN-000289,MI-0003444,FPS-0523,VEH-0123,205,202,2026-03-08,202,0,VERIFIED,OFF-00017
DEL-0002711,MAN-000289,MI-0003445,FPS-0523,VEH-0123,195,194,2026-03-09,0,194,VERIFIED,OFF-00059
DEL-0002712,MAN-000290,MI-0003446,FPS-0598,VEH-0048,225,222,2026-03-07,222,0,VERIFIED,OFF-00012
DEL-0002713,MAN-000290,MI-0003447,FPS-0598,VEH-0048,195,191,2026-03-09,0,191,VARIANCE,OFF-00025
DEL-0002714,MAN-000290,MI-0003448,FPS-0073,VEH-0048,223,220,2026-03-07,220,0,VERIFIED,OFF-00013
DEL-0002715,MAN-000290,MI-0003449,FPS-0073,VEH-0048,198,199,2026-03-07,0,199,VERIFIED,OFF-00012
DEL-0002716,MAN-000290,MI-0003450,FPS-0123,VEH-0048,202,199,2026-03-09,199,0,VERIFIED,OFF-00015
DEL-0002717,MAN-000290,MI-0003451,FPS-0123,VEH-0048,199,198,2026-03-09,0,198,VERIFIED,OFF-00057
DEL-0002718,MAN-000290,MI-0003452,FPS-0023,VEH-0048,202,199,2026-03-09,199,0,VERIFIED,OFF-00023
DEL-0002719,MAN-000290,MI-0003453,FPS-0023,VEH-0048,172,169,2026-03-06,0,169,VARIANCE,OFF-00030
DEL-0002720,MAN-000290,MI-0003454,FPS-0423,VEH-0048,190,188,2026-03-09,188,0,VERIFIED,OFF-00045
DEL-0002721,MAN-000290,MI-0003455,FPS-0423,VEH-0048,197,194,2026-03-09,0,194,VARIANCE,OFF-00051
DEL-0002722,MAN-000290,MI-0003456,FPS-0148,VEH-0048,299,298,2026-03-08,298,0,VERIFIED,OFF-00042
DEL-0002723,MAN-000290,MI-0003457,FPS-0148,VEH-0048,210,208,2026-03-06,0,208,VERIFIED,OFF-00049
DEL-0002724,MAN-000291,MI-0003462,FPS-0348,VEH-0073,224,219,2026-03-07,219,0,VARIANCE,OFF-00032
DEL-0002725,MAN-000291,MI-0003467,FPS-0098,VEH-0073,203,204,2026-03-08,0,204,VERIFIED,OFF-00046
DEL-0002726,MAN-000292,MI-0003470,FPS-0548,VEH-0048,207,208,2026-03-08,208,0,VERIFIED,OFF-00015
DEL-0002727,MAN-000292,MI-0003471,FPS-0548,VEH-0048,211,210,2026-03-09,0,210,VERIFIED,OFF-00048
DEL-0002728,MAN-000292,MI-0003472,FPS-0373,VEH-0048,184,181,2026-03-07,181,0,VARIANCE,OFF-00048
DEL-0002729,MAN-000292,MI-0003473,FPS-0373,VEH-0048,197,193,2026-03-10,0,193,VARIANCE,OFF-00034
DEL-0002730,MAN-000292,MI-0003474,FPS-0473,VEH-0048,214,213,2026-03-07,213,0,VERIFIED,OFF-00066
DEL-0002731,MAN-000292,MI-0003475,FPS-0473,VEH-0048,197,195,2026-03-10,0,195,VERIFIED,OFF-00028
DEL-0002732,MAN-000292,MI-0003476,FPS-0298,VEH-0048,189,188,2026-03-07,188,0,VERIFIED,OFF-00065
DEL-0002733,MAN-000292,MI-0003477,FPS-0298,VEH-0048,202,204,2026-03-08,0,204,VERIFIED,OFF-00018
DEL-0002734,MAN-000292,MI-0003478,FPS-0273,VEH-0048,271,273,2026-03-07,273,0,VERIFIED,OFF-00061
DEL-0002735,MAN-000292,MI-0003479,FPS-0273,VEH-0048,171,172,2026-03-10,0,172,VERIFIED,OFF-00015
DEL-0002736,MAN-000292,MI-0003480,FPS-0248,VEH-0048,344,347,2026-03-10,347,0,VERIFIED,OFF-00010
DEL-0002737,MAN-000292,MI-0003481,FPS-0248,VEH-0048,208,208,2026-03-08,0,208,VERIFIED,OFF-00030
DEL-0002738,MAN-000293,MI-0003482,FPS-0449,VEH-0049,195,191,2026-03-07,191,0,VARIANCE,OFF-00039
DEL-0002739,MAN-000293,MI-0003483,FPS-0449,VEH-0049,193,190,2026-03-09,0,190,VARIANCE,OFF-00047
DEL-0002740,MAN-000293,MI-0003484,FPS-0349,VEH-0049,188,189,2026-03-07,189,0,VERIFIED,OFF-00011
DEL-0002741,MAN-000293,MI-0003485,FPS-0349,VEH-0049,203,203,2026-03-08,0,203,VERIFIED,OFF-00036
DEL-0002742,MAN-000293,MI-0003486,FPS-0374,VEH-0049,182,181,2026-03-08,181,0,VERIFIED,OFF-00015
DEL-0002743,MAN-000293,MI-0003487,FPS-0374,VEH-0049,182,183,2026-03-06,0,183,VERIFIED,OFF-00011
DEL-0002744,MAN-000293,MI-0003488,FPS-0499,VEH-0049,253,249,2026-03-09,249,0,VARIANCE,OFF-00054
DEL-0002745,MAN-000293,MI-0003489,FPS-0499,VEH-0049,201,200,2026-03-08,0,200,VERIFIED,OFF-00041
DEL-0002746,MAN-000293,MI-0003490,FPS-0324,VEH-0049,209,205,2026-03-07,205,0,VARIANCE,OFF-00021
DEL-0002747,MAN-000293,MI-0003491,FPS-0324,VEH-0049,194,196,2026-03-08,0,196,VERIFIED,OFF-00050
DEL-0002748,MAN-000293,MI-0003492,FPS-0274,VEH-0049,191,192,2026-03-07,192,0,VERIFIED,OFF-00049
DEL-0002749,MAN-000293,MI-0003493,FPS-0274,VEH-0049,171,169,2026-03-07,0,169,VERIFIED,OFF-00027
DEL-0002750,MAN-000294,MI-0003494,FPS-0224,VEH-0074,181,182,2026-03-06,182,0,VERIFIED,OFF-00025
DEL-0002751,MAN-000294,MI-0003495,FPS-0224,VEH-0074,173,170,2026-03-08,0,170,VARIANCE,OFF-00033
DEL-0002752,MAN-000294,MI-0003496,FPS-0124,VEH-0074,307,303,2026-03-06,303,0,VERIFIED,OFF-00032
DEL-0002753,MAN-000294,MI-0003497,FPS-0124,VEH-0074,206,204,2026-03-07,0,204,VERIFIED,OFF-00055
DEL-0002754,MAN-000294,MI-0003498,FPS-0299,VEH-0074,199,196,2026-03-09,196,0,VARIANCE,OFF-00024
DEL-0002755,MAN-000294,MI-0003499,FPS-0299,VEH-0074,185,184,2026-03-08,0,184,VERIFIED,OFF-00012
DEL-0002756,MAN-000294,MI-0003500,FPS-0574,VEH-0074,208,206,2026-03-06,206,0,VERIFIED,OFF-00028
DEL-0002757,MAN-000294,MI-0003501,FPS-0574,VEH-0074,192,192,2026-03-08,0,192,VERIFIED,OFF-00027
DEL-0002758,MAN-000294,MI-0003502,FPS-0074,VEH-0074,179,178,2026-03-07,178,0,VERIFIED,OFF-00039
DEL-0002759,MAN-000294,MI-0003503,FPS-0074,VEH-0074,194,192,2026-03-07,0,192,VERIFIED,OFF-00061
DEL-0002760,MAN-000294,MI-0003504,FPS-0199,VEH-0074,204,205,2026-03-06,205,0,VERIFIED,OFF-00012
DEL-0002761,MAN-000294,MI-0003505,FPS-0199,VEH-0074,188,189,2026-03-09,0,189,VERIFIED,OFF-00040
DEL-0002762,MAN-000295,MI-0003506,FPS-0549,VEH-0024,241,239,2026-03-07,239,0,VERIFIED,OFF-00053
DEL-0002763,MAN-000295,MI-0003507,FPS-0549,VEH-0024,191,188,2026-03-09,0,188,VARIANCE,OFF-00014
DEL-0002764,MAN-000295,MI-0003508,FPS-0399,VEH-0024,199,195,2026-03-07,195,0,VARIANCE,OFF-00056
DEL-0002765,MAN-000295,MI-0003509,FPS-0399,VEH-0024,174,171,2026-03-10,0,171,VARIANCE,OFF-00038
DEL-0002766,MAN-000295,MI-0003510,FPS-0149,VEH-0024,288,290,2026-03-08,290,0,VERIFIED,OFF-00038
DEL-0002767,MAN-000295,MI-0003511,FPS-0149,VEH-0024,202,199,2026-03-08,0,199,VERIFIED,OFF-00047
DEL-0002768,MAN-000295,MI-0003512,FPS-0249,VEH-0024,271,270,2026-03-10,270,0,VERIFIED,OFF-00010
DEL-0002769,MAN-000295,MI-0003513,FPS-0249,VEH-0024,212,214,2026-03-09,0,214,VERIFIED,OFF-00010
DEL-0002770,MAN-000295,MI-0003514,FPS-0599,VEH-0024,207,207,2026-03-10,207,0,VERIFIED,OFF-00031
DEL-0002771,MAN-000295,MI-0003515,FPS-0599,VEH-0024,200,198,2026-03-08,0,198,VERIFIED,OFF-00041
DEL-0002772,MAN-000295,MI-0003516,FPS-0049,VEH-0024,218,217,2026-03-09,217,0,VERIFIED,OFF-00050
DEL-0002773,MAN-000295,MI-0003517,FPS-0049,VEH-0024,208,204,2026-03-09,0,204,VARIANCE,OFF-00043
DEL-0002774,MAN-000296,MI-0003523,FPS-0474,VEH-0049,184,182,2026-03-09,0,182,VERIFIED,OFF-00022
DEL-0002775,MAN-000296,MI-0003525,FPS-0424,VEH-0049,178,177,2026-03-07,0,177,VERIFIED,OFF-00033
DEL-0002776,MAN-000296,MI-0003529,FPS-0024,VEH-0049,201,202,2026-03-06,0,202,VERIFIED,OFF-00017
DEL-0002777,MAN-000297,MI-0003530,FPS-0125,VEH-0100,205,205,2026-03-08,205,0,VERIFIED,OFF-00038
DEL-0002778,MAN-000297,MI-0003531,FPS-0125,VEH-0100,193,193,2026-03-09,0,193,VERIFIED,OFF-00054
DEL-0002779,MAN-000297,MI-0003532,FPS-0575,VEH-0100,251,252,2026-03-07,252,0,VERIFIED,OFF-00051
DEL-0002780,MAN-000297,MI-0003533,FPS-0575,VEH-0100,217,216,2026-03-07,0,216,VERIFIED,OFF-00066
DEL-0002781,MAN-000297,MI-0003534,FPS-0275,VEH-0100,192,191,2026-03-08,191,0,VERIFIED,OFF-00062
DEL-0002782,MAN-000297,MI-0003535,FPS-0275,VEH-0100,198,198,2026-03-08,0,198,VERIFIED,OFF-00057
DEL-0002783,MAN-000297,MI-0003536,FPS-0375,VEH-0100,201,199,2026-03-08,199,0,VERIFIED,OFF-00014
DEL-0002784,MAN-000297,MI-0003537,FPS-0375,VEH-0100,177,177,2026-03-09,0,177,VERIFIED,OFF-00065
DEL-0002785,MAN-000297,MI-0003538,FPS-0100,VEH-0100,176,175,2026-03-07,175,0,VERIFIED,OFF-00028
DEL-0002786,MAN-000297,MI-0003539,FPS-0100,VEH-0100,177,174,2026-03-07,0,174,VARIANCE,OFF-00050
DEL-0002787,MAN-000297,MI-0003540,FPS-0025,VEH-0100,294,293,2026-03-09,293,0,VERIFIED,OFF-00054
DEL-0002788,MAN-000297,MI-0003541,FPS-0025,VEH-0100,181,179,2026-03-09,0,179,VERIFIED,OFF-00024
DEL-0002789,MAN-000298,MI-0003542,FPS-0400,VEH-0100,241,239,2026-03-09,239,0,VERIFIED,OFF-00051
DEL-0002790,MAN-000298,MI-0003543,FPS-0400,VEH-0100,186,185,2026-03-10,0,185,VERIFIED,OFF-00057
DEL-0002791,MAN-000298,MI-0003544,FPS-0225,VEH-0100,195,193,2026-03-10,193,0,VERIFIED,OFF-00054
DEL-0002792,MAN-000298,MI-0003545,FPS-0225,VEH-0100,171,172,2026-03-09,0,172,VERIFIED,OFF-00032
DEL-0002793,MAN-000298,MI-0003546,FPS-0600,VEH-0100,195,196,2026-03-07,196,0,VERIFIED,OFF-00038
DEL-0002794,MAN-000298,MI-0003547,FPS-0600,VEH-0100,180,177,2026-03-07,0,177,VARIANCE,OFF-00041
DEL-0002795,MAN-000298,MI-0003548,FPS-0425,VEH-0100,182,182,2026-03-10,182,0,VERIFIED,OFF-00053
DEL-0002796,MAN-000298,MI-0003549,FPS-0425,VEH-0100,186,186,2026-03-08,0,186,VERIFIED,OFF-00029
DEL-0002797,MAN-000298,MI-0003550,FPS-0200,VEH-0100,202,202,2026-03-10,202,0,VERIFIED,OFF-00009
DEL-0002798,MAN-000298,MI-0003551,FPS-0200,VEH-0100,195,196,2026-03-10,0,196,VERIFIED,OFF-00056
DEL-0002799,MAN-000298,MI-0003552,FPS-0325,VEH-0100,234,231,2026-03-10,231,0,VERIFIED,OFF-00022
DEL-0002800,MAN-000298,MI-0003553,FPS-0325,VEH-0100,177,175,2026-03-09,0,175,VERIFIED,OFF-00024
DEL-0002801,MAN-000299,MI-0003554,FPS-0175,VEH-0100,223,218,2026-03-07,218,0,VARIANCE,OFF-00034
DEL-0002802,MAN-000299,MI-0003555,FPS-0175,VEH-0100,208,208,2026-03-09,0,208,VERIFIED,OFF-00042
DEL-0002803,MAN-000299,MI-0003556,FPS-0350,VEH-0100,225,226,2026-03-09,226,0,VERIFIED,OFF-00039
DEL-0002804,MAN-000299,MI-0003557,FPS-0350,VEH-0100,193,190,2026-03-07,0,190,VARIANCE,OFF-00064
DEL-0002805,MAN-000299,MI-0003558,FPS-0500,VEH-0100,198,194,2026-03-10,194,0,VARIANCE,OFF-00048
DEL-0002806,MAN-000299,MI-0003559,FPS-0500,VEH-0100,196,198,2026-03-10,0,198,VERIFIED,OFF-00016
DEL-0002807,MAN-000299,MI-0003560,FPS-0475,VEH-0100,207,208,2026-03-07,208,0,VERIFIED,OFF-00040
DEL-0002808,MAN-000299,MI-0003561,FPS-0475,VEH-0100,176,175,2026-03-09,0,175,VERIFIED,OFF-00049
DEL-0002809,MAN-000299,MI-0003562,FPS-0150,VEH-0100,193,191,2026-03-10,191,0,VERIFIED,OFF-00044
DEL-0002810,MAN-000299,MI-0003563,FPS-0150,VEH-0100,170,170,2026-03-09,0,170,VERIFIED,OFF-00043
DEL-0002811,MAN-000299,MI-0003564,FPS-0075,VEH-0100,238,237,2026-03-08,237,0,VERIFIED,OFF-00052
DEL-0002812,MAN-000299,MI-0003565,FPS-0075,VEH-0100,190,192,2026-03-08,0,192,VERIFIED,OFF-00027
DEL-0002813,MAN-000300,MI-0003566,FPS-0050,VEH-0125,295,290,2026-03-06,290,0,VARIANCE,OFF-00066
DEL-0002814,MAN-000300,MI-0003567,FPS-0050,VEH-0125,196,197,2026-03-07,0,197,VERIFIED,OFF-00041
DEL-0002815,MAN-000300,MI-0003568,FPS-0250,VEH-0125,193,189,2026-03-06,189,0,VARIANCE,OFF-00050
DEL-0002816,MAN-000300,MI-0003569,FPS-0250,VEH-0125,165,163,2026-03-07,0,163,VERIFIED,OFF-00017
DEL-0002817,MAN-000300,MI-0003570,FPS-0300,VEH-0125,219,220,2026-03-06,220,0,VERIFIED,OFF-00023
DEL-0002818,MAN-000300,MI-0003571,FPS-0300,VEH-0125,187,186,2026-03-09,0,186,VERIFIED,OFF-00046
DEL-0002819,MAN-000300,MI-0003572,FPS-0550,VEH-0125,198,195,2026-03-06,195,0,VARIANCE,OFF-00017
DEL-0002820,MAN-000300,MI-0003573,FPS-0550,VEH-0125,167,165,2026-03-08,0,165,VERIFIED,OFF-00019
DEL-0002821,MAN-000300,MI-0003574,FPS-0525,VEH-0125,196,198,2026-03-06,198,0,VERIFIED,OFF-00048
DEL-0002822,MAN-000300,MI-0003575,FPS-0525,VEH-0125,190,192,2026-03-07,0,192,VERIFIED,OFF-00020
DEL-0002823,MAN-000300,MI-0003576,FPS-0450,VEH-0125,202,203,2026-03-09,203,0,VERIFIED,OFF-00039
DEL-0002824,MAN-000300,MI-0003577,FPS-0450,VEH-0125,190,188,2026-03-06,0,188,VERIFIED,OFF-00049
