manifest_item_id,manifest_id,fps_id,commodity,planned_kg,sequence_number,allocation_id
MI-0000001,MAN-000001,FPS-0401,RICE,216,1,ALLOC-0000801
MI-0000002,MAN-000001,FPS-0401,WHEAT,160,1,ALLOC-0000802
MI-0000003,MAN-000001,FPS-0576,RICE,155,2,ALLOC-0001151
MI-0000004,MAN-000001,FPS-0576,WHEAT,136,2,ALLOC-0001152
MI-0000005,MAN-000001,FPS-0026,RICE,142,3,ALLOC-0000051
MI-0000006,MAN-000001,FPS-0026,WHEAT,130,3,ALLOC-0000052
MI-0000007,MAN-000001,FPS-0476,RICE,151,4,ALLOC-0000951
MI-0000008,MAN-000001,FPS-0476,WHEAT,129,4,ALLOC-0000952
MI-0000009,MAN-000001,FPS-0501,RICE,151,5,ALLOC-0001001
MI-0000010,MAN-000001,FPS-0501,WHEAT,135,5,ALLOC-0001002
MI-0000011,MAN-000001,FPS-0376,RICE,142,6,ALLOC-0000751
MI-0000012,MAN-000001,FPS-0376,WHEAT,129,6,ALLOC-0000752
MI-0000013,MAN-000002,FPS-0526,RICE,150,1,ALLOC-0001051
MI-0000014,MAN-000002,FPS-0526,WHEAT,134,1,ALLOC-0001052
MI-0000015,MAN-000002,FPS-0251,RICE,158,2,ALLOC-0000501
MI-0000016,MAN-000002,FPS-0251,WHEAT,136,2,ALLOC-0000502
MI-0000017,MAN-000002,FPS-0301,RICE,177,3,ALLOC-0000601
MI-0000018,MAN-000002,FPS-0301,WHEAT,149,3,ALLOC-0000602
MI-0000019,MAN-000002,FPS-0226,RICE,150,4,ALLOC-0000451
MI-0000020,MAN-000002,FPS-0226,WHEAT,127,4,ALLOC-0000452
MI-0000021,MAN-000002,FPS-0551,RICE,140,5,ALLOC-0001101
MI-0000022,MAN-000002,FPS-0551,WHEAT,122,5,ALLOC-0001102
MI-0000023,MAN-000002,FPS-0051,RICE,185,6,ALLOC-0000101
MI-0000024,MAN-000002,FPS-0051,WHEAT,136,6,ALLOC-0000102
MI-0000025,MAN-000003,FPS-0126,RICE,132,1,ALLOC-0000251
MI-0000026,MAN-000003,FPS-0126,WHEAT,128,1,ALLOC-0000252
MI-0000027,MAN-000003,FPS-0201,RICE,129,2,ALLOC-0000401
MI-0000028,MAN-000003,FPS-0201,WHEAT,120,2,ALLOC-0000402
MI-0000029,MAN-000003,FPS-0426,RICE,210,3,ALLOC-0000851
MI-0000030,MAN-000003,FPS-0426,WHEAT,148,3,ALLOC-0000852
MI-0000031,MAN-000003,FPS-0151,RICE,190,4,ALLOC-0000301
MI-0000032,MAN-000003,FPS-0151,WHEAT,147,4,ALLOC-0000302
MI-0000033,MAN-000003,FPS-0101,RICE,203,5,ALLOC-0000201
MI-0000034,MAN-000003,FPS-0101,WHEAT,165,5,ALLOC-0000202
MI-0000035,MAN-000003,FPS-0276,RICE,165,6,ALLOC-0000551
MI-0000036,MAN-000003,FPS-0276,WHEAT,132,6,ALLOC-0000552
MI-0000037,MAN-000004,FPS-0351,RICE,111,1,ALLOC-0000701
MI-0000038,MAN-000004,FPS-0351,WHEAT,116,1,ALLOC-0000702
MI-0000039,MAN-000004,FPS-0076,RICE,233,2,ALLOC-0000151
MI-0000040,MAN-000004,FPS-0076,WHEAT,144,2,ALLOC-0000152
MI-0000041,MAN-000004,FPS-0176,RICE,180,3,ALLOC-0000351
MI-0000042,MAN-000004,FPS-0176,WHEAT,141,3,ALLOC-0000352
MI-0000043,MAN-000004,FPS-0001,RICE,234,4,ALLOC-0000001
MI-0000044,MAN-000004,FPS-0001,WHEAT,171,4,ALLOC-0000002
MI-0000045,MAN-000004,FPS-0326,RICE,158,5,ALLOC-0000651
MI-0000046,MAN-000004,FPS-0326,WHEAT,129,5,ALLOC-0000652
MI-0000047,MAN-000004,FPS-0451,RICE,195,6,ALLOC-0000901
MI-0000048,MAN-000004,FPS-0451,WHEAT,137,6,ALLOC-0000902
MI-0000049,MAN-000005,FPS-0052,RICE,206,1,ALLOC-0000103
MI-0000050,MAN-000005,FPS-0052,WHEAT,143,1,ALLOC-0000104
MI-0000051,MAN-000005,FPS-0527,RICE,180,2,ALLOC-0001053
MI-0000052,MAN-000005,FPS-0527,WHEAT,150,2,ALLOC-0001054
MI-0000053,MAN-000005,FPS-0202,RICE,134,3,ALLOC-0000403
MI-0000054,MAN-000005,FPS-0202,WHEAT,118,3,ALLOC-0000404
MI-0000055,MAN-000005,FPS-0502,RICE,191,4,ALLOC-0001003
MI-0000056,MAN-000005,FPS-0502,WHEAT,150,4,ALLOC-0001004
MI-0000057,MAN-000005,FPS-0177,RICE,150,5,ALLOC-0000353
MI-0000058,MAN-000005,FPS-0177,WHEAT,118,5,ALLOC-0000354
MI-0000059,MAN-000005,FPS-0327,RICE,184,6,ALLOC-0000653
MI-0000060,MAN-000005,FPS-0327,WHEAT,140,6,ALLOC-0000654
MI-0000061,MAN-000006,FPS-0427,RICE,154,1,ALLOC-0000853
MI-0000062,MAN-000006,FPS-0427,WHEAT,118,1,ALLOC-0000854
MI-0000063,MAN-000006,FPS-0577,RICE,148,2,ALLOC-0001153
MI-0000064,MAN-000006,FPS-0577,WHEAT,137,2,ALLOC-0001154
MI-0000065,MAN-000006,FPS-0152,RICE,182,3,ALLOC-0000303
MI-0000066,MAN-000006,FPS-0152,WHEAT,141,3,ALLOC-0000304
MI-0000067,MAN-000006,FPS-0227,RICE,127,4,ALLOC-0000453
MI-0000068,MAN-000006,FPS-0227,WHEAT,122,4,ALLOC-0000454
MI-0000069,MAN-000006,FPS-0477,RICE,179,5,ALLOC-0000953
MI-0000070,MAN-000006,FPS-0477,WHEAT,139,5,ALLOC-0000954
MI-0000071,MAN-000006,FPS-0252,RICE,179,6,ALLOC-0000503
MI-0000072,MAN-000006,FPS-0252,WHEAT,146,6,ALLOC-0000504
MI-0000073,MAN-000007,FPS-0402,RICE,118,1,ALLOC-0000803
MI-0000074,MAN-000007,FPS-0402,WHEAT,107,1,ALLOC-0000804
MI-0000075,MAN-000007,FPS-0002,RICE,126,2,ALLOC-0000003
MI-0000076,MAN-000007,FPS-0002,WHEAT,125,2,ALLOC-0000004
MI-0000077,MAN-000007,FPS-0377,RICE,172,3,ALLOC-0000753
MI-0000078,MAN-000007,FPS-0377,WHEAT,143,3,ALLOC-0000754
MI-0000079,MAN-000007,FPS-0352,RICE,187,4,ALLOC-0000703
MI-0000080,MAN-000007,FPS-0352,WHEAT,145,4,ALLOC-0000704
MI-0000081,MAN-000007,FPS-0027,RICE,142,5,ALLOC-0000053
MI-0000082,MAN-000007,FPS-0027,WHEAT,116,5,ALLOC-0000054
MI-0000083,MAN-000007,FPS-0127,RICE,123,6,ALLOC-0000253
MI-0000084,MAN-000007,FPS-0127,WHEAT,103,6,ALLOC-0000254
MI-0000085,MAN-000008,FPS-0102,RICE,163,1,ALLOC-0000203
MI-0000086,MAN-000008,FPS-0102,WHEAT,140,1,ALLOC-0000204
MI-0000087,MAN-000008,FPS-0277,RICE,145,2,ALLOC-0000553
MI-0000088,MAN-000008,FPS-0277,WHEAT,134,2,ALLOC-0000554
MI-0000089,MAN-000008,FPS-0552,RICE,133,3,ALLOC-0001103
MI-0000090,MAN-000008,FPS-0552,WHEAT,118,3,ALLOC-0001104
MI-0000091,MAN-000008,FPS-0077,RICE,154,4,ALLOC-0000153
MI-0000092,MAN-000008,FPS-0077,WHEAT,113,4,ALLOC-0000154
MI-0000093,MAN-000008,FPS-0302,RICE,164,5,ALLOC-0000603
MI-0000094,MAN-000008,FPS-0302,WHEAT,142,5,ALLOC-0000604
MI-0000095,MAN-000008,FPS-0452,RICE,177,6,ALLOC-0000903
MI-0000096,MAN-000008,FPS-0452,WHEAT,146,6,ALLOC-0000904
MI-0000097,MAN-000009,FPS-0403,RICE,151,1,ALLOC-0000805
MI-0000098,MAN-000009,FPS-0403,WHEAT,141,1,ALLOC-0000806
MI-0000099,MAN-000009,FPS-0478,RICE,147,2,ALLOC-0000955
MI-0000100,MAN-000009,FPS-0478,WHEAT,139,2,ALLOC-0000956
MI-0000101,MAN-000009,FPS-0003,RICE,255,3,ALLOC-0000005
MI-0000102,MAN-000009,FPS-0003,WHEAT,181,3,ALLOC-0000006
MI-0000103,MAN-000009,FPS-0528,RICE,143,4,ALLOC-0001055
MI-0000104,MAN-000009,FPS-0528,WHEAT,134,4,ALLOC-0001056
MI-0000105,MAN-000009,FPS-0078,RICE,208,5,ALLOC-0000155
MI-0000106,MAN-000009,FPS-0078,WHEAT,148,5,ALLOC-0000156
MI-0000107,MAN-000009,FPS-0128,RICE,141,6,ALLOC-0000255
MI-0000108,MAN-000009,FPS-0128,WHEAT,140,6,ALLOC-0000256
MI-0000109,MAN-000010,FPS-0553,RICE,214,1,ALLOC-0001105
MI-0000110,MAN-000010,FPS-0553,WHEAT,156,1,ALLOC-0001106
MI-0000111,MAN-000010,FPS-0378,RICE,227,2,ALLOC-0000755
MI-0000112,MAN-000010,FPS-0378,WHEAT,164,2,ALLOC-0000756
MI-0000113,MAN-000010,FPS-0278,RICE,151,3,ALLOC-0000555
MI-0000114,MAN-000010,FPS-0278,WHEAT,134,3,ALLOC-0000556
MI-0000115,MAN-000010,FPS-0253,RICE,175,4,ALLOC-0000505
MI-0000116,MAN-000010,FPS-0253,WHEAT,125,4,ALLOC-0000506
MI-0000117,MAN-000010,FPS-0053,RICE,177,5,ALLOC-0000105
MI-0000118,MAN-000010,FPS-0053,WHEAT,147,5,ALLOC-0000106
MI-0000119,MAN-000010,FPS-0453,RICE,149,6,ALLOC-0000905
MI-0000120,MAN-000010,FPS-0453,WHEAT,128,6,ALLOC-0000906
MI-0000121,MAN-000011,FPS-0228,RICE,192,1,ALLOC-0000455
MI-0000122,MAN-000011,FPS-0228,WHEAT,148,1,ALLOC-0000456
MI-0000123,MAN-000011,FPS-0203,RICE,129,2,ALLOC-0000405
MI-0000124,MAN-000011,FPS-0203,WHEAT,111,2,ALLOC-0000406
MI-0000125,MAN-000011,FPS-0353,RICE,143,3,ALLOC-0000705
MI-0000126,MAN-000011,FPS-0353,WHEAT,125,3,ALLOC-0000706
MI-0000127,MAN-000011,FPS-0178,RICE,156,4,ALLOC-0000355
MI-0000128,MAN-000011,FPS-0178,WHEAT,136,4,ALLOC-0000356
MI-0000129,MAN-000011,FPS-0103,RICE,230,5,ALLOC-0000205
MI-0000130,MAN-000011,FPS-0103,WHEAT,174,5,ALLOC-0000206
MI-0000131,MAN-000011,FPS-0328,RICE,185,6,ALLOC-0000655
MI-0000132,MAN-000011,FPS-0328,WHEAT,154,6,ALLOC-0000656
MI-0000133,MAN-000012,FPS-0303,RICE,137,1,ALLOC-0000605
MI-0000134,MAN-000012,FPS-0303,WHEAT,124,1,ALLOC-0000606
MI-0000135,MAN-000012,FPS-0153,RICE,147,2,ALLOC-0000305
MI-0000136,MAN-000012,FPS-0153,WHEAT,128,2,ALLOC-0000306
MI-0000137,MAN-000012,FPS-0428,RICE,138,3,ALLOC-0000855
MI-0000138,MAN-000012,FPS-0428,WHEAT,119,3,ALLOC-0000856
MI-0000139,MAN-000012,FPS-0578,RICE,149,4,ALLOC-0001155
MI-0000140,MAN-000012,FPS-0578,WHEAT,134,4,ALLOC-0001156
MI-0000141,MAN-000012,FPS-0028,RICE,138,5,ALLOC-0000055
MI-0000142,MAN-000012,FPS-0028,WHEAT,121,5,ALLOC-0000056
MI-0000143,MAN-000012,FPS-0503,RICE,128,6,ALLOC-0001005
MI-0000144,MAN-000012,FPS-0503,WHEAT,104,6,ALLOC-0001006
MI-0000145,MAN-000013,FPS-0279,RICE,265,1,ALLOC-0000557
MI-0000146,MAN-000013,FPS-0279,WHEAT,184,1,ALLOC-0000558
MI-0000147,MAN-000013,FPS-0504,RICE,159,2,ALLOC-0001007
MI-0000148,MAN-000013,FPS-0504,WHEAT,123,2,ALLOC-0001008
MI-0000149,MAN-000013,FPS-0479,RICE,189,3,ALLOC-0000957
MI-0000150,MAN-000013,FPS-0479,WHEAT,148,3,ALLOC-0000958
MI-0000151,MAN-000013,FPS-0129,RICE,164,4,ALLOC-0000257
MI-0000152,MAN-000013,FPS-0129,WHEAT,136,4,ALLOC-0000258
MI-0000153,MAN-000013,FPS-0079,RICE,145,5,ALLOC-0000157
MI-0000154,MAN-000013,FPS-0079,WHEAT,132,5,ALLOC-0000158
MI-0000155,MAN-000013,FPS-0154,RICE,130,6,ALLOC-0000307
MI-0000156,MAN-000013,FPS-0154,WHEAT,124,6,ALLOC-0000308
MI-0000157,MAN-000014,FPS-0104,RICE,153,1,ALLOC-0000207
MI-0000158,MAN-000014,FPS-0104,WHEAT,130,1,ALLOC-0000208
MI-0000159,MAN-000014,FPS-0579,RICE,129,2,ALLOC-0001157
MI-0000160,MAN-000014,FPS-0579,WHEAT,133,2,ALLOC-0001158
MI-0000161,MAN-000014,FPS-0529,RICE,241,3,ALLOC-0001057
MI-0000162,MAN-000014,FPS-0529,WHEAT,171,3,ALLOC-0001058
MI-0000163,MAN-000014,FPS-0379,RICE,143,4,ALLOC-0000757
MI-0000164,MAN-000014,FPS-0379,WHEAT,121,4,ALLOC-0000758
MI-0000165,MAN-000014,FPS-0554,RICE,143,5,ALLOC-0001107
MI-0000166,MAN-000014,FPS-0554,WHEAT,128,5,ALLOC-0001108
MI-0000167,MAN-000014,FPS-0354,RICE,184,6,ALLOC-0000707
MI-0000168,MAN-000014,FPS-0354,WHEAT,142,6,ALLOC-0000708
MI-0000169,MAN-000015,FPS-0254,RICE,138,1,ALLOC-0000507
MI-0000170,MAN-000015,FPS-0254,WHEAT,123,1,ALLOC-0000508
MI-0000171,MAN-000015,FPS-0179,RICE,230,2,ALLOC-0000357
MI-0000172,MAN-000015,FPS-0179,WHEAT,170,2,ALLOC-0000358
MI-0000173,MAN-000015,FPS-0229,RICE,124,3,ALLOC-0000457
MI-0000174,MAN-000015,FPS-0229,WHEAT,120,3,ALLOC-0000458
MI-0000175,MAN-000015,FPS-0429,RICE,144,4,ALLOC-0000857
MI-0000176,MAN-000015,FPS-0429,WHEAT,123,4,ALLOC-0000858
MI-0000177,MAN-000015,FPS-0454,RICE,183,5,ALLOC-0000907
MI-0000178,MAN-000015,FPS-0454,WHEAT,147,5,ALLOC-0000908
MI-0000179,MAN-000015,FPS-0404,RICE,168,6,ALLOC-0000807
MI-0000180,MAN-000015,FPS-0404,WHEAT,130,6,ALLOC-0000808
MI-0000181,MAN-000016,FPS-0204,RICE,188,1,ALLOC-0000407
MI-0000182,MAN-000016,FPS-0204,WHEAT,155,1,ALLOC-0000408
MI-0000183,MAN-000016,FPS-0029,RICE,206,2,ALLOC-0000057
MI-0000184,MAN-000016,FPS-0029,WHEAT,137,2,ALLOC-0000058
MI-0000185,MAN-000016,FPS-0054,RICE,124,3,ALLOC-0000107
MI-0000186,MAN-000016,FPS-0054,WHEAT,117,3,ALLOC-0000108
MI-0000187,MAN-000016,FPS-0329,RICE,146,4,ALLOC-0000657
MI-0000188,MAN-000016,FPS-0329,WHEAT,115,4,ALLOC-0000658
MI-0000189,MAN-000016,FPS-0304,RICE,177,5,ALLOC-0000607
MI-0000190,MAN-000016,FPS-0304,WHEAT,142,5,ALLOC-0000608
MI-0000191,MAN-000016,FPS-0004,RICE,135,6,ALLOC-0000007
MI-0000192,MAN-000016,FPS-0004,WHEAT,113,6,ALLOC-0000008
MI-0000193,MAN-000017,FPS-0330,RICE,200,1,ALLOC-0000659
MI-0000194,MAN-000017,FPS-0330,WHEAT,153,1,ALLOC-0000660
MI-0000195,MAN-000017,FPS-0305,RICE,190,2,ALLOC-0000609
MI-0000196,MAN-000017,FPS-0305,WHEAT,153,2,ALLOC-0000610
MI-0000197,MAN-000017,FPS-0005,RICE,189,3,ALLOC-0000009
MI-0000198,MAN-000017,FPS-0005,WHEAT,151,3,ALLOC-0000010
MI-0000199,MAN-000017,FPS-0030,RICE,141,4,ALLOC-0000059
MI-0000200,MAN-000017,FPS-0030,WHEAT,117,4,ALLOC-0000060
MI-0000201,MAN-000017,FPS-0455,RICE,180,5,ALLOC-0000909
MI-0000202,MAN-000017,FPS-0455,WHEAT,143,5,ALLOC-0000910
MI-0000203,MAN-000017,FPS-0280,RICE,149,6,ALLOC-0000559
MI-0000204,MAN-000017,FPS-0280,WHEAT,117,6,ALLOC-0000560
MI-0000205,MAN-000018,FPS-0155,RICE,124,1,ALLOC-0000309
MI-0000206,MAN-000018,FPS-0155,WHEAT,107,1,ALLOC-0000310
MI-0000207,MAN-000018,FPS-0530,RICE,132,2,ALLOC-0001059
MI-0000208,MAN-000018,FPS-0530,WHEAT,100,2,ALLOC-0001060
MI-0000209,MAN-000018,FPS-0255,RICE,118,3,ALLOC-0000509
MI-0000210,MAN-000018,FPS-0255,WHEAT,100,3,ALLOC-0000510
MI-0000211,MAN-000018,FPS-0355,RICE,112,4,ALLOC-0000709
MI-0000212,MAN-000018,FPS-0355,WHEAT,96,4,ALLOC-0000710
MI-0000213,MAN-000018,FPS-0230,RICE,180,5,ALLOC-0000459
MI-0000214,MAN-000018,FPS-0230,WHEAT,117,5,ALLOC-0000460
MI-0000215,MAN-000018,FPS-0180,RICE,85,6,ALLOC-0000359
MI-0000216,MAN-000018,FPS-0180,WHEAT,82,6,ALLOC-0000360
MI-0000217,MAN-000019,FPS-0555,RICE,222,1,ALLOC-0001109
MI-0000218,MAN-000019,FPS-0555,WHEAT,156,1,ALLOC-0001110
MI-0000219,MAN-000019,FPS-0055,RICE,156,2,ALLOC-0000109
MI-0000220,MAN-000019,FPS-0055,WHEAT,126,2,ALLOC-0000110
MI-0000221,MAN-000019,FPS-0380,RICE,195,3,ALLOC-0000759
MI-0000222,MAN-000019,FPS-0380,WHEAT,148,3,ALLOC-0000760
MI-0000223,MAN-000019,FPS-0505,RICE,155,4,ALLOC-0001009
MI-0000224,MAN-000019,FPS-0505,WHEAT,134,4,ALLOC-0001010
MI-0000225,MAN-000019,FPS-0105,RICE,286,5,ALLOC-0000209
MI-0000226,MAN-000019,FPS-0105,WHEAT,202,5,ALLOC-0000210
MI-0000227,MAN-000019,FPS-0430,RICE,162,6,ALLOC-0000859
MI-0000228,MAN-000019,FPS-0430,WHEAT,131,6,ALLOC-0000860
MI-0000229,MAN-000020,FPS-0205,RICE,149,1,ALLOC-0000409
MI-0000230,MAN-000020,FPS-0205,WHEAT,121,1,ALLOC-0000410
MI-0000231,MAN-000020,FPS-0130,RICE,131,2,ALLOC-0000259
MI-0000232,MAN-000020,FPS-0130,WHEAT,114,2,ALLOC-0000260
MI-0000233,MAN-000020,FPS-0580,RICE,243,3,ALLOC-0001159
MI-0000234,MAN-000020,FPS-0580,WHEAT,166,3,ALLOC-0001160
MI-0000235,MAN-000020,FPS-0080,RICE,181,4,ALLOC-0000159
MI-0000236,MAN-000020,FPS-0080,WHEAT,147,4,ALLOC-0000160
MI-0000237,MAN-000020,FPS-0480,RICE,137,5,ALLOC-0000959
MI-0000238,MAN-000020,FPS-0480,WHEAT,131,5,ALLOC-0000960
MI-0000239,MAN-000020,FPS-0405,RICE,158,6,ALLOC-0000809
MI-0000240,MAN-000020,FPS-0405,WHEAT,130,6,ALLOC-0000810
MI-0000241,MAN-000021,FPS-0506,RICE,132,1,ALLOC-0001011
MI-0000242,MAN-000021,FPS-0506,WHEAT,116,1,ALLOC-0001012
MI-0000243,MAN-000021,FPS-0181,RICE,179,2,ALLOC-0000361
MI-0000244,MAN-000021,FPS-0181,WHEAT,151,2,ALLOC-0000362
MI-0000245,MAN-000021,FPS-0581,RICE,203,3,ALLOC-0001161
MI-0000246,MAN-000021,FPS-0581,WHEAT,161,3,ALLOC-0001162
MI-0000247,MAN-000021,FPS-0406,RICE,198,4,ALLOC-0000811
MI-0000248,MAN-000021,FPS-0406,WHEAT,146,4,ALLOC-0000812
MI-0000249,MAN-000021,FPS-0231,RICE,152,5,ALLOC-0000461
MI-0000250,MAN-000021,FPS-0231,WHEAT,131,5,ALLOC-0000462
MI-0000251,MAN-000021,FPS-0356,RICE,147,6,ALLOC-0000711
MI-0000252,MAN-000021,FPS-0356,WHEAT,130,6,ALLOC-0000712
MI-0000253,MAN-000022,FPS-0156,RICE,142,1,ALLOC-0000311
MI-0000254,MAN-000022,FPS-0156,WHEAT,123,1,ALLOC-0000312
MI-0000255,MAN-000022,FPS-0031,RICE,139,2,ALLOC-0000061
MI-0000256,MAN-000022,FPS-0031,WHEAT,122,2,ALLOC-0000062
MI-0000257,MAN-000022,FPS-0381,RICE,149,3,ALLOC-0000761
MI-0000258,MAN-000022,FPS-0381,WHEAT,128,3,ALLOC-0000762
MI-0000259,MAN-000022,FPS-0306,RICE,124,4,ALLOC-0000611
MI-0000260,MAN-000022,FPS-0306,WHEAT,111,4,ALLOC-0000612
MI-0000261,MAN-000022,FPS-0481,RICE,160,5,ALLOC-0000961
MI-0000262,MAN-000022,FPS-0481,WHEAT,133,5,ALLOC-0000962
MI-0000263,MAN-000022,FPS-0331,RICE,149,6,ALLOC-0000661
MI-0000264,MAN-000022,FPS-0331,WHEAT,127,6,ALLOC-0000662
MI-0000265,MAN-000023,FPS-0456,RICE,173,1,ALLOC-0000911
MI-0000266,MAN-000023,FPS-0456,WHEAT,127,1,ALLOC-0000912
MI-0000267,MAN-000023,FPS-0256,RICE,146,2,ALLOC-0000511
MI-0000268,MAN-000023,FPS-0256,WHEAT,124,2,ALLOC-0000512
MI-0000269,MAN-000023,FPS-0531,RICE,167,3,ALLOC-0001061
MI-0000270,MAN-000023,FPS-0531,WHEAT,144,3,ALLOC-0001062
MI-0000271,MAN-000023,FPS-0106,RICE,149,4,ALLOC-0000211
MI-0000272,MAN-000023,FPS-0106,WHEAT,126,4,ALLOC-0000212
MI-0000273,MAN-000023,FPS-0056,RICE,173,5,ALLOC-0000111
MI-0000274,MAN-000023,FPS-0056,WHEAT,139,5,ALLOC-0000112
MI-0000275,MAN-000023,FPS-0556,RICE,176,6,ALLOC-0001111
MI-0000276,MAN-000023,FPS-0556,WHEAT,141,6,ALLOC-0001112
MI-0000277,MAN-000024,FPS-0081,RICE,150,1,ALLOC-0000161
MI-0000278,MAN-000024,FPS-0081,WHEAT,129,1,ALLOC-0000162
MI-0000279,MAN-000024,FPS-0431,RICE,126,2,ALLOC-0000861
MI-0000280,MAN-000024,FPS-0431,WHEAT,115,2,ALLOC-0000862
MI-0000281,MAN-000024,FPS-0206,RICE,238,3,ALLOC-0000411
MI-0000282,MAN-000024,FPS-0206,WHEAT,176,3,ALLOC-0000412
MI-0000283,MAN-000024,FPS-0131,RICE,173,4,ALLOC-0000261
MI-0000284,MAN-000024,FPS-0131,WHEAT,140,4,ALLOC-0000262
MI-0000285,MAN-000024,FPS-0281,RICE,168,5,ALLOC-0000561
MI-0000286,MAN-000024,FPS-0281,WHEAT,128,5,ALLOC-0000562
MI-0000287,MAN-000024,FPS-0006,RICE,237,6,ALLOC-0000011
MI-0000288,MAN-000024,FPS-0006,WHEAT,157,6,ALLOC-0000012
MI-0000289,MAN-000025,FPS-0357,RICE,172,1,ALLOC-0000713
MI-0000290,MAN-000025,FPS-0357,WHEAT,133,1,ALLOC-0000714
MI-0000291,MAN-000025,FPS-0082,RICE,207,2,ALLOC-0000163
MI-0000292,MAN-000025,FPS-0082,WHEAT,164,2,ALLOC-0000164
MI-0000293,MAN-000025,FPS-0507,RICE,138,3,ALLOC-0001013
MI-0000294,MAN-000025,FPS-0507,WHEAT,117,3,ALLOC-0001014
MI-0000295,MAN-000025,FPS-0207,RICE,283,4,ALLOC-0000413
MI-0000296,MAN-000025,FPS-0207,WHEAT,205,4,ALLOC-0000414
MI-0000297,MAN-000025,FPS-0157,RICE,165,5,ALLOC-0000313
MI-0000298,MAN-000025,FPS-0157,WHEAT,135,5,ALLOC-0000314
MI-0000299,MAN-000025,FPS-0032,RICE,151,6,ALLOC-0000063
MI-0000300,MAN-000025,FPS-0032,WHEAT,126,6,ALLOC-0000064
MI-0000301,MAN-000026,FPS-0007,RICE,115,1,ALLOC-0000013
MI-0000302,MAN-000026,FPS-0007,WHEAT,95,1,ALLOC-0000014
MI-0000303,MAN-000026,FPS-0232,RICE,131,2,ALLOC-0000463
MI-0000304,MAN-000026,FPS-0232,WHEAT,115,2,ALLOC-0000464
MI-0000305,MAN-000026,FPS-0107,RICE,172,3,ALLOC-0000213
MI-0000306,MAN-000026,FPS-0107,WHEAT,148,3,ALLOC-0000214
MI-0000307,MAN-000026,FPS-0282,RICE,171,4,ALLOC-0000563
MI-0000308,MAN-000026,FPS-0282,WHEAT,133,4,ALLOC-0000564
MI-0000309,MAN-000026,FPS-0182,RICE,154,5,ALLOC-0000363
MI-0000310,MAN-000026,FPS-0182,WHEAT,115,5,ALLOC-0000364
MI-0000311,MAN-000026,FPS-0457,RICE,190,6,ALLOC-0000913
MI-0000312,MAN-000026,FPS-0457,WHEAT,141,6,ALLOC-0000914
MI-0000313,MAN-000027,FPS-0532,RICE,139,1,ALLOC-0001063
MI-0000314,MAN-000027,FPS-0532,WHEAT,120,1,ALLOC-0001064
MI-0000315,MAN-000027,FPS-0332,RICE,198,2,ALLOC-0000663
MI-0000316,MAN-000027,FPS-0332,WHEAT,158,2,ALLOC-0000664
MI-0000317,MAN-000027,FPS-0257,RICE,151,3,ALLOC-0000513
MI-0000318,MAN-000027,FPS-0257,WHEAT,144,3,ALLOC-0000514
MI-0000319,MAN-000027,FPS-0382,RICE,119,4,ALLOC-0000763
MI-0000320,MAN-000027,FPS-0382,WHEAT,108,4,ALLOC-0000764
MI-0000321,MAN-000027,FPS-0482,RICE,148,5,ALLOC-0000963
MI-0000322,MAN-000027,FPS-0482,WHEAT,135,5,ALLOC-0000964
MI-0000323,MAN-000027,FPS-0557,RICE,166,6,ALLOC-0001113
MI-0000324,MAN-000027,FPS-0557,WHEAT,127,6,ALLOC-0001114
MI-0000325,MAN-000028,FPS-0582,RICE,113,1,ALLOC-0001163
MI-0000326,MAN-000028,FPS-0582,WHEAT,111,1,ALLOC-0001164
MI-0000327,MAN-000028,FPS-0407,RICE,185,2,ALLOC-0000813
MI-0000328,MAN-000028,FPS-0407,WHEAT,159,2,ALLOC-0000814
MI-0000329,MAN-000028,FPS-0132,RICE,224,3,ALLOC-0000263
MI-0000330,MAN-000028,FPS-0132,WHEAT,159,3,ALLOC-0000264
MI-0000331,MAN-000028,FPS-0432,RICE,299,4,ALLOC-0000863
MI-0000332,MAN-000028,FPS-0432,WHEAT,206,4,ALLOC-0000864
MI-0000333,MAN-000028,FPS-0057,RICE,196,5,ALLOC-0000113
MI-0000334,MAN-000028,FPS-0057,WHEAT,144,5,ALLOC-0000114
MI-0000335,MAN-000028,FPS-0307,RICE,184,6,ALLOC-0000613
MI-0000336,MAN-000028,FPS-0307,WHEAT,140,6,ALLOC-0000614
MI-0000337,MAN-000029,FPS-0083,RICE,168,1,ALLOC-0000165
MI-0000338,MAN-000029,FPS-0083,WHEAT,134,1,ALLOC-0000166
MI-0000339,MAN-000029,FPS-0133,RICE,128,2,ALLOC-0000265
MI-0000340,MAN-000029,FPS-0133,WHEAT,125,2,ALLOC-0000266
MI-0000341,MAN-000029,FPS-0108,RICE,139,3,ALLOC-0000215
MI-0000342,MAN-000029,FPS-0108,WHEAT,117,3,ALLOC-0000216
MI-0000343,MAN-000029,FPS-0458,RICE,150,4,ALLOC-0000915
MI-0000344,MAN-000029,FPS-0458,WHEAT,129,4,ALLOC-0000916
MI-0000345,MAN-000029,FPS-0383,RICE,127,5,ALLOC-0000765
MI-0000346,MAN-000029,FPS-0383,WHEAT,123,5,ALLOC-0000766
MI-0000347,MAN-000029,FPS-0183,RICE,155,6,ALLOC-0000365
MI-0000348,MAN-000029,FPS-0183,WHEAT,129,6,ALLOC-0000366
MI-0000349,MAN-000030,FPS-0008,RICE,198,1,ALLOC-0000015
MI-0000350,MAN-000030,FPS-0008,WHEAT,163,1,ALLOC-0000016
MI-0000351,MAN-000030,FPS-0058,RICE,158,2,ALLOC-0000115
MI-0000352,MAN-000030,FPS-0058,WHEAT,127,2,ALLOC-0000116
MI-0000353,MAN-000030,FPS-0558,RICE,252,3,ALLOC-0001115
MI-0000354,MAN-000030,FPS-0558,WHEAT,162,3,ALLOC-0001116
MI-0000355,MAN-000030,FPS-0433,RICE,162,4,ALLOC-0000865
MI-0000356,MAN-000030,FPS-0433,WHEAT,133,4,ALLOC-0000866
MI-0000357,MAN-000030,FPS-0508,RICE,213,5,ALLOC-0001015
MI-0000358,MAN-000030,FPS-0508,WHEAT,170,5,ALLOC-0001016
MI-0000359,MAN-000030,FPS-0308,RICE,194,6,ALLOC-0000615
MI-0000360,MAN-000030,FPS-0308,WHEAT,155,6,ALLOC-0000616
MI-0000361,MAN-000031,FPS-0483,RICE,135,1,ALLOC-0000965
MI-0000362,MAN-000031,FPS-0483,WHEAT,122,1,ALLOC-0000966
MI-0000363,MAN-000031,FPS-0333,RICE,312,2,ALLOC-0000665
MI-0000364,MAN-000031,FPS-0333,WHEAT,200,2,ALLOC-0000666
MI-0000365,MAN-000031,FPS-0283,RICE,156,3,ALLOC-0000565
MI-0000366,MAN-000031,FPS-0283,WHEAT,129,3,ALLOC-0000566
MI-0000367,MAN-000031,FPS-0033,RICE,191,4,ALLOC-0000065
MI-0000368,MAN-000031,FPS-0033,WHEAT,138,4,ALLOC-0000066
MI-0000369,MAN-000031,FPS-0408,RICE,119,5,ALLOC-0000815
MI-0000370,MAN-000031,FPS-0408,WHEAT,112,5,ALLOC-0000816
MI-0000371,MAN-000031,FPS-0208,RICE,184,6,ALLOC-0000415
MI-0000372,MAN-000031,FPS-0208,WHEAT,147,6,ALLOC-0000416
MI-0000373,MAN-000032,FPS-0258,RICE,159,1,ALLOC-0000515
MI-0000374,MAN-000032,FPS-0258,WHEAT,130,1,ALLOC-0000516
MI-0000375,MAN-000032,FPS-0233,RICE,119,2,ALLOC-0000465
MI-0000376,MAN-000032,FPS-0233,WHEAT,115,2,ALLOC-0000466
MI-0000377,MAN-000032,FPS-0533,RICE,168,3,ALLOC-0001065
MI-0000378,MAN-000032,FPS-0533,WHEAT,136,3,ALLOC-0001066
MI-0000379,MAN-000032,FPS-0358,RICE,185,4,ALLOC-0000715
MI-0000380,MAN-000032,FPS-0358,WHEAT,137,4,ALLOC-0000716
MI-0000381,MAN-000032,FPS-0583,RICE,144,5,ALLOC-0001165
MI-0000382,MAN-000032,FPS-0583,WHEAT,127,5,ALLOC-0001166
MI-0000383,MAN-000032,FPS-0158,RICE,141,6,ALLOC-0000315
MI-0000384,MAN-000032,FPS-0158,WHEAT,132,6,ALLOC-0000316
MI-0000385,MAN-000033,FPS-0334,RICE,153,1,ALLOC-0000667
MI-0000386,MAN-000033,FPS-0334,WHEAT,128,1,ALLOC-0000668
MI-0000387,MAN-000033,FPS-0534,RICE,139,2,ALLOC-0001067
MI-0000388,MAN-000033,FPS-0534,WHEAT,115,2,ALLOC-0001068
MI-0000389,MAN-000033,FPS-0109,RICE,149,3,ALLOC-0000217
MI-0000390,MAN-000033,FPS-0109,WHEAT,133,3,ALLOC-0000218
MI-0000391,MAN-000033,FPS-0434,RICE,206,4,ALLOC-0000867
MI-0000392,MAN-000033,FPS-0434,WHEAT,165,4,ALLOC-0000868
MI-0000393,MAN-000033,FPS-0259,RICE,152,5,ALLOC-0000517
MI-0000394,MAN-000033,FPS-0259,WHEAT,114,5,ALLOC-0000518
MI-0000395,MAN-000033,FPS-0309,RICE,201,6,ALLOC-0000617
MI-0000396,MAN-000033,FPS-0309,WHEAT,155,6,ALLOC-0000618
MI-0000397,MAN-000034,FPS-0484,RICE,170,1,ALLOC-0000967
MI-0000398,MAN-000034,FPS-0484,WHEAT,142,1,ALLOC-0000968
MI-0000399,MAN-000034,FPS-0234,RICE,133,2,ALLOC-0000467
MI-0000400,MAN-000034,FPS-0234,WHEAT,115,2,ALLOC-0000468
MI-0000401,MAN-000034,FPS-0184,RICE,224,3,ALLOC-0000367
MI-0000402,MAN-000034,FPS-0184,WHEAT,154,3,ALLOC-0000368
MI-0000403,MAN-000034,FPS-0159,RICE,132,4,ALLOC-0000317
MI-0000404,MAN-000034,FPS-0159,WHEAT,129,4,ALLOC-0000318
MI-0000405,MAN-000034,FPS-0034,RICE,192,5,ALLOC-0000067
MI-0000406,MAN-000034,FPS-0034,WHEAT,147,5,ALLOC-0000068
MI-0000407,MAN-000034,FPS-0009,RICE,124,6,ALLOC-0000017
MI-0000408,MAN-000034,FPS-0009,WHEAT,121,6,ALLOC-0000018
MI-0000409,MAN-000035,FPS-0134,RICE,142,1,ALLOC-0000267
MI-0000410,MAN-000035,FPS-0134,WHEAT,123,1,ALLOC-0000268
MI-0000411,MAN-000035,FPS-0409,RICE,155,2,ALLOC-0000817
MI-0000412,MAN-000035,FPS-0409,WHEAT,142,2,ALLOC-0000818
MI-0000413,MAN-000035,FPS-0359,RICE,242,3,ALLOC-0000717
MI-0000414,MAN-000035,FPS-0359,WHEAT,166,3,ALLOC-0000718
MI-0000415,MAN-000035,FPS-0584,RICE,124,4,ALLOC-0001167
MI-0000416,MAN-000035,FPS-0584,WHEAT,121,4,ALLOC-0001168
MI-0000417,MAN-000035,FPS-0559,RICE,139,5,ALLOC-0001117
MI-0000418,MAN-000035,FPS-0559,WHEAT,114,5,ALLOC-0001118
MI-0000419,MAN-000035,FPS-0084,RICE,231,6,ALLOC-0000167
MI-0000420,MAN-000035,FPS-0084,WHEAT,171,6,ALLOC-0000168
MI-0000421,MAN-000036,FPS-0509,RICE,167,1,ALLOC-0001017
MI-0000422,MAN-000036,FPS-0509,WHEAT,144,1,ALLOC-0001018
MI-0000423,MAN-000036,FPS-0209,RICE,227,2,ALLOC-0000417
MI-0000424,MAN-000036,FPS-0209,WHEAT,176,2,ALLOC-0000418
MI-0000425,MAN-000036,FPS-0059,RICE,163,3,ALLOC-0000117
MI-0000426,MAN-000036,FPS-0059,WHEAT,151,3,ALLOC-0000118
MI-0000427,MAN-000036,FPS-0384,RICE,193,4,ALLOC-0000767
MI-0000428,MAN-000036,FPS-0384,WHEAT,143,4,ALLOC-0000768
MI-0000429,MAN-000036,FPS-0459,RICE,191,5,ALLOC-0000917
MI-0000430,MAN-000036,FPS-0459,WHEAT,159,5,ALLOC-0000918
MI-0000431,MAN-000036,FPS-0284,RICE,152,6,ALLOC-0000567
MI-0000432,MAN-000036,FPS-0284,WHEAT,136,6,ALLOC-0000568
MI-0000433,MAN-000037,FPS-0035,RICE,206,1,ALLOC-0000069
MI-0000434,MAN-000037,FPS-0035,WHEAT,149,1,ALLOC-0000070
MI-0000435,MAN-000037,FPS-0460,RICE,162,2,ALLOC-0000919
MI-0000436,MAN-000037,FPS-0460,WHEAT,132,2,ALLOC-0000920
MI-0000437,MAN-000037,FPS-0510,RICE,145,3,ALLOC-0001019
MI-0000438,MAN-000037,FPS-0510,WHEAT,125,3,ALLOC-0001020
MI-0000439,MAN-000037,FPS-0235,RICE,158,4,ALLOC-0000469
MI-0000440,MAN-000037,FPS-0235,WHEAT,122,4,ALLOC-0000470
MI-0000441,MAN-000037,FPS-0385,RICE,230,5,ALLOC-0000769
MI-0000442,MAN-000037,FPS-0385,WHEAT,160,5,ALLOC-0000770
MI-0000443,MAN-000037,FPS-0110,RICE,134,6,ALLOC-0000219
MI-0000444,MAN-000037,FPS-0110,WHEAT,124,6,ALLOC-0000220
MI-0000445,MAN-000038,FPS-0260,RICE,111,1,ALLOC-0000519
MI-0000446,MAN-000038,FPS-0260,WHEAT,101,1,ALLOC-0000520
MI-0000447,MAN-000038,FPS-0010,RICE,234,2,ALLOC-0000019
MI-0000448,MAN-000038,FPS-0010,WHEAT,161,2,ALLOC-0000020
MI-0000449,MAN-000038,FPS-0210,RICE,142,3,ALLOC-0000419
MI-0000450,MAN-000038,FPS-0210,WHEAT,122,3,ALLOC-0000420
MI-0000451,MAN-000038,FPS-0085,RICE,129,4,ALLOC-0000169
MI-0000452,MAN-000038,FPS-0085,WHEAT,118,4,ALLOC-0000170
MI-0000453,MAN-000038,FPS-0310,RICE,141,5,ALLOC-0000619
MI-0000454,MAN-000038,FPS-0310,WHEAT,124,5,ALLOC-0000620
MI-0000455,MAN-000038,FPS-0485,RICE,154,6,ALLOC-0000969
MI-0000456,MAN-000038,FPS-0485,WHEAT,140,6,ALLOC-0000970
MI-0000457,MAN-000039,FPS-0060,RICE,221,1,ALLOC-0000119
MI-0000458,MAN-000039,FPS-0060,WHEAT,160,1,ALLOC-0000120
MI-0000459,MAN-000039,FPS-0585,RICE,148,2,ALLOC-0001169
MI-0000460,MAN-000039,FPS-0585,WHEAT,131,2,ALLOC-0001170
MI-0000461,MAN-000039,FPS-0410,RICE,193,3,ALLOC-0000819
MI-0000462,MAN-000039,FPS-0410,WHEAT,139,3,ALLOC-0000820
MI-0000463,MAN-000039,FPS-0285,RICE,213,4,ALLOC-0000569
MI-0000464,MAN-000039,FPS-0285,WHEAT,160,4,ALLOC-0000570
MI-0000465,MAN-000039,FPS-0135,RICE,157,5,ALLOC-0000269
MI-0000466,MAN-000039,FPS-0135,WHEAT,129,5,ALLOC-0000270
MI-0000467,MAN-000039,FPS-0160,RICE,123,6,ALLOC-0000319
MI-0000468,MAN-000039,FPS-0160,WHEAT,122,6,ALLOC-0000320
MI-0000469,MAN-000040,FPS-0335,RICE,234,1,ALLOC-0000669
MI-0000470,MAN-000040,FPS-0335,WHEAT,163,1,ALLOC-0000670
MI-0000471,MAN-000040,FPS-0560,RICE,246,2,ALLOC-0001119
MI-0000472,MAN-000040,FPS-0560,WHEAT,175,2,ALLOC-0001120
MI-0000473,MAN-000040,FPS-0185,RICE,153,3,ALLOC-0000369
MI-0000474,MAN-000040,FPS-0185,WHEAT,136,3,ALLOC-0000370
MI-0000475,MAN-000040,FPS-0360,RICE,150,4,ALLOC-0000719
MI-0000476,MAN-000040,FPS-0360,WHEAT,133,4,ALLOC-0000720
MI-0000477,MAN-000040,FPS-0535,RICE,203,5,ALLOC-0001069
MI-0000478,MAN-000040,FPS-0535,WHEAT,148,5,ALLOC-0001070
MI-0000479,MAN-000040,FPS-0435,RICE,191,6,ALLOC-0000869
MI-0000480,MAN-000040,FPS-0435,WHEAT,146,6,ALLOC-0000870
MI-0000481,MAN-000041,FPS-0011,RICE,149,1,ALLOC-0000021
MI-0000482,MAN-000041,FPS-0011,WHEAT,120,1,ALLOC-0000022
MI-0000483,MAN-000041,FPS-0261,RICE,97,2,ALLOC-0000521
MI-0000484,MAN-000041,FPS-0261,WHEAT,100,2,ALLOC-0000522
MI-0000485,MAN-000041,FPS-0511,RICE,161,3,ALLOC-0001021
MI-0000486,MAN-000041,FPS-0511,WHEAT,143,3,ALLOC-0001022
MI-0000487,MAN-000041,FPS-0386,RICE,185,4,ALLOC-0000771
MI-0000488,MAN-000041,FPS-0386,WHEAT,164,4,ALLOC-0000772
MI-0000489,MAN-000041,FPS-0436,RICE,127,5,ALLOC-0000871
MI-0000490,MAN-000041,FPS-0436,WHEAT,113,5,ALLOC-0000872
MI-0000491,MAN-000041,FPS-0586,RICE,159,6,ALLOC-0001171
MI-0000492,MAN-000041,FPS-0586,WHEAT,125,6,ALLOC-0001172
MI-0000493,MAN-000042,FPS-0211,RICE,168,1,ALLOC-0000421
MI-0000494,MAN-000042,FPS-0211,WHEAT,129,1,ALLOC-0000422
MI-0000495,MAN-000042,FPS-0311,RICE,221,2,ALLOC-0000621
MI-0000496,MAN-000042,FPS-0311,WHEAT,158,2,ALLOC-0000622
MI-0000497,MAN-000042,FPS-0286,RICE,161,3,ALLOC-0000571
MI-0000498,MAN-000042,FPS-0286,WHEAT,141,3,ALLOC-0000572
MI-0000499,MAN-000042,FPS-0336,RICE,208,4,ALLOC-0000671
MI-0000500,MAN-000042,FPS-0336,WHEAT,159,4,ALLOC-0000672
MI-0000501,MAN-000042,FPS-0161,RICE,222,5,ALLOC-0000321
MI-0000502,MAN-000042,FPS-0161,WHEAT,139,5,ALLOC-0000322
MI-0000503,MAN-000042,FPS-0536,RICE,150,6,ALLOC-0001071
MI-0000504,MAN-000042,FPS-0536,WHEAT,145,6,ALLOC-0001072
MI-0000505,MAN-000043,FPS-0561,RICE,150,1,ALLOC-0001121
MI-0000506,MAN-000043,FPS-0561,WHEAT,126,1,ALLOC-0001122
MI-0000507,MAN-000043,FPS-0036,RICE,186,2,ALLOC-0000071
MI-0000508,MAN-000043,FPS-0036,WHEAT,144,2,ALLOC-0000072
MI-0000509,MAN-000043,FPS-0236,RICE,154,3,ALLOC-0000471
MI-0000510,MAN-000043,FPS-0236,WHEAT,133,3,ALLOC-0000472
MI-0000511,MAN-000043,FPS-0411,RICE,159,4,ALLOC-0000821
MI-0000512,MAN-000043,FPS-0411,WHEAT,135,4,ALLOC-0000822
MI-0000513,MAN-000043,FPS-0186,RICE,213,5,ALLOC-0000371
MI-0000514,MAN-000043,FPS-0186,WHEAT,168,5,ALLOC-0000372
MI-0000515,MAN-000043,FPS-0461,RICE,185,6,ALLOC-0000921
MI-0000516,MAN-000043,FPS-0461,WHEAT,136,6,ALLOC-0000922
MI-0000517,MAN-000044,FPS-0136,RICE,189,1,ALLOC-0000271
MI-0000518,MAN-000044,FPS-0136,WHEAT,152,1,ALLOC-0000272
MI-0000519,MAN-000044,FPS-0061,RICE,135,2,ALLOC-0000121
MI-0000520,MAN-000044,FPS-0061,WHEAT,125,2,ALLOC-0000122
MI-0000521,MAN-000044,FPS-0086,RICE,149,3,ALLOC-0000171
MI-0000522,MAN-000044,FPS-0086,WHEAT,128,3,ALLOC-0000172
MI-0000523,MAN-000044,FPS-0111,RICE,157,4,ALLOC-0000221
MI-0000524,MAN-000044,FPS-0111,WHEAT,126,4,ALLOC-0000222
MI-0000525,MAN-000044,FPS-0486,RICE,190,5,ALLOC-0000971
MI-0000526,MAN-000044,FPS-0486,WHEAT,151,5,ALLOC-0000972
MI-0000527,MAN-000044,FPS-0361,RICE,151,6,ALLOC-0000721
MI-0000528,MAN-000044,FPS-0361,WHEAT,128,6,ALLOC-0000722
MI-0000529,MAN-000045,FPS-0462,RICE,120,1,ALLOC-0000923
MI-0000530,MAN-000045,FPS-0462,WHEAT,114,1,ALLOC-0000924
MI-0000531,MAN-000045,FPS-0112,RICE,145,2,ALLOC-0000223
MI-0000532,MAN-000045,FPS-0112,WHEAT,135,2,ALLOC-0000224
MI-0000533,MAN-000045,FPS-0162,RICE,149,3,ALLOC-0000323
MI-0000534,MAN-000045,FPS-0162,WHEAT,129,3,ALLOC-0000324
MI-0000535,MAN-000045,FPS-0437,RICE,147,4,ALLOC-0000873
MI-0000536,MAN-000045,FPS-0437,WHEAT,129,4,ALLOC-0000874
MI-0000537,MAN-000045,FPS-0262,RICE,162,5,ALLOC-0000523
MI-0000538,MAN-000045,FPS-0262,WHEAT,142,5,ALLOC-0000524
MI-0000539,MAN-000045,FPS-0137,RICE,160,6,ALLOC-0000273
MI-0000540,MAN-000045,FPS-0137,WHEAT,132,6,ALLOC-0000274
MI-0000541,MAN-000046,FPS-0062,RICE,153,1,ALLOC-0000123
MI-0000542,MAN-000046,FPS-0062,WHEAT,129,1,ALLOC-0000124
MI-0000543,MAN-000046,FPS-0412,RICE,188,2,ALLOC-0000823
MI-0000544,MAN-000046,FPS-0412,WHEAT,150,2,ALLOC-0000824
MI-0000545,MAN-000046,FPS-0087,RICE,145,3,ALLOC-0000173
MI-0000546,MAN-000046,FPS-0087,WHEAT,122,3,ALLOC-0000174
MI-0000547,MAN-000046,FPS-0012,RICE,194,4,ALLOC-0000023
MI-0000548,MAN-000046,FPS-0012,WHEAT,160,4,ALLOC-0000024
MI-0000549,MAN-000046,FPS-0212,RICE,145,5,ALLOC-0000423
MI-0000550,MAN-000046,FPS-0212,WHEAT,117,5,ALLOC-0000424
MI-0000551,MAN-000046,FPS-0187,RICE,180,6,ALLOC-0000373
MI-0000552,MAN-000046,FPS-0187,WHEAT,128,6,ALLOC-0000374
MI-0000553,MAN-000047,FPS-0387,RICE,290,1,ALLOC-0000773
MI-0000554,MAN-000047,FPS-0387,WHEAT,222,1,ALLOC-0000774
MI-0000555,MAN-000047,FPS-0037,RICE,1150,2,ALLOC-0000073
MI-0000556,MAN-000047,FPS-0037,WHEAT,159,2,ALLOC-0000074
MI-0000557,MAN-000047,FPS-0362,RICE,144,3,ALLOC-0000723
MI-0000558,MAN-000047,FPS-0362,WHEAT,131,3,ALLOC-0000724
MI-0000559,MAN-000047,FPS-0487,RICE,138,4,ALLOC-0000973
MI-0000560,MAN-000047,FPS-0487,WHEAT,119,4,ALLOC-0000974
MI-0000561,MAN-000047,FPS-0287,RICE,276,5,ALLOC-0000573
MI-0000562,MAN-000047,FPS-0287,WHEAT,184,5,ALLOC-0000574
MI-0000563,MAN-000047,FPS-0312,RICE,226,6,ALLOC-0000623
MI-0000564,MAN-000047,FPS-0312,WHEAT,161,6,ALLOC-0000624
MI-0000565,MAN-000048,FPS-0337,RICE,148,1,ALLOC-0000673
MI-0000566,MAN-000048,FPS-0337,WHEAT,138,1,ALLOC-0000674
MI-0000567,MAN-000048,FPS-0512,RICE,141,2,ALLOC-0001023
MI-0000568,MAN-000048,FPS-0512,WHEAT,131,2,ALLOC-0001024
MI-0000569,MAN-000048,FPS-0537,RICE,148,3,ALLOC-0001073
MI-0000570,MAN-000048,FPS-0537,WHEAT,141,3,ALLOC-0001074
MI-0000571,MAN-000048,FPS-0587,RICE,184,4,ALLOC-0001173
MI-0000572,MAN-000048,FPS-0587,WHEAT,149,4,ALLOC-0001174
MI-0000573,MAN-000048,FPS-0562,RICE,253,5,ALLOC-0001123
MI-0000574,MAN-000048,FPS-0562,WHEAT,175,5,ALLOC-0001124
MI-0000575,MAN-000048,FPS-0237,RICE,144,6,ALLOC-0000473
MI-0000576,MAN-000048,FPS-0237,WHEAT,118,6,ALLOC-0000474
MI-0000577,MAN-000049,FPS-0013,RICE,210,1,ALLOC-0000025
MI-0000578,MAN-000049,FPS-0013,WHEAT,162,1,ALLOC-0000026
MI-0000579,MAN-000049,FPS-0363,RICE,149,2,ALLOC-0000725
MI-0000580,MAN-000049,FPS-0363,WHEAT,128,2,ALLOC-0000726
MI-0000581,MAN-000049,FPS-0388,RICE,148,3,ALLOC-0000775
MI-0000582,MAN-000049,FPS-0388,WHEAT,126,3,ALLOC-0000776
MI-0000583,MAN-000049,FPS-0163,RICE,132,4,ALLOC-0000325
MI-0000584,MAN-000049,FPS-0163,WHEAT,121,4,ALLOC-0000326
MI-0000585,MAN-000049,FPS-0313,RICE,158,5,ALLOC-0000625
MI-0000586,MAN-000049,FPS-0313,WHEAT,146,5,ALLOC-0000626
MI-0000587,MAN-000049,FPS-0513,RICE,148,6,ALLOC-0001025
MI-0000588,MAN-000049,FPS-0513,WHEAT,130,6,ALLOC-0001026
MI-0000589,MAN-000050,FPS-0488,RICE,127,1,ALLOC-0000975
MI-0000590,MAN-000050,FPS-0488,WHEAT,113,1,ALLOC-0000976
MI-0000591,MAN-000050,FPS-0338,RICE,161,2,ALLOC-0000675
MI-0000592,MAN-000050,FPS-0338,WHEAT,140,2,ALLOC-0000676
MI-0000593,MAN-000050,FPS-0588,RICE,170,3,ALLOC-0001175
MI-0000594,MAN-000050,FPS-0588,WHEAT,138,3,ALLOC-0001176
MI-0000595,MAN-000050,FPS-0188,RICE,158,4,ALLOC-0000375
MI-0000596,MAN-000050,FPS-0188,WHEAT,138,4,ALLOC-0000376
MI-0000597,MAN-000050,FPS-0113,RICE,113,5,ALLOC-0000225
MI-0000598,MAN-000050,FPS-0113,WHEAT,100,5,ALLOC-0000226
MI-0000599,MAN-000050,FPS-0063,RICE,203,6,ALLOC-0000125
MI-0000600,MAN-000050,FPS-0063,WHEAT,146,6,ALLOC-0000126
MI-0000601,MAN-000051,FPS-0088,RICE,180,1,ALLOC-0000175
MI-0000602,MAN-000051,FPS-0088,WHEAT,132,1,ALLOC-0000176
MI-0000603,MAN-000051,FPS-0038,RICE,225,2,ALLOC-0000075
MI-0000604,MAN-000051,FPS-0038,WHEAT,164,2,ALLOC-0000076
MI-0000605,MAN-000051,FPS-0138,RICE,207,3,ALLOC-0000275
MI-0000606,MAN-000051,FPS-0138,WHEAT,151,3,ALLOC-0000276
MI-0000607,MAN-000051,FPS-0463,RICE,197,4,ALLOC-0000925
MI-0000608,MAN-000051,FPS-0463,WHEAT,140,4,ALLOC-0000926
MI-0000609,MAN-000051,FPS-0213,RICE,141,5,ALLOC-0000425
MI-0000610,MAN-000051,FPS-0213,WHEAT,120,5,ALLOC-0000426
MI-0000611,MAN-000051,FPS-0413,RICE,138,6,ALLOC-0000825
MI-0000612,MAN-000051,FPS-0413,WHEAT,129,6,ALLOC-0000826
MI-0000613,MAN-000052,FPS-0288,RICE,141,1,ALLOC-0000575
MI-0000614,MAN-000052,FPS-0288,WHEAT,137,1,ALLOC-0000576
MI-0000615,MAN-000052,FPS-0238,RICE,186,2,ALLOC-0000475
MI-0000616,MAN-000052,FPS-0238,WHEAT,151,2,ALLOC-0000476
MI-0000617,MAN-000052,FPS-0563,RICE,247,3,ALLOC-0001125
MI-0000618,MAN-000052,FPS-0563,WHEAT,183,3,ALLOC-0001126
MI-0000619,MAN-000052,FPS-0438,RICE,165,4,ALLOC-0000875
MI-0000620,MAN-000052,FPS-0438,WHEAT,135,4,ALLOC-0000876
MI-0000621,MAN-000052,FPS-0538,RICE,157,5,ALLOC-0001075
MI-0000622,MAN-000052,FPS-0538,WHEAT,131,5,ALLOC-0001076
MI-0000623,MAN-000052,FPS-0263,RICE,140,6,ALLOC-0000525
MI-0000624,MAN-000052,FPS-0263,WHEAT,122,6,ALLOC-0000526
MI-0000625,MAN-000053,FPS-0014,RICE,125,1,ALLOC-0000027
MI-0000626,MAN-000053,FPS-0014,WHEAT,116,1,ALLOC-0000028
MI-0000627,MAN-000053,FPS-0164,RICE,129,2,ALLOC-0000327
MI-0000628,MAN-000053,FPS-0164,WHEAT,119,2,ALLOC-0000328
MI-0000629,MAN-000053,FPS-0539,RICE,196,3,ALLOC-0001077
MI-0000630,MAN-000053,FPS-0539,WHEAT,156,3,ALLOC-0001078
MI-0000631,MAN-000053,FPS-0214,RICE,137,4,ALLOC-0000427
MI-0000632,MAN-000053,FPS-0214,WHEAT,110,4,ALLOC-0000428
MI-0000633,MAN-000053,FPS-0064,RICE,138,5,ALLOC-0000127
MI-0000634,MAN-000053,FPS-0064,WHEAT,115,5,ALLOC-0000128
MI-0000635,MAN-000053,FPS-0089,RICE,190,6,ALLOC-0000177
MI-0000636,MAN-000053,FPS-0089,WHEAT,159,6,ALLOC-0000178
MI-0000637,MAN-000054,FPS-0364,RICE,189,1,ALLOC-0000727
MI-0000638,MAN-000054,FPS-0364,WHEAT,152,1,ALLOC-0000728
MI-0000639,MAN-000054,FPS-0564,RICE,107,2,ALLOC-0001127
MI-0000640,MAN-000054,FPS-0564,WHEAT,104,2,ALLOC-0001128
MI-0000641,MAN-000054,FPS-0264,RICE,105,3,ALLOC-0000527
MI-0000642,MAN-000054,FPS-0264,WHEAT,100,3,ALLOC-0000528
MI-0000643,MAN-000054,FPS-0414,RICE,206,4,ALLOC-0000827
MI-0000644,MAN-000054,FPS-0414,WHEAT,139,4,ALLOC-0000828
MI-0000645,MAN-000054,FPS-0489,RICE,181,5,ALLOC-0000977
MI-0000646,MAN-000054,FPS-0489,WHEAT,144,5,ALLOC-0000978
MI-0000647,MAN-000054,FPS-0189,RICE,228,6,ALLOC-0000377
MI-0000648,MAN-000054,FPS-0189,WHEAT,160,6,ALLOC-0000378
MI-0000649,MAN-000055,FPS-0114,RICE,161,1,ALLOC-0000227
MI-0000650,MAN-000055,FPS-0114,WHEAT,145,1,ALLOC-0000228
MI-0000651,MAN-000055,FPS-0439,RICE,205,2,ALLOC-0000877
MI-0000652,MAN-000055,FPS-0439,WHEAT,142,2,ALLOC-0000878
MI-0000653,MAN-000055,FPS-0239,RICE,194,3,ALLOC-0000477
MI-0000654,MAN-000055,FPS-0239,WHEAT,125,3,ALLOC-0000478
MI-0000655,MAN-000055,FPS-0039,RICE,210,4,ALLOC-0000077
MI-0000656,MAN-000055,FPS-0039,WHEAT,162,4,ALLOC-0000078
MI-0000657,MAN-000055,FPS-0589,RICE,147,5,ALLOC-0001177
MI-0000658,MAN-000055,FPS-0589,WHEAT,130,5,ALLOC-0001178
MI-0000659,MAN-000055,FPS-0389,RICE,158,6,ALLOC-0000777
MI-0000660,MAN-000055,FPS-0389,WHEAT,135,6,ALLOC-0000778
MI-0000661,MAN-000056,FPS-0139,RICE,172,1,ALLOC-0000277
MI-0000662,MAN-000056,FPS-0139,WHEAT,143,1,ALLOC-0000278
MI-0000663,MAN-000056,FPS-0289,RICE,125,2,ALLOC-0000577
MI-0000664,MAN-000056,FPS-0289,WHEAT,114,2,ALLOC-0000578
MI-0000665,MAN-000056,FPS-0514,RICE,110,3,ALLOC-0001027
MI-0000666,MAN-000056,FPS-0514,WHEAT,110,3,ALLOC-0001028
MI-0000667,MAN-000056,FPS-0314,RICE,186,4,ALLOC-0000627
MI-0000668,MAN-000056,FPS-0314,WHEAT,142,4,ALLOC-0000628
MI-0000669,MAN-000056,FPS-0339,RICE,146,5,ALLOC-0000677
MI-0000670,MAN-000056,FPS-0339,WHEAT,138,5,ALLOC-0000678
MI-0000671,MAN-000056,FPS-0464,RICE,174,6,ALLOC-0000927
MI-0000672,MAN-000056,FPS-0464,WHEAT,137,6,ALLOC-0000928
MI-0000673,MAN-000057,FPS-0165,RICE,153,1,ALLOC-0000329
MI-0000674,MAN-000057,FPS-0165,WHEAT,125,1,ALLOC-0000330
MI-0000675,MAN-000057,FPS-0090,RICE,180,2,ALLOC-0000179
MI-0000676,MAN-000057,FPS-0090,WHEAT,159,2,ALLOC-0000180
MI-0000677,MAN-000057,FPS-0240,RICE,168,3,ALLOC-0000479
MI-0000678,MAN-000057,FPS-0240,WHEAT,134,3,ALLOC-0000480
MI-0000679,MAN-000057,FPS-0490,RICE,184,4,ALLOC-0000979
MI-0000680,MAN-000057,FPS-0490,WHEAT,138,4,ALLOC-0000980
MI-0000681,MAN-000057,FPS-0065,RICE,140,5,ALLOC-0000129
MI-0000682,MAN-000057,FPS-0065,WHEAT,121,5,ALLOC-0000130
MI-0000683,MAN-000057,FPS-0565,RICE,145,6,ALLOC-0001129
MI-0000684,MAN-000057,FPS-0565,WHEAT,117,6,ALLOC-0001130
MI-0000685,MAN-000058,FPS-0015,RICE,176,1,ALLOC-0000029
MI-0000686,MAN-000058,FPS-0015,WHEAT,140,1,ALLOC-0000030
MI-0000687,MAN-000058,FPS-0190,RICE,134,2,ALLOC-0000379
MI-0000688,MAN-000058,FPS-0190,WHEAT,122,2,ALLOC-0000380
MI-0000689,MAN-000058,FPS-0590,RICE,192,3,ALLOC-0001179
MI-0000690,MAN-000058,FPS-0590,WHEAT,143,3,ALLOC-0001180
MI-0000691,MAN-000058,FPS-0365,RICE,163,4,ALLOC-0000729
MI-0000692,MAN-000058,FPS-0365,WHEAT,141,4,ALLOC-0000730
MI-0000693,MAN-000058,FPS-0390,RICE,191,5,ALLOC-0000779
MI-0000694,MAN-000058,FPS-0390,WHEAT,142,5,ALLOC-0000780
MI-0000695,MAN-000058,FPS-0265,RICE,201,6,ALLOC-0000529
MI-0000696,MAN-000058,FPS-0265,WHEAT,160,6,ALLOC-0000530
MI-0000697,MAN-000059,FPS-0215,RICE,148,1,ALLOC-0000429
MI-0000698,MAN-000059,FPS-0215,WHEAT,128,1,ALLOC-0000430
MI-0000699,MAN-000059,FPS-0340,RICE,133,2,ALLOC-0000679
MI-0000700,MAN-000059,FPS-0340,WHEAT,116,2,ALLOC-0000680
MI-0000701,MAN-000059,FPS-0140,RICE,152,3,ALLOC-0000279
MI-0000702,MAN-000059,FPS-0140,WHEAT,128,3,ALLOC-0000280
MI-0000703,MAN-000059,FPS-0290,RICE,163,4,ALLOC-0000579
MI-0000704,MAN-000059,FPS-0290,WHEAT,145,4,ALLOC-0000580
MI-0000705,MAN-000059,FPS-0315,RICE,186,5,ALLOC-0000629
MI-0000706,MAN-000059,FPS-0315,WHEAT,146,5,ALLOC-0000630
MI-0000707,MAN-000059,FPS-0440,RICE,163,6,ALLOC-0000879
MI-0000708,MAN-000059,FPS-0440,WHEAT,146,6,ALLOC-0000880
MI-0000709,MAN-000060,FPS-0415,RICE,183,1,ALLOC-0000829
MI-0000710,MAN-000060,FPS-0415,WHEAT,153,1,ALLOC-0000830
MI-0000711,MAN-000060,FPS-0515,RICE,119,2,ALLOC-0001029
MI-0000712,MAN-000060,FPS-0515,WHEAT,115,2,ALLOC-0001030
MI-0000713,MAN-000060,FPS-0115,RICE,133,3,ALLOC-0000229
MI-0000714,MAN-000060,FPS-0115,WHEAT,121,3,ALLOC-0000230
MI-0000715,MAN-000060,FPS-0465,RICE,173,4,ALLOC-0000929
MI-0000716,MAN-000060,FPS-0465,WHEAT,150,4,ALLOC-0000930
MI-0000717,MAN-000060,FPS-0040,RICE,147,5,ALLOC-0000079
MI-0000718,MAN-000060,FPS-0040,WHEAT,126,5,ALLOC-0000080
MI-0000719,MAN-000060,FPS-0540,RICE,126,6,ALLOC-0001079
MI-0000720,MAN-000060,FPS-0540,WHEAT,113,6,ALLOC-0001080
MI-0000721,MAN-000061,FPS-0216,RICE,155,1,ALLOC-0000431
MI-0000722,MAN-000061,FPS-0216,WHEAT,142,1,ALLOC-0000432
MI-0000723,MAN-000061,FPS-0591,RICE,140,2,ALLOC-0001181
MI-0000724,MAN-000061,FPS-0591,WHEAT,139,2,ALLOC-0001182
MI-0000725,MAN-000061,FPS-0366,RICE,151,3,ALLOC-0000731
MI-0000726,MAN-000061,FPS-0366,WHEAT,124,3,ALLOC-0000732
MI-0000727,MAN-000061,FPS-0041,RICE,150,4,ALLOC-0000081
MI-0000728,MAN-000061,FPS-0041,WHEAT,127,4,ALLOC-0000082
MI-0000729,MAN-000061,FPS-0416,RICE,139,5,ALLOC-0000831
MI-0000730,MAN-000061,FPS-0416,WHEAT,116,5,ALLOC-0000832
MI-0000731,MAN-000061,FPS-0116,RICE,131,6,ALLOC-0000231
MI-0000732,MAN-000061,FPS-0116,WHEAT,110,6,ALLOC-0000232
MI-0000733,MAN-000062,FPS-0541,RICE,153,1,ALLOC-0001081
MI-0000734,MAN-000062,FPS-0541,WHEAT,142,1,ALLOC-0001082
MI-0000735,MAN-000062,FPS-0316,RICE,141,2,ALLOC-0000631
MI-0000736,MAN-000062,FPS-0316,WHEAT,124,2,ALLOC-0000632
MI-0000737,MAN-000062,FPS-0066,RICE,171,3,ALLOC-0000131
MI-0000738,MAN-000062,FPS-0066,WHEAT,141,3,ALLOC-0000132
MI-0000739,MAN-000062,FPS-0241,RICE,174,4,ALLOC-0000481
MI-0000740,MAN-000062,FPS-0241,WHEAT,141,4,ALLOC-0000482
MI-0000741,MAN-000062,FPS-0466,RICE,180,5,ALLOC-0000931
MI-0000742,MAN-000062,FPS-0466,WHEAT,165,5,ALLOC-0000932
MI-0000743,MAN-000062,FPS-0291,RICE,182,6,ALLOC-0000581
MI-0000744,MAN-000062,FPS-0291,WHEAT,142,6,ALLOC-0000582
MI-0000745,MAN-000063,FPS-0441,RICE,208,1,ALLOC-0000881
MI-0000746,MAN-000063,FPS-0441,WHEAT,153,1,ALLOC-0000882
MI-0000747,MAN-000063,FPS-0516,RICE,146,2,ALLOC-0001031
MI-0000748,MAN-000063,FPS-0516,WHEAT,139,2,ALLOC-0001032
MI-0000749,MAN-000063,FPS-0016,RICE,182,3,ALLOC-0000031
MI-0000750,MAN-000063,FPS-0016,WHEAT,142,3,ALLOC-0000032
MI-0000751,MAN-000063,FPS-0391,RICE,197,4,ALLOC-0000781
MI-0000752,MAN-000063,FPS-0391,WHEAT,152,4,ALLOC-0000782
MI-0000753,MAN-000063,FPS-0191,RICE,135,5,ALLOC-0000381
MI-0000754,MAN-000063,FPS-0191,WHEAT,122,5,ALLOC-0000382
MI-0000755,MAN-000063,FPS-0566,RICE,145,6,ALLOC-0001131
MI-0000756,MAN-000063,FPS-0566,WHEAT,140,6,ALLOC-0001132
MI-0000757,MAN-000064,FPS-0141,RICE,109,1,ALLOC-0000281
MI-0000758,MAN-000064,FPS-0141,WHEAT,106,1,ALLOC-0000282
MI-0000759,MAN-000064,FPS-0341,RICE,136,2,ALLOC-0000681
MI-0000760,MAN-000064,FPS-0341,WHEAT,121,2,ALLOC-0000682
MI-0000761,MAN-000064,FPS-0166,RICE,176,3,ALLOC-0000331
MI-0000762,MAN-000064,FPS-0166,WHEAT,152,3,ALLOC-0000332
MI-0000763,MAN-000064,FPS-0491,RICE,193,4,ALLOC-0000981
MI-0000764,MAN-000064,FPS-0491,WHEAT,143,4,ALLOC-0000982
MI-0000765,MAN-000064,FPS-0091,RICE,170,5,ALLOC-0000181
MI-0000766,MAN-000064,FPS-0091,WHEAT,143,5,ALLOC-0000182
MI-0000767,MAN-000064,FPS-0266,RICE,133,6,ALLOC-0000531
MI-0000768,MAN-000064,FPS-0266,WHEAT,129,6,ALLOC-0000532
MI-0000769,MAN-000065,FPS-0017,RICE,152,1,ALLOC-0000033
MI-0000770,MAN-000065,FPS-0017,WHEAT,138,1,ALLOC-0000034
MI-0000771,MAN-000065,FPS-0467,RICE,116,2,ALLOC-0000933
MI-0000772,MAN-000065,FPS-0467,WHEAT,109,2,ALLOC-0000934
MI-0000773,MAN-000065,FPS-0392,RICE,160,3,ALLOC-0000783
MI-0000774,MAN-000065,FPS-0392,WHEAT,141,3,ALLOC-0000784
MI-0000775,MAN-000065,FPS-0567,RICE,138,4,ALLOC-0001133
MI-0000776,MAN-000065,FPS-0567,WHEAT,118,4,ALLOC-0001134
MI-0000777,MAN-000065,FPS-0242,RICE,141,5,ALLOC-0000483
MI-0000778,MAN-000065,FPS-0242,WHEAT,107,5,ALLOC-0000484
MI-0000779,MAN-000065,FPS-0367,RICE,149,6,ALLOC-0000733
MI-0000780,MAN-000065,FPS-0367,WHEAT,140,6,ALLOC-0000734
MI-0000781,MAN-000066,FPS-0292,RICE,200,1,ALLOC-0000583
MI-0000782,MAN-000066,FPS-0292,WHEAT,136,1,ALLOC-0000584
MI-0000783,MAN-000066,FPS-0517,RICE,148,2,ALLOC-0001033
MI-0000784,MAN-000066,FPS-0517,WHEAT,133,2,ALLOC-0001034
MI-0000785,MAN-000066,FPS-0167,RICE,154,3,ALLOC-0000333
MI-0000786,MAN-000066,FPS-0167,WHEAT,135,3,ALLOC-0000334
MI-0000787,MAN-000066,FPS-0317,RICE,168,4,ALLOC-0000633
MI-0000788,MAN-000066,FPS-0317,WHEAT,143,4,ALLOC-0000634
MI-0000789,MAN-000066,FPS-0417,RICE,145,5,ALLOC-0000833
MI-0000790,MAN-000066,FPS-0417,WHEAT,137,5,ALLOC-0000834
MI-0000791,MAN-000066,FPS-0217,RICE,152,6,ALLOC-0000433
MI-0000792,MAN-000066,FPS-0217,WHEAT,131,6,ALLOC-0000434
MI-0000793,MAN-000067,FPS-0142,RICE,166,1,ALLOC-0000283
MI-0000794,MAN-000067,FPS-0142,WHEAT,134,1,ALLOC-0000284
MI-0000795,MAN-000067,FPS-0342,RICE,133,2,ALLOC-0000683
MI-0000796,MAN-000067,FPS-0342,WHEAT,132,2,ALLOC-0000684
MI-0000797,MAN-000067,FPS-0067,RICE,188,3,ALLOC-0000133
MI-0000798,MAN-000067,FPS-0067,WHEAT,145,3,ALLOC-0000134
MI-0000799,MAN-000067,FPS-0492,RICE,262,4,ALLOC-0000983
MI-0000800,MAN-000067,FPS-0492,WHEAT,183,4,ALLOC-0000984
MI-0000801,MAN-000067,FPS-0092,RICE,200,5,ALLOC-0000183
MI-0000802,MAN-000067,FPS-0092,WHEAT,151,5,ALLOC-0000184
MI-0000803,MAN-000067,FPS-0542,RICE,162,6,ALLOC-0001083
MI-0000804,MAN-000067,FPS-0542,WHEAT,138,6,ALLOC-0001084
MI-0000805,MAN-000068,FPS-0192,RICE,131,1,ALLOC-0000383
MI-0000806,MAN-000068,FPS-0192,WHEAT,107,1,ALLOC-0000384
MI-0000807,MAN-000068,FPS-0592,RICE,153,2,ALLOC-0001183
MI-0000808,MAN-000068,FPS-0592,WHEAT,126,2,ALLOC-0001184
MI-0000809,MAN-000068,FPS-0117,RICE,157,3,ALLOC-0000233
MI-0000810,MAN-000068,FPS-0117,WHEAT,130,3,ALLOC-0000234
MI-0000811,MAN-000068,FPS-0267,RICE,143,4,ALLOC-0000533
MI-0000812,MAN-000068,FPS-0267,WHEAT,120,4,ALLOC-0000534
MI-0000813,MAN-000068,FPS-0042,RICE,157,5,ALLOC-0000083
MI-0000814,MAN-000068,FPS-0042,WHEAT,140,5,ALLOC-0000084
MI-0000815,MAN-000068,FPS-0442,RICE,142,6,ALLOC-0000883
MI-0000816,MAN-000068,FPS-0442,WHEAT,129,6,ALLOC-0000884
MI-0000817,MAN-000069,FPS-0393,RICE,138,1,ALLOC-0000785
MI-0000818,MAN-000069,FPS-0393,WHEAT,130,1,ALLOC-0000786
MI-0000819,MAN-000069,FPS-0468,RICE,154,2,ALLOC-0000935
MI-0000820,MAN-000069,FPS-0468,WHEAT,129,2,ALLOC-0000936
MI-0000821,MAN-000069,FPS-0293,RICE,143,3,ALLOC-0000585
MI-0000822,MAN-000069,FPS-0293,WHEAT,117,3,ALLOC-0000586
MI-0000823,MAN-000069,FPS-0243,RICE,202,4,ALLOC-0000485
MI-0000824,MAN-000069,FPS-0243,WHEAT,147,4,ALLOC-0000486
MI-0000825,MAN-000069,FPS-0418,RICE,209,5,ALLOC-0000835
MI-0000826,MAN-000069,FPS-0418,WHEAT,144,5,ALLOC-0000836
MI-0000827,MAN-000069,FPS-0368,RICE,149,6,ALLOC-0000735
MI-0000828,MAN-000069,FPS-0368,WHEAT,130,6,ALLOC-0000736
MI-0000829,MAN-000070,FPS-0318,RICE,162,1,ALLOC-0000635
MI-0000830,MAN-000070,FPS-0318,WHEAT,139,1,ALLOC-0000636
MI-0000831,MAN-000070,FPS-0043,RICE,168,2,ALLOC-0000085
MI-0000832,MAN-000070,FPS-0043,WHEAT,142,2,ALLOC-0000086
MI-0000833,MAN-000070,FPS-0143,RICE,185,3,ALLOC-0000285
MI-0000834,MAN-000070,FPS-0143,WHEAT,154,3,ALLOC-0000286
MI-0000835,MAN-000070,FPS-0268,RICE,172,4,ALLOC-0000535
MI-0000836,MAN-000070,FPS-0268,WHEAT,146,4,ALLOC-0000536
MI-0000837,MAN-000070,FPS-0168,RICE,148,5,ALLOC-0000335
MI-0000838,MAN-000070,FPS-0168,WHEAT,123,5,ALLOC-0000336
MI-0000839,MAN-000070,FPS-0193,RICE,154,6,ALLOC-0000385
MI-0000840,MAN-000070,FPS-0193,WHEAT,128,6,ALLOC-0000386
MI-0000841,MAN-000071,FPS-0568,RICE,234,1,ALLOC-0001135
MI-0000842,MAN-000071,FPS-0568,WHEAT,154,1,ALLOC-0001136
MI-0000843,MAN-000071,FPS-0593,RICE,245,2,ALLOC-0001185
MI-0000844,MAN-000071,FPS-0593,WHEAT,165,2,ALLOC-0001186
MI-0000845,MAN-000071,FPS-0118,RICE,134,3,ALLOC-0000235
MI-0000846,MAN-000071,FPS-0118,WHEAT,120,3,ALLOC-0000236
MI-0000847,MAN-000071,FPS-0443,RICE,140,4,ALLOC-0000885
MI-0000848,MAN-000071,FPS-0443,WHEAT,128,4,ALLOC-0000886
MI-0000849,MAN-000071,FPS-0218,RICE,136,5,ALLOC-0000435
MI-0000850,MAN-000071,FPS-0218,WHEAT,132,5,ALLOC-0000436
MI-0000851,MAN-000071,FPS-0343,RICE,143,6,ALLOC-0000685
MI-0000852,MAN-000071,FPS-0343,WHEAT,126,6,ALLOC-0000686
MI-0000853,MAN-000072,FPS-0068,RICE,167,1,ALLOC-0000135
MI-0000854,MAN-000072,FPS-0068,WHEAT,150,1,ALLOC-0000136
MI-0000855,MAN-000072,FPS-0093,RICE,218,2,ALLOC-0000185
MI-0000856,MAN-000072,FPS-0093,WHEAT,165,2,ALLOC-0000186
MI-0000857,MAN-000072,FPS-0493,RICE,150,3,ALLOC-0000985
MI-0000858,MAN-000072,FPS-0493,WHEAT,134,3,ALLOC-0000986
MI-0000859,MAN-000072,FPS-0018,RICE,240,4,ALLOC-0000035
MI-0000860,MAN-000072,FPS-0018,WHEAT,189,4,ALLOC-0000036
MI-0000861,MAN-000072,FPS-0543,RICE,166,5,ALLOC-0001085
MI-0000862,MAN-000072,FPS-0543,WHEAT,138,5,ALLOC-0001086
MI-0000863,MAN-000072,FPS-0518,RICE,152,6,ALLOC-0001035
MI-0000864,MAN-000072,FPS-0518,WHEAT,129,6,ALLOC-0001036
MI-0000865,MAN-000073,FPS-0019,RICE,175,1,ALLOC-0000037
MI-0000866,MAN-000073,FPS-0019,WHEAT,139,1,ALLOC-0000038
MI-0000867,MAN-000073,FPS-0569,RICE,181,2,ALLOC-0001137
MI-0000868,MAN-000073,FPS-0569,WHEAT,134,2,ALLOC-0001138
MI-0000869,MAN-000073,FPS-0044,RICE,156,3,ALLOC-0000087
MI-0000870,MAN-000073,FPS-0044,WHEAT,136,3,ALLOC-0000088
MI-0000871,MAN-000073,FPS-0394,RICE,187,4,ALLOC-0000787
MI-0000872,MAN-000073,FPS-0394,WHEAT,148,4,ALLOC-0000788
MI-0000873,MAN-000073,FPS-0294,RICE,146,5,ALLOC-0000587
MI-0000874,MAN-000073,FPS-0294,WHEAT,117,5,ALLOC-0000588
MI-0000875,MAN-000073,FPS-0269,RICE,173,6,ALLOC-0000537
MI-0000876,MAN-000073,FPS-0269,WHEAT,133,6,ALLOC-0000538
MI-0000877,MAN-000074,FPS-0119,RICE,135,1,ALLOC-0000237
MI-0000878,MAN-000074,FPS-0119,WHEAT,126,1,ALLOC-0000238
MI-0000879,MAN-000074,FPS-0219,RICE,212,2,ALLOC-0000437
MI-0000880,MAN-000074,FPS-0219,WHEAT,165,2,ALLOC-0000438
MI-0000881,MAN-000074,FPS-0319,RICE,143,3,ALLOC-0000637
MI-0000882,MAN-000074,FPS-0319,WHEAT,124,3,ALLOC-0000638
MI-0000883,MAN-000074,FPS-0244,RICE,179,4,ALLOC-0000487
MI-0000884,MAN-000074,FPS-0244,WHEAT,136,4,ALLOC-0000488
MI-0000885,MAN-000074,FPS-0494,RICE,135,5,ALLOC-0000987
MI-0000886,MAN-000074,FPS-0494,WHEAT,118,5,ALLOC-0000988
MI-0000887,MAN-000074,FPS-0369,RICE,164,6,ALLOC-0000737
MI-0000888,MAN-000074,FPS-0369,WHEAT,142,6,ALLOC-0000738
MI-0000889,MAN-000075,FPS-0069,RICE,157,1,ALLOC-0000137
MI-0000890,MAN-000075,FPS-0069,WHEAT,134,1,ALLOC-0000138
MI-0000891,MAN-000075,FPS-0469,RICE,161,2,ALLOC-0000937
MI-0000892,MAN-000075,FPS-0469,WHEAT,144,2,ALLOC-0000938
MI-0000893,MAN-000075,FPS-0544,RICE,145,3,ALLOC-0001087
MI-0000894,MAN-000075,FPS-0544,WHEAT,112,3,ALLOC-0001088
MI-0000895,MAN-000075,FPS-0594,RICE,183,4,ALLOC-0001187
MI-0000896,MAN-000075,FPS-0594,WHEAT,138,4,ALLOC-0001188
MI-0000897,MAN-000075,FPS-0444,RICE,128,5,ALLOC-0000887
MI-0000898,MAN-000075,FPS-0444,WHEAT,116,5,ALLOC-0000888
MI-0000899,MAN-000075,FPS-0519,RICE,167,6,ALLOC-0001037
MI-0000900,MAN-000075,FPS-0519,WHEAT,145,6,ALLOC-0001038
MI-0000901,MAN-000076,FPS-0419,RICE,209,1,ALLOC-0000837
MI-0000902,MAN-000076,FPS-0419,WHEAT,169,1,ALLOC-0000838
MI-0000903,MAN-000076,FPS-0169,RICE,141,2,ALLOC-0000337
MI-0000904,MAN-000076,FPS-0169,WHEAT,132,2,ALLOC-0000338
MI-0000905,MAN-000076,FPS-0094,RICE,220,3,ALLOC-0000187
MI-0000906,MAN-000076,FPS-0094,WHEAT,158,3,ALLOC-0000188
MI-0000907,MAN-000076,FPS-0144,RICE,207,4,ALLOC-0000287
MI-0000908,MAN-000076,FPS-0144,WHEAT,154,4,ALLOC-0000288
MI-0000909,MAN-000076,FPS-0344,RICE,178,5,ALLOC-0000687
MI-0000910,MAN-000076,FPS-0344,WHEAT,147,5,ALLOC-0000688
MI-0000911,MAN-000076,FPS-0194,RICE,143,6,ALLOC-0000387
MI-0000912,MAN-000076,FPS-0194,WHEAT,136,6,ALLOC-0000388
MI-0000913,MAN-000077,FPS-0470,RICE,233,1,ALLOC-0000939
MI-0000914,MAN-000077,FPS-0470,WHEAT,161,1,ALLOC-0000940
MI-0000915,MAN-000077,FPS-0220,RICE,185,2,ALLOC-0000439
MI-0000916,MAN-000077,FPS-0220,WHEAT,135,2,ALLOC-0000440
MI-0000917,MAN-000077,FPS-0420,RICE,207,3,ALLOC-0000839
MI-0000918,MAN-000077,FPS-0420,WHEAT,163,3,ALLOC-0000840
MI-0000919,MAN-000077,FPS-0545,RICE,120,4,ALLOC-0001089
MI-0000920,MAN-000077,FPS-0545,WHEAT,119,4,ALLOC-0001090
MI-0000921,MAN-000077,FPS-0295,RICE,153,5,ALLOC-0000589
MI-0000922,MAN-000077,FPS-0295,WHEAT,126,5,ALLOC-0000590
MI-0000923,MAN-000077,FPS-0395,RICE,133,6,ALLOC-0000789
MI-0000924,MAN-000077,FPS-0395,WHEAT,127,6,ALLOC-0000790
MI-0000925,MAN-000078,FPS-0345,RICE,168,1,ALLOC-0000689
MI-0000926,MAN-000078,FPS-0345,WHEAT,132,1,ALLOC-0000690
MI-0000927,MAN-000078,FPS-0495,RICE,130,2,ALLOC-0000989
MI-0000928,MAN-000078,FPS-0495,WHEAT,110,2,ALLOC-0000990
MI-0000929,MAN-000078,FPS-0445,RICE,151,3,ALLOC-0000889
MI-0000930,MAN-000078,FPS-0445,WHEAT,129,3,ALLOC-0000890
MI-0000931,MAN-000078,FPS-0120,RICE,143,4,ALLOC-0000239
MI-0000932,MAN-000078,FPS-0120,WHEAT,122,4,ALLOC-0000240
MI-0000933,MAN-000078,FPS-0570,RICE,121,5,ALLOC-0001139
MI-0000934,MAN-000078,FPS-0570,WHEAT,106,5,ALLOC-0001140
MI-0000935,MAN-000078,FPS-0270,RICE,140,6,ALLOC-0000539
MI-0000936,MAN-000078,FPS-0270,WHEAT,122,6,ALLOC-0000540
MI-0000937,MAN-000079,FPS-0195,RICE,186,1,ALLOC-0000389
MI-0000938,MAN-000079,FPS-0195,WHEAT,140,1,ALLOC-0000390
MI-0000939,MAN-000079,FPS-0170,RICE,147,2,ALLOC-0000339
MI-0000940,MAN-000079,FPS-0170,WHEAT,132,2,ALLOC-0000340
MI-0000941,MAN-000079,FPS-0145,RICE,127,3,ALLOC-0000289
MI-0000942,MAN-000079,FPS-0145,WHEAT,116,3,ALLOC-0000290
MI-0000943,MAN-000079,FPS-0320,RICE,119,4,ALLOC-0000639
MI-0000944,MAN-000079,FPS-0320,WHEAT,110,4,ALLOC-0000640
MI-0000945,MAN-000079,FPS-0245,RICE,125,5,ALLOC-0000489
MI-0000946,MAN-000079,FPS-0245,WHEAT,121,5,ALLOC-0000490
MI-0000947,MAN-000079,FPS-0595,RICE,126,6,ALLOC-0001189
MI-0000948,MAN-000079,FPS-0595,WHEAT,118,6,ALLOC-0001190
MI-0000949,MAN-000080,FPS-0520,RICE,135,1,ALLOC-0001039
MI-0000950,MAN-000080,FPS-0520,WHEAT,122,1,ALLOC-0001040
MI-0000951,MAN-000080,FPS-0045,RICE,207,2,ALLOC-0000089
MI-0000952,MAN-000080,FPS-0045,WHEAT,150,2,ALLOC-0000090
MI-0000953,MAN-000080,FPS-0070,RICE,147,3,ALLOC-0000139
MI-0000954,MAN-000080,FPS-0070,WHEAT,133,3,ALLOC-0000140
MI-0000955,MAN-000080,FPS-0020,RICE,145,4,ALLOC-0000039
MI-0000956,MAN-000080,FPS-0020,WHEAT,138,4,ALLOC-0000040
MI-0000957,MAN-000080,FPS-0370,RICE,171,5,ALLOC-0000739
MI-0000958,MAN-000080,FPS-0370,WHEAT,135,5,ALLOC-0000740
MI-0000959,MAN-000080,FPS-0095,RICE,210,6,ALLOC-0000189
MI-0000960,MAN-000080,FPS-0095,WHEAT,149,6,ALLOC-0000190
MI-0000961,MAN-000081,FPS-0496,RICE,153,1,ALLOC-0000991
MI-0000962,MAN-000081,FPS-0496,WHEAT,126,1,ALLOC-0000992
MI-0000963,MAN-000081,FPS-0421,RICE,190,2,ALLOC-0000841
MI-0000964,MAN-000081,FPS-0421,WHEAT,141,2,ALLOC-0000842
MI-0000965,MAN-000081,FPS-0371,RICE,146,3,ALLOC-0000741
MI-0000966,MAN-000081,FPS-0371,WHEAT,126,3,ALLOC-0000742
MI-0000967,MAN-000081,FPS-0321,RICE,226,4,ALLOC-0000641
MI-0000968,MAN-000081,FPS-0321,WHEAT,156,4,ALLOC-0000642
MI-0000969,MAN-000081,FPS-0296,RICE,135,5,ALLOC-0000591
MI-0000970,MAN-000081,FPS-0296,WHEAT,110,5,ALLOC-0000592
MI-0000971,MAN-000081,FPS-0446,RICE,162,6,ALLOC-0000891
MI-0000972,MAN-000081,FPS-0446,WHEAT,138,6,ALLOC-0000892
MI-0000973,MAN-000082,FPS-0171,RICE,150,1,ALLOC-0000341
MI-0000974,MAN-000082,FPS-0171,WHEAT,132,1,ALLOC-0000342
MI-0000975,MAN-000082,FPS-0096,RICE,157,2,ALLOC-0000191
MI-0000976,MAN-000082,FPS-0096,WHEAT,136,2,ALLOC-0000192
MI-0000977,MAN-000082,FPS-0346,RICE,183,3,ALLOC-0000691
MI-0000978,MAN-000082,FPS-0346,WHEAT,138,3,ALLOC-0000692
MI-0000979,MAN-000082,FPS-0146,RICE,122,4,ALLOC-0000291
MI-0000980,MAN-000082,FPS-0146,WHEAT,118,4,ALLOC-0000292
MI-0000981,MAN-000082,FPS-0271,RICE,162,5,ALLOC-0000541
MI-0000982,MAN-000082,FPS-0271,WHEAT,143,5,ALLOC-0000542
MI-0000983,MAN-000082,FPS-0596,RICE,141,6,ALLOC-0001191
MI-0000984,MAN-000082,FPS-0596,WHEAT,122,6,ALLOC-0001192
MI-0000985,MAN-000083,FPS-0396,RICE,140,1,ALLOC-0000791
MI-0000986,MAN-000083,FPS-0396,WHEAT,127,1,ALLOC-0000792
MI-0000987,MAN-000083,FPS-0471,RICE,159,2,ALLOC-0000941
MI-0000988,MAN-000083,FPS-0471,WHEAT,131,2,ALLOC-0000942
MI-0000989,MAN-000083,FPS-0071,RICE,119,3,ALLOC-0000141
MI-0000990,MAN-000083,FPS-0071,WHEAT,114,3,ALLOC-0000142
MI-0000991,MAN-000083,FPS-0121,RICE,147,4,ALLOC-0000241
MI-0000992,MAN-000083,FPS-0121,WHEAT,131,4,ALLOC-0000242
MI-0000993,MAN-000083,FPS-0246,RICE,277,5,ALLOC-0000491
MI-0000994,MAN-000083,FPS-0246,WHEAT,187,5,ALLOC-0000492
MI-0000995,MAN-000083,FPS-0196,RICE,198,6,ALLOC-0000391
MI-0000996,MAN-000083,FPS-0196,WHEAT,136,6,ALLOC-0000392
MI-0000997,MAN-000084,FPS-0021,RICE,259,1,ALLOC-0000041
MI-0000998,MAN-000084,FPS-0021,WHEAT,188,1,ALLOC-0000042
MI-0000999,MAN-000084,FPS-0046,RICE,166,2,ALLOC-0000091
MI-0001000,MAN-000084,FPS-0046,WHEAT,138,2,ALLOC-0000092
MI-0001001,MAN-000084,FPS-0571,RICE,139,3,ALLOC-0001141
MI-0001002,MAN-000084,FPS-0571,WHEAT,133,3,ALLOC-0001142
MI-0001003,MAN-000084,FPS-0546,RICE,238,4,ALLOC-0001091
MI-0001004,MAN-000084,FPS-0546,WHEAT,162,4,ALLOC-0001092
MI-0001005,MAN-000084,FPS-0521,RICE,190,5,ALLOC-0001041
MI-0001006,MAN-000084,FPS-0521,WHEAT,141,5,ALLOC-0001042
MI-0001007,MAN-000084,FPS-0221,RICE,209,6,ALLOC-0000441
MI-0001008,MAN-000084,FPS-0221,WHEAT,156,6,ALLOC-0000442
MI-0001009,MAN-000085,FPS-0172,RICE,189,1,ALLOC-0000343
MI-0001010,MAN-000085,FPS-0172,WHEAT,135,1,ALLOC-0000344
MI-0001011,MAN-000085,FPS-0347,RICE,265,2,ALLOC-0000693
MI-0001012,MAN-000085,FPS-0347,WHEAT,177,2,ALLOC-0000694
MI-0001013,MAN-000085,FPS-0422,RICE,163,3,ALLOC-0000843
MI-0001014,MAN-000085,FPS-0422,WHEAT,134,3,ALLOC-0000844
MI-0001015,MAN-000085,FPS-0497,RICE,217,4,ALLOC-0000993
MI-0001016,MAN-000085,FPS-0497,WHEAT,142,4,ALLOC-0000994
MI-0001017,MAN-000085,FPS-0197,RICE,207,5,ALLOC-0000393
MI-0001018,MAN-000085,FPS-0197,WHEAT,151,5,ALLOC-0000394
MI-0001019,MAN-000085,FPS-0072,RICE,216,6,ALLOC-0000143
MI-0001020,MAN-000085,FPS-0072,WHEAT,164,6,ALLOC-0000144
MI-0001021,MAN-000086,FPS-0572,RICE,250,1,ALLOC-0001143
MI-0001022,MAN-000086,FPS-0572,WHEAT,169,1,ALLOC-0001144
MI-0001023,MAN-000086,FPS-0222,RICE,205,2,ALLOC-0000443
MI-0001024,MAN-000086,FPS-0222,WHEAT,148,2,ALLOC-0000444
MI-0001025,MAN-000086,FPS-0247,RICE,116,3,ALLOC-0000493
MI-0001026,MAN-000086,FPS-0247,WHEAT,102,3,ALLOC-0000494
MI-0001027,MAN-000086,FPS-0472,RICE,221,4,ALLOC-0000943
MI-0001028,MAN-000086,FPS-0472,WHEAT,168,4,ALLOC-0000944
MI-0001029,MAN-000086,FPS-0297,RICE,159,5,ALLOC-0000593
MI-0001030,MAN-000086,FPS-0297,WHEAT,137,5,ALLOC-0000594
MI-0001031,MAN-000086,FPS-0147,RICE,140,6,ALLOC-0000293
MI-0001032,MAN-000086,FPS-0147,WHEAT,126,6,ALLOC-0000294
MI-0001033,MAN-000087,FPS-0097,RICE,207,1,ALLOC-0000193
MI-0001034,MAN-000087,FPS-0097,WHEAT,154,1,ALLOC-0000194
MI-0001035,MAN-000087,FPS-0522,RICE,195,2,ALLOC-0001043
MI-0001036,MAN-000087,FPS-0522,WHEAT,145,2,ALLOC-0001044
MI-0001037,MAN-000087,FPS-0322,RICE,175,3,ALLOC-0000643
MI-0001038,MAN-000087,FPS-0322,WHEAT,141,3,ALLOC-0000644
MI-0001039,MAN-000087,FPS-0122,RICE,146,4,ALLOC-0000243
MI-0001040,MAN-000087,FPS-0122,WHEAT,131,4,ALLOC-0000244
MI-0001041,MAN-000087,FPS-0047,RICE,200,5,ALLOC-0000093
MI-0001042,MAN-000087,FPS-0047,WHEAT,144,5,ALLOC-0000094
MI-0001043,MAN-000087,FPS-0547,RICE,132,6,ALLOC-0001093
MI-0001044,MAN-000087,FPS-0547,WHEAT,112,6,ALLOC-0001094
MI-0001045,MAN-000088,FPS-0597,RICE,347,1,ALLOC-0001193
MI-0001046,MAN-000088,FPS-0597,WHEAT,236,1,ALLOC-0001194
MI-0001047,MAN-000088,FPS-0022,RICE,157,2,ALLOC-0000043
MI-0001048,MAN-000088,FPS-0022,WHEAT,141,2,ALLOC-0000044
MI-0001049,MAN-000088,FPS-0397,RICE,144,3,ALLOC-0000793
MI-0001050,MAN-000088,FPS-0397,WHEAT,128,3,ALLOC-0000794
MI-0001051,MAN-000088,FPS-0272,RICE,219,4,ALLOC-0000543
MI-0001052,MAN-000088,FPS-0272,WHEAT,162,4,ALLOC-0000544
MI-0001053,MAN-000088,FPS-0372,RICE,136,5,ALLOC-0000743
MI-0001054,MAN-000088,FPS-0372,WHEAT,117,5,ALLOC-0000744
MI-0001055,MAN-000088,FPS-0447,RICE,126,6,ALLOC-0000893
MI-0001056,MAN-000088,FPS-0447,WHEAT,112,6,ALLOC-0000894
MI-0001057,MAN-000089,FPS-0548,RICE,177,1,ALLOC-0001095
MI-0001058,MAN-000089,FPS-0548,WHEAT,140,1,ALLOC-0001096
MI-0001059,MAN-000089,FPS-0148,RICE,248,2,ALLOC-0000295
MI-0001060,MAN-000089,FPS-0148,WHEAT,185,2,ALLOC-0000296
MI-0001061,MAN-000089,FPS-0573,RICE,123,3,ALLOC-0001145
MI-0001062,MAN-000089,FPS-0573,WHEAT,113,3,ALLOC-0001146
MI-0001063,MAN-000089,FPS-0098,RICE,246,4,ALLOC-0000195
MI-0001064,MAN-000089,FPS-0098,WHEAT,166,4,ALLOC-0000196
MI-0001065,MAN-000089,FPS-0598,RICE,186,5,ALLOC-0001195
MI-0001066,MAN-000089,FPS-0598,WHEAT,145,5,ALLOC-0001196
MI-0001067,MAN-000089,FPS-0023,RICE,144,6,ALLOC-0000045
MI-0001068,MAN-000089,FPS-0023,WHEAT,131,6,ALLOC-0000046
MI-0001069,MAN-000090,FPS-0323,RICE,172,1,ALLOC-0000645
MI-0001070,MAN-000090,FPS-0323,WHEAT,158,1,ALLOC-0000646
MI-0001071,MAN-000090,FPS-0048,RICE,130,2,ALLOC-0000095
MI-0001072,MAN-000090,FPS-0048,WHEAT,111,2,ALLOC-0000096
MI-0001073,MAN-000090,FPS-0423,RICE,168,3,ALLOC-0000845
MI-0001074,MAN-000090,FPS-0423,WHEAT,135,3,ALLOC-0000846
MI-0001075,MAN-000090,FPS-0448,RICE,161,4,ALLOC-0000895
MI-0001076,MAN-000090,FPS-0448,WHEAT,152,4,ALLOC-0000896
MI-0001077,MAN-000090,FPS-0123,RICE,141,5,ALLOC-0000245
MI-0001078,MAN-000090,FPS-0123,WHEAT,135,5,ALLOC-0000246
MI-0001079,MAN-000090,FPS-0073,RICE,176,6,ALLOC-0000145
MI-0001080,MAN-000090,FPS-0073,WHEAT,142,6,ALLOC-0000146
MI-0001081,MAN-000091,FPS-0498,RICE,162,1,ALLOC-0000995
MI-0001082,MAN-000091,FPS-0498,WHEAT,140,1,ALLOC-0000996
MI-0001083,MAN-000091,FPS-0298,RICE,145,2,ALLOC-0000595
MI-0001084,MAN-000091,FPS-0298,WHEAT,128,2,ALLOC-0000596
MI-0001085,MAN-000091,FPS-0398,RICE,134,3,ALLOC-0000795
MI-0001086,MAN-000091,FPS-0398,WHEAT,118,3,ALLOC-0000796
MI-0001087,MAN-000091,FPS-0273,RICE,227,4,ALLOC-0000545
MI-0001088,MAN-000091,FPS-0273,WHEAT,151,4,ALLOC-0000546
MI-0001089,MAN-000091,FPS-0173,RICE,154,5,ALLOC-0000345
MI-0001090,MAN-000091,FPS-0173,WHEAT,148,5,ALLOC-0000346
MI-0001091,MAN-000091,FPS-0523,RICE,175,6,ALLOC-0001045
MI-0001092,MAN-000091,FPS-0523,WHEAT,143,6,ALLOC-0001046
MI-0001093,MAN-000092,FPS-0473,RICE,166,1,ALLOC-0000945
MI-0001094,MAN-000092,FPS-0473,WHEAT,144,1,ALLOC-0000946
MI-0001095,MAN-000092,FPS-0373,RICE,155,2,ALLOC-0000745
MI-0001096,MAN-000092,FPS-0373,WHEAT,130,2,ALLOC-0000746
MI-0001097,MAN-000092,FPS-0348,RICE,176,3,ALLOC-0000695
MI-0001098,MAN-000092,FPS-0348,WHEAT,139,3,ALLOC-0000696
MI-0001099,MAN-000092,FPS-0198,RICE,161,4,ALLOC-0000395
MI-0001100,MAN-000092,FPS-0198,WHEAT,126,4,ALLOC-0000396
MI-0001101,MAN-000092,FPS-0248,RICE,266,5,ALLOC-0000495
MI-0001102,MAN-000092,FPS-0248,WHEAT,187,5,ALLOC-0000496
MI-0001103,MAN-000092,FPS-0223,RICE,166,6,ALLOC-0000445
MI-0001104,MAN-000092,FPS-0223,WHEAT,132,6,ALLOC-0000446
MI-0001105,MAN-000093,FPS-0324,RICE,144,1,ALLOC-0000647
MI-0001106,MAN-000093,FPS-0324,WHEAT,127,1,ALLOC-0000648
MI-0001107,MAN-000093,FPS-0374,RICE,143,2,ALLOC-0000747
MI-0001108,MAN-000093,FPS-0374,WHEAT,137,2,ALLOC-0000748
MI-0001109,MAN-000093,FPS-0024,RICE,139,3,ALLOC-0000047
MI-0001110,MAN-000093,FPS-0024,WHEAT,129,3,ALLOC-0000048
MI-0001111,MAN-000093,FPS-0049,RICE,180,4,ALLOC-0000097
MI-0001112,MAN-000093,FPS-0049,WHEAT,153,4,ALLOC-0000098
MI-0001113,MAN-000093,FPS-0174,RICE,198,5,ALLOC-0000347
MI-0001114,MAN-000093,FPS-0174,WHEAT,139,5,ALLOC-0000348
MI-0001115,MAN-000093,FPS-0224,RICE,151,6,ALLOC-0000447
MI-0001116,MAN-000093,FPS-0224,WHEAT,135,6,ALLOC-0000448
MI-0001117,MAN-000094,FPS-0524,RICE,125,1,ALLOC-0001047
MI-0001118,MAN-000094,FPS-0524,WHEAT,113,1,ALLOC-0001048
MI-0001119,MAN-000094,FPS-0349,RICE,176,2,ALLOC-0000697
MI-0001120,MAN-000094,FPS-0349,WHEAT,143,2,ALLOC-0000698
MI-0001121,MAN-000094,FPS-0199,RICE,145,3,ALLOC-0000397
MI-0001122,MAN-000094,FPS-0199,WHEAT,126,3,ALLOC-0000398
MI-0001123,MAN-000094,FPS-0599,RICE,131,4,ALLOC-0001197
MI-0001124,MAN-000094,FPS-0599,WHEAT,114,4,ALLOC-0001198
MI-0001125,MAN-000094,FPS-0399,RICE,163,5,ALLOC-0000797
MI-0001126,MAN-000094,FPS-0399,WHEAT,125,5,ALLOC-0000798
MI-0001127,MAN-000094,FPS-0299,RICE,148,6,ALLOC-0000597
MI-0001128,MAN-000094,FPS-0299,WHEAT,131,6,ALLOC-0000598
MI-0001129,MAN-000095,FPS-0449,RICE,147,1,ALLOC-0000897
MI-0001130,MAN-000095,FPS-0449,WHEAT,115,1,ALLOC-0000898
MI-0001131,MAN-000095,FPS-0124,RICE,222,2,ALLOC-0000247
MI-0001132,MAN-000095,FPS-0124,WHEAT,159,2,ALLOC-0000248
MI-0001133,MAN-000095,FPS-0274,RICE,188,3,ALLOC-0000547
MI-0001134,MAN-000095,FPS-0274,WHEAT,152,3,ALLOC-0000548
MI-0001135,MAN-000095,FPS-0424,RICE,197,4,ALLOC-0000847
MI-0001136,MAN-000095,FPS-0424,WHEAT,144,4,ALLOC-0000848
MI-0001137,MAN-000095,FPS-0149,RICE,261,5,ALLOC-0000297
MI-0001138,MAN-000095,FPS-0149,WHEAT,180,5,ALLOC-0000298
MI-0001139,MAN-000095,FPS-0549,RICE,212,6,ALLOC-0001097
MI-0001140,MAN-000095,FPS-0549,WHEAT,167,6,ALLOC-0001098
MI-0001141,MAN-000096,FPS-0574,RICE,193,1,ALLOC-0001147
MI-0001142,MAN-000096,FPS-0574,WHEAT,147,1,ALLOC-0001148
MI-0001143,MAN-000096,FPS-0474,RICE,162,2,ALLOC-0000947
MI-0001144,MAN-000096,FPS-0474,WHEAT,144,2,ALLOC-0000948
MI-0001145,MAN-000096,FPS-0099,RICE,166,3,ALLOC-0000197
MI-0001146,MAN-000096,FPS-0099,WHEAT,140,3,ALLOC-0000198
MI-0001147,MAN-000096,FPS-0499,RICE,211,4,ALLOC-0000997
MI-0001148,MAN-000096,FPS-0499,WHEAT,155,4,ALLOC-0000998
MI-0001149,MAN-000096,FPS-0074,RICE,130,5,ALLOC-0000147
MI-0001150,MAN-000096,FPS-0074,WHEAT,104,5,ALLOC-0000148
MI-0001151,MAN-000096,FPS-0249,RICE,207,6,ALLOC-0000497
MI-0001152,MAN-000096,FPS-0249,WHEAT,154,6,ALLOC-0000498
MI-0001153,MAN-000097,FPS-0500,RICE,161,1,ALLOC-0000999
MI-0001154,MAN-000097,FPS-0500,WHEAT,126,1,ALLOC-0001000
MI-0001155,MAN-000097,FPS-0200,RICE,129,2,ALLOC-0000399
MI-0001156,MAN-000097,FPS-0200,WHEAT,112,2,ALLOC-0000400
MI-0001157,MAN-000097,FPS-0025,RICE,241,3,ALLOC-0000049
MI-0001158,MAN-000097,FPS-0025,WHEAT,166,3,ALLOC-0000050
MI-0001159,MAN-000097,FPS-0550,RICE,126,4,ALLOC-0001099
MI-0001160,MAN-000097,FPS-0550,WHEAT,108,4,ALLOC-0001100
MI-0001161,MAN-000097,FPS-0600,RICE,152,5,ALLOC-0001199
MI-0001162,MAN-000097,FPS-0600,WHEAT,136,5,ALLOC-0001200
MI-0001163,MAN-000097,FPS-0525,RICE,120,6,ALLOC-0001049
MI-0001164,MAN-000097,FPS-0525,WHEAT,119,6,ALLOC-0001050
MI-0001165,MAN-000098,FPS-0450,RICE,121,1,ALLOC-0000899
MI-0001166,MAN-000098,FPS-0450,WHEAT,114,1,ALLOC-0000900
MI-0001167,MAN-000098,FPS-0350,RICE,187,2,ALLOC-0000699
MI-0001168,MAN-000098,FPS-0350,WHEAT,142,2,ALLOC-0000700
MI-0001169,MAN-000098,FPS-0400,RICE,187,3,ALLOC-0000799
MI-0001170,MAN-000098,FPS-0400,WHEAT,127,3,ALLOC-0000800
MI-0001171,MAN-000098,FPS-0075,RICE,197,4,ALLOC-0000149
MI-0001172,MAN-000098,FPS-0075,WHEAT,146,4,ALLOC-0000150
MI-0001173,MAN-000098,FPS-0375,RICE,206,5,ALLOC-0000749
MI-0001174,MAN-000098,FPS-0375,WHEAT,179,5,ALLOC-0000750
MI-0001175,MAN-000098,FPS-0475,RICE,208,6,ALLOC-0000949
MI-0001176,MAN-000098,FPS-0475,WHEAT,140,6,ALLOC-0000950
MI-0001177,MAN-000099,FPS-0175,RICE,183,1,ALLOC-0000349
MI-0001178,MAN-000099,FPS-0175,WHEAT,156,1,ALLOC-0000350
MI-0001179,MAN-000099,FPS-0425,RICE,173,2,ALLOC-0000849
MI-0001180,MAN-000099,FPS-0425,WHEAT,138,2,ALLOC-0000850
MI-0001181,MAN-000099,FPS-0300,RICE,160,3,ALLOC-0000599
MI-0001182,MAN-000099,FPS-0300,WHEAT,129,3,ALLOC-0000600
MI-0001183,MAN-000099,FPS-0250,RICE,157,4,ALLOC-0000499
MI-0001184,MAN-000099,FPS-0250,WHEAT,126,4,ALLOC-0000500
MI-0001185,MAN-000099,FPS-0225,RICE,151,5,ALLOC-0000449
MI-0001186,MAN-000099,FPS-0225,WHEAT,137,5,ALLOC-0000450
MI-0001187,MAN-000099,FPS-0100,RICE,114,6,ALLOC-0000199
MI-0001188,MAN-000099,FPS-0100,WHEAT,63,6,ALLOC-0000200
MI-0001189,MAN-000100,FPS-0575,RICE,228,1,ALLOC-0001149
MI-0001190,MAN-000100,FPS-0575,WHEAT,174,1,ALLOC-0001150
MI-0001191,MAN-000100,FPS-0150,RICE,142,2,ALLOC-0000299
MI-0001192,MAN-000100,FPS-0150,WHEAT,108,2,ALLOC-0000300
MI-0001193,MAN-000100,FPS-0050,RICE,249,3,ALLOC-0000099
MI-0001194,MAN-000100,FPS-0050,WHEAT,180,3,ALLOC-0000100
MI-0001195,MAN-000100,FPS-0325,RICE,189,4,ALLOC-0000649
MI-0001196,MAN-000100,FPS-0325,WHEAT,158,4,ALLOC-0000650
MI-0001197,MAN-000100,FPS-0275,RICE,159,5,ALLOC-0000549
MI-0001198,MAN-000100,FPS-0275,WHEAT,145,5,ALLOC-0000550
MI-0001199,MAN-000100,FPS-0125,RICE,147,6,ALLOC-0000249
MI-0001200,MAN-000100,FPS-0125,WHEAT,137,6,ALLOC-0000250
MI-0001201,MAN-000101,FPS-0201,WHEAT,123,1,ALLOC-0001602
MI-0001202,MAN-000101,FPS-0226,WHEAT,131,2,ALLOC-0001652
MI-0001203,MAN-000101,FPS-0451,WHEAT,152,3,ALLOC-0002102
MI-0001204,MAN-000101,FPS-0276,WHEAT,137,4,ALLOC-0001752
MI-0001205,MAN-000101,FPS-0476,WHEAT,131,5,ALLOC-0002152
MI-0001206,MAN-000101,FPS-0126,WHEAT,130,6,ALLOC-0001452
MI-0001207,MAN-000102,FPS-0326,WHEAT,146,1,ALLOC-0001852
MI-0001208,MAN-000102,FPS-0376,WHEAT,128,2,ALLOC-0001952
MI-0001209,MAN-000102,FPS-0176,WHEAT,126,3,ALLOC-0001552
MI-0001210,MAN-000102,FPS-0501,WHEAT,139,4,ALLOC-0002202
MI-0001211,MAN-000102,FPS-0076,WHEAT,139,5,ALLOC-0001352
MI-0001212,MAN-000102,FPS-0001,RICE,13339,6,ALLOC-0001201
MI-0001213,MAN-000102,FPS-0001,WHEAT,168,6,ALLOC-0001202
MI-0001214,MAN-000103,FPS-0301,WHEAT,131,1,ALLOC-0001802
MI-0001215,MAN-000103,FPS-0426,WHEAT,129,2,ALLOC-0002052
MI-0001216,MAN-000103,FPS-0551,WHEAT,144,3,ALLOC-0002302
MI-0001217,MAN-000103,FPS-0151,WHEAT,130,4,ALLOC-0001502
MI-0001218,MAN-000103,FPS-0251,WHEAT,133,5,ALLOC-0001702
MI-0001219,MAN-000103,FPS-0401,WHEAT,141,6,ALLOC-0002002
MI-0001220,MAN-000104,FPS-0351,WHEAT,115,1,ALLOC-0001902
MI-0001221,MAN-000104,FPS-0576,WHEAT,126,2,ALLOC-0002352
MI-0001222,MAN-000104,FPS-0026,WHEAT,132,3,ALLOC-0001252
MI-0001223,MAN-000104,FPS-0051,WHEAT,148,4,ALLOC-0001302
MI-0001224,MAN-000104,FPS-0101,WHEAT,142,5,ALLOC-0001402
MI-0001225,MAN-000104,FPS-0526,WHEAT,158,6,ALLOC-0002252
MI-0001226,MAN-000105,FPS-0052,RICE,223,1,ALLOC-0001303
MI-0001227,MAN-000105,FPS-0052,WHEAT,150,1,ALLOC-0001304
MI-0001228,MAN-000105,FPS-0552,RICE,128,2,ALLOC-0002303
MI-0001229,MAN-000105,FPS-0552,WHEAT,118,2,ALLOC-0002304
MI-0001230,MAN-000105,FPS-0377,RICE,172,3,ALLOC-0001953
MI-0001231,MAN-000105,FPS-0377,WHEAT,138,3,ALLOC-0001954
MI-0001232,MAN-000105,FPS-0177,RICE,134,4,ALLOC-0001553
MI-0001233,MAN-000105,FPS-0177,WHEAT,121,4,ALLOC-0001554
MI-0001234,MAN-000105,FPS-0277,RICE,159,5,ALLOC-0001753
MI-0001235,MAN-000105,FPS-0277,WHEAT,148,5,ALLOC-0001754
MI-0001236,MAN-000105,FPS-0427,RICE,148,6,ALLOC-0002053
MI-0001237,MAN-000105,FPS-0427,WHEAT,136,6,ALLOC-0002054
MI-0001238,MAN-000106,FPS-0477,RICE,191,1,ALLOC-0002153
MI-0001239,MAN-000106,FPS-0477,WHEAT,150,1,ALLOC-0002154
MI-0001240,MAN-000106,FPS-0302,RICE,156,2,ALLOC-0001803
MI-0001241,MAN-000106,FPS-0302,WHEAT,128,2,ALLOC-0001804
MI-0001242,MAN-000106,FPS-0327,RICE,205,3,ALLOC-0001853
MI-0001243,MAN-000106,FPS-0327,WHEAT,146,3,ALLOC-0001854
MI-0001244,MAN-000106,FPS-0102,RICE,139,4,ALLOC-0001403
MI-0001245,MAN-000106,FPS-0102,WHEAT,121,4,ALLOC-0001404
MI-0001246,MAN-000106,FPS-0527,RICE,152,5,ALLOC-0002253
MI-0001247,MAN-000106,FPS-0527,WHEAT,135,5,ALLOC-0002254
MI-0001248,MAN-000106,FPS-0227,RICE,138,6,ALLOC-0001653
MI-0001249,MAN-000106,FPS-0227,WHEAT,130,6,ALLOC-0001654
MI-0001250,MAN-000107,FPS-0352,RICE,178,1,ALLOC-0001903
MI-0001251,MAN-000107,FPS-0352,WHEAT,141,1,ALLOC-0001904
MI-0001252,MAN-000107,FPS-0002,RICE,144,2,ALLOC-0001203
MI-0001253,MAN-000107,FPS-0002,WHEAT,136,2,ALLOC-0001204
MI-0001254,MAN-000107,FPS-0027,RICE,135,3,ALLOC-0001253
MI-0001255,MAN-000107,FPS-0027,WHEAT,98,3,ALLOC-0001254
MI-0001256,MAN-000107,FPS-0402,RICE,135,4,ALLOC-0002003
MI-0001257,MAN-000107,FPS-0402,WHEAT,130,4,ALLOC-0002004
MI-0001258,MAN-000107,FPS-0077,RICE,142,5,ALLOC-0001353
MI-0001259,MAN-000107,FPS-0077,WHEAT,112,5,ALLOC-0001354
MI-0001260,MAN-000107,FPS-0152,RICE,160,6,ALLOC-0001503
MI-0001261,MAN-000107,FPS-0152,WHEAT,125,6,ALLOC-0001504
MI-0001262,MAN-000108,FPS-0502,RICE,204,1,ALLOC-0002203
MI-0001263,MAN-000108,FPS-0502,WHEAT,157,1,ALLOC-0002204
MI-0001264,MAN-000108,FPS-0202,RICE,157,2,ALLOC-0001603
MI-0001265,MAN-000108,FPS-0202,WHEAT,125,2,ALLOC-0001604
MI-0001266,MAN-000108,FPS-0452,RICE,158,3,ALLOC-0002103
MI-0001267,MAN-000108,FPS-0452,WHEAT,134,3,ALLOC-0002104
MI-0001268,MAN-000108,FPS-0252,RICE,137,4,ALLOC-0001703
MI-0001269,MAN-000108,FPS-0252,WHEAT,122,4,ALLOC-0001704
MI-0001270,MAN-000108,FPS-0127,RICE,132,5,ALLOC-0001453
MI-0001271,MAN-000108,FPS-0127,WHEAT,112,5,ALLOC-0001454
MI-0001272,MAN-000108,FPS-0577,RICE,143,6,ALLOC-0002353
MI-0001273,MAN-000108,FPS-0577,WHEAT,117,6,ALLOC-0002354
MI-0001274,MAN-000109,FPS-0278,RICE,146,1,ALLOC-0001755
MI-0001275,MAN-000109,FPS-0278,WHEAT,134,1,ALLOC-0001756
MI-0001276,MAN-000109,FPS-0128,RICE,150,2,ALLOC-0001455
MI-0001277,MAN-000109,FPS-0128,WHEAT,134,2,ALLOC-0001456
MI-0001278,MAN-000109,FPS-0353,RICE,155,3,ALLOC-0001905
MI-0001279,MAN-000109,FPS-0353,WHEAT,133,3,ALLOC-0001906
MI-0001280,MAN-000109,FPS-0503,RICE,189,4,ALLOC-0002205
MI-0001281,MAN-000109,FPS-0503,WHEAT,135,4,ALLOC-0002206
MI-0001282,MAN-000109,FPS-0078,RICE,198,5,ALLOC-0001355
MI-0001283,MAN-000109,FPS-0078,WHEAT,152,5,ALLOC-0001356
MI-0001284,MAN-000109,FPS-0303,RICE,132,6,ALLOC-0001805
MI-0001285,MAN-000109,FPS-0303,WHEAT,115,6,ALLOC-0001806
MI-0001286,MAN-000110,FPS-0378,RICE,206,1,ALLOC-0001955
MI-0001287,MAN-000110,FPS-0378,WHEAT,155,1,ALLOC-0001956
MI-0001288,MAN-000110,FPS-0403,RICE,124,2,ALLOC-0002005
MI-0001289,MAN-000110,FPS-0403,WHEAT,120,2,ALLOC-0002006
MI-0001290,MAN-000110,FPS-0228,RICE,184,3,ALLOC-0001655
MI-0001291,MAN-000110,FPS-0228,WHEAT,145,3,ALLOC-0001656
MI-0001292,MAN-000110,FPS-0103,RICE,223,4,ALLOC-0001405
MI-0001293,MAN-000110,FPS-0103,WHEAT,167,4,ALLOC-0001406
MI-0001294,MAN-000110,FPS-0453,RICE,128,5,ALLOC-0002105
MI-0001295,MAN-000110,FPS-0453,WHEAT,124,5,ALLOC-0002106
MI-0001296,MAN-000110,FPS-0528,RICE,173,6,ALLOC-0002255
MI-0001297,MAN-000110,FPS-0528,WHEAT,155,6,ALLOC-0002256
MI-0001298,MAN-000111,FPS-0253,RICE,237,1,ALLOC-0001705
MI-0001299,MAN-000111,FPS-0253,WHEAT,146,1,ALLOC-0001706
MI-0001300,MAN-000111,FPS-0153,RICE,188,2,ALLOC-0001505
MI-0001301,MAN-000111,FPS-0153,WHEAT,152,2,ALLOC-0001506
MI-0001302,MAN-000111,FPS-0028,RICE,154,3,ALLOC-0001255
MI-0001303,MAN-000111,FPS-0028,WHEAT,132,3,ALLOC-0001256
MI-0001304,MAN-000111,FPS-0428,RICE,147,4,ALLOC-0002055
MI-0001305,MAN-000111,FPS-0428,WHEAT,125,4,ALLOC-0002056
MI-0001306,MAN-000111,FPS-0328,RICE,157,5,ALLOC-0001855
MI-0001307,MAN-000111,FPS-0328,WHEAT,141,5,ALLOC-0001856
MI-0001308,MAN-000111,FPS-0003,RICE,224,6,ALLOC-0001205
MI-0001309,MAN-000111,FPS-0003,WHEAT,174,6,ALLOC-0001206
MI-0001310,MAN-000112,FPS-0178,RICE,140,1,ALLOC-0001555
MI-0001311,MAN-000112,FPS-0178,WHEAT,117,1,ALLOC-0001556
MI-0001312,MAN-000112,FPS-0203,RICE,138,2,ALLOC-0001605
MI-0001313,MAN-000112,FPS-0203,WHEAT,120,2,ALLOC-0001606
MI-0001314,MAN-000112,FPS-0478,RICE,177,3,ALLOC-0002155
MI-0001315,MAN-000112,FPS-0478,WHEAT,145,3,ALLOC-0002156
MI-0001316,MAN-000112,FPS-0578,RICE,131,4,ALLOC-0002355
MI-0001317,MAN-000112,FPS-0578,WHEAT,118,4,ALLOC-0002356
MI-0001318,MAN-000112,FPS-0053,RICE,143,5,ALLOC-0001305
MI-0001319,MAN-000112,FPS-0053,WHEAT,139,5,ALLOC-0001306
MI-0001320,MAN-000112,FPS-0553,RICE,225,6,ALLOC-0002305
MI-0001321,MAN-000112,FPS-0553,WHEAT,161,6,ALLOC-0002306
MI-0001322,MAN-000113,FPS-0104,RICE,141,1,ALLOC-0001407
MI-0001323,MAN-000113,FPS-0104,WHEAT,117,1,ALLOC-0001408
MI-0001324,MAN-000113,FPS-0229,RICE,172,2,ALLOC-0001657
MI-0001325,MAN-000113,FPS-0229,WHEAT,143,2,ALLOC-0001658
MI-0001326,MAN-000113,FPS-0204,RICE,179,3,ALLOC-0001607
MI-0001327,MAN-000113,FPS-0204,WHEAT,144,3,ALLOC-0001608
MI-0001328,MAN-000113,FPS-0179,RICE,193,4,ALLOC-0001557
MI-0001329,MAN-000113,FPS-0179,WHEAT,149,4,ALLOC-0001558
MI-0001330,MAN-000113,FPS-0529,RICE,233,5,ALLOC-0002257
MI-0001331,MAN-000113,FPS-0529,WHEAT,154,5,ALLOC-0002258
MI-0001332,MAN-000113,FPS-0354,RICE,157,6,ALLOC-0001907
MI-0001333,MAN-000113,FPS-0354,WHEAT,128,6,ALLOC-0001908
MI-0001334,MAN-000114,FPS-0504,RICE,133,1,ALLOC-0002207
MI-0001335,MAN-000114,FPS-0504,WHEAT,107,1,ALLOC-0002208
MI-0001336,MAN-000114,FPS-0279,RICE,253,2,ALLOC-0001757
MI-0001337,MAN-000114,FPS-0279,WHEAT,200,2,ALLOC-0001758
MI-0001338,MAN-000114,FPS-0454,RICE,174,3,ALLOC-0002107
MI-0001339,MAN-000114,FPS-0454,WHEAT,153,3,ALLOC-0002108
MI-0001340,MAN-000114,FPS-0004,RICE,180,4,ALLOC-0001207
MI-0001341,MAN-000114,FPS-0004,WHEAT,151,4,ALLOC-0001208
MI-0001342,MAN-000114,FPS-0029,RICE,169,5,ALLOC-0001257
MI-0001343,MAN-000114,FPS-0029,WHEAT,114,5,ALLOC-0001258
MI-0001344,MAN-000114,FPS-0054,RICE,139,6,ALLOC-0001307
MI-0001345,MAN-000114,FPS-0054,WHEAT,135,6,ALLOC-0001308
MI-0001346,MAN-000115,FPS-0329,RICE,137,1,ALLOC-0001857
MI-0001347,MAN-000115,FPS-0329,WHEAT,129,1,ALLOC-0001858
MI-0001348,MAN-000115,FPS-0154,RICE,141,2,ALLOC-0001507
MI-0001349,MAN-000115,FPS-0154,WHEAT,132,2,ALLOC-0001508
MI-0001350,MAN-000115,FPS-0129,RICE,173,3,ALLOC-0001457
MI-0001351,MAN-000115,FPS-0129,WHEAT,149,3,ALLOC-0001458
MI-0001352,MAN-000115,FPS-0479,RICE,195,4,ALLOC-0002157
MI-0001353,MAN-000115,FPS-0479,WHEAT,153,4,ALLOC-0002158
MI-0001354,MAN-000115,FPS-0579,RICE,155,5,ALLOC-0002357
MI-0001355,MAN-000115,FPS-0579,WHEAT,141,5,ALLOC-0002358
MI-0001356,MAN-000115,FPS-0554,RICE,142,6,ALLOC-0002307
MI-0001357,MAN-000115,FPS-0554,WHEAT,129,6,ALLOC-0002308
MI-0001358,MAN-000116,FPS-0404,RICE,143,1,ALLOC-0002007
MI-0001359,MAN-000116,FPS-0404,WHEAT,124,1,ALLOC-0002008
MI-0001360,MAN-000116,FPS-0429,RICE,135,2,ALLOC-0002057
MI-0001361,MAN-000116,FPS-0429,WHEAT,124,2,ALLOC-0002058
MI-0001362,MAN-000116,FPS-0079,RICE,131,3,ALLOC-0001357
MI-0001363,MAN-000116,FPS-0079,WHEAT,120,3,ALLOC-0001358
MI-0001364,MAN-000116,FPS-0304,RICE,174,4,ALLOC-0001807
MI-0001365,MAN-000116,FPS-0304,WHEAT,139,4,ALLOC-0001808
MI-0001366,MAN-000116,FPS-0379,RICE,132,5,ALLOC-0001957
MI-0001367,MAN-000116,FPS-0379,WHEAT,118,5,ALLOC-0001958
MI-0001368,MAN-000116,FPS-0254,RICE,133,6,ALLOC-0001707
MI-0001369,MAN-000116,FPS-0254,WHEAT,116,6,ALLOC-0001708
MI-0001370,MAN-000117,FPS-0080,RICE,136,1,ALLOC-0001359
MI-0001371,MAN-000117,FPS-0080,WHEAT,125,1,ALLOC-0001360
MI-0001372,MAN-000117,FPS-0455,RICE,161,2,ALLOC-0002109
MI-0001373,MAN-000117,FPS-0455,WHEAT,134,2,ALLOC-0002110
MI-0001374,MAN-000117,FPS-0480,RICE,133,3,ALLOC-0002159
MI-0001375,MAN-000117,FPS-0480,WHEAT,122,3,ALLOC-0002160
MI-0001376,MAN-000117,FPS-0580,RICE,214,4,ALLOC-0002359
MI-0001377,MAN-000117,FPS-0580,WHEAT,148,4,ALLOC-0002360
MI-0001378,MAN-000117,FPS-0055,RICE,183,5,ALLOC-0001309
MI-0001379,MAN-000117,FPS-0055,WHEAT,145,5,ALLOC-0001310
MI-0001380,MAN-000117,FPS-0280,RICE,154,6,ALLOC-0001759
MI-0001381,MAN-000117,FPS-0280,WHEAT,131,6,ALLOC-0001760
MI-0001382,MAN-000118,FPS-0205,RICE,155,1,ALLOC-0001609
MI-0001383,MAN-000118,FPS-0205,WHEAT,143,1,ALLOC-0001610
MI-0001384,MAN-000118,FPS-0255,RICE,175,2,ALLOC-0001709
MI-0001385,MAN-000118,FPS-0255,WHEAT,145,2,ALLOC-0001710
MI-0001386,MAN-000118,FPS-0505,RICE,162,3,ALLOC-0002209
MI-0001387,MAN-000118,FPS-0505,WHEAT,131,3,ALLOC-0002210
MI-0001388,MAN-000118,FPS-0330,RICE,142,4,ALLOC-0001859
MI-0001389,MAN-000118,FPS-0330,WHEAT,125,4,ALLOC-0001860
MI-0001390,MAN-000118,FPS-0005,RICE,173,5,ALLOC-0001209
MI-0001391,MAN-000118,FPS-0005,WHEAT,163,5,ALLOC-0001210
MI-0001392,MAN-000118,FPS-0430,RICE,150,6,ALLOC-0002059
MI-0001393,MAN-000118,FPS-0430,WHEAT,123,6,ALLOC-0002060
MI-0001394,MAN-000119,FPS-0530,RICE,183,1,ALLOC-0002259
MI-0001395,MAN-000119,FPS-0530,WHEAT,156,1,ALLOC-0002260
MI-0001396,MAN-000119,FPS-0130,RICE,123,2,ALLOC-0001459
MI-0001397,MAN-000119,FPS-0130,WHEAT,115,2,ALLOC-0001460
MI-0001398,MAN-000119,FPS-0180,RICE,149,3,ALLOC-0001559
MI-0001399,MAN-000119,FPS-0180,WHEAT,135,3,ALLOC-0001560
MI-0001400,MAN-000119,FPS-0380,RICE,192,4,ALLOC-0001959
MI-0001401,MAN-000119,FPS-0380,WHEAT,131,4,ALLOC-0001960
MI-0001402,MAN-000119,FPS-0030,RICE,123,5,ALLOC-0001259
MI-0001403,MAN-000119,FPS-0030,WHEAT,106,5,ALLOC-0001260
MI-0001404,MAN-000119,FPS-0355,RICE,158,6,ALLOC-0001909
MI-0001405,MAN-000119,FPS-0355,WHEAT,142,6,ALLOC-0001910
MI-0001406,MAN-000120,FPS-0230,RICE,245,1,ALLOC-0001659
MI-0001407,MAN-000120,FPS-0230,WHEAT,174,1,ALLOC-0001660
MI-0001408,MAN-000120,FPS-0405,RICE,170,2,ALLOC-0002009
MI-0001409,MAN-000120,FPS-0405,WHEAT,146,2,ALLOC-0002010
MI-0001410,MAN-000120,FPS-0155,RICE,197,3,ALLOC-0001509
MI-0001411,MAN-000120,FPS-0155,WHEAT,163,3,ALLOC-0001510
MI-0001412,MAN-000120,FPS-0555,RICE,206,4,ALLOC-0002309
MI-0001413,MAN-000120,FPS-0555,WHEAT,145,4,ALLOC-0002310
MI-0001414,MAN-000120,FPS-0105,RICE,243,5,ALLOC-0001409
MI-0001415,MAN-000120,FPS-0105,WHEAT,181,5,ALLOC-0001410
MI-0001416,MAN-000120,FPS-0305,RICE,143,6,ALLOC-0001809
MI-0001417,MAN-000120,FPS-0305,WHEAT,138,6,ALLOC-0001810
MI-0001418,MAN-000121,FPS-0556,RICE,181,1,ALLOC-0002311
MI-0001419,MAN-000121,FPS-0556,WHEAT,148,1,ALLOC-0002312
MI-0001420,MAN-000121,FPS-0006,RICE,271,2,ALLOC-0001211
MI-0001421,MAN-000121,FPS-0006,WHEAT,169,2,ALLOC-0001212
MI-0001422,MAN-000121,FPS-0381,RICE,167,3,ALLOC-0001961
MI-0001423,MAN-000121,FPS-0381,WHEAT,150,3,ALLOC-0001962
MI-0001424,MAN-000121,FPS-0231,RICE,163,4,ALLOC-0001661
MI-0001425,MAN-000121,FPS-0231,WHEAT,147,4,ALLOC-0001662
MI-0001426,MAN-000121,FPS-0181,RICE,196,5,ALLOC-0001561
MI-0001427,MAN-000121,FPS-0181,WHEAT,151,5,ALLOC-0001562
MI-0001428,MAN-000121,FPS-0431,RICE,122,6,ALLOC-0002061
MI-0001429,MAN-000121,FPS-0431,WHEAT,114,6,ALLOC-0002062
MI-0001430,MAN-000122,FPS-0331,RICE,162,1,ALLOC-0001861
MI-0001431,MAN-000122,FPS-0331,WHEAT,136,1,ALLOC-0001862
MI-0001432,MAN-000122,FPS-0106,RICE,143,2,ALLOC-0001411
MI-0001433,MAN-000122,FPS-0106,WHEAT,124,2,ALLOC-0001412
MI-0001434,MAN-000122,FPS-0131,RICE,163,3,ALLOC-0001461
MI-0001435,MAN-000122,FPS-0131,WHEAT,131,3,ALLOC-0001462
MI-0001436,MAN-000122,FPS-0056,RICE,144,4,ALLOC-0001311
MI-0001437,MAN-000122,FPS-0056,WHEAT,141,4,ALLOC-0001312
MI-0001438,MAN-000122,FPS-0256,RICE,162,5,ALLOC-0001711
MI-0001439,MAN-000122,FPS-0256,WHEAT,135,5,ALLOC-0001712
MI-0001440,MAN-000122,FPS-0531,RICE,149,6,ALLOC-0002261
MI-0001441,MAN-000122,FPS-0531,WHEAT,137,6,ALLOC-0002262
MI-0001442,MAN-000123,FPS-0206,RICE,212,1,ALLOC-0001611
MI-0001443,MAN-000123,FPS-0206,WHEAT,171,1,ALLOC-0001612
MI-0001444,MAN-000123,FPS-0306,RICE,143,2,ALLOC-0001811
MI-0001445,MAN-000123,FPS-0306,WHEAT,118,2,ALLOC-0001812
MI-0001446,MAN-000123,FPS-0081,RICE,164,3,ALLOC-0001361
MI-0001447,MAN-000123,FPS-0081,WHEAT,127,3,ALLOC-0001362
MI-0001448,MAN-000123,FPS-0281,RICE,167,4,ALLOC-0001761
MI-0001449,MAN-000123,FPS-0281,WHEAT,127,4,ALLOC-0001762
MI-0001450,MAN-000123,FPS-0156,RICE,168,5,ALLOC-0001511
MI-0001451,MAN-000123,FPS-0156,WHEAT,135,5,ALLOC-0001512
MI-0001452,MAN-000123,FPS-0581,RICE,149,6,ALLOC-0002361
MI-0001453,MAN-000123,FPS-0581,WHEAT,143,6,ALLOC-0002362
MI-0001454,MAN-000124,FPS-0031,RICE,118,1,ALLOC-0001261
MI-0001455,MAN-000124,FPS-0031,WHEAT,111,1,ALLOC-0001262
MI-0001456,MAN-000124,FPS-0356,RICE,167,2,ALLOC-0001911
MI-0001457,MAN-000124,FPS-0356,WHEAT,135,2,ALLOC-0001912
MI-0001458,MAN-000124,FPS-0456,RICE,163,3,ALLOC-0002111
MI-0001459,MAN-000124,FPS-0456,WHEAT,134,3,ALLOC-0002112
MI-0001460,MAN-000124,FPS-0406,RICE,228,4,ALLOC-0002011
MI-0001461,MAN-000124,FPS-0406,WHEAT,155,4,ALLOC-0002012
MI-0001462,MAN-000124,FPS-0481,RICE,157,5,ALLOC-0002161
MI-0001463,MAN-000124,FPS-0481,WHEAT,140,5,ALLOC-0002162
MI-0001464,MAN-000124,FPS-0506,RICE,147,6,ALLOC-0002211
MI-0001465,MAN-000124,FPS-0506,WHEAT,122,6,ALLOC-0002212
MI-0001466,MAN-000125,FPS-0007,RICE,140,1,ALLOC-0001213
MI-0001467,MAN-000125,FPS-0007,WHEAT,121,1,ALLOC-0001214
MI-0001468,MAN-000125,FPS-0082,RICE,174,2,ALLOC-0001363
MI-0001469,MAN-000125,FPS-0082,WHEAT,126,2,ALLOC-0001364
MI-0001470,MAN-000125,FPS-0032,RICE,159,3,ALLOC-0001263
MI-0001471,MAN-000125,FPS-0032,WHEAT,154,3,ALLOC-0001264
MI-0001472,MAN-000125,FPS-0182,RICE,155,4,ALLOC-0001563
MI-0001473,MAN-000125,FPS-0182,WHEAT,130,4,ALLOC-0001564
MI-0001474,MAN-000125,FPS-0532,RICE,159,5,ALLOC-0002263
MI-0001475,MAN-000125,FPS-0532,WHEAT,138,5,ALLOC-0002264
MI-0001476,MAN-000125,FPS-0507,RICE,128,6,ALLOC-0002213
MI-0001477,MAN-000125,FPS-0507,WHEAT,112,6,ALLOC-0002214
MI-0001478,MAN-000126,FPS-0557,RICE,214,1,ALLOC-0002313
MI-0001479,MAN-000126,FPS-0557,WHEAT,153,1,ALLOC-0002314
MI-0001480,MAN-000126,FPS-0407,RICE,143,2,ALLOC-0002013
MI-0001481,MAN-000126,FPS-0407,WHEAT,122,2,ALLOC-0002014
MI-0001482,MAN-000126,FPS-0157,RICE,181,3,ALLOC-0001513
MI-0001483,MAN-000126,FPS-0157,WHEAT,154,3,ALLOC-0001514
MI-0001484,MAN-000126,FPS-0582,RICE,98,4,ALLOC-0002363
MI-0001485,MAN-000126,FPS-0582,WHEAT,91,4,ALLOC-0002364
MI-0001486,MAN-000126,FPS-0457,RICE,177,5,ALLOC-0002113
MI-0001487,MAN-000126,FPS-0457,WHEAT,135,5,ALLOC-0002114
MI-0001488,MAN-000126,FPS-0132,RICE,227,6,ALLOC-0001463
MI-0001489,MAN-000126,FPS-0132,WHEAT,159,6,ALLOC-0001464
MI-0001490,MAN-000127,FPS-0057,RICE,171,1,ALLOC-0001313
MI-0001491,MAN-000127,FPS-0057,WHEAT,143,1,ALLOC-0001314
MI-0001492,MAN-000127,FPS-0482,RICE,147,2,ALLOC-0002163
MI-0001493,MAN-000127,FPS-0482,WHEAT,142,2,ALLOC-0002164
MI-0001494,MAN-000127,FPS-0432,RICE,252,3,ALLOC-0002063
MI-0001495,MAN-000127,FPS-0432,WHEAT,180,3,ALLOC-0002064
MI-0001496,MAN-000127,FPS-0357,RICE,215,4,ALLOC-0001913
MI-0001497,MAN-000127,FPS-0357,WHEAT,157,4,ALLOC-0001914
MI-0001498,MAN-000127,FPS-0307,RICE,177,5,ALLOC-0001813
MI-0001499,MAN-000127,FPS-0307,WHEAT,140,5,ALLOC-0001814
MI-0001500,MAN-000127,FPS-0382,RICE,133,6,ALLOC-0001963
MI-0001501,MAN-000127,FPS-0382,WHEAT,119,6,ALLOC-0001964
MI-0001502,MAN-000128,FPS-0257,RICE,138,1,ALLOC-0001713
MI-0001503,MAN-000128,FPS-0257,WHEAT,125,1,ALLOC-0001714
MI-0001504,MAN-000128,FPS-0282,RICE,194,2,ALLOC-0001763
MI-0001505,MAN-000128,FPS-0282,WHEAT,139,2,ALLOC-0001764
MI-0001506,MAN-000128,FPS-0232,RICE,165,3,ALLOC-0001663
MI-0001507,MAN-000128,FPS-0232,WHEAT,141,3,ALLOC-0001664
MI-0001508,MAN-000128,FPS-0332,RICE,198,4,ALLOC-0001863
MI-0001509,MAN-000128,FPS-0332,WHEAT,153,4,ALLOC-0001864
MI-0001510,MAN-000128,FPS-0107,RICE,135,5,ALLOC-0001413
MI-0001511,MAN-000128,FPS-0107,WHEAT,114,5,ALLOC-0001414
MI-0001512,MAN-000128,FPS-0207,RICE,296,6,ALLOC-0001613
MI-0001513,MAN-000128,FPS-0207,WHEAT,191,6,ALLOC-0001614
MI-0001514,MAN-000129,FPS-0008,RICE,155,1,ALLOC-0001215
MI-0001515,MAN-000129,FPS-0008,WHEAT,132,1,ALLOC-0001216
MI-0001516,MAN-000129,FPS-0208,RICE,185,2,ALLOC-0001615
MI-0001517,MAN-000129,FPS-0208,WHEAT,151,2,ALLOC-0001616
MI-0001518,MAN-000129,FPS-0283,RICE,165,3,ALLOC-0001765
MI-0001519,MAN-000129,FPS-0283,WHEAT,132,3,ALLOC-0001766
MI-0001520,MAN-000129,FPS-0183,RICE,160,4,ALLOC-0001565
MI-0001521,MAN-000129,FPS-0183,WHEAT,144,4,ALLOC-0001566
MI-0001522,MAN-000129,FPS-0483,RICE,138,5,ALLOC-0002165
MI-0001523,MAN-000129,FPS-0483,WHEAT,127,5,ALLOC-0002166
MI-0001524,MAN-000129,FPS-0458,RICE,157,6,ALLOC-0002115
MI-0001525,MAN-000129,FPS-0458,WHEAT,137,6,ALLOC-0002116
MI-0001526,MAN-000130,FPS-0308,RICE,170,1,ALLOC-0001815
MI-0001527,MAN-000130,FPS-0308,WHEAT,145,1,ALLOC-0001816
MI-0001528,MAN-000130,FPS-0158,RICE,169,2,ALLOC-0001515
MI-0001529,MAN-000130,FPS-0158,WHEAT,148,2,ALLOC-0001516
MI-0001530,MAN-000130,FPS-0333,RICE,305,3,ALLOC-0001865
MI-0001531,MAN-000130,FPS-0333,WHEAT,211,3,ALLOC-0001866
MI-0001532,MAN-000130,FPS-0133,RICE,142,4,ALLOC-0001465
MI-0001533,MAN-000130,FPS-0133,WHEAT,120,4,ALLOC-0001466
MI-0001534,MAN-000130,FPS-0358,RICE,196,5,ALLOC-0001915
MI-0001535,MAN-000130,FPS-0358,WHEAT,160,5,ALLOC-0001916
MI-0001536,MAN-000130,FPS-0108,RICE,142,6,ALLOC-0001415
MI-0001537,MAN-000130,FPS-0108,WHEAT,118,6,ALLOC-0001416
MI-0001538,MAN-000131,FPS-0533,RICE,185,1,ALLOC-0002265
MI-0001539,MAN-000131,FPS-0533,WHEAT,152,1,ALLOC-0002266
MI-0001540,MAN-000131,FPS-0383,RICE,131,2,ALLOC-0001965
MI-0001541,MAN-000131,FPS-0383,WHEAT,114,2,ALLOC-0001966
MI-0001542,MAN-000131,FPS-0583,RICE,163,3,ALLOC-0002365
MI-0001543,MAN-000131,FPS-0583,WHEAT,136,3,ALLOC-0002366
MI-0001544,MAN-000131,FPS-0058,RICE,200,4,ALLOC-0001315
MI-0001545,MAN-000131,FPS-0058,WHEAT,157,4,ALLOC-0001316
MI-0001546,MAN-000131,FPS-0233,RICE,128,5,ALLOC-0001665
MI-0001547,MAN-000131,FPS-0233,WHEAT,119,5,ALLOC-0001666
MI-0001548,MAN-000131,FPS-0433,RICE,146,6,ALLOC-0002065
MI-0001549,MAN-000131,FPS-0433,WHEAT,128,6,ALLOC-0002066
MI-0001550,MAN-000132,FPS-0258,RICE,149,1,ALLOC-0001715
MI-0001551,MAN-000132,FPS-0258,WHEAT,128,1,ALLOC-0001716
MI-0001552,MAN-000132,FPS-0508,RICE,215,2,ALLOC-0002215
MI-0001553,MAN-000132,FPS-0508,WHEAT,151,2,ALLOC-0002216
MI-0001554,MAN-000132,FPS-0083,RICE,168,3,ALLOC-0001365
MI-0001555,MAN-000132,FPS-0083,WHEAT,133,3,ALLOC-0001366
MI-0001556,MAN-000132,FPS-0558,RICE,245,4,ALLOC-0002315
MI-0001557,MAN-000132,FPS-0558,WHEAT,188,4,ALLOC-0002316
MI-0001558,MAN-000132,FPS-0033,RICE,175,5,ALLOC-0001265
MI-0001559,MAN-000132,FPS-0033,WHEAT,150,5,ALLOC-0001266
MI-0001560,MAN-000132,FPS-0408,RICE,131,6,ALLOC-0002015
MI-0001561,MAN-000132,FPS-0408,WHEAT,120,6,ALLOC-0002016
MI-0001562,MAN-000133,FPS-0334,RICE,177,1,ALLOC-0001867
MI-0001563,MAN-000133,FPS-0334,WHEAT,146,1,ALLOC-0001868
MI-0001564,MAN-000133,FPS-0084,RICE,185,2,ALLOC-0001367
MI-0001565,MAN-000133,FPS-0084,WHEAT,133,2,ALLOC-0001368
MI-0001566,MAN-000133,FPS-0484,RICE,146,3,ALLOC-0002167
MI-0001567,MAN-000133,FPS-0484,WHEAT,134,3,ALLOC-0002168
MI-0001568,MAN-000133,FPS-0434,RICE,179,4,ALLOC-0002067
MI-0001569,MAN-000133,FPS-0434,WHEAT,147,4,ALLOC-0002068
MI-0001570,MAN-000133,FPS-0059,RICE,169,5,ALLOC-0001317
MI-0001571,MAN-000133,FPS-0059,WHEAT,145,5,ALLOC-0001318
MI-0001572,MAN-000133,FPS-0459,RICE,181,6,ALLOC-0002117
MI-0001573,MAN-000133,FPS-0459,WHEAT,146,6,ALLOC-0002118
MI-0001574,MAN-000134,FPS-0134,RICE,170,1,ALLOC-0001467
MI-0001575,MAN-000134,FPS-0134,WHEAT,139,1,ALLOC-0001468
MI-0001576,MAN-000134,FPS-0559,RICE,133,2,ALLOC-0002317
MI-0001577,MAN-000134,FPS-0559,WHEAT,114,2,ALLOC-0002318
MI-0001578,MAN-000134,FPS-0109,RICE,159,3,ALLOC-0001417
MI-0001579,MAN-000134,FPS-0109,WHEAT,129,3,ALLOC-0001418
MI-0001580,MAN-000134,FPS-0409,RICE,130,4,ALLOC-0002017
MI-0001581,MAN-000134,FPS-0409,WHEAT,123,4,ALLOC-0002018
MI-0001582,MAN-000134,FPS-0584,RICE,138,5,ALLOC-0002367
MI-0001583,MAN-000134,FPS-0584,WHEAT,122,5,ALLOC-0002368
MI-0001584,MAN-000134,FPS-0359,RICE,262,6,ALLOC-0001917
MI-0001585,MAN-000134,FPS-0359,WHEAT,189,6,ALLOC-0001918
MI-0001586,MAN-000135,FPS-0009,RICE,150,1,ALLOC-0001217
MI-0001587,MAN-000135,FPS-0009,WHEAT,132,1,ALLOC-0001218
MI-0001588,MAN-000135,FPS-0034,RICE,170,2,ALLOC-0001267
MI-0001589,MAN-000135,FPS-0034,WHEAT,145,2,ALLOC-0001268
MI-0001590,MAN-000135,FPS-0309,RICE,188,3,ALLOC-0001817
MI-0001591,MAN-000135,FPS-0309,WHEAT,156,3,ALLOC-0001818
MI-0001592,MAN-000135,FPS-0534,RICE,138,4,ALLOC-0002267
MI-0001593,MAN-000135,FPS-0534,WHEAT,126,4,ALLOC-0002268
MI-0001594,MAN-000135,FPS-0384,RICE,241,5,ALLOC-0001967
MI-0001595,MAN-000135,FPS-0384,WHEAT,175,5,ALLOC-0001968
MI-0001596,MAN-000135,FPS-0284,RICE,142,6,ALLOC-0001767
MI-0001597,MAN-000135,FPS-0284,WHEAT,134,6,ALLOC-0001768
MI-0001598,MAN-000136,FPS-0159,RICE,119,1,ALLOC-0001517
MI-0001599,MAN-000136,FPS-0159,WHEAT,120,1,ALLOC-0001518
MI-0001600,MAN-000136,FPS-0184,RICE,204,2,ALLOC-0001567
MI-0001601,MAN-000136,FPS-0184,WHEAT,147,2,ALLOC-0001568
MI-0001602,MAN-000136,FPS-0209,RICE,206,3,ALLOC-0001617
MI-0001603,MAN-000136,FPS-0209,WHEAT,153,3,ALLOC-0001618
MI-0001604,MAN-000136,FPS-0234,RICE,170,4,ALLOC-0001667
MI-0001605,MAN-000136,FPS-0234,WHEAT,131,4,ALLOC-0001668
MI-0001606,MAN-000136,FPS-0259,RICE,127,5,ALLOC-0001717
MI-0001607,MAN-000136,FPS-0259,WHEAT,117,5,ALLOC-0001718
MI-0001608,MAN-000136,FPS-0509,RICE,150,6,ALLOC-0002217
MI-0001609,MAN-000136,FPS-0509,WHEAT,123,6,ALLOC-0002218
MI-0001610,MAN-000137,FPS-0510,RICE,141,1,ALLOC-0002219
MI-0001611,MAN-000137,FPS-0510,WHEAT,133,1,ALLOC-0002220
MI-0001612,MAN-000137,FPS-0210,RICE,184,2,ALLOC-0001619
MI-0001613,MAN-000137,FPS-0210,WHEAT,154,2,ALLOC-0001620
MI-0001614,MAN-000137,FPS-0310,RICE,147,3,ALLOC-0001819
MI-0001615,MAN-000137,FPS-0310,WHEAT,140,3,ALLOC-0001820
MI-0001616,MAN-000137,FPS-0385,RICE,220,4,ALLOC-0001969
MI-0001617,MAN-000137,FPS-0385,WHEAT,159,4,ALLOC-0001970
MI-0001618,MAN-000137,FPS-0185,RICE,172,5,ALLOC-0001569
MI-0001619,MAN-000137,FPS-0185,WHEAT,152,5,ALLOC-0001570
MI-0001620,MAN-000137,FPS-0085,RICE,133,6,ALLOC-0001369
MI-0001621,MAN-000137,FPS-0085,WHEAT,121,6,ALLOC-0001370
MI-0001622,MAN-000138,FPS-0135,RICE,124,1,ALLOC-0001469
MI-0001623,MAN-000138,FPS-0135,WHEAT,122,1,ALLOC-0001470
MI-0001624,MAN-000138,FPS-0010,RICE,197,2,ALLOC-0001219
MI-0001625,MAN-000138,FPS-0010,WHEAT,126,2,ALLOC-0001220
MI-0001626,MAN-000138,FPS-0585,RICE,132,3,ALLOC-0002369
MI-0001627,MAN-000138,FPS-0585,WHEAT,114,3,ALLOC-0002370
MI-0001628,MAN-000138,FPS-0435,RICE,173,4,ALLOC-0002069
MI-0001629,MAN-000138,FPS-0435,WHEAT,139,4,ALLOC-0002070
MI-0001630,MAN-000138,FPS-0460,RICE,170,5,ALLOC-0002119
MI-0001631,MAN-000138,FPS-0460,WHEAT,130,5,ALLOC-0002120
MI-0001632,MAN-000138,FPS-0360,RICE,132,6,ALLOC-0001919
MI-0001633,MAN-000138,FPS-0360,WHEAT,115,6,ALLOC-0001920
MI-0001634,MAN-000139,FPS-0535,RICE,182,1,ALLOC-0002269
MI-0001635,MAN-000139,FPS-0535,WHEAT,159,1,ALLOC-0002270
MI-0001636,MAN-000139,FPS-0335,RICE,205,2,ALLOC-0001869
MI-0001637,MAN-000139,FPS-0335,WHEAT,161,2,ALLOC-0001870
MI-0001638,MAN-000139,FPS-0060,RICE,197,3,ALLOC-0001319
MI-0001639,MAN-000139,FPS-0060,WHEAT,160,3,ALLOC-0001320
MI-0001640,MAN-000139,FPS-0235,RICE,184,4,ALLOC-0001669
MI-0001641,MAN-000139,FPS-0235,WHEAT,137,4,ALLOC-0001670
MI-0001642,MAN-000139,FPS-0560,RICE,217,5,ALLOC-0002319
MI-0001643,MAN-000139,FPS-0560,WHEAT,155,5,ALLOC-0002320
MI-0001644,MAN-000139,FPS-0160,RICE,121,6,ALLOC-0001519
MI-0001645,MAN-000139,FPS-0160,WHEAT,115,6,ALLOC-0001520
MI-0001646,MAN-000140,FPS-0260,RICE,117,1,ALLOC-0001719
MI-0001647,MAN-000140,FPS-0260,WHEAT,113,1,ALLOC-0001720
MI-0001648,MAN-000140,FPS-0035,RICE,176,2,ALLOC-0001269
MI-0001649,MAN-000140,FPS-0035,WHEAT,139,2,ALLOC-0001270
MI-0001650,MAN-000140,FPS-0410,RICE,220,3,ALLOC-0002019
MI-0001651,MAN-000140,FPS-0410,WHEAT,146,3,ALLOC-0002020
MI-0001652,MAN-000140,FPS-0110,RICE,135,4,ALLOC-0001419
MI-0001653,MAN-000140,FPS-0110,WHEAT,133,4,ALLOC-0001420
MI-0001654,MAN-000140,FPS-0285,RICE,183,5,ALLOC-0001769
MI-0001655,MAN-000140,FPS-0285,WHEAT,162,5,ALLOC-0001770
MI-0001656,MAN-000140,FPS-0485,RICE,124,6,ALLOC-0002169
MI-0001657,MAN-000140,FPS-0485,WHEAT,119,6,ALLOC-0002170
MI-0001658,MAN-000141,FPS-0586,RICE,156,1,ALLOC-0002371
MI-0001659,MAN-000141,FPS-0586,WHEAT,136,1,ALLOC-0002372
MI-0001660,MAN-000141,FPS-0286,RICE,155,2,ALLOC-0001771
MI-0001661,MAN-000141,FPS-0286,WHEAT,131,2,ALLOC-0001772
MI-0001662,MAN-000141,FPS-0186,RICE,231,3,ALLOC-0001571
MI-0001663,MAN-000141,FPS-0186,WHEAT,178,3,ALLOC-0001572
MI-0001664,MAN-000141,FPS-0236,RICE,149,4,ALLOC-0001671
MI-0001665,MAN-000141,FPS-0236,WHEAT,128,4,ALLOC-0001672
MI-0001666,MAN-000141,FPS-0436,RICE,149,5,ALLOC-0002071
MI-0001667,MAN-000141,FPS-0436,WHEAT,123,5,ALLOC-0002072
MI-0001668,MAN-000141,FPS-0011,RICE,157,6,ALLOC-0001221
MI-0001669,MAN-000141,FPS-0011,WHEAT,134,6,ALLOC-0001222
MI-0001670,MAN-000142,FPS-0036,RICE,219,1,ALLOC-0001271
MI-0001671,MAN-000142,FPS-0036,WHEAT,149,1,ALLOC-0001272
MI-0001672,MAN-000142,FPS-0161,RICE,221,2,ALLOC-0001521
MI-0001673,MAN-000142,FPS-0161,WHEAT,154,2,ALLOC-0001522
MI-0001674,MAN-000142,FPS-0336,RICE,183,3,ALLOC-0001871
MI-0001675,MAN-000142,FPS-0336,WHEAT,136,3,ALLOC-0001872
MI-0001676,MAN-000142,FPS-0561,RICE,163,4,ALLOC-0002321
MI-0001677,MAN-000142,FPS-0561,WHEAT,135,4,ALLOC-0002322
MI-0001678,MAN-000142,FPS-0111,RICE,139,5,ALLOC-0001421
MI-0001679,MAN-000142,FPS-0111,WHEAT,120,5,ALLOC-0001422
MI-0001680,MAN-000142,FPS-0061,RICE,136,6,ALLOC-0001321
MI-0001681,MAN-000142,FPS-0061,WHEAT,131,6,ALLOC-0001322
MI-0001682,MAN-000143,FPS-0311,RICE,219,1,ALLOC-0001821
MI-0001683,MAN-000143,FPS-0311,WHEAT,173,1,ALLOC-0001822
MI-0001684,MAN-000143,FPS-0511,RICE,147,2,ALLOC-0002221
MI-0001685,MAN-000143,FPS-0511,WHEAT,122,2,ALLOC-0002222
MI-0001686,MAN-000143,FPS-0211,RICE,182,3,ALLOC-0001621
MI-0001687,MAN-000143,FPS-0211,WHEAT,139,3,ALLOC-0001622
MI-0001688,MAN-000143,FPS-0086,RICE,168,4,ALLOC-0001371
MI-0001689,MAN-000143,FPS-0086,WHEAT,143,4,ALLOC-0001372
MI-0001690,MAN-000143,FPS-0411,RICE,130,5,ALLOC-0002021
MI-0001691,MAN-000143,FPS-0411,WHEAT,118,5,ALLOC-0002022
MI-0001692,MAN-000143,FPS-0536,RICE,145,6,ALLOC-0002271
MI-0001693,MAN-000143,FPS-0536,WHEAT,143,6,ALLOC-0002272
MI-0001694,MAN-000144,FPS-0386,RICE,164,1,ALLOC-0001971
MI-0001695,MAN-000144,FPS-0386,WHEAT,144,1,ALLOC-0001972
MI-0001696,MAN-000144,FPS-0486,RICE,180,2,ALLOC-0002171
MI-0001697,MAN-000144,FPS-0486,WHEAT,144,2,ALLOC-0002172
MI-0001698,MAN-000144,FPS-0461,RICE,179,3,ALLOC-0002121
MI-0001699,MAN-000144,FPS-0461,WHEAT,136,3,ALLOC-0002122
MI-0001700,MAN-000144,FPS-0261,RICE,118,4,ALLOC-0001721
MI-0001701,MAN-000144,FPS-0261,WHEAT,110,4,ALLOC-0001722
MI-0001702,MAN-000144,FPS-0136,RICE,172,5,ALLOC-0001471
MI-0001703,MAN-000144,FPS-0136,WHEAT,148,5,ALLOC-0001472
MI-0001704,MAN-000144,FPS-0361,RICE,152,6,ALLOC-0001921
MI-0001705,MAN-000144,FPS-0361,WHEAT,134,6,ALLOC-0001922
MI-0001706,MAN-000145,FPS-0512,RICE,120,1,ALLOC-0002223
MI-0001707,MAN-000145,FPS-0512,WHEAT,131,1,ALLOC-0002224
MI-0001708,MAN-000145,FPS-0012,RICE,181,2,ALLOC-0001223
MI-0001709,MAN-000145,FPS-0012,WHEAT,135,2,ALLOC-0001224
MI-0001710,MAN-000145,FPS-0237,RICE,172,3,ALLOC-0001673
MI-0001711,MAN-000145,FPS-0237,WHEAT,145,3,ALLOC-0001674
MI-0001712,MAN-000145,FPS-0212,RICE,120,4,ALLOC-0001623
MI-0001713,MAN-000145,FPS-0212,WHEAT,104,4,ALLOC-0001624
MI-0001714,MAN-000145,FPS-0462,RICE,140,5,ALLOC-0002123
MI-0001715,MAN-000145,FPS-0462,WHEAT,119,5,ALLOC-0002124
MI-0001716,MAN-000145,FPS-0387,RICE,271,6,ALLOC-0001973
MI-0001717,MAN-000145,FPS-0387,WHEAT,199,6,ALLOC-0001974
MI-0001718,MAN-000146,FPS-0537,RICE,117,1,ALLOC-0002273
MI-0001719,MAN-000146,FPS-0537,WHEAT,109,1,ALLOC-0002274
MI-0001720,MAN-000146,FPS-0487,RICE,156,2,ALLOC-0002173
MI-0001721,MAN-000146,FPS-0487,WHEAT,127,2,ALLOC-0002174
MI-0001722,MAN-000146,FPS-0037,RICE,195,3,ALLOC-0001273
MI-0001723,MAN-000146,FPS-0037,WHEAT,157,3,ALLOC-0001274
MI-0001724,MAN-000146,FPS-0062,RICE,159,4,ALLOC-0001323
MI-0001725,MAN-000146,FPS-0062,WHEAT,125,4,ALLOC-0001324
MI-0001726,MAN-000146,FPS-0262,RICE,156,5,ALLOC-0001723
MI-0001727,MAN-000146,FPS-0262,WHEAT,130,5,ALLOC-0001724
MI-0001728,MAN-000146,FPS-0187,RICE,178,6,ALLOC-0001573
MI-0001729,MAN-000146,FPS-0187,WHEAT,131,6,ALLOC-0001574
MI-0001730,MAN-000147,FPS-0287,RICE,265,1,ALLOC-0001773
MI-0001731,MAN-000147,FPS-0287,WHEAT,191,1,ALLOC-0001774
MI-0001732,MAN-000147,FPS-0087,RICE,154,2,ALLOC-0001373
MI-0001733,MAN-000147,FPS-0087,WHEAT,130,2,ALLOC-0001374
MI-0001734,MAN-000147,FPS-0437,RICE,157,3,ALLOC-0002073
MI-0001735,MAN-000147,FPS-0437,WHEAT,126,3,ALLOC-0002074
MI-0001736,MAN-000147,FPS-0412,RICE,195,4,ALLOC-0002023
MI-0001737,MAN-000147,FPS-0412,WHEAT,152,4,ALLOC-0002024
MI-0001738,MAN-000147,FPS-0112,RICE,132,5,ALLOC-0001423
MI-0001739,MAN-000147,FPS-0112,WHEAT,136,5,ALLOC-0001424
MI-0001740,MAN-000147,FPS-0362,RICE,153,6,ALLOC-0001923
MI-0001741,MAN-000147,FPS-0362,WHEAT,139,6,ALLOC-0001924
MI-0001742,MAN-000148,FPS-0587,RICE,161,1,ALLOC-0002373
MI-0001743,MAN-000148,FPS-0587,WHEAT,133,1,ALLOC-0002374
MI-0001744,MAN-000148,FPS-0137,RICE,179,2,ALLOC-0001473
MI-0001745,MAN-000148,FPS-0137,WHEAT,135,2,ALLOC-0001474
MI-0001746,MAN-000148,FPS-0162,RICE,155,3,ALLOC-0001523
MI-0001747,MAN-000148,FPS-0162,WHEAT,137,3,ALLOC-0001524
MI-0001748,MAN-000148,FPS-0312,RICE,207,4,ALLOC-0001823
MI-0001749,MAN-000148,FPS-0312,WHEAT,150,4,ALLOC-0001824
MI-0001750,MAN-000148,FPS-0562,RICE,224,5,ALLOC-0002323
MI-0001751,MAN-000148,FPS-0562,WHEAT,170,5,ALLOC-0002324
MI-0001752,MAN-000148,FPS-0337,RICE,133,6,ALLOC-0001873
MI-0001753,MAN-000148,FPS-0337,WHEAT,115,6,ALLOC-0001874
MI-0001754,MAN-000149,FPS-0363,RICE,173,1,ALLOC-0001925
MI-0001755,MAN-000149,FPS-0363,WHEAT,137,1,ALLOC-0001926
MI-0001756,MAN-000149,FPS-0513,RICE,172,2,ALLOC-0002225
MI-0001757,MAN-000149,FPS-0513,WHEAT,148,2,ALLOC-0002226
MI-0001758,MAN-000149,FPS-0163,RICE,139,3,ALLOC-0001525
MI-0001759,MAN-000149,FPS-0163,WHEAT,137,3,ALLOC-0001526
MI-0001760,MAN-000149,FPS-0088,RICE,161,4,ALLOC-0001375
MI-0001761,MAN-000149,FPS-0088,WHEAT,137,4,ALLOC-0001376
MI-0001762,MAN-000149,FPS-0438,RICE,140,5,ALLOC-0002075
MI-0001763,MAN-000149,FPS-0438,WHEAT,125,5,ALLOC-0002076
MI-0001764,MAN-000149,FPS-0313,RICE,172,6,ALLOC-0001825
MI-0001765,MAN-000149,FPS-0313,WHEAT,142,6,ALLOC-0001826
MI-0001766,MAN-000150,FPS-0388,RICE,138,1,ALLOC-0001975
MI-0001767,MAN-000150,FPS-0388,WHEAT,139,1,ALLOC-0001976
MI-0001768,MAN-000150,FPS-0488,RICE,185,2,ALLOC-0002175
MI-0001769,MAN-000150,FPS-0488,WHEAT,135,2,ALLOC-0002176
MI-0001770,MAN-000150,FPS-0338,RICE,181,3,ALLOC-0001875
MI-0001771,MAN-000150,FPS-0338,WHEAT,141,3,ALLOC-0001876
MI-0001772,MAN-000150,FPS-0063,RICE,217,4,ALLOC-0001325
MI-0001773,MAN-000150,FPS-0063,WHEAT,137,4,ALLOC-0001326
MI-0001774,MAN-000150,FPS-0563,RICE,256,5,ALLOC-0002325
MI-0001775,MAN-000150,FPS-0563,WHEAT,186,5,ALLOC-0002326
MI-0001776,MAN-000150,FPS-0188,RICE,135,6,ALLOC-0001575
MI-0001777,MAN-000150,FPS-0188,WHEAT,126,6,ALLOC-0001576
MI-0001778,MAN-000151,FPS-0413,RICE,153,1,ALLOC-0002025
MI-0001779,MAN-000151,FPS-0413,WHEAT,129,1,ALLOC-0002026
MI-0001780,MAN-000151,FPS-0238,RICE,173,2,ALLOC-0001675
MI-0001781,MAN-000151,FPS-0238,WHEAT,132,2,ALLOC-0001676
MI-0001782,MAN-000151,FPS-0463,RICE,218,3,ALLOC-0002125
MI-0001783,MAN-000151,FPS-0463,WHEAT,152,3,ALLOC-0002126
MI-0001784,MAN-000151,FPS-0038,RICE,201,4,ALLOC-0001275
MI-0001785,MAN-000151,FPS-0038,WHEAT,150,4,ALLOC-0001276
MI-0001786,MAN-000151,FPS-0263,RICE,150,5,ALLOC-0001725
MI-0001787,MAN-000151,FPS-0263,WHEAT,133,5,ALLOC-0001726
MI-0001788,MAN-000151,FPS-0213,RICE,156,6,ALLOC-0001625
MI-0001789,MAN-000151,FPS-0213,WHEAT,119,6,ALLOC-0001626
MI-0001790,MAN-000152,FPS-0538,RICE,141,1,ALLOC-0002275
MI-0001791,MAN-000152,FPS-0538,WHEAT,129,1,ALLOC-0002276
MI-0001792,MAN-000152,FPS-0288,RICE,138,2,ALLOC-0001775
MI-0001793,MAN-000152,FPS-0288,WHEAT,126,2,ALLOC-0001776
MI-0001794,MAN-000152,FPS-0138,RICE,203,3,ALLOC-0001475
MI-0001795,MAN-000152,FPS-0138,WHEAT,152,3,ALLOC-0001476
MI-0001796,MAN-000152,FPS-0588,RICE,167,4,ALLOC-0002375
MI-0001797,MAN-000152,FPS-0588,WHEAT,130,4,ALLOC-0002376
MI-0001798,MAN-000152,FPS-0013,RICE,179,5,ALLOC-0001225
MI-0001799,MAN-000152,FPS-0013,WHEAT,147,5,ALLOC-0001226
MI-0001800,MAN-000152,FPS-0113,RICE,125,6,ALLOC-0001425
MI-0001801,MAN-000152,FPS-0113,WHEAT,105,6,ALLOC-0001426
MI-0001802,MAN-000153,FPS-0164,RICE,144,1,ALLOC-0001527
MI-0001803,MAN-000153,FPS-0164,WHEAT,129,1,ALLOC-0001528
MI-0001804,MAN-000153,FPS-0289,RICE,128,2,ALLOC-0001777
MI-0001805,MAN-000153,FPS-0289,WHEAT,121,2,ALLOC-0001778
MI-0001806,MAN-000153,FPS-0514,RICE,104,3,ALLOC-0002227
MI-0001807,MAN-000153,FPS-0514,WHEAT,101,3,ALLOC-0002228
MI-0001808,MAN-000153,FPS-0314,RICE,173,4,ALLOC-0001827
MI-0001809,MAN-000153,FPS-0314,WHEAT,142,4,ALLOC-0001828
MI-0001810,MAN-000153,FPS-0589,RICE,165,5,ALLOC-0002377
MI-0001811,MAN-000153,FPS-0589,WHEAT,136,5,ALLOC-0002378
MI-0001812,MAN-000153,FPS-0089,RICE,188,6,ALLOC-0001377
MI-0001813,MAN-000153,FPS-0089,WHEAT,154,6,ALLOC-0001378
MI-0001814,MAN-000154,FPS-0464,RICE,173,1,ALLOC-0002127
MI-0001815,MAN-000154,FPS-0464,WHEAT,145,1,ALLOC-0002128
MI-0001816,MAN-000154,FPS-0064,RICE,134,2,ALLOC-0001327
MI-0001817,MAN-000154,FPS-0064,WHEAT,129,2,ALLOC-0001328
MI-0001818,MAN-000154,FPS-0189,RICE,228,3,ALLOC-0001577
MI-0001819,MAN-000154,FPS-0189,WHEAT,146,3,ALLOC-0001578
MI-0001820,MAN-000154,FPS-0039,RICE,186,4,ALLOC-0001277
MI-0001821,MAN-000154,FPS-0039,WHEAT,153,4,ALLOC-0001278
MI-0001822,MAN-000154,FPS-0339,RICE,137,5,ALLOC-0001877
MI-0001823,MAN-000154,FPS-0339,WHEAT,123,5,ALLOC-0001878
MI-0001824,MAN-000154,FPS-0014,RICE,130,6,ALLOC-0001227
MI-0001825,MAN-000154,FPS-0014,WHEAT,108,6,ALLOC-0001228
MI-0001826,MAN-000155,FPS-0414,RICE,208,1,ALLOC-0002027
MI-0001827,MAN-000155,FPS-0414,WHEAT,143,1,ALLOC-0002028
MI-0001828,MAN-000155,FPS-0564,RICE,150,2,ALLOC-0002327
MI-0001829,MAN-000155,FPS-0564,WHEAT,120,2,ALLOC-0002328
MI-0001830,MAN-000155,FPS-0539,RICE,190,3,ALLOC-0002277
MI-0001831,MAN-000155,FPS-0539,WHEAT,148,3,ALLOC-0002278
MI-0001832,MAN-000155,FPS-0114,RICE,162,4,ALLOC-0001427
MI-0001833,MAN-000155,FPS-0114,WHEAT,148,4,ALLOC-0001428
MI-0001834,MAN-000155,FPS-0264,RICE,98,5,ALLOC-0001727
MI-0001835,MAN-000155,FPS-0264,WHEAT,99,5,ALLOC-0001728
MI-0001836,MAN-000155,FPS-0389,RICE,148,6,ALLOC-0001977
MI-0001837,MAN-000155,FPS-0389,WHEAT,124,6,ALLOC-0001978
MI-0001838,MAN-000156,FPS-0239,RICE,174,1,ALLOC-0001677
MI-0001839,MAN-000156,FPS-0239,WHEAT,118,1,ALLOC-0001678
MI-0001840,MAN-000156,FPS-0139,RICE,166,2,ALLOC-0001477
MI-0001841,MAN-000156,FPS-0139,WHEAT,134,2,ALLOC-0001478
MI-0001842,MAN-000156,FPS-0214,RICE,126,3,ALLOC-0001627
MI-0001843,MAN-000156,FPS-0214,WHEAT,117,3,ALLOC-0001628
MI-0001844,MAN-000156,FPS-0364,RICE,175,4,ALLOC-0001927
MI-0001845,MAN-000156,FPS-0364,WHEAT,157,4,ALLOC-0001928
MI-0001846,MAN-000156,FPS-0439,RICE,179,5,ALLOC-0002077
MI-0001847,MAN-000156,FPS-0439,WHEAT,136,5,ALLOC-0002078
MI-0001848,MAN-000156,FPS-0489,RICE,190,6,ALLOC-0002177
MI-0001849,MAN-000156,FPS-0489,WHEAT,154,6,ALLOC-0002178
MI-0001850,MAN-000157,FPS-0315,RICE,167,1,ALLOC-0001829
MI-0001851,MAN-000157,FPS-0315,WHEAT,137,1,ALLOC-0001830
MI-0001852,MAN-000157,FPS-0540,RICE,123,2,ALLOC-0002279
MI-0001853,MAN-000157,FPS-0540,WHEAT,105,2,ALLOC-0002280
MI-0001854,MAN-000157,FPS-0365,RICE,139,3,ALLOC-0001929
MI-0001855,MAN-000157,FPS-0365,WHEAT,130,3,ALLOC-0001930
MI-0001856,MAN-000157,FPS-0015,RICE,144,4,ALLOC-0001229
MI-0001857,MAN-000157,FPS-0015,WHEAT,131,4,ALLOC-0001230
MI-0001858,MAN-000157,FPS-0065,RICE,155,5,ALLOC-0001329
MI-0001859,MAN-000157,FPS-0065,WHEAT,131,5,ALLOC-0001330
MI-0001860,MAN-000157,FPS-0115,RICE,131,6,ALLOC-0001429
MI-0001861,MAN-000157,FPS-0115,WHEAT,126,6,ALLOC-0001430
MI-0001862,MAN-000158,FPS-0565,RICE,152,1,ALLOC-0002329
MI-0001863,MAN-000158,FPS-0565,WHEAT,138,1,ALLOC-0002330
MI-0001864,MAN-000158,FPS-0490,RICE,187,2,ALLOC-0002179
MI-0001865,MAN-000158,FPS-0490,WHEAT,158,2,ALLOC-0002180
MI-0001866,MAN-000158,FPS-0265,RICE,194,3,ALLOC-0001729
MI-0001867,MAN-000158,FPS-0265,WHEAT,146,3,ALLOC-0001730
MI-0001868,MAN-000158,FPS-0340,RICE,135,4,ALLOC-0001879
MI-0001869,MAN-000158,FPS-0340,WHEAT,127,4,ALLOC-0001880
MI-0001870,MAN-000158,FPS-0440,RICE,174,5,ALLOC-0002079
MI-0001871,MAN-000158,FPS-0440,WHEAT,139,5,ALLOC-0002080
MI-0001872,MAN-000158,FPS-0390,RICE,189,6,ALLOC-0001979
MI-0001873,MAN-000158,FPS-0390,WHEAT,146,6,ALLOC-0001980
MI-0001874,MAN-000159,FPS-0190,RICE,129,1,ALLOC-0001579
MI-0001875,MAN-000159,FPS-0190,WHEAT,120,1,ALLOC-0001580
MI-0001876,MAN-000159,FPS-0165,RICE,156,2,ALLOC-0001529
MI-0001877,MAN-000159,FPS-0165,WHEAT,132,2,ALLOC-0001530
MI-0001878,MAN-000159,FPS-0090,RICE,153,3,ALLOC-0001379
MI-0001879,MAN-000159,FPS-0090,WHEAT,132,3,ALLOC-0001380
MI-0001880,MAN-000159,FPS-0140,RICE,143,4,ALLOC-0001479
MI-0001881,MAN-000159,FPS-0140,WHEAT,112,4,ALLOC-0001480
MI-0001882,MAN-000159,FPS-0465,RICE,142,5,ALLOC-0002129
MI-0001883,MAN-000159,FPS-0465,WHEAT,123,5,ALLOC-0002130
MI-0001884,MAN-000159,FPS-0215,RICE,141,6,ALLOC-0001629
MI-0001885,MAN-000159,FPS-0215,WHEAT,120,6,ALLOC-0001630
MI-0001886,MAN-000160,FPS-0590,RICE,156,1,ALLOC-0002379
MI-0001887,MAN-000160,FPS-0590,WHEAT,126,1,ALLOC-0002380
MI-0001888,MAN-000160,FPS-0240,RICE,226,2,ALLOC-0001679
MI-0001889,MAN-000160,FPS-0240,WHEAT,174,2,ALLOC-0001680
MI-0001890,MAN-000160,FPS-0515,RICE,109,3,ALLOC-0002229
MI-0001891,MAN-000160,FPS-0515,WHEAT,99,3,ALLOC-0002230
MI-0001892,MAN-000160,FPS-0415,RICE,172,4,ALLOC-0002029
MI-0001893,MAN-000160,FPS-0415,WHEAT,143,4,ALLOC-0002030
MI-0001894,MAN-000160,FPS-0040,RICE,152,5,ALLOC-0001279
MI-0001895,MAN-000160,FPS-0040,WHEAT,128,5,ALLOC-0001280
MI-0001896,MAN-000160,FPS-0290,RICE,178,6,ALLOC-0001779
MI-0001897,MAN-000160,FPS-0290,WHEAT,141,6,ALLOC-0001780
MI-0001898,MAN-000161,FPS-0091,RICE,152,1,ALLOC-0001381
MI-0001899,MAN-000161,FPS-0091,WHEAT,132,1,ALLOC-0001382
MI-0001900,MAN-000161,FPS-0441,RICE,264,2,ALLOC-0002081
MI-0001901,MAN-000161,FPS-0441,WHEAT,181,2,ALLOC-0002082
MI-0001902,MAN-000161,FPS-0491,RICE,172,3,ALLOC-0002181
MI-0001903,MAN-000161,FPS-0491,WHEAT,134,3,ALLOC-0002182
MI-0001904,MAN-000161,FPS-0266,RICE,136,4,ALLOC-0001731
MI-0001905,MAN-000161,FPS-0266,WHEAT,125,4,ALLOC-0001732
MI-0001906,MAN-000161,FPS-0566,RICE,141,5,ALLOC-0002331
MI-0001907,MAN-000161,FPS-0566,WHEAT,123,5,ALLOC-0002332
MI-0001908,MAN-000161,FPS-0591,RICE,146,6,ALLOC-0002381
MI-0001909,MAN-000161,FPS-0591,WHEAT,126,6,ALLOC-0002382
MI-0001910,MAN-000162,FPS-0316,RICE,126,1,ALLOC-0001831
MI-0001911,MAN-000162,FPS-0316,WHEAT,122,1,ALLOC-0001832
MI-0001912,MAN-000162,FPS-0516,RICE,134,2,ALLOC-0002231
MI-0001913,MAN-000162,FPS-0516,WHEAT,139,2,ALLOC-0002232
MI-0001914,MAN-000162,FPS-0041,RICE,146,3,ALLOC-0001281
MI-0001915,MAN-000162,FPS-0041,WHEAT,133,3,ALLOC-0001282
MI-0001916,MAN-000162,FPS-0291,RICE,151,4,ALLOC-0001781
MI-0001917,MAN-000162,FPS-0291,WHEAT,122,4,ALLOC-0001782
MI-0001918,MAN-000162,FPS-0191,RICE,135,5,ALLOC-0001581
MI-0001919,MAN-000162,FPS-0191,WHEAT,121,5,ALLOC-0001582
MI-0001920,MAN-000162,FPS-0241,RICE,159,6,ALLOC-0001681
MI-0001921,MAN-000162,FPS-0241,WHEAT,141,6,ALLOC-0001682
MI-0001922,MAN-000163,FPS-0466,RICE,134,1,ALLOC-0002131
MI-0001923,MAN-000163,FPS-0466,WHEAT,126,1,ALLOC-0002132
MI-0001924,MAN-000163,FPS-0116,RICE,138,2,ALLOC-0001431
MI-0001925,MAN-000163,FPS-0116,WHEAT,119,2,ALLOC-0001432
MI-0001926,MAN-000163,FPS-0216,RICE,151,3,ALLOC-0001631
MI-0001927,MAN-000163,FPS-0216,WHEAT,134,3,ALLOC-0001632
MI-0001928,MAN-000163,FPS-0066,RICE,168,4,ALLOC-0001331
MI-0001929,MAN-000163,FPS-0066,WHEAT,136,4,ALLOC-0001332
MI-0001930,MAN-000163,FPS-0541,RICE,147,5,ALLOC-0002281
MI-0001931,MAN-000163,FPS-0541,WHEAT,124,5,ALLOC-0002282
MI-0001932,MAN-000163,FPS-0391,RICE,168,6,ALLOC-0001981
MI-0001933,MAN-000163,FPS-0391,WHEAT,131,6,ALLOC-0001982
MI-0001934,MAN-000164,FPS-0166,RICE,165,1,ALLOC-0001531
MI-0001935,MAN-000164,FPS-0166,WHEAT,137,1,ALLOC-0001532
MI-0001936,MAN-000164,FPS-0141,RICE,129,2,ALLOC-0001481
MI-0001937,MAN-000164,FPS-0141,WHEAT,123,2,ALLOC-0001482
MI-0001938,MAN-000164,FPS-0366,RICE,180,3,ALLOC-0001931
MI-0001939,MAN-000164,FPS-0366,WHEAT,151,3,ALLOC-0001932
MI-0001940,MAN-000164,FPS-0016,RICE,206,4,ALLOC-0001231
MI-0001941,MAN-000164,FPS-0016,WHEAT,157,4,ALLOC-0001232
MI-0001942,MAN-000164,FPS-0341,RICE,159,5,ALLOC-0001881
MI-0001943,MAN-000164,FPS-0341,WHEAT,143,5,ALLOC-0001882
MI-0001944,MAN-000164,FPS-0416,RICE,138,6,ALLOC-0002031
MI-0001945,MAN-000164,FPS-0416,WHEAT,126,6,ALLOC-0002032
MI-0001946,MAN-000165,FPS-0292,RICE,250,1,ALLOC-0001783
MI-0001947,MAN-000165,FPS-0292,WHEAT,160,1,ALLOC-0001784
MI-0001948,MAN-000165,FPS-0542,RICE,151,2,ALLOC-0002283
MI-0001949,MAN-000165,FPS-0542,WHEAT,129,2,ALLOC-0002284
MI-0001950,MAN-000165,FPS-0242,RICE,129,3,ALLOC-0001683
MI-0001951,MAN-000165,FPS-0242,WHEAT,98,3,ALLOC-0001684
MI-0001952,MAN-000165,FPS-0217,RICE,145,4,ALLOC-0001633
MI-0001953,MAN-000165,FPS-0217,WHEAT,122,4,ALLOC-0001634
MI-0001954,MAN-000165,FPS-0467,RICE,115,5,ALLOC-0002133
MI-0001955,MAN-000165,FPS-0467,WHEAT,104,5,ALLOC-0002134
MI-0001956,MAN-000165,FPS-0392,RICE,174,6,ALLOC-0001983
MI-0001957,MAN-000165,FPS-0392,WHEAT,148,6,ALLOC-0001984
MI-0001958,MAN-000166,FPS-0067,RICE,159,1,ALLOC-0001333
MI-0001959,MAN-000166,FPS-0067,WHEAT,132,1,ALLOC-0001334
MI-0001960,MAN-000166,FPS-0142,RICE,172,2,ALLOC-0001483
MI-0001961,MAN-000166,FPS-0142,WHEAT,137,2,ALLOC-0001484
MI-0001962,MAN-000166,FPS-0192,RICE,135,3,ALLOC-0001583
MI-0001963,MAN-000166,FPS-0192,WHEAT,113,3,ALLOC-0001584
MI-0001964,MAN-000166,FPS-0517,RICE,146,4,ALLOC-0002233
MI-0001965,MAN-000166,FPS-0517,WHEAT,125,4,ALLOC-0002234
MI-0001966,MAN-000166,FPS-0017,RICE,154,5,ALLOC-0001233
MI-0001967,MAN-000166,FPS-0017,WHEAT,128,5,ALLOC-0001234
MI-0001968,MAN-000166,FPS-0117,RICE,149,6,ALLOC-0001433
MI-0001969,MAN-000166,FPS-0117,WHEAT,148,6,ALLOC-0001434
MI-0001970,MAN-000167,FPS-0492,RICE,267,1,ALLOC-0002183
MI-0001971,MAN-000167,FPS-0492,WHEAT,185,1,ALLOC-0002184
MI-0001972,MAN-000167,FPS-0092,RICE,236,2,ALLOC-0001383
MI-0001973,MAN-000167,FPS-0092,WHEAT,160,2,ALLOC-0001384
MI-0001974,MAN-000167,FPS-0317,RICE,141,3,ALLOC-0001833
MI-0001975,MAN-000167,FPS-0317,WHEAT,121,3,ALLOC-0001834
MI-0001976,MAN-000167,FPS-0567,RICE,153,4,ALLOC-0002333
MI-0001977,MAN-000167,FPS-0567,WHEAT,130,4,ALLOC-0002334
MI-0001978,MAN-000167,FPS-0417,RICE,132,5,ALLOC-0002033
MI-0001979,MAN-000167,FPS-0417,WHEAT,128,5,ALLOC-0002034
MI-0001980,MAN-000167,FPS-0442,RICE,140,6,ALLOC-0002083
MI-0001981,MAN-000167,FPS-0442,WHEAT,118,6,ALLOC-0002084
MI-0001982,MAN-000168,FPS-0367,RICE,132,1,ALLOC-0001933
MI-0001983,MAN-000168,FPS-0367,WHEAT,131,1,ALLOC-0001934
MI-0001984,MAN-000168,FPS-0592,RICE,171,2,ALLOC-0002383
MI-0001985,MAN-000168,FPS-0592,WHEAT,144,2,ALLOC-0002384
MI-0001986,MAN-000168,FPS-0267,RICE,143,3,ALLOC-0001733
MI-0001987,MAN-000168,FPS-0267,WHEAT,120,3,ALLOC-0001734
MI-0001988,MAN-000168,FPS-0167,RICE,145,4,ALLOC-0001533
MI-0001989,MAN-000168,FPS-0167,WHEAT,134,4,ALLOC-0001534
MI-0001990,MAN-000168,FPS-0342,RICE,135,5,ALLOC-0001883
MI-0001991,MAN-000168,FPS-0342,WHEAT,121,5,ALLOC-0001884
MI-0001992,MAN-000168,FPS-0042,RICE,160,6,ALLOC-0001283
MI-0001993,MAN-000168,FPS-0042,WHEAT,143,6,ALLOC-0001284
MI-0001994,MAN-000169,FPS-0243,RICE,215,1,ALLOC-0001685
MI-0001995,MAN-000169,FPS-0243,WHEAT,150,1,ALLOC-0001686
MI-0001996,MAN-000169,FPS-0118,RICE,134,2,ALLOC-0001435
MI-0001997,MAN-000169,FPS-0118,WHEAT,115,2,ALLOC-0001436
MI-0001998,MAN-000169,FPS-0293,RICE,166,3,ALLOC-0001785
MI-0001999,MAN-000169,FPS-0293,WHEAT,134,3,ALLOC-0001786
MI-0002000,MAN-000169,FPS-0543,RICE,172,4,ALLOC-0002285
MI-0002001,MAN-000169,FPS-0543,WHEAT,138,4,ALLOC-0002286
MI-0002002,MAN-000169,FPS-0468,RICE,160,5,ALLOC-0002135
MI-0002003,MAN-000169,FPS-0468,WHEAT,146,5,ALLOC-0002136
MI-0002004,MAN-000169,FPS-0193,RICE,176,6,ALLOC-0001585
MI-0002005,MAN-000169,FPS-0193,WHEAT,143,6,ALLOC-0001586
MI-0002006,MAN-000170,FPS-0593,RICE,245,1,ALLOC-0002385
MI-0002007,MAN-000170,FPS-0593,WHEAT,172,1,ALLOC-0002386
MI-0002008,MAN-000170,FPS-0343,RICE,143,2,ALLOC-0001885
MI-0002009,MAN-000170,FPS-0343,WHEAT,133,2,ALLOC-0001886
MI-0002010,MAN-000170,FPS-0068,RICE,188,3,ALLOC-0001335
MI-0002011,MAN-000170,FPS-0068,WHEAT,141,3,ALLOC-0001336
MI-0002012,MAN-000170,FPS-0093,RICE,195,4,ALLOC-0001385
MI-0002013,MAN-000170,FPS-0093,WHEAT,145,4,ALLOC-0001386
MI-0002014,MAN-000170,FPS-0518,RICE,146,5,ALLOC-0002235
MI-0002015,MAN-000170,FPS-0518,WHEAT,135,5,ALLOC-0002236
MI-0002016,MAN-000170,FPS-0268,RICE,162,6,ALLOC-0001735
MI-0002017,MAN-000170,FPS-0268,WHEAT,135,6,ALLOC-0001736
MI-0002018,MAN-000171,FPS-0443,RICE,136,1,ALLOC-0002085
MI-0002019,MAN-000171,FPS-0443,WHEAT,124,1,ALLOC-0002086
MI-0002020,MAN-000171,FPS-0018,RICE,249,2,ALLOC-0001235
MI-0002021,MAN-000171,FPS-0018,WHEAT,189,2,ALLOC-0001236
MI-0002022,MAN-000171,FPS-0218,RICE,132,3,ALLOC-0001635
MI-0002023,MAN-000171,FPS-0218,WHEAT,126,3,ALLOC-0001636
MI-0002024,MAN-000171,FPS-0393,RICE,170,4,ALLOC-0001985
MI-0002025,MAN-000171,FPS-0393,WHEAT,140,4,ALLOC-0001986
MI-0002026,MAN-000171,FPS-0143,RICE,180,5,ALLOC-0001485
MI-0002027,MAN-000171,FPS-0143,WHEAT,140,5,ALLOC-0001486
MI-0002028,MAN-000171,FPS-0493,RICE,144,6,ALLOC-0002185
MI-0002029,MAN-000171,FPS-0493,WHEAT,126,6,ALLOC-0002186
MI-0002030,MAN-000172,FPS-0043,RICE,156,1,ALLOC-0001285
MI-0002031,MAN-000172,FPS-0043,WHEAT,137,1,ALLOC-0001286
MI-0002032,MAN-000172,FPS-0418,RICE,236,2,ALLOC-0002035
MI-0002033,MAN-000172,FPS-0418,WHEAT,165,2,ALLOC-0002036
MI-0002034,MAN-000172,FPS-0318,RICE,158,3,ALLOC-0001835
MI-0002035,MAN-000172,FPS-0318,WHEAT,140,3,ALLOC-0001836
MI-0002036,MAN-000172,FPS-0168,RICE,123,4,ALLOC-0001535
MI-0002037,MAN-000172,FPS-0168,WHEAT,120,4,ALLOC-0001536
MI-0002038,MAN-000172,FPS-0568,RICE,232,5,ALLOC-0002335
MI-0002039,MAN-000172,FPS-0568,WHEAT,151,5,ALLOC-0002336
MI-0002040,MAN-000172,FPS-0368,RICE,179,6,ALLOC-0001935
MI-0002041,MAN-000172,FPS-0368,WHEAT,141,6,ALLOC-0001936
MI-0002042,MAN-000173,FPS-0094,RICE,198,1,ALLOC-0001387
MI-0002043,MAN-000173,FPS-0094,WHEAT,135,1,ALLOC-0001388
MI-0002044,MAN-000173,FPS-0569,RICE,228,2,ALLOC-0002337
MI-0002045,MAN-000173,FPS-0569,WHEAT,147,2,ALLOC-0002338
MI-0002046,MAN-000173,FPS-0269,RICE,185,3,ALLOC-0001737
MI-0002047,MAN-000173,FPS-0269,WHEAT,137,3,ALLOC-0001738
MI-0002048,MAN-000173,FPS-0494,RICE,142,4,ALLOC-0002187
MI-0002049,MAN-000173,FPS-0494,WHEAT,130,4,ALLOC-0002188
MI-0002050,MAN-000173,FPS-0444,RICE,133,5,ALLOC-0002087
MI-0002051,MAN-000173,FPS-0444,WHEAT,111,5,ALLOC-0002088
MI-0002052,MAN-000173,FPS-0544,RICE,169,6,ALLOC-0002287
MI-0002053,MAN-000173,FPS-0544,WHEAT,139,6,ALLOC-0002288
MI-0002054,MAN-000174,FPS-0394,RICE,166,1,ALLOC-0001987
MI-0002055,MAN-000174,FPS-0394,WHEAT,125,1,ALLOC-0001988
MI-0002056,MAN-000174,FPS-0019,RICE,196,2,ALLOC-0001237
MI-0002057,MAN-000174,FPS-0019,WHEAT,155,2,ALLOC-0001238
MI-0002058,MAN-000174,FPS-0369,RICE,166,3,ALLOC-0001937
MI-0002059,MAN-000174,FPS-0369,WHEAT,146,3,ALLOC-0001938
MI-0002060,MAN-000174,FPS-0169,RICE,153,4,ALLOC-0001537
MI-0002061,MAN-000174,FPS-0169,WHEAT,128,4,ALLOC-0001538
MI-0002062,MAN-000174,FPS-0344,RICE,187,5,ALLOC-0001887
MI-0002063,MAN-000174,FPS-0344,WHEAT,144,5,ALLOC-0001888
MI-0002064,MAN-000174,FPS-0194,RICE,140,6,ALLOC-0001587
MI-0002065,MAN-000174,FPS-0194,WHEAT,113,6,ALLOC-0001588
MI-0002066,MAN-000175,FPS-0519,RICE,155,1,ALLOC-0002237
MI-0002067,MAN-000175,FPS-0519,WHEAT,133,1,ALLOC-0002238
MI-0002068,MAN-000175,FPS-0594,RICE,170,2,ALLOC-0002387
MI-0002069,MAN-000175,FPS-0594,WHEAT,149,2,ALLOC-0002388
MI-0002070,MAN-000175,FPS-0044,RICE,149,3,ALLOC-0001287
MI-0002071,MAN-000175,FPS-0044,WHEAT,140,3,ALLOC-0001288
MI-0002072,MAN-000175,FPS-0219,RICE,181,4,ALLOC-0001637
MI-0002073,MAN-000175,FPS-0219,WHEAT,150,4,ALLOC-0001638
MI-0002074,MAN-000175,FPS-0144,RICE,204,5,ALLOC-0001487
MI-0002075,MAN-000175,FPS-0144,WHEAT,144,5,ALLOC-0001488
MI-0002076,MAN-000175,FPS-0419,RICE,198,6,ALLOC-0002037
MI-0002077,MAN-000175,FPS-0419,WHEAT,146,6,ALLOC-0002038
MI-0002078,MAN-000176,FPS-0469,RICE,145,1,ALLOC-0002137
MI-0002079,MAN-000176,FPS-0469,WHEAT,123,1,ALLOC-0002138
MI-0002080,MAN-000176,FPS-0119,RICE,139,2,ALLOC-0001437
MI-0002081,MAN-000176,FPS-0119,WHEAT,127,2,ALLOC-0001438
MI-0002082,MAN-000176,FPS-0319,RICE,124,3,ALLOC-0001837
MI-0002083,MAN-000176,FPS-0319,WHEAT,118,3,ALLOC-0001838
MI-0002084,MAN-000176,FPS-0244,RICE,144,4,ALLOC-0001687
MI-0002085,MAN-000176,FPS-0244,WHEAT,133,4,ALLOC-0001688
MI-0002086,MAN-000176,FPS-0294,RICE,182,5,ALLOC-0001787
MI-0002087,MAN-000176,FPS-0294,WHEAT,145,5,ALLOC-0001788
MI-0002088,MAN-000176,FPS-0069,RICE,166,6,ALLOC-0001337
MI-0002089,MAN-000176,FPS-0069,WHEAT,138,6,ALLOC-0001338
MI-0002090,MAN-000177,FPS-0370,RICE,187,1,ALLOC-0001939
MI-0002091,MAN-000177,FPS-0370,WHEAT,139,1,ALLOC-0001940
MI-0002092,MAN-000177,FPS-0420,RICE,192,2,ALLOC-0002039
MI-0002093,MAN-000177,FPS-0420,WHEAT,161,2,ALLOC-0002040
MI-0002094,MAN-000177,FPS-0445,RICE,124,3,ALLOC-0002089
MI-0002095,MAN-000177,FPS-0445,WHEAT,111,3,ALLOC-0002090
MI-0002096,MAN-000177,FPS-0345,RICE,181,4,ALLOC-0001889
MI-0002097,MAN-000177,FPS-0345,WHEAT,146,4,ALLOC-0001890
MI-0002098,MAN-000177,FPS-0295,RICE,137,5,ALLOC-0001789
MI-0002099,MAN-000177,FPS-0295,WHEAT,119,5,ALLOC-0001790
MI-0002100,MAN-000177,FPS-0045,RICE,194,6,ALLOC-0001289
MI-0002101,MAN-000177,FPS-0045,WHEAT,164,6,ALLOC-0001290
MI-0002102,MAN-000178,FPS-0095,RICE,211,1,ALLOC-0001389
MI-0002103,MAN-000178,FPS-0095,WHEAT,154,1,ALLOC-0001390
MI-0002104,MAN-000178,FPS-0145,RICE,117,2,ALLOC-0001489
MI-0002105,MAN-000178,FPS-0145,WHEAT,121,2,ALLOC-0001490
MI-0002106,MAN-000178,FPS-0070,RICE,149,3,ALLOC-0001339
MI-0002107,MAN-000178,FPS-0070,WHEAT,145,3,ALLOC-0001340
MI-0002108,MAN-000178,FPS-0020,RICE,126,4,ALLOC-0001239
MI-0002109,MAN-000178,FPS-0020,WHEAT,119,4,ALLOC-0001240
MI-0002110,MAN-000178,FPS-0170,RICE,166,5,ALLOC-0001539
MI-0002111,MAN-000178,FPS-0170,WHEAT,149,5,ALLOC-0001540
MI-0002112,MAN-000178,FPS-0320,RICE,99,6,ALLOC-0001839
MI-0002113,MAN-000178,FPS-0320,WHEAT,102,6,ALLOC-0001840
MI-0002114,MAN-000179,FPS-0195,RICE,172,1,ALLOC-0001589
MI-0002115,MAN-000179,FPS-0195,WHEAT,154,1,ALLOC-0001590
MI-0002116,MAN-000179,FPS-0270,RICE,133,2,ALLOC-0001739
MI-0002117,MAN-000179,FPS-0270,WHEAT,110,2,ALLOC-0001740
MI-0002118,MAN-000179,FPS-0545,RICE,116,3,ALLOC-0002289
MI-0002119,MAN-000179,FPS-0545,WHEAT,110,3,ALLOC-0002290
MI-0002120,MAN-000179,FPS-0220,RICE,213,4,ALLOC-0001639
MI-0002121,MAN-000179,FPS-0220,WHEAT,144,4,ALLOC-0001640
MI-0002122,MAN-000179,FPS-0245,RICE,130,5,ALLOC-0001689
MI-0002123,MAN-000179,FPS-0245,WHEAT,117,5,ALLOC-0001690
MI-0002124,MAN-000179,FPS-0495,RICE,137,6,ALLOC-0002189
MI-0002125,MAN-000179,FPS-0495,WHEAT,119,6,ALLOC-0002190
MI-0002126,MAN-000180,FPS-0470,RICE,257,1,ALLOC-0002139
MI-0002127,MAN-000180,FPS-0470,WHEAT,186,1,ALLOC-0002140
MI-0002128,MAN-000180,FPS-0570,RICE,115,2,ALLOC-0002339
MI-0002129,MAN-000180,FPS-0570,WHEAT,109,2,ALLOC-0002340
MI-0002130,MAN-000180,FPS-0395,RICE,130,3,ALLOC-0001989
MI-0002131,MAN-000180,FPS-0395,WHEAT,120,3,ALLOC-0001990
MI-0002132,MAN-000180,FPS-0520,RICE,126,4,ALLOC-0002239
MI-0002133,MAN-000180,FPS-0520,WHEAT,113,4,ALLOC-0002240
MI-0002134,MAN-000180,FPS-0595,RICE,139,5,ALLOC-0002389
MI-0002135,MAN-000180,FPS-0595,WHEAT,127,5,ALLOC-0002390
MI-0002136,MAN-000180,FPS-0120,RICE,138,6,ALLOC-0001439
MI-0002137,MAN-000180,FPS-0120,WHEAT,123,6,ALLOC-0001440
MI-0002138,MAN-000181,FPS-0371,RICE,145,1,ALLOC-0001941
MI-0002139,MAN-000181,FPS-0371,WHEAT,124,1,ALLOC-0001942
MI-0002140,MAN-000181,FPS-0121,RICE,159,2,ALLOC-0001441
MI-0002141,MAN-000181,FPS-0121,WHEAT,133,2,ALLOC-0001442
MI-0002142,MAN-000181,FPS-0596,RICE,153,3,ALLOC-0002391
MI-0002143,MAN-000181,FPS-0596,WHEAT,150,3,ALLOC-0002392
MI-0002144,MAN-000181,FPS-0296,RICE,145,4,ALLOC-0001791
MI-0002145,MAN-000181,FPS-0296,WHEAT,122,4,ALLOC-0001792
MI-0002146,MAN-000181,FPS-0071,RICE,147,5,ALLOC-0001341
MI-0002147,MAN-000181,FPS-0071,WHEAT,132,5,ALLOC-0001342
MI-0002148,MAN-000181,FPS-0396,RICE,135,6,ALLOC-0001991
MI-0002149,MAN-000181,FPS-0396,WHEAT,118,6,ALLOC-0001992
MI-0002150,MAN-000182,FPS-0221,RICE,178,1,ALLOC-0001641
MI-0002151,MAN-000182,FPS-0221,WHEAT,151,1,ALLOC-0001642
MI-0002152,MAN-000182,FPS-0096,RICE,152,2,ALLOC-0001391
MI-0002153,MAN-000182,FPS-0096,WHEAT,138,2,ALLOC-0001392
MI-0002154,MAN-000182,FPS-0021,RICE,277,3,ALLOC-0001241
MI-0002155,MAN-000182,FPS-0021,WHEAT,189,3,ALLOC-0001242
MI-0002156,MAN-000182,FPS-0496,RICE,123,4,ALLOC-0002191
MI-0002157,MAN-000182,FPS-0496,WHEAT,110,4,ALLOC-0002192
MI-0002158,MAN-000182,FPS-0171,RICE,149,5,ALLOC-0001541
MI-0002159,MAN-000182,FPS-0171,WHEAT,129,5,ALLOC-0001542
MI-0002160,MAN-000182,FPS-0046,RICE,150,6,ALLOC-0001291
MI-0002161,MAN-000182,FPS-0046,WHEAT,129,6,ALLOC-0001292
MI-0002162,MAN-000183,FPS-0346,RICE,151,1,ALLOC-0001891
MI-0002163,MAN-000183,FPS-0346,WHEAT,125,1,ALLOC-0001892
MI-0002164,MAN-000183,FPS-0546,RICE,221,2,ALLOC-0002291
MI-0002165,MAN-000183,FPS-0546,WHEAT,153,2,ALLOC-0002292
MI-0002166,MAN-000183,FPS-0471,RICE,171,3,ALLOC-0002141
MI-0002167,MAN-000183,FPS-0471,WHEAT,137,3,ALLOC-0002142
MI-0002168,MAN-000183,FPS-0146,RICE,127,4,ALLOC-0001491
MI-0002169,MAN-000183,FPS-0146,WHEAT,111,4,ALLOC-0001492
MI-0002170,MAN-000183,FPS-0246,RICE,271,5,ALLOC-0001691
MI-0002171,MAN-000183,FPS-0246,WHEAT,186,5,ALLOC-0001692
MI-0002172,MAN-000183,FPS-0196,RICE,218,6,ALLOC-0001591
MI-0002173,MAN-000183,FPS-0196,WHEAT,144,6,ALLOC-0001592
MI-0002174,MAN-000184,FPS-0521,RICE,174,1,ALLOC-0002241
MI-0002175,MAN-000184,FPS-0521,WHEAT,135,1,ALLOC-0002242
MI-0002176,MAN-000184,FPS-0571,RICE,143,2,ALLOC-0002341
MI-0002177,MAN-000184,FPS-0571,WHEAT,117,2,ALLOC-0002342
MI-0002178,MAN-000184,FPS-0321,RICE,186,3,ALLOC-0001841
MI-0002179,MAN-000184,FPS-0321,WHEAT,140,3,ALLOC-0001842
MI-0002180,MAN-000184,FPS-0421,RICE,189,4,ALLOC-0002041
MI-0002181,MAN-000184,FPS-0421,WHEAT,150,4,ALLOC-0002042
MI-0002182,MAN-000184,FPS-0271,RICE,177,5,ALLOC-0001741
MI-0002183,MAN-000184,FPS-0271,WHEAT,147,5,ALLOC-0001742
MI-0002184,MAN-000184,FPS-0446,RICE,133,6,ALLOC-0002091
MI-0002185,MAN-000184,FPS-0446,WHEAT,127,6,ALLOC-0002092
MI-0002186,MAN-000185,FPS-0272,RICE,237,1,ALLOC-0001743
MI-0002187,MAN-000185,FPS-0272,WHEAT,171,1,ALLOC-0001744
MI-0002188,MAN-000185,FPS-0197,RICE,203,2,ALLOC-0001593
MI-0002189,MAN-000185,FPS-0197,WHEAT,142,2,ALLOC-0001594
MI-0002190,MAN-000185,FPS-0447,RICE,145,3,ALLOC-0002093
MI-0002191,MAN-000185,FPS-0447,WHEAT,130,3,ALLOC-0002094
MI-0002192,MAN-000185,FPS-0322,RICE,181,4,ALLOC-0001843
MI-0002193,MAN-000185,FPS-0322,WHEAT,143,4,ALLOC-0001844
MI-0002194,MAN-000185,FPS-0122,RICE,141,5,ALLOC-0001443
MI-0002195,MAN-000185,FPS-0122,WHEAT,137,5,ALLOC-0001444
MI-0002196,MAN-000185,FPS-0172,RICE,163,6,ALLOC-0001543
MI-0002197,MAN-000185,FPS-0172,WHEAT,124,6,ALLOC-0001544
MI-0002198,MAN-000186,FPS-0472,RICE,221,1,ALLOC-0002143
MI-0002199,MAN-000186,FPS-0472,WHEAT,159,1,ALLOC-0002144
MI-0002200,MAN-000186,FPS-0422,RICE,157,2,ALLOC-0002043
MI-0002201,MAN-000186,FPS-0422,WHEAT,129,2,ALLOC-0002044
MI-0002202,MAN-000186,FPS-0372,RICE,112,3,ALLOC-0001943
MI-0002203,MAN-000186,FPS-0372,WHEAT,111,3,ALLOC-0001944
MI-0002204,MAN-000186,FPS-0522,RICE,214,4,ALLOC-0002243
MI-0002205,MAN-000186,FPS-0522,WHEAT,178,4,ALLOC-0002244
MI-0002206,MAN-000186,FPS-0497,RICE,177,5,ALLOC-0002193
MI-0002207,MAN-000186,FPS-0497,WHEAT,127,5,ALLOC-0002194
MI-0002208,MAN-000186,FPS-0022,RICE,133,6,ALLOC-0001243
MI-0002209,MAN-000186,FPS-0022,WHEAT,121,6,ALLOC-0001244
MI-0002210,MAN-000187,FPS-0572,RICE,231,1,ALLOC-0002343
MI-0002211,MAN-000187,FPS-0572,WHEAT,158,1,ALLOC-0002344
MI-0002212,MAN-000187,FPS-0072,RICE,224,2,ALLOC-0001343
MI-0002213,MAN-000187,FPS-0072,WHEAT,152,2,ALLOC-0001344
MI-0002214,MAN-000187,FPS-0047,RICE,185,3,ALLOC-0001293
MI-0002215,MAN-000187,FPS-0047,WHEAT,139,3,ALLOC-0001294
MI-0002216,MAN-000187,FPS-0547,RICE,143,4,ALLOC-0002293
MI-0002217,MAN-000187,FPS-0547,WHEAT,130,4,ALLOC-0002294
MI-0002218,MAN-000187,FPS-0597,RICE,345,5,ALLOC-0002393
MI-0002219,MAN-000187,FPS-0597,WHEAT,213,5,ALLOC-0002394
MI-0002220,MAN-000187,FPS-0147,RICE,151,6,ALLOC-0001493
MI-0002221,MAN-000187,FPS-0147,WHEAT,132,6,ALLOC-0001494
MI-0002222,MAN-000188,FPS-0097,RICE,195,1,ALLOC-0001393
MI-0002223,MAN-000188,FPS-0097,WHEAT,147,1,ALLOC-0001394
MI-0002224,MAN-000188,FPS-0297,RICE,136,2,ALLOC-0001793
MI-0002225,MAN-000188,FPS-0297,WHEAT,128,2,ALLOC-0001794
MI-0002226,MAN-000188,FPS-0222,RICE,206,3,ALLOC-0001643
MI-0002227,MAN-000188,FPS-0222,WHEAT,141,3,ALLOC-0001644
MI-0002228,MAN-000188,FPS-0397,RICE,160,4,ALLOC-0001993
MI-0002229,MAN-000188,FPS-0397,WHEAT,144,4,ALLOC-0001994
MI-0002230,MAN-000188,FPS-0247,RICE,147,5,ALLOC-0001693
MI-0002231,MAN-000188,FPS-0247,WHEAT,124,5,ALLOC-0001694
MI-0002232,MAN-000188,FPS-0347,RICE,208,6,ALLOC-0001893
MI-0002233,MAN-000188,FPS-0347,WHEAT,162,6,ALLOC-0001894
MI-0002234,MAN-000189,FPS-0573,RICE,142,1,ALLOC-0002345
MI-0002235,MAN-000189,FPS-0573,WHEAT,130,1,ALLOC-0002346
MI-0002236,MAN-000189,FPS-0073,RICE,181,2,ALLOC-0001345
MI-0002237,MAN-000189,FPS-0073,WHEAT,154,2,ALLOC-0001346
MI-0002238,MAN-000189,FPS-0373,RICE,160,3,ALLOC-0001945
MI-0002239,MAN-000189,FPS-0373,WHEAT,140,3,ALLOC-0001946
MI-0002240,MAN-000189,FPS-0323,RICE,160,4,ALLOC-0001845
MI-0002241,MAN-000189,FPS-0323,WHEAT,149,4,ALLOC-0001846
MI-0002242,MAN-000189,FPS-0023,RICE,150,5,ALLOC-0001245
MI-0002243,MAN-000189,FPS-0023,WHEAT,131,5,ALLOC-0001246
MI-0002244,MAN-000189,FPS-0298,RICE,159,6,ALLOC-0001795
MI-0002245,MAN-000189,FPS-0298,WHEAT,126,6,ALLOC-0001796
MI-0002246,MAN-000190,FPS-0048,RICE,121,1,ALLOC-0001295
MI-0002247,MAN-000190,FPS-0048,WHEAT,108,1,ALLOC-0001296
MI-0002248,MAN-000190,FPS-0198,RICE,139,2,ALLOC-0001595
MI-0002249,MAN-000190,FPS-0198,WHEAT,120,2,ALLOC-0001596
MI-0002250,MAN-000190,FPS-0348,RICE,189,3,ALLOC-0001895
MI-0002251,MAN-000190,FPS-0348,WHEAT,140,3,ALLOC-0001896
MI-0002252,MAN-000190,FPS-0423,RICE,167,4,ALLOC-0002045
MI-0002253,MAN-000190,FPS-0423,WHEAT,139,4,ALLOC-0002046
MI-0002254,MAN-000190,FPS-0598,RICE,186,5,ALLOC-0002395
MI-0002255,MAN-000190,FPS-0598,WHEAT,133,5,ALLOC-0002396
MI-0002256,MAN-000190,FPS-0398,RICE,154,6,ALLOC-0001995
MI-0002257,MAN-000190,FPS-0398,WHEAT,138,6,ALLOC-0001996
MI-0002258,MAN-000191,FPS-0523,RICE,167,1,ALLOC-0002245
MI-0002259,MAN-000191,FPS-0523,WHEAT,150,1,ALLOC-0002246
MI-0002260,MAN-000191,FPS-0248,RICE,250,2,ALLOC-0001695
MI-0002261,MAN-000191,FPS-0248,WHEAT,184,2,ALLOC-0001696
MI-0002262,MAN-000191,FPS-0123,RICE,152,3,ALLOC-0001445
MI-0002263,MAN-000191,FPS-0123,WHEAT,132,3,ALLOC-0001446
MI-0002264,MAN-000191,FPS-0498,RICE,195,4,ALLOC-0002195
MI-0002265,MAN-000191,FPS-0498,WHEAT,146,4,ALLOC-0002196
MI-0002266,MAN-000191,FPS-0148,RICE,233,5,ALLOC-0001495
MI-0002267,MAN-000191,FPS-0148,WHEAT,165,5,ALLOC-0001496
MI-0002268,MAN-000191,FPS-0273,RICE,237,6,ALLOC-0001745
MI-0002269,MAN-000191,FPS-0273,WHEAT,156,6,ALLOC-0001746
MI-0002270,MAN-000192,FPS-0448,RICE,150,1,ALLOC-0002095
MI-0002271,MAN-000192,FPS-0448,WHEAT,135,1,ALLOC-0002096
MI-0002272,MAN-000192,FPS-0173,RICE,157,2,ALLOC-0001545
MI-0002273,MAN-000192,FPS-0173,WHEAT,146,2,ALLOC-0001546
MI-0002274,MAN-000192,FPS-0473,RICE,179,3,ALLOC-0002145
MI-0002275,MAN-000192,FPS-0473,WHEAT,148,3,ALLOC-0002146
MI-0002276,MAN-000192,FPS-0548,RICE,154,4,ALLOC-0002295
MI-0002277,MAN-000192,FPS-0548,WHEAT,136,4,ALLOC-0002296
MI-0002278,MAN-000192,FPS-0223,RICE,180,5,ALLOC-0001645
MI-0002279,MAN-000192,FPS-0223,WHEAT,142,5,ALLOC-0001646
MI-0002280,MAN-000192,FPS-0098,RICE,203,6,ALLOC-0001395
MI-0002281,MAN-000192,FPS-0098,WHEAT,153,6,ALLOC-0001396
MI-0002282,MAN-000193,FPS-0599,RICE,128,1,ALLOC-0002397
MI-0002283,MAN-000193,FPS-0599,WHEAT,119,1,ALLOC-0002398
MI-0002284,MAN-000193,FPS-0474,RICE,129,2,ALLOC-0002147
MI-0002285,MAN-000193,FPS-0474,WHEAT,115,2,ALLOC-0002148
MI-0002286,MAN-000193,FPS-0274,RICE,147,3,ALLOC-0001747
MI-0002287,MAN-000193,FPS-0274,WHEAT,117,3,ALLOC-0001748
MI-0002288,MAN-000193,FPS-0199,RICE,140,4,ALLOC-0001597
MI-0002289,MAN-000193,FPS-0199,WHEAT,122,4,ALLOC-0001598
MI-0002290,MAN-000193,FPS-0324,RICE,146,5,ALLOC-0001847
MI-0002291,MAN-000193,FPS-0324,WHEAT,131,5,ALLOC-0001848
MI-0002292,MAN-000193,FPS-0424,RICE,189,6,ALLOC-0002047
MI-0002293,MAN-000193,FPS-0424,WHEAT,146,6,ALLOC-0002048
MI-0002294,MAN-000194,FPS-0074,RICE,144,1,ALLOC-0001347
MI-0002295,MAN-000194,FPS-0074,WHEAT,121,1,ALLOC-0001348
MI-0002296,MAN-000194,FPS-0449,RICE,153,2,ALLOC-0002097
MI-0002297,MAN-000194,FPS-0449,WHEAT,125,2,ALLOC-0002098
MI-0002298,MAN-000194,FPS-0174,RICE,209,3,ALLOC-0001547
MI-0002299,MAN-000194,FPS-0174,WHEAT,155,3,ALLOC-0001548
MI-0002300,MAN-000194,FPS-0099,RICE,180,4,ALLOC-0001397
MI-0002301,MAN-000194,FPS-0099,WHEAT,148,4,ALLOC-0001398
MI-0002302,MAN-000194,FPS-0574,RICE,166,5,ALLOC-0002347
MI-0002303,MAN-000194,FPS-0574,WHEAT,125,5,ALLOC-0002348
MI-0002304,MAN-000194,FPS-0124,RICE,213,6,ALLOC-0001447
MI-0002305,MAN-000194,FPS-0124,WHEAT,153,6,ALLOC-0001448
MI-0002306,MAN-000195,FPS-0149,RICE,310,1,ALLOC-0001497
MI-0002307,MAN-000195,FPS-0149,WHEAT,211,1,ALLOC-0001498
MI-0002308,MAN-000195,FPS-0399,RICE,154,2,ALLOC-0001997
MI-0002309,MAN-000195,FPS-0399,WHEAT,133,2,ALLOC-0001998
MI-0002310,MAN-000195,FPS-0249,RICE,240,3,ALLOC-0001697
MI-0002311,MAN-000195,FPS-0249,WHEAT,175,3,ALLOC-0001698
MI-0002312,MAN-000195,FPS-0374,RICE,143,4,ALLOC-0001947
MI-0002313,MAN-000195,FPS-0374,WHEAT,117,4,ALLOC-0001948
MI-0002314,MAN-000195,FPS-0024,RICE,161,5,ALLOC-0001247
MI-0002315,MAN-000195,FPS-0024,WHEAT,138,5,ALLOC-0001248
MI-0002316,MAN-000195,FPS-0349,RICE,184,6,ALLOC-0001897
MI-0002317,MAN-000195,FPS-0349,WHEAT,139,6,ALLOC-0001898
MI-0002318,MAN-000196,FPS-0299,RICE,138,1,ALLOC-0001797
MI-0002319,MAN-000196,FPS-0299,WHEAT,119,1,ALLOC-0001798
MI-0002320,MAN-000196,FPS-0524,RICE,137,2,ALLOC-0002247
MI-0002321,MAN-000196,FPS-0524,WHEAT,117,2,ALLOC-0002248
MI-0002322,MAN-000196,FPS-0049,RICE,197,3,ALLOC-0001297
MI-0002323,MAN-000196,FPS-0049,WHEAT,143,3,ALLOC-0001298
MI-0002324,MAN-000196,FPS-0549,RICE,204,4,ALLOC-0002297
MI-0002325,MAN-000196,FPS-0549,WHEAT,151,4,ALLOC-0002298
MI-0002326,MAN-000196,FPS-0499,RICE,202,5,ALLOC-0002197
MI-0002327,MAN-000196,FPS-0499,WHEAT,144,5,ALLOC-0002198
MI-0002328,MAN-000196,FPS-0224,RICE,150,6,ALLOC-0001647
MI-0002329,MAN-000196,FPS-0224,WHEAT,130,6,ALLOC-0001648
MI-0002330,MAN-000197,FPS-0350,RICE,173,1,ALLOC-0001899
MI-0002331,MAN-000197,FPS-0350,WHEAT,136,1,ALLOC-0001900
MI-0002332,MAN-000197,FPS-0100,RICE,125,2,ALLOC-0001399
MI-0002333,MAN-000197,FPS-0100,WHEAT,105,2,ALLOC-0001400
MI-0002334,MAN-000197,FPS-0275,RICE,155,3,ALLOC-0001749
MI-0002335,MAN-000197,FPS-0275,WHEAT,129,3,ALLOC-0001750
MI-0002336,MAN-000197,FPS-0475,RICE,177,4,ALLOC-0002149
MI-0002337,MAN-000197,FPS-0475,WHEAT,131,4,ALLOC-0002150
MI-0002338,MAN-000197,FPS-0050,RICE,220,5,ALLOC-0001299
MI-0002339,MAN-000197,FPS-0050,WHEAT,151,5,ALLOC-0001300
MI-0002340,MAN-000197,FPS-0375,RICE,176,6,ALLOC-0001949
MI-0002341,MAN-000197,FPS-0375,WHEAT,142,6,ALLOC-0001950
MI-0002342,MAN-000198,FPS-0200,RICE,133,1,ALLOC-0001599
MI-0002343,MAN-000198,FPS-0200,WHEAT,120,1,ALLOC-0001600
MI-0002344,MAN-000198,FPS-0150,RICE,140,2,ALLOC-0001499
MI-0002345,MAN-000198,FPS-0150,WHEAT,111,2,ALLOC-0001500
MI-0002346,MAN-000198,FPS-0425,RICE,144,3,ALLOC-0002049
MI-0002347,MAN-000198,FPS-0425,WHEAT,133,3,ALLOC-0002050
MI-0002348,MAN-000198,FPS-0250,RICE,149,4,ALLOC-0001699
MI-0002349,MAN-000198,FPS-0250,WHEAT,113,4,ALLOC-0001700
MI-0002350,MAN-000198,FPS-0075,RICE,191,5,ALLOC-0001349
MI-0002351,MAN-000198,FPS-0075,WHEAT,142,5,ALLOC-0001350
MI-0002352,MAN-000198,FPS-0525,RICE,127,6,ALLOC-0002249
MI-0002353,MAN-000198,FPS-0525,WHEAT,124,6,ALLOC-0002250
MI-0002354,MAN-000199,FPS-0300,RICE,182,1,ALLOC-0001799
MI-0002355,MAN-000199,FPS-0300,WHEAT,142,1,ALLOC-0001800
MI-0002356,MAN-000199,FPS-0025,RICE,214,2,ALLOC-0001249
MI-0002357,MAN-000199,FPS-0025,WHEAT,134,2,ALLOC-0001250
MI-0002358,MAN-000199,FPS-0400,RICE,215,3,ALLOC-0001999
MI-0002359,MAN-000199,FPS-0400,WHEAT,162,3,ALLOC-0002000
MI-0002360,MAN-000199,FPS-0600,RICE,133,4,ALLOC-0002399
MI-0002361,MAN-000199,FPS-0600,WHEAT,119,4,ALLOC-0002400
MI-0002362,MAN-000199,FPS-0125,RICE,156,5,ALLOC-0001449
MI-0002363,MAN-000199,FPS-0125,WHEAT,130,5,ALLOC-0001450
MI-0002364,MAN-000199,FPS-0500,RICE,125,6,ALLOC-0002199
MI-0002365,MAN-000199,FPS-0500,WHEAT,122,6,ALLOC-0002200
MI-0002366,MAN-000200,FPS-0175,RICE,191,1,ALLOC-0001549
MI-0002367,MAN-000200,FPS-0175,WHEAT,160,1,ALLOC-0001550
MI-0002368,MAN-000200,FPS-0575,RICE,260,2,ALLOC-0002349
MI-0002369,MAN-000200,FPS-0575,WHEAT,188,2,ALLOC-0002350
MI-0002370,MAN-000200,FPS-0325,RICE,150,3,ALLOC-0001849
MI-0002371,MAN-000200,FPS-0325,WHEAT,127,3,ALLOC-0001850
MI-0002372,MAN-000200,FPS-0550,RICE,141,4,ALLOC-0002299
MI-0002373,MAN-000200,FPS-0550,WHEAT,110,4,ALLOC-0002300
MI-0002374,MAN-000200,FPS-0450,RICE,127,5,ALLOC-0002099
MI-0002375,MAN-000200,FPS-0450,WHEAT,116,5,ALLOC-0002100
MI-0002376,MAN-000200,FPS-0225,RICE,151,6,ALLOC-0001649
MI-0002377,MAN-000200,FPS-0225,WHEAT,125,6,ALLOC-0001650
MI-0002378,MAN-000201,FPS-0101,RICE,245,1,ALLOC-0002601
MI-0002379,MAN-000201,FPS-0101,WHEAT,211,1,ALLOC-0002602
MI-0002380,MAN-000201,FPS-0026,RICE,194,2,ALLOC-0002451
MI-0002381,MAN-000201,FPS-0026,WHEAT,203,2,ALLOC-0002452
MI-0002382,MAN-000201,FPS-0501,RICE,175,3,ALLOC-0003401
MI-0002383,MAN-000201,FPS-0501,WHEAT,193,3,ALLOC-0003402
MI-0002384,MAN-000201,FPS-0426,RICE,255,4,ALLOC-0003251
MI-0002385,MAN-000201,FPS-0426,WHEAT,169,4,ALLOC-0003252
MI-0002386,MAN-000201,FPS-0176,RICE,190,5,ALLOC-0002751
MI-0002387,MAN-000201,FPS-0176,WHEAT,174,5,ALLOC-0002752
MI-0002388,MAN-000201,FPS-0551,RICE,191,6,ALLOC-0003501
MI-0002389,MAN-000201,FPS-0551,WHEAT,174,6,ALLOC-0003502
MI-0002390,MAN-000202,FPS-0001,RICE,290,1,ALLOC-0002401
MI-0002391,MAN-000202,FPS-0001,WHEAT,210,1,ALLOC-0002402
MI-0002392,MAN-000202,FPS-0151,RICE,231,2,ALLOC-0002701
MI-0002393,MAN-000202,FPS-0151,WHEAT,198,2,ALLOC-0002702
MI-0002394,MAN-000202,FPS-0476,RICE,190,3,ALLOC-0003351
MI-0002395,MAN-000202,FPS-0476,WHEAT,206,3,ALLOC-0003352
MI-0002396,MAN-000202,FPS-0226,RICE,192,4,ALLOC-0002851
MI-0002397,MAN-000202,FPS-0226,WHEAT,176,4,ALLOC-0002852
MI-0002398,MAN-000202,FPS-0301,RICE,195,5,ALLOC-0003001
MI-0002399,MAN-000202,FPS-0301,WHEAT,184,5,ALLOC-0003002
MI-0002400,MAN-000202,FPS-0576,RICE,204,6,ALLOC-0003551
MI-0002401,MAN-000202,FPS-0576,WHEAT,197,6,ALLOC-0003552
MI-0002402,MAN-000203,FPS-0401,RICE,237,1,ALLOC-0003201
MI-0002403,MAN-000203,FPS-0401,WHEAT,214,1,ALLOC-0003202
MI-0002404,MAN-000203,FPS-0051,RICE,214,2,ALLOC-0002501
MI-0002405,MAN-000203,FPS-0051,WHEAT,164,2,ALLOC-0002502
MI-0002406,MAN-000203,FPS-0276,RICE,188,3,ALLOC-0002951
MI-0002407,MAN-000203,FPS-0276,WHEAT,186,3,ALLOC-0002952
MI-0002408,MAN-000203,FPS-0326,RICE,182,4,ALLOC-0003051
MI-0002409,MAN-000203,FPS-0326,WHEAT,178,4,ALLOC-0003052
MI-0002410,MAN-000203,FPS-0451,RICE,290,5,ALLOC-0003301
MI-0002411,MAN-000203,FPS-0451,WHEAT,203,5,ALLOC-0003302
MI-0002412,MAN-000203,FPS-0526,RICE,197,6,ALLOC-0003451
MI-0002413,MAN-000203,FPS-0526,WHEAT,189,6,ALLOC-0003452
MI-0002414,MAN-000204,FPS-0126,RICE,196,1,ALLOC-0002651
MI-0002415,MAN-000204,FPS-0126,WHEAT,202,1,ALLOC-0002652
MI-0002416,MAN-000204,FPS-0376,RICE,222,2,ALLOC-0003151
MI-0002417,MAN-000204,FPS-0376,WHEAT,191,2,ALLOC-0003152
MI-0002418,MAN-000204,FPS-0201,RICE,204,3,ALLOC-0002801
MI-0002419,MAN-000204,FPS-0201,WHEAT,200,3,ALLOC-0002802
MI-0002420,MAN-000204,FPS-0251,RICE,187,4,ALLOC-0002901
MI-0002421,MAN-000204,FPS-0251,WHEAT,172,4,ALLOC-0002902
MI-0002422,MAN-000204,FPS-0351,RICE,180,5,ALLOC-0003101
MI-0002423,MAN-000204,FPS-0351,WHEAT,177,5,ALLOC-0003102
MI-0002424,MAN-000204,FPS-0076,RICE,300,6,ALLOC-0002551
MI-0002425,MAN-000204,FPS-0076,WHEAT,174,6,ALLOC-0002552
MI-0002426,MAN-000205,FPS-0527,RICE,208,1,ALLOC-0003453
MI-0002427,MAN-000205,FPS-0527,WHEAT,200,1,ALLOC-0003454
MI-0002428,MAN-000205,FPS-0327,RICE,212,2,ALLOC-0003053
MI-0002429,MAN-000205,FPS-0327,WHEAT,170,2,ALLOC-0003054
MI-0002430,MAN-000205,FPS-0202,RICE,214,3,ALLOC-0002803
MI-0002431,MAN-000205,FPS-0202,WHEAT,186,3,ALLOC-0002804
MI-0002432,MAN-000205,FPS-0477,RICE,224,4,ALLOC-0003353
MI-0002433,MAN-000205,FPS-0477,WHEAT,213,4,ALLOC-0003354
MI-0002434,MAN-000205,FPS-0377,RICE,191,5,ALLOC-0003153
MI-0002435,MAN-000205,FPS-0377,WHEAT,195,5,ALLOC-0003154
MI-0002436,MAN-000205,FPS-0002,RICE,187,6,ALLOC-0002403
MI-0002437,MAN-000205,FPS-0002,WHEAT,186,6,ALLOC-0002404
MI-0002438,MAN-000206,FPS-0127,RICE,191,1,ALLOC-0002653
MI-0002439,MAN-000206,FPS-0127,WHEAT,179,1,ALLOC-0002654
MI-0002440,MAN-000206,FPS-0152,RICE,211,2,ALLOC-0002703
MI-0002441,MAN-000206,FPS-0152,WHEAT,208,2,ALLOC-0002704
MI-0002442,MAN-000206,FPS-0252,RICE,193,3,ALLOC-0002903
MI-0002443,MAN-000206,FPS-0252,WHEAT,196,3,ALLOC-0002904
MI-0002444,MAN-000206,FPS-0502,RICE,236,4,ALLOC-0003403
MI-0002445,MAN-000206,FPS-0502,WHEAT,181,4,ALLOC-0003404
MI-0002446,MAN-000206,FPS-0077,RICE,189,5,ALLOC-0002553
MI-0002447,MAN-000206,FPS-0077,WHEAT,167,5,ALLOC-0002554
MI-0002448,MAN-000206,FPS-0052,RICE,267,6,ALLOC-0002503
MI-0002449,MAN-000206,FPS-0052,WHEAT,186,6,ALLOC-0002504
MI-0002450,MAN-000207,FPS-0577,RICE,202,1,ALLOC-0003553
MI-0002451,MAN-000207,FPS-0577,WHEAT,214,1,ALLOC-0003554
MI-0002452,MAN-000207,FPS-0352,RICE,228,2,ALLOC-0003103
MI-0002453,MAN-000207,FPS-0352,WHEAT,210,2,ALLOC-0003104
MI-0002454,MAN-000207,FPS-0427,RICE,183,3,ALLOC-0003253
MI-0002455,MAN-000207,FPS-0427,WHEAT,207,3,ALLOC-0003254
MI-0002456,MAN-000207,FPS-0227,RICE,171,4,ALLOC-0002853
MI-0002457,MAN-000207,FPS-0227,WHEAT,187,4,ALLOC-0002854
MI-0002458,MAN-000207,FPS-0302,RICE,194,5,ALLOC-0003003
MI-0002459,MAN-000207,FPS-0302,WHEAT,187,5,ALLOC-0003004
MI-0002460,MAN-000207,FPS-0402,RICE,208,6,ALLOC-0003203
MI-0002461,MAN-000207,FPS-0402,WHEAT,189,6,ALLOC-0003204
MI-0002462,MAN-000208,FPS-0027,RICE,203,1,ALLOC-0002453
MI-0002463,MAN-000208,FPS-0027,WHEAT,172,1,ALLOC-0002454
MI-0002464,MAN-000208,FPS-0552,RICE,194,2,ALLOC-0003503
MI-0002465,MAN-000208,FPS-0552,WHEAT,195,2,ALLOC-0003504
MI-0002466,MAN-000208,FPS-0177,RICE,189,3,ALLOC-0002753
MI-0002467,MAN-000208,FPS-0177,WHEAT,190,3,ALLOC-0002754
MI-0002468,MAN-000208,FPS-0277,RICE,197,4,ALLOC-0002953
MI-0002469,MAN-000208,FPS-0277,WHEAT,205,4,ALLOC-0002954
MI-0002470,MAN-000208,FPS-0452,RICE,209,5,ALLOC-0003303
MI-0002471,MAN-000208,FPS-0452,WHEAT,183,5,ALLOC-0003304
MI-0002472,MAN-000208,FPS-0102,RICE,200,6,ALLOC-0002603
MI-0002473,MAN-000208,FPS-0102,WHEAT,188,6,ALLOC-0002604
MI-0002474,MAN-000209,FPS-0178,RICE,192,1,ALLOC-0002755
MI-0002475,MAN-000209,FPS-0178,WHEAT,186,1,ALLOC-0002756
MI-0002476,MAN-000209,FPS-0478,RICE,201,2,ALLOC-0003355
MI-0002477,MAN-000209,FPS-0478,WHEAT,200,2,ALLOC-0003356
MI-0002478,MAN-000209,FPS-0003,RICE,283,3,ALLOC-0002405
MI-0002479,MAN-000209,FPS-0003,WHEAT,192,3,ALLOC-0002406
MI-0002480,MAN-000209,FPS-0253,RICE,248,4,ALLOC-0002905
MI-0002481,MAN-000209,FPS-0253,WHEAT,175,4,ALLOC-0002906
MI-0002482,MAN-000209,FPS-0103,RICE,269,5,ALLOC-0002605
MI-0002483,MAN-000209,FPS-0103,WHEAT,211,5,ALLOC-0002606
MI-0002484,MAN-000209,FPS-0353,RICE,212,6,ALLOC-0003105
MI-0002485,MAN-000209,FPS-0353,WHEAT,202,6,ALLOC-0003106
MI-0002486,MAN-000210,FPS-0328,RICE,220,1,ALLOC-0003055
MI-0002487,MAN-000210,FPS-0328,WHEAT,181,1,ALLOC-0003056
MI-0002488,MAN-000210,FPS-0303,RICE,197,2,ALLOC-0003005
MI-0002489,MAN-000210,FPS-0303,WHEAT,193,2,ALLOC-0003006
MI-0002490,MAN-000210,FPS-0028,RICE,182,3,ALLOC-0002455
MI-0002491,MAN-000210,FPS-0028,WHEAT,179,3,ALLOC-0002456
MI-0002492,MAN-000210,FPS-0378,RICE,266,4,ALLOC-0003155
MI-0002493,MAN-000210,FPS-0378,WHEAT,185,4,ALLOC-0003156
MI-0002494,MAN-000210,FPS-0278,RICE,196,5,ALLOC-0002955
MI-0002495,MAN-000210,FPS-0278,WHEAT,166,5,ALLOC-0002956
MI-0002496,MAN-000210,FPS-0503,RICE,211,6,ALLOC-0003405
MI-0002497,MAN-000210,FPS-0503,WHEAT,202,6,ALLOC-0003406
MI-0002498,MAN-000211,FPS-0428,RICE,190,1,ALLOC-0003255
MI-0002499,MAN-000211,FPS-0428,WHEAT,179,1,ALLOC-0003256
MI-0002500,MAN-000211,FPS-0128,RICE,191,2,ALLOC-0002655
MI-0002501,MAN-000211,FPS-0128,WHEAT,213,2,ALLOC-0002656
MI-0002502,MAN-000211,FPS-0578,RICE,194,3,ALLOC-0003555
MI-0002503,MAN-000211,FPS-0578,WHEAT,181,3,ALLOC-0003556
MI-0002504,MAN-000211,FPS-0403,RICE,207,4,ALLOC-0003205
MI-0002505,MAN-000211,FPS-0403,WHEAT,201,4,ALLOC-0003206
MI-0002506,MAN-000211,FPS-0553,RICE,255,5,ALLOC-0003505
MI-0002507,MAN-000211,FPS-0553,WHEAT,194,5,ALLOC-0003506
MI-0002508,MAN-000211,FPS-0203,RICE,204,6,ALLOC-0002805
MI-0002509,MAN-000211,FPS-0203,WHEAT,180,6,ALLOC-0002806
MI-0002510,MAN-000212,FPS-0453,RICE,200,1,ALLOC-0003305
MI-0002511,MAN-000212,FPS-0453,WHEAT,203,1,ALLOC-0003306
MI-0002512,MAN-000212,FPS-0078,RICE,213,2,ALLOC-0002555
MI-0002513,MAN-000212,FPS-0078,WHEAT,177,2,ALLOC-0002556
MI-0002514,MAN-000212,FPS-0153,RICE,210,3,ALLOC-0002705
MI-0002515,MAN-000212,FPS-0153,WHEAT,197,3,ALLOC-0002706
MI-0002516,MAN-000212,FPS-0053,RICE,197,4,ALLOC-0002505
MI-0002517,MAN-000212,FPS-0053,WHEAT,191,4,ALLOC-0002506
MI-0002518,MAN-000212,FPS-0528,RICE,199,5,ALLOC-0003455
MI-0002519,MAN-000212,FPS-0528,WHEAT,201,5,ALLOC-0003456
MI-0002520,MAN-000212,FPS-0228,RICE,198,6,ALLOC-0002855
MI-0002521,MAN-000212,FPS-0228,WHEAT,205,6,ALLOC-0002856
MI-0002522,MAN-000213,FPS-0504,RICE,186,1,ALLOC-0003407
MI-0002523,MAN-000213,FPS-0504,WHEAT,174,1,ALLOC-0003408
MI-0002524,MAN-000213,FPS-0154,RICE,174,2,ALLOC-0002707
MI-0002525,MAN-000213,FPS-0154,WHEAT,186,2,ALLOC-0002708
MI-0002526,MAN-000213,FPS-0254,RICE,204,3,ALLOC-0002907
MI-0002527,MAN-000213,FPS-0254,WHEAT,197,3,ALLOC-0002908
MI-0002528,MAN-000213,FPS-0579,RICE,205,4,ALLOC-0003557
MI-0002529,MAN-000213,FPS-0579,WHEAT,184,4,ALLOC-0003558
MI-0002530,MAN-000213,FPS-0479,RICE,222,5,ALLOC-0003357
MI-0002531,MAN-000213,FPS-0479,WHEAT,183,5,ALLOC-0003358
MI-0002532,MAN-000213,FPS-0279,RICE,307,6,ALLOC-0002957
MI-0002533,MAN-000213,FPS-0279,WHEAT,232,6,ALLOC-0002958
MI-0002534,MAN-000214,FPS-0304,RICE,240,1,ALLOC-0003007
MI-0002535,MAN-000214,FPS-0304,WHEAT,174,1,ALLOC-0003008
MI-0002536,MAN-000214,FPS-0379,RICE,198,2,ALLOC-0003157
MI-0002537,MAN-000214,FPS-0379,WHEAT,198,2,ALLOC-0003158
MI-0002538,MAN-000214,FPS-0554,RICE,182,3,ALLOC-0003507
MI-0002539,MAN-000214,FPS-0554,WHEAT,197,3,ALLOC-0003508
MI-0002540,MAN-000214,FPS-0004,RICE,195,4,ALLOC-0002407
MI-0002541,MAN-000214,FPS-0004,WHEAT,197,4,ALLOC-0002408
MI-0002542,MAN-000214,FPS-0229,RICE,205,5,ALLOC-0002857
MI-0002543,MAN-000214,FPS-0229,WHEAT,194,5,ALLOC-0002858
MI-0002544,MAN-000214,FPS-0104,RICE,183,6,ALLOC-0002607
MI-0002545,MAN-000214,FPS-0104,WHEAT,195,6,ALLOC-0002608
MI-0002546,MAN-000215,FPS-0354,RICE,203,1,ALLOC-0003107
MI-0002547,MAN-000215,FPS-0354,WHEAT,176,1,ALLOC-0003108
MI-0002548,MAN-000215,FPS-0429,RICE,192,2,ALLOC-0003257
MI-0002549,MAN-000215,FPS-0429,WHEAT,208,2,ALLOC-0003258
MI-0002550,MAN-000215,FPS-0529,RICE,256,3,ALLOC-0003457
MI-0002551,MAN-000215,FPS-0529,WHEAT,188,3,ALLOC-0003458
MI-0002552,MAN-000215,FPS-0079,RICE,186,4,ALLOC-0002557
MI-0002553,MAN-000215,FPS-0079,WHEAT,204,4,ALLOC-0002558
MI-0002554,MAN-000215,FPS-0129,RICE,213,5,ALLOC-0002657
MI-0002555,MAN-000215,FPS-0129,WHEAT,177,5,ALLOC-0002658
MI-0002556,MAN-000215,FPS-0329,RICE,202,6,ALLOC-0003057
MI-0002557,MAN-000215,FPS-0329,WHEAT,185,6,ALLOC-0003058
MI-0002558,MAN-000216,FPS-0204,RICE,239,1,ALLOC-0002807
MI-0002559,MAN-000216,FPS-0204,WHEAT,180,1,ALLOC-0002808
MI-0002560,MAN-000216,FPS-0029,RICE,242,2,ALLOC-0002457
MI-0002561,MAN-000216,FPS-0029,WHEAT,175,2,ALLOC-0002458
MI-0002562,MAN-000216,FPS-0454,RICE,207,3,ALLOC-0003307
MI-0002563,MAN-000216,FPS-0454,WHEAT,186,3,ALLOC-0003308
MI-0002564,MAN-000216,FPS-0179,RICE,251,4,ALLOC-0002757
MI-0002565,MAN-000216,FPS-0179,WHEAT,185,4,ALLOC-0002758
MI-0002566,MAN-000216,FPS-0404,RICE,195,5,ALLOC-0003207
MI-0002567,MAN-000216,FPS-0404,WHEAT,215,5,ALLOC-0003208
MI-0002568,MAN-000216,FPS-0054,RICE,194,6,ALLOC-0002507
MI-0002569,MAN-000216,FPS-0054,WHEAT,189,6,ALLOC-0002508
MI-0002570,MAN-000217,FPS-0055,RICE,233,1,ALLOC-0002509
MI-0002571,MAN-000217,FPS-0055,WHEAT,186,1,ALLOC-0002510
MI-0002572,MAN-000217,FPS-0280,RICE,170,2,ALLOC-0002959
MI-0002573,MAN-000217,FPS-0280,WHEAT,170,2,ALLOC-0002960
MI-0002574,MAN-000217,FPS-0180,RICE,200,3,ALLOC-0002759
MI-0002575,MAN-000217,FPS-0180,WHEAT,204,3,ALLOC-0002760
MI-0002576,MAN-000217,FPS-0330,RICE,219,4,ALLOC-0003059
MI-0002577,MAN-000217,FPS-0330,WHEAT,221,4,ALLOC-0003060
MI-0002578,MAN-000217,FPS-0305,RICE,196,5,ALLOC-0003009
MI-0002579,MAN-000217,FPS-0305,WHEAT,212,5,ALLOC-0003010
MI-0002580,MAN-000217,FPS-0530,RICE,191,6,ALLOC-0003459
MI-0002581,MAN-000217,FPS-0530,WHEAT,197,6,ALLOC-0003460
MI-0002582,MAN-000218,FPS-0030,RICE,170,1,ALLOC-0002459
MI-0002583,MAN-000218,FPS-0030,WHEAT,192,1,ALLOC-0002460
MI-0002584,MAN-000218,FPS-0230,RICE,298,2,ALLOC-0002859
MI-0002585,MAN-000218,FPS-0230,WHEAT,210,2,ALLOC-0002860
MI-0002586,MAN-000218,FPS-0480,RICE,169,3,ALLOC-0003359
MI-0002587,MAN-000218,FPS-0480,WHEAT,187,3,ALLOC-0003360
MI-0002588,MAN-000218,FPS-0380,RICE,223,4,ALLOC-0003159
MI-0002589,MAN-000218,FPS-0380,WHEAT,178,4,ALLOC-0003160
MI-0002590,MAN-000218,FPS-0205,RICE,184,5,ALLOC-0002809
MI-0002591,MAN-000218,FPS-0205,WHEAT,191,5,ALLOC-0002810
MI-0002592,MAN-000218,FPS-0405,RICE,196,6,ALLOC-0003209
MI-0002593,MAN-000218,FPS-0405,WHEAT,187,6,ALLOC-0003210
MI-0002594,MAN-000219,FPS-0005,RICE,189,1,ALLOC-0002409
MI-0002595,MAN-000219,FPS-0005,WHEAT,192,1,ALLOC-0002410
MI-0002596,MAN-000219,FPS-0580,RICE,236,2,ALLOC-0003559
MI-0002597,MAN-000219,FPS-0580,WHEAT,155,2,ALLOC-0003560
MI-0002598,MAN-000219,FPS-0255,RICE,191,3,ALLOC-0002909
MI-0002599,MAN-000219,FPS-0255,WHEAT,198,3,ALLOC-0002910
MI-0002600,MAN-000219,FPS-0555,RICE,288,4,ALLOC-0003509
MI-0002601,MAN-000219,FPS-0555,WHEAT,186,4,ALLOC-0003510
MI-0002602,MAN-000219,FPS-0355,RICE,211,5,ALLOC-0003109
MI-0002603,MAN-000219,FPS-0355,WHEAT,194,5,ALLOC-0003110
MI-0002604,MAN-000219,FPS-0105,RICE,294,6,ALLOC-0002609
MI-0002605,MAN-000219,FPS-0105,WHEAT,235,6,ALLOC-0002610
MI-0002606,MAN-000220,FPS-0155,RICE,213,1,ALLOC-0002709
MI-0002607,MAN-000220,FPS-0155,WHEAT,205,1,ALLOC-0002710
MI-0002608,MAN-000220,FPS-0080,RICE,179,2,ALLOC-0002559
MI-0002609,MAN-000220,FPS-0080,WHEAT,202,2,ALLOC-0002560
MI-0002610,MAN-000220,FPS-0130,RICE,208,3,ALLOC-0002659
MI-0002611,MAN-000220,FPS-0130,WHEAT,191,3,ALLOC-0002660
MI-0002612,MAN-000220,FPS-0455,RICE,187,4,ALLOC-0003309
MI-0002613,MAN-000220,FPS-0455,WHEAT,169,4,ALLOC-0003310
MI-0002614,MAN-000220,FPS-0430,RICE,195,5,ALLOC-0003259
MI-0002615,MAN-000220,FPS-0430,WHEAT,207,5,ALLOC-0003260
MI-0002616,MAN-000220,FPS-0505,RICE,188,6,ALLOC-0003409
MI-0002617,MAN-000220,FPS-0505,WHEAT,193,6,ALLOC-0003410
MI-0002618,MAN-000221,FPS-0331,RICE,216,1,ALLOC-0003061
MI-0002619,MAN-000221,FPS-0331,WHEAT,197,1,ALLOC-0003062
MI-0002620,MAN-000221,FPS-0381,RICE,184,2,ALLOC-0003161
MI-0002621,MAN-000221,FPS-0381,WHEAT,203,2,ALLOC-0003162
MI-0002622,MAN-000221,FPS-0281,RICE,201,3,ALLOC-0002961
MI-0002623,MAN-000221,FPS-0281,WHEAT,184,3,ALLOC-0002962
MI-0002624,MAN-000221,FPS-0256,RICE,194,4,ALLOC-0002911
MI-0002625,MAN-000221,FPS-0256,WHEAT,182,4,ALLOC-0002912
MI-0002626,MAN-000221,FPS-0481,RICE,200,5,ALLOC-0003361
MI-0002627,MAN-000221,FPS-0481,WHEAT,189,5,ALLOC-0003362
MI-0002628,MAN-000221,FPS-0506,RICE,193,6,ALLOC-0003411
MI-0002629,MAN-000221,FPS-0506,WHEAT,204,6,ALLOC-0003412
MI-0002630,MAN-000222,FPS-0231,RICE,193,1,ALLOC-0002861
MI-0002631,MAN-000222,FPS-0231,WHEAT,183,1,ALLOC-0002862
MI-0002632,MAN-000222,FPS-0006,RICE,277,2,ALLOC-0002411
MI-0002633,MAN-000222,FPS-0006,WHEAT,207,2,ALLOC-0002412
MI-0002634,MAN-000222,FPS-0206,RICE,271,3,ALLOC-0002811
MI-0002635,MAN-000222,FPS-0206,WHEAT,196,3,ALLOC-0002812
MI-0002636,MAN-000222,FPS-0106,RICE,186,4,ALLOC-0002611
MI-0002637,MAN-000222,FPS-0106,WHEAT,183,4,ALLOC-0002612
MI-0002638,MAN-000222,FPS-0431,RICE,177,5,ALLOC-0003261
MI-0002639,MAN-000222,FPS-0431,WHEAT,207,5,ALLOC-0003262
MI-0002640,MAN-000222,FPS-0156,RICE,180,6,ALLOC-0002711
MI-0002641,MAN-000222,FPS-0156,WHEAT,197,6,ALLOC-0002712
MI-0002642,MAN-000223,FPS-0131,RICE,197,1,ALLOC-0002661
MI-0002643,MAN-000223,FPS-0131,WHEAT,183,1,ALLOC-0002662
MI-0002644,MAN-000223,FPS-0406,RICE,255,2,ALLOC-0003211
MI-0002645,MAN-000223,FPS-0406,WHEAT,194,2,ALLOC-0003212
MI-0002646,MAN-000223,FPS-0581,RICE,209,3,ALLOC-0003561
MI-0002647,MAN-000223,FPS-0581,WHEAT,199,3,ALLOC-0003562
MI-0002648,MAN-000223,FPS-0456,RICE,189,4,ALLOC-0003311
MI-0002649,MAN-000223,FPS-0456,WHEAT,173,4,ALLOC-0003312
MI-0002650,MAN-000223,FPS-0556,RICE,217,5,ALLOC-0003511
MI-0002651,MAN-000223,FPS-0556,WHEAT,185,5,ALLOC-0003512
MI-0002652,MAN-000223,FPS-0306,RICE,201,6,ALLOC-0003011
MI-0002653,MAN-000223,FPS-0306,WHEAT,192,6,ALLOC-0003012
MI-0002654,MAN-000224,FPS-0181,RICE,221,1,ALLOC-0002761
MI-0002655,MAN-000224,FPS-0181,WHEAT,190,1,ALLOC-0002762
MI-0002656,MAN-000224,FPS-0356,RICE,195,2,ALLOC-0003111
MI-0002657,MAN-000224,FPS-0356,WHEAT,190,2,ALLOC-0003112
MI-0002658,MAN-000224,FPS-0081,RICE,225,3,ALLOC-0002561
MI-0002659,MAN-000224,FPS-0081,WHEAT,194,3,ALLOC-0002562
MI-0002660,MAN-000224,FPS-0531,RICE,199,4,ALLOC-0003461
MI-0002661,MAN-000224,FPS-0531,WHEAT,217,4,ALLOC-0003462
MI-0002662,MAN-000224,FPS-0031,RICE,194,5,ALLOC-0002461
MI-0002663,MAN-000224,FPS-0031,WHEAT,191,5,ALLOC-0002462
MI-0002664,MAN-000224,FPS-0056,RICE,197,6,ALLOC-0002511
MI-0002665,MAN-000224,FPS-0056,WHEAT,183,6,ALLOC-0002512
MI-0002666,MAN-000225,FPS-0407,RICE,191,1,ALLOC-0003213
MI-0002667,MAN-000225,FPS-0407,WHEAT,175,1,ALLOC-0003214
MI-0002668,MAN-000225,FPS-0032,RICE,184,2,ALLOC-0002463
MI-0002669,MAN-000225,FPS-0032,WHEAT,186,2,ALLOC-0002464
MI-0002670,MAN-000225,FPS-0107,RICE,198,3,ALLOC-0002613
MI-0002671,MAN-000225,FPS-0107,WHEAT,189,3,ALLOC-0002614
MI-0002672,MAN-000225,FPS-0207,RICE,316,4,ALLOC-0002813
MI-0002673,MAN-000225,FPS-0207,WHEAT,229,4,ALLOC-0002814
MI-0002674,MAN-000225,FPS-0007,RICE,187,5,ALLOC-0002413
MI-0002675,MAN-000225,FPS-0007,WHEAT,228,5,ALLOC-0002414
MI-0002676,MAN-000225,FPS-0357,RICE,188,6,ALLOC-0003113
MI-0002677,MAN-000225,FPS-0357,WHEAT,186,6,ALLOC-0003114
MI-0002678,MAN-000226,FPS-0307,RICE,191,1,ALLOC-0003013
MI-0002679,MAN-000226,FPS-0307,WHEAT,178,1,ALLOC-0003014
MI-0002680,MAN-000226,FPS-0557,RICE,206,2,ALLOC-0003513
MI-0002681,MAN-000226,FPS-0557,WHEAT,194,2,ALLOC-0003514
MI-0002682,MAN-000226,FPS-0507,RICE,204,3,ALLOC-0003413
MI-0002683,MAN-000226,FPS-0507,WHEAT,190,3,ALLOC-0003414
MI-0002684,MAN-000226,FPS-0082,RICE,226,4,ALLOC-0002563
MI-0002685,MAN-000226,FPS-0082,WHEAT,203,4,ALLOC-0002564
MI-0002686,MAN-000226,FPS-0382,RICE,199,5,ALLOC-0003163
MI-0002687,MAN-000226,FPS-0382,WHEAT,202,5,ALLOC-0003164
MI-0002688,MAN-000226,FPS-0232,RICE,209,6,ALLOC-0002863
MI-0002689,MAN-000226,FPS-0232,WHEAT,198,6,ALLOC-0002864
MI-0002690,MAN-000227,FPS-0157,RICE,219,1,ALLOC-0002713
MI-0002691,MAN-000227,FPS-0157,WHEAT,193,1,ALLOC-0002714
MI-0002692,MAN-000227,FPS-0432,RICE,334,2,ALLOC-0003263
MI-0002693,MAN-000227,FPS-0432,WHEAT,218,2,ALLOC-0003264
MI-0002694,MAN-000227,FPS-0482,RICE,159,3,ALLOC-0003363
MI-0002695,MAN-000227,FPS-0482,WHEAT,216,3,ALLOC-0003364
MI-0002696,MAN-000227,FPS-0332,RICE,202,4,ALLOC-0003063
MI-0002697,MAN-000227,FPS-0332,WHEAT,186,4,ALLOC-0003064
MI-0002698,MAN-000227,FPS-0132,RICE,302,5,ALLOC-0002663
MI-0002699,MAN-000227,FPS-0132,WHEAT,196,5,ALLOC-0002664
MI-0002700,MAN-000227,FPS-0457,RICE,217,6,ALLOC-0003313
MI-0002701,MAN-000227,FPS-0457,WHEAT,205,6,ALLOC-0003314
MI-0002702,MAN-000228,FPS-0182,RICE,206,1,ALLOC-0002763
MI-0002703,MAN-000228,FPS-0182,WHEAT,198,1,ALLOC-0002764
MI-0002704,MAN-000228,FPS-0282,RICE,239,2,ALLOC-0002963
MI-0002705,MAN-000228,FPS-0282,WHEAT,163,2,ALLOC-0002964
MI-0002706,MAN-000228,FPS-0057,RICE,244,3,ALLOC-0002513
MI-0002707,MAN-000228,FPS-0057,WHEAT,195,3,ALLOC-0002514
MI-0002708,MAN-000228,FPS-0532,RICE,179,4,ALLOC-0003463
MI-0002709,MAN-000228,FPS-0532,WHEAT,195,4,ALLOC-0003464
MI-0002710,MAN-000228,FPS-0257,RICE,160,5,ALLOC-0002913
MI-0002711,MAN-000228,FPS-0257,WHEAT,210,5,ALLOC-0002914
MI-0002712,MAN-000228,FPS-0582,RICE,189,6,ALLOC-0003563
MI-0002713,MAN-000228,FPS-0582,WHEAT,203,6,ALLOC-0003564
MI-0002714,MAN-000229,FPS-0433,RICE,176,1,ALLOC-0003265
MI-0002715,MAN-000229,FPS-0433,WHEAT,191,1,ALLOC-0003266
MI-0002716,MAN-000229,FPS-0408,RICE,192,2,ALLOC-0003215
MI-0002717,MAN-000229,FPS-0408,WHEAT,180,2,ALLOC-0003216
MI-0002718,MAN-000229,FPS-0333,RICE,350,3,ALLOC-0003065
MI-0002719,MAN-000229,FPS-0333,WHEAT,238,3,ALLOC-0003066
MI-0002720,MAN-000229,FPS-0558,RICE,261,4,ALLOC-0003515
MI-0002721,MAN-000229,FPS-0558,WHEAT,212,4,ALLOC-0003516
MI-0002722,MAN-000229,FPS-0083,RICE,200,5,ALLOC-0002565
MI-0002723,MAN-000229,FPS-0083,WHEAT,180,5,ALLOC-0002566
MI-0002724,MAN-000229,FPS-0533,RICE,229,6,ALLOC-0003465
MI-0002725,MAN-000229,FPS-0533,WHEAT,205,6,ALLOC-0003466
MI-0002726,MAN-000230,FPS-0283,RICE,179,1,ALLOC-0002965
MI-0002727,MAN-000230,FPS-0283,WHEAT,196,1,ALLOC-0002966
MI-0002728,MAN-000230,FPS-0583,RICE,180,2,ALLOC-0003565
MI-0002729,MAN-000230,FPS-0583,WHEAT,176,2,ALLOC-0003566
MI-0002730,MAN-000230,FPS-0483,RICE,207,3,ALLOC-0003365
MI-0002731,MAN-000230,FPS-0483,WHEAT,198,3,ALLOC-0003366
MI-0002732,MAN-000230,FPS-0458,RICE,190,4,ALLOC-0003315
MI-0002733,MAN-000230,FPS-0458,WHEAT,214,4,ALLOC-0003316
MI-0002734,MAN-000230,FPS-0008,RICE,185,5,ALLOC-0002415
MI-0002735,MAN-000230,FPS-0008,WHEAT,206,5,ALLOC-0002416
MI-0002736,MAN-000230,FPS-0058,RICE,213,6,ALLOC-0002515
MI-0002737,MAN-000230,FPS-0058,WHEAT,186,6,ALLOC-0002516
MI-0002738,MAN-000231,FPS-0108,RICE,203,1,ALLOC-0002615
MI-0002739,MAN-000231,FPS-0108,WHEAT,214,1,ALLOC-0002616
MI-0002740,MAN-000231,FPS-0508,RICE,255,2,ALLOC-0003415
MI-0002741,MAN-000231,FPS-0508,WHEAT,196,2,ALLOC-0003416
MI-0002742,MAN-000231,FPS-0233,RICE,187,3,ALLOC-0002865
MI-0002743,MAN-000231,FPS-0233,WHEAT,203,3,ALLOC-0002866
MI-0002744,MAN-000231,FPS-0033,RICE,199,4,ALLOC-0002465
MI-0002745,MAN-000231,FPS-0033,WHEAT,193,4,ALLOC-0002466
MI-0002746,MAN-000231,FPS-0383,RICE,187,5,ALLOC-0003165
MI-0002747,MAN-000231,FPS-0383,WHEAT,190,5,ALLOC-0003166
MI-0002748,MAN-000231,FPS-0358,RICE,196,6,ALLOC-0003115
MI-0002749,MAN-000231,FPS-0358,WHEAT,197,6,ALLOC-0003116
MI-0002750,MAN-000232,FPS-0183,RICE,223,1,ALLOC-0002765
MI-0002751,MAN-000232,FPS-0183,WHEAT,200,1,ALLOC-0002766
MI-0002752,MAN-000232,FPS-0258,RICE,192,2,ALLOC-0002915
MI-0002753,MAN-000232,FPS-0258,WHEAT,181,2,ALLOC-0002916
MI-0002754,MAN-000232,FPS-0133,RICE,205,3,ALLOC-0002665
MI-0002755,MAN-000232,FPS-0133,WHEAT,201,3,ALLOC-0002666
MI-0002756,MAN-000232,FPS-0208,RICE,203,4,ALLOC-0002815
MI-0002757,MAN-000232,FPS-0208,WHEAT,188,4,ALLOC-0002816
MI-0002758,MAN-000232,FPS-0308,RICE,215,5,ALLOC-0003015
MI-0002759,MAN-000232,FPS-0308,WHEAT,187,5,ALLOC-0003016
MI-0002760,MAN-000232,FPS-0158,RICE,198,6,ALLOC-0002715
MI-0002761,MAN-000232,FPS-0158,WHEAT,204,6,ALLOC-0002716
MI-0002762,MAN-000233,FPS-0034,RICE,209,1,ALLOC-0002467
MI-0002763,MAN-000233,FPS-0034,WHEAT,198,1,ALLOC-0002468
MI-0002764,MAN-000233,FPS-0434,RICE,238,2,ALLOC-0003267
MI-0002765,MAN-000233,FPS-0434,WHEAT,207,2,ALLOC-0003268
MI-0002766,MAN-000233,FPS-0409,RICE,222,3,ALLOC-0003217
MI-0002767,MAN-000233,FPS-0409,WHEAT,182,3,ALLOC-0003218
MI-0002768,MAN-000233,FPS-0009,RICE,194,4,ALLOC-0002417
MI-0002769,MAN-000233,FPS-0009,WHEAT,194,4,ALLOC-0002418
MI-0002770,MAN-000233,FPS-0159,RICE,179,5,ALLOC-0002717
MI-0002771,MAN-000233,FPS-0159,WHEAT,204,5,ALLOC-0002718
MI-0002772,MAN-000233,FPS-0134,RICE,192,6,ALLOC-0002667
MI-0002773,MAN-000233,FPS-0134,WHEAT,196,6,ALLOC-0002668
MI-0002774,MAN-000234,FPS-0334,RICE,195,1,ALLOC-0003067
MI-0002775,MAN-000234,FPS-0334,WHEAT,199,1,ALLOC-0003068
MI-0002776,MAN-000234,FPS-0459,RICE,210,2,ALLOC-0003317
MI-0002777,MAN-000234,FPS-0459,WHEAT,190,2,ALLOC-0003318
MI-0002778,MAN-000234,FPS-0109,RICE,187,3,ALLOC-0002617
MI-0002779,MAN-000234,FPS-0109,WHEAT,196,3,ALLOC-0002618
MI-0002780,MAN-000234,FPS-0359,RICE,330,4,ALLOC-0003117
MI-0002781,MAN-000234,FPS-0359,WHEAT,218,4,ALLOC-0003118
MI-0002782,MAN-000234,FPS-0059,RICE,210,5,ALLOC-0002517
MI-0002783,MAN-000234,FPS-0059,WHEAT,189,5,ALLOC-0002518
MI-0002784,MAN-000234,FPS-0384,RICE,254,6,ALLOC-0003167
MI-0002785,MAN-000234,FPS-0384,WHEAT,188,6,ALLOC-0003168
MI-0002786,MAN-000235,FPS-0184,RICE,256,1,ALLOC-0002767
MI-0002787,MAN-000235,FPS-0184,WHEAT,187,1,ALLOC-0002768
MI-0002788,MAN-000235,FPS-0584,RICE,205,2,ALLOC-0003567
MI-0002789,MAN-000235,FPS-0584,WHEAT,194,2,ALLOC-0003568
MI-0002790,MAN-000235,FPS-0209,RICE,232,3,ALLOC-0002817
MI-0002791,MAN-000235,FPS-0209,WHEAT,190,3,ALLOC-0002818
MI-0002792,MAN-000235,FPS-0559,RICE,155,4,ALLOC-0003517
MI-0002793,MAN-000235,FPS-0559,WHEAT,184,4,ALLOC-0003518
MI-0002794,MAN-000235,FPS-0534,RICE,188,5,ALLOC-0003467
MI-0002795,MAN-000235,FPS-0534,WHEAT,208,5,ALLOC-0003468
MI-0002796,MAN-000235,FPS-0484,RICE,189,6,ALLOC-0003367
MI-0002797,MAN-000235,FPS-0484,WHEAT,208,6,ALLOC-0003368
MI-0002798,MAN-000236,FPS-0259,RICE,184,1,ALLOC-0002917
MI-0002799,MAN-000236,FPS-0259,WHEAT,187,1,ALLOC-0002918
MI-0002800,MAN-000236,FPS-0084,RICE,276,2,ALLOC-0002567
MI-0002801,MAN-000236,FPS-0084,WHEAT,225,2,ALLOC-0002568
MI-0002802,MAN-000236,FPS-0509,RICE,198,3,ALLOC-0003417
MI-0002803,MAN-000236,FPS-0509,WHEAT,177,3,ALLOC-0003418
MI-0002804,MAN-000236,FPS-0284,RICE,206,4,ALLOC-0002967
MI-0002805,MAN-000236,FPS-0284,WHEAT,206,4,ALLOC-0002968
MI-0002806,MAN-000236,FPS-0234,RICE,207,5,ALLOC-0002867
MI-0002807,MAN-000236,FPS-0234,WHEAT,164,5,ALLOC-0002868
MI-0002808,MAN-000236,FPS-0309,RICE,220,6,ALLOC-0003017
MI-0002809,MAN-000236,FPS-0309,WHEAT,181,6,ALLOC-0003018
MI-0002810,MAN-000237,FPS-0185,RICE,207,1,ALLOC-0002769
MI-0002811,MAN-000237,FPS-0185,WHEAT,190,1,ALLOC-0002770
MI-0002812,MAN-000237,FPS-0035,RICE,211,2,ALLOC-0002469
MI-0002813,MAN-000237,FPS-0035,WHEAT,201,2,ALLOC-0002470
MI-0002814,MAN-000237,FPS-0060,RICE,220,3,ALLOC-0002519
MI-0002815,MAN-000237,FPS-0060,WHEAT,181,3,ALLOC-0002520
MI-0002816,MAN-000237,FPS-0285,RICE,212,4,ALLOC-0002969
MI-0002817,MAN-000237,FPS-0285,WHEAT,195,4,ALLOC-0002970
MI-0002818,MAN-000237,FPS-0010,RICE,256,5,ALLOC-0002419
MI-0002819,MAN-000237,FPS-0010,WHEAT,184,5,ALLOC-0002420
MI-0002820,MAN-000237,FPS-0360,RICE,210,6,ALLOC-0003119
MI-0002821,MAN-000237,FPS-0360,WHEAT,185,6,ALLOC-0003120
MI-0002822,MAN-000238,FPS-0310,RICE,207,1,ALLOC-0003019
MI-0002823,MAN-000238,FPS-0310,WHEAT,212,1,ALLOC-0003020
MI-0002824,MAN-000238,FPS-0335,RICE,256,2,ALLOC-0003069
MI-0002825,MAN-000238,FPS-0335,WHEAT,193,2,ALLOC-0003070
MI-0002826,MAN-000238,FPS-0585,RICE,202,3,ALLOC-0003569
MI-0002827,MAN-000238,FPS-0585,WHEAT,198,3,ALLOC-0003570
MI-0002828,MAN-000238,FPS-0485,RICE,206,4,ALLOC-0003369
MI-0002829,MAN-000238,FPS-0485,WHEAT,196,4,ALLOC-0003370
MI-0002830,MAN-000238,FPS-0260,RICE,193,5,ALLOC-0002919
MI-0002831,MAN-000238,FPS-0260,WHEAT,183,5,ALLOC-0002920
MI-0002832,MAN-000238,FPS-0110,RICE,193,6,ALLOC-0002619
MI-0002833,MAN-000238,FPS-0110,WHEAT,183,6,ALLOC-0002620
MI-0002834,MAN-000239,FPS-0535,RICE,196,1,ALLOC-0003469
MI-0002835,MAN-000239,FPS-0535,WHEAT,194,1,ALLOC-0003470
MI-0002836,MAN-000239,FPS-0085,RICE,196,2,ALLOC-0002569
MI-0002837,MAN-000239,FPS-0085,WHEAT,205,2,ALLOC-0002570
MI-0002838,MAN-000239,FPS-0160,RICE,190,3,ALLOC-0002719
MI-0002839,MAN-000239,FPS-0160,WHEAT,185,3,ALLOC-0002720
MI-0002840,MAN-000239,FPS-0385,RICE,272,4,ALLOC-0003169
MI-0002841,MAN-000239,FPS-0385,WHEAT,190,4,ALLOC-0003170
MI-0002842,MAN-000239,FPS-0510,RICE,182,5,ALLOC-0003419
MI-0002843,MAN-000239,FPS-0510,WHEAT,185,5,ALLOC-0003420
MI-0002844,MAN-000239,FPS-0435,RICE,211,6,ALLOC-0003269
MI-0002845,MAN-000239,FPS-0435,WHEAT,194,6,ALLOC-0003270
MI-0002846,MAN-000240,FPS-0410,RICE,285,1,ALLOC-0003219
MI-0002847,MAN-000240,FPS-0410,WHEAT,213,1,ALLOC-0003220
MI-0002848,MAN-000240,FPS-0135,RICE,192,2,ALLOC-0002669
MI-0002849,MAN-000240,FPS-0135,WHEAT,185,2,ALLOC-0002670
MI-0002850,MAN-000240,FPS-0235,RICE,236,3,ALLOC-0002869
MI-0002851,MAN-000240,FPS-0235,WHEAT,195,3,ALLOC-0002870
MI-0002852,MAN-000240,FPS-0460,RICE,202,4,ALLOC-0003319
MI-0002853,MAN-000240,FPS-0460,WHEAT,167,4,ALLOC-0003320
MI-0002854,MAN-000240,FPS-0210,RICE,203,5,ALLOC-0002819
MI-0002855,MAN-000240,FPS-0210,WHEAT,200,5,ALLOC-0002820
MI-0002856,MAN-000240,FPS-0560,RICE,258,6,ALLOC-0003519
MI-0002857,MAN-000240,FPS-0560,WHEAT,201,6,ALLOC-0003520
MI-0002858,MAN-000241,FPS-0211,RICE,220,1,ALLOC-0002821
MI-0002859,MAN-000241,FPS-0211,WHEAT,197,1,ALLOC-0002822
MI-0002860,MAN-000241,FPS-0486,RICE,197,2,ALLOC-0003371
MI-0002861,MAN-000241,FPS-0486,WHEAT,191,2,ALLOC-0003372
MI-0002862,MAN-000241,FPS-0286,RICE,204,3,ALLOC-0002971
MI-0002863,MAN-000241,FPS-0286,WHEAT,191,3,ALLOC-0002972
MI-0002864,MAN-000241,FPS-0461,RICE,207,4,ALLOC-0003321
MI-0002865,MAN-000241,FPS-0461,WHEAT,205,4,ALLOC-0003322
MI-0002866,MAN-000241,FPS-0586,RICE,214,5,ALLOC-0003571
MI-0002867,MAN-000241,FPS-0586,WHEAT,189,5,ALLOC-0003572
MI-0002868,MAN-000241,FPS-0061,RICE,187,6,ALLOC-0002521
MI-0002869,MAN-000241,FPS-0061,WHEAT,198,6,ALLOC-0002522
MI-0002870,MAN-000242,FPS-0436,RICE,210,1,ALLOC-0003271
MI-0002871,MAN-000242,FPS-0436,WHEAT,187,1,ALLOC-0003272
MI-0002872,MAN-000242,FPS-0186,RICE,264,2,ALLOC-0002771
MI-0002873,MAN-000242,FPS-0186,WHEAT,188,2,ALLOC-0002772
MI-0002874,MAN-000242,FPS-0361,RICE,204,3,ALLOC-0003121
MI-0002875,MAN-000242,FPS-0361,WHEAT,186,3,ALLOC-0003122
MI-0002876,MAN-000242,FPS-0336,RICE,228,4,ALLOC-0003071
MI-0002877,MAN-000242,FPS-0336,WHEAT,172,4,ALLOC-0003072
MI-0002878,MAN-000242,FPS-0086,RICE,190,5,ALLOC-0002571
MI-0002879,MAN-000242,FPS-0086,WHEAT,197,5,ALLOC-0002572
MI-0002880,MAN-000242,FPS-0136,RICE,217,6,ALLOC-0002671
MI-0002881,MAN-000242,FPS-0136,WHEAT,195,6,ALLOC-0002672
MI-0002882,MAN-000243,FPS-0511,RICE,175,1,ALLOC-0003421
MI-0002883,MAN-000243,FPS-0511,WHEAT,199,1,ALLOC-0003422
MI-0002884,MAN-000243,FPS-0561,RICE,197,2,ALLOC-0003521
MI-0002885,MAN-000243,FPS-0561,WHEAT,165,2,ALLOC-0003522
MI-0002886,MAN-000243,FPS-0411,RICE,204,3,ALLOC-0003221
MI-0002887,MAN-000243,FPS-0411,WHEAT,191,3,ALLOC-0003222
MI-0002888,MAN-000243,FPS-0036,RICE,261,4,ALLOC-0002471
MI-0002889,MAN-000243,FPS-0036,WHEAT,198,4,ALLOC-0002472
MI-0002890,MAN-000243,FPS-0311,RICE,252,5,ALLOC-0003021
MI-0002891,MAN-000243,FPS-0311,WHEAT,201,5,ALLOC-0003022
MI-0002892,MAN-000243,FPS-0011,RICE,199,6,ALLOC-0002421
MI-0002893,MAN-000243,FPS-0011,WHEAT,176,6,ALLOC-0002422
MI-0002894,MAN-000244,FPS-0536,RICE,170,1,ALLOC-0003471
MI-0002895,MAN-000244,FPS-0536,WHEAT,181,1,ALLOC-0003472
MI-0002896,MAN-000244,FPS-0111,RICE,191,2,ALLOC-0002621
MI-0002897,MAN-000244,FPS-0111,WHEAT,165,2,ALLOC-0002622
MI-0002898,MAN-000244,FPS-0161,RICE,275,3,ALLOC-0002721
MI-0002899,MAN-000244,FPS-0161,WHEAT,182,3,ALLOC-0002722
MI-0002900,MAN-000244,FPS-0261,RICE,207,4,ALLOC-0002921
MI-0002901,MAN-000244,FPS-0261,WHEAT,194,4,ALLOC-0002922
MI-0002902,MAN-000244,FPS-0236,RICE,198,5,ALLOC-0002871
MI-0002903,MAN-000244,FPS-0236,WHEAT,204,5,ALLOC-0002872
MI-0002904,MAN-000244,FPS-0386,RICE,182,6,ALLOC-0003171
MI-0002905,MAN-000244,FPS-0386,WHEAT,189,6,ALLOC-0003172
MI-0002906,MAN-000245,FPS-0012,RICE,241,1,ALLOC-0002423
MI-0002907,MAN-000245,FPS-0012,WHEAT,204,1,ALLOC-0002424
MI-0002908,MAN-000245,FPS-0087,RICE,193,2,ALLOC-0002573
MI-0002909,MAN-000245,FPS-0087,WHEAT,206,2,ALLOC-0002574
MI-0002910,MAN-000245,FPS-0362,RICE,174,3,ALLOC-0003123
MI-0002911,MAN-000245,FPS-0362,WHEAT,188,3,ALLOC-0003124
MI-0002912,MAN-000245,FPS-0412,RICE,231,4,ALLOC-0003223
MI-0002913,MAN-000245,FPS-0412,WHEAT,193,4,ALLOC-0003224
MI-0002914,MAN-000245,FPS-0187,RICE,237,5,ALLOC-0002773
MI-0002915,MAN-000245,FPS-0187,WHEAT,151,5,ALLOC-0002774
MI-0002916,MAN-000245,FPS-0562,RICE,262,6,ALLOC-0003523
MI-0002917,MAN-000245,FPS-0562,WHEAT,194,6,ALLOC-0003524
MI-0002918,MAN-000246,FPS-0487,RICE,196,1,ALLOC-0003373
MI-0002919,MAN-000246,FPS-0487,WHEAT,208,1,ALLOC-0003374
MI-0002920,MAN-000246,FPS-0037,RICE,211,2,ALLOC-0002473
MI-0002921,MAN-000246,FPS-0037,WHEAT,185,2,ALLOC-0002474
MI-0002922,MAN-000246,FPS-0312,RICE,238,3,ALLOC-0003023
MI-0002923,MAN-000246,FPS-0312,WHEAT,197,3,ALLOC-0003024
MI-0002924,MAN-000246,FPS-0462,RICE,184,4,ALLOC-0003323
MI-0002925,MAN-000246,FPS-0462,WHEAT,189,4,ALLOC-0003324
MI-0002926,MAN-000246,FPS-0162,RICE,186,5,ALLOC-0002723
MI-0002927,MAN-000246,FPS-0162,WHEAT,183,5,ALLOC-0002724
MI-0002928,MAN-000246,FPS-0112,RICE,190,6,ALLOC-0002623
MI-0002929,MAN-000246,FPS-0112,WHEAT,195,6,ALLOC-0002624
MI-0002930,MAN-000247,FPS-0137,RICE,175,1,ALLOC-0002673
MI-0002931,MAN-000247,FPS-0137,WHEAT,167,1,ALLOC-0002674
MI-0002932,MAN-000247,FPS-0237,RICE,204,2,ALLOC-0002873
MI-0002933,MAN-000247,FPS-0237,WHEAT,179,2,ALLOC-0002874
MI-0002934,MAN-000247,FPS-0262,RICE,183,3,ALLOC-0002923
MI-0002935,MAN-000247,FPS-0262,WHEAT,182,3,ALLOC-0002924
MI-0002936,MAN-000247,FPS-0587,RICE,217,4,ALLOC-0003573
MI-0002937,MAN-000247,FPS-0587,WHEAT,181,4,ALLOC-0003574
MI-0002938,MAN-000247,FPS-0437,RICE,188,5,ALLOC-0003273
MI-0002939,MAN-000247,FPS-0437,WHEAT,177,5,ALLOC-0003274
MI-0002940,MAN-000247,FPS-0212,RICE,191,6,ALLOC-0002823
MI-0002941,MAN-000247,FPS-0212,WHEAT,215,6,ALLOC-0002824
MI-0002942,MAN-000248,FPS-0537,RICE,187,1,ALLOC-0003473
MI-0002943,MAN-000248,FPS-0537,WHEAT,201,1,ALLOC-0003474
MI-0002944,MAN-000248,FPS-0062,RICE,196,2,ALLOC-0002523
MI-0002945,MAN-000248,FPS-0062,WHEAT,168,2,ALLOC-0002524
MI-0002946,MAN-000248,FPS-0512,RICE,180,3,ALLOC-0003423
MI-0002947,MAN-000248,FPS-0512,WHEAT,171,3,ALLOC-0003424
MI-0002948,MAN-000248,FPS-0337,RICE,178,4,ALLOC-0003073
MI-0002949,MAN-000248,FPS-0337,WHEAT,202,4,ALLOC-0003074
MI-0002950,MAN-000248,FPS-0387,RICE,311,5,ALLOC-0003173
MI-0002951,MAN-000248,FPS-0387,WHEAT,218,5,ALLOC-0003174
MI-0002952,MAN-000248,FPS-0287,RICE,339,6,ALLOC-0002973
MI-0002953,MAN-000248,FPS-0287,WHEAT,234,6,ALLOC-0002974
MI-0002954,MAN-000249,FPS-0438,RICE,195,1,ALLOC-0003275
MI-0002955,MAN-000249,FPS-0438,WHEAT,188,1,ALLOC-0003276
MI-0002956,MAN-000249,FPS-0063,RICE,244,2,ALLOC-0002525
MI-0002957,MAN-000249,FPS-0063,WHEAT,176,2,ALLOC-0002526
MI-0002958,MAN-000249,FPS-0313,RICE,179,3,ALLOC-0003025
MI-0002959,MAN-000249,FPS-0313,WHEAT,192,3,ALLOC-0003026
MI-0002960,MAN-000249,FPS-0538,RICE,183,4,ALLOC-0003475
MI-0002961,MAN-000249,FPS-0538,WHEAT,200,4,ALLOC-0003476
MI-0002962,MAN-000249,FPS-0038,RICE,237,5,ALLOC-0002475
MI-0002963,MAN-000249,FPS-0038,WHEAT,194,5,ALLOC-0002476
MI-0002964,MAN-000249,FPS-0288,RICE,208,6,ALLOC-0002975
MI-0002965,MAN-000249,FPS-0288,WHEAT,192,6,ALLOC-0002976
MI-0002966,MAN-000250,FPS-0013,RICE,222,1,ALLOC-0002425
MI-0002967,MAN-000250,FPS-0013,WHEAT,178,1,ALLOC-0002426
MI-0002968,MAN-000250,FPS-0213,RICE,199,2,ALLOC-0002825
MI-0002969,MAN-000250,FPS-0213,WHEAT,199,2,ALLOC-0002826
MI-0002970,MAN-000250,FPS-0463,RICE,248,3,ALLOC-0003325
MI-0002971,MAN-000250,FPS-0463,WHEAT,198,3,ALLOC-0003326
MI-0002972,MAN-000250,FPS-0563,RICE,355,4,ALLOC-0003525
MI-0002973,MAN-000250,FPS-0563,WHEAT,257,4,ALLOC-0003526
MI-0002974,MAN-000250,FPS-0188,RICE,182,5,ALLOC-0002775
MI-0002975,MAN-000250,FPS-0188,WHEAT,174,5,ALLOC-0002776
MI-0002976,MAN-000250,FPS-0113,RICE,200,6,ALLOC-0002625
MI-0002977,MAN-000250,FPS-0113,WHEAT,177,6,ALLOC-0002626
MI-0002978,MAN-000251,FPS-0163,RICE,177,1,ALLOC-0002725
MI-0002979,MAN-000251,FPS-0163,WHEAT,182,1,ALLOC-0002726
MI-0002980,MAN-000251,FPS-0263,RICE,204,2,ALLOC-0002925
MI-0002981,MAN-000251,FPS-0263,WHEAT,206,2,ALLOC-0002926
MI-0002982,MAN-000251,FPS-0513,RICE,180,3,ALLOC-0003425
MI-0002983,MAN-000251,FPS-0513,WHEAT,180,3,ALLOC-0003426
MI-0002984,MAN-000251,FPS-0138,RICE,275,4,ALLOC-0002675
MI-0002985,MAN-000251,FPS-0138,WHEAT,205,4,ALLOC-0002676
MI-0002986,MAN-000251,FPS-0388,RICE,163,5,ALLOC-0003175
MI-0002987,MAN-000251,FPS-0388,WHEAT,187,5,ALLOC-0003176
MI-0002988,MAN-000251,FPS-0238,RICE,223,6,ALLOC-0002875
MI-0002989,MAN-000251,FPS-0238,WHEAT,208,6,ALLOC-0002876
MI-0002990,MAN-000252,FPS-0088,RICE,207,1,ALLOC-0002575
MI-0002991,MAN-000252,FPS-0088,WHEAT,194,1,ALLOC-0002576
MI-0002992,MAN-000252,FPS-0338,RICE,213,2,ALLOC-0003075
MI-0002993,MAN-000252,FPS-0338,WHEAT,197,2,ALLOC-0003076
MI-0002994,MAN-000252,FPS-0488,RICE,213,3,ALLOC-0003375
MI-0002995,MAN-000252,FPS-0488,WHEAT,194,3,ALLOC-0003376
MI-0002996,MAN-000252,FPS-0588,RICE,217,4,ALLOC-0003575
MI-0002997,MAN-000252,FPS-0588,WHEAT,199,4,ALLOC-0003576
MI-0002998,MAN-000252,FPS-0363,RICE,212,5,ALLOC-0003125
MI-0002999,MAN-000252,FPS-0363,WHEAT,183,5,ALLOC-0003126
MI-0003000,MAN-000252,FPS-0413,RICE,154,6,ALLOC-0003225
MI-0003001,MAN-000252,FPS-0413,WHEAT,175,6,ALLOC-0003226
MI-0003002,MAN-000253,FPS-0464,RICE,203,1,ALLOC-0003327
MI-0003003,MAN-000253,FPS-0464,WHEAT,184,1,ALLOC-0003328
MI-0003004,MAN-000253,FPS-0514,RICE,197,2,ALLOC-0003427
MI-0003005,MAN-000253,FPS-0514,WHEAT,188,2,ALLOC-0003428
MI-0003006,MAN-000253,FPS-0214,RICE,193,3,ALLOC-0002827
MI-0003007,MAN-000253,FPS-0214,WHEAT,174,3,ALLOC-0002828
MI-0003008,MAN-000253,FPS-0239,RICE,271,4,ALLOC-0002877
MI-0003009,MAN-000253,FPS-0239,WHEAT,168,4,ALLOC-0002878
MI-0003010,MAN-000253,FPS-0339,RICE,174,5,ALLOC-0003077
MI-0003011,MAN-000253,FPS-0339,WHEAT,184,5,ALLOC-0003078
MI-0003012,MAN-000253,FPS-0039,RICE,200,6,ALLOC-0002477
MI-0003013,MAN-000253,FPS-0039,WHEAT,206,6,ALLOC-0002478
MI-0003014,MAN-000254,FPS-0089,RICE,210,1,ALLOC-0002577
MI-0003015,MAN-000254,FPS-0089,WHEAT,184,1,ALLOC-0002578
MI-0003016,MAN-000254,FPS-0564,RICE,187,2,ALLOC-0003527
MI-0003017,MAN-000254,FPS-0564,WHEAT,191,2,ALLOC-0003528
MI-0003018,MAN-000254,FPS-0389,RICE,210,3,ALLOC-0003177
MI-0003019,MAN-000254,FPS-0389,WHEAT,187,3,ALLOC-0003178
MI-0003020,MAN-000254,FPS-0139,RICE,197,4,ALLOC-0002677
MI-0003021,MAN-000254,FPS-0139,WHEAT,204,4,ALLOC-0002678
MI-0003022,MAN-000254,FPS-0189,RICE,294,5,ALLOC-0002777
MI-0003023,MAN-000254,FPS-0189,WHEAT,199,5,ALLOC-0002778
MI-0003024,MAN-000254,FPS-0289,RICE,172,6,ALLOC-0002977
MI-0003025,MAN-000254,FPS-0289,WHEAT,161,6,ALLOC-0002978
MI-0003026,MAN-000255,FPS-0064,RICE,170,1,ALLOC-0002527
MI-0003027,MAN-000255,FPS-0064,WHEAT,182,1,ALLOC-0002528
MI-0003028,MAN-000255,FPS-0414,RICE,269,2,ALLOC-0003227
MI-0003029,MAN-000255,FPS-0414,WHEAT,192,2,ALLOC-0003228
MI-0003030,MAN-000255,FPS-0439,RICE,229,3,ALLOC-0003277
MI-0003031,MAN-000255,FPS-0439,WHEAT,200,3,ALLOC-0003278
MI-0003032,MAN-000255,FPS-0364,RICE,192,4,ALLOC-0003127
MI-0003033,MAN-000255,FPS-0364,WHEAT,214,4,ALLOC-0003128
MI-0003034,MAN-000255,FPS-0164,RICE,208,5,ALLOC-0002727
MI-0003035,MAN-000255,FPS-0164,WHEAT,183,5,ALLOC-0002728
MI-0003036,MAN-000255,FPS-0489,RICE,195,6,ALLOC-0003377
MI-0003037,MAN-000255,FPS-0489,WHEAT,199,6,ALLOC-0003378
MI-0003038,MAN-000256,FPS-0014,RICE,200,1,ALLOC-0002427
MI-0003039,MAN-000256,FPS-0014,WHEAT,178,1,ALLOC-0002428
MI-0003040,MAN-000256,FPS-0539,RICE,202,2,ALLOC-0003477
MI-0003041,MAN-000256,FPS-0539,WHEAT,183,2,ALLOC-0003478
MI-0003042,MAN-000256,FPS-0114,RICE,195,3,ALLOC-0002627
MI-0003043,MAN-000256,FPS-0114,WHEAT,199,3,ALLOC-0002628
MI-0003044,MAN-000256,FPS-0589,RICE,207,4,ALLOC-0003577
MI-0003045,MAN-000256,FPS-0589,WHEAT,197,4,ALLOC-0003578
MI-0003046,MAN-000256,FPS-0314,RICE,230,5,ALLOC-0003027
MI-0003047,MAN-000256,FPS-0314,WHEAT,191,5,ALLOC-0003028
MI-0003048,MAN-000256,FPS-0264,RICE,185,6,ALLOC-0002927
MI-0003049,MAN-000256,FPS-0264,WHEAT,184,6,ALLOC-0002928
MI-0003050,MAN-000257,FPS-0490,RICE,220,1,ALLOC-0003379
MI-0003051,MAN-000257,FPS-0490,WHEAT,201,1,ALLOC-0003380
MI-0003052,MAN-000257,FPS-0215,RICE,173,2,ALLOC-0002829
MI-0003053,MAN-000257,FPS-0215,WHEAT,192,2,ALLOC-0002830
MI-0003054,MAN-000257,FPS-0565,RICE,194,3,ALLOC-0003529
MI-0003055,MAN-000257,FPS-0565,WHEAT,199,3,ALLOC-0003530
MI-0003056,MAN-000257,FPS-0540,RICE,174,4,ALLOC-0003479
MI-0003057,MAN-000257,FPS-0540,WHEAT,199,4,ALLOC-0003480
MI-0003058,MAN-000257,FPS-0015,RICE,193,5,ALLOC-0002429
MI-0003059,MAN-000257,FPS-0015,WHEAT,196,5,ALLOC-0002430
MI-0003060,MAN-000257,FPS-0090,RICE,216,6,ALLOC-0002579
MI-0003061,MAN-000257,FPS-0090,WHEAT,182,6,ALLOC-0002580
MI-0003062,MAN-000258,FPS-0365,RICE,186,1,ALLOC-0003129
MI-0003063,MAN-000258,FPS-0365,WHEAT,213,1,ALLOC-0003130
MI-0003064,MAN-000258,FPS-0240,RICE,240,2,ALLOC-0002879
MI-0003065,MAN-000258,FPS-0240,WHEAT,207,2,ALLOC-0002880
MI-0003066,MAN-000258,FPS-0065,RICE,211,3,ALLOC-0002529
MI-0003067,MAN-000258,FPS-0065,WHEAT,184,3,ALLOC-0002530
MI-0003068,MAN-000258,FPS-0115,RICE,186,4,ALLOC-0002629
MI-0003069,MAN-000258,FPS-0115,WHEAT,198,4,ALLOC-0002630
MI-0003070,MAN-000258,FPS-0040,RICE,202,5,ALLOC-0002479
MI-0003071,MAN-000258,FPS-0040,WHEAT,191,5,ALLOC-0002480
MI-0003072,MAN-000258,FPS-0465,RICE,197,6,ALLOC-0003329
MI-0003073,MAN-000258,FPS-0465,WHEAT,179,6,ALLOC-0003330
MI-0003074,MAN-000259,FPS-0140,RICE,206,1,ALLOC-0002679
MI-0003075,MAN-000259,FPS-0140,WHEAT,154,1,ALLOC-0002680
MI-0003076,MAN-000259,FPS-0290,RICE,178,2,ALLOC-0002979
MI-0003077,MAN-000259,FPS-0290,WHEAT,201,2,ALLOC-0002980
MI-0003078,MAN-000259,FPS-0590,RICE,218,3,ALLOC-0003579
MI-0003079,MAN-000259,FPS-0590,WHEAT,202,3,ALLOC-0003580
MI-0003080,MAN-000259,FPS-0340,RICE,182,4,ALLOC-0003079
MI-0003081,MAN-000259,FPS-0340,WHEAT,185,4,ALLOC-0003080
MI-0003082,MAN-000259,FPS-0440,RICE,203,5,ALLOC-0003279
MI-0003083,MAN-000259,FPS-0440,WHEAT,187,5,ALLOC-0003280
MI-0003084,MAN-000259,FPS-0515,RICE,210,6,ALLOC-0003429
MI-0003085,MAN-000259,FPS-0515,WHEAT,201,6,ALLOC-0003430
MI-0003086,MAN-000260,FPS-0265,RICE,227,1,ALLOC-0002929
MI-0003087,MAN-000260,FPS-0265,WHEAT,205,1,ALLOC-0002930
MI-0003088,MAN-000260,FPS-0390,RICE,216,2,ALLOC-0003179
MI-0003089,MAN-000260,FPS-0390,WHEAT,195,2,ALLOC-0003180
MI-0003090,MAN-000260,FPS-0315,RICE,212,3,ALLOC-0003029
MI-0003091,MAN-000260,FPS-0315,WHEAT,189,3,ALLOC-0003030
MI-0003092,MAN-000260,FPS-0415,RICE,210,4,ALLOC-0003229
MI-0003093,MAN-000260,FPS-0415,WHEAT,173,4,ALLOC-0003230
MI-0003094,MAN-000260,FPS-0165,RICE,178,5,ALLOC-0002729
MI-0003095,MAN-000260,FPS-0165,WHEAT,198,5,ALLOC-0002730
MI-0003096,MAN-000260,FPS-0190,RICE,186,6,ALLOC-0002779
MI-0003097,MAN-000260,FPS-0190,WHEAT,189,6,ALLOC-0002780
MI-0003098,MAN-000261,FPS-0566,RICE,180,1,ALLOC-0003531
MI-0003099,MAN-000261,FPS-0566,WHEAT,178,1,ALLOC-0003532
MI-0003100,MAN-000261,FPS-0266,RICE,185,2,ALLOC-0002931
MI-0003101,MAN-000261,FPS-0266,WHEAT,194,2,ALLOC-0002932
MI-0003102,MAN-000261,FPS-0041,RICE,192,3,ALLOC-0002481
MI-0003103,MAN-000261,FPS-0041,WHEAT,194,3,ALLOC-0002482
MI-0003104,MAN-000261,FPS-0366,RICE,202,4,ALLOC-0003131
MI-0003105,MAN-000261,FPS-0366,WHEAT,202,4,ALLOC-0003132
MI-0003106,MAN-000261,FPS-0191,RICE,176,5,ALLOC-0002781
MI-0003107,MAN-000261,FPS-0191,WHEAT,179,5,ALLOC-0002782
MI-0003108,MAN-000261,FPS-0466,RICE,173,6,ALLOC-0003331
MI-0003109,MAN-000261,FPS-0466,WHEAT,209,6,ALLOC-0003332
MI-0003110,MAN-000262,FPS-0416,RICE,191,1,ALLOC-0003231
MI-0003111,MAN-000262,FPS-0416,WHEAT,186,1,ALLOC-0003232
MI-0003112,MAN-000262,FPS-0316,RICE,201,2,ALLOC-0003031
MI-0003113,MAN-000262,FPS-0316,WHEAT,193,2,ALLOC-0003032
MI-0003114,MAN-000262,FPS-0391,RICE,239,3,ALLOC-0003181
MI-0003115,MAN-000262,FPS-0391,WHEAT,196,3,ALLOC-0003182
MI-0003116,MAN-000262,FPS-0516,RICE,204,4,ALLOC-0003431
MI-0003117,MAN-000262,FPS-0516,WHEAT,180,4,ALLOC-0003432
MI-0003118,MAN-000262,FPS-0016,RICE,204,5,ALLOC-0002431
MI-0003119,MAN-000262,FPS-0016,WHEAT,193,5,ALLOC-0002432
MI-0003120,MAN-000262,FPS-0341,RICE,204,6,ALLOC-0003081
MI-0003121,MAN-000262,FPS-0341,WHEAT,189,6,ALLOC-0003082
MI-0003122,MAN-000263,FPS-0166,RICE,197,1,ALLOC-0002731
MI-0003123,MAN-000263,FPS-0166,WHEAT,190,1,ALLOC-0002732
MI-0003124,MAN-000263,FPS-0066,RICE,218,2,ALLOC-0002531
MI-0003125,MAN-000263,FPS-0066,WHEAT,176,2,ALLOC-0002532
MI-0003126,MAN-000263,FPS-0491,RICE,222,3,ALLOC-0003381
MI-0003127,MAN-000263,FPS-0491,WHEAT,195,3,ALLOC-0003382
MI-0003128,MAN-000263,FPS-0441,RICE,286,4,ALLOC-0003281
MI-0003129,MAN-000263,FPS-0441,WHEAT,186,4,ALLOC-0003282
MI-0003130,MAN-000263,FPS-0241,RICE,215,5,ALLOC-0002881
MI-0003131,MAN-000263,FPS-0241,WHEAT,184,5,ALLOC-0002882
MI-0003132,MAN-000263,FPS-0091,RICE,203,6,ALLOC-0002581
MI-0003133,MAN-000263,FPS-0091,WHEAT,196,6,ALLOC-0002582
MI-0003134,MAN-000264,FPS-0541,RICE,196,1,ALLOC-0003481
MI-0003135,MAN-000264,FPS-0541,WHEAT,189,1,ALLOC-0003482
MI-0003136,MAN-000264,FPS-0291,RICE,244,2,ALLOC-0002981
MI-0003137,MAN-000264,FPS-0291,WHEAT,201,2,ALLOC-0002982
MI-0003138,MAN-000264,FPS-0216,RICE,165,3,ALLOC-0002831
MI-0003139,MAN-000264,FPS-0216,WHEAT,194,3,ALLOC-0002832
MI-0003140,MAN-000264,FPS-0591,RICE,183,4,ALLOC-0003581
MI-0003141,MAN-000264,FPS-0591,WHEAT,183,4,ALLOC-0003582
MI-0003142,MAN-000264,FPS-0116,RICE,195,5,ALLOC-0002631
MI-0003143,MAN-000264,FPS-0116,WHEAT,193,5,ALLOC-0002632
MI-0003144,MAN-000264,FPS-0141,RICE,183,6,ALLOC-0002681
MI-0003145,MAN-000264,FPS-0141,WHEAT,193,6,ALLOC-0002682
MI-0003146,MAN-000265,FPS-0167,RICE,220,1,ALLOC-0002733
MI-0003147,MAN-000265,FPS-0167,WHEAT,189,1,ALLOC-0002734
MI-0003148,MAN-000265,FPS-0342,RICE,197,2,ALLOC-0003083
MI-0003149,MAN-000265,FPS-0342,WHEAT,194,2,ALLOC-0003084
MI-0003150,MAN-000265,FPS-0442,RICE,194,3,ALLOC-0003283
MI-0003151,MAN-000265,FPS-0442,WHEAT,187,3,ALLOC-0003284
MI-0003152,MAN-000265,FPS-0467,RICE,187,4,ALLOC-0003333
MI-0003153,MAN-000265,FPS-0467,WHEAT,199,4,ALLOC-0003334
MI-0003154,MAN-000265,FPS-0067,RICE,184,5,ALLOC-0002533
MI-0003155,MAN-000265,FPS-0067,WHEAT,184,5,ALLOC-0002534
MI-0003156,MAN-000265,FPS-0217,RICE,194,6,ALLOC-0002833
MI-0003157,MAN-000265,FPS-0217,WHEAT,208,6,ALLOC-0002834
MI-0003158,MAN-000266,FPS-0017,RICE,201,1,ALLOC-0002433
MI-0003159,MAN-000266,FPS-0017,WHEAT,202,1,ALLOC-0002434
MI-0003160,MAN-000266,FPS-0292,RICE,285,2,ALLOC-0002983
MI-0003161,MAN-000266,FPS-0292,WHEAT,182,2,ALLOC-0002984
MI-0003162,MAN-000266,FPS-0517,RICE,189,3,ALLOC-0003433
MI-0003163,MAN-000266,FPS-0517,WHEAT,203,3,ALLOC-0003434
MI-0003164,MAN-000266,FPS-0267,RICE,190,4,ALLOC-0002933
MI-0003165,MAN-000266,FPS-0267,WHEAT,192,4,ALLOC-0002934
MI-0003166,MAN-000266,FPS-0092,RICE,243,5,ALLOC-0002583
MI-0003167,MAN-000266,FPS-0092,WHEAT,197,5,ALLOC-0002584
MI-0003168,MAN-000266,FPS-0142,RICE,177,6,ALLOC-0002683
MI-0003169,MAN-000266,FPS-0142,WHEAT,196,6,ALLOC-0002684
MI-0003170,MAN-000267,FPS-0117,RICE,194,1,ALLOC-0002633
MI-0003171,MAN-000267,FPS-0117,WHEAT,210,1,ALLOC-0002634
MI-0003172,MAN-000267,FPS-0042,RICE,177,2,ALLOC-0002483
MI-0003173,MAN-000267,FPS-0042,WHEAT,210,2,ALLOC-0002484
MI-0003174,MAN-000267,FPS-0417,RICE,173,3,ALLOC-0003233
MI-0003175,MAN-000267,FPS-0417,WHEAT,183,3,ALLOC-0003234
MI-0003176,MAN-000267,FPS-0192,RICE,203,4,ALLOC-0002783
MI-0003177,MAN-000267,FPS-0192,WHEAT,177,4,ALLOC-0002784
MI-0003178,MAN-000267,FPS-0242,RICE,181,5,ALLOC-0002883
MI-0003179,MAN-000267,FPS-0242,WHEAT,149,5,ALLOC-0002884
MI-0003180,MAN-000267,FPS-0567,RICE,188,6,ALLOC-0003533
MI-0003181,MAN-000267,FPS-0567,WHEAT,203,6,ALLOC-0003534
MI-0003182,MAN-000268,FPS-0317,RICE,196,1,ALLOC-0003033
MI-0003183,MAN-000268,FPS-0317,WHEAT,186,1,ALLOC-0003034
MI-0003184,MAN-000268,FPS-0492,RICE,274,2,ALLOC-0003383
MI-0003185,MAN-000268,FPS-0492,WHEAT,227,2,ALLOC-0003384
MI-0003186,MAN-000268,FPS-0392,RICE,196,3,ALLOC-0003183
MI-0003187,MAN-000268,FPS-0392,WHEAT,189,3,ALLOC-0003184
MI-0003188,MAN-000268,FPS-0542,RICE,193,4,ALLOC-0003483
MI-0003189,MAN-000268,FPS-0542,WHEAT,200,4,ALLOC-0003484
MI-0003190,MAN-000268,FPS-0592,RICE,192,5,ALLOC-0003583
MI-0003191,MAN-000268,FPS-0592,WHEAT,209,5,ALLOC-0003584
MI-0003192,MAN-000268,FPS-0367,RICE,185,6,ALLOC-0003133
MI-0003193,MAN-000268,FPS-0367,WHEAT,157,6,ALLOC-0003134
MI-0003194,MAN-000269,FPS-0218,RICE,184,1,ALLOC-0002835
MI-0003195,MAN-000269,FPS-0218,WHEAT,208,1,ALLOC-0002836
MI-0003196,MAN-000269,FPS-0343,RICE,169,2,ALLOC-0003085
MI-0003197,MAN-000269,FPS-0343,WHEAT,187,2,ALLOC-0003086
MI-0003198,MAN-000269,FPS-0443,RICE,170,3,ALLOC-0003285
MI-0003199,MAN-000269,FPS-0443,WHEAT,189,3,ALLOC-0003286
MI-0003200,MAN-000269,FPS-0368,RICE,207,4,ALLOC-0003135
MI-0003201,MAN-000269,FPS-0368,WHEAT,189,4,ALLOC-0003136
MI-0003202,MAN-000269,FPS-0068,RICE,191,5,ALLOC-0002535
MI-0003203,MAN-000269,FPS-0068,WHEAT,179,5,ALLOC-0002536
MI-0003204,MAN-000269,FPS-0568,RICE,279,6,ALLOC-0003535
MI-0003205,MAN-000269,FPS-0568,WHEAT,182,6,ALLOC-0003536
MI-0003206,MAN-000270,FPS-0418,RICE,250,1,ALLOC-0003235
MI-0003207,MAN-000270,FPS-0418,WHEAT,201,1,ALLOC-0003236
MI-0003208,MAN-000270,FPS-0593,RICE,308,2,ALLOC-0003585
MI-0003209,MAN-000270,FPS-0593,WHEAT,234,2,ALLOC-0003586
MI-0003210,MAN-000270,FPS-0168,RICE,187,3,ALLOC-0002735
MI-0003211,MAN-000270,FPS-0168,WHEAT,194,3,ALLOC-0002736
MI-0003212,MAN-000270,FPS-0243,RICE,233,4,ALLOC-0002885
MI-0003213,MAN-000270,FPS-0243,WHEAT,198,4,ALLOC-0002886
MI-0003214,MAN-000270,FPS-0543,RICE,205,5,ALLOC-0003485
MI-0003215,MAN-000270,FPS-0543,WHEAT,211,5,ALLOC-0003486
MI-0003216,MAN-000270,FPS-0193,RICE,225,6,ALLOC-0002785
MI-0003217,MAN-000270,FPS-0193,WHEAT,194,6,ALLOC-0002786
MI-0003218,MAN-000271,FPS-0118,RICE,165,1,ALLOC-0002635
MI-0003219,MAN-000271,FPS-0118,WHEAT,210,1,ALLOC-0002636
MI-0003220,MAN-000271,FPS-0468,RICE,192,2,ALLOC-0003335
MI-0003221,MAN-000271,FPS-0468,WHEAT,204,2,ALLOC-0003336
MI-0003222,MAN-000271,FPS-0318,RICE,156,3,ALLOC-0003035
MI-0003223,MAN-000271,FPS-0318,WHEAT,183,3,ALLOC-0003036
MI-0003224,MAN-000271,FPS-0493,RICE,203,4,ALLOC-0003385
MI-0003225,MAN-000271,FPS-0493,WHEAT,219,4,ALLOC-0003386
MI-0003226,MAN-000271,FPS-0268,RICE,198,5,ALLOC-0002935
MI-0003227,MAN-000271,FPS-0268,WHEAT,201,5,ALLOC-0002936
MI-0003228,MAN-000271,FPS-0043,RICE,198,6,ALLOC-0002485
MI-0003229,MAN-000271,FPS-0043,WHEAT,184,6,ALLOC-0002486
MI-0003230,MAN-000272,FPS-0143,RICE,233,1,ALLOC-0002685
MI-0003231,MAN-000272,FPS-0143,WHEAT,186,1,ALLOC-0002686
MI-0003232,MAN-000272,FPS-0093,RICE,262,2,ALLOC-0002585
MI-0003233,MAN-000272,FPS-0093,WHEAT,198,2,ALLOC-0002586
MI-0003234,MAN-000272,FPS-0518,RICE,204,3,ALLOC-0003435
MI-0003235,MAN-000272,FPS-0518,WHEAT,196,3,ALLOC-0003436
MI-0003236,MAN-000272,FPS-0018,RICE,250,4,ALLOC-0002435
MI-0003237,MAN-000272,FPS-0018,WHEAT,212,4,ALLOC-0002436
MI-0003238,MAN-000272,FPS-0293,RICE,216,5,ALLOC-0002985
MI-0003239,MAN-000272,FPS-0293,WHEAT,194,5,ALLOC-0002986
MI-0003240,MAN-000272,FPS-0393,RICE,215,6,ALLOC-0003185
MI-0003241,MAN-000272,FPS-0393,WHEAT,185,6,ALLOC-0003186
MI-0003242,MAN-000273,FPS-0094,RICE,270,1,ALLOC-0002587
MI-0003243,MAN-000273,FPS-0094,WHEAT,179,1,ALLOC-0002588
MI-0003244,MAN-000273,FPS-0044,RICE,196,2,ALLOC-0002487
MI-0003245,MAN-000273,FPS-0044,WHEAT,186,2,ALLOC-0002488
MI-0003246,MAN-000273,FPS-0544,RICE,195,3,ALLOC-0003487
MI-0003247,MAN-000273,FPS-0544,WHEAT,194,3,ALLOC-0003488
MI-0003248,MAN-000273,FPS-0194,RICE,195,4,ALLOC-0002787
MI-0003249,MAN-000273,FPS-0194,WHEAT,195,4,ALLOC-0002788
MI-0003250,MAN-000273,FPS-0294,RICE,195,5,ALLOC-0002987
MI-0003251,MAN-000273,FPS-0294,WHEAT,196,5,ALLOC-0002988
MI-0003252,MAN-000273,FPS-0069,RICE,205,6,ALLOC-0002537
MI-0003253,MAN-000273,FPS-0069,WHEAT,192,6,ALLOC-0002538
MI-0003254,MAN-000274,FPS-0569,RICE,215,1,ALLOC-0003537
MI-0003255,MAN-000274,FPS-0569,WHEAT,185,1,ALLOC-0003538
MI-0003256,MAN-000274,FPS-0119,RICE,212,2,ALLOC-0002637
MI-0003257,MAN-000274,FPS-0119,WHEAT,198,2,ALLOC-0002638
MI-0003258,MAN-000274,FPS-0344,RICE,198,3,ALLOC-0003087
MI-0003259,MAN-000274,FPS-0344,WHEAT,200,3,ALLOC-0003088
MI-0003260,MAN-000274,FPS-0219,RICE,234,4,ALLOC-0002837
MI-0003261,MAN-000274,FPS-0219,WHEAT,203,4,ALLOC-0002838
MI-0003262,MAN-000274,FPS-0469,RICE,198,5,ALLOC-0003337
MI-0003263,MAN-000274,FPS-0469,WHEAT,185,5,ALLOC-0003338
MI-0003264,MAN-000274,FPS-0019,RICE,219,6,ALLOC-0002437
MI-0003265,MAN-000274,FPS-0019,WHEAT,208,6,ALLOC-0002438
MI-0003266,MAN-000275,FPS-0519,RICE,177,1,ALLOC-0003437
MI-0003267,MAN-000275,FPS-0519,WHEAT,200,1,ALLOC-0003438
MI-0003268,MAN-000275,FPS-0244,RICE,188,2,ALLOC-0002887
MI-0003269,MAN-000275,FPS-0244,WHEAT,179,2,ALLOC-0002888
MI-0003270,MAN-000275,FPS-0319,RICE,213,3,ALLOC-0003037
MI-0003271,MAN-000275,FPS-0319,WHEAT,184,3,ALLOC-0003038
MI-0003272,MAN-000275,FPS-0169,RICE,169,4,ALLOC-0002737
MI-0003273,MAN-000275,FPS-0169,WHEAT,206,4,ALLOC-0002738
MI-0003274,MAN-000275,FPS-0394,RICE,228,5,ALLOC-0003187
MI-0003275,MAN-000275,FPS-0394,WHEAT,220,5,ALLOC-0003188
MI-0003276,MAN-000275,FPS-0144,RICE,243,6,ALLOC-0002687
MI-0003277,MAN-000275,FPS-0144,WHEAT,216,6,ALLOC-0002688
MI-0003278,MAN-000276,FPS-0594,RICE,194,1,ALLOC-0003587
MI-0003279,MAN-000276,FPS-0594,WHEAT,206,1,ALLOC-0003588
MI-0003280,MAN-000276,FPS-0369,RICE,188,2,ALLOC-0003137
MI-0003281,MAN-000276,FPS-0369,WHEAT,194,2,ALLOC-0003138
MI-0003282,MAN-000276,FPS-0269,RICE,215,3,ALLOC-0002937
MI-0003283,MAN-000276,FPS-0269,WHEAT,178,3,ALLOC-0002938
MI-0003284,MAN-000276,FPS-0419,RICE,237,4,ALLOC-0003237
MI-0003285,MAN-000276,FPS-0419,WHEAT,195,4,ALLOC-0003238
MI-0003286,MAN-000276,FPS-0444,RICE,177,5,ALLOC-0003287
MI-0003287,MAN-000276,FPS-0444,WHEAT,193,5,ALLOC-0003288
MI-0003288,MAN-000276,FPS-0494,RICE,206,6,ALLOC-0003387
MI-0003289,MAN-000276,FPS-0494,WHEAT,198,6,ALLOC-0003388
MI-0003290,MAN-000277,FPS-0320,RICE,178,1,ALLOC-0003039
MI-0003291,MAN-000277,FPS-0320,WHEAT,192,1,ALLOC-0003040
MI-0003292,MAN-000277,FPS-0345,RICE,190,2,ALLOC-0003089
MI-0003293,MAN-000277,FPS-0345,WHEAT,180,2,ALLOC-0003090
MI-0003294,MAN-000277,FPS-0570,RICE,199,3,ALLOC-0003539
MI-0003295,MAN-000277,FPS-0570,WHEAT,208,3,ALLOC-0003540
MI-0003296,MAN-000277,FPS-0370,RICE,210,4,ALLOC-0003139
MI-0003297,MAN-000277,FPS-0370,WHEAT,186,4,ALLOC-0003140
MI-0003298,MAN-000277,FPS-0070,RICE,171,5,ALLOC-0002539
MI-0003299,MAN-000277,FPS-0070,WHEAT,202,5,ALLOC-0002540
MI-0003300,MAN-000277,FPS-0245,RICE,187,6,ALLOC-0002889
MI-0003301,MAN-000277,FPS-0245,WHEAT,201,6,ALLOC-0002890
MI-0003302,MAN-000278,FPS-0295,RICE,197,1,ALLOC-0002989
MI-0003303,MAN-000278,FPS-0295,WHEAT,207,1,ALLOC-0002990
MI-0003304,MAN-000278,FPS-0495,RICE,182,2,ALLOC-0003389
MI-0003305,MAN-000278,FPS-0495,WHEAT,182,2,ALLOC-0003390
MI-0003306,MAN-000278,FPS-0270,RICE,200,3,ALLOC-0002939
MI-0003307,MAN-000278,FPS-0270,WHEAT,189,3,ALLOC-0002940
MI-0003308,MAN-000278,FPS-0395,RICE,192,4,ALLOC-0003189
MI-0003309,MAN-000278,FPS-0395,WHEAT,171,4,ALLOC-0003190
MI-0003310,MAN-000278,FPS-0420,RICE,238,5,ALLOC-0003239
MI-0003311,MAN-000278,FPS-0420,WHEAT,205,5,ALLOC-0003240
MI-0003312,MAN-000278,FPS-0170,RICE,182,6,ALLOC-0002739
MI-0003313,MAN-000278,FPS-0170,WHEAT,188,6,ALLOC-0002740
MI-0003314,MAN-000279,FPS-0470,RICE,306,1,ALLOC-0003339
MI-0003315,MAN-000279,FPS-0470,WHEAT,204,1,ALLOC-0003340
MI-0003316,MAN-000279,FPS-0120,RICE,206,2,ALLOC-0002639
MI-0003317,MAN-000279,FPS-0120,WHEAT,198,2,ALLOC-0002640
MI-0003318,MAN-000279,FPS-0220,RICE,278,3,ALLOC-0002839
MI-0003319,MAN-000279,FPS-0220,WHEAT,172,3,ALLOC-0002840
MI-0003320,MAN-000279,FPS-0520,RICE,189,4,ALLOC-0003439
MI-0003321,MAN-000279,FPS-0520,WHEAT,181,4,ALLOC-0003440
MI-0003322,MAN-000279,FPS-0195,RICE,196,5,ALLOC-0002789
MI-0003323,MAN-000279,FPS-0195,WHEAT,213,5,ALLOC-0002790
MI-0003324,MAN-000279,FPS-0020,RICE,202,6,ALLOC-0002439
MI-0003325,MAN-000279,FPS-0020,WHEAT,194,6,ALLOC-0002440
MI-0003326,MAN-000280,FPS-0095,RICE,245,1,ALLOC-0002589
MI-0003327,MAN-000280,FPS-0095,WHEAT,203,1,ALLOC-0002590
MI-0003328,MAN-000280,FPS-0545,RICE,215,2,ALLOC-0003489
MI-0003329,MAN-000280,FPS-0545,WHEAT,182,2,ALLOC-0003490
MI-0003330,MAN-000280,FPS-0445,RICE,208,3,ALLOC-0003289
MI-0003331,MAN-000280,FPS-0445,WHEAT,197,3,ALLOC-0003290
MI-0003332,MAN-000280,FPS-0045,RICE,228,4,ALLOC-0002489
MI-0003333,MAN-000280,FPS-0045,WHEAT,194,4,ALLOC-0002490
MI-0003334,MAN-000280,FPS-0595,RICE,172,5,ALLOC-0003589
MI-0003335,MAN-000280,FPS-0595,WHEAT,185,5,ALLOC-0003590
MI-0003336,MAN-000280,FPS-0145,RICE,162,6,ALLOC-0002689
MI-0003337,MAN-000280,FPS-0145,WHEAT,186,6,ALLOC-0002690
MI-0003338,MAN-000281,FPS-0146,RICE,200,1,ALLOC-0002691
MI-0003339,MAN-000281,FPS-0146,WHEAT,204,1,ALLOC-0002692
MI-0003340,MAN-000281,FPS-0596,RICE,176,2,ALLOC-0003591
MI-0003341,MAN-000281,FPS-0596,WHEAT,184,2,ALLOC-0003592
MI-0003342,MAN-000281,FPS-0521,RICE,240,3,ALLOC-0003441
MI-0003343,MAN-000281,FPS-0521,WHEAT,190,3,ALLOC-0003442
MI-0003344,MAN-000281,FPS-0296,RICE,197,4,ALLOC-0002991
MI-0003345,MAN-000281,FPS-0296,WHEAT,200,4,ALLOC-0002992
MI-0003346,MAN-000281,FPS-0071,RICE,180,5,ALLOC-0002541
MI-0003347,MAN-000281,FPS-0071,WHEAT,196,5,ALLOC-0002542
MI-0003348,MAN-000281,FPS-0046,RICE,183,6,ALLOC-0002491
MI-0003349,MAN-000281,FPS-0046,WHEAT,181,6,ALLOC-0002492
MI-0003350,MAN-000282,FPS-0171,RICE,182,1,ALLOC-0002741
MI-0003351,MAN-000282,FPS-0171,WHEAT,196,1,ALLOC-0002742
MI-0003352,MAN-000282,FPS-0371,RICE,179,2,ALLOC-0003141
MI-0003353,MAN-000282,FPS-0371,WHEAT,193,2,ALLOC-0003142
MI-0003354,MAN-000282,FPS-0221,RICE,220,3,ALLOC-0002841
MI-0003355,MAN-000282,FPS-0221,WHEAT,172,3,ALLOC-0002842
MI-0003356,MAN-000282,FPS-0121,RICE,201,4,ALLOC-0002641
MI-0003357,MAN-000282,FPS-0121,WHEAT,216,4,ALLOC-0002642
MI-0003358,MAN-000282,FPS-0096,RICE,198,5,ALLOC-0002591
MI-0003359,MAN-000282,FPS-0096,WHEAT,200,5,ALLOC-0002592
MI-0003360,MAN-000282,FPS-0471,RICE,186,6,ALLOC-0003341
MI-0003361,MAN-000282,FPS-0471,WHEAT,156,6,ALLOC-0003342
MI-0003362,MAN-000283,FPS-0421,RICE,248,1,ALLOC-0003241
MI-0003363,MAN-000283,FPS-0421,WHEAT,175,1,ALLOC-0003242
MI-0003364,MAN-000283,FPS-0446,RICE,188,2,ALLOC-0003291
MI-0003365,MAN-000283,FPS-0446,WHEAT,185,2,ALLOC-0003292
MI-0003366,MAN-000283,FPS-0396,RICE,189,3,ALLOC-0003191
MI-0003367,MAN-000283,FPS-0396,WHEAT,198,3,ALLOC-0003192
MI-0003368,MAN-000283,FPS-0546,RICE,266,4,ALLOC-0003491
MI-0003369,MAN-000283,FPS-0546,WHEAT,192,4,ALLOC-0003492
MI-0003370,MAN-000283,FPS-0321,RICE,258,5,ALLOC-0003041
MI-0003371,MAN-000283,FPS-0321,WHEAT,205,5,ALLOC-0003042
MI-0003372,MAN-000283,FPS-0346,RICE,194,6,ALLOC-0003091
MI-0003373,MAN-000283,FPS-0346,WHEAT,189,6,ALLOC-0003092
MI-0003374,MAN-000284,FPS-0271,RICE,189,1,ALLOC-0002941
MI-0003375,MAN-000284,FPS-0271,WHEAT,199,1,ALLOC-0002942
MI-0003376,MAN-000284,FPS-0571,RICE,201,2,ALLOC-0003541
MI-0003377,MAN-000284,FPS-0571,WHEAT,194,2,ALLOC-0003542
MI-0003378,MAN-000284,FPS-0496,RICE,180,3,ALLOC-0003391
MI-0003379,MAN-000284,FPS-0496,WHEAT,206,3,ALLOC-0003392
MI-0003380,MAN-000284,FPS-0021,RICE,291,4,ALLOC-0002441
MI-0003381,MAN-000284,FPS-0021,WHEAT,210,4,ALLOC-0002442
MI-0003382,MAN-000284,FPS-0246,RICE,320,5,ALLOC-0002891
MI-0003383,MAN-000284,FPS-0246,WHEAT,215,5,ALLOC-0002892
MI-0003384,MAN-000284,FPS-0196,RICE,242,6,ALLOC-0002791
MI-0003385,MAN-000284,FPS-0196,WHEAT,166,6,ALLOC-0002792
MI-0003386,MAN-000285,FPS-0522,RICE,238,1,ALLOC-0003443
MI-0003387,MAN-000285,FPS-0522,WHEAT,213,1,ALLOC-0003444
MI-0003388,MAN-000285,FPS-0097,RICE,267,2,ALLOC-0002593
MI-0003389,MAN-000285,FPS-0097,WHEAT,187,2,ALLOC-0002594
MI-0003390,MAN-000285,FPS-0072,RICE,237,3,ALLOC-0002543
MI-0003391,MAN-000285,FPS-0072,WHEAT,211,3,ALLOC-0002544
MI-0003392,MAN-000285,FPS-0597,RICE,438,4,ALLOC-0003593
MI-0003393,MAN-000285,FPS-0597,WHEAT,290,4,ALLOC-0003594
MI-0003394,MAN-000285,FPS-0297,RICE,206,5,ALLOC-0002993
MI-0003395,MAN-000285,FPS-0297,WHEAT,196,5,ALLOC-0002994
MI-0003396,MAN-000285,FPS-0172,RICE,239,6,ALLOC-0002743
MI-0003397,MAN-000285,FPS-0172,WHEAT,191,6,ALLOC-0002744
MI-0003398,MAN-000286,FPS-0472,RICE,245,1,ALLOC-0003343
MI-0003399,MAN-000286,FPS-0472,WHEAT,179,1,ALLOC-0003344
MI-0003400,MAN-000286,FPS-0322,RICE,228,2,ALLOC-0003043
MI-0003401,MAN-000286,FPS-0322,WHEAT,198,2,ALLOC-0003044
MI-0003402,MAN-000286,FPS-0047,RICE,262,3,ALLOC-0002493
MI-0003403,MAN-000286,FPS-0047,WHEAT,187,3,ALLOC-0002494
MI-0003404,MAN-000286,FPS-0547,RICE,182,4,ALLOC-0003493
MI-0003405,MAN-000286,FPS-0547,WHEAT,194,4,ALLOC-0003494
MI-0003406,MAN-000286,FPS-0422,RICE,208,5,ALLOC-0003243
MI-0003407,MAN-000286,FPS-0422,WHEAT,191,5,ALLOC-0003244
MI-0003408,MAN-000286,FPS-0372,RICE,188,6,ALLOC-0003143
MI-0003409,MAN-000286,FPS-0372,WHEAT,182,6,ALLOC-0003144
MI-0003410,MAN-000287,FPS-0347,RICE,275,1,ALLOC-0003093
MI-0003411,MAN-000287,FPS-0347,WHEAT,210,1,ALLOC-0003094
MI-0003412,MAN-000287,FPS-0272,RICE,231,2,ALLOC-0002943
MI-0003413,MAN-000287,FPS-0272,WHEAT,193,2,ALLOC-0002944
MI-0003414,MAN-000287,FPS-0222,RICE,228,3,ALLOC-0002843
MI-0003415,MAN-000287,FPS-0222,WHEAT,191,3,ALLOC-0002844
MI-0003416,MAN-000287,FPS-0022,RICE,198,4,ALLOC-0002443
MI-0003417,MAN-000287,FPS-0022,WHEAT,178,4,ALLOC-0002444
MI-0003418,MAN-000287,FPS-0122,RICE,178,5,ALLOC-0002643
MI-0003419,MAN-000287,FPS-0122,WHEAT,203,5,ALLOC-0002644
MI-0003420,MAN-000287,FPS-0247,RICE,185,6,ALLOC-0002893
MI-0003421,MAN-000287,FPS-0247,WHEAT,193,6,ALLOC-0002894
MI-0003422,MAN-000288,FPS-0497,RICE,202,1,ALLOC-0003393
MI-0003423,MAN-000288,FPS-0497,WHEAT,168,1,ALLOC-0003394
MI-0003424,MAN-000288,FPS-0447,RICE,198,2,ALLOC-0003293
MI-0003425,MAN-000288,FPS-0447,WHEAT,193,2,ALLOC-0003294
MI-0003426,MAN-000288,FPS-0397,RICE,190,3,ALLOC-0003193
MI-0003427,MAN-000288,FPS-0397,WHEAT,208,3,ALLOC-0003194
MI-0003428,MAN-000288,FPS-0572,RICE,252,4,ALLOC-0003543
MI-0003429,MAN-000288,FPS-0572,WHEAT,202,4,ALLOC-0003544
MI-0003430,MAN-000288,FPS-0147,RICE,199,5,ALLOC-0002693
MI-0003431,MAN-000288,FPS-0147,WHEAT,189,5,ALLOC-0002694
MI-0003432,MAN-000288,FPS-0197,RICE,248,6,ALLOC-0002793
MI-0003433,MAN-000288,FPS-0197,WHEAT,188,6,ALLOC-0002794
MI-0003434,MAN-000289,FPS-0198,RICE,198,1,ALLOC-0002795
MI-0003435,MAN-000289,FPS-0198,WHEAT,193,1,ALLOC-0002796
MI-0003436,MAN-000289,FPS-0323,RICE,175,2,ALLOC-0003045
MI-0003437,MAN-000289,FPS-0323,WHEAT,206,2,ALLOC-0003046
MI-0003438,MAN-000289,FPS-0398,RICE,204,3,ALLOC-0003195
MI-0003439,MAN-000289,FPS-0398,WHEAT,199,3,ALLOC-0003196
MI-0003440,MAN-000289,FPS-0173,RICE,168,4,ALLOC-0002745
MI-0003441,MAN-000289,FPS-0173,WHEAT,212,4,ALLOC-0002746
MI-0003442,MAN-000289,FPS-0448,RICE,188,5,ALLOC-0003295
MI-0003443,MAN-000289,FPS-0448,WHEAT,187,5,ALLOC-0003296
MI-0003444,MAN-000289,FPS-0523,RICE,205,6,ALLOC-0003445
MI-0003445,MAN-000289,FPS-0523,WHEAT,195,6,ALLOC-0003446
MI-0003446,MAN-000290,FPS-0598,RICE,225,1,ALLOC-0003595
MI-0003447,MAN-000290,FPS-0598,WHEAT,195,1,ALLOC-0003596
MI-0003448,MAN-000290,FPS-0073,RICE,223,2,ALLOC-0002545
MI-0003449,MAN-000290,FPS-0073,WHEAT,198,2,ALLOC-0002546
MI-0003450,MAN-000290,FPS-0123,RICE,202,3,ALLOC-0002645
MI-0003451,MAN-000290,FPS-0123,WHEAT,199,3,ALLOC-0002646
MI-0003452,MAN-000290,FPS-0023,RICE,202,4,ALLOC-0002445
MI-0003453,MAN-000290,FPS-0023,WHEAT,172,4,ALLOC-0002446
MI-0003454,MAN-000290,FPS-0423,RICE,190,5,ALLOC-0003245
MI-0003455,MAN-000290,FPS-0423,WHEAT,197,5,ALLOC-0003246
MI-0003456,MAN-000290,FPS-0148,RICE,299,6,ALLOC-0002695
MI-0003457,MAN-000290,FPS-0148,WHEAT,210,6,ALLOC-0002696
MI-0003458,MAN-000291,FPS-0498,RICE,203,1,ALLOC-0003395
MI-0003459,MAN-000291,FPS-0498,WHEAT,174,1,ALLOC-0003396
MI-0003460,MAN-000291,FPS-0573,RICE,181,2,ALLOC-0003545
MI-0003461,MAN-000291,FPS-0573,WHEAT,206,2,ALLOC-0003546
MI-0003462,MAN-000291,FPS-0348,RICE,224,3,ALLOC-0003095
MI-0003463,MAN-000291,FPS-0348,WHEAT,195,3,ALLOC-0003096
MI-0003464,MAN-000291,FPS-0223,RICE,234,4,ALLOC-0002845
MI-0003465,MAN-000291,FPS-0223,WHEAT,190,4,ALLOC-0002846
MI-0003466,MAN-000291,FPS-0098,RICE,278,5,ALLOC-0002595
MI-0003467,MAN-000291,FPS-0098,WHEAT,203,5,ALLOC-0002596
MI-0003468,MAN-000291,FPS-0048,RICE,183,6,ALLOC-0002495
MI-0003469,MAN-000291,FPS-0048,WHEAT,177,6,ALLOC-0002496
MI-0003470,MAN-000292,FPS-0548,RICE,207,1,ALLOC-0003495
MI-0003471,MAN-000292,FPS-0548,WHEAT,211,1,ALLOC-0003496
MI-0003472,MAN-000292,FPS-0373,RICE,184,2,ALLOC-0003145
MI-0003473,MAN-000292,FPS-0373,WHEAT,197,2,ALLOC-0003146
MI-0003474,MAN-000292,FPS-0473,RICE,214,3,ALLOC-0003345
MI-0003475,MAN-000292,FPS-0473,WHEAT,197,3,ALLOC-0003346
MI-0003476,MAN-000292,FPS-0298,RICE,189,4,ALLOC-0002995
MI-0003477,MAN-000292,FPS-0298,WHEAT,202,4,ALLOC-0002996
MI-0003478,MAN-000292,FPS-0273,RICE,271,5,ALLOC-0002945
MI-0003479,MAN-000292,FPS-0273,WHEAT,171,5,ALLOC-0002946
MI-0003480,MAN-000292,FPS-0248,RICE,344,6,ALLOC-0002895
MI-0003481,MAN-000292,FPS-0248,WHEAT,208,6,ALLOC-0002896
MI-0003482,MAN-000293,FPS-0449,RICE,195,1,ALLOC-0003297
MI-0003483,MAN-000293,FPS-0449,WHEAT,193,1,ALLOC-0003298
MI-0003484,MAN-000293,FPS-0349,RICE,188,2,ALLOC-0003097
MI-0003485,MAN-000293,FPS-0349,WHEAT,203,2,ALLOC-0003098
MI-0003486,MAN-000293,FPS-0374,RICE,182,3,ALLOC-0003147
MI-0003487,MAN-000293,FPS-0374,WHEAT,182,3,ALLOC-0003148
MI-0003488,MAN-000293,FPS-0499,RICE,253,4,ALLOC-0003397
MI-0003489,MAN-000293,FPS-0499,WHEAT,201,4,ALLOC-0003398
MI-0003490,MAN-000293,FPS-0324,RICE,209,5,ALLOC-0003047
MI-0003491,MAN-000293,FPS-0324,WHEAT,194,5,ALLOC-0003048
MI-0003492,MAN-000293,FPS-0274,RICE,191,6,ALLOC-0002947
MI-0003493,MAN-000293,FPS-0274,WHEAT,171,6,ALLOC-0002948
MI-0003494,MAN-000294,FPS-0224,RICE,181,1,ALLOC-0002847
MI-0003495,MAN-000294,FPS-0224,WHEAT,173,1,ALLOC-0002848
MI-0003496,MAN-000294,FPS-0124,RICE,307,2,ALLOC-0002647
MI-0003497,MAN-000294,FPS-0124,WHEAT,206,2,ALLOC-0002648
MI-0003498,MAN-000294,FPS-0299,RICE,199,3,ALLOC-0002997
MI-0003499,MAN-000294,FPS-0299,WHEAT,185,3,ALLOC-0002998
MI-0003500,MAN-000294,FPS-0574,RICE,208,4,ALLOC-0003547
MI-0003501,MAN-000294,FPS-0574,WHEAT,192,4,ALLOC-0003548
MI-0003502,MAN-000294,FPS-0074,RICE,179,5,ALLOC-0002547
MI-0003503,MAN-000294,FPS-0074,WHEAT,194,5,ALLOC-0002548
MI-0003504,MAN-000294,FPS-0199,RICE,204,6,ALLOC-0002797
MI-0003505,MAN-000294,FPS-0199,WHEAT,188,6,ALLOC-0002798
MI-0003506,MAN-000295,FPS-0549,RICE,241,1,ALLOC-0003497
MI-0003507,MAN-000295,FPS-0549,WHEAT,191,1,ALLOC-0003498
MI-0003508,MAN-000295,FPS-0399,RICE,199,2,ALLOC-0003197
MI-0003509,MAN-000295,FPS-0399,WHEAT,174,2,ALLOC-0003198
MI-0003510,MAN-000295,FPS-0149,RICE,288,3,ALLOC-0002697
MI-0003511,MAN-000295,FPS-0149,WHEAT,202,3,ALLOC-0002698
MI-0003512,MAN-000295,FPS-0249,RICE,271,4,ALLOC-0002897
MI-0003513,MAN-000295,FPS-0249,WHEAT,212,4,ALLOC-0002898
MI-0003514,MAN-000295,FPS-0599,RICE,207,5,ALLOC-0003597
MI-0003515,MAN-000295,FPS-0599,WHEAT,200,5,ALLOC-0003598
MI-0003516,MAN-000295,FPS-0049,RICE,218,6,ALLOC-0002497
MI-0003517,MAN-000295,FPS-0049,WHEAT,208,6,ALLOC-0002498
MI-0003518,MAN-000296,FPS-0524,RICE,198,1,ALLOC-0003447
MI-0003519,MAN-000296,FPS-0524,WHEAT,181,1,ALLOC-0003448
MI-0003520,MAN-000296,FPS-0174,RICE,257,2,ALLOC-0002747
MI-0003521,MAN-000296,FPS-0174,WHEAT,196,2,ALLOC-0002748
MI-0003522,MAN-000296,FPS-0474,RICE,200,3,ALLOC-0003347
MI-0003523,MAN-000296,FPS-0474,WHEAT,184,3,ALLOC-0003348
MI-0003524,MAN-000296,FPS-0424,RICE,210,4,ALLOC-0003247
MI-0003525,MAN-000296,FPS-0424,WHEAT,178,4,ALLOC-0003248
MI-0003526,MAN-000296,FPS-0099,RICE,198,5,ALLOC-0002597
MI-0003527,MAN-000296,FPS-0099,WHEAT,190,5,ALLOC-0002598
MI-0003528,MAN-000296,FPS-0024,RICE,216,6,ALLOC-0002447
MI-0003529,MAN-000296,FPS-0024,WHEAT,201,6,ALLOC-0002448
MI-0003530,MAN-000297,FPS-0125,RICE,205,1,ALLOC-0002649
MI-0003531,MAN-000297,FPS-0125,WHEAT,193,1,ALLOC-0002650
MI-0003532,MAN-000297,FPS-0575,RICE,251,2,ALLOC-0003549
MI-0003533,MAN-000297,FPS-0575,WHEAT,217,2,ALLOC-0003550
MI-0003534,MAN-000297,FPS-0275,RICE,192,3,ALLOC-0002949
MI-0003535,MAN-000297,FPS-0275,WHEAT,198,3,ALLOC-0002950
MI-0003536,MAN-000297,FPS-0375,RICE,201,4,ALLOC-0003149
MI-0003537,MAN-000297,FPS-0375,WHEAT,177,4,ALLOC-0003150
MI-0003538,MAN-000297,FPS-0100,RICE,176,5,ALLOC-0002599
MI-0003539,MAN-000297,FPS-0100,WHEAT,177,5,ALLOC-0002600
MI-0003540,MAN-000297,FPS-0025,RICE,294,6,ALLOC-0002449
MI-0003541,MAN-000297,FPS-0025,WHEAT,181,6,ALLOC-0002450
MI-0003542,MAN-000298,FPS-0400,RICE,241,1,ALLOC-0003199
MI-0003543,MAN-000298,FPS-0400,WHEAT,186,1,ALLOC-0003200
MI-0003544,MAN-000298,FPS-0225,RICE,195,2,ALLOC-0002849
MI-0003545,MAN-000298,FPS-0225,WHEAT,171,2,ALLOC-0002850
MI-0003546,MAN-000298,FPS-0600,RICE,195,3,ALLOC-0003599
MI-0003547,MAN-000298,FPS-0600,WHEAT,180,3,ALLOC-0003600
MI-0003548,MAN-000298,FPS-0425,RICE,182,4,ALLOC-0003249
MI-0003549,MAN-000298,FPS-0425,WHEAT,186,4,ALLOC-0003250
MI-0003550,MAN-000298,FPS-0200,RICE,202,5,ALLOC-0002799
MI-0003551,MAN-000298,FPS-0200,WHEAT,195,5,ALLOC-0002800
MI-0003552,MAN-000298,FPS-0325,RICE,234,6,ALLOC-0003049
MI-0003553,MAN-000298,FPS-0325,WHEAT,177,6,ALLOC-0003050
MI-0003554,MAN-000299,FPS-0175,RICE,223,1,ALLOC-0002749
MI-0003555,MAN-000299,FPS-0175,WHEAT,208,1,ALLOC-0002750
MI-0003556,MAN-000299,FPS-0350,RICE,225,2,ALLOC-0003099
MI-0003557,MAN-000299,FPS-0350,WHEAT,193,2,ALLOC-0003100
MI-0003558,MAN-000299,FPS-0500,RICE,198,3,ALLOC-0003399
MI-0003559,MAN-000299,FPS-0500,WHEAT,196,3,ALLOC-0003400
MI-0003560,MAN-000299,FPS-0475,RICE,207,4,ALLOC-0003349
MI-0003561,MAN-000299,FPS-0475,WHEAT,176,4,ALLOC-0003350
MI-0003562,MAN-000299,FPS-0150,RICE,193,5,ALLOC-0002699
MI-0003563,MAN-000299,FPS-0150,WHEAT,170,5,ALLOC-0002700
MI-0003564,MAN-000299,FPS-0075,RICE,238,6,ALLOC-0002549
MI-0003565,MAN-000299,FPS-0075,WHEAT,190,6,ALLOC-0002550
MI-0003566,MAN-000300,FPS-0050,RICE,295,1,ALLOC-0002499
MI-0003567,MAN-000300,FPS-0050,WHEAT,196,1,ALLOC-0002500
MI-0003568,MAN-000300,FPS-0250,RICE,193,2,ALLOC-0002899
MI-0003569,MAN-000300,FPS-0250,WHEAT,165,2,ALLOC-0002900
MI-0003570,MAN-000300,FPS-0300,RICE,219,3,ALLOC-0002999
MI-0003571,MAN-000300,FPS-0300,WHEAT,187,3,ALLOC-0003000
MI-0003572,MAN-000300,FPS-0550,RICE,198,4,ALLOC-0003499
MI-0003573,MAN-000300,FPS-0550,WHEAT,167,4,ALLOC-0003500
MI-0003574,MAN-000300,FPS-0525,RICE,196,5,ALLOC-0003449
MI-0003575,MAN-000300,FPS-0525,WHEAT,190,5,ALLOC-0003450
MI-0003576,MAN-000300,FPS-0450,RICE,202,6,ALLOC-0003299
MI-0003577,MAN-000300,FPS-0450,WHEAT,190,6,ALLOC-0003300
