inventory_id,location_type,location_id,commodity,opening_stock_kg,received_kg,dispatched_kg,distributed_kg,closing_stock_kg,cycle
INV-0000001,WAREHOUSE,WH-001,RICE,23226,5534,0,0,28760,2025-10
INV-0000002,WAREHOUSE,WH-001,WHEAT,17066,3695,0,0,20761,2025-10
INV-0000003,WAREHOUSE,WH-002,RICE,35689,6124,0,0,41813,2025-10
INV-0000004,WAREHOUSE,WH-002,WHEAT,40437,7585,0,0,48022,2025-10
INV-0000005,WAREHOUSE,WH-003,RICE,21133,3564,0,0,24697,2025-10
INV-0000006,WAREHOUSE,WH-003,WHEAT,16796,2051,0,0,18847,2025-10
INV-0000007,WAREHOUSE,WH-004,RICE,29147,6477,0,0,35624,2025-10
INV-0000008,WAREHOUSE,WH-004,WHEAT,22747,3319,0,0,26066,2025-10
INV-0000009,WAREHOUSE,WH-005,RICE,67972,12212,0,0,80184,2025-10
INV-0000010,WAREHOUSE,WH-005,WHEAT,46832,6465,0,0,53297,2025-10
INV-0000011,WAREHOUSE,WH-006,RICE,27208,6586,0,0,33794,2025-10
INV-0000012,WAREHOUSE,WH-006,WHEAT,25578,5820,0,0,31398,2025-10
INV-0000013,WAREHOUSE,WH-007,RICE,22554,5278,0,0,27832,2025-10
INV-0000014,WAREHOUSE,WH-007,WHEAT,18103,2583,0,0,20686,2025-10
INV-0000015,WAREHOUSE,WH-008,RICE,41265,11281,0,0,52546,2025-10
INV-0000016,WAREHOUSE,WH-008,WHEAT,35014,9847,0,0,44861,2025-10
INV-0000017,WAREHOUSE,WH-009,RICE,40325,4128,0,0,44453,2025-10
INV-0000018,WAREHOUSE,WH-009,WHEAT,33261,7232,0,0,40493,2025-10
INV-0000019,WAREHOUSE,WH-010,RICE,39063,5047,0,0,44110,2025-10
INV-0000020,WAREHOUSE,WH-010,WHEAT,35065,4640,0,0,39705,2025-10
INV-0000021,WAREHOUSE,WH-011,RICE,21682,2505,0,0,24187,2025-10
INV-0000022,WAREHOUSE,WH-011,WHEAT,16081,4265,0,0,20346,2025-10
INV-0000023,WAREHOUSE,WH-012,RICE,25875,4543,0,0,30418,2025-10
INV-0000024,WAREHOUSE,WH-012,WHEAT,27700,5726,0,0,33426,2025-10
INV-0000025,WAREHOUSE,WH-013,RICE,41449,9633,0,0,51082,2025-10
INV-0000026,WAREHOUSE,WH-013,WHEAT,30198,7192,0,0,37390,2025-10
INV-0000027,WAREHOUSE,WH-014,RICE,26602,5613,0,0,32215,2025-10
INV-0000028,WAREHOUSE,WH-014,WHEAT,21900,6115,0,0,28015,2025-10
INV-0000029,WAREHOUSE,WH-015,RICE,16100,4374,0,0,20474,2025-10
INV-0000030,WAREHOUSE,WH-015,WHEAT,17526,4139,0,0,21665,2025-10
INV-0000031,WAREHOUSE,WH-016,RICE,16950,2483,0,0,19433,2025-10
INV-0000032,WAREHOUSE,WH-016,WHEAT,14053,1819,0,0,15872,2025-10
INV-0000033,WAREHOUSE,WH-017,RICE,37002,7079,0,0,44081,2025-10
INV-0000034,WAREHOUSE,WH-017,WHEAT,30038,5696,0,0,35734,2025-10
INV-0000035,WAREHOUSE,WH-018,RICE,31406,6739,0,0,38145,2025-10
INV-0000036,WAREHOUSE,WH-018,WHEAT,23058,4941,0,0,27999,2025-10
INV-0000037,WAREHOUSE,WH-019,RICE,25015,6273,0,0,31288,2025-10
INV-0000038,WAREHOUSE,WH-019,WHEAT,23723,4271,0,0,27994,2025-10
INV-0000039,WAREHOUSE,WH-020,RICE,33770,7271,0,0,41041,2025-10
INV-0000040,WAREHOUSE,WH-020,WHEAT,33644,4285,0,0,37929,2025-10
INV-0000041,WAREHOUSE,WH-021,RICE,20462,2816,0,0,23278,2025-10
INV-0000042,WAREHOUSE,WH-021,WHEAT,17053,2027,0,0,19080,2025-10
INV-0000043,WAREHOUSE,WH-022,RICE,37486,3775,0,0,41261,2025-10
INV-0000044,WAREHOUSE,WH-022,WHEAT,29376,6211,0,0,35587,2025-10
INV-0000045,WAREHOUSE,WH-023,RICE,21429,4461,0,0,25890,2025-10
INV-0000046,WAREHOUSE,WH-023,WHEAT,17348,4334,0,0,21682,2025-10
INV-0000047,WAREHOUSE,WH-024,RICE,48409,9119,0,0,57528,2025-10
INV-0000048,WAREHOUSE,WH-024,WHEAT,45321,10704,0,0,56025,2025-10
INV-0000049,WAREHOUSE,WH-025,RICE,29040,3040,0,0,32080,2025-10
INV-0000050,WAREHOUSE,WH-025,WHEAT,22689,2737,0,0,25426,2025-10
INV-0000051,WAREHOUSE,WH-001,RICE,21342,5251,0,0,26593,2025-11
INV-0000052,WAREHOUSE,WH-001,WHEAT,15955,2351,0,0,18306,2025-11
INV-0000053,WAREHOUSE,WH-002,RICE,37631,4601,0,0,42232,2025-11
INV-0000054,WAREHOUSE,WH-002,WHEAT,35201,7876,0,0,43077,2025-11
INV-0000055,WAREHOUSE,WH-003,RICE,18429,4293,0,0,22722,2025-11
INV-0000056,WAREHOUSE,WH-003,WHEAT,18094,4442,0,0,22536,2025-11
INV-0000057,WAREHOUSE,WH-004,RICE,25254,4475,0,0,29729,2025-11
INV-0000058,WAREHOUSE,WH-004,WHEAT,23440,5208,0,0,28648,2025-11
INV-0000059,WAREHOUSE,WH-005,RICE,63824,9155,0,0,72979,2025-11
INV-0000060,WAREHOUSE,WH-005,WHEAT,51245,8695,0,0,59940,2025-11
INV-0000061,WAREHOUSE,WH-006,RICE,26707,7794,0,0,34501,2025-11
INV-0000062,WAREHOUSE,WH-006,WHEAT,29805,6921,0,0,36726,2025-11
INV-0000063,WAREHOUSE,WH-007,RICE,24535,5908,0,0,30443,2025-11
INV-0000064,WAREHOUSE,WH-007,WHEAT,17586,4397,0,0,21983,2025-11
INV-0000065,WAREHOUSE,WH-008,RICE,47487,7202,0,0,54689,2025-11
INV-0000066,WAREHOUSE,WH-008,WHEAT,36532,6628,0,0,43160,2025-11
INV-0000067,WAREHOUSE,WH-009,RICE,38148,10327,0,0,48475,2025-11
INV-0000068,WAREHOUSE,WH-009,WHEAT,29186,3891,0,0,33077,2025-11
INV-0000069,WAREHOUSE,WH-010,RICE,39088,9423,0,0,48511,2025-11
INV-0000070,WAREHOUSE,WH-010,WHEAT,33019,6173,0,0,39192,2025-11
INV-0000071,WAREHOUSE,WH-011,RICE,18552,5560,0,0,24112,2025-11
INV-0000072,WAREHOUSE,WH-011,WHEAT,16759,2566,0,0,19325,2025-11
INV-0000073,WAREHOUSE,WH-012,RICE,28359,5144,0,0,33503,2025-11
INV-0000074,WAREHOUSE,WH-012,WHEAT,25069,4761,0,0,29830,2025-11
INV-0000075,WAREHOUSE,WH-013,RICE,36209,4249,0,0,40458,2025-11
INV-0000076,WAREHOUSE,WH-013,WHEAT,26634,4356,0,0,30990,2025-11
INV-0000077,WAREHOUSE,WH-014,RICE,29575,4298,0,0,33873,2025-11
INV-0000078,WAREHOUSE,WH-014,WHEAT,24822,7259,0,0,32081,2025-11
INV-0000079,WAREHOUSE,WH-015,RICE,17512,3999,0,0,21511,2025-11
INV-0000080,WAREHOUSE,WH-015,WHEAT,18997,4962,0,0,23959,2025-11
INV-0000081,WAREHOUSE,WH-016,RICE,19122,4434,0,0,23556,2025-11
INV-0000082,WAREHOUSE,WH-016,WHEAT,15709,3166,0,0,18875,2025-11
INV-0000083,WAREHOUSE,WH-017,RICE,34679,5390,0,0,40069,2025-11
INV-0000084,WAREHOUSE,WH-017,WHEAT,29424,4348,0,0,33772,2025-11
INV-0000085,WAREHOUSE,WH-018,RICE,29216,8651,0,0,37867,2025-11
INV-0000086,WAREHOUSE,WH-018,WHEAT,22362,5676,0,0,28038,2025-11
INV-0000087,WAREHOUSE,WH-019,RICE,29041,6345,0,0,35386,2025-11
INV-0000088,WAREHOUSE,WH-019,WHEAT,22338,4712,0,0,27050,2025-11
INV-0000089,WAREHOUSE,WH-020,RICE,36536,4970,0,0,41506,2025-11
INV-0000090,WAREHOUSE,WH-020,WHEAT,33565,5931,0,0,39496,2025-11
INV-0000091,WAREHOUSE,WH-021,RICE,21769,5445,0,0,27214,2025-11
INV-0000092,WAREHOUSE,WH-021,WHEAT,14197,2806,0,0,17003,2025-11
INV-0000093,WAREHOUSE,WH-022,RICE,35187,10508,0,0,45695,2025-11
INV-0000094,WAREHOUSE,WH-022,WHEAT,32413,8112,0,0,40525,2025-11
INV-0000095,WAREHOUSE,WH-023,RICE,20634,3942,0,0,24576,2025-11
INV-0000096,WAREHOUSE,WH-023,WHEAT,17577,4805,0,0,22382,2025-11
INV-0000097,WAREHOUSE,WH-024,RICE,50872,11899,0,0,62771,2025-11
INV-0000098,WAREHOUSE,WH-024,WHEAT,45195,11763,0,0,56958,2025-11
INV-0000099,WAREHOUSE,WH-025,RICE,31023,3935,0,0,34958,2025-11
INV-0000100,WAREHOUSE,WH-025,WHEAT,20027,2462,0,0,22489,2025-11
INV-0000101,WAREHOUSE,WH-001,RICE,20042,3524,0,0,23566,2025-12
INV-0000102,WAREHOUSE,WH-001,WHEAT,17844,2601,0,0,20445,2025-12
INV-0000103,WAREHOUSE,WH-002,RICE,35172,9471,0,0,44643,2025-12
INV-0000104,WAREHOUSE,WH-002,WHEAT,37261,10900,0,0,48161,2025-12
INV-0000105,WAREHOUSE,WH-003,RICE,18534,3786,0,0,22320,2025-12
INV-0000106,WAREHOUSE,WH-003,WHEAT,19996,2037,0,0,22033,2025-12
INV-0000107,WAREHOUSE,WH-004,RICE,28127,4627,0,0,32754,2025-12
INV-0000108,WAREHOUSE,WH-004,WHEAT,21885,3886,0,0,25771,2025-12
INV-0000109,WAREHOUSE,WH-005,RICE,71296,9611,0,0,80907,2025-12
INV-0000110,WAREHOUSE,WH-005,WHEAT,56823,15090,0,0,71913,2025-12
INV-0000111,WAREHOUSE,WH-006,RICE,29536,7123,0,0,36659,2025-12
INV-0000112,WAREHOUSE,WH-006,WHEAT,27135,6625,0,0,33760,2025-12
INV-0000113,WAREHOUSE,WH-007,RICE,22946,5927,0,0,28873,2025-12
INV-0000114,WAREHOUSE,WH-007,WHEAT,15556,3260,0,0,18816,2025-12
INV-0000115,WAREHOUSE,WH-008,RICE,42136,9505,0,0,51641,2025-12
INV-0000116,WAREHOUSE,WH-008,WHEAT,31993,9134,0,0,41127,2025-12
INV-0000117,WAREHOUSE,WH-009,RICE,36849,8738,0,0,45587,2025-12
INV-0000118,WAREHOUSE,WH-009,WHEAT,31438,5832,0,0,37270,2025-12
INV-0000119,WAREHOUSE,WH-010,RICE,43757,5344,0,0,49101,2025-12
INV-0000120,WAREHOUSE,WH-010,WHEAT,36578,10872,0,0,47450,2025-12
INV-0000121,WAREHOUSE,WH-011,RICE,20257,3594,0,0,23851,2025-12
INV-0000122,WAREHOUSE,WH-011,WHEAT,15105,4380,0,0,19485,2025-12
INV-0000123,WAREHOUSE,WH-012,RICE,28062,7065,0,0,35127,2025-12
INV-0000124,WAREHOUSE,WH-012,WHEAT,24181,6087,0,0,30268,2025-12
INV-0000125,WAREHOUSE,WH-013,RICE,42736,10866,0,0,53602,2025-12
INV-0000126,WAREHOUSE,WH-013,WHEAT,32195,4462,0,0,36657,2025-12
INV-0000127,WAREHOUSE,WH-014,RICE,31121,7537,0,0,38658,2025-12
INV-0000128,WAREHOUSE,WH-014,WHEAT,25367,4140,0,0,29507,2025-12
INV-0000129,WAREHOUSE,WH-015,RICE,16431,2899,0,0,19330,2025-12
INV-0000130,WAREHOUSE,WH-015,WHEAT,18127,4646,0,0,22773,2025-12
INV-0000131,WAREHOUSE,WH-016,RICE,18660,2332,0,0,20992,2025-12
INV-0000132,WAREHOUSE,WH-016,WHEAT,15519,3779,0,0,19298,2025-12
INV-0000133,WAREHOUSE,WH-017,RICE,35839,8482,0,0,44321,2025-12
INV-0000134,WAREHOUSE,WH-017,WHEAT,26376,3584,0,0,29960,2025-12
INV-0000135,WAREHOUSE,WH-018,RICE,31554,8478,0,0,40032,2025-12
INV-0000136,WAREHOUSE,WH-018,WHEAT,24083,6841,0,0,30924,2025-12
INV-0000137,WAREHOUSE,WH-019,RICE,27153,7284,0,0,34437,2025-12
INV-0000138,WAREHOUSE,WH-019,WHEAT,22109,3541,0,0,25650,2025-12
INV-0000139,WAREHOUSE,WH-020,RICE,35970,8632,0,0,44602,2025-12
INV-0000140,WAREHOUSE,WH-020,WHEAT,29340,6090,0,0,35430,2025-12
INV-0000141,WAREHOUSE,WH-021,RICE,23434,2884,0,0,26318,2025-12
INV-0000142,WAREHOUSE,WH-021,WHEAT,14834,4152,0,0,18986,2025-12
INV-0000143,WAREHOUSE,WH-022,RICE,40478,6518,0,0,46996,2025-12
INV-0000144,WAREHOUSE,WH-022,WHEAT,32657,7685,0,0,40342,2025-12
INV-0000145,WAREHOUSE,WH-023,RICE,21991,4784,0,0,26775,2025-12
INV-0000146,WAREHOUSE,WH-023,WHEAT,19305,5490,0,0,24795,2025-12
INV-0000147,WAREHOUSE,WH-024,RICE,58919,12804,0,0,71723,2025-12
INV-0000148,WAREHOUSE,WH-024,WHEAT,42980,8413,0,0,51393,2025-12
INV-0000149,WAREHOUSE,WH-025,RICE,27427,4000,0,0,31427,2025-12
INV-0000150,WAREHOUSE,WH-025,WHEAT,21957,4364,0,0,26321,2025-12
INV-0000151,WAREHOUSE,WH-001,RICE,20281,2159,3961,0,18479,2026-01
INV-0000152,WAREHOUSE,WH-001,WHEAT,16680,2560,3208,0,16032,2026-01
INV-0000153,WAREHOUSE,WH-002,RICE,41144,11925,3697,0,49372,2026-01
INV-0000154,WAREHOUSE,WH-002,WHEAT,35210,6325,2873,0,38662,2026-01
INV-0000155,WAREHOUSE,WH-003,RICE,21548,4097,3822,0,21823,2026-01
INV-0000156,WAREHOUSE,WH-003,WHEAT,18825,2403,3007,0,18221,2026-01
INV-0000157,WAREHOUSE,WH-004,RICE,25827,7504,3707,0,29624,2026-01
INV-0000158,WAREHOUSE,WH-004,WHEAT,23980,5029,3052,0,25957,2026-01
INV-0000159,WAREHOUSE,WH-005,RICE,58341,9281,3999,0,63623,2026-01
INV-0000160,WAREHOUSE,WH-005,WHEAT,53901,13414,3370,0,63945,2026-01
INV-0000161,WAREHOUSE,WH-006,RICE,30269,3123,3665,0,29727,2026-01
INV-0000162,WAREHOUSE,WH-006,WHEAT,26352,6141,3044,0,29449,2026-01
INV-0000163,WAREHOUSE,WH-007,RICE,21752,5260,4044,0,22968,2026-01
INV-0000164,WAREHOUSE,WH-007,WHEAT,19088,3996,3083,0,20001,2026-01
INV-0000165,WAREHOUSE,WH-008,RICE,47949,9350,4009,0,53290,2026-01
INV-0000166,WAREHOUSE,WH-008,WHEAT,32099,5018,3095,0,34022,2026-01
INV-0000167,WAREHOUSE,WH-009,RICE,43131,6568,3899,0,45800,2026-01
INV-0000168,WAREHOUSE,WH-009,WHEAT,29669,3089,3292,0,29466,2026-01
INV-0000169,WAREHOUSE,WH-010,RICE,38236,8662,3775,0,43123,2026-01
INV-0000170,WAREHOUSE,WH-010,WHEAT,37943,9459,3064,0,44338,2026-01
INV-0000171,WAREHOUSE,WH-011,RICE,19578,4837,4021,0,20394,2026-01
INV-0000172,WAREHOUSE,WH-011,WHEAT,15622,3596,3027,0,16191,2026-01
INV-0000173,WAREHOUSE,WH-012,RICE,23770,6851,4991,0,25630,2026-01
INV-0000174,WAREHOUSE,WH-012,WHEAT,28548,6630,3328,0,31850,2026-01
INV-0000175,WAREHOUSE,WH-013,RICE,40810,12090,3642,0,49258,2026-01
INV-0000176,WAREHOUSE,WH-013,WHEAT,27368,4052,3018,0,28402,2026-01
INV-0000177,WAREHOUSE,WH-014,RICE,30645,9111,3745,0,36011,2026-01
INV-0000178,WAREHOUSE,WH-014,WHEAT,25489,4440,3008,0,26921,2026-01
INV-0000179,WAREHOUSE,WH-015,RICE,18979,5449,3803,0,20625,2026-01
INV-0000180,WAREHOUSE,WH-015,WHEAT,20076,2097,3026,0,19147,2026-01
INV-0000181,WAREHOUSE,WH-016,RICE,18197,3528,3718,0,18007,2026-01
INV-0000182,WAREHOUSE,WH-016,WHEAT,15815,4410,2975,0,17250,2026-01
INV-0000183,WAREHOUSE,WH-017,RICE,36019,4431,3809,0,36641,2026-01
INV-0000184,WAREHOUSE,WH-017,WHEAT,25681,3831,3014,0,26498,2026-01
INV-0000185,WAREHOUSE,WH-018,RICE,30313,5362,3868,0,31807,2026-01
INV-0000186,WAREHOUSE,WH-018,WHEAT,25160,2538,3030,0,24668,2026-01
INV-0000187,WAREHOUSE,WH-019,RICE,24588,4445,3799,0,25234,2026-01
INV-0000188,WAREHOUSE,WH-019,WHEAT,23007,3137,3147,0,22997,2026-01
INV-0000189,WAREHOUSE,WH-020,RICE,34593,6682,3692,0,37583,2026-01
INV-0000190,WAREHOUSE,WH-020,WHEAT,30514,8537,2908,0,36143,2026-01
INV-0000191,WAREHOUSE,WH-021,RICE,20797,4828,3824,0,21801,2026-01
INV-0000192,WAREHOUSE,WH-021,WHEAT,16652,4655,3294,0,18013,2026-01
INV-0000193,WAREHOUSE,WH-022,RICE,37579,8598,4483,0,41694,2026-01
INV-0000194,WAREHOUSE,WH-022,WHEAT,33150,6959,3305,0,36804,2026-01
INV-0000195,WAREHOUSE,WH-023,RICE,18384,3737,3779,0,18342,2026-01
INV-0000196,WAREHOUSE,WH-023,WHEAT,16077,1947,3398,0,14626,2026-01
INV-0000197,WAREHOUSE,WH-024,RICE,53251,10043,4050,0,59244,2026-01
INV-0000198,WAREHOUSE,WH-024,WHEAT,40449,11358,3061,0,48746,2026-01
INV-0000199,WAREHOUSE,WH-025,RICE,32693,8526,3738,0,37481,2026-01
INV-0000200,WAREHOUSE,WH-025,WHEAT,22385,3833,3172,0,23046,2026-01
INV-0000201,WAREHOUSE,WH-001,RICE,22629,5806,12947,0,15488,2026-02
INV-0000202,WAREHOUSE,WH-001,WHEAT,16369,4573,3192,0,17750,2026-02
INV-0000203,WAREHOUSE,WH-002,RICE,39103,6292,3426,0,41969,2026-02
INV-0000204,WAREHOUSE,WH-002,WHEAT,35623,3671,2886,0,36408,2026-02
INV-0000205,WAREHOUSE,WH-003,RICE,19659,2718,3707,0,18670,2026-02
INV-0000206,WAREHOUSE,WH-003,WHEAT,16827,3322,3029,0,17120,2026-02
INV-0000207,WAREHOUSE,WH-004,RICE,24948,2788,3572,0,24164,2026-02
INV-0000208,WAREHOUSE,WH-004,WHEAT,24872,3716,3197,0,25391,2026-02
INV-0000209,WAREHOUSE,WH-005,RICE,62651,16117,3999,0,74769,2026-02
INV-0000210,WAREHOUSE,WH-005,WHEAT,55827,9290,3185,0,61932,2026-02
INV-0000211,WAREHOUSE,WH-006,RICE,27942,4147,3856,0,28233,2026-02
INV-0000212,WAREHOUSE,WH-006,WHEAT,28573,3265,3105,0,28733,2026-02
INV-0000213,WAREHOUSE,WH-007,RICE,21736,4037,3841,0,21932,2026-02
INV-0000214,WAREHOUSE,WH-007,WHEAT,16398,2959,3059,0,16298,2026-02
INV-0000215,WAREHOUSE,WH-008,RICE,43456,12512,3957,0,52011,2026-02
INV-0000216,WAREHOUSE,WH-008,WHEAT,33762,6501,3060,0,37203,2026-02
INV-0000217,WAREHOUSE,WH-009,RICE,44554,13213,3895,0,53872,2026-02
INV-0000218,WAREHOUSE,WH-009,WHEAT,30866,5739,3316,0,33289,2026-02
INV-0000219,WAREHOUSE,WH-010,RICE,40444,10213,3800,0,46857,2026-02
INV-0000220,WAREHOUSE,WH-010,WHEAT,37467,8209,3058,0,42618,2026-02
INV-0000221,WAREHOUSE,WH-011,RICE,20029,2663,3841,0,18851,2026-02
INV-0000222,WAREHOUSE,WH-011,WHEAT,15985,1884,3064,0,14805,2026-02
INV-0000223,WAREHOUSE,WH-012,RICE,28990,6074,3879,0,31185,2026-02
INV-0000224,WAREHOUSE,WH-012,WHEAT,25079,2597,3246,0,24430,2026-02
INV-0000225,WAREHOUSE,WH-013,RICE,41799,6477,3710,0,44566,2026-02
INV-0000226,WAREHOUSE,WH-013,WHEAT,28222,8127,3070,0,33279,2026-02
INV-0000227,WAREHOUSE,WH-014,RICE,29913,8845,3849,0,34909,2026-02
INV-0000228,WAREHOUSE,WH-014,WHEAT,23173,4971,3170,0,24974,2026-02
INV-0000229,WAREHOUSE,WH-015,RICE,16879,2362,3708,0,15533,2026-02
INV-0000230,WAREHOUSE,WH-015,WHEAT,17627,1780,2862,0,16545,2026-02
INV-0000231,WAREHOUSE,WH-016,RICE,16632,2643,3530,0,15745,2026-02
INV-0000232,WAREHOUSE,WH-016,WHEAT,13980,1824,2891,0,12913,2026-02
INV-0000233,WAREHOUSE,WH-017,RICE,42308,8900,3499,0,47709,2026-02
INV-0000234,WAREHOUSE,WH-017,WHEAT,31457,6305,2957,0,34805,2026-02
INV-0000235,WAREHOUSE,WH-018,RICE,31899,4173,4101,0,31971,2026-02
INV-0000236,WAREHOUSE,WH-018,WHEAT,26308,5964,3154,0,29118,2026-02
INV-0000237,WAREHOUSE,WH-019,RICE,28995,8219,3996,0,33218,2026-02
INV-0000238,WAREHOUSE,WH-019,WHEAT,21039,3248,3170,0,21117,2026-02
INV-0000239,WAREHOUSE,WH-020,RICE,36271,9295,3582,0,41984,2026-02
INV-0000240,WAREHOUSE,WH-020,WHEAT,33656,7070,3103,0,37623,2026-02
INV-0000241,WAREHOUSE,WH-021,RICE,24812,2831,3786,0,23857,2026-02
INV-0000242,WAREHOUSE,WH-021,WHEAT,15340,2316,3199,0,14457,2026-02
INV-0000243,WAREHOUSE,WH-022,RICE,39471,6799,4003,0,42267,2026-02
INV-0000244,WAREHOUSE,WH-022,WHEAT,30683,3118,3228,0,30573,2026-02
INV-0000245,WAREHOUSE,WH-023,RICE,18137,4056,3755,0,18438,2026-02
INV-0000246,WAREHOUSE,WH-023,WHEAT,19147,4109,3091,0,20165,2026-02
INV-0000247,WAREHOUSE,WH-024,RICE,57851,17192,3809,0,71234,2026-02
INV-0000248,WAREHOUSE,WH-024,WHEAT,38991,8468,3174,0,44285,2026-02
INV-0000249,WAREHOUSE,WH-025,RICE,30689,4437,3749,0,31377,2026-02
INV-0000250,WAREHOUSE,WH-025,WHEAT,20546,2765,3071,0,20240,2026-02
INV-0000251,WAREHOUSE,WH-001,RICE,19705,4784,5111,0,19378,2026-03
INV-0000252,WAREHOUSE,WH-001,WHEAT,17816,4003,4220,0,17599,2026-03
INV-0000253,WAREHOUSE,WH-002,RICE,37746,6655,4629,0,39772,2026-03
INV-0000254,WAREHOUSE,WH-002,WHEAT,38670,7836,4506,0,42000,2026-03
INV-0000255,WAREHOUSE,WH-003,RICE,19467,3819,5063,0,18223,2026-03
INV-0000256,WAREHOUSE,WH-003,WHEAT,18484,2655,4393,0,16746,2026-03
INV-0000257,WAREHOUSE,WH-004,RICE,25952,4250,4924,0,25278,2026-03
INV-0000258,WAREHOUSE,WH-004,WHEAT,24490,4931,4304,0,25117,2026-03
INV-0000259,WAREHOUSE,WH-005,RICE,58219,7993,4887,0,61325,2026-03
INV-0000260,WAREHOUSE,WH-005,WHEAT,48311,6267,4582,0,49996,2026-03
INV-0000261,WAREHOUSE,WH-006,RICE,26318,7514,4581,0,29251,2026-03
INV-0000262,WAREHOUSE,WH-006,WHEAT,25361,7575,4392,0,28544,2026-03
INV-0000263,WAREHOUSE,WH-007,RICE,24258,2985,4715,0,22528,2026-03
INV-0000264,WAREHOUSE,WH-007,WHEAT,18909,4107,4547,0,18469,2026-03
INV-0000265,WAREHOUSE,WH-008,RICE,48421,11476,4759,0,55138,2026-03
INV-0000266,WAREHOUSE,WH-008,WHEAT,34064,4988,4369,0,34683,2026-03
INV-0000267,WAREHOUSE,WH-009,RICE,43564,9339,4686,0,48217,2026-03
INV-0000268,WAREHOUSE,WH-009,WHEAT,32670,7663,4467,0,35866,2026-03
INV-0000269,WAREHOUSE,WH-010,RICE,36621,4882,5044,0,36459,2026-03
INV-0000270,WAREHOUSE,WH-010,WHEAT,37276,5162,4539,0,37899,2026-03
INV-0000271,WAREHOUSE,WH-011,RICE,21767,2474,4602,0,19639,2026-03
INV-0000272,WAREHOUSE,WH-011,WHEAT,16396,4577,4393,0,16580,2026-03
INV-0000273,WAREHOUSE,WH-012,RICE,29067,3911,4767,0,28211,2026-03
INV-0000274,WAREHOUSE,WH-012,WHEAT,24688,3382,4410,0,23660,2026-03
INV-0000275,WAREHOUSE,WH-013,RICE,35576,10278,4893,0,40961,2026-03
INV-0000276,WAREHOUSE,WH-013,WHEAT,27141,4857,4390,0,27608,2026-03
INV-0000277,WAREHOUSE,WH-014,RICE,29186,7240,4675,0,31751,2026-03
INV-0000278,WAREHOUSE,WH-014,WHEAT,24175,7216,4348,0,27043,2026-03
INV-0000279,WAREHOUSE,WH-015,RICE,16038,2900,4513,0,14425,2026-03
INV-0000280,WAREHOUSE,WH-015,WHEAT,20587,5282,4248,0,21621,2026-03
INV-0000281,WAREHOUSE,WH-016,RICE,18327,4317,4562,0,18082,2026-03
INV-0000282,WAREHOUSE,WH-016,WHEAT,14405,2780,4127,0,13058,2026-03
INV-0000283,WAREHOUSE,WH-017,RICE,34609,9458,4566,0,39501,2026-03
INV-0000284,WAREHOUSE,WH-017,WHEAT,29683,7086,4492,0,32277,2026-03
INV-0000285,WAREHOUSE,WH-018,RICE,29328,5727,4978,0,30077,2026-03
INV-0000286,WAREHOUSE,WH-018,WHEAT,24666,4839,4401,0,25104,2026-03
INV-0000287,WAREHOUSE,WH-019,RICE,29088,7185,4702,0,31571,2026-03
INV-0000288,WAREHOUSE,WH-019,WHEAT,21234,6214,4634,0,22814,2026-03
INV-0000289,WAREHOUSE,WH-020,RICE,39167,6414,4657,0,40924,2026-03
INV-0000290,WAREHOUSE,WH-020,WHEAT,28931,8581,4256,0,33256,2026-03
INV-0000291,WAREHOUSE,WH-021,RICE,23694,6512,4646,0,25560,2026-03
INV-0000292,WAREHOUSE,WH-021,WHEAT,15251,2672,4216,0,13707,2026-03
INV-0000293,WAREHOUSE,WH-022,RICE,38145,9947,5378,0,42714,2026-03
INV-0000294,WAREHOUSE,WH-022,WHEAT,30588,4734,4696,0,30626,2026-03
INV-0000295,WAREHOUSE,WH-023,RICE,21401,5427,4742,0,22086,2026-03
INV-0000296,WAREHOUSE,WH-023,WHEAT,17226,2739,4501,0,15464,2026-03
INV-0000297,WAREHOUSE,WH-024,RICE,59322,12123,4692,0,66753,2026-03
INV-0000298,WAREHOUSE,WH-024,WHEAT,44255,8413,4584,0,48084,2026-03
INV-0000299,WAREHOUSE,WH-025,RICE,32535,3659,4802,0,31392,2026-03
INV-0000300,WAREHOUSE,WH-025,WHEAT,24163,4279,4114,0,24328,2026-03
INV-0000301,FPS,FPS-0001,RICE,112,231,0,144,199,2026-01
INV-0000302,FPS,FPS-0001,WHEAT,126,169,0,103,192,2026-01
INV-0000303,FPS,FPS-0002,RICE,179,117,0,97,199,2026-01
INV-0000304,FPS,FPS-0002,WHEAT,254,121,0,74,301,2026-01
INV-0000305,FPS,FPS-0003,RICE,210,226,0,139,297,2026-01
INV-0000306,FPS,FPS-0003,WHEAT,86,172,0,134,124,2026-01
INV-0000307,FPS,FPS-0004,RICE,54,121,0,101,74,2026-01
INV-0000308,FPS,FPS-0004,WHEAT,214,96,0,61,249,2026-01
INV-0000309,FPS,FPS-0005,RICE,196,179,0,129,246,2026-01
INV-0000310,FPS,FPS-0005,WHEAT,58,143,0,107,94,2026-01
INV-0000311,FPS,FPS-0006,RICE,178,207,0,147,238,2026-01
INV-0000312,FPS,FPS-0006,WHEAT,173,138,0,89,222,2026-01
INV-0000313,FPS,FPS-0007,RICE,118,111,0,98,131,2026-01
INV-0000314,FPS,FPS-0007,WHEAT,154,88,0,63,179,2026-01
INV-0000315,FPS,FPS-0008,RICE,226,169,0,104,291,2026-01
INV-0000316,FPS,FPS-0008,WHEAT,293,158,0,140,311,2026-01
INV-0000317,FPS,FPS-0009,RICE,192,122,0,87,227,2026-01
INV-0000318,FPS,FPS-0009,WHEAT,155,116,0,95,176,2026-01
INV-0000319,FPS,FPS-0010,RICE,229,230,0,164,295,2026-01
INV-0000320,FPS,FPS-0010,WHEAT,105,158,0,131,132,2026-01
INV-0000321,FPS,FPS-0011,RICE,124,128,0,110,142,2026-01
INV-0000322,FPS,FPS-0011,WHEAT,259,105,0,72,292,2026-01
INV-0000323,FPS,FPS-0012,RICE,160,164,0,117,207,2026-01
INV-0000324,FPS,FPS-0012,WHEAT,198,142,0,86,254,2026-01
INV-0000325,FPS,FPS-0013,RICE,217,182,0,115,284,2026-01
INV-0000326,FPS,FPS-0013,WHEAT,164,159,0,112,211,2026-01
INV-0000327,FPS,FPS-0014,RICE,72,113,0,72,113,2026-01
INV-0000328,FPS,FPS-0014,WHEAT,69,109,0,81,97,2026-01
INV-0000329,FPS,FPS-0015,RICE,105,170,0,126,149,2026-01
INV-0000330,FPS,FPS-0015,WHEAT,299,125,0,101,323,2026-01
INV-0000331,FPS,FPS-0016,RICE,94,163,0,114,143,2026-01
INV-0000332,FPS,FPS-0016,WHEAT,232,134,0,105,261,2026-01
INV-0000333,FPS,FPS-0017,RICE,62,137,0,116,83,2026-01
INV-0000334,FPS,FPS-0017,WHEAT,228,126,0,91,263,2026-01
INV-0000335,FPS,FPS-0018,RICE,98,235,0,197,136,2026-01
INV-0000336,FPS,FPS-0018,WHEAT,106,177,0,121,162,2026-01
INV-0000337,FPS,FPS-0019,RICE,99,170,0,108,161,2026-01
INV-0000338,FPS,FPS-0019,WHEAT,112,118,0,84,146,2026-01
INV-0000339,FPS,FPS-0020,RICE,124,126,0,100,150,2026-01
INV-0000340,FPS,FPS-0020,WHEAT,230,126,0,108,248,2026-01
INV-0000341,FPS,FPS-0021,RICE,136,252,0,196,192,2026-01
INV-0000342,FPS,FPS-0021,WHEAT,130,184,0,153,161,2026-01
INV-0000343,FPS,FPS-0022,RICE,151,156,0,137,170,2026-01
INV-0000344,FPS,FPS-0022,WHEAT,139,129,0,108,160,2026-01
INV-0000345,FPS,FPS-0023,RICE,115,134,0,84,165,2026-01
INV-0000346,FPS,FPS-0023,WHEAT,74,118,0,93,99,2026-01
INV-0000347,FPS,FPS-0024,RICE,281,124,0,101,304,2026-01
INV-0000348,FPS,FPS-0024,WHEAT,93,124,0,81,136,2026-01
INV-0000349,FPS,FPS-0025,RICE,269,237,0,156,350,2026-01
INV-0000350,FPS,FPS-0025,WHEAT,106,156,0,108,154,2026-01
INV-0000351,FPS,FPS-0026,RICE,115,129,0,83,161,2026-01
INV-0000352,FPS,FPS-0026,WHEAT,138,118,0,80,176,2026-01
INV-0000353,FPS,FPS-0027,RICE,147,121,0,108,160,2026-01
INV-0000354,FPS,FPS-0027,WHEAT,88,109,0,69,128,2026-01
INV-0000355,FPS,FPS-0028,RICE,66,123,0,75,114,2026-01
INV-0000356,FPS,FPS-0028,WHEAT,145,114,0,79,180,2026-01
INV-0000357,FPS,FPS-0029,RICE,273,197,0,169,301,2026-01
INV-0000358,FPS,FPS-0029,WHEAT,231,118,0,98,251,2026-01
INV-0000359,FPS,FPS-0030,RICE,165,137,0,94,208,2026-01
INV-0000360,FPS,FPS-0030,WHEAT,131,104,0,73,162,2026-01
INV-0000361,FPS,FPS-0031,RICE,203,129,0,99,233,2026-01
INV-0000362,FPS,FPS-0031,WHEAT,71,106,0,63,114,2026-01
INV-0000363,FPS,FPS-0032,RICE,256,135,0,85,306,2026-01
INV-0000364,FPS,FPS-0032,WHEAT,207,109,0,94,222,2026-01
INV-0000365,FPS,FPS-0033,RICE,258,180,0,112,326,2026-01
INV-0000366,FPS,FPS-0033,WHEAT,94,117,0,103,108,2026-01
INV-0000367,FPS,FPS-0034,RICE,160,173,0,144,189,2026-01
INV-0000368,FPS,FPS-0034,WHEAT,212,139,0,90,261,2026-01
INV-0000369,FPS,FPS-0035,RICE,235,204,0,160,279,2026-01
INV-0000370,FPS,FPS-0035,WHEAT,139,147,0,107,179,2026-01
INV-0000371,FPS,FPS-0036,RICE,182,160,0,107,235,2026-01
INV-0000372,FPS,FPS-0036,WHEAT,65,143,0,93,115,2026-01
INV-0000373,FPS,FPS-0037,RICE,129,1098,0,842,385,2026-01
INV-0000374,FPS,FPS-0037,WHEAT,282,145,0,93,334,2026-01
INV-0000375,FPS,FPS-0038,RICE,242,201,0,149,294,2026-01
INV-0000376,FPS,FPS-0038,WHEAT,261,155,0,105,311,2026-01
INV-0000377,FPS,FPS-0039,RICE,71,189,0,157,103,2026-01
INV-0000378,FPS,FPS-0039,WHEAT,247,143,0,98,292,2026-01
INV-0000379,FPS,FPS-0040,RICE,69,134,0,88,115,2026-01
INV-0000380,FPS,FPS-0040,WHEAT,162,110,0,75,197,2026-01
INV-0000381,FPS,FPS-0041,RICE,65,137,0,112,90,2026-01
INV-0000382,FPS,FPS-0041,WHEAT,62,122,0,95,89,2026-01
INV-0000383,FPS,FPS-0042,RICE,154,134,0,113,175,2026-01
INV-0000384,FPS,FPS-0042,WHEAT,227,130,0,94,263,2026-01
INV-0000385,FPS,FPS-0043,RICE,56,155,0,96,115,2026-01
INV-0000386,FPS,FPS-0043,WHEAT,50,139,0,91,98,2026-01
INV-0000387,FPS,FPS-0044,RICE,298,142,0,104,336,2026-01
INV-0000388,FPS,FPS-0044,WHEAT,76,134,0,97,113,2026-01
INV-0000389,FPS,FPS-0045,RICE,223,177,0,158,242,2026-01
INV-0000390,FPS,FPS-0045,WHEAT,273,140,0,124,289,2026-01
INV-0000391,FPS,FPS-0046,RICE,205,160,0,105,260,2026-01
INV-0000392,FPS,FPS-0046,WHEAT,262,130,0,92,300,2026-01
INV-0000393,FPS,FPS-0047,RICE,155,187,0,144,198,2026-01
INV-0000394,FPS,FPS-0047,WHEAT,272,127,0,109,290,2026-01
INV-0000395,FPS,FPS-0048,RICE,195,122,0,80,237,2026-01
INV-0000396,FPS,FPS-0048,WHEAT,234,96,0,84,246,2026-01
INV-0000397,FPS,FPS-0049,RICE,263,164,0,123,304,2026-01
INV-0000398,FPS,FPS-0049,WHEAT,216,152,0,124,244,2026-01
INV-0000399,FPS,FPS-0050,RICE,156,230,0,162,224,2026-01
INV-0000400,FPS,FPS-0050,WHEAT,141,160,0,113,188,2026-01
INV-0000401,FPS,FPS-0051,RICE,258,180,0,131,307,2026-01
INV-0000402,FPS,FPS-0051,WHEAT,85,128,0,98,115,2026-01
INV-0000403,FPS,FPS-0052,RICE,232,180,0,126,286,2026-01
INV-0000404,FPS,FPS-0052,WHEAT,282,139,0,114,307,2026-01
INV-0000405,FPS,FPS-0053,RICE,185,171,0,124,232,2026-01
INV-0000406,FPS,FPS-0053,WHEAT,279,132,0,92,319,2026-01
INV-0000407,FPS,FPS-0054,RICE,77,118,0,97,98,2026-01
INV-0000408,FPS,FPS-0054,WHEAT,226,103,0,70,259,2026-01
INV-0000409,FPS,FPS-0055,RICE,191,151,0,92,250,2026-01
INV-0000410,FPS,FPS-0055,WHEAT,83,123,0,107,99,2026-01
INV-0000411,FPS,FPS-0056,RICE,246,158,0,107,297,2026-01
INV-0000412,FPS,FPS-0056,WHEAT,170,126,0,94,202,2026-01
INV-0000413,FPS,FPS-0057,RICE,209,188,0,117,280,2026-01
INV-0000414,FPS,FPS-0057,WHEAT,270,126,0,96,300,2026-01
INV-0000415,FPS,FPS-0058,RICE,231,141,0,123,249,2026-01
INV-0000416,FPS,FPS-0058,WHEAT,166,111,0,86,191,2026-01
INV-0000417,FPS,FPS-0059,RICE,242,142,0,118,266,2026-01
INV-0000418,FPS,FPS-0059,WHEAT,206,144,0,105,245,2026-01
INV-0000419,FPS,FPS-0060,RICE,295,188,0,122,361,2026-01
INV-0000420,FPS,FPS-0060,WHEAT,277,152,0,95,334,2026-01
INV-0000421,FPS,FPS-0061,RICE,96,120,0,99,117,2026-01
INV-0000422,FPS,FPS-0061,WHEAT,278,123,0,89,312,2026-01
INV-0000423,FPS,FPS-0062,RICE,248,152,0,121,279,2026-01
INV-0000424,FPS,FPS-0062,WHEAT,274,109,0,66,317,2026-01
INV-0000425,FPS,FPS-0063,RICE,53,197,0,155,95,2026-01
INV-0000426,FPS,FPS-0063,WHEAT,78,134,0,82,130,2026-01
INV-0000427,FPS,FPS-0064,RICE,200,119,0,95,224,2026-01
INV-0000428,FPS,FPS-0064,WHEAT,232,110,0,90,252,2026-01
INV-0000429,FPS,FPS-0065,RICE,201,127,0,99,229,2026-01
INV-0000430,FPS,FPS-0065,WHEAT,60,110,0,97,73,2026-01
INV-0000431,FPS,FPS-0066,RICE,120,161,0,141,140,2026-01
INV-0000432,FPS,FPS-0066,WHEAT,176,138,0,108,206,2026-01
INV-0000433,FPS,FPS-0067,RICE,182,182,0,111,253,2026-01
INV-0000434,FPS,FPS-0067,WHEAT,256,138,0,101,293,2026-01
INV-0000435,FPS,FPS-0068,RICE,73,144,0,102,115,2026-01
INV-0000436,FPS,FPS-0068,WHEAT,107,128,0,84,151,2026-01
INV-0000437,FPS,FPS-0069,RICE,91,146,0,106,131,2026-01
INV-0000438,FPS,FPS-0069,WHEAT,108,127,0,104,131,2026-01
INV-0000439,FPS,FPS-0070,RICE,277,141,0,125,293,2026-01
INV-0000440,FPS,FPS-0070,WHEAT,70,122,0,80,112,2026-01
INV-0000441,FPS,FPS-0071,RICE,77,114,0,100,91,2026-01
INV-0000442,FPS,FPS-0071,WHEAT,128,110,0,69,169,2026-01
INV-0000443,FPS,FPS-0072,RICE,266,190,0,130,326,2026-01
INV-0000444,FPS,FPS-0072,WHEAT,281,157,0,113,325,2026-01
INV-0000445,FPS,FPS-0073,RICE,98,174,0,133,139,2026-01
INV-0000446,FPS,FPS-0073,WHEAT,218,133,0,110,241,2026-01
INV-0000447,FPS,FPS-0074,RICE,266,124,0,77,313,2026-01
INV-0000448,FPS,FPS-0074,WHEAT,158,89,0,54,193,2026-01
INV-0000449,FPS,FPS-0075,RICE,190,174,0,125,239,2026-01
INV-0000450,FPS,FPS-0075,WHEAT,268,124,0,83,309,2026-01
INV-0000451,FPS,FPS-0076,RICE,178,205,0,183,200,2026-01
INV-0000452,FPS,FPS-0076,WHEAT,58,138,0,103,93,2026-01
INV-0000453,FPS,FPS-0077,RICE,66,150,0,118,98,2026-01
INV-0000454,FPS,FPS-0077,WHEAT,88,98,0,64,122,2026-01
INV-0000455,FPS,FPS-0078,RICE,56,201,0,131,126,2026-01
INV-0000456,FPS,FPS-0078,WHEAT,223,142,0,94,271,2026-01
INV-0000457,FPS,FPS-0079,RICE,61,127,0,109,79,2026-01
INV-0000458,FPS,FPS-0079,WHEAT,130,125,0,93,162,2026-01
INV-0000459,FPS,FPS-0080,RICE,61,160,0,116,105,2026-01
INV-0000460,FPS,FPS-0080,WHEAT,293,144,0,107,330,2026-01
INV-0000461,FPS,FPS-0081,RICE,154,145,0,121,178,2026-01
INV-0000462,FPS,FPS-0081,WHEAT,132,122,0,107,147,2026-01
INV-0000463,FPS,FPS-0082,RICE,157,188,0,117,228,2026-01
INV-0000464,FPS,FPS-0082,WHEAT,154,161,0,119,196,2026-01
INV-0000465,FPS,FPS-0083,RICE,132,154,0,95,191,2026-01
INV-0000466,FPS,FPS-0083,WHEAT,54,114,0,76,92,2026-01
INV-0000467,FPS,FPS-0084,RICE,77,209,0,138,148,2026-01
INV-0000468,FPS,FPS-0084,WHEAT,196,160,0,103,253,2026-01
INV-0000469,FPS,FPS-0085,RICE,201,116,0,102,215,2026-01
INV-0000470,FPS,FPS-0085,WHEAT,93,107,0,78,122,2026-01
INV-0000471,FPS,FPS-0086,RICE,220,137,0,91,266,2026-01
INV-0000472,FPS,FPS-0086,WHEAT,264,114,0,91,287,2026-01
INV-0000473,FPS,FPS-0087,RICE,259,134,0,83,310,2026-01
INV-0000474,FPS,FPS-0087,WHEAT,89,111,0,97,103,2026-01
INV-0000475,FPS,FPS-0088,RICE,101,159,0,140,120,2026-01
INV-0000476,FPS,FPS-0088,WHEAT,107,119,0,76,150,2026-01
INV-0000477,FPS,FPS-0089,RICE,169,172,0,134,207,2026-01
INV-0000478,FPS,FPS-0089,WHEAT,100,138,0,118,120,2026-01
INV-0000479,FPS,FPS-0090,RICE,194,163,0,128,229,2026-01
INV-0000480,FPS,FPS-0090,WHEAT,247,140,0,113,274,2026-01
INV-0000481,FPS,FPS-0091,RICE,242,147,0,122,267,2026-01
INV-0000482,FPS,FPS-0091,WHEAT,81,131,0,78,134,2026-01
INV-0000483,FPS,FPS-0092,RICE,213,195,0,155,253,2026-01
INV-0000484,FPS,FPS-0092,WHEAT,241,142,0,85,298,2026-01
INV-0000485,FPS,FPS-0093,RICE,171,212,0,174,209,2026-01
INV-0000486,FPS,FPS-0093,WHEAT,243,161,0,142,262,2026-01
INV-0000487,FPS,FPS-0094,RICE,287,200,0,175,312,2026-01
INV-0000488,FPS,FPS-0094,WHEAT,55,141,0,111,85,2026-01
INV-0000489,FPS,FPS-0095,RICE,106,205,0,182,129,2026-01
INV-0000490,FPS,FPS-0095,WHEAT,144,130,0,99,175,2026-01
INV-0000491,FPS,FPS-0096,RICE,86,151,0,133,104,2026-01
INV-0000492,FPS,FPS-0096,WHEAT,247,131,0,79,299,2026-01
INV-0000493,FPS,FPS-0097,RICE,161,200,0,143,218,2026-01
INV-0000494,FPS,FPS-0097,WHEAT,151,134,0,110,175,2026-01
INV-0000495,FPS,FPS-0098,RICE,272,228,0,176,324,2026-01
INV-0000496,FPS,FPS-0098,WHEAT,56,160,0,96,120,2026-01
INV-0000497,FPS,FPS-0099,RICE,267,141,0,90,318,2026-01
INV-0000498,FPS,FPS-0099,WHEAT,287,133,0,89,331,2026-01
INV-0000499,FPS,FPS-0100,RICE,203,109,0,92,220,2026-01
INV-0000500,FPS,FPS-0100,WHEAT,75,55,0,35,95,2026-01
INV-0000501,FPS,FPS-0101,RICE,256,179,0,152,283,2026-01
INV-0000502,FPS,FPS-0101,WHEAT,97,154,0,136,115,2026-01
INV-0000503,FPS,FPS-0102,RICE,271,156,0,133,294,2026-01
INV-0000504,FPS,FPS-0102,WHEAT,164,131,0,80,215,2026-01
INV-0000505,FPS,FPS-0103,RICE,259,205,0,165,299,2026-01
INV-0000506,FPS,FPS-0103,WHEAT,168,150,0,96,222,2026-01
INV-0000507,FPS,FPS-0104,RICE,141,145,0,109,177,2026-01
INV-0000508,FPS,FPS-0104,WHEAT,240,129,0,81,288,2026-01
INV-0000509,FPS,FPS-0105,RICE,278,253,0,201,330,2026-01
INV-0000510,FPS,FPS-0105,WHEAT,241,174,0,117,298,2026-01
INV-0000511,FPS,FPS-0106,RICE,201,142,0,103,240,2026-01
INV-0000512,FPS,FPS-0106,WHEAT,115,111,0,87,139,2026-01
INV-0000513,FPS,FPS-0107,RICE,288,150,0,126,312,2026-01
INV-0000514,FPS,FPS-0107,WHEAT,187,128,0,80,235,2026-01
INV-0000515,FPS,FPS-0108,RICE,293,134,0,80,347,2026-01
INV-0000516,FPS,FPS-0108,WHEAT,98,108,0,69,137,2026-01
INV-0000517,FPS,FPS-0109,RICE,170,127,0,97,200,2026-01
INV-0000518,FPS,FPS-0109,WHEAT,124,127,0,106,145,2026-01
INV-0000519,FPS,FPS-0110,RICE,88,115,0,91,112,2026-01
INV-0000520,FPS,FPS-0110,WHEAT,161,105,0,92,174,2026-01
INV-0000521,FPS,FPS-0111,RICE,191,137,0,85,243,2026-01
INV-0000522,FPS,FPS-0111,WHEAT,158,110,0,92,176,2026-01
INV-0000523,FPS,FPS-0112,RICE,159,139,0,86,212,2026-01
INV-0000524,FPS,FPS-0112,WHEAT,297,117,0,81,333,2026-01
INV-0000525,FPS,FPS-0113,RICE,250,104,0,84,270,2026-01
INV-0000526,FPS,FPS-0113,WHEAT,70,96,0,65,101,2026-01
INV-0000527,FPS,FPS-0114,RICE,273,151,0,112,312,2026-01
INV-0000528,FPS,FPS-0114,WHEAT,82,138,0,91,129,2026-01
INV-0000529,FPS,FPS-0115,RICE,128,122,0,92,158,2026-01
INV-0000530,FPS,FPS-0115,WHEAT,148,107,0,85,170,2026-01
INV-0000531,FPS,FPS-0116,RICE,132,123,0,90,165,2026-01
INV-0000532,FPS,FPS-0116,WHEAT,278,108,0,92,294,2026-01
INV-0000533,FPS,FPS-0117,RICE,87,152,0,98,141,2026-01
INV-0000534,FPS,FPS-0117,WHEAT,256,112,0,80,288,2026-01
INV-0000535,FPS,FPS-0118,RICE,159,118,0,92,185,2026-01
INV-0000536,FPS,FPS-0118,WHEAT,240,111,0,69,282,2026-01
INV-0000537,FPS,FPS-0119,RICE,174,127,0,92,209,2026-01
INV-0000538,FPS,FPS-0119,WHEAT,222,120,0,73,269,2026-01
INV-0000539,FPS,FPS-0120,RICE,138,128,0,101,165,2026-01
INV-0000540,FPS,FPS-0120,WHEAT,63,104,0,73,94,2026-01
INV-0000541,FPS,FPS-0121,RICE,255,125,0,77,303,2026-01
INV-0000542,FPS,FPS-0121,WHEAT,213,114,0,68,259,2026-01
INV-0000543,FPS,FPS-0122,RICE,149,125,0,91,183,2026-01
INV-0000544,FPS,FPS-0122,WHEAT,201,124,0,106,219,2026-01
INV-0000545,FPS,FPS-0123,RICE,193,130,0,105,218,2026-01
INV-0000546,FPS,FPS-0123,WHEAT,237,127,0,102,262,2026-01
INV-0000547,FPS,FPS-0124,RICE,87,205,0,137,155,2026-01
INV-0000548,FPS,FPS-0124,WHEAT,205,156,0,118,243,2026-01
INV-0000549,FPS,FPS-0125,RICE,261,140,0,120,281,2026-01
INV-0000550,FPS,FPS-0125,WHEAT,141,123,0,80,184,2026-01
INV-0000551,FPS,FPS-0126,RICE,190,115,0,84,221,2026-01
INV-0000552,FPS,FPS-0126,WHEAT,153,115,0,89,179,2026-01
INV-0000553,FPS,FPS-0127,RICE,140,110,0,91,159,2026-01
INV-0000554,FPS,FPS-0127,WHEAT,207,89,0,69,227,2026-01
INV-0000555,FPS,FPS-0128,RICE,146,126,0,81,191,2026-01
INV-0000556,FPS,FPS-0128,WHEAT,210,133,0,105,238,2026-01
INV-0000557,FPS,FPS-0129,RICE,183,162,0,118,227,2026-01
INV-0000558,FPS,FPS-0129,WHEAT,58,130,0,91,97,2026-01
INV-0000559,FPS,FPS-0130,RICE,90,117,0,80,127,2026-01
INV-0000560,FPS,FPS-0130,WHEAT,233,110,0,73,270,2026-01
INV-0000561,FPS,FPS-0131,RICE,299,152,0,127,324,2026-01
INV-0000562,FPS,FPS-0131,WHEAT,255,130,0,79,306,2026-01
INV-0000563,FPS,FPS-0132,RICE,269,215,0,171,313,2026-01
INV-0000564,FPS,FPS-0132,WHEAT,136,150,0,126,160,2026-01
INV-0000565,FPS,FPS-0133,RICE,65,127,0,102,90,2026-01
INV-0000566,FPS,FPS-0133,WHEAT,182,109,0,78,213,2026-01
INV-0000567,FPS,FPS-0134,RICE,299,140,0,88,351,2026-01
INV-0000568,FPS,FPS-0134,WHEAT,228,114,0,90,252,2026-01
INV-0000569,FPS,FPS-0135,RICE,96,138,0,101,133,2026-01
INV-0000570,FPS,FPS-0135,WHEAT,253,122,0,97,278,2026-01
INV-0000571,FPS,FPS-0136,RICE,112,186,0,152,146,2026-01
INV-0000572,FPS,FPS-0136,WHEAT,258,144,0,102,300,2026-01
INV-0000573,FPS,FPS-0137,RICE,198,158,0,99,257,2026-01
INV-0000574,FPS,FPS-0137,WHEAT,234,122,0,86,270,2026-01
INV-0000575,FPS,FPS-0138,RICE,227,184,0,129,282,2026-01
INV-0000576,FPS,FPS-0138,WHEAT,286,131,0,86,331,2026-01
INV-0000577,FPS,FPS-0139,RICE,249,164,0,124,289,2026-01
INV-0000578,FPS,FPS-0139,WHEAT,94,139,0,113,120,2026-01
INV-0000579,FPS,FPS-0140,RICE,170,142,0,108,204,2026-01
INV-0000580,FPS,FPS-0140,WHEAT,51,118,0,83,86,2026-01
INV-0000581,FPS,FPS-0141,RICE,280,99,0,71,308,2026-01
INV-0000582,FPS,FPS-0141,WHEAT,89,96,0,81,104,2026-01
INV-0000583,FPS,FPS-0142,RICE,136,147,0,88,195,2026-01
INV-0000584,FPS,FPS-0142,WHEAT,70,125,0,85,110,2026-01
INV-0000585,FPS,FPS-0143,RICE,172,164,0,129,207,2026-01
INV-0000586,FPS,FPS-0143,WHEAT,255,143,0,115,283,2026-01
INV-0000587,FPS,FPS-0144,RICE,175,189,0,115,249,2026-01
INV-0000588,FPS,FPS-0144,WHEAT,208,150,0,120,238,2026-01
INV-0000589,FPS,FPS-0145,RICE,114,121,0,100,135,2026-01
INV-0000590,FPS,FPS-0145,WHEAT,150,114,0,99,165,2026-01
INV-0000591,FPS,FPS-0146,RICE,180,105,0,70,215,2026-01
INV-0000592,FPS,FPS-0146,WHEAT,126,115,0,82,159,2026-01
INV-0000593,FPS,FPS-0147,RICE,100,126,0,110,116,2026-01
INV-0000594,FPS,FPS-0147,WHEAT,246,112,0,87,271,2026-01
INV-0000595,FPS,FPS-0148,RICE,81,235,0,193,123,2026-01
INV-0000596,FPS,FPS-0148,WHEAT,155,161,0,134,182,2026-01
INV-0000597,FPS,FPS-0149,RICE,202,235,0,146,291,2026-01
INV-0000598,FPS,FPS-0149,WHEAT,261,163,0,114,310,2026-01
INV-0000599,FPS,FPS-0150,RICE,108,126,0,83,151,2026-01
INV-0000600,FPS,FPS-0150,WHEAT,211,104,0,64,251,2026-01
INV-0000601,FPS,FPS-0151,RICE,68,169,0,134,103,2026-01
INV-0000602,FPS,FPS-0151,WHEAT,137,130,0,86,181,2026-01
INV-0000603,FPS,FPS-0152,RICE,248,177,0,123,302,2026-01
INV-0000604,FPS,FPS-0152,WHEAT,280,136,0,82,334,2026-01
INV-0000605,FPS,FPS-0153,RICE,288,143,0,100,331,2026-01
INV-0000606,FPS,FPS-0153,WHEAT,245,112,0,76,281,2026-01
INV-0000607,FPS,FPS-0154,RICE,262,123,0,86,299,2026-01
INV-0000608,FPS,FPS-0154,WHEAT,73,123,0,86,110,2026-01
INV-0000609,FPS,FPS-0155,RICE,136,161,0,110,187,2026-01
INV-0000610,FPS,FPS-0155,WHEAT,233,149,0,117,265,2026-01
INV-0000611,FPS,FPS-0156,RICE,174,121,0,96,199,2026-01
INV-0000612,FPS,FPS-0156,WHEAT,149,117,0,92,174,2026-01
INV-0000613,FPS,FPS-0157,RICE,117,147,0,104,160,2026-01
INV-0000614,FPS,FPS-0157,WHEAT,249,129,0,115,263,2026-01
INV-0000615,FPS,FPS-0158,RICE,254,133,0,90,297,2026-01
INV-0000616,FPS,FPS-0158,WHEAT,124,120,0,80,164,2026-01
INV-0000617,FPS,FPS-0159,RICE,153,123,0,105,171,2026-01
INV-0000618,FPS,FPS-0159,WHEAT,93,120,0,72,141,2026-01
INV-0000619,FPS,FPS-0160,RICE,52,111,0,92,71,2026-01
INV-0000620,FPS,FPS-0160,WHEAT,102,110,0,76,136,2026-01
INV-0000621,FPS,FPS-0161,RICE,294,200,0,155,339,2026-01
INV-0000622,FPS,FPS-0161,WHEAT,283,136,0,110,309,2026-01
INV-0000623,FPS,FPS-0162,RICE,187,136,0,88,235,2026-01
INV-0000624,FPS,FPS-0162,WHEAT,187,122,0,91,218,2026-01
INV-0000625,FPS,FPS-0163,RICE,170,126,0,109,187,2026-01
INV-0000626,FPS,FPS-0163,WHEAT,223,118,0,90,251,2026-01
INV-0000627,FPS,FPS-0164,RICE,239,112,0,97,254,2026-01
INV-0000628,FPS,FPS-0164,WHEAT,95,109,0,90,114,2026-01
INV-0000629,FPS,FPS-0165,RICE,88,148,0,118,118,2026-01
INV-0000630,FPS,FPS-0165,WHEAT,198,109,0,91,216,2026-01
INV-0000631,FPS,FPS-0166,RICE,226,168,0,104,290,2026-01
INV-0000632,FPS,FPS-0166,WHEAT,60,130,0,93,97,2026-01
INV-0000633,FPS,FPS-0167,RICE,110,149,0,128,131,2026-01
INV-0000634,FPS,FPS-0167,WHEAT,236,125,0,79,282,2026-01
INV-0000635,FPS,FPS-0168,RICE,294,135,0,105,324,2026-01
INV-0000636,FPS,FPS-0168,WHEAT,50,106,0,75,81,2026-01
INV-0000637,FPS,FPS-0169,RICE,214,126,0,84,256,2026-01
INV-0000638,FPS,FPS-0169,WHEAT,216,125,0,96,245,2026-01
INV-0000639,FPS,FPS-0170,RICE,119,127,0,108,138,2026-01
INV-0000640,FPS,FPS-0170,WHEAT,224,124,0,86,262,2026-01
INV-0000641,FPS,FPS-0171,RICE,226,128,0,80,274,2026-01
INV-0000642,FPS,FPS-0171,WHEAT,70,120,0,79,111,2026-01
INV-0000643,FPS,FPS-0172,RICE,219,182,0,155,246,2026-01
INV-0000644,FPS,FPS-0172,WHEAT,222,117,0,100,239,2026-01
INV-0000645,FPS,FPS-0173,RICE,115,137,0,84,168,2026-01
INV-0000646,FPS,FPS-0173,WHEAT,208,141,0,115,234,2026-01
INV-0000647,FPS,FPS-0174,RICE,77,187,0,129,135,2026-01
INV-0000648,FPS,FPS-0174,WHEAT,124,128,0,90,162,2026-01
INV-0000649,FPS,FPS-0175,RICE,114,169,0,119,164,2026-01
INV-0000650,FPS,FPS-0175,WHEAT,283,142,0,112,313,2026-01
INV-0000651,FPS,FPS-0176,RICE,213,176,0,156,233,2026-01
INV-0000652,FPS,FPS-0176,WHEAT,208,131,0,97,242,2026-01
INV-0000653,FPS,FPS-0177,RICE,216,134,0,89,261,2026-01
INV-0000654,FPS,FPS-0177,WHEAT,167,112,0,74,205,2026-01
INV-0000655,FPS,FPS-0178,RICE,98,143,0,99,142,2026-01
INV-0000656,FPS,FPS-0178,WHEAT,60,117,0,79,98,2026-01
INV-0000657,FPS,FPS-0179,RICE,82,210,0,166,126,2026-01
INV-0000658,FPS,FPS-0179,WHEAT,193,144,0,90,247,2026-01
INV-0000659,FPS,FPS-0180,RICE,241,113,0,75,279,2026-01
INV-0000660,FPS,FPS-0180,WHEAT,162,110,0,96,176,2026-01
INV-0000661,FPS,FPS-0181,RICE,287,178,0,137,328,2026-01
INV-0000662,FPS,FPS-0181,WHEAT,188,131,0,83,236,2026-01
INV-0000663,FPS,FPS-0182,RICE,183,139,0,97,225,2026-01
INV-0000664,FPS,FPS-0182,WHEAT,81,98,0,83,96,2026-01
INV-0000665,FPS,FPS-0183,RICE,98,142,0,104,136,2026-01
INV-0000666,FPS,FPS-0183,WHEAT,174,115,0,99,190,2026-01
INV-0000667,FPS,FPS-0184,RICE,199,219,0,148,270,2026-01
INV-0000668,FPS,FPS-0184,WHEAT,219,145,0,102,262,2026-01
INV-0000669,FPS,FPS-0185,RICE,144,152,0,96,200,2026-01
INV-0000670,FPS,FPS-0185,WHEAT,82,132,0,81,133,2026-01
INV-0000671,FPS,FPS-0186,RICE,51,197,0,148,100,2026-01
INV-0000672,FPS,FPS-0186,WHEAT,94,155,0,117,132,2026-01
INV-0000673,FPS,FPS-0187,RICE,192,167,0,147,212,2026-01
INV-0000674,FPS,FPS-0187,WHEAT,106,123,0,104,125,2026-01
INV-0000675,FPS,FPS-0188,RICE,217,144,0,100,261,2026-01
INV-0000676,FPS,FPS-0188,WHEAT,293,127,0,102,318,2026-01
INV-0000677,FPS,FPS-0189,RICE,114,205,0,149,170,2026-01
INV-0000678,FPS,FPS-0189,WHEAT,121,152,0,121,152,2026-01
INV-0000679,FPS,FPS-0190,RICE,197,128,0,94,231,2026-01
INV-0000680,FPS,FPS-0190,WHEAT,252,118,0,97,273,2026-01
INV-0000681,FPS,FPS-0191,RICE,251,122,0,94,279,2026-01
INV-0000682,FPS,FPS-0191,WHEAT,107,104,0,70,141,2026-01
INV-0000683,FPS,FPS-0192,RICE,204,127,0,77,254,2026-01
INV-0000684,FPS,FPS-0192,WHEAT,154,98,0,84,168,2026-01
INV-0000685,FPS,FPS-0193,RICE,267,142,0,107,302,2026-01
INV-0000686,FPS,FPS-0193,WHEAT,210,117,0,100,227,2026-01
INV-0000687,FPS,FPS-0194,RICE,68,132,0,89,111,2026-01
INV-0000688,FPS,FPS-0194,WHEAT,219,126,0,110,235,2026-01
INV-0000689,FPS,FPS-0195,RICE,76,165,0,125,116,2026-01
INV-0000690,FPS,FPS-0195,WHEAT,296,125,0,95,326,2026-01
INV-0000691,FPS,FPS-0196,RICE,67,182,0,121,128,2026-01
INV-0000692,FPS,FPS-0196,WHEAT,276,128,0,108,296,2026-01
INV-0000693,FPS,FPS-0197,RICE,176,178,0,152,202,2026-01
INV-0000694,FPS,FPS-0197,WHEAT,108,141,0,100,149,2026-01
INV-0000695,FPS,FPS-0198,RICE,137,156,0,117,176,2026-01
INV-0000696,FPS,FPS-0198,WHEAT,199,107,0,72,234,2026-01
INV-0000697,FPS,FPS-0199,RICE,259,133,0,91,301,2026-01
INV-0000698,FPS,FPS-0199,WHEAT,266,114,0,91,289,2026-01
INV-0000699,FPS,FPS-0200,RICE,111,116,0,94,133,2026-01
INV-0000700,FPS,FPS-0200,WHEAT,136,99,0,72,163,2026-01
INV-0000701,FPS,FPS-0201,RICE,160,122,0,75,207,2026-01
INV-0000702,FPS,FPS-0201,WHEAT,103,108,0,71,140,2026-01
INV-0000703,FPS,FPS-0202,RICE,231,126,0,96,261,2026-01
INV-0000704,FPS,FPS-0202,WHEAT,262,111,0,83,290,2026-01
INV-0000705,FPS,FPS-0203,RICE,51,120,0,94,77,2026-01
INV-0000706,FPS,FPS-0203,WHEAT,147,100,0,65,182,2026-01
INV-0000707,FPS,FPS-0204,RICE,151,186,0,145,192,2026-01
INV-0000708,FPS,FPS-0204,WHEAT,256,144,0,108,292,2026-01
INV-0000709,FPS,FPS-0205,RICE,250,146,0,122,274,2026-01
INV-0000710,FPS,FPS-0205,WHEAT,77,117,0,72,122,2026-01
INV-0000711,FPS,FPS-0206,RICE,136,210,0,126,220,2026-01
INV-0000712,FPS,FPS-0206,WHEAT,181,173,0,139,215,2026-01
INV-0000713,FPS,FPS-0207,RICE,89,274,0,210,153,2026-01
INV-0000714,FPS,FPS-0207,WHEAT,175,190,0,159,206,2026-01
INV-0000715,FPS,FPS-0208,RICE,150,161,0,128,183,2026-01
INV-0000716,FPS,FPS-0208,WHEAT,238,125,0,96,267,2026-01
INV-0000717,FPS,FPS-0209,RICE,92,202,0,149,145,2026-01
INV-0000718,FPS,FPS-0209,WHEAT,140,153,0,115,178,2026-01
INV-0000719,FPS,FPS-0210,RICE,292,131,0,96,327,2026-01
INV-0000720,FPS,FPS-0210,WHEAT,156,109,0,66,199,2026-01
INV-0000721,FPS,FPS-0211,RICE,293,146,0,95,344,2026-01
INV-0000722,FPS,FPS-0211,WHEAT,85,118,0,86,117,2026-01
INV-0000723,FPS,FPS-0212,RICE,209,136,0,84,261,2026-01
INV-0000724,FPS,FPS-0212,WHEAT,222,115,0,73,264,2026-01
INV-0000725,FPS,FPS-0213,RICE,178,136,0,85,229,2026-01
INV-0000726,FPS,FPS-0213,WHEAT,219,119,0,80,258,2026-01
INV-0000727,FPS,FPS-0214,RICE,226,120,0,85,261,2026-01
INV-0000728,FPS,FPS-0214,WHEAT,99,94,0,73,120,2026-01
INV-0000729,FPS,FPS-0215,RICE,206,141,0,98,249,2026-01
INV-0000730,FPS,FPS-0215,WHEAT,177,127,0,112,192,2026-01
INV-0000731,FPS,FPS-0216,RICE,185,148,0,131,202,2026-01
INV-0000732,FPS,FPS-0216,WHEAT,295,134,0,116,313,2026-01
INV-0000733,FPS,FPS-0217,RICE,128,136,0,109,155,2026-01
INV-0000734,FPS,FPS-0217,WHEAT,209,123,0,90,242,2026-01
INV-0000735,FPS,FPS-0218,RICE,117,135,0,94,158,2026-01
INV-0000736,FPS,FPS-0218,WHEAT,279,117,0,98,298,2026-01
INV-0000737,FPS,FPS-0219,RICE,271,207,0,127,351,2026-01
INV-0000738,FPS,FPS-0219,WHEAT,192,146,0,94,244,2026-01
INV-0000739,FPS,FPS-0220,RICE,115,184,0,121,178,2026-01
INV-0000740,FPS,FPS-0220,WHEAT,277,131,0,87,321,2026-01
INV-0000741,FPS,FPS-0221,RICE,192,191,0,153,230,2026-01
INV-0000742,FPS,FPS-0221,WHEAT,71,151,0,107,115,2026-01
INV-0000743,FPS,FPS-0222,RICE,239,190,0,122,307,2026-01
INV-0000744,FPS,FPS-0222,WHEAT,108,127,0,97,138,2026-01
INV-0000745,FPS,FPS-0223,RICE,276,151,0,118,309,2026-01
INV-0000746,FPS,FPS-0223,WHEAT,216,113,0,98,231,2026-01
INV-0000747,FPS,FPS-0224,RICE,206,140,0,95,251,2026-01
INV-0000748,FPS,FPS-0224,WHEAT,76,125,0,92,109,2026-01
INV-0000749,FPS,FPS-0225,RICE,133,145,0,88,190,2026-01
INV-0000750,FPS,FPS-0225,WHEAT,189,125,0,90,224,2026-01
INV-0000751,FPS,FPS-0226,RICE,265,130,0,103,292,2026-01
INV-0000752,FPS,FPS-0226,WHEAT,180,113,0,80,213,2026-01
INV-0000753,FPS,FPS-0227,RICE,142,119,0,93,168,2026-01
INV-0000754,FPS,FPS-0227,WHEAT,251,107,0,65,293,2026-01
INV-0000755,FPS,FPS-0228,RICE,258,163,0,138,283,2026-01
INV-0000756,FPS,FPS-0228,WHEAT,70,135,0,112,93,2026-01
INV-0000757,FPS,FPS-0229,RICE,105,117,0,74,148,2026-01
INV-0000758,FPS,FPS-0229,WHEAT,239,119,0,96,262,2026-01
INV-0000759,FPS,FPS-0230,RICE,264,233,0,159,338,2026-01
INV-0000760,FPS,FPS-0230,WHEAT,57,160,0,130,87,2026-01
INV-0000761,FPS,FPS-0231,RICE,287,150,0,109,328,2026-01
INV-0000762,FPS,FPS-0231,WHEAT,292,115,0,86,321,2026-01
INV-0000763,FPS,FPS-0232,RICE,156,127,0,82,201,2026-01
INV-0000764,FPS,FPS-0232,WHEAT,82,104,0,90,96,2026-01
INV-0000765,FPS,FPS-0233,RICE,209,109,0,86,232,2026-01
INV-0000766,FPS,FPS-0233,WHEAT,135,112,0,83,164,2026-01
INV-0000767,FPS,FPS-0234,RICE,152,116,0,93,175,2026-01
INV-0000768,FPS,FPS-0234,WHEAT,293,112,0,71,334,2026-01
INV-0000769,FPS,FPS-0235,RICE,250,136,0,119,267,2026-01
INV-0000770,FPS,FPS-0235,WHEAT,51,116,0,86,81,2026-01
INV-0000771,FPS,FPS-0236,RICE,103,134,0,81,156,2026-01
INV-0000772,FPS,FPS-0236,WHEAT,196,118,0,101,213,2026-01
INV-0000773,FPS,FPS-0237,RICE,232,130,0,99,263,2026-01
INV-0000774,FPS,FPS-0237,WHEAT,264,111,0,86,289,2026-01
INV-0000775,FPS,FPS-0238,RICE,69,158,0,126,101,2026-01
INV-0000776,FPS,FPS-0238,WHEAT,114,149,0,111,152,2026-01
INV-0000777,FPS,FPS-0239,RICE,55,172,0,119,108,2026-01
INV-0000778,FPS,FPS-0239,WHEAT,264,121,0,99,286,2026-01
INV-0000779,FPS,FPS-0240,RICE,152,164,0,118,198,2026-01
INV-0000780,FPS,FPS-0240,WHEAT,294,129,0,111,312,2026-01
INV-0000781,FPS,FPS-0241,RICE,243,162,0,143,262,2026-01
INV-0000782,FPS,FPS-0241,WHEAT,94,134,0,103,125,2026-01
INV-0000783,FPS,FPS-0242,RICE,70,135,0,117,88,2026-01
INV-0000784,FPS,FPS-0242,WHEAT,227,91,0,68,250,2026-01
INV-0000785,FPS,FPS-0243,RICE,141,182,0,144,179,2026-01
INV-0000786,FPS,FPS-0243,WHEAT,218,135,0,115,238,2026-01
INV-0000787,FPS,FPS-0244,RICE,129,158,0,107,180,2026-01
INV-0000788,FPS,FPS-0244,WHEAT,215,132,0,94,253,2026-01
INV-0000789,FPS,FPS-0245,RICE,230,124,0,88,266,2026-01
INV-0000790,FPS,FPS-0245,WHEAT,122,110,0,73,159,2026-01
INV-0000791,FPS,FPS-0246,RICE,234,239,0,147,326,2026-01
INV-0000792,FPS,FPS-0246,WHEAT,72,166,0,105,133,2026-01
INV-0000793,FPS,FPS-0247,RICE,122,108,0,74,156,2026-01
INV-0000794,FPS,FPS-0247,WHEAT,175,88,0,54,209,2026-01
INV-0000795,FPS,FPS-0248,RICE,141,234,0,206,169,2026-01
INV-0000796,FPS,FPS-0248,WHEAT,151,174,0,131,194,2026-01
INV-0000797,FPS,FPS-0249,RICE,209,190,0,116,283,2026-01
INV-0000798,FPS,FPS-0249,WHEAT,54,145,0,108,91,2026-01
INV-0000799,FPS,FPS-0250,RICE,291,156,0,121,326,2026-01
INV-0000800,FPS,FPS-0250,WHEAT,198,123,0,101,220,2026-01
INV-0000801,FPS,FPS-0251,RICE,59,139,0,112,86,2026-01
INV-0000802,FPS,FPS-0251,WHEAT,197,130,0,90,237,2026-01
INV-0000803,FPS,FPS-0252,RICE,271,170,0,132,309,2026-01
INV-0000804,FPS,FPS-0252,WHEAT,258,129,0,83,304,2026-01
INV-0000805,FPS,FPS-0253,RICE,50,161,0,129,82,2026-01
INV-0000806,FPS,FPS-0253,WHEAT,169,107,0,93,183,2026-01
INV-0000807,FPS,FPS-0254,RICE,244,122,0,102,264,2026-01
INV-0000808,FPS,FPS-0254,WHEAT,166,117,0,99,184,2026-01
INV-0000809,FPS,FPS-0255,RICE,193,145,0,93,245,2026-01
INV-0000810,FPS,FPS-0255,WHEAT,264,123,0,93,294,2026-01
INV-0000811,FPS,FPS-0256,RICE,244,125,0,89,280,2026-01
INV-0000812,FPS,FPS-0256,WHEAT,199,110,0,70,239,2026-01
INV-0000813,FPS,FPS-0257,RICE,234,139,0,109,264,2026-01
INV-0000814,FPS,FPS-0257,WHEAT,224,126,0,112,238,2026-01
INV-0000815,FPS,FPS-0258,RICE,204,142,0,120,226,2026-01
INV-0000816,FPS,FPS-0258,WHEAT,166,115,0,78,203,2026-01
INV-0000817,FPS,FPS-0259,RICE,102,151,0,120,133,2026-01
INV-0000818,FPS,FPS-0259,WHEAT,202,106,0,67,241,2026-01
INV-0000819,FPS,FPS-0260,RICE,237,99,0,73,263,2026-01
INV-0000820,FPS,FPS-0260,WHEAT,104,93,0,76,121,2026-01
INV-0000821,FPS,FPS-0261,RICE,248,85,0,59,274,2026-01
INV-0000822,FPS,FPS-0261,WHEAT,109,96,0,57,148,2026-01
INV-0000823,FPS,FPS-0262,RICE,239,138,0,108,269,2026-01
INV-0000824,FPS,FPS-0262,WHEAT,203,133,0,118,218,2026-01
INV-0000825,FPS,FPS-0263,RICE,172,126,0,95,203,2026-01
INV-0000826,FPS,FPS-0263,WHEAT,166,111,0,79,198,2026-01
INV-0000827,FPS,FPS-0264,RICE,266,104,0,81,289,2026-01
INV-0000828,FPS,FPS-0264,WHEAT,199,90,0,59,230,2026-01
INV-0000829,FPS,FPS-0265,RICE,198,184,0,113,269,2026-01
INV-0000830,FPS,FPS-0265,WHEAT,208,141,0,110,239,2026-01
INV-0000831,FPS,FPS-0266,RICE,240,114,0,73,281,2026-01
INV-0000832,FPS,FPS-0266,WHEAT,151,121,0,106,166,2026-01
INV-0000833,FPS,FPS-0267,RICE,145,136,0,115,166,2026-01
INV-0000834,FPS,FPS-0267,WHEAT,245,108,0,90,263,2026-01
INV-0000835,FPS,FPS-0268,RICE,224,149,0,119,254,2026-01
INV-0000836,FPS,FPS-0268,WHEAT,135,130,0,93,172,2026-01
INV-0000837,FPS,FPS-0269,RICE,228,164,0,99,293,2026-01
INV-0000838,FPS,FPS-0269,WHEAT,63,117,0,78,102,2026-01
INV-0000839,FPS,FPS-0270,RICE,220,133,0,104,249,2026-01
INV-0000840,FPS,FPS-0270,WHEAT,64,116,0,78,102,2026-01
INV-0000841,FPS,FPS-0271,RICE,277,154,0,94,337,2026-01
INV-0000842,FPS,FPS-0271,WHEAT,71,139,0,116,94,2026-01
INV-0000843,FPS,FPS-0272,RICE,189,209,0,129,269,2026-01
INV-0000844,FPS,FPS-0272,WHEAT,90,159,0,105,144,2026-01
INV-0000845,FPS,FPS-0273,RICE,173,213,0,130,256,2026-01
INV-0000846,FPS,FPS-0273,WHEAT,279,128,0,108,299,2026-01
INV-0000847,FPS,FPS-0274,RICE,112,173,0,152,133,2026-01
INV-0000848,FPS,FPS-0274,WHEAT,85,147,0,91,141,2026-01
INV-0000849,FPS,FPS-0275,RICE,88,147,0,128,107,2026-01
INV-0000850,FPS,FPS-0275,WHEAT,201,141,0,91,251,2026-01
INV-0000851,FPS,FPS-0276,RICE,171,159,0,127,203,2026-01
INV-0000852,FPS,FPS-0276,WHEAT,288,125,0,104,309,2026-01
INV-0000853,FPS,FPS-0277,RICE,99,132,0,106,125,2026-01
INV-0000854,FPS,FPS-0277,WHEAT,164,120,0,85,199,2026-01
INV-0000855,FPS,FPS-0278,RICE,102,131,0,109,124,2026-01
INV-0000856,FPS,FPS-0278,WHEAT,89,130,0,104,115,2026-01
INV-0000857,FPS,FPS-0279,RICE,86,249,0,184,151,2026-01
INV-0000858,FPS,FPS-0279,WHEAT,217,172,0,103,286,2026-01
INV-0000859,FPS,FPS-0280,RICE,180,135,0,102,213,2026-01
INV-0000860,FPS,FPS-0280,WHEAT,180,104,0,62,222,2026-01
INV-0000861,FPS,FPS-0281,RICE,123,165,0,113,175,2026-01
INV-0000862,FPS,FPS-0281,WHEAT,290,121,0,100,311,2026-01
INV-0000863,FPS,FPS-0282,RICE,221,165,0,122,264,2026-01
INV-0000864,FPS,FPS-0282,WHEAT,179,121,0,97,203,2026-01
INV-0000865,FPS,FPS-0283,RICE,185,143,0,113,215,2026-01
INV-0000866,FPS,FPS-0283,WHEAT,68,117,0,77,108,2026-01
INV-0000867,FPS,FPS-0284,RICE,287,140,0,87,340,2026-01
INV-0000868,FPS,FPS-0284,WHEAT,203,116,0,94,225,2026-01
INV-0000869,FPS,FPS-0285,RICE,289,187,0,131,345,2026-01
INV-0000870,FPS,FPS-0285,WHEAT,226,155,0,125,256,2026-01
INV-0000871,FPS,FPS-0286,RICE,91,148,0,132,107,2026-01
INV-0000872,FPS,FPS-0286,WHEAT,167,130,0,112,185,2026-01
INV-0000873,FPS,FPS-0287,RICE,52,264,0,201,115,2026-01
INV-0000874,FPS,FPS-0287,WHEAT,126,178,0,109,195,2026-01
INV-0000875,FPS,FPS-0288,RICE,140,124,0,80,184,2026-01
INV-0000876,FPS,FPS-0288,WHEAT,209,123,0,83,249,2026-01
INV-0000877,FPS,FPS-0289,RICE,130,120,0,79,171,2026-01
INV-0000878,FPS,FPS-0289,WHEAT,164,112,0,85,191,2026-01
INV-0000879,FPS,FPS-0290,RICE,233,147,0,106,274,2026-01
INV-0000880,FPS,FPS-0290,WHEAT,190,143,0,88,245,2026-01
INV-0000881,FPS,FPS-0291,RICE,285,174,0,142,317,2026-01
INV-0000882,FPS,FPS-0291,WHEAT,264,134,0,88,310,2026-01
INV-0000883,FPS,FPS-0292,RICE,219,191,0,128,282,2026-01
INV-0000884,FPS,FPS-0292,WHEAT,178,133,0,94,217,2026-01
INV-0000885,FPS,FPS-0293,RICE,68,127,0,108,87,2026-01
INV-0000886,FPS,FPS-0293,WHEAT,116,112,0,79,149,2026-01
INV-0000887,FPS,FPS-0294,RICE,289,144,0,89,344,2026-01
INV-0000888,FPS,FPS-0294,WHEAT,282,104,0,70,316,2026-01
INV-0000889,FPS,FPS-0295,RICE,152,139,0,99,192,2026-01
INV-0000890,FPS,FPS-0295,WHEAT,122,119,0,88,153,2026-01
INV-0000891,FPS,FPS-0296,RICE,50,130,0,108,72,2026-01
INV-0000892,FPS,FPS-0296,WHEAT,221,94,0,79,236,2026-01
INV-0000893,FPS,FPS-0297,RICE,214,154,0,95,273,2026-01
INV-0000894,FPS,FPS-0297,WHEAT,159,117,0,98,178,2026-01
INV-0000895,FPS,FPS-0298,RICE,207,136,0,117,226,2026-01
INV-0000896,FPS,FPS-0298,WHEAT,243,113,0,95,261,2026-01
INV-0000897,FPS,FPS-0299,RICE,264,137,0,95,306,2026-01
INV-0000898,FPS,FPS-0299,WHEAT,261,130,0,97,294,2026-01
INV-0000899,FPS,FPS-0300,RICE,240,153,0,116,277,2026-01
INV-0000900,FPS,FPS-0300,WHEAT,95,112,0,71,136,2026-01
INV-0000901,FPS,FPS-0301,RICE,164,171,0,147,188,2026-01
INV-0000902,FPS,FPS-0301,WHEAT,93,141,0,126,108,2026-01
INV-0000903,FPS,FPS-0302,RICE,53,153,0,127,79,2026-01
INV-0000904,FPS,FPS-0302,WHEAT,195,139,0,90,244,2026-01
INV-0000905,FPS,FPS-0303,RICE,77,118,0,97,98,2026-01
INV-0000906,FPS,FPS-0303,WHEAT,260,110,0,87,283,2026-01
INV-0000907,FPS,FPS-0304,RICE,161,165,0,143,183,2026-01
INV-0000908,FPS,FPS-0304,WHEAT,101,124,0,78,147,2026-01
INV-0000909,FPS,FPS-0305,RICE,112,173,0,113,172,2026-01
INV-0000910,FPS,FPS-0305,WHEAT,177,136,0,100,213,2026-01
INV-0000911,FPS,FPS-0306,RICE,267,105,0,89,283,2026-01
INV-0000912,FPS,FPS-0306,WHEAT,158,98,0,80,176,2026-01
INV-0000913,FPS,FPS-0307,RICE,250,166,0,132,284,2026-01
INV-0000914,FPS,FPS-0307,WHEAT,223,122,0,107,238,2026-01
INV-0000915,FPS,FPS-0308,RICE,187,186,0,152,221,2026-01
INV-0000916,FPS,FPS-0308,WHEAT,164,148,0,115,197,2026-01
INV-0000917,FPS,FPS-0309,RICE,117,190,0,115,192,2026-01
INV-0000918,FPS,FPS-0309,WHEAT,216,133,0,84,265,2026-01
INV-0000919,FPS,FPS-0310,RICE,54,131,0,88,97,2026-01
INV-0000920,FPS,FPS-0310,WHEAT,55,111,0,95,71,2026-01
INV-0000921,FPS,FPS-0311,RICE,276,201,0,152,325,2026-01
INV-0000922,FPS,FPS-0311,WHEAT,56,150,0,118,88,2026-01
INV-0000923,FPS,FPS-0312,RICE,258,218,0,166,310,2026-01
INV-0000924,FPS,FPS-0312,WHEAT,76,143,0,101,118,2026-01
INV-0000925,FPS,FPS-0313,RICE,50,143,0,103,90,2026-01
INV-0000926,FPS,FPS-0313,WHEAT,163,131,0,90,204,2026-01
INV-0000927,FPS,FPS-0314,RICE,164,160,0,107,217,2026-01
INV-0000928,FPS,FPS-0314,WHEAT,174,121,0,85,210,2026-01
INV-0000929,FPS,FPS-0315,RICE,229,179,0,160,248,2026-01
INV-0000930,FPS,FPS-0315,WHEAT,132,139,0,92,179,2026-01
INV-0000931,FPS,FPS-0316,RICE,178,132,0,115,195,2026-01
INV-0000932,FPS,FPS-0316,WHEAT,89,105,0,68,126,2026-01
INV-0000933,FPS,FPS-0317,RICE,94,154,0,113,135,2026-01
INV-0000934,FPS,FPS-0317,WHEAT,201,126,0,91,236,2026-01
INV-0000935,FPS,FPS-0318,RICE,272,156,0,94,334,2026-01
INV-0000936,FPS,FPS-0318,WHEAT,296,137,0,108,325,2026-01
INV-0000937,FPS,FPS-0319,RICE,154,134,0,106,182,2026-01
INV-0000938,FPS,FPS-0319,WHEAT,252,112,0,100,264,2026-01
INV-0000939,FPS,FPS-0320,RICE,127,118,0,100,145,2026-01
INV-0000940,FPS,FPS-0320,WHEAT,222,99,0,78,243,2026-01
INV-0000941,FPS,FPS-0321,RICE,299,216,0,185,330,2026-01
INV-0000942,FPS,FPS-0321,WHEAT,257,141,0,103,295,2026-01
INV-0000943,FPS,FPS-0322,RICE,232,174,0,133,273,2026-01
INV-0000944,FPS,FPS-0322,WHEAT,90,137,0,83,144,2026-01
INV-0000945,FPS,FPS-0323,RICE,234,147,0,120,261,2026-01
INV-0000946,FPS,FPS-0323,WHEAT,215,149,0,97,267,2026-01
INV-0000947,FPS,FPS-0324,RICE,114,126,0,95,145,2026-01
INV-0000948,FPS,FPS-0324,WHEAT,185,119,0,83,221,2026-01
INV-0000949,FPS,FPS-0325,RICE,55,183,0,124,114,2026-01
INV-0000950,FPS,FPS-0325,WHEAT,154,149,0,125,178,2026-01
INV-0000951,FPS,FPS-0326,RICE,232,157,0,111,278,2026-01
INV-0000952,FPS,FPS-0326,WHEAT,259,122,0,76,305,2026-01
INV-0000953,FPS,FPS-0327,RICE,198,157,0,101,254,2026-01
INV-0000954,FPS,FPS-0327,WHEAT,50,119,0,72,97,2026-01
INV-0000955,FPS,FPS-0328,RICE,205,174,0,130,249,2026-01
INV-0000956,FPS,FPS-0328,WHEAT,228,152,0,121,259,2026-01
INV-0000957,FPS,FPS-0329,RICE,253,131,0,100,284,2026-01
INV-0000958,FPS,FPS-0329,WHEAT,227,103,0,82,248,2026-01
INV-0000959,FPS,FPS-0330,RICE,135,172,0,149,158,2026-01
INV-0000960,FPS,FPS-0330,WHEAT,202,130,0,107,225,2026-01
INV-0000961,FPS,FPS-0331,RICE,272,140,0,101,311,2026-01
INV-0000962,FPS,FPS-0331,WHEAT,274,110,0,96,288,2026-01
INV-0000963,FPS,FPS-0332,RICE,248,169,0,134,283,2026-01
INV-0000964,FPS,FPS-0332,WHEAT,87,143,0,87,143,2026-01
INV-0000965,FPS,FPS-0333,RICE,164,282,0,231,215,2026-01
INV-0000966,FPS,FPS-0333,WHEAT,153,196,0,125,224,2026-01
INV-0000967,FPS,FPS-0334,RICE,149,142,0,118,173,2026-01
INV-0000968,FPS,FPS-0334,WHEAT,208,123,0,98,233,2026-01
INV-0000969,FPS,FPS-0335,RICE,144,207,0,184,167,2026-01
INV-0000970,FPS,FPS-0335,WHEAT,278,143,0,93,328,2026-01
INV-0000971,FPS,FPS-0336,RICE,94,191,0,152,133,2026-01
INV-0000972,FPS,FPS-0336,WHEAT,184,139,0,122,201,2026-01
INV-0000973,FPS,FPS-0337,RICE,265,131,0,94,302,2026-01
INV-0000974,FPS,FPS-0337,WHEAT,84,129,0,95,118,2026-01
INV-0000975,FPS,FPS-0338,RICE,216,153,0,127,242,2026-01
INV-0000976,FPS,FPS-0338,WHEAT,69,124,0,87,106,2026-01
INV-0000977,FPS,FPS-0339,RICE,82,133,0,86,129,2026-01
INV-0000978,FPS,FPS-0339,WHEAT,109,135,0,106,138,2026-01
INV-0000979,FPS,FPS-0340,RICE,66,132,0,100,98,2026-01
INV-0000980,FPS,FPS-0340,WHEAT,148,102,0,71,179,2026-01
INV-0000981,FPS,FPS-0341,RICE,131,115,0,99,147,2026-01
INV-0000982,FPS,FPS-0341,WHEAT,199,103,0,74,228,2026-01
INV-0000983,FPS,FPS-0342,RICE,235,121,0,74,282,2026-01
INV-0000984,FPS,FPS-0342,WHEAT,281,114,0,85,310,2026-01
INV-0000985,FPS,FPS-0343,RICE,290,124,0,76,338,2026-01
INV-0000986,FPS,FPS-0343,WHEAT,133,116,0,85,164,2026-01
INV-0000987,FPS,FPS-0344,RICE,297,169,0,112,354,2026-01
INV-0000988,FPS,FPS-0344,WHEAT,247,125,0,90,282,2026-01
INV-0000989,FPS,FPS-0345,RICE,120,166,0,114,172,2026-01
INV-0000990,FPS,FPS-0345,WHEAT,242,116,0,92,266,2026-01
INV-0000991,FPS,FPS-0346,RICE,288,162,0,107,343,2026-01
INV-0000992,FPS,FPS-0346,WHEAT,170,125,0,89,206,2026-01
INV-0000993,FPS,FPS-0347,RICE,168,259,0,171,256,2026-01
INV-0000994,FPS,FPS-0347,WHEAT,126,154,0,121,159,2026-01
INV-0000995,FPS,FPS-0348,RICE,132,166,0,114,184,2026-01
INV-0000996,FPS,FPS-0348,WHEAT,90,132,0,96,126,2026-01
INV-0000997,FPS,FPS-0349,RICE,255,154,0,122,287,2026-01
INV-0000998,FPS,FPS-0349,WHEAT,291,128,0,99,320,2026-01
INV-0000999,FPS,FPS-0350,RICE,61,171,0,137,95,2026-01
INV-0001000,FPS,FPS-0350,WHEAT,228,126,0,98,256,2026-01
INV-0001001,FPS,FPS-0351,RICE,132,103,0,63,172,2026-01
INV-0001002,FPS,FPS-0351,WHEAT,85,114,0,88,111,2026-01
INV-0001003,FPS,FPS-0352,RICE,58,181,0,112,127,2026-01
INV-0001004,FPS,FPS-0352,WHEAT,249,136,0,119,266,2026-01
INV-0001005,FPS,FPS-0353,RICE,130,130,0,99,161,2026-01
INV-0001006,FPS,FPS-0353,WHEAT,201,121,0,89,233,2026-01
INV-0001007,FPS,FPS-0354,RICE,298,165,0,109,354,2026-01
INV-0001008,FPS,FPS-0354,WHEAT,188,140,0,123,205,2026-01
INV-0001009,FPS,FPS-0355,RICE,61,140,0,123,78,2026-01
INV-0001010,FPS,FPS-0355,WHEAT,235,124,0,107,252,2026-01
INV-0001011,FPS,FPS-0356,RICE,187,145,0,106,226,2026-01
INV-0001012,FPS,FPS-0356,WHEAT,297,116,0,80,333,2026-01
INV-0001013,FPS,FPS-0357,RICE,97,166,0,114,149,2026-01
INV-0001014,FPS,FPS-0357,WHEAT,152,129,0,81,200,2026-01
INV-0001015,FPS,FPS-0358,RICE,234,181,0,153,262,2026-01
INV-0001016,FPS,FPS-0358,WHEAT,94,136,0,115,115,2026-01
INV-0001017,FPS,FPS-0359,RICE,293,209,0,170,332,2026-01
INV-0001018,FPS,FPS-0359,WHEAT,111,165,0,131,145,2026-01
INV-0001019,FPS,FPS-0360,RICE,202,142,0,120,224,2026-01
INV-0001020,FPS,FPS-0360,WHEAT,55,119,0,74,100,2026-01
INV-0001021,FPS,FPS-0361,RICE,230,141,0,124,247,2026-01
INV-0001022,FPS,FPS-0361,WHEAT,272,112,0,67,317,2026-01
INV-0001023,FPS,FPS-0362,RICE,152,136,0,93,195,2026-01
INV-0001024,FPS,FPS-0362,WHEAT,255,127,0,96,286,2026-01
INV-0001025,FPS,FPS-0363,RICE,297,144,0,99,342,2026-01
INV-0001026,FPS,FPS-0363,WHEAT,137,116,0,73,180,2026-01
INV-0001027,FPS,FPS-0364,RICE,290,163,0,116,337,2026-01
INV-0001028,FPS,FPS-0364,WHEAT,54,134,0,111,77,2026-01
INV-0001029,FPS,FPS-0365,RICE,225,143,0,127,241,2026-01
INV-0001030,FPS,FPS-0365,WHEAT,208,126,0,77,257,2026-01
INV-0001031,FPS,FPS-0366,RICE,148,132,0,80,200,2026-01
INV-0001032,FPS,FPS-0366,WHEAT,245,112,0,75,282,2026-01
INV-0001033,FPS,FPS-0367,RICE,207,134,0,118,223,2026-01
INV-0001034,FPS,FPS-0367,WHEAT,217,137,0,102,252,2026-01
INV-0001035,FPS,FPS-0368,RICE,282,142,0,104,320,2026-01
INV-0001036,FPS,FPS-0368,WHEAT,93,115,0,84,124,2026-01
INV-0001037,FPS,FPS-0369,RICE,130,155,0,102,183,2026-01
INV-0001038,FPS,FPS-0369,WHEAT,110,131,0,115,126,2026-01
INV-0001039,FPS,FPS-0370,RICE,175,146,0,105,216,2026-01
INV-0001040,FPS,FPS-0370,WHEAT,94,133,0,118,109,2026-01
INV-0001041,FPS,FPS-0371,RICE,278,135,0,113,300,2026-01
INV-0001042,FPS,FPS-0371,WHEAT,99,124,0,90,133,2026-01
INV-0001043,FPS,FPS-0372,RICE,141,126,0,106,161,2026-01
INV-0001044,FPS,FPS-0372,WHEAT,288,115,0,91,312,2026-01
INV-0001045,FPS,FPS-0373,RICE,97,148,0,104,141,2026-01
INV-0001046,FPS,FPS-0373,WHEAT,173,121,0,84,210,2026-01
INV-0001047,FPS,FPS-0374,RICE,71,124,0,109,86,2026-01
INV-0001048,FPS,FPS-0374,WHEAT,123,123,0,94,152,2026-01
INV-0001049,FPS,FPS-0375,RICE,131,195,0,165,161,2026-01
INV-0001050,FPS,FPS-0375,WHEAT,111,153,0,128,136,2026-01
INV-0001051,FPS,FPS-0376,RICE,72,131,0,99,104,2026-01
INV-0001052,FPS,FPS-0376,WHEAT,250,124,0,79,295,2026-01
INV-0001053,FPS,FPS-0377,RICE,187,152,0,127,212,2026-01
INV-0001054,FPS,FPS-0377,WHEAT,163,122,0,80,205,2026-01
INV-0001055,FPS,FPS-0378,RICE,176,193,0,128,241,2026-01
INV-0001056,FPS,FPS-0378,WHEAT,192,156,0,129,219,2026-01
INV-0001057,FPS,FPS-0379,RICE,284,131,0,88,327,2026-01
INV-0001058,FPS,FPS-0379,WHEAT,107,114,0,94,127,2026-01
INV-0001059,FPS,FPS-0380,RICE,104,170,0,126,148,2026-01
INV-0001060,FPS,FPS-0380,WHEAT,210,132,0,93,249,2026-01
INV-0001061,FPS,FPS-0381,RICE,172,129,0,102,199,2026-01
INV-0001062,FPS,FPS-0381,WHEAT,290,127,0,97,320,2026-01
INV-0001063,FPS,FPS-0382,RICE,220,104,0,62,262,2026-01
INV-0001064,FPS,FPS-0382,WHEAT,51,103,0,76,78,2026-01
INV-0001065,FPS,FPS-0383,RICE,51,123,0,87,87,2026-01
INV-0001066,FPS,FPS-0383,WHEAT,164,105,0,66,203,2026-01
INV-0001067,FPS,FPS-0384,RICE,193,184,0,133,244,2026-01
INV-0001068,FPS,FPS-0384,WHEAT,187,141,0,107,221,2026-01
INV-0001069,FPS,FPS-0385,RICE,231,199,0,176,254,2026-01
INV-0001070,FPS,FPS-0385,WHEAT,205,158,0,100,263,2026-01
INV-0001071,FPS,FPS-0386,RICE,209,184,0,164,229,2026-01
INV-0001072,FPS,FPS-0386,WHEAT,92,140,0,94,138,2026-01
INV-0001073,FPS,FPS-0387,RICE,81,267,0,175,173,2026-01
INV-0001074,FPS,FPS-0387,WHEAT,163,195,0,117,241,2026-01
INV-0001075,FPS,FPS-0388,RICE,51,134,0,119,66,2026-01
INV-0001076,FPS,FPS-0388,WHEAT,75,123,0,108,90,2026-01
INV-0001077,FPS,FPS-0389,RICE,267,150,0,132,285,2026-01
INV-0001078,FPS,FPS-0389,WHEAT,50,119,0,82,87,2026-01
INV-0001079,FPS,FPS-0390,RICE,206,166,0,118,254,2026-01
INV-0001080,FPS,FPS-0390,WHEAT,217,138,0,115,240,2026-01
INV-0001081,FPS,FPS-0391,RICE,101,190,0,136,155,2026-01
INV-0001082,FPS,FPS-0391,WHEAT,61,143,0,93,111,2026-01
INV-0001083,FPS,FPS-0392,RICE,88,156,0,121,123,2026-01
INV-0001084,FPS,FPS-0392,WHEAT,257,140,0,91,306,2026-01
INV-0001085,FPS,FPS-0393,RICE,90,132,0,114,108,2026-01
INV-0001086,FPS,FPS-0393,WHEAT,68,126,0,83,111,2026-01
INV-0001087,FPS,FPS-0394,RICE,152,180,0,125,207,2026-01
INV-0001088,FPS,FPS-0394,WHEAT,173,138,0,100,211,2026-01
INV-0001089,FPS,FPS-0395,RICE,290,129,0,90,329,2026-01
INV-0001090,FPS,FPS-0395,WHEAT,263,125,0,76,312,2026-01
INV-0001091,FPS,FPS-0396,RICE,132,136,0,119,149,2026-01
INV-0001092,FPS,FPS-0396,WHEAT,113,110,0,70,153,2026-01
INV-0001093,FPS,FPS-0397,RICE,270,128,0,108,290,2026-01
INV-0001094,FPS,FPS-0397,WHEAT,253,109,0,95,267,2026-01
INV-0001095,FPS,FPS-0398,RICE,227,126,0,78,275,2026-01
INV-0001096,FPS,FPS-0398,WHEAT,50,107,0,76,81,2026-01
INV-0001097,FPS,FPS-0399,RICE,295,149,0,91,353,2026-01
INV-0001098,FPS,FPS-0399,WHEAT,169,106,0,70,205,2026-01
INV-0001099,FPS,FPS-0400,RICE,251,172,0,110,313,2026-01
INV-0001100,FPS,FPS-0400,WHEAT,151,125,0,79,197,2026-01
INV-0001101,FPS,FPS-0401,RICE,211,202,0,177,236,2026-01
INV-0001102,FPS,FPS-0401,WHEAT,157,155,0,94,218,2026-01
INV-0001103,FPS,FPS-0402,RICE,278,114,0,74,318,2026-01
INV-0001104,FPS,FPS-0402,WHEAT,262,103,0,79,286,2026-01
INV-0001105,FPS,FPS-0403,RICE,155,150,0,93,212,2026-01
INV-0001106,FPS,FPS-0403,WHEAT,178,136,0,89,225,2026-01
INV-0001107,FPS,FPS-0404,RICE,188,153,0,129,212,2026-01
INV-0001108,FPS,FPS-0404,WHEAT,91,127,0,102,116,2026-01
INV-0001109,FPS,FPS-0405,RICE,248,138,0,95,291,2026-01
INV-0001110,FPS,FPS-0405,WHEAT,110,115,0,69,156,2026-01
INV-0001111,FPS,FPS-0406,RICE,288,191,0,169,310,2026-01
INV-0001112,FPS,FPS-0406,WHEAT,116,133,0,93,156,2026-01
INV-0001113,FPS,FPS-0407,RICE,258,166,0,130,294,2026-01
INV-0001114,FPS,FPS-0407,WHEAT,225,146,0,99,272,2026-01
INV-0001115,FPS,FPS-0408,RICE,140,111,0,71,180,2026-01
INV-0001116,FPS,FPS-0408,WHEAT,133,106,0,90,149,2026-01
INV-0001117,FPS,FPS-0409,RICE,229,139,0,119,249,2026-01
INV-0001118,FPS,FPS-0409,WHEAT,102,128,0,83,147,2026-01
INV-0001119,FPS,FPS-0410,RICE,220,182,0,110,292,2026-01
INV-0001120,FPS,FPS-0410,WHEAT,261,124,0,87,298,2026-01
INV-0001121,FPS,FPS-0411,RICE,125,148,0,124,149,2026-01
INV-0001122,FPS,FPS-0411,WHEAT,257,122,0,100,279,2026-01
INV-0001123,FPS,FPS-0412,RICE,150,169,0,143,176,2026-01
INV-0001124,FPS,FPS-0412,WHEAT,101,141,0,111,131,2026-01
INV-0001125,FPS,FPS-0413,RICE,255,121,0,100,276,2026-01
INV-0001126,FPS,FPS-0413,WHEAT,98,128,0,95,131,2026-01
INV-0001127,FPS,FPS-0414,RICE,160,189,0,129,220,2026-01
INV-0001128,FPS,FPS-0414,WHEAT,205,122,0,102,225,2026-01
INV-0001129,FPS,FPS-0415,RICE,191,155,0,120,226,2026-01
INV-0001130,FPS,FPS-0415,WHEAT,285,152,0,109,328,2026-01
INV-0001131,FPS,FPS-0416,RICE,290,125,0,87,328,2026-01
INV-0001132,FPS,FPS-0416,WHEAT,150,108,0,71,187,2026-01
INV-0001133,FPS,FPS-0417,RICE,59,131,0,114,76,2026-01
INV-0001134,FPS,FPS-0417,WHEAT,289,135,0,119,305,2026-01
INV-0001135,FPS,FPS-0418,RICE,199,185,0,132,252,2026-01
INV-0001136,FPS,FPS-0418,WHEAT,51,127,0,105,73,2026-01
INV-0001137,FPS,FPS-0419,RICE,283,194,0,124,353,2026-01
INV-0001138,FPS,FPS-0419,WHEAT,144,163,0,125,182,2026-01
INV-0001139,FPS,FPS-0420,RICE,88,200,0,130,158,2026-01
INV-0001140,FPS,FPS-0420,WHEAT,214,160,0,108,266,2026-01
INV-0001141,FPS,FPS-0421,RICE,115,188,0,157,146,2026-01
INV-0001142,FPS,FPS-0421,WHEAT,264,120,0,88,296,2026-01
INV-0001143,FPS,FPS-0422,RICE,80,153,0,120,113,2026-01
INV-0001144,FPS,FPS-0422,WHEAT,103,132,0,92,143,2026-01
INV-0001145,FPS,FPS-0423,RICE,216,166,0,137,245,2026-01
INV-0001146,FPS,FPS-0423,WHEAT,251,120,0,92,279,2026-01
INV-0001147,FPS,FPS-0424,RICE,73,189,0,162,100,2026-01
INV-0001148,FPS,FPS-0424,WHEAT,270,126,0,106,290,2026-01
INV-0001149,FPS,FPS-0425,RICE,170,150,0,98,222,2026-01
INV-0001150,FPS,FPS-0425,WHEAT,190,121,0,75,236,2026-01
INV-0001151,FPS,FPS-0426,RICE,278,202,0,150,330,2026-01
INV-0001152,FPS,FPS-0426,WHEAT,75,141,0,93,123,2026-01
INV-0001153,FPS,FPS-0427,RICE,109,144,0,113,140,2026-01
INV-0001154,FPS,FPS-0427,WHEAT,245,110,0,83,272,2026-01
INV-0001155,FPS,FPS-0428,RICE,100,117,0,82,135,2026-01
INV-0001156,FPS,FPS-0428,WHEAT,132,114,0,96,150,2026-01
INV-0001157,FPS,FPS-0429,RICE,254,140,0,109,285,2026-01
INV-0001158,FPS,FPS-0429,WHEAT,130,108,0,65,173,2026-01
INV-0001159,FPS,FPS-0430,RICE,81,142,0,87,136,2026-01
INV-0001160,FPS,FPS-0430,WHEAT,210,126,0,101,235,2026-01
INV-0001161,FPS,FPS-0431,RICE,131,118,0,80,169,2026-01
INV-0001162,FPS,FPS-0431,WHEAT,260,104,0,91,273,2026-01
INV-0001163,FPS,FPS-0432,RICE,82,276,0,184,174,2026-01
INV-0001164,FPS,FPS-0432,WHEAT,128,194,0,156,166,2026-01
INV-0001165,FPS,FPS-0433,RICE,122,143,0,108,157,2026-01
INV-0001166,FPS,FPS-0433,WHEAT,210,116,0,85,241,2026-01
INV-0001167,FPS,FPS-0434,RICE,257,180,0,127,310,2026-01
INV-0001168,FPS,FPS-0434,WHEAT,101,162,0,117,146,2026-01
INV-0001169,FPS,FPS-0435,RICE,208,189,0,163,234,2026-01
INV-0001170,FPS,FPS-0435,WHEAT,145,129,0,91,183,2026-01
INV-0001171,FPS,FPS-0436,RICE,54,109,0,68,95,2026-01
INV-0001172,FPS,FPS-0436,WHEAT,113,102,0,80,135,2026-01
INV-0001173,FPS,FPS-0437,RICE,167,141,0,116,192,2026-01
INV-0001174,FPS,FPS-0437,WHEAT,226,124,0,87,263,2026-01
INV-0001175,FPS,FPS-0438,RICE,126,145,0,94,177,2026-01
INV-0001176,FPS,FPS-0438,WHEAT,186,118,0,87,217,2026-01
INV-0001177,FPS,FPS-0439,RICE,258,189,0,158,289,2026-01
INV-0001178,FPS,FPS-0439,WHEAT,253,138,0,109,282,2026-01
INV-0001179,FPS,FPS-0440,RICE,248,160,0,121,287,2026-01
INV-0001180,FPS,FPS-0440,WHEAT,288,137,0,94,331,2026-01
INV-0001181,FPS,FPS-0441,RICE,131,196,0,128,199,2026-01
INV-0001182,FPS,FPS-0441,WHEAT,150,141,0,85,206,2026-01
INV-0001183,FPS,FPS-0442,RICE,220,129,0,109,240,2026-01
INV-0001184,FPS,FPS-0442,WHEAT,235,110,0,72,273,2026-01
INV-0001185,FPS,FPS-0443,RICE,151,133,0,119,165,2026-01
INV-0001186,FPS,FPS-0443,WHEAT,271,119,0,102,288,2026-01
INV-0001187,FPS,FPS-0444,RICE,190,121,0,103,208,2026-01
INV-0001188,FPS,FPS-0444,WHEAT,252,107,0,92,267,2026-01
INV-0001189,FPS,FPS-0445,RICE,195,142,0,86,251,2026-01
INV-0001190,FPS,FPS-0445,WHEAT,106,115,0,89,132,2026-01
INV-0001191,FPS,FPS-0446,RICE,140,148,0,122,166,2026-01
INV-0001192,FPS,FPS-0446,WHEAT,276,129,0,88,317,2026-01
INV-0001193,FPS,FPS-0447,RICE,169,118,0,95,192,2026-01
INV-0001194,FPS,FPS-0447,WHEAT,180,106,0,79,207,2026-01
INV-0001195,FPS,FPS-0448,RICE,229,160,0,114,275,2026-01
INV-0001196,FPS,FPS-0448,WHEAT,107,134,0,101,140,2026-01
INV-0001197,FPS,FPS-0449,RICE,251,143,0,121,273,2026-01
INV-0001198,FPS,FPS-0449,WHEAT,112,101,0,89,124,2026-01
INV-0001199,FPS,FPS-0450,RICE,242,111,0,67,286,2026-01
INV-0001200,FPS,FPS-0450,WHEAT,103,102,0,91,114,2026-01
INV-0001201,FPS,FPS-0451,RICE,172,173,0,115,230,2026-01
INV-0001202,FPS,FPS-0451,WHEAT,141,120,0,89,172,2026-01
INV-0001203,FPS,FPS-0452,RICE,172,163,0,112,223,2026-01
INV-0001204,FPS,FPS-0452,WHEAT,150,139,0,105,184,2026-01
INV-0001205,FPS,FPS-0453,RICE,152,136,0,108,180,2026-01
INV-0001206,FPS,FPS-0453,WHEAT,185,111,0,82,214,2026-01
INV-0001207,FPS,FPS-0454,RICE,104,171,0,150,125,2026-01
INV-0001208,FPS,FPS-0454,WHEAT,201,128,0,93,236,2026-01
INV-0001209,FPS,FPS-0455,RICE,64,158,0,114,108,2026-01
INV-0001210,FPS,FPS-0455,WHEAT,86,139,0,92,133,2026-01
INV-0001211,FPS,FPS-0456,RICE,220,159,0,122,257,2026-01
INV-0001212,FPS,FPS-0456,WHEAT,111,120,0,91,140,2026-01
INV-0001213,FPS,FPS-0457,RICE,275,177,0,119,333,2026-01
INV-0001214,FPS,FPS-0457,WHEAT,51,136,0,122,65,2026-01
INV-0001215,FPS,FPS-0458,RICE,86,143,0,110,119,2026-01
INV-0001216,FPS,FPS-0458,WHEAT,123,113,0,92,144,2026-01
INV-0001217,FPS,FPS-0459,RICE,196,176,0,155,217,2026-01
INV-0001218,FPS,FPS-0459,WHEAT,280,153,0,96,337,2026-01
INV-0001219,FPS,FPS-0460,RICE,217,152,0,92,277,2026-01
INV-0001220,FPS,FPS-0460,WHEAT,278,115,0,97,296,2026-01
INV-0001221,FPS,FPS-0461,RICE,260,176,0,153,283,2026-01
INV-0001222,FPS,FPS-0461,WHEAT,168,132,0,118,182,2026-01
INV-0001223,FPS,FPS-0462,RICE,63,114,0,95,82,2026-01
INV-0001224,FPS,FPS-0462,WHEAT,216,104,0,71,249,2026-01
INV-0001225,FPS,FPS-0463,RICE,121,196,0,135,182,2026-01
INV-0001226,FPS,FPS-0463,WHEAT,208,124,0,96,236,2026-01
INV-0001227,FPS,FPS-0464,RICE,103,173,0,121,155,2026-01
INV-0001228,FPS,FPS-0464,WHEAT,230,128,0,114,244,2026-01
INV-0001229,FPS,FPS-0465,RICE,115,154,0,94,175,2026-01
INV-0001230,FPS,FPS-0465,WHEAT,197,144,0,100,241,2026-01
INV-0001231,FPS,FPS-0466,RICE,100,156,0,110,146,2026-01
INV-0001232,FPS,FPS-0466,WHEAT,213,144,0,88,269,2026-01
INV-0001233,FPS,FPS-0467,RICE,225,106,0,66,265,2026-01
INV-0001234,FPS,FPS-0467,WHEAT,253,92,0,60,285,2026-01
INV-0001235,FPS,FPS-0468,RICE,238,144,0,101,281,2026-01
INV-0001236,FPS,FPS-0468,WHEAT,220,125,0,77,268,2026-01
INV-0001237,FPS,FPS-0469,RICE,266,148,0,115,299,2026-01
INV-0001238,FPS,FPS-0469,WHEAT,142,129,0,84,187,2026-01
INV-0001239,FPS,FPS-0470,RICE,128,225,0,178,175,2026-01
INV-0001240,FPS,FPS-0470,WHEAT,179,155,0,109,225,2026-01
INV-0001241,FPS,FPS-0471,RICE,276,153,0,107,322,2026-01
INV-0001242,FPS,FPS-0471,WHEAT,100,115,0,73,142,2026-01
INV-0001243,FPS,FPS-0472,RICE,94,217,0,140,171,2026-01
INV-0001244,FPS,FPS-0472,WHEAT,166,147,0,110,203,2026-01
INV-0001245,FPS,FPS-0473,RICE,130,156,0,130,156,2026-01
INV-0001246,FPS,FPS-0473,WHEAT,169,141,0,122,188,2026-01
INV-0001247,FPS,FPS-0474,RICE,110,161,0,131,140,2026-01
INV-0001248,FPS,FPS-0474,WHEAT,219,135,0,103,251,2026-01
INV-0001249,FPS,FPS-0475,RICE,145,201,0,167,179,2026-01
INV-0001250,FPS,FPS-0475,WHEAT,249,136,0,98,287,2026-01
INV-0001251,FPS,FPS-0476,RICE,99,150,0,98,151,2026-01
INV-0001252,FPS,FPS-0476,WHEAT,295,117,0,78,334,2026-01
INV-0001253,FPS,FPS-0477,RICE,153,166,0,128,191,2026-01
INV-0001254,FPS,FPS-0477,WHEAT,66,122,0,96,92,2026-01
INV-0001255,FPS,FPS-0478,RICE,280,132,0,112,300,2026-01
INV-0001256,FPS,FPS-0478,WHEAT,183,133,0,105,211,2026-01
INV-0001257,FPS,FPS-0479,RICE,291,182,0,116,357,2026-01
INV-0001258,FPS,FPS-0479,WHEAT,195,129,0,104,220,2026-01
INV-0001259,FPS,FPS-0480,RICE,254,128,0,82,300,2026-01
INV-0001260,FPS,FPS-0480,WHEAT,203,123,0,78,248,2026-01
INV-0001261,FPS,FPS-0481,RICE,151,138,0,93,196,2026-01
INV-0001262,FPS,FPS-0481,WHEAT,284,123,0,102,305,2026-01
INV-0001263,FPS,FPS-0482,RICE,193,146,0,90,249,2026-01
INV-0001264,FPS,FPS-0482,WHEAT,113,118,0,104,127,2026-01
INV-0001265,FPS,FPS-0483,RICE,108,115,0,99,124,2026-01
INV-0001266,FPS,FPS-0483,WHEAT,229,104,0,67,266,2026-01
INV-0001267,FPS,FPS-0484,RICE,58,161,0,138,81,2026-01
INV-0001268,FPS,FPS-0484,WHEAT,113,125,0,111,127,2026-01
INV-0001269,FPS,FPS-0485,RICE,124,147,0,110,161,2026-01
INV-0001270,FPS,FPS-0485,WHEAT,89,137,0,108,118,2026-01
INV-0001271,FPS,FPS-0486,RICE,214,188,0,150,252,2026-01
INV-0001272,FPS,FPS-0486,WHEAT,145,150,0,93,202,2026-01
INV-0001273,FPS,FPS-0487,RICE,114,136,0,97,153,2026-01
INV-0001274,FPS,FPS-0487,WHEAT,276,113,0,86,303,2026-01
INV-0001275,FPS,FPS-0488,RICE,230,116,0,97,249,2026-01
INV-0001276,FPS,FPS-0488,WHEAT,55,98,0,66,87,2026-01
INV-0001277,FPS,FPS-0489,RICE,227,168,0,134,261,2026-01
INV-0001278,FPS,FPS-0489,WHEAT,236,136,0,117,255,2026-01
INV-0001279,FPS,FPS-0490,RICE,259,170,0,120,309,2026-01
INV-0001280,FPS,FPS-0490,WHEAT,185,118,0,71,232,2026-01
INV-0001281,FPS,FPS-0491,RICE,79,186,0,162,103,2026-01
INV-0001282,FPS,FPS-0491,WHEAT,256,129,0,77,308,2026-01
INV-0001283,FPS,FPS-0492,RICE,190,225,0,146,269,2026-01
INV-0001284,FPS,FPS-0492,WHEAT,135,170,0,117,188,2026-01
INV-0001285,FPS,FPS-0493,RICE,225,137,0,94,268,2026-01
INV-0001286,FPS,FPS-0493,WHEAT,99,130,0,90,139,2026-01
INV-0001287,FPS,FPS-0494,RICE,294,119,0,79,334,2026-01
INV-0001288,FPS,FPS-0494,WHEAT,111,114,0,98,127,2026-01
INV-0001289,FPS,FPS-0495,RICE,143,118,0,99,162,2026-01
INV-0001290,FPS,FPS-0495,WHEAT,199,101,0,86,214,2026-01
INV-0001291,FPS,FPS-0496,RICE,167,150,0,125,192,2026-01
INV-0001292,FPS,FPS-0496,WHEAT,233,107,0,92,248,2026-01
INV-0001293,FPS,FPS-0497,RICE,52,203,0,167,88,2026-01
INV-0001294,FPS,FPS-0497,WHEAT,208,129,0,93,244,2026-01
INV-0001295,FPS,FPS-0498,RICE,191,141,0,103,229,2026-01
INV-0001296,FPS,FPS-0498,WHEAT,199,139,0,107,231,2026-01
INV-0001297,FPS,FPS-0499,RICE,75,205,0,136,144,2026-01
INV-0001298,FPS,FPS-0499,WHEAT,218,151,0,119,250,2026-01
INV-0001299,FPS,FPS-0500,RICE,87,144,0,110,121,2026-01
INV-0001300,FPS,FPS-0500,WHEAT,284,119,0,76,327,2026-01
INV-0001301,FPS,FPS-0501,RICE,146,146,0,89,203,2026-01
INV-0001302,FPS,FPS-0501,WHEAT,214,128,0,114,228,2026-01
INV-0001303,FPS,FPS-0502,RICE,92,187,0,124,155,2026-01
INV-0001304,FPS,FPS-0502,WHEAT,139,136,0,119,156,2026-01
INV-0001305,FPS,FPS-0503,RICE,179,124,0,111,192,2026-01
INV-0001306,FPS,FPS-0503,WHEAT,55,98,0,76,77,2026-01
INV-0001307,FPS,FPS-0504,RICE,89,158,0,128,119,2026-01
INV-0001308,FPS,FPS-0504,WHEAT,210,115,0,76,249,2026-01
INV-0001309,FPS,FPS-0505,RICE,109,154,0,95,168,2026-01
INV-0001310,FPS,FPS-0505,WHEAT,80,119,0,80,119,2026-01
INV-0001311,FPS,FPS-0506,RICE,98,122,0,88,132,2026-01
INV-0001312,FPS,FPS-0506,WHEAT,120,111,0,77,154,2026-01
INV-0001313,FPS,FPS-0507,RICE,155,128,0,81,202,2026-01
INV-0001314,FPS,FPS-0507,WHEAT,118,111,0,79,150,2026-01
INV-0001315,FPS,FPS-0508,RICE,106,203,0,152,157,2026-01
INV-0001316,FPS,FPS-0508,WHEAT,239,156,0,134,261,2026-01
INV-0001317,FPS,FPS-0509,RICE,127,152,0,98,181,2026-01
INV-0001318,FPS,FPS-0509,WHEAT,190,126,0,106,210,2026-01
INV-0001319,FPS,FPS-0510,RICE,95,126,0,83,138,2026-01
INV-0001320,FPS,FPS-0510,WHEAT,81,115,0,91,105,2026-01
INV-0001321,FPS,FPS-0511,RICE,237,137,0,115,259,2026-01
INV-0001322,FPS,FPS-0511,WHEAT,202,133,0,119,216,2026-01
INV-0001323,FPS,FPS-0512,RICE,163,128,0,86,205,2026-01
INV-0001324,FPS,FPS-0512,WHEAT,237,112,0,68,281,2026-01
INV-0001325,FPS,FPS-0513,RICE,209,140,0,118,231,2026-01
INV-0001326,FPS,FPS-0513,WHEAT,57,121,0,84,94,2026-01
INV-0001327,FPS,FPS-0514,RICE,289,101,0,76,314,2026-01
INV-0001328,FPS,FPS-0514,WHEAT,223,100,0,84,239,2026-01
INV-0001329,FPS,FPS-0515,RICE,97,107,0,70,134,2026-01
INV-0001330,FPS,FPS-0515,WHEAT,261,109,0,73,297,2026-01
INV-0001331,FPS,FPS-0516,RICE,156,143,0,92,207,2026-01
INV-0001332,FPS,FPS-0516,WHEAT,276,136,0,82,330,2026-01
INV-0001333,FPS,FPS-0517,RICE,265,145,0,100,310,2026-01
INV-0001334,FPS,FPS-0517,WHEAT,93,130,0,91,132,2026-01
INV-0001335,FPS,FPS-0518,RICE,60,132,0,95,97,2026-01
INV-0001336,FPS,FPS-0518,WHEAT,271,125,0,86,310,2026-01
INV-0001337,FPS,FPS-0519,RICE,148,156,0,108,196,2026-01
INV-0001338,FPS,FPS-0519,WHEAT,223,139,0,108,254,2026-01
INV-0001339,FPS,FPS-0520,RICE,166,134,0,108,192,2026-01
INV-0001340,FPS,FPS-0520,WHEAT,231,113,0,77,267,2026-01
INV-0001341,FPS,FPS-0521,RICE,139,165,0,138,166,2026-01
INV-0001342,FPS,FPS-0521,WHEAT,249,120,0,99,270,2026-01
INV-0001343,FPS,FPS-0522,RICE,125,179,0,155,149,2026-01
INV-0001344,FPS,FPS-0522,WHEAT,132,139,0,121,150,2026-01
INV-0001345,FPS,FPS-0523,RICE,213,172,0,129,256,2026-01
INV-0001346,FPS,FPS-0523,WHEAT,280,140,0,107,313,2026-01
INV-0001347,FPS,FPS-0524,RICE,277,122,0,105,294,2026-01
INV-0001348,FPS,FPS-0524,WHEAT,128,102,0,77,153,2026-01
INV-0001349,FPS,FPS-0525,RICE,236,110,0,87,259,2026-01
INV-0001350,FPS,FPS-0525,WHEAT,176,118,0,79,215,2026-01
INV-0001351,FPS,FPS-0526,RICE,236,137,0,99,274,2026-01
INV-0001352,FPS,FPS-0526,WHEAT,188,116,0,104,200,2026-01
INV-0001353,FPS,FPS-0527,RICE,182,161,0,126,217,2026-01
INV-0001354,FPS,FPS-0527,WHEAT,132,146,0,109,169,2026-01
INV-0001355,FPS,FPS-0528,RICE,264,124,0,75,313,2026-01
INV-0001356,FPS,FPS-0528,WHEAT,71,123,0,106,88,2026-01
INV-0001357,FPS,FPS-0529,RICE,292,240,0,175,357,2026-01
INV-0001358,FPS,FPS-0529,WHEAT,92,156,0,114,134,2026-01
INV-0001359,FPS,FPS-0530,RICE,200,159,0,110,249,2026-01
INV-0001360,FPS,FPS-0530,WHEAT,239,131,0,116,254,2026-01
INV-0001361,FPS,FPS-0531,RICE,128,145,0,110,163,2026-01
INV-0001362,FPS,FPS-0531,WHEAT,177,142,0,89,230,2026-01
INV-0001363,FPS,FPS-0532,RICE,212,118,0,82,248,2026-01
INV-0001364,FPS,FPS-0532,WHEAT,288,106,0,85,309,2026-01
INV-0001365,FPS,FPS-0533,RICE,268,167,0,122,313,2026-01
INV-0001366,FPS,FPS-0533,WHEAT,295,129,0,77,347,2026-01
INV-0001367,FPS,FPS-0534,RICE,166,138,0,102,202,2026-01
INV-0001368,FPS,FPS-0534,WHEAT,267,103,0,85,285,2026-01
INV-0001369,FPS,FPS-0535,RICE,131,184,0,136,179,2026-01
INV-0001370,FPS,FPS-0535,WHEAT,224,132,0,98,258,2026-01
INV-0001371,FPS,FPS-0536,RICE,193,132,0,117,208,2026-01
INV-0001372,FPS,FPS-0536,WHEAT,76,125,0,100,101,2026-01
INV-0001373,FPS,FPS-0537,RICE,143,129,0,111,161,2026-01
INV-0001374,FPS,FPS-0537,WHEAT,100,140,0,118,122,2026-01
INV-0001375,FPS,FPS-0538,RICE,190,142,0,108,224,2026-01
INV-0001376,FPS,FPS-0538,WHEAT,155,122,0,85,192,2026-01
INV-0001377,FPS,FPS-0539,RICE,118,172,0,149,141,2026-01
INV-0001378,FPS,FPS-0539,WHEAT,85,137,0,90,132,2026-01
INV-0001379,FPS,FPS-0540,RICE,167,112,0,78,201,2026-01
INV-0001380,FPS,FPS-0540,WHEAT,275,104,0,86,293,2026-01
INV-0001381,FPS,FPS-0541,RICE,130,134,0,115,149,2026-01
INV-0001382,FPS,FPS-0541,WHEAT,87,126,0,90,123,2026-01
INV-0001383,FPS,FPS-0542,RICE,256,160,0,105,311,2026-01
INV-0001384,FPS,FPS-0542,WHEAT,72,136,0,98,110,2026-01
INV-0001385,FPS,FPS-0543,RICE,198,161,0,113,246,2026-01
INV-0001386,FPS,FPS-0543,WHEAT,57,125,0,91,91,2026-01
INV-0001387,FPS,FPS-0544,RICE,84,125,0,89,120,2026-01
INV-0001388,FPS,FPS-0544,WHEAT,286,108,0,97,297,2026-01
INV-0001389,FPS,FPS-0545,RICE,279,119,0,100,298,2026-01
INV-0001390,FPS,FPS-0545,WHEAT,156,114,0,102,168,2026-01
INV-0001391,FPS,FPS-0546,RICE,283,222,0,182,323,2026-01
INV-0001392,FPS,FPS-0546,WHEAT,84,159,0,139,104,2026-01
INV-0001393,FPS,FPS-0547,RICE,70,126,0,79,117,2026-01
INV-0001394,FPS,FPS-0547,WHEAT,273,98,0,74,297,2026-01
INV-0001395,FPS,FPS-0548,RICE,137,167,0,143,161,2026-01
INV-0001396,FPS,FPS-0548,WHEAT,253,121,0,86,288,2026-01
INV-0001397,FPS,FPS-0549,RICE,67,187,0,118,136,2026-01
INV-0001398,FPS,FPS-0549,WHEAT,73,142,0,108,107,2026-01
INV-0001399,FPS,FPS-0550,RICE,74,108,0,65,117,2026-01
INV-0001400,FPS,FPS-0550,WHEAT,207,94,0,76,225,2026-01
INV-0001401,FPS,FPS-0551,RICE,111,127,0,77,161,2026-01
INV-0001402,FPS,FPS-0551,WHEAT,216,115,0,92,239,2026-01
INV-0001403,FPS,FPS-0552,RICE,260,113,0,86,287,2026-01
INV-0001404,FPS,FPS-0552,WHEAT,230,116,0,90,256,2026-01
INV-0001405,FPS,FPS-0553,RICE,162,189,0,151,200,2026-01
INV-0001406,FPS,FPS-0553,WHEAT,70,147,0,98,119,2026-01
INV-0001407,FPS,FPS-0554,RICE,87,130,0,84,133,2026-01
INV-0001408,FPS,FPS-0554,WHEAT,269,124,0,88,305,2026-01
INV-0001409,FPS,FPS-0555,RICE,147,213,0,129,231,2026-01
INV-0001410,FPS,FPS-0555,WHEAT,245,140,0,110,275,2026-01
INV-0001411,FPS,FPS-0556,RICE,89,155,0,112,132,2026-01
INV-0001412,FPS,FPS-0556,WHEAT,244,122,0,88,278,2026-01
INV-0001413,FPS,FPS-0557,RICE,266,146,0,113,299,2026-01
INV-0001414,FPS,FPS-0557,WHEAT,55,121,0,98,78,2026-01
INV-0001415,FPS,FPS-0558,RICE,103,244,0,202,145,2026-01
INV-0001416,FPS,FPS-0558,WHEAT,78,157,0,127,108,2026-01
INV-0001417,FPS,FPS-0559,RICE,238,125,0,92,271,2026-01
INV-0001418,FPS,FPS-0559,WHEAT,180,99,0,76,203,2026-01
INV-0001419,FPS,FPS-0560,RICE,106,227,0,170,163,2026-01
INV-0001420,FPS,FPS-0560,WHEAT,161,170,0,127,204,2026-01
INV-0001421,FPS,FPS-0561,RICE,96,141,0,125,112,2026-01
INV-0001422,FPS,FPS-0561,WHEAT,145,109,0,71,183,2026-01
INV-0001423,FPS,FPS-0562,RICE,271,244,0,175,340,2026-01
INV-0001424,FPS,FPS-0562,WHEAT,230,168,0,147,251,2026-01
INV-0001425,FPS,FPS-0563,RICE,197,219,0,169,247,2026-01
INV-0001426,FPS,FPS-0563,WHEAT,191,159,0,113,237,2026-01
INV-0001427,FPS,FPS-0564,RICE,263,98,0,84,277,2026-01
INV-0001428,FPS,FPS-0564,WHEAT,124,93,0,82,135,2026-01
INV-0001429,FPS,FPS-0565,RICE,293,132,0,80,345,2026-01
INV-0001430,FPS,FPS-0565,WHEAT,173,110,0,67,216,2026-01
INV-0001431,FPS,FPS-0566,RICE,259,130,0,116,273,2026-01
INV-0001432,FPS,FPS-0566,WHEAT,90,132,0,112,110,2026-01
INV-0001433,FPS,FPS-0567,RICE,254,119,0,79,294,2026-01
INV-0001434,FPS,FPS-0567,WHEAT,161,103,0,82,182,2026-01
INV-0001435,FPS,FPS-0568,RICE,155,201,0,120,236,2026-01
INV-0001436,FPS,FPS-0568,WHEAT,231,131,0,104,258,2026-01
INV-0001437,FPS,FPS-0569,RICE,285,159,0,127,317,2026-01
INV-0001438,FPS,FPS-0569,WHEAT,87,118,0,94,111,2026-01
INV-0001439,FPS,FPS-0570,RICE,218,119,0,83,254,2026-01
INV-0001440,FPS,FPS-0570,WHEAT,173,102,0,82,193,2026-01
INV-0001441,FPS,FPS-0571,RICE,209,121,0,75,255,2026-01
INV-0001442,FPS,FPS-0571,WHEAT,175,120,0,106,189,2026-01
INV-0001443,FPS,FPS-0572,RICE,266,235,0,183,318,2026-01
INV-0001444,FPS,FPS-0572,WHEAT,95,162,0,99,158,2026-01
INV-0001445,FPS,FPS-0573,RICE,156,107,0,67,196,2026-01
INV-0001446,FPS,FPS-0573,WHEAT,191,110,0,92,209,2026-01
INV-0001447,FPS,FPS-0574,RICE,281,171,0,146,306,2026-01
INV-0001448,FPS,FPS-0574,WHEAT,171,142,0,97,216,2026-01
INV-0001449,FPS,FPS-0575,RICE,299,227,0,140,386,2026-01
INV-0001450,FPS,FPS-0575,WHEAT,185,158,0,122,221,2026-01
INV-0001451,FPS,FPS-0576,RICE,291,145,0,122,314,2026-01
INV-0001452,FPS,FPS-0576,WHEAT,257,126,0,85,298,2026-01
INV-0001453,FPS,FPS-0577,RICE,58,134,0,105,87,2026-01
INV-0001454,FPS,FPS-0577,WHEAT,77,129,0,115,91,2026-01
INV-0001455,FPS,FPS-0578,RICE,255,131,0,101,285,2026-01
INV-0001456,FPS,FPS-0578,WHEAT,56,126,0,99,83,2026-01
INV-0001457,FPS,FPS-0579,RICE,248,110,0,72,286,2026-01
INV-0001458,FPS,FPS-0579,WHEAT,293,130,0,87,336,2026-01
INV-0001459,FPS,FPS-0580,RICE,185,215,0,129,271,2026-01
INV-0001460,FPS,FPS-0580,WHEAT,288,156,0,123,321,2026-01
INV-0001461,FPS,FPS-0581,RICE,184,173,0,124,233,2026-01
INV-0001462,FPS,FPS-0581,WHEAT,99,157,0,104,152,2026-01
INV-0001463,FPS,FPS-0582,RICE,67,107,0,92,82,2026-01
INV-0001464,FPS,FPS-0582,WHEAT,95,110,0,95,110,2026-01
INV-0001465,FPS,FPS-0583,RICE,294,138,0,116,316,2026-01
INV-0001466,FPS,FPS-0583,WHEAT,59,114,0,91,82,2026-01
INV-0001467,FPS,FPS-0584,RICE,208,120,0,93,235,2026-01
INV-0001468,FPS,FPS-0584,WHEAT,114,105,0,71,148,2026-01
INV-0001469,FPS,FPS-0585,RICE,278,141,0,90,329,2026-01
INV-0001470,FPS,FPS-0585,WHEAT,177,124,0,90,211,2026-01
INV-0001471,FPS,FPS-0586,RICE,166,143,0,116,193,2026-01
INV-0001472,FPS,FPS-0586,WHEAT,209,123,0,75,257,2026-01
INV-0001473,FPS,FPS-0587,RICE,111,166,0,141,136,2026-01
INV-0001474,FPS,FPS-0587,WHEAT,191,131,0,105,217,2026-01
INV-0001475,FPS,FPS-0588,RICE,77,168,0,103,142,2026-01
INV-0001476,FPS,FPS-0588,WHEAT,120,130,0,111,139,2026-01
INV-0001477,FPS,FPS-0589,RICE,194,136,0,113,217,2026-01
INV-0001478,FPS,FPS-0589,WHEAT,259,124,0,99,284,2026-01
INV-0001479,FPS,FPS-0590,RICE,170,175,0,143,202,2026-01
INV-0001480,FPS,FPS-0590,WHEAT,78,125,0,102,101,2026-01
INV-0001481,FPS,FPS-0591,RICE,117,120,0,103,134,2026-01
INV-0001482,FPS,FPS-0591,WHEAT,285,121,0,94,312,2026-01
INV-0001483,FPS,FPS-0592,RICE,201,147,0,123,225,2026-01
INV-0001484,FPS,FPS-0592,WHEAT,229,122,0,108,243,2026-01
INV-0001485,FPS,FPS-0593,RICE,93,210,0,188,115,2026-01
INV-0001486,FPS,FPS-0593,WHEAT,56,164,0,129,91,2026-01
INV-0001487,FPS,FPS-0594,RICE,157,170,0,140,187,2026-01
INV-0001488,FPS,FPS-0594,WHEAT,226,129,0,112,243,2026-01
INV-0001489,FPS,FPS-0595,RICE,285,118,0,103,300,2026-01
INV-0001490,FPS,FPS-0595,WHEAT,66,100,0,74,92,2026-01
INV-0001491,FPS,FPS-0596,RICE,91,124,0,103,112,2026-01
INV-0001492,FPS,FPS-0596,WHEAT,125,119,0,101,143,2026-01
INV-0001493,FPS,FPS-0597,RICE,211,313,0,239,285,2026-01
INV-0001494,FPS,FPS-0597,WHEAT,237,208,0,174,271,2026-01
INV-0001495,FPS,FPS-0598,RICE,117,158,0,140,135,2026-01
INV-0001496,FPS,FPS-0598,WHEAT,127,127,0,78,176,2026-01
INV-0001497,FPS,FPS-0599,RICE,239,114,0,74,279,2026-01
INV-0001498,FPS,FPS-0599,WHEAT,199,107,0,76,230,2026-01
INV-0001499,FPS,FPS-0600,RICE,58,138,0,95,101,2026-01
INV-0001500,FPS,FPS-0600,WHEAT,282,124,0,102,304,2026-01
INV-0001501,FPS,FPS-0001,RICE,153,11972,0,7921,4204,2026-02
INV-0001502,FPS,FPS-0001,WHEAT,126,160,0,136,150,2026-02
INV-0001503,FPS,FPS-0002,RICE,215,129,0,93,251,2026-02
INV-0001504,FPS,FPS-0002,WHEAT,113,118,0,94,137,2026-02
INV-0001505,FPS,FPS-0003,RICE,241,209,0,142,308,2026-02
INV-0001506,FPS,FPS-0003,WHEAT,152,158,0,112,198,2026-02
INV-0001507,FPS,FPS-0004,RICE,179,157,0,112,224,2026-02
INV-0001508,FPS,FPS-0004,WHEAT,72,145,0,115,102,2026-02
INV-0001509,FPS,FPS-0005,RICE,223,160,0,121,262,2026-02
INV-0001510,FPS,FPS-0005,WHEAT,60,139,0,87,112,2026-02
INV-0001511,FPS,FPS-0006,RICE,136,239,0,162,213,2026-02
INV-0001512,FPS,FPS-0006,WHEAT,108,144,0,125,127,2026-02
INV-0001513,FPS,FPS-0007,RICE,211,125,0,89,247,2026-02
INV-0001514,FPS,FPS-0007,WHEAT,263,110,0,73,300,2026-02
INV-0001515,FPS,FPS-0008,RICE,196,154,0,127,223,2026-02
INV-0001516,FPS,FPS-0008,WHEAT,141,125,0,86,180,2026-02
INV-0001517,FPS,FPS-0009,RICE,156,141,0,87,210,2026-02
INV-0001518,FPS,FPS-0009,WHEAT,144,127,0,93,178,2026-02
INV-0001519,FPS,FPS-0010,RICE,64,173,0,125,112,2026-02
INV-0001520,FPS,FPS-0010,WHEAT,250,107,0,80,277,2026-02
INV-0001521,FPS,FPS-0011,RICE,284,150,0,105,329,2026-02
INV-0001522,FPS,FPS-0011,WHEAT,117,129,0,96,150,2026-02
INV-0001523,FPS,FPS-0012,RICE,241,178,0,111,308,2026-02
INV-0001524,FPS,FPS-0012,WHEAT,256,123,0,82,297,2026-02
INV-0001525,FPS,FPS-0013,RICE,234,177,0,156,255,2026-02
INV-0001526,FPS,FPS-0013,WHEAT,293,145,0,112,326,2026-02
INV-0001527,FPS,FPS-0014,RICE,198,112,0,74,236,2026-02
INV-0001528,FPS,FPS-0014,WHEAT,96,97,0,82,111,2026-02
INV-0001529,FPS,FPS-0015,RICE,241,127,0,81,287,2026-02
INV-0001530,FPS,FPS-0015,WHEAT,164,116,0,77,203,2026-02
INV-0001531,FPS,FPS-0016,RICE,174,198,0,120,252,2026-02
INV-0001532,FPS,FPS-0016,WHEAT,105,139,0,94,150,2026-02
INV-0001533,FPS,FPS-0017,RICE,71,149,0,89,131,2026-02
INV-0001534,FPS,FPS-0017,WHEAT,262,120,0,79,303,2026-02
INV-0001535,FPS,FPS-0018,RICE,63,237,0,151,149,2026-02
INV-0001536,FPS,FPS-0018,WHEAT,166,179,0,123,222,2026-02
INV-0001537,FPS,FPS-0019,RICE,58,173,0,136,95,2026-02
INV-0001538,FPS,FPS-0019,WHEAT,283,137,0,86,334,2026-02
INV-0001539,FPS,FPS-0020,RICE,298,114,0,84,328,2026-02
INV-0001540,FPS,FPS-0020,WHEAT,247,105,0,68,284,2026-02
INV-0001541,FPS,FPS-0021,RICE,231,270,0,241,260,2026-02
INV-0001542,FPS,FPS-0021,WHEAT,93,185,0,157,121,2026-02
INV-0001543,FPS,FPS-0022,RICE,145,131,0,88,188,2026-02
INV-0001544,FPS,FPS-0022,WHEAT,85,111,0,75,121,2026-02
INV-0001545,FPS,FPS-0023,RICE,269,140,0,96,313,2026-02
INV-0001546,FPS,FPS-0023,WHEAT,280,119,0,92,307,2026-02
INV-0001547,FPS,FPS-0024,RICE,71,138,0,111,98,2026-02
INV-0001548,FPS,FPS-0024,WHEAT,218,127,0,89,256,2026-02
INV-0001549,FPS,FPS-0025,RICE,133,202,0,153,182,2026-02
INV-0001550,FPS,FPS-0025,WHEAT,218,115,0,72,261,2026-02
INV-0001551,FPS,FPS-0026,RICE,179,0,0,0,179,2026-02
INV-0001552,FPS,FPS-0026,WHEAT,177,116,0,72,221,2026-02
INV-0001553,FPS,FPS-0027,RICE,292,132,0,90,334,2026-02
INV-0001554,FPS,FPS-0027,WHEAT,237,88,0,57,268,2026-02
INV-0001555,FPS,FPS-0028,RICE,81,138,0,119,100,2026-02
INV-0001556,FPS,FPS-0028,WHEAT,225,127,0,87,265,2026-02
INV-0001557,FPS,FPS-0029,RICE,297,168,0,141,324,2026-02
INV-0001558,FPS,FPS-0029,WHEAT,181,111,0,75,217,2026-02
INV-0001559,FPS,FPS-0030,RICE,273,113,0,75,311,2026-02
INV-0001560,FPS,FPS-0030,WHEAT,99,97,0,68,128,2026-02
INV-0001561,FPS,FPS-0031,RICE,227,105,0,86,246,2026-02
INV-0001562,FPS,FPS-0031,WHEAT,138,109,0,89,158,2026-02
INV-0001563,FPS,FPS-0032,RICE,186,145,0,124,207,2026-02
INV-0001564,FPS,FPS-0032,WHEAT,241,151,0,112,280,2026-02
INV-0001565,FPS,FPS-0033,RICE,129,151,0,120,160,2026-02
INV-0001566,FPS,FPS-0033,WHEAT,194,129,0,100,223,2026-02
INV-0001567,FPS,FPS-0034,RICE,104,161,0,101,164,2026-02
INV-0001568,FPS,FPS-0034,WHEAT,200,140,0,105,235,2026-02
INV-0001569,FPS,FPS-0035,RICE,63,160,0,97,126,2026-02
INV-0001570,FPS,FPS-0035,WHEAT,283,122,0,106,299,2026-02
INV-0001571,FPS,FPS-0036,RICE,293,194,0,124,363,2026-02
INV-0001572,FPS,FPS-0036,WHEAT,226,135,0,87,274,2026-02
INV-0001573,FPS,FPS-0037,RICE,219,175,0,135,259,2026-02
INV-0001574,FPS,FPS-0037,WHEAT,283,140,0,122,301,2026-02
INV-0001575,FPS,FPS-0038,RICE,182,179,0,154,207,2026-02
INV-0001576,FPS,FPS-0038,WHEAT,232,145,0,107,270,2026-02
INV-0001577,FPS,FPS-0039,RICE,117,174,0,107,184,2026-02
INV-0001578,FPS,FPS-0039,WHEAT,198,133,0,89,242,2026-02
INV-0001579,FPS,FPS-0040,RICE,249,129,0,111,267,2026-02
INV-0001580,FPS,FPS-0040,WHEAT,259,115,0,79,295,2026-02
INV-0001581,FPS,FPS-0041,RICE,96,133,0,92,137,2026-02
INV-0001582,FPS,FPS-0041,WHEAT,103,127,0,89,141,2026-02
INV-0001583,FPS,FPS-0042,RICE,78,149,0,117,110,2026-02
INV-0001584,FPS,FPS-0042,WHEAT,270,123,0,105,288,2026-02
INV-0001585,FPS,FPS-0043,RICE,163,147,0,99,211,2026-02
INV-0001586,FPS,FPS-0043,WHEAT,187,134,0,107,214,2026-02
INV-0001587,FPS,FPS-0044,RICE,56,131,0,102,85,2026-02
INV-0001588,FPS,FPS-0044,WHEAT,127,126,0,84,169,2026-02
INV-0001589,FPS,FPS-0045,RICE,231,167,0,145,253,2026-02
INV-0001590,FPS,FPS-0045,WHEAT,181,149,0,97,233,2026-02
INV-0001591,FPS,FPS-0046,RICE,234,149,0,94,289,2026-02
INV-0001592,FPS,FPS-0046,WHEAT,63,115,0,79,99,2026-02
INV-0001593,FPS,FPS-0047,RICE,247,157,0,94,310,2026-02
INV-0001594,FPS,FPS-0047,WHEAT,207,131,0,115,223,2026-02
INV-0001595,FPS,FPS-0048,RICE,166,115,0,75,206,2026-02
INV-0001596,FPS,FPS-0048,WHEAT,244,96,0,75,265,2026-02
INV-0001597,FPS,FPS-0049,RICE,139,185,0,141,183,2026-02
INV-0001598,FPS,FPS-0049,WHEAT,203,137,0,85,255,2026-02
INV-0001599,FPS,FPS-0050,RICE,196,205,0,151,250,2026-02
INV-0001600,FPS,FPS-0050,WHEAT,78,146,0,95,129,2026-02
INV-0001601,FPS,FPS-0051,RICE,184,0,0,0,184,2026-02
INV-0001602,FPS,FPS-0051,WHEAT,103,136,0,109,130,2026-02
INV-0001603,FPS,FPS-0052,RICE,77,213,0,130,160,2026-02
INV-0001604,FPS,FPS-0052,WHEAT,204,148,0,89,263,2026-02
INV-0001605,FPS,FPS-0053,RICE,151,125,0,75,201,2026-02
INV-0001606,FPS,FPS-0053,WHEAT,122,128,0,97,153,2026-02
INV-0001607,FPS,FPS-0054,RICE,150,130,0,95,185,2026-02
INV-0001608,FPS,FPS-0054,WHEAT,298,133,0,84,347,2026-02
INV-0001609,FPS,FPS-0055,RICE,243,166,0,111,298,2026-02
INV-0001610,FPS,FPS-0055,WHEAT,170,125,0,93,202,2026-02
INV-0001611,FPS,FPS-0056,RICE,256,124,0,97,283,2026-02
INV-0001612,FPS,FPS-0056,WHEAT,271,138,0,95,314,2026-02
INV-0001613,FPS,FPS-0057,RICE,244,166,0,147,263,2026-02
INV-0001614,FPS,FPS-0057,WHEAT,194,127,0,84,237,2026-02
INV-0001615,FPS,FPS-0058,RICE,144,188,0,145,187,2026-02
INV-0001616,FPS,FPS-0058,WHEAT,190,153,0,121,222,2026-02
INV-0001617,FPS,FPS-0059,RICE,297,152,0,127,322,2026-02
INV-0001618,FPS,FPS-0059,WHEAT,171,125,0,77,219,2026-02
INV-0001619,FPS,FPS-0060,RICE,54,190,0,165,79,2026-02
INV-0001620,FPS,FPS-0060,WHEAT,99,156,0,132,123,2026-02
INV-0001621,FPS,FPS-0061,RICE,213,118,0,86,245,2026-02
INV-0001622,FPS,FPS-0061,WHEAT,121,129,0,111,139,2026-02
INV-0001623,FPS,FPS-0062,RICE,135,158,0,117,176,2026-02
INV-0001624,FPS,FPS-0062,WHEAT,229,119,0,82,266,2026-02
INV-0001625,FPS,FPS-0063,RICE,90,206,0,136,160,2026-02
INV-0001626,FPS,FPS-0063,WHEAT,198,136,0,99,235,2026-02
INV-0001627,FPS,FPS-0064,RICE,152,115,0,85,182,2026-02
INV-0001628,FPS,FPS-0064,WHEAT,128,110,0,97,141,2026-02
INV-0001629,FPS,FPS-0065,RICE,248,141,0,126,263,2026-02
INV-0001630,FPS,FPS-0065,WHEAT,186,115,0,96,205,2026-02
INV-0001631,FPS,FPS-0066,RICE,89,157,0,109,137,2026-02
INV-0001632,FPS,FPS-0066,WHEAT,129,120,0,72,177,2026-02
INV-0001633,FPS,FPS-0067,RICE,289,140,0,118,311,2026-02
INV-0001634,FPS,FPS-0067,WHEAT,249,129,0,94,284,2026-02
INV-0001635,FPS,FPS-0068,RICE,126,159,0,103,182,2026-02
INV-0001636,FPS,FPS-0068,WHEAT,270,122,0,94,298,2026-02
INV-0001637,FPS,FPS-0069,RICE,203,150,0,106,247,2026-02
INV-0001638,FPS,FPS-0069,WHEAT,114,129,0,112,131,2026-02
INV-0001639,FPS,FPS-0070,RICE,130,140,0,103,167,2026-02
INV-0001640,FPS,FPS-0070,WHEAT,235,142,0,123,254,2026-02
INV-0001641,FPS,FPS-0071,RICE,119,141,0,97,163,2026-02
INV-0001642,FPS,FPS-0071,WHEAT,54,114,0,83,85,2026-02
INV-0001643,FPS,FPS-0072,RICE,106,223,0,168,161,2026-02
INV-0001644,FPS,FPS-0072,WHEAT,151,133,0,98,186,2026-02
INV-0001645,FPS,FPS-0073,RICE,64,174,0,139,99,2026-02
INV-0001646,FPS,FPS-0073,WHEAT,77,148,0,105,120,2026-02
INV-0001647,FPS,FPS-0074,RICE,223,122,0,102,243,2026-02
INV-0001648,FPS,FPS-0074,WHEAT,94,107,0,86,115,2026-02
INV-0001649,FPS,FPS-0075,RICE,267,184,0,159,292,2026-02
INV-0001650,FPS,FPS-0075,WHEAT,83,122,0,98,107,2026-02
INV-0001651,FPS,FPS-0076,RICE,295,0,0,0,295,2026-02
INV-0001652,FPS,FPS-0076,WHEAT,104,121,0,105,120,2026-02
INV-0001653,FPS,FPS-0077,RICE,180,122,0,78,224,2026-02
INV-0001654,FPS,FPS-0077,WHEAT,175,109,0,67,217,2026-02
INV-0001655,FPS,FPS-0078,RICE,211,171,0,141,241,2026-02
INV-0001656,FPS,FPS-0078,WHEAT,141,144,0,119,166,2026-02
INV-0001657,FPS,FPS-0079,RICE,291,124,0,104,311,2026-02
INV-0001658,FPS,FPS-0079,WHEAT,243,107,0,89,261,2026-02
INV-0001659,FPS,FPS-0080,RICE,250,124,0,98,276,2026-02
INV-0001660,FPS,FPS-0080,WHEAT,118,121,0,92,147,2026-02
INV-0001661,FPS,FPS-0081,RICE,280,149,0,99,330,2026-02
INV-0001662,FPS,FPS-0081,WHEAT,113,122,0,81,154,2026-02
INV-0001663,FPS,FPS-0082,RICE,220,164,0,115,269,2026-02
INV-0001664,FPS,FPS-0082,WHEAT,240,107,0,71,276,2026-02
INV-0001665,FPS,FPS-0083,RICE,58,160,0,113,105,2026-02
INV-0001666,FPS,FPS-0083,WHEAT,189,125,0,75,239,2026-02
INV-0001667,FPS,FPS-0084,RICE,82,166,0,147,101,2026-02
INV-0001668,FPS,FPS-0084,WHEAT,295,119,0,86,328,2026-02
INV-0001669,FPS,FPS-0085,RICE,87,122,0,103,106,2026-02
INV-0001670,FPS,FPS-0085,WHEAT,200,103,0,64,239,2026-02
INV-0001671,FPS,FPS-0086,RICE,291,147,0,121,317,2026-02
INV-0001672,FPS,FPS-0086,WHEAT,136,123,0,106,153,2026-02
INV-0001673,FPS,FPS-0087,RICE,253,133,0,86,300,2026-02
INV-0001674,FPS,FPS-0087,WHEAT,108,128,0,112,124,2026-02
INV-0001675,FPS,FPS-0088,RICE,211,159,0,118,252,2026-02
INV-0001676,FPS,FPS-0088,WHEAT,266,135,0,118,283,2026-02
INV-0001677,FPS,FPS-0089,RICE,205,184,0,144,245,2026-02
INV-0001678,FPS,FPS-0089,WHEAT,223,147,0,94,276,2026-02
INV-0001679,FPS,FPS-0090,RICE,105,133,0,114,124,2026-02
INV-0001680,FPS,FPS-0090,WHEAT,288,115,0,71,332,2026-02
INV-0001681,FPS,FPS-0091,RICE,248,131,0,115,264,2026-02
INV-0001682,FPS,FPS-0091,WHEAT,280,121,0,76,325,2026-02
INV-0001683,FPS,FPS-0092,RICE,80,209,0,129,160,2026-02
INV-0001684,FPS,FPS-0092,WHEAT,273,144,0,109,308,2026-02
INV-0001685,FPS,FPS-0093,RICE,195,169,0,102,262,2026-02
INV-0001686,FPS,FPS-0093,WHEAT,250,132,0,100,282,2026-02
INV-0001687,FPS,FPS-0094,RICE,187,175,0,117,245,2026-02
INV-0001688,FPS,FPS-0094,WHEAT,154,133,0,81,206,2026-02
INV-0001689,FPS,FPS-0095,RICE,85,197,0,148,134,2026-02
INV-0001690,FPS,FPS-0095,WHEAT,245,141,0,121,265,2026-02
INV-0001691,FPS,FPS-0096,RICE,170,137,0,85,222,2026-02
INV-0001692,FPS,FPS-0096,WHEAT,271,137,0,107,301,2026-02
INV-0001693,FPS,FPS-0097,RICE,54,180,0,136,98,2026-02
INV-0001694,FPS,FPS-0097,WHEAT,62,143,0,102,103,2026-02
INV-0001695,FPS,FPS-0098,RICE,259,197,0,173,283,2026-02
INV-0001696,FPS,FPS-0098,WHEAT,265,135,0,119,281,2026-02
INV-0001697,FPS,FPS-0099,RICE,186,168,0,127,227,2026-02
INV-0001698,FPS,FPS-0099,WHEAT,222,133,0,100,255,2026-02
INV-0001699,FPS,FPS-0100,RICE,87,118,0,88,117,2026-02
INV-0001700,FPS,FPS-0100,WHEAT,160,103,0,68,195,2026-02
INV-0001701,FPS,FPS-0101,RICE,106,0,0,0,106,2026-02
INV-0001702,FPS,FPS-0101,WHEAT,164,132,0,95,201,2026-02
INV-0001703,FPS,FPS-0102,RICE,236,138,0,115,259,2026-02
INV-0001704,FPS,FPS-0102,WHEAT,126,109,0,83,152,2026-02
INV-0001705,FPS,FPS-0103,RICE,56,201,0,123,134,2026-02
INV-0001706,FPS,FPS-0103,WHEAT,81,161,0,117,125,2026-02
INV-0001707,FPS,FPS-0104,RICE,259,137,0,119,277,2026-02
INV-0001708,FPS,FPS-0104,WHEAT,295,109,0,72,332,2026-02
INV-0001709,FPS,FPS-0105,RICE,149,215,0,172,192,2026-02
INV-0001710,FPS,FPS-0105,WHEAT,156,165,0,114,207,2026-02
INV-0001711,FPS,FPS-0106,RICE,146,122,0,76,192,2026-02
INV-0001712,FPS,FPS-0106,WHEAT,192,113,0,75,230,2026-02
INV-0001713,FPS,FPS-0107,RICE,188,118,0,86,220,2026-02
INV-0001714,FPS,FPS-0107,WHEAT,290,99,0,81,308,2026-02
INV-0001715,FPS,FPS-0108,RICE,263,137,0,112,288,2026-02
INV-0001716,FPS,FPS-0108,WHEAT,253,102,0,68,287,2026-02
INV-0001717,FPS,FPS-0109,RICE,188,142,0,122,208,2026-02
INV-0001718,FPS,FPS-0109,WHEAT,128,127,0,94,161,2026-02
INV-0001719,FPS,FPS-0110,RICE,55,114,0,99,70,2026-02
INV-0001720,FPS,FPS-0110,WHEAT,214,116,0,73,257,2026-02
INV-0001721,FPS,FPS-0111,RICE,283,136,0,87,332,2026-02
INV-0001722,FPS,FPS-0111,WHEAT,258,104,0,85,277,2026-02
INV-0001723,FPS,FPS-0112,RICE,216,125,0,85,256,2026-02
INV-0001724,FPS,FPS-0112,WHEAT,146,135,0,97,184,2026-02
INV-0001725,FPS,FPS-0113,RICE,226,121,0,95,252,2026-02
INV-0001726,FPS,FPS-0113,WHEAT,155,94,0,74,175,2026-02
INV-0001727,FPS,FPS-0114,RICE,278,146,0,119,305,2026-02
INV-0001728,FPS,FPS-0114,WHEAT,232,130,0,100,262,2026-02
INV-0001729,FPS,FPS-0115,RICE,193,127,0,97,223,2026-02
INV-0001730,FPS,FPS-0115,WHEAT,257,111,0,94,274,2026-02
INV-0001731,FPS,FPS-0116,RICE,127,137,0,104,160,2026-02
INV-0001732,FPS,FPS-0116,WHEAT,149,109,0,69,189,2026-02
INV-0001733,FPS,FPS-0117,RICE,268,127,0,100,295,2026-02
INV-0001734,FPS,FPS-0117,WHEAT,299,128,0,98,329,2026-02
INV-0001735,FPS,FPS-0118,RICE,59,121,0,74,106,2026-02
INV-0001736,FPS,FPS-0118,WHEAT,69,105,0,91,83,2026-02
INV-0001737,FPS,FPS-0119,RICE,119,138,0,123,134,2026-02
INV-0001738,FPS,FPS-0119,WHEAT,128,111,0,71,168,2026-02
INV-0001739,FPS,FPS-0120,RICE,93,118,0,105,106,2026-02
INV-0001740,FPS,FPS-0120,WHEAT,222,106,0,91,237,2026-02
INV-0001741,FPS,FPS-0121,RICE,288,150,0,95,343,2026-02
INV-0001742,FPS,FPS-0121,WHEAT,153,130,0,112,171,2026-02
INV-0001743,FPS,FPS-0122,RICE,99,139,0,112,126,2026-02
INV-0001744,FPS,FPS-0122,WHEAT,132,118,0,97,153,2026-02
INV-0001745,FPS,FPS-0123,RICE,156,142,0,124,174,2026-02
INV-0001746,FPS,FPS-0123,WHEAT,113,126,0,88,151,2026-02
INV-0001747,FPS,FPS-0124,RICE,66,205,0,175,96,2026-02
INV-0001748,FPS,FPS-0124,WHEAT,226,144,0,125,245,2026-02
INV-0001749,FPS,FPS-0125,RICE,135,145,0,125,155,2026-02
INV-0001750,FPS,FPS-0125,WHEAT,208,124,0,74,258,2026-02
INV-0001751,FPS,FPS-0126,RICE,178,0,0,0,178,2026-02
INV-0001752,FPS,FPS-0126,WHEAT,122,129,0,114,137,2026-02
INV-0001753,FPS,FPS-0127,RICE,275,120,0,100,295,2026-02
INV-0001754,FPS,FPS-0127,WHEAT,243,104,0,63,284,2026-02
INV-0001755,FPS,FPS-0128,RICE,150,144,0,108,186,2026-02
INV-0001756,FPS,FPS-0128,WHEAT,255,124,0,90,289,2026-02
INV-0001757,FPS,FPS-0129,RICE,197,149,0,114,232,2026-02
INV-0001758,FPS,FPS-0129,WHEAT,99,138,0,83,154,2026-02
INV-0001759,FPS,FPS-0130,RICE,271,109,0,70,310,2026-02
INV-0001760,FPS,FPS-0130,WHEAT,207,108,0,66,249,2026-02
INV-0001761,FPS,FPS-0131,RICE,84,142,0,123,103,2026-02
INV-0001762,FPS,FPS-0131,WHEAT,77,113,0,68,122,2026-02
INV-0001763,FPS,FPS-0132,RICE,131,213,0,144,200,2026-02
INV-0001764,FPS,FPS-0132,WHEAT,181,152,0,101,232,2026-02
INV-0001765,FPS,FPS-0133,RICE,111,136,0,100,147,2026-02
INV-0001766,FPS,FPS-0133,WHEAT,213,114,0,75,252,2026-02
INV-0001767,FPS,FPS-0134,RICE,129,147,0,127,149,2026-02
INV-0001768,FPS,FPS-0134,WHEAT,161,121,0,95,187,2026-02
INV-0001769,FPS,FPS-0135,RICE,136,113,0,100,149,2026-02
INV-0001770,FPS,FPS-0135,WHEAT,98,117,0,71,144,2026-02
INV-0001771,FPS,FPS-0136,RICE,81,159,0,126,114,2026-02
INV-0001772,FPS,FPS-0136,WHEAT,69,141,0,91,119,2026-02
INV-0001773,FPS,FPS-0137,RICE,227,156,0,134,249,2026-02
INV-0001774,FPS,FPS-0137,WHEAT,164,129,0,105,188,2026-02
INV-0001775,FPS,FPS-0138,RICE,266,182,0,121,327,2026-02
INV-0001776,FPS,FPS-0138,WHEAT,213,132,0,113,232,2026-02
INV-0001777,FPS,FPS-0139,RICE,228,143,0,113,258,2026-02
INV-0001778,FPS,FPS-0139,WHEAT,297,125,0,103,319,2026-02
INV-0001779,FPS,FPS-0140,RICE,93,123,0,107,109,2026-02
INV-0001780,FPS,FPS-0140,WHEAT,135,108,0,70,173,2026-02
INV-0001781,FPS,FPS-0141,RICE,259,127,0,77,309,2026-02
INV-0001782,FPS,FPS-0141,WHEAT,154,122,0,77,199,2026-02
INV-0001783,FPS,FPS-0142,RICE,296,155,0,108,343,2026-02
INV-0001784,FPS,FPS-0142,WHEAT,175,119,0,86,208,2026-02
INV-0001785,FPS,FPS-0143,RICE,96,178,0,129,145,2026-02
INV-0001786,FPS,FPS-0143,WHEAT,65,121,0,96,90,2026-02
INV-0001787,FPS,FPS-0144,RICE,98,187,0,160,125,2026-02
INV-0001788,FPS,FPS-0144,WHEAT,110,124,0,95,139,2026-02
INV-0001789,FPS,FPS-0145,RICE,62,115,0,75,102,2026-02
INV-0001790,FPS,FPS-0145,WHEAT,291,112,0,71,332,2026-02
INV-0001791,FPS,FPS-0146,RICE,247,118,0,77,288,2026-02
INV-0001792,FPS,FPS-0146,WHEAT,100,101,0,70,131,2026-02
INV-0001793,FPS,FPS-0147,RICE,216,149,0,126,239,2026-02
INV-0001794,FPS,FPS-0147,WHEAT,258,116,0,90,284,2026-02
INV-0001795,FPS,FPS-0148,RICE,275,209,0,126,358,2026-02
INV-0001796,FPS,FPS-0148,WHEAT,63,145,0,108,100,2026-02
INV-0001797,FPS,FPS-0149,RICE,124,269,0,184,209,2026-02
INV-0001798,FPS,FPS-0149,WHEAT,207,188,0,143,252,2026-02
INV-0001799,FPS,FPS-0150,RICE,281,139,0,111,309,2026-02
INV-0001800,FPS,FPS-0150,WHEAT,214,94,0,73,235,2026-02
INV-0001801,FPS,FPS-0151,RICE,215,0,0,0,215,2026-02
INV-0001802,FPS,FPS-0151,WHEAT,145,116,0,100,161,2026-02
INV-0001803,FPS,FPS-0152,RICE,284,146,0,128,302,2026-02
INV-0001804,FPS,FPS-0152,WHEAT,274,120,0,88,306,2026-02
INV-0001805,FPS,FPS-0153,RICE,275,163,0,125,313,2026-02
INV-0001806,FPS,FPS-0153,WHEAT,77,131,0,112,96,2026-02
INV-0001807,FPS,FPS-0154,RICE,121,133,0,108,146,2026-02
INV-0001808,FPS,FPS-0154,WHEAT,119,116,0,71,164,2026-02
INV-0001809,FPS,FPS-0155,RICE,217,177,0,150,244,2026-02
INV-0001810,FPS,FPS-0155,WHEAT,80,144,0,112,112,2026-02
INV-0001811,FPS,FPS-0156,RICE,222,158,0,129,251,2026-02
INV-0001812,FPS,FPS-0156,WHEAT,244,121,0,98,267,2026-02
INV-0001813,FPS,FPS-0157,RICE,137,161,0,123,175,2026-02
INV-0001814,FPS,FPS-0157,WHEAT,78,143,0,121,100,2026-02
INV-0001815,FPS,FPS-0158,RICE,277,159,0,99,337,2026-02
INV-0001816,FPS,FPS-0158,WHEAT,267,145,0,98,314,2026-02
INV-0001817,FPS,FPS-0159,RICE,246,105,0,65,286,2026-02
INV-0001818,FPS,FPS-0159,WHEAT,297,103,0,78,322,2026-02
INV-0001819,FPS,FPS-0160,RICE,97,109,0,74,132,2026-02
INV-0001820,FPS,FPS-0160,WHEAT,214,103,0,72,245,2026-02
INV-0001821,FPS,FPS-0161,RICE,283,208,0,133,358,2026-02
INV-0001822,FPS,FPS-0161,WHEAT,80,148,0,130,98,2026-02
INV-0001823,FPS,FPS-0162,RICE,56,144,0,109,91,2026-02
INV-0001824,FPS,FPS-0162,WHEAT,144,121,0,91,174,2026-02
INV-0001825,FPS,FPS-0163,RICE,133,132,0,104,161,2026-02
INV-0001826,FPS,FPS-0163,WHEAT,188,124,0,104,208,2026-02
INV-0001827,FPS,FPS-0164,RICE,143,143,0,121,165,2026-02
INV-0001828,FPS,FPS-0164,WHEAT,144,111,0,78,177,2026-02
INV-0001829,FPS,FPS-0165,RICE,224,145,0,105,264,2026-02
INV-0001830,FPS,FPS-0165,WHEAT,122,122,0,76,168,2026-02
INV-0001831,FPS,FPS-0166,RICE,256,144,0,129,271,2026-02
INV-0001832,FPS,FPS-0166,WHEAT,51,133,0,91,93,2026-02
INV-0001833,FPS,FPS-0167,RICE,93,135,0,86,142,2026-02
INV-0001834,FPS,FPS-0167,WHEAT,77,127,0,79,125,2026-02
INV-0001835,FPS,FPS-0168,RICE,265,120,0,93,292,2026-02
INV-0001836,FPS,FPS-0168,WHEAT,183,114,0,97,200,2026-02
INV-0001837,FPS,FPS-0169,RICE,142,151,0,105,188,2026-02
INV-0001838,FPS,FPS-0169,WHEAT,230,117,0,105,242,2026-02
INV-0001839,FPS,FPS-0170,RICE,180,158,0,133,205,2026-02
INV-0001840,FPS,FPS-0170,WHEAT,98,147,0,97,148,2026-02
INV-0001841,FPS,FPS-0171,RICE,280,133,0,111,302,2026-02
INV-0001842,FPS,FPS-0171,WHEAT,149,117,0,71,195,2026-02
INV-0001843,FPS,FPS-0172,RICE,87,143,0,114,116,2026-02
INV-0001844,FPS,FPS-0172,WHEAT,69,114,0,98,85,2026-02
INV-0001845,FPS,FPS-0173,RICE,121,142,0,123,140,2026-02
INV-0001846,FPS,FPS-0173,WHEAT,276,131,0,88,319,2026-02
INV-0001847,FPS,FPS-0174,RICE,102,179,0,132,149,2026-02
INV-0001848,FPS,FPS-0174,WHEAT,134,152,0,95,191,2026-02
INV-0001849,FPS,FPS-0175,RICE,115,168,0,147,136,2026-02
INV-0001850,FPS,FPS-0175,WHEAT,251,149,0,118,282,2026-02
INV-0001851,FPS,FPS-0176,RICE,264,0,0,0,264,2026-02
INV-0001852,FPS,FPS-0176,WHEAT,195,121,0,85,231,2026-02
INV-0001853,FPS,FPS-0177,RICE,210,131,0,115,226,2026-02
INV-0001854,FPS,FPS-0177,WHEAT,242,119,0,101,260,2026-02
INV-0001855,FPS,FPS-0178,RICE,198,121,0,74,245,2026-02
INV-0001856,FPS,FPS-0178,WHEAT,287,115,0,70,332,2026-02
INV-0001857,FPS,FPS-0179,RICE,110,176,0,136,150,2026-02
INV-0001858,FPS,FPS-0179,WHEAT,76,134,0,99,111,2026-02
INV-0001859,FPS,FPS-0180,RICE,290,140,0,102,328,2026-02
INV-0001860,FPS,FPS-0180,WHEAT,131,124,0,106,149,2026-02
INV-0001861,FPS,FPS-0181,RICE,216,191,0,126,281,2026-02
INV-0001862,FPS,FPS-0181,WHEAT,205,149,0,130,224,2026-02
INV-0001863,FPS,FPS-0182,RICE,201,131,0,115,217,2026-02
INV-0001864,FPS,FPS-0182,WHEAT,218,112,0,99,231,2026-02
INV-0001865,FPS,FPS-0183,RICE,135,146,0,94,187,2026-02
INV-0001866,FPS,FPS-0183,WHEAT,181,134,0,106,209,2026-02
INV-0001867,FPS,FPS-0184,RICE,87,175,0,154,108,2026-02
INV-0001868,FPS,FPS-0184,WHEAT,211,129,0,84,256,2026-02
INV-0001869,FPS,FPS-0185,RICE,185,169,0,142,212,2026-02
INV-0001870,FPS,FPS-0185,WHEAT,52,129,0,108,73,2026-02
INV-0001871,FPS,FPS-0186,RICE,57,209,0,145,121,2026-02
INV-0001872,FPS,FPS-0186,WHEAT,271,168,0,150,289,2026-02
INV-0001873,FPS,FPS-0187,RICE,156,175,0,144,187,2026-02
INV-0001874,FPS,FPS-0187,WHEAT,198,116,0,76,238,2026-02
INV-0001875,FPS,FPS-0188,RICE,168,119,0,82,205,2026-02
INV-0001876,FPS,FPS-0188,WHEAT,177,109,0,84,202,2026-02
INV-0001877,FPS,FPS-0189,RICE,197,218,0,138,277,2026-02
INV-0001878,FPS,FPS-0189,WHEAT,245,134,0,107,272,2026-02
INV-0001879,FPS,FPS-0190,RICE,95,115,0,74,136,2026-02
INV-0001880,FPS,FPS-0190,WHEAT,91,119,0,94,116,2026-02
INV-0001881,FPS,FPS-0191,RICE,71,127,0,78,120,2026-02
INV-0001882,FPS,FPS-0191,WHEAT,250,105,0,64,291,2026-02
INV-0001883,FPS,FPS-0192,RICE,96,120,0,86,130,2026-02
INV-0001884,FPS,FPS-0192,WHEAT,68,103,0,79,92,2026-02
INV-0001885,FPS,FPS-0193,RICE,86,168,0,112,142,2026-02
INV-0001886,FPS,FPS-0193,WHEAT,170,142,0,94,218,2026-02
INV-0001887,FPS,FPS-0194,RICE,150,125,0,93,182,2026-02
INV-0001888,FPS,FPS-0194,WHEAT,279,104,0,71,312,2026-02
INV-0001889,FPS,FPS-0195,RICE,206,148,0,133,221,2026-02
INV-0001890,FPS,FPS-0195,WHEAT,220,147,0,109,258,2026-02
INV-0001891,FPS,FPS-0196,RICE,226,187,0,121,292,2026-02
INV-0001892,FPS,FPS-0196,WHEAT,277,129,0,102,304,2026-02
INV-0001893,FPS,FPS-0197,RICE,151,177,0,143,185,2026-02
INV-0001894,FPS,FPS-0197,WHEAT,202,137,0,116,223,2026-02
INV-0001895,FPS,FPS-0198,RICE,287,137,0,103,321,2026-02
INV-0001896,FPS,FPS-0198,WHEAT,71,105,0,68,108,2026-02
INV-0001897,FPS,FPS-0199,RICE,273,124,0,75,322,2026-02
INV-0001898,FPS,FPS-0199,WHEAT,220,117,0,70,267,2026-02
INV-0001899,FPS,FPS-0200,RICE,183,123,0,89,217,2026-02
INV-0001900,FPS,FPS-0200,WHEAT,95,118,0,80,133,2026-02
INV-0001901,FPS,FPS-0201,RICE,127,0,0,0,127,2026-02
INV-0001902,FPS,FPS-0201,WHEAT,88,120,0,88,120,2026-02
INV-0001903,FPS,FPS-0202,RICE,248,141,0,104,285,2026-02
INV-0001904,FPS,FPS-0202,WHEAT,134,110,0,86,158,2026-02
INV-0001905,FPS,FPS-0203,RICE,267,131,0,116,282,2026-02
INV-0001906,FPS,FPS-0203,WHEAT,290,108,0,76,322,2026-02
INV-0001907,FPS,FPS-0204,RICE,267,159,0,95,331,2026-02
INV-0001908,FPS,FPS-0204,WHEAT,202,128,0,96,234,2026-02
INV-0001909,FPS,FPS-0205,RICE,260,148,0,127,281,2026-02
INV-0001910,FPS,FPS-0205,WHEAT,62,139,0,97,104,2026-02
INV-0001911,FPS,FPS-0206,RICE,123,196,0,149,170,2026-02
INV-0001912,FPS,FPS-0206,WHEAT,271,149,0,119,301,2026-02
INV-0001913,FPS,FPS-0207,RICE,136,279,0,204,211,2026-02
INV-0001914,FPS,FPS-0207,WHEAT,239,166,0,136,269,2026-02
INV-0001915,FPS,FPS-0208,RICE,54,169,0,125,98,2026-02
INV-0001916,FPS,FPS-0208,WHEAT,148,134,0,99,183,2026-02
INV-0001917,FPS,FPS-0209,RICE,210,202,0,134,278,2026-02
INV-0001918,FPS,FPS-0209,WHEAT,82,134,0,111,105,2026-02
INV-0001919,FPS,FPS-0210,RICE,265,167,0,128,304,2026-02
INV-0001920,FPS,FPS-0210,WHEAT,265,150,0,93,322,2026-02
INV-0001921,FPS,FPS-0211,RICE,75,176,0,127,124,2026-02
INV-0001922,FPS,FPS-0211,WHEAT,59,125,0,96,88,2026-02
INV-0001923,FPS,FPS-0212,RICE,126,110,0,68,168,2026-02
INV-0001924,FPS,FPS-0212,WHEAT,53,98,0,67,84,2026-02
INV-0001925,FPS,FPS-0213,RICE,193,151,0,110,234,2026-02
INV-0001926,FPS,FPS-0213,WHEAT,271,111,0,84,298,2026-02
INV-0001927,FPS,FPS-0214,RICE,201,113,0,82,232,2026-02
INV-0001928,FPS,FPS-0214,WHEAT,208,106,0,90,224,2026-02
INV-0001929,FPS,FPS-0215,RICE,51,138,0,88,101,2026-02
INV-0001930,FPS,FPS-0215,WHEAT,112,115,0,70,157,2026-02
INV-0001931,FPS,FPS-0216,RICE,96,133,0,87,142,2026-02
INV-0001932,FPS,FPS-0216,WHEAT,167,120,0,105,182,2026-02
INV-0001933,FPS,FPS-0217,RICE,227,129,0,108,248,2026-02
INV-0001934,FPS,FPS-0217,WHEAT,140,115,0,95,160,2026-02
INV-0001935,FPS,FPS-0218,RICE,160,115,0,72,203,2026-02
INV-0001936,FPS,FPS-0218,WHEAT,151,123,0,104,170,2026-02
INV-0001937,FPS,FPS-0219,RICE,265,165,0,145,285,2026-02
INV-0001938,FPS,FPS-0219,WHEAT,128,137,0,96,169,2026-02
INV-0001939,FPS,FPS-0220,RICE,296,184,0,116,364,2026-02
INV-0001940,FPS,FPS-0220,WHEAT,215,141,0,107,249,2026-02
INV-0001941,FPS,FPS-0221,RICE,290,173,0,131,332,2026-02
INV-0001942,FPS,FPS-0221,WHEAT,166,148,0,105,209,2026-02
INV-0001943,FPS,FPS-0222,RICE,248,191,0,164,275,2026-02
INV-0001944,FPS,FPS-0222,WHEAT,284,119,0,103,300,2026-02
INV-0001945,FPS,FPS-0223,RICE,55,177,0,113,119,2026-02
INV-0001946,FPS,FPS-0223,WHEAT,298,123,0,98,323,2026-02
INV-0001947,FPS,FPS-0224,RICE,175,139,0,106,208,2026-02
INV-0001948,FPS,FPS-0224,WHEAT,184,129,0,80,233,2026-02
INV-0001949,FPS,FPS-0225,RICE,140,145,0,124,161,2026-02
INV-0001950,FPS,FPS-0225,WHEAT,212,116,0,74,254,2026-02
INV-0001951,FPS,FPS-0226,RICE,79,0,0,0,79,2026-02
INV-0001952,FPS,FPS-0226,WHEAT,227,129,0,92,264,2026-02
INV-0001953,FPS,FPS-0227,RICE,261,132,0,106,287,2026-02
INV-0001954,FPS,FPS-0227,WHEAT,253,129,0,99,283,2026-02
INV-0001955,FPS,FPS-0228,RICE,153,164,0,114,203,2026-02
INV-0001956,FPS,FPS-0228,WHEAT,198,144,0,120,222,2026-02
INV-0001957,FPS,FPS-0229,RICE,152,158,0,102,208,2026-02
INV-0001958,FPS,FPS-0229,WHEAT,196,123,0,79,240,2026-02
INV-0001959,FPS,FPS-0230,RICE,274,239,0,166,347,2026-02
INV-0001960,FPS,FPS-0230,WHEAT,237,166,0,114,289,2026-02
INV-0001961,FPS,FPS-0231,RICE,98,149,0,100,147,2026-02
INV-0001962,FPS,FPS-0231,WHEAT,144,144,0,114,174,2026-02
INV-0001963,FPS,FPS-0232,RICE,253,156,0,131,278,2026-02
INV-0001964,FPS,FPS-0232,WHEAT,98,137,0,122,113,2026-02
INV-0001965,FPS,FPS-0233,RICE,105,119,0,95,129,2026-02
INV-0001966,FPS,FPS-0233,WHEAT,278,103,0,62,319,2026-02
INV-0001967,FPS,FPS-0234,RICE,297,158,0,124,331,2026-02
INV-0001968,FPS,FPS-0234,WHEAT,209,122,0,80,251,2026-02
INV-0001969,FPS,FPS-0235,RICE,267,163,0,119,311,2026-02
INV-0001970,FPS,FPS-0235,WHEAT,208,129,0,105,232,2026-02
INV-0001971,FPS,FPS-0236,RICE,94,135,0,94,135,2026-02
INV-0001972,FPS,FPS-0236,WHEAT,262,115,0,72,305,2026-02
INV-0001973,FPS,FPS-0237,RICE,63,161,0,130,94,2026-02
INV-0001974,FPS,FPS-0237,WHEAT,219,126,0,80,265,2026-02
INV-0001975,FPS,FPS-0238,RICE,202,162,0,124,240,2026-02
INV-0001976,FPS,FPS-0238,WHEAT,179,130,0,88,221,2026-02
INV-0001977,FPS,FPS-0239,RICE,235,169,0,114,290,2026-02
INV-0001978,FPS,FPS-0239,WHEAT,52,115,0,73,94,2026-02
INV-0001979,FPS,FPS-0240,RICE,73,209,0,136,146,2026-02
INV-0001980,FPS,FPS-0240,WHEAT,87,151,0,104,134,2026-02
INV-0001981,FPS,FPS-0241,RICE,243,142,0,97,288,2026-02
INV-0001982,FPS,FPS-0241,WHEAT,109,137,0,122,124,2026-02
INV-0001983,FPS,FPS-0242,RICE,58,113,0,84,87,2026-02
INV-0001984,FPS,FPS-0242,WHEAT,217,95,0,59,253,2026-02
INV-0001985,FPS,FPS-0243,RICE,168,186,0,140,214,2026-02
INV-0001986,FPS,FPS-0243,WHEAT,142,134,0,85,191,2026-02
INV-0001987,FPS,FPS-0244,RICE,54,139,0,114,79,2026-02
INV-0001988,FPS,FPS-0244,WHEAT,104,122,0,93,133,2026-02
INV-0001989,FPS,FPS-0245,RICE,250,116,0,90,276,2026-02
INV-0001990,FPS,FPS-0245,WHEAT,110,108,0,97,121,2026-02
INV-0001991,FPS,FPS-0246,RICE,205,249,0,195,259,2026-02
INV-0001992,FPS,FPS-0246,WHEAT,170,160,0,112,218,2026-02
INV-0001993,FPS,FPS-0247,RICE,108,132,0,109,131,2026-02
INV-0001994,FPS,FPS-0247,WHEAT,79,120,0,92,107,2026-02
INV-0001995,FPS,FPS-0248,RICE,111,219,0,183,147,2026-02
INV-0001996,FPS,FPS-0248,WHEAT,217,160,0,131,246,2026-02
INV-0001997,FPS,FPS-0249,RICE,118,235,0,210,143,2026-02
INV-0001998,FPS,FPS-0249,WHEAT,231,164,0,133,262,2026-02
INV-0001999,FPS,FPS-0250,RICE,201,148,0,90,259,2026-02
INV-0002000,FPS,FPS-0250,WHEAT,224,111,0,73,262,2026-02
INV-0002001,FPS,FPS-0251,RICE,81,0,0,0,81,2026-02
INV-0002002,FPS,FPS-0251,WHEAT,71,120,0,89,102,2026-02
INV-0002003,FPS,FPS-0252,RICE,243,131,0,108,266,2026-02
INV-0002004,FPS,FPS-0252,WHEAT,213,118,0,93,238,2026-02
INV-0002005,FPS,FPS-0253,RICE,196,205,0,131,270,2026-02
INV-0002006,FPS,FPS-0253,WHEAT,166,141,0,104,203,2026-02
INV-0002007,FPS,FPS-0254,RICE,223,121,0,73,271,2026-02
INV-0002008,FPS,FPS-0254,WHEAT,192,106,0,73,225,2026-02
INV-0002009,FPS,FPS-0255,RICE,288,173,0,137,324,2026-02
INV-0002010,FPS,FPS-0255,WHEAT,218,132,0,84,266,2026-02
INV-0002011,FPS,FPS-0256,RICE,233,141,0,88,286,2026-02
INV-0002012,FPS,FPS-0256,WHEAT,122,123,0,84,161,2026-02
INV-0002013,FPS,FPS-0257,RICE,56,119,0,82,93,2026-02
INV-0002014,FPS,FPS-0257,WHEAT,60,115,0,97,78,2026-02
INV-0002015,FPS,FPS-0258,RICE,167,136,0,98,205,2026-02
INV-0002016,FPS,FPS-0258,WHEAT,230,111,0,81,260,2026-02
INV-0002017,FPS,FPS-0259,RICE,64,125,0,97,92,2026-02
INV-0002018,FPS,FPS-0259,WHEAT,238,111,0,88,261,2026-02
INV-0002019,FPS,FPS-0260,RICE,275,107,0,70,312,2026-02
INV-0002020,FPS,FPS-0260,WHEAT,73,100,0,89,84,2026-02
INV-0002021,FPS,FPS-0261,RICE,221,104,0,78,247,2026-02
INV-0002022,FPS,FPS-0261,WHEAT,281,94,0,61,314,2026-02
INV-0002023,FPS,FPS-0262,RICE,267,144,0,122,289,2026-02
INV-0002024,FPS,FPS-0262,WHEAT,190,114,0,85,219,2026-02
INV-0002025,FPS,FPS-0263,RICE,135,130,0,87,178,2026-02
INV-0002026,FPS,FPS-0263,WHEAT,282,121,0,85,318,2026-02
INV-0002027,FPS,FPS-0264,RICE,89,88,0,57,120,2026-02
INV-0002028,FPS,FPS-0264,WHEAT,51,94,0,78,67,2026-02
INV-0002029,FPS,FPS-0265,RICE,194,179,0,112,261,2026-02
INV-0002030,FPS,FPS-0265,WHEAT,277,140,0,112,305,2026-02
INV-0002031,FPS,FPS-0266,RICE,238,128,0,115,251,2026-02
INV-0002032,FPS,FPS-0266,WHEAT,193,111,0,91,213,2026-02
INV-0002033,FPS,FPS-0267,RICE,241,137,0,105,273,2026-02
INV-0002034,FPS,FPS-0267,WHEAT,138,102,0,91,149,2026-02
INV-0002035,FPS,FPS-0268,RICE,114,141,0,120,135,2026-02
INV-0002036,FPS,FPS-0268,WHEAT,220,131,0,97,254,2026-02
INV-0002037,FPS,FPS-0269,RICE,193,157,0,124,226,2026-02
INV-0002038,FPS,FPS-0269,WHEAT,101,122,0,88,135,2026-02
INV-0002039,FPS,FPS-0270,RICE,105,132,0,81,156,2026-02
INV-0002040,FPS,FPS-0270,WHEAT,90,94,0,63,121,2026-02
INV-0002041,FPS,FPS-0271,RICE,250,159,0,113,296,2026-02
INV-0002042,FPS,FPS-0271,WHEAT,172,135,0,107,200,2026-02
INV-0002043,FPS,FPS-0272,RICE,277,232,0,198,311,2026-02
INV-0002044,FPS,FPS-0272,WHEAT,236,154,0,93,297,2026-02
INV-0002045,FPS,FPS-0273,RICE,261,217,0,131,347,2026-02
INV-0002046,FPS,FPS-0273,WHEAT,50,139,0,115,74,2026-02
INV-0002047,FPS,FPS-0274,RICE,292,128,0,81,339,2026-02
INV-0002048,FPS,FPS-0274,WHEAT,222,101,0,80,243,2026-02
INV-0002049,FPS,FPS-0275,RICE,231,134,0,115,250,2026-02
INV-0002050,FPS,FPS-0275,WHEAT,170,124,0,74,220,2026-02
INV-0002051,FPS,FPS-0276,RICE,67,0,0,0,67,2026-02
INV-0002052,FPS,FPS-0276,WHEAT,85,129,0,114,100,2026-02
INV-0002053,FPS,FPS-0277,RICE,254,151,0,92,313,2026-02
INV-0002054,FPS,FPS-0277,WHEAT,121,136,0,104,153,2026-02
INV-0002055,FPS,FPS-0278,RICE,262,131,0,112,281,2026-02
INV-0002056,FPS,FPS-0278,WHEAT,228,133,0,84,277,2026-02
INV-0002057,FPS,FPS-0279,RICE,96,243,0,201,138,2026-02
INV-0002058,FPS,FPS-0279,WHEAT,259,190,0,143,306,2026-02
INV-0002059,FPS,FPS-0280,RICE,182,146,0,90,238,2026-02
INV-0002060,FPS,FPS-0280,WHEAT,105,114,0,89,130,2026-02
INV-0002061,FPS,FPS-0281,RICE,254,148,0,92,310,2026-02
INV-0002062,FPS,FPS-0281,WHEAT,53,126,0,76,103,2026-02
INV-0002063,FPS,FPS-0282,RICE,242,188,0,125,305,2026-02
INV-0002064,FPS,FPS-0282,WHEAT,283,131,0,95,319,2026-02
INV-0002065,FPS,FPS-0283,RICE,124,155,0,116,163,2026-02
INV-0002066,FPS,FPS-0283,WHEAT,170,122,0,78,214,2026-02
INV-0002067,FPS,FPS-0284,RICE,159,141,0,102,198,2026-02
INV-0002068,FPS,FPS-0284,WHEAT,115,129,0,107,137,2026-02
INV-0002069,FPS,FPS-0285,RICE,73,157,0,117,113,2026-02
INV-0002070,FPS,FPS-0285,WHEAT,268,139,0,100,307,2026-02
INV-0002071,FPS,FPS-0286,RICE,135,135,0,105,165,2026-02
INV-0002072,FPS,FPS-0286,WHEAT,133,121,0,92,162,2026-02
INV-0002073,FPS,FPS-0287,RICE,268,249,0,193,324,2026-02
INV-0002074,FPS,FPS-0287,WHEAT,195,171,0,122,244,2026-02
INV-0002075,FPS,FPS-0288,RICE,271,126,0,105,292,2026-02
INV-0002076,FPS,FPS-0288,WHEAT,276,112,0,96,292,2026-02
INV-0002077,FPS,FPS-0289,RICE,133,111,0,81,163,2026-02
INV-0002078,FPS,FPS-0289,WHEAT,226,104,0,69,261,2026-02
INV-0002079,FPS,FPS-0290,RICE,291,173,0,104,360,2026-02
INV-0002080,FPS,FPS-0290,WHEAT,67,132,0,96,103,2026-02
INV-0002081,FPS,FPS-0291,RICE,99,130,0,109,120,2026-02
INV-0002082,FPS,FPS-0291,WHEAT,271,106,0,81,296,2026-02
INV-0002083,FPS,FPS-0292,RICE,175,229,0,163,241,2026-02
INV-0002084,FPS,FPS-0292,WHEAT,261,141,0,120,282,2026-02
INV-0002085,FPS,FPS-0293,RICE,150,159,0,125,184,2026-02
INV-0002086,FPS,FPS-0293,WHEAT,297,130,0,100,327,2026-02
INV-0002087,FPS,FPS-0294,RICE,260,171,0,135,296,2026-02
INV-0002088,FPS,FPS-0294,WHEAT,180,125,0,87,218,2026-02
INV-0002089,FPS,FPS-0295,RICE,239,124,0,82,281,2026-02
INV-0002090,FPS,FPS-0295,WHEAT,289,104,0,79,314,2026-02
INV-0002091,FPS,FPS-0296,RICE,170,133,0,92,211,2026-02
INV-0002092,FPS,FPS-0296,WHEAT,202,110,0,86,226,2026-02
INV-0002093,FPS,FPS-0297,RICE,187,121,0,85,223,2026-02
INV-0002094,FPS,FPS-0297,WHEAT,297,111,0,77,331,2026-02
INV-0002095,FPS,FPS-0298,RICE,267,150,0,98,319,2026-02
INV-0002096,FPS,FPS-0298,WHEAT,198,124,0,92,230,2026-02
INV-0002097,FPS,FPS-0299,RICE,136,127,0,91,172,2026-02
INV-0002098,FPS,FPS-0299,WHEAT,272,107,0,83,296,2026-02
INV-0002099,FPS,FPS-0300,RICE,263,170,0,117,316,2026-02
INV-0002100,FPS,FPS-0300,WHEAT,76,127,0,78,125,2026-02
INV-0002101,FPS,FPS-0301,RICE,213,0,0,0,213,2026-02
INV-0002102,FPS,FPS-0301,WHEAT,236,129,0,98,267,2026-02
INV-0002103,FPS,FPS-0302,RICE,175,140,0,105,210,2026-02
INV-0002104,FPS,FPS-0302,WHEAT,174,116,0,87,203,2026-02
INV-0002105,FPS,FPS-0303,RICE,138,121,0,83,176,2026-02
INV-0002106,FPS,FPS-0303,WHEAT,218,109,0,87,240,2026-02
INV-0002107,FPS,FPS-0304,RICE,226,161,0,140,247,2026-02
INV-0002108,FPS,FPS-0304,WHEAT,142,125,0,85,182,2026-02
INV-0002109,FPS,FPS-0305,RICE,113,132,0,118,127,2026-02
INV-0002110,FPS,FPS-0305,WHEAT,211,122,0,79,254,2026-02
INV-0002111,FPS,FPS-0306,RICE,55,124,0,98,81,2026-02
INV-0002112,FPS,FPS-0306,WHEAT,273,114,0,87,300,2026-02
INV-0002113,FPS,FPS-0307,RICE,243,155,0,113,285,2026-02
INV-0002114,FPS,FPS-0307,WHEAT,190,128,0,90,228,2026-02
INV-0002115,FPS,FPS-0308,RICE,84,154,0,110,128,2026-02
INV-0002116,FPS,FPS-0308,WHEAT,87,138,0,97,128,2026-02
INV-0002117,FPS,FPS-0309,RICE,243,161,0,143,261,2026-02
INV-0002118,FPS,FPS-0309,WHEAT,118,151,0,128,141,2026-02
INV-0002119,FPS,FPS-0310,RICE,139,129,0,108,160,2026-02
INV-0002120,FPS,FPS-0310,WHEAT,187,126,0,97,216,2026-02
INV-0002121,FPS,FPS-0311,RICE,135,216,0,179,172,2026-02
INV-0002122,FPS,FPS-0311,WHEAT,262,153,0,98,317,2026-02
INV-0002123,FPS,FPS-0312,RICE,228,178,0,110,296,2026-02
INV-0002124,FPS,FPS-0312,WHEAT,93,149,0,91,151,2026-02
INV-0002125,FPS,FPS-0313,RICE,56,159,0,98,117,2026-02
INV-0002126,FPS,FPS-0313,WHEAT,222,135,0,104,253,2026-02
INV-0002127,FPS,FPS-0314,RICE,88,154,0,94,148,2026-02
INV-0002128,FPS,FPS-0314,WHEAT,102,121,0,107,116,2026-02
INV-0002129,FPS,FPS-0315,RICE,196,151,0,94,253,2026-02
INV-0002130,FPS,FPS-0315,WHEAT,260,134,0,95,299,2026-02
INV-0002131,FPS,FPS-0316,RICE,180,111,0,89,202,2026-02
INV-0002132,FPS,FPS-0316,WHEAT,216,119,0,86,249,2026-02
INV-0002133,FPS,FPS-0317,RICE,140,123,0,104,159,2026-02
INV-0002134,FPS,FPS-0317,WHEAT,248,105,0,84,269,2026-02
INV-0002135,FPS,FPS-0318,RICE,61,140,0,92,109,2026-02
INV-0002136,FPS,FPS-0318,WHEAT,189,130,0,97,222,2026-02
INV-0002137,FPS,FPS-0319,RICE,265,108,0,93,280,2026-02
INV-0002138,FPS,FPS-0319,WHEAT,140,116,0,88,168,2026-02
INV-0002139,FPS,FPS-0320,RICE,159,95,0,70,184,2026-02
INV-0002140,FPS,FPS-0320,WHEAT,174,92,0,73,193,2026-02
INV-0002141,FPS,FPS-0321,RICE,208,161,0,120,249,2026-02
INV-0002142,FPS,FPS-0321,WHEAT,80,134,0,91,123,2026-02
INV-0002143,FPS,FPS-0322,RICE,290,171,0,126,335,2026-02
INV-0002144,FPS,FPS-0322,WHEAT,120,139,0,86,173,2026-02
INV-0002145,FPS,FPS-0323,RICE,217,153,0,125,245,2026-02
INV-0002146,FPS,FPS-0323,WHEAT,256,136,0,118,274,2026-02
INV-0002147,FPS,FPS-0324,RICE,200,124,0,79,245,2026-02
INV-0002148,FPS,FPS-0324,WHEAT,95,121,0,104,112,2026-02
INV-0002149,FPS,FPS-0325,RICE,298,134,0,112,320,2026-02
INV-0002150,FPS,FPS-0325,WHEAT,220,123,0,85,258,2026-02
INV-0002151,FPS,FPS-0326,RICE,122,0,0,0,122,2026-02
INV-0002152,FPS,FPS-0326,WHEAT,205,145,0,92,258,2026-02
INV-0002153,FPS,FPS-0327,RICE,167,186,0,133,220,2026-02
INV-0002154,FPS,FPS-0327,WHEAT,190,138,0,93,235,2026-02
INV-0002155,FPS,FPS-0328,RICE,157,141,0,117,181,2026-02
INV-0002156,FPS,FPS-0328,WHEAT,166,139,0,124,181,2026-02
INV-0002157,FPS,FPS-0329,RICE,50,119,0,85,84,2026-02
INV-0002158,FPS,FPS-0329,WHEAT,181,121,0,99,203,2026-02
INV-0002159,FPS,FPS-0330,RICE,221,121,0,94,248,2026-02
INV-0002160,FPS,FPS-0330,WHEAT,253,124,0,105,272,2026-02
INV-0002161,FPS,FPS-0331,RICE,127,144,0,96,175,2026-02
INV-0002162,FPS,FPS-0331,WHEAT,257,121,0,73,305,2026-02
INV-0002163,FPS,FPS-0332,RICE,79,168,0,102,145,2026-02
INV-0002164,FPS,FPS-0332,WHEAT,225,144,0,95,274,2026-02
INV-0002165,FPS,FPS-0333,RICE,233,278,0,198,313,2026-02
INV-0002166,FPS,FPS-0333,WHEAT,80,195,0,122,153,2026-02
INV-0002167,FPS,FPS-0334,RICE,184,176,0,135,225,2026-02
INV-0002168,FPS,FPS-0334,WHEAT,124,129,0,83,170,2026-02
INV-0002169,FPS,FPS-0335,RICE,92,202,0,141,153,2026-02
INV-0002170,FPS,FPS-0335,WHEAT,174,138,0,120,192,2026-02
INV-0002171,FPS,FPS-0336,RICE,260,176,0,122,314,2026-02
INV-0002172,FPS,FPS-0336,WHEAT,265,134,0,100,299,2026-02
INV-0002173,FPS,FPS-0337,RICE,165,115,0,86,194,2026-02
INV-0002174,FPS,FPS-0337,WHEAT,121,106,0,93,134,2026-02
INV-0002175,FPS,FPS-0338,RICE,212,163,0,128,247,2026-02
INV-0002176,FPS,FPS-0338,WHEAT,93,140,0,109,124,2026-02
INV-0002177,FPS,FPS-0339,RICE,116,124,0,100,140,2026-02
INV-0002178,FPS,FPS-0339,WHEAT,194,109,0,77,226,2026-02
INV-0002179,FPS,FPS-0340,RICE,94,126,0,97,123,2026-02
INV-0002180,FPS,FPS-0340,WHEAT,82,119,0,102,99,2026-02
INV-0002181,FPS,FPS-0341,RICE,158,138,0,119,177,2026-02
INV-0002182,FPS,FPS-0341,WHEAT,124,134,0,96,162,2026-02
INV-0002183,FPS,FPS-0342,RICE,226,127,0,102,251,2026-02
INV-0002184,FPS,FPS-0342,WHEAT,239,112,0,79,272,2026-02
INV-0002185,FPS,FPS-0343,RICE,209,122,0,94,237,2026-02
INV-0002186,FPS,FPS-0343,WHEAT,263,118,0,71,310,2026-02
INV-0002187,FPS,FPS-0344,RICE,269,171,0,123,317,2026-02
INV-0002188,FPS,FPS-0344,WHEAT,197,124,0,100,221,2026-02
INV-0002189,FPS,FPS-0345,RICE,167,155,0,101,221,2026-02
INV-0002190,FPS,FPS-0345,WHEAT,206,125,0,89,242,2026-02
INV-0002191,FPS,FPS-0346,RICE,95,140,0,121,114,2026-02
INV-0002192,FPS,FPS-0346,WHEAT,103,119,0,101,121,2026-02
INV-0002193,FPS,FPS-0347,RICE,215,188,0,151,252,2026-02
INV-0002194,FPS,FPS-0347,WHEAT,271,161,0,122,310,2026-02
INV-0002195,FPS,FPS-0348,RICE,139,186,0,142,183,2026-02
INV-0002196,FPS,FPS-0348,WHEAT,57,126,0,93,90,2026-02
INV-0002197,FPS,FPS-0349,RICE,254,168,0,122,300,2026-02
INV-0002198,FPS,FPS-0349,WHEAT,165,137,0,112,190,2026-02
INV-0002199,FPS,FPS-0350,RICE,215,150,0,129,236,2026-02
INV-0002200,FPS,FPS-0350,WHEAT,146,120,0,90,176,2026-02
INV-0002201,FPS,FPS-0351,RICE,149,0,0,0,149,2026-02
INV-0002202,FPS,FPS-0351,WHEAT,183,108,0,82,209,2026-02
INV-0002203,FPS,FPS-0352,RICE,262,157,0,132,287,2026-02
INV-0002204,FPS,FPS-0352,WHEAT,193,129,0,102,220,2026-02
INV-0002205,FPS,FPS-0353,RICE,191,132,0,104,219,2026-02
INV-0002206,FPS,FPS-0353,WHEAT,128,126,0,84,170,2026-02
INV-0002207,FPS,FPS-0354,RICE,226,137,0,86,277,2026-02
INV-0002208,FPS,FPS-0354,WHEAT,166,115,0,69,212,2026-02
INV-0002209,FPS,FPS-0355,RICE,262,141,0,125,278,2026-02
INV-0002210,FPS,FPS-0355,WHEAT,74,133,0,96,111,2026-02
INV-0002211,FPS,FPS-0356,RICE,110,159,0,108,161,2026-02
INV-0002212,FPS,FPS-0356,WHEAT,131,122,0,88,165,2026-02
INV-0002213,FPS,FPS-0357,RICE,258,208,0,164,302,2026-02
INV-0002214,FPS,FPS-0357,WHEAT,93,133,0,109,117,2026-02
INV-0002215,FPS,FPS-0358,RICE,247,184,0,126,305,2026-02
INV-0002216,FPS,FPS-0358,WHEAT,174,141,0,115,200,2026-02
INV-0002217,FPS,FPS-0359,RICE,117,235,0,145,207,2026-02
INV-0002218,FPS,FPS-0359,WHEAT,239,162,0,136,265,2026-02
INV-0002219,FPS,FPS-0360,RICE,55,130,0,111,74,2026-02
INV-0002220,FPS,FPS-0360,WHEAT,209,111,0,85,235,2026-02
INV-0002221,FPS,FPS-0361,RICE,188,148,0,89,247,2026-02
INV-0002222,FPS,FPS-0361,WHEAT,88,130,0,108,110,2026-02
INV-0002223,FPS,FPS-0362,RICE,142,134,0,93,183,2026-02
INV-0002224,FPS,FPS-0362,WHEAT,87,126,0,83,130,2026-02
INV-0002225,FPS,FPS-0363,RICE,61,163,0,137,87,2026-02
INV-0002226,FPS,FPS-0363,WHEAT,239,129,0,109,259,2026-02
INV-0002227,FPS,FPS-0364,RICE,145,150,0,99,196,2026-02
INV-0002228,FPS,FPS-0364,WHEAT,80,136,0,99,117,2026-02
INV-0002229,FPS,FPS-0365,RICE,244,129,0,97,276,2026-02
INV-0002230,FPS,FPS-0365,WHEAT,269,119,0,79,309,2026-02
INV-0002231,FPS,FPS-0366,RICE,221,155,0,109,267,2026-02
INV-0002232,FPS,FPS-0366,WHEAT,110,141,0,100,151,2026-02
INV-0002233,FPS,FPS-0367,RICE,156,127,0,89,194,2026-02
INV-0002234,FPS,FPS-0367,WHEAT,113,118,0,94,137,2026-02
INV-0002235,FPS,FPS-0368,RICE,62,177,0,143,96,2026-02
INV-0002236,FPS,FPS-0368,WHEAT,262,132,0,81,313,2026-02
INV-0002237,FPS,FPS-0369,RICE,113,156,0,101,168,2026-02
INV-0002238,FPS,FPS-0369,WHEAT,114,131,0,88,157,2026-02
INV-0002239,FPS,FPS-0370,RICE,126,170,0,142,154,2026-02
INV-0002240,FPS,FPS-0370,WHEAT,281,135,0,112,304,2026-02
INV-0002241,FPS,FPS-0371,RICE,101,131,0,114,118,2026-02
INV-0002242,FPS,FPS-0371,WHEAT,91,117,0,76,132,2026-02
INV-0002243,FPS,FPS-0372,RICE,60,98,0,71,87,2026-02
INV-0002244,FPS,FPS-0372,WHEAT,95,110,0,73,132,2026-02
INV-0002245,FPS,FPS-0373,RICE,291,140,0,94,337,2026-02
INV-0002246,FPS,FPS-0373,WHEAT,54,129,0,115,68,2026-02
INV-0002247,FPS,FPS-0374,RICE,191,137,0,121,207,2026-02
INV-0002248,FPS,FPS-0374,WHEAT,226,112,0,77,261,2026-02
INV-0002249,FPS,FPS-0375,RICE,55,173,0,129,99,2026-02
INV-0002250,FPS,FPS-0375,WHEAT,124,138,0,92,170,2026-02
INV-0002251,FPS,FPS-0376,RICE,274,0,0,0,274,2026-02
INV-0002252,FPS,FPS-0376,WHEAT,71,126,0,92,105,2026-02
INV-0002253,FPS,FPS-0377,RICE,238,155,0,122,271,2026-02
INV-0002254,FPS,FPS-0377,WHEAT,92,129,0,93,128,2026-02
INV-0002255,FPS,FPS-0378,RICE,275,199,0,147,327,2026-02
INV-0002256,FPS,FPS-0378,WHEAT,250,152,0,110,292,2026-02
INV-0002257,FPS,FPS-0379,RICE,201,120,0,102,219,2026-02
INV-0002258,FPS,FPS-0379,WHEAT,270,117,0,89,298,2026-02
INV-0002259,FPS,FPS-0380,RICE,264,164,0,118,310,2026-02
INV-0002260,FPS,FPS-0380,WHEAT,172,122,0,92,202,2026-02
INV-0002261,FPS,FPS-0381,RICE,75,162,0,113,124,2026-02
INV-0002262,FPS,FPS-0381,WHEAT,148,145,0,97,196,2026-02
INV-0002263,FPS,FPS-0382,RICE,94,127,0,105,116,2026-02
INV-0002264,FPS,FPS-0382,WHEAT,291,110,0,71,330,2026-02
INV-0002265,FPS,FPS-0383,RICE,249,130,0,95,284,2026-02
INV-0002266,FPS,FPS-0383,WHEAT,190,101,0,88,203,2026-02
INV-0002267,FPS,FPS-0384,RICE,172,232,0,190,214,2026-02
INV-0002268,FPS,FPS-0384,WHEAT,238,166,0,132,272,2026-02
INV-0002269,FPS,FPS-0385,RICE,125,199,0,176,148,2026-02
INV-0002270,FPS,FPS-0385,WHEAT,207,151,0,126,232,2026-02
INV-0002271,FPS,FPS-0386,RICE,296,155,0,110,341,2026-02
INV-0002272,FPS,FPS-0386,WHEAT,198,127,0,88,237,2026-02
INV-0002273,FPS,FPS-0387,RICE,255,268,0,162,361,2026-02
INV-0002274,FPS,FPS-0387,WHEAT,266,170,0,104,332,2026-02
INV-0002275,FPS,FPS-0388,RICE,100,134,0,99,135,2026-02
INV-0002276,FPS,FPS-0388,WHEAT,277,134,0,80,331,2026-02
INV-0002277,FPS,FPS-0389,RICE,123,129,0,100,152,2026-02
INV-0002278,FPS,FPS-0389,WHEAT,118,113,0,75,156,2026-02
INV-0002279,FPS,FPS-0390,RICE,208,183,0,131,260,2026-02
INV-0002280,FPS,FPS-0390,WHEAT,264,135,0,108,291,2026-02
INV-0002281,FPS,FPS-0391,RICE,55,148,0,105,98,2026-02
INV-0002282,FPS,FPS-0391,WHEAT,149,111,0,90,170,2026-02
INV-0002283,FPS,FPS-0392,RICE,174,152,0,126,200,2026-02
INV-0002284,FPS,FPS-0392,WHEAT,53,141,0,105,89,2026-02
INV-0002285,FPS,FPS-0393,RICE,236,147,0,119,264,2026-02
INV-0002286,FPS,FPS-0393,WHEAT,196,120,0,72,244,2026-02
INV-0002287,FPS,FPS-0394,RICE,234,158,0,108,284,2026-02
INV-0002288,FPS,FPS-0394,WHEAT,270,121,0,91,300,2026-02
INV-0002289,FPS,FPS-0395,RICE,58,117,0,85,90,2026-02
INV-0002290,FPS,FPS-0395,WHEAT,63,112,0,99,76,2026-02
INV-0002291,FPS,FPS-0396,RICE,77,126,0,109,94,2026-02
INV-0002292,FPS,FPS-0396,WHEAT,112,107,0,95,124,2026-02
INV-0002293,FPS,FPS-0397,RICE,273,145,0,88,330,2026-02
INV-0002294,FPS,FPS-0397,WHEAT,269,123,0,85,307,2026-02
INV-0002295,FPS,FPS-0398,RICE,149,135,0,93,191,2026-02
INV-0002296,FPS,FPS-0398,WHEAT,237,134,0,91,280,2026-02
INV-0002297,FPS,FPS-0399,RICE,124,136,0,82,178,2026-02
INV-0002298,FPS,FPS-0399,WHEAT,291,122,0,91,322,2026-02
INV-0002299,FPS,FPS-0400,RICE,84,204,0,150,138,2026-02
INV-0002300,FPS,FPS-0400,WHEAT,121,155,0,130,146,2026-02
INV-0002301,FPS,FPS-0401,RICE,126,0,0,0,126,2026-02
INV-0002302,FPS,FPS-0401,WHEAT,68,128,0,102,94,2026-02
INV-0002303,FPS,FPS-0402,RICE,160,131,0,95,196,2026-02
INV-0002304,FPS,FPS-0402,WHEAT,253,110,0,75,288,2026-02
INV-0002305,FPS,FPS-0403,RICE,269,123,0,109,283,2026-02
INV-0002306,FPS,FPS-0403,WHEAT,177,115,0,96,196,2026-02
INV-0002307,FPS,FPS-0404,RICE,279,121,0,81,319,2026-02
INV-0002308,FPS,FPS-0404,WHEAT,151,112,0,82,181,2026-02
INV-0002309,FPS,FPS-0405,RICE,243,165,0,147,261,2026-02
INV-0002310,FPS,FPS-0405,WHEAT,101,138,0,96,143,2026-02
INV-0002311,FPS,FPS-0406,RICE,176,227,0,147,256,2026-02
INV-0002312,FPS,FPS-0406,WHEAT,127,148,0,118,157,2026-02
INV-0002313,FPS,FPS-0407,RICE,227,122,0,73,276,2026-02
INV-0002314,FPS,FPS-0407,WHEAT,134,107,0,87,154,2026-02
INV-0002315,FPS,FPS-0408,RICE,134,128,0,90,172,2026-02
INV-0002316,FPS,FPS-0408,WHEAT,240,105,0,74,271,2026-02
INV-0002317,FPS,FPS-0409,RICE,228,121,0,85,264,2026-02
INV-0002318,FPS,FPS-0409,WHEAT,215,107,0,77,245,2026-02
INV-0002319,FPS,FPS-0410,RICE,269,198,0,132,335,2026-02
INV-0002320,FPS,FPS-0410,WHEAT,242,140,0,114,268,2026-02
INV-0002321,FPS,FPS-0411,RICE,211,123,0,96,238,2026-02
INV-0002322,FPS,FPS-0411,WHEAT,194,106,0,70,230,2026-02
INV-0002323,FPS,FPS-0412,RICE,185,187,0,144,228,2026-02
INV-0002324,FPS,FPS-0412,WHEAT,139,144,0,110,173,2026-02
INV-0002325,FPS,FPS-0413,RICE,231,148,0,117,262,2026-02
INV-0002326,FPS,FPS-0413,WHEAT,291,121,0,73,339,2026-02
INV-0002327,FPS,FPS-0414,RICE,215,200,0,161,254,2026-02
INV-0002328,FPS,FPS-0414,WHEAT,56,138,0,111,83,2026-02
INV-0002329,FPS,FPS-0415,RICE,111,170,0,148,133,2026-02
INV-0002330,FPS,FPS-0415,WHEAT,97,131,0,100,128,2026-02
INV-0002331,FPS,FPS-0416,RICE,159,129,0,104,184,2026-02
INV-0002332,FPS,FPS-0416,WHEAT,153,117,0,73,197,2026-02
INV-0002333,FPS,FPS-0417,RICE,63,114,0,71,106,2026-02
INV-0002334,FPS,FPS-0417,WHEAT,292,125,0,80,337,2026-02
INV-0002335,FPS,FPS-0418,RICE,245,221,0,192,274,2026-02
INV-0002336,FPS,FPS-0418,WHEAT,254,141,0,108,287,2026-02
INV-0002337,FPS,FPS-0419,RICE,159,173,0,121,211,2026-02
INV-0002338,FPS,FPS-0419,WHEAT,155,135,0,95,195,2026-02
INV-0002339,FPS,FPS-0420,RICE,99,191,0,132,158,2026-02
INV-0002340,FPS,FPS-0420,WHEAT,262,138,0,95,305,2026-02
INV-0002341,FPS,FPS-0421,RICE,220,164,0,137,247,2026-02
INV-0002342,FPS,FPS-0421,WHEAT,288,130,0,87,331,2026-02
INV-0002343,FPS,FPS-0422,RICE,80,151,0,122,109,2026-02
INV-0002344,FPS,FPS-0422,WHEAT,216,121,0,94,243,2026-02
INV-0002345,FPS,FPS-0423,RICE,88,147,0,124,111,2026-02
INV-0002346,FPS,FPS-0423,WHEAT,211,118,0,84,245,2026-02
INV-0002347,FPS,FPS-0424,RICE,170,163,0,98,235,2026-02
INV-0002348,FPS,FPS-0424,WHEAT,294,141,0,117,318,2026-02
INV-0002349,FPS,FPS-0425,RICE,246,143,0,101,288,2026-02
INV-0002350,FPS,FPS-0425,WHEAT,238,128,0,97,269,2026-02
INV-0002351,FPS,FPS-0426,RICE,264,0,0,0,264,2026-02
INV-0002352,FPS,FPS-0426,WHEAT,103,124,0,99,128,2026-02
INV-0002353,FPS,FPS-0427,RICE,106,131,0,88,149,2026-02
INV-0002354,FPS,FPS-0427,WHEAT,281,132,0,105,308,2026-02
INV-0002355,FPS,FPS-0428,RICE,198,137,0,97,238,2026-02
INV-0002356,FPS,FPS-0428,WHEAT,245,123,0,106,262,2026-02
INV-0002357,FPS,FPS-0429,RICE,64,123,0,105,82,2026-02
INV-0002358,FPS,FPS-0429,WHEAT,202,121,0,94,229,2026-02
INV-0002359,FPS,FPS-0430,RICE,226,131,0,114,243,2026-02
INV-0002360,FPS,FPS-0430,WHEAT,263,121,0,75,309,2026-02
INV-0002361,FPS,FPS-0431,RICE,89,112,0,89,112,2026-02
INV-0002362,FPS,FPS-0431,WHEAT,268,112,0,73,307,2026-02
INV-0002363,FPS,FPS-0432,RICE,125,247,0,216,156,2026-02
INV-0002364,FPS,FPS-0432,WHEAT,82,171,0,113,140,2026-02
INV-0002365,FPS,FPS-0433,RICE,293,131,0,112,312,2026-02
INV-0002366,FPS,FPS-0433,WHEAT,225,118,0,89,254,2026-02
INV-0002367,FPS,FPS-0434,RICE,285,177,0,134,328,2026-02
INV-0002368,FPS,FPS-0434,WHEAT,191,136,0,102,225,2026-02
INV-0002369,FPS,FPS-0435,RICE,129,148,0,90,187,2026-02
INV-0002370,FPS,FPS-0435,WHEAT,191,123,0,102,212,2026-02
INV-0002371,FPS,FPS-0436,RICE,220,139,0,91,268,2026-02
INV-0002372,FPS,FPS-0436,WHEAT,159,121,0,90,190,2026-02
INV-0002373,FPS,FPS-0437,RICE,157,148,0,120,185,2026-02
INV-0002374,FPS,FPS-0437,WHEAT,117,111,0,91,137,2026-02
INV-0002375,FPS,FPS-0438,RICE,141,129,0,107,163,2026-02
INV-0002376,FPS,FPS-0438,WHEAT,102,107,0,74,135,2026-02
INV-0002377,FPS,FPS-0439,RICE,141,157,0,132,166,2026-02
INV-0002378,FPS,FPS-0439,WHEAT,156,120,0,93,183,2026-02
INV-0002379,FPS,FPS-0440,RICE,252,160,0,111,301,2026-02
INV-0002380,FPS,FPS-0440,WHEAT,208,128,0,112,224,2026-02
INV-0002381,FPS,FPS-0441,RICE,103,263,0,232,134,2026-02
INV-0002382,FPS,FPS-0441,WHEAT,129,170,0,103,196,2026-02
INV-0002383,FPS,FPS-0442,RICE,111,123,0,104,130,2026-02
INV-0002384,FPS,FPS-0442,WHEAT,97,115,0,95,117,2026-02
INV-0002385,FPS,FPS-0443,RICE,157,134,0,98,193,2026-02
INV-0002386,FPS,FPS-0443,WHEAT,264,116,0,90,290,2026-02
INV-0002387,FPS,FPS-0444,RICE,173,125,0,87,211,2026-02
INV-0002388,FPS,FPS-0444,WHEAT,166,101,0,68,199,2026-02
INV-0002389,FPS,FPS-0445,RICE,124,120,0,88,156,2026-02
INV-0002390,FPS,FPS-0445,WHEAT,277,109,0,85,301,2026-02
INV-0002391,FPS,FPS-0446,RICE,242,123,0,100,265,2026-02
INV-0002392,FPS,FPS-0446,WHEAT,188,116,0,99,205,2026-02
INV-0002393,FPS,FPS-0447,RICE,291,129,0,111,309,2026-02
INV-0002394,FPS,FPS-0447,WHEAT,55,126,0,101,80,2026-02
INV-0002395,FPS,FPS-0448,RICE,107,148,0,94,161,2026-02
INV-0002396,FPS,FPS-0448,WHEAT,165,118,0,89,194,2026-02
INV-0002397,FPS,FPS-0449,RICE,168,149,0,102,215,2026-02
INV-0002398,FPS,FPS-0449,WHEAT,180,124,0,105,199,2026-02
INV-0002399,FPS,FPS-0450,RICE,192,109,0,92,209,2026-02
INV-0002400,FPS,FPS-0450,WHEAT,120,105,0,83,142,2026-02
INV-0002401,FPS,FPS-0451,RICE,227,0,0,0,227,2026-02
INV-0002402,FPS,FPS-0451,WHEAT,278,135,0,87,326,2026-02
INV-0002403,FPS,FPS-0452,RICE,271,149,0,102,318,2026-02
INV-0002404,FPS,FPS-0452,WHEAT,136,114,0,83,167,2026-02
INV-0002405,FPS,FPS-0453,RICE,153,113,0,69,197,2026-02
INV-0002406,FPS,FPS-0453,WHEAT,171,112,0,99,184,2026-02
INV-0002407,FPS,FPS-0454,RICE,176,148,0,132,192,2026-02
INV-0002408,FPS,FPS-0454,WHEAT,212,140,0,89,263,2026-02
INV-0002409,FPS,FPS-0455,RICE,134,156,0,105,185,2026-02
INV-0002410,FPS,FPS-0455,WHEAT,279,129,0,115,293,2026-02
INV-0002411,FPS,FPS-0456,RICE,56,162,0,124,94,2026-02
INV-0002412,FPS,FPS-0456,WHEAT,148,124,0,100,172,2026-02
INV-0002413,FPS,FPS-0457,RICE,197,173,0,104,266,2026-02
INV-0002414,FPS,FPS-0457,WHEAT,191,125,0,77,239,2026-02
INV-0002415,FPS,FPS-0458,RICE,273,134,0,103,304,2026-02
INV-0002416,FPS,FPS-0458,WHEAT,260,132,0,101,291,2026-02
INV-0002417,FPS,FPS-0459,RICE,54,154,0,103,105,2026-02
INV-0002418,FPS,FPS-0459,WHEAT,183,132,0,102,213,2026-02
INV-0002419,FPS,FPS-0460,RICE,223,149,0,107,265,2026-02
INV-0002420,FPS,FPS-0460,WHEAT,75,115,0,84,106,2026-02
INV-0002421,FPS,FPS-0461,RICE,109,174,0,150,133,2026-02
INV-0002422,FPS,FPS-0461,WHEAT,255,117,0,97,275,2026-02
INV-0002423,FPS,FPS-0462,RICE,95,122,0,85,132,2026-02
INV-0002424,FPS,FPS-0462,WHEAT,224,116,0,86,254,2026-02
INV-0002425,FPS,FPS-0463,RICE,97,204,0,129,172,2026-02
INV-0002426,FPS,FPS-0463,WHEAT,230,143,0,91,282,2026-02
INV-0002427,FPS,FPS-0464,RICE,141,161,0,140,162,2026-02
INV-0002428,FPS,FPS-0464,WHEAT,235,125,0,98,262,2026-02
INV-0002429,FPS,FPS-0465,RICE,96,123,0,109,110,2026-02
INV-0002430,FPS,FPS-0465,WHEAT,162,114,0,84,192,2026-02
INV-0002431,FPS,FPS-0466,RICE,271,115,0,69,317,2026-02
INV-0002432,FPS,FPS-0466,WHEAT,292,121,0,106,307,2026-02
INV-0002433,FPS,FPS-0467,RICE,195,102,0,80,217,2026-02
INV-0002434,FPS,FPS-0467,WHEAT,178,100,0,86,192,2026-02
INV-0002435,FPS,FPS-0468,RICE,225,136,0,88,273,2026-02
INV-0002436,FPS,FPS-0468,WHEAT,153,144,0,88,209,2026-02
INV-0002437,FPS,FPS-0469,RICE,127,138,0,87,178,2026-02
INV-0002438,FPS,FPS-0469,WHEAT,176,119,0,91,204,2026-02
INV-0002439,FPS,FPS-0470,RICE,239,244,0,217,266,2026-02
INV-0002440,FPS,FPS-0470,WHEAT,294,162,0,124,332,2026-02
INV-0002441,FPS,FPS-0471,RICE,179,155,0,127,207,2026-02
INV-0002442,FPS,FPS-0471,WHEAT,246,136,0,84,298,2026-02
INV-0002443,FPS,FPS-0472,RICE,108,215,0,147,176,2026-02
INV-0002444,FPS,FPS-0472,WHEAT,220,157,0,104,273,2026-02
INV-0002445,FPS,FPS-0473,RICE,266,175,0,138,303,2026-02
INV-0002446,FPS,FPS-0473,WHEAT,126,143,0,96,173,2026-02
INV-0002447,FPS,FPS-0474,RICE,242,111,0,88,265,2026-02
INV-0002448,FPS,FPS-0474,WHEAT,83,104,0,82,105,2026-02
INV-0002449,FPS,FPS-0475,RICE,50,157,0,128,79,2026-02
INV-0002450,FPS,FPS-0475,WHEAT,254,118,0,92,280,2026-02
INV-0002451,FPS,FPS-0476,RICE,134,0,0,0,134,2026-02
INV-0002452,FPS,FPS-0476,WHEAT,226,121,0,98,249,2026-02
INV-0002453,FPS,FPS-0477,RICE,89,167,0,106,150,2026-02
INV-0002454,FPS,FPS-0477,WHEAT,270,142,0,98,314,2026-02
INV-0002455,FPS,FPS-0478,RICE,183,164,0,113,234,2026-02
INV-0002456,FPS,FPS-0478,WHEAT,237,131,0,88,280,2026-02
INV-0002457,FPS,FPS-0479,RICE,287,191,0,158,320,2026-02
INV-0002458,FPS,FPS-0479,WHEAT,197,146,0,126,217,2026-02
INV-0002459,FPS,FPS-0480,RICE,274,131,0,107,298,2026-02
INV-0002460,FPS,FPS-0480,WHEAT,225,106,0,84,247,2026-02
INV-0002461,FPS,FPS-0481,RICE,225,150,0,127,248,2026-02
INV-0002462,FPS,FPS-0481,WHEAT,266,139,0,114,291,2026-02
INV-0002463,FPS,FPS-0482,RICE,213,138,0,93,258,2026-02
INV-0002464,FPS,FPS-0482,WHEAT,50,123,0,109,64,2026-02
INV-0002465,FPS,FPS-0483,RICE,177,122,0,83,216,2026-02
INV-0002466,FPS,FPS-0483,WHEAT,191,118,0,100,209,2026-02
INV-0002467,FPS,FPS-0484,RICE,194,126,0,89,231,2026-02
INV-0002468,FPS,FPS-0484,WHEAT,137,130,0,85,182,2026-02
INV-0002469,FPS,FPS-0485,RICE,221,120,0,80,261,2026-02
INV-0002470,FPS,FPS-0485,WHEAT,208,109,0,72,245,2026-02
INV-0002471,FPS,FPS-0486,RICE,164,164,0,118,210,2026-02
INV-0002472,FPS,FPS-0486,WHEAT,155,140,0,117,178,2026-02
INV-0002473,FPS,FPS-0487,RICE,130,134,0,118,146,2026-02
INV-0002474,FPS,FPS-0487,WHEAT,264,119,0,89,294,2026-02
INV-0002475,FPS,FPS-0488,RICE,133,172,0,145,160,2026-02
INV-0002476,FPS,FPS-0488,WHEAT,149,126,0,86,189,2026-02
INV-0002477,FPS,FPS-0489,RICE,107,165,0,105,167,2026-02
INV-0002478,FPS,FPS-0489,WHEAT,259,135,0,95,299,2026-02
INV-0002479,FPS,FPS-0490,RICE,157,164,0,120,201,2026-02
INV-0002480,FPS,FPS-0490,WHEAT,148,146,0,96,198,2026-02
INV-0002481,FPS,FPS-0491,RICE,259,156,0,129,286,2026-02
INV-0002482,FPS,FPS-0491,WHEAT,145,119,0,90,174,2026-02
INV-0002483,FPS,FPS-0492,RICE,56,258,0,192,122,2026-02
INV-0002484,FPS,FPS-0492,WHEAT,179,182,0,109,252,2026-02
INV-0002485,FPS,FPS-0493,RICE,77,142,0,97,122,2026-02
INV-0002486,FPS,FPS-0493,WHEAT,239,121,0,96,264,2026-02
INV-0002487,FPS,FPS-0494,RICE,198,134,0,113,219,2026-02
INV-0002488,FPS,FPS-0494,WHEAT,244,124,0,107,261,2026-02
INV-0002489,FPS,FPS-0495,RICE,183,116,0,76,223,2026-02
INV-0002490,FPS,FPS-0495,WHEAT,241,116,0,98,259,2026-02
INV-0002491,FPS,FPS-0496,RICE,284,118,0,71,331,2026-02
INV-0002492,FPS,FPS-0496,WHEAT,251,105,0,74,282,2026-02
INV-0002493,FPS,FPS-0497,RICE,96,166,0,108,154,2026-02
INV-0002494,FPS,FPS-0497,WHEAT,106,114,0,75,145,2026-02
INV-0002495,FPS,FPS-0498,RICE,197,166,0,123,240,2026-02
INV-0002496,FPS,FPS-0498,WHEAT,142,126,0,111,157,2026-02
INV-0002497,FPS,FPS-0499,RICE,229,178,0,110,297,2026-02
INV-0002498,FPS,FPS-0499,WHEAT,245,141,0,124,262,2026-02
INV-0002499,FPS,FPS-0500,RICE,287,108,0,89,306,2026-02
INV-0002500,FPS,FPS-0500,WHEAT,120,117,0,96,141,2026-02
INV-0002501,FPS,FPS-0501,RICE,168,0,0,0,168,2026-02
INV-0002502,FPS,FPS-0501,WHEAT,274,122,0,74,322,2026-02
INV-0002503,FPS,FPS-0502,RICE,276,193,0,144,325,2026-02
INV-0002504,FPS,FPS-0502,WHEAT,89,140,0,111,118,2026-02
INV-0002505,FPS,FPS-0503,RICE,286,165,0,105,346,2026-02
INV-0002506,FPS,FPS-0503,WHEAT,245,133,0,104,274,2026-02
INV-0002507,FPS,FPS-0504,RICE,151,123,0,75,199,2026-02
INV-0002508,FPS,FPS-0504,WHEAT,154,93,0,69,178,2026-02
INV-0002509,FPS,FPS-0505,RICE,210,141,0,109,242,2026-02
INV-0002510,FPS,FPS-0505,WHEAT,208,125,0,81,252,2026-02
INV-0002511,FPS,FPS-0506,RICE,295,135,0,89,341,2026-02
INV-0002512,FPS,FPS-0506,WHEAT,138,112,0,95,155,2026-02
INV-0002513,FPS,FPS-0507,RICE,201,127,0,113,215,2026-02
INV-0002514,FPS,FPS-0507,WHEAT,86,109,0,74,121,2026-02
INV-0002515,FPS,FPS-0508,RICE,248,198,0,170,276,2026-02
INV-0002516,FPS,FPS-0508,WHEAT,124,129,0,83,170,2026-02
INV-0002517,FPS,FPS-0509,RICE,200,131,0,103,228,2026-02
INV-0002518,FPS,FPS-0509,WHEAT,148,120,0,85,183,2026-02
INV-0002519,FPS,FPS-0510,RICE,288,127,0,108,307,2026-02
INV-0002520,FPS,FPS-0510,WHEAT,117,122,0,95,144,2026-02
INV-0002521,FPS,FPS-0511,RICE,276,136,0,93,319,2026-02
INV-0002522,FPS,FPS-0511,WHEAT,288,108,0,86,310,2026-02
INV-0002523,FPS,FPS-0512,RICE,70,115,0,102,83,2026-02
INV-0002524,FPS,FPS-0512,WHEAT,166,130,0,90,206,2026-02
INV-0002525,FPS,FPS-0513,RICE,206,168,0,121,253,2026-02
INV-0002526,FPS,FPS-0513,WHEAT,265,131,0,97,299,2026-02
INV-0002527,FPS,FPS-0514,RICE,54,98,0,82,70,2026-02
INV-0002528,FPS,FPS-0514,WHEAT,83,94,0,63,114,2026-02
INV-0002529,FPS,FPS-0515,RICE,170,102,0,68,204,2026-02
INV-0002530,FPS,FPS-0515,WHEAT,91,87,0,61,117,2026-02
INV-0002531,FPS,FPS-0516,RICE,203,127,0,106,224,2026-02
INV-0002532,FPS,FPS-0516,WHEAT,171,131,0,116,186,2026-02
INV-0002533,FPS,FPS-0517,RICE,123,133,0,111,145,2026-02
INV-0002534,FPS,FPS-0517,WHEAT,255,111,0,95,271,2026-02
INV-0002535,FPS,FPS-0518,RICE,257,142,0,126,273,2026-02
INV-0002536,FPS,FPS-0518,WHEAT,78,115,0,79,114,2026-02
INV-0002537,FPS,FPS-0519,RICE,126,152,0,96,182,2026-02
INV-0002538,FPS,FPS-0519,WHEAT,119,118,0,105,132,2026-02
INV-0002539,FPS,FPS-0520,RICE,206,115,0,71,250,2026-02
INV-0002540,FPS,FPS-0520,WHEAT,160,109,0,70,199,2026-02
INV-0002541,FPS,FPS-0521,RICE,51,151,0,114,88,2026-02
INV-0002542,FPS,FPS-0521,WHEAT,204,117,0,89,232,2026-02
INV-0002543,FPS,FPS-0522,RICE,94,204,0,136,162,2026-02
INV-0002544,FPS,FPS-0522,WHEAT,142,154,0,118,178,2026-02
INV-0002545,FPS,FPS-0523,RICE,148,148,0,117,179,2026-02
INV-0002546,FPS,FPS-0523,WHEAT,116,135,0,95,156,2026-02
INV-0002547,FPS,FPS-0524,RICE,97,135,0,98,134,2026-02
INV-0002548,FPS,FPS-0524,WHEAT,193,108,0,68,233,2026-02
INV-0002549,FPS,FPS-0525,RICE,145,116,0,97,164,2026-02
INV-0002550,FPS,FPS-0525,WHEAT,198,112,0,92,218,2026-02
INV-0002551,FPS,FPS-0526,RICE,201,0,0,0,201,2026-02
INV-0002552,FPS,FPS-0526,WHEAT,69,141,0,100,110,2026-02
INV-0002553,FPS,FPS-0527,RICE,134,135,0,118,151,2026-02
INV-0002554,FPS,FPS-0527,WHEAT,198,116,0,89,225,2026-02
INV-0002555,FPS,FPS-0528,RICE,246,165,0,112,299,2026-02
INV-0002556,FPS,FPS-0528,WHEAT,242,137,0,93,286,2026-02
INV-0002557,FPS,FPS-0529,RICE,165,218,0,192,191,2026-02
INV-0002558,FPS,FPS-0529,WHEAT,131,139,0,84,186,2026-02
INV-0002559,FPS,FPS-0530,RICE,114,156,0,96,174,2026-02
INV-0002560,FPS,FPS-0530,WHEAT,292,149,0,114,327,2026-02
INV-0002561,FPS,FPS-0531,RICE,145,127,0,77,195,2026-02
INV-0002562,FPS,FPS-0531,WHEAT,282,133,0,101,314,2026-02
INV-0002563,FPS,FPS-0532,RICE,111,141,0,90,162,2026-02
INV-0002564,FPS,FPS-0532,WHEAT,61,123,0,98,86,2026-02
INV-0002565,FPS,FPS-0533,RICE,210,166,0,140,236,2026-02
INV-0002566,FPS,FPS-0533,WHEAT,67,142,0,105,104,2026-02
INV-0002567,FPS,FPS-0534,RICE,159,127,0,109,177,2026-02
INV-0002568,FPS,FPS-0534,WHEAT,53,124,0,91,86,2026-02
INV-0002569,FPS,FPS-0535,RICE,203,170,0,145,228,2026-02
INV-0002570,FPS,FPS-0535,WHEAT,135,156,0,109,182,2026-02
INV-0002571,FPS,FPS-0536,RICE,157,127,0,100,184,2026-02
INV-0002572,FPS,FPS-0536,WHEAT,218,130,0,109,239,2026-02
INV-0002573,FPS,FPS-0537,RICE,288,114,0,91,311,2026-02
INV-0002574,FPS,FPS-0537,WHEAT,171,101,0,84,188,2026-02
INV-0002575,FPS,FPS-0538,RICE,191,138,0,106,223,2026-02
INV-0002576,FPS,FPS-0538,WHEAT,165,112,0,89,188,2026-02
INV-0002577,FPS,FPS-0539,RICE,95,188,0,168,115,2026-02
INV-0002578,FPS,FPS-0539,WHEAT,226,126,0,97,255,2026-02
INV-0002579,FPS,FPS-0540,RICE,149,109,0,95,163,2026-02
INV-0002580,FPS,FPS-0540,WHEAT,151,104,0,65,190,2026-02
INV-0002581,FPS,FPS-0541,RICE,173,128,0,96,205,2026-02
INV-0002582,FPS,FPS-0541,WHEAT,267,108,0,96,279,2026-02
INV-0002583,FPS,FPS-0542,RICE,219,149,0,93,275,2026-02
INV-0002584,FPS,FPS-0542,WHEAT,97,122,0,101,118,2026-02
INV-0002585,FPS,FPS-0543,RICE,226,162,0,128,260,2026-02
INV-0002586,FPS,FPS-0543,WHEAT,268,126,0,90,304,2026-02
INV-0002587,FPS,FPS-0544,RICE,195,167,0,113,249,2026-02
INV-0002588,FPS,FPS-0544,WHEAT,288,135,0,91,332,2026-02
INV-0002589,FPS,FPS-0545,RICE,197,100,0,64,233,2026-02
INV-0002590,FPS,FPS-0545,WHEAT,221,105,0,84,242,2026-02
INV-0002591,FPS,FPS-0546,RICE,282,199,0,169,312,2026-02
INV-0002592,FPS,FPS-0546,WHEAT,239,151,0,99,291,2026-02
INV-0002593,FPS,FPS-0547,RICE,63,126,0,93,96,2026-02
INV-0002594,FPS,FPS-0547,WHEAT,284,129,0,87,326,2026-02
INV-0002595,FPS,FPS-0548,RICE,294,146,0,130,310,2026-02
INV-0002596,FPS,FPS-0548,WHEAT,223,131,0,110,244,2026-02
INV-0002597,FPS,FPS-0549,RICE,262,179,0,111,330,2026-02
INV-0002598,FPS,FPS-0549,WHEAT,178,147,0,90,235,2026-02
INV-0002599,FPS,FPS-0550,RICE,213,136,0,119,230,2026-02
INV-0002600,FPS,FPS-0550,WHEAT,89,100,0,79,110,2026-02
INV-0002601,FPS,FPS-0551,RICE,126,0,0,0,126,2026-02
INV-0002602,FPS,FPS-0551,WHEAT,175,133,0,83,225,2026-02
INV-0002603,FPS,FPS-0552,RICE,150,109,0,71,188,2026-02
INV-0002604,FPS,FPS-0552,WHEAT,226,107,0,65,268,2026-02
INV-0002605,FPS,FPS-0553,RICE,192,207,0,172,227,2026-02
INV-0002606,FPS,FPS-0553,WHEAT,95,155,0,114,136,2026-02
INV-0002607,FPS,FPS-0554,RICE,159,138,0,112,185,2026-02
INV-0002608,FPS,FPS-0554,WHEAT,262,115,0,91,286,2026-02
INV-0002609,FPS,FPS-0555,RICE,92,182,0,125,149,2026-02
INV-0002610,FPS,FPS-0555,WHEAT,191,129,0,84,236,2026-02
INV-0002611,FPS,FPS-0556,RICE,258,174,0,145,287,2026-02
INV-0002612,FPS,FPS-0556,WHEAT,246,137,0,86,297,2026-02
INV-0002613,FPS,FPS-0557,RICE,177,182,0,129,230,2026-02
INV-0002614,FPS,FPS-0557,WHEAT,143,131,0,101,173,2026-02
INV-0002615,FPS,FPS-0558,RICE,268,241,0,196,313,2026-02
INV-0002616,FPS,FPS-0558,WHEAT,210,175,0,132,253,2026-02
INV-0002617,FPS,FPS-0559,RICE,296,119,0,99,316,2026-02
INV-0002618,FPS,FPS-0559,WHEAT,215,103,0,77,241,2026-02
INV-0002619,FPS,FPS-0560,RICE,233,191,0,165,259,2026-02
INV-0002620,FPS,FPS-0560,WHEAT,248,141,0,122,267,2026-02
INV-0002621,FPS,FPS-0561,RICE,212,138,0,91,259,2026-02
INV-0002622,FPS,FPS-0561,WHEAT,55,131,0,96,90,2026-02
INV-0002623,FPS,FPS-0562,RICE,138,211,0,159,190,2026-02
INV-0002624,FPS,FPS-0562,WHEAT,281,160,0,106,335,2026-02
INV-0002625,FPS,FPS-0563,RICE,136,255,0,201,190,2026-02
INV-0002626,FPS,FPS-0563,WHEAT,129,176,0,136,169,2026-02
INV-0002627,FPS,FPS-0564,RICE,145,145,0,92,198,2026-02
INV-0002628,FPS,FPS-0564,WHEAT,212,110,0,89,233,2026-02
INV-0002629,FPS,FPS-0565,RICE,192,143,0,92,243,2026-02
INV-0002630,FPS,FPS-0565,WHEAT,198,132,0,104,226,2026-02
INV-0002631,FPS,FPS-0566,RICE,51,129,0,96,84,2026-02
INV-0002632,FPS,FPS-0566,WHEAT,115,121,0,87,149,2026-02
INV-0002633,FPS,FPS-0567,RICE,299,132,0,107,324,2026-02
INV-0002634,FPS,FPS-0567,WHEAT,126,116,0,98,144,2026-02
INV-0002635,FPS,FPS-0568,RICE,253,219,0,177,295,2026-02
INV-0002636,FPS,FPS-0568,WHEAT,211,145,0,126,230,2026-02
INV-0002637,FPS,FPS-0569,RICE,71,202,0,177,96,2026-02
INV-0002638,FPS,FPS-0569,WHEAT,227,132,0,115,244,2026-02
INV-0002639,FPS,FPS-0570,RICE,58,109,0,92,75,2026-02
INV-0002640,FPS,FPS-0570,WHEAT,141,103,0,66,178,2026-02
INV-0002641,FPS,FPS-0571,RICE,185,126,0,93,218,2026-02
INV-0002642,FPS,FPS-0571,WHEAT,148,112,0,96,164,2026-02
INV-0002643,FPS,FPS-0572,RICE,74,212,0,170,116,2026-02
INV-0002644,FPS,FPS-0572,WHEAT,177,148,0,110,215,2026-02
INV-0002645,FPS,FPS-0573,RICE,277,137,0,97,317,2026-02
INV-0002646,FPS,FPS-0573,WHEAT,159,121,0,105,175,2026-02
INV-0002647,FPS,FPS-0574,RICE,90,147,0,91,146,2026-02
INV-0002648,FPS,FPS-0574,WHEAT,246,122,0,90,278,2026-02
INV-0002649,FPS,FPS-0575,RICE,194,232,0,139,287,2026-02
INV-0002650,FPS,FPS-0575,WHEAT,245,169,0,122,292,2026-02
INV-0002651,FPS,FPS-0576,RICE,213,0,0,0,213,2026-02
INV-0002652,FPS,FPS-0576,WHEAT,291,122,0,84,329,2026-02
INV-0002653,FPS,FPS-0577,RICE,120,132,0,83,169,2026-02
INV-0002654,FPS,FPS-0577,WHEAT,135,112,0,74,173,2026-02
INV-0002655,FPS,FPS-0578,RICE,265,112,0,88,289,2026-02
INV-0002656,FPS,FPS-0578,WHEAT,167,114,0,82,199,2026-02
INV-0002657,FPS,FPS-0579,RICE,99,148,0,121,126,2026-02
INV-0002658,FPS,FPS-0579,WHEAT,218,132,0,88,262,2026-02
INV-0002659,FPS,FPS-0580,RICE,163,196,0,147,212,2026-02
INV-0002660,FPS,FPS-0580,WHEAT,235,139,0,94,280,2026-02
INV-0002661,FPS,FPS-0581,RICE,58,127,0,97,88,2026-02
INV-0002662,FPS,FPS-0581,WHEAT,143,142,0,123,162,2026-02
INV-0002663,FPS,FPS-0582,RICE,52,96,0,65,83,2026-02
INV-0002664,FPS,FPS-0582,WHEAT,202,87,0,76,213,2026-02
INV-0002665,FPS,FPS-0583,RICE,147,145,0,129,163,2026-02
INV-0002666,FPS,FPS-0583,WHEAT,76,125,0,84,117,2026-02
INV-0002667,FPS,FPS-0584,RICE,74,137,0,107,104,2026-02
INV-0002668,FPS,FPS-0584,WHEAT,251,112,0,96,267,2026-02
INV-0002669,FPS,FPS-0585,RICE,96,127,0,94,129,2026-02
INV-0002670,FPS,FPS-0585,WHEAT,276,103,0,73,306,2026-02
INV-0002671,FPS,FPS-0586,RICE,187,139,0,125,201,2026-02
INV-0002672,FPS,FPS-0586,WHEAT,125,124,0,87,162,2026-02
INV-0002673,FPS,FPS-0587,RICE,215,142,0,111,246,2026-02
INV-0002674,FPS,FPS-0587,WHEAT,63,131,0,112,82,2026-02
INV-0002675,FPS,FPS-0588,RICE,169,146,0,95,220,2026-02
INV-0002676,FPS,FPS-0588,WHEAT,211,124,0,82,253,2026-02
INV-0002677,FPS,FPS-0589,RICE,245,150,0,95,300,2026-02
INV-0002678,FPS,FPS-0589,WHEAT,161,121,0,96,186,2026-02
INV-0002679,FPS,FPS-0590,RICE,73,141,0,96,118,2026-02
INV-0002680,FPS,FPS-0590,WHEAT,193,123,0,95,221,2026-02
INV-0002681,FPS,FPS-0591,RICE,174,134,0,108,200,2026-02
INV-0002682,FPS,FPS-0591,WHEAT,108,122,0,106,124,2026-02
INV-0002683,FPS,FPS-0592,RICE,135,163,0,143,155,2026-02
INV-0002684,FPS,FPS-0592,WHEAT,169,138,0,109,198,2026-02
INV-0002685,FPS,FPS-0593,RICE,68,210,0,157,121,2026-02
INV-0002686,FPS,FPS-0593,WHEAT,227,169,0,149,247,2026-02
INV-0002687,FPS,FPS-0594,RICE,200,162,0,131,231,2026-02
INV-0002688,FPS,FPS-0594,WHEAT,202,139,0,99,242,2026-02
INV-0002689,FPS,FPS-0595,RICE,213,137,0,90,260,2026-02
INV-0002690,FPS,FPS-0595,WHEAT,204,118,0,80,242,2026-02
INV-0002691,FPS,FPS-0596,RICE,110,140,0,111,139,2026-02
INV-0002692,FPS,FPS-0596,WHEAT,261,136,0,91,306,2026-02
INV-0002693,FPS,FPS-0597,RICE,193,328,0,239,282,2026-02
INV-0002694,FPS,FPS-0597,WHEAT,237,181,0,111,307,2026-02
INV-0002695,FPS,FPS-0598,RICE,102,172,0,137,137,2026-02
INV-0002696,FPS,FPS-0598,WHEAT,146,126,0,93,179,2026-02
INV-0002697,FPS,FPS-0599,RICE,219,126,0,110,235,2026-02
INV-0002698,FPS,FPS-0599,WHEAT,245,108,0,82,271,2026-02
INV-0002699,FPS,FPS-0600,RICE,240,117,0,88,269,2026-02
INV-0002700,FPS,FPS-0600,WHEAT,61,115,0,70,106,2026-02
INV-0002701,FPS,FPS-0001,RICE,175,253,0,190,238,2026-03
INV-0002702,FPS,FPS-0001,WHEAT,72,200,0,166,106,2026-03
INV-0002703,FPS,FPS-0002,RICE,268,161,0,112,317,2026-03
INV-0002704,FPS,FPS-0002,WHEAT,223,165,0,132,256,2026-03
INV-0002705,FPS,FPS-0003,RICE,60,254,0,214,100,2026-03
INV-0002706,FPS,FPS-0003,WHEAT,283,189,0,127,345,2026-03
INV-0002707,FPS,FPS-0004,RICE,63,170,0,145,88,2026-03
INV-0002708,FPS,FPS-0004,WHEAT,68,168,0,127,109,2026-03
INV-0002709,FPS,FPS-0005,RICE,260,174,0,125,309,2026-03
INV-0002710,FPS,FPS-0005,WHEAT,230,190,0,136,284,2026-03
INV-0002711,FPS,FPS-0006,RICE,213,236,0,153,296,2026-03
INV-0002712,FPS,FPS-0006,WHEAT,126,185,0,128,183,2026-03
INV-0002713,FPS,FPS-0007,RICE,130,177,0,140,167,2026-03
INV-0002714,FPS,FPS-0007,WHEAT,115,212,0,145,182,2026-03
INV-0002715,FPS,FPS-0008,RICE,298,170,0,119,349,2026-03
INV-0002716,FPS,FPS-0008,WHEAT,102,181,0,114,169,2026-03
INV-0002717,FPS,FPS-0009,RICE,145,189,0,151,183,2026-03
INV-0002718,FPS,FPS-0009,WHEAT,265,181,0,140,306,2026-03
INV-0002719,FPS,FPS-0010,RICE,135,245,0,183,197,2026-03
INV-0002720,FPS,FPS-0010,WHEAT,146,165,0,112,199,2026-03
INV-0002721,FPS,FPS-0011,RICE,154,171,0,138,187,2026-03
INV-0002722,FPS,FPS-0011,WHEAT,98,161,0,110,149,2026-03
INV-0002723,FPS,FPS-0012,RICE,68,222,0,169,121,2026-03
INV-0002724,FPS,FPS-0012,WHEAT,105,181,0,153,133,2026-03
INV-0002725,FPS,FPS-0013,RICE,146,221,0,189,178,2026-03
INV-0002726,FPS,FPS-0013,WHEAT,179,167,0,143,203,2026-03
INV-0002727,FPS,FPS-0014,RICE,63,189,0,157,95,2026-03
INV-0002728,FPS,FPS-0014,WHEAT,110,167,0,119,158,2026-03
INV-0002729,FPS,FPS-0015,RICE,191,189,0,116,264,2026-03
INV-0002730,FPS,FPS-0015,WHEAT,216,171,0,111,276,2026-03
INV-0002731,FPS,FPS-0016,RICE,145,173,0,144,174,2026-03
INV-0002732,FPS,FPS-0016,WHEAT,216,190,0,141,265,2026-03
INV-0002733,FPS,FPS-0017,RICE,133,171,0,131,173,2026-03
INV-0002734,FPS,FPS-0017,WHEAT,148,183,0,114,217,2026-03
INV-0002735,FPS,FPS-0018,RICE,136,233,0,178,191,2026-03
INV-0002736,FPS,FPS-0018,WHEAT,179,195,0,162,212,2026-03
INV-0002737,FPS,FPS-0019,RICE,256,217,0,142,331,2026-03
INV-0002738,FPS,FPS-0019,WHEAT,96,190,0,133,153,2026-03
INV-0002739,FPS,FPS-0020,RICE,100,186,0,152,134,2026-03
INV-0002740,FPS,FPS-0020,WHEAT,78,182,0,161,99,2026-03
INV-0002741,FPS,FPS-0021,RICE,278,265,0,160,383,2026-03
INV-0002742,FPS,FPS-0021,WHEAT,241,187,0,152,276,2026-03
INV-0002743,FPS,FPS-0022,RICE,285,172,0,151,306,2026-03
INV-0002744,FPS,FPS-0022,WHEAT,221,152,0,116,257,2026-03
INV-0002745,FPS,FPS-0023,RICE,275,190,0,146,319,2026-03
INV-0002746,FPS,FPS-0023,WHEAT,158,159,0,139,178,2026-03
INV-0002747,FPS,FPS-0024,RICE,276,210,0,180,306,2026-03
INV-0002748,FPS,FPS-0024,WHEAT,91,175,0,148,118,2026-03
INV-0002749,FPS,FPS-0025,RICE,273,265,0,170,368,2026-03
INV-0002750,FPS,FPS-0025,WHEAT,167,176,0,107,236,2026-03
INV-0002751,FPS,FPS-0026,RICE,131,175,0,119,187,2026-03
INV-0002752,FPS,FPS-0026,WHEAT,113,197,0,130,180,2026-03
INV-0002753,FPS,FPS-0027,RICE,141,174,0,106,209,2026-03
INV-0002754,FPS,FPS-0027,WHEAT,130,158,0,110,178,2026-03
INV-0002755,FPS,FPS-0028,RICE,278,176,0,119,335,2026-03
INV-0002756,FPS,FPS-0028,WHEAT,244,178,0,108,314,2026-03
INV-0002757,FPS,FPS-0029,RICE,164,212,0,190,186,2026-03
INV-0002758,FPS,FPS-0029,WHEAT,156,161,0,120,197,2026-03
INV-0002759,FPS,FPS-0030,RICE,198,155,0,119,234,2026-03
INV-0002760,FPS,FPS-0030,WHEAT,298,167,0,139,326,2026-03
INV-0002761,FPS,FPS-0031,RICE,50,187,0,118,119,2026-03
INV-0002762,FPS,FPS-0031,WHEAT,189,184,0,153,220,2026-03
INV-0002763,FPS,FPS-0032,RICE,134,160,0,96,198,2026-03
INV-0002764,FPS,FPS-0032,WHEAT,178,165,0,121,222,2026-03
INV-0002765,FPS,FPS-0033,RICE,205,186,0,159,232,2026-03
INV-0002766,FPS,FPS-0033,WHEAT,82,170,0,132,120,2026-03
INV-0002767,FPS,FPS-0034,RICE,52,203,0,138,117,2026-03
INV-0002768,FPS,FPS-0034,WHEAT,170,173,0,137,206,2026-03
INV-0002769,FPS,FPS-0035,RICE,297,208,0,149,356,2026-03
INV-0002770,FPS,FPS-0035,WHEAT,265,193,0,151,307,2026-03
INV-0002771,FPS,FPS-0036,RICE,238,247,0,192,293,2026-03
INV-0002772,FPS,FPS-0036,WHEAT,274,192,0,159,307,2026-03
INV-0002773,FPS,FPS-0037,RICE,291,202,0,145,348,2026-03
INV-0002774,FPS,FPS-0037,WHEAT,157,158,0,124,191,2026-03
INV-0002775,FPS,FPS-0038,RICE,144,226,0,194,176,2026-03
INV-0002776,FPS,FPS-0038,WHEAT,190,181,0,129,242,2026-03
INV-0002777,FPS,FPS-0039,RICE,84,190,0,129,145,2026-03
INV-0002778,FPS,FPS-0039,WHEAT,134,176,0,116,194,2026-03
INV-0002779,FPS,FPS-0040,RICE,79,190,0,164,105,2026-03
INV-0002780,FPS,FPS-0040,WHEAT,78,190,0,170,98,2026-03
INV-0002781,FPS,FPS-0041,RICE,173,167,0,140,200,2026-03
INV-0002782,FPS,FPS-0041,WHEAT,90,168,0,126,132,2026-03
INV-0002783,FPS,FPS-0042,RICE,275,173,0,126,322,2026-03
INV-0002784,FPS,FPS-0042,WHEAT,244,204,0,144,304,2026-03
INV-0002785,FPS,FPS-0043,RICE,291,171,0,116,346,2026-03
INV-0002786,FPS,FPS-0043,WHEAT,105,157,0,103,159,2026-03
INV-0002787,FPS,FPS-0044,RICE,97,180,0,139,138,2026-03
INV-0002788,FPS,FPS-0044,WHEAT,250,163,0,99,314,2026-03
INV-0002789,FPS,FPS-0045,RICE,167,199,0,129,237,2026-03
INV-0002790,FPS,FPS-0045,WHEAT,192,184,0,147,229,2026-03
INV-0002791,FPS,FPS-0046,RICE,82,169,0,112,139,2026-03
INV-0002792,FPS,FPS-0046,WHEAT,106,166,0,135,137,2026-03
INV-0002793,FPS,FPS-0047,RICE,260,239,0,163,336,2026-03
INV-0002794,FPS,FPS-0047,WHEAT,66,179,0,154,91,2026-03
INV-0002795,FPS,FPS-0048,RICE,293,168,0,118,343,2026-03
INV-0002796,FPS,FPS-0048,WHEAT,259,171,0,135,295,2026-03
INV-0002797,FPS,FPS-0049,RICE,97,194,0,159,132,2026-03
INV-0002798,FPS,FPS-0049,WHEAT,181,201,0,142,240,2026-03
INV-0002799,FPS,FPS-0050,RICE,146,273,0,185,234,2026-03
INV-0002800,FPS,FPS-0050,WHEAT,212,190,0,154,248,2026-03
INV-0002801,FPS,FPS-0051,RICE,111,203,0,127,187,2026-03
INV-0002802,FPS,FPS-0051,WHEAT,230,145,0,104,271,2026-03
INV-0002803,FPS,FPS-0052,RICE,146,230,0,148,228,2026-03
INV-0002804,FPS,FPS-0052,WHEAT,87,182,0,134,135,2026-03
INV-0002805,FPS,FPS-0053,RICE,133,177,0,108,202,2026-03
INV-0002806,FPS,FPS-0053,WHEAT,286,175,0,132,329,2026-03
INV-0002807,FPS,FPS-0054,RICE,207,182,0,149,240,2026-03
INV-0002808,FPS,FPS-0054,WHEAT,202,173,0,108,267,2026-03
INV-0002809,FPS,FPS-0055,RICE,215,203,0,155,263,2026-03
INV-0002810,FPS,FPS-0055,WHEAT,103,166,0,118,151,2026-03
INV-0002811,FPS,FPS-0056,RICE,284,183,0,129,338,2026-03
INV-0002812,FPS,FPS-0056,WHEAT,244,172,0,141,275,2026-03
INV-0002813,FPS,FPS-0057,RICE,162,226,0,180,208,2026-03
INV-0002814,FPS,FPS-0057,WHEAT,220,173,0,109,284,2026-03
INV-0002815,FPS,FPS-0058,RICE,287,212,0,157,342,2026-03
INV-0002816,FPS,FPS-0058,WHEAT,178,172,0,149,201,2026-03
INV-0002817,FPS,FPS-0059,RICE,127,187,0,158,156,2026-03
INV-0002818,FPS,FPS-0059,WHEAT,79,163,0,129,113,2026-03
INV-0002819,FPS,FPS-0060,RICE,198,205,0,178,225,2026-03
INV-0002820,FPS,FPS-0060,WHEAT,118,178,0,120,176,2026-03
INV-0002821,FPS,FPS-0061,RICE,194,182,0,141,235,2026-03
INV-0002822,FPS,FPS-0061,WHEAT,160,192,0,169,183,2026-03
INV-0002823,FPS,FPS-0062,RICE,178,172,0,130,220,2026-03
INV-0002824,FPS,FPS-0062,WHEAT,53,153,0,92,114,2026-03
INV-0002825,FPS,FPS-0063,RICE,93,241,0,187,147,2026-03
INV-0002826,FPS,FPS-0063,WHEAT,171,157,0,134,194,2026-03
INV-0002827,FPS,FPS-0064,RICE,102,154,0,136,120,2026-03
INV-0002828,FPS,FPS-0064,WHEAT,110,160,0,132,138,2026-03
INV-0002829,FPS,FPS-0065,RICE,137,187,0,138,186,2026-03
INV-0002830,FPS,FPS-0065,WHEAT,293,167,0,139,321,2026-03
INV-0002831,FPS,FPS-0066,RICE,203,198,0,164,237,2026-03
INV-0002832,FPS,FPS-0066,WHEAT,109,158,0,119,148,2026-03
INV-0002833,FPS,FPS-0067,RICE,268,177,0,118,327,2026-03
INV-0002834,FPS,FPS-0067,WHEAT,128,157,0,139,146,2026-03
INV-0002835,FPS,FPS-0068,RICE,158,169,0,148,179,2026-03
INV-0002836,FPS,FPS-0068,WHEAT,197,155,0,102,250,2026-03
INV-0002837,FPS,FPS-0069,RICE,241,179,0,109,311,2026-03
INV-0002838,FPS,FPS-0069,WHEAT,162,163,0,134,191,2026-03
INV-0002839,FPS,FPS-0070,RICE,51,146,0,88,109,2026-03
INV-0002840,FPS,FPS-0070,WHEAT,104,183,0,147,140,2026-03
INV-0002841,FPS,FPS-0071,RICE,267,167,0,129,305,2026-03
INV-0002842,FPS,FPS-0071,WHEAT,144,170,0,106,208,2026-03
INV-0002843,FPS,FPS-0072,RICE,67,218,0,178,107,2026-03
INV-0002844,FPS,FPS-0072,WHEAT,291,188,0,126,353,2026-03
INV-0002845,FPS,FPS-0073,RICE,118,205,0,182,141,2026-03
INV-0002846,FPS,FPS-0073,WHEAT,113,173,0,117,169,2026-03
INV-0002847,FPS,FPS-0074,RICE,261,175,0,124,312,2026-03
INV-0002848,FPS,FPS-0074,WHEAT,191,184,0,149,226,2026-03
INV-0002849,FPS,FPS-0075,RICE,169,234,0,203,200,2026-03
INV-0002850,FPS,FPS-0075,WHEAT,83,164,0,122,125,2026-03
INV-0002851,FPS,FPS-0076,RICE,128,255,0,225,158,2026-03
INV-0002852,FPS,FPS-0076,WHEAT,255,154,0,121,288,2026-03
INV-0002853,FPS,FPS-0077,RICE,205,161,0,116,250,2026-03
INV-0002854,FPS,FPS-0077,WHEAT,226,157,0,108,275,2026-03
INV-0002855,FPS,FPS-0078,RICE,218,192,0,142,268,2026-03
INV-0002856,FPS,FPS-0078,WHEAT,163,160,0,136,187,2026-03
INV-0002857,FPS,FPS-0079,RICE,257,180,0,117,320,2026-03
INV-0002858,FPS,FPS-0079,WHEAT,155,199,0,147,207,2026-03
INV-0002859,FPS,FPS-0080,RICE,294,159,0,107,346,2026-03
INV-0002860,FPS,FPS-0080,WHEAT,250,183,0,153,280,2026-03
INV-0002861,FPS,FPS-0081,RICE,146,208,0,146,208,2026-03
INV-0002862,FPS,FPS-0081,WHEAT,224,179,0,129,274,2026-03
INV-0002863,FPS,FPS-0082,RICE,57,192,0,135,114,2026-03
INV-0002864,FPS,FPS-0082,WHEAT,198,182,0,114,266,2026-03
INV-0002865,FPS,FPS-0083,RICE,76,173,0,151,98,2026-03
INV-0002866,FPS,FPS-0083,WHEAT,137,153,0,94,196,2026-03
INV-0002867,FPS,FPS-0084,RICE,279,255,0,171,363,2026-03
INV-0002868,FPS,FPS-0084,WHEAT,88,213,0,131,170,2026-03
INV-0002869,FPS,FPS-0085,RICE,89,170,0,149,110,2026-03
INV-0002870,FPS,FPS-0085,WHEAT,82,197,0,139,140,2026-03
INV-0002871,FPS,FPS-0086,RICE,256,166,0,118,304,2026-03
INV-0002872,FPS,FPS-0086,WHEAT,187,195,0,167,215,2026-03
INV-0002873,FPS,FPS-0087,RICE,295,179,0,151,323,2026-03
INV-0002874,FPS,FPS-0087,WHEAT,138,195,0,132,201,2026-03
INV-0002875,FPS,FPS-0088,RICE,288,196,0,173,311,2026-03
INV-0002876,FPS,FPS-0088,WHEAT,291,189,0,150,330,2026-03
INV-0002877,FPS,FPS-0089,RICE,251,193,0,132,312,2026-03
INV-0002878,FPS,FPS-0089,WHEAT,203,176,0,141,238,2026-03
INV-0002879,FPS,FPS-0090,RICE,183,197,0,143,237,2026-03
INV-0002880,FPS,FPS-0090,WHEAT,192,161,0,143,210,2026-03
INV-0002881,FPS,FPS-0091,RICE,77,185,0,114,148,2026-03
INV-0002882,FPS,FPS-0091,WHEAT,217,182,0,142,257,2026-03
INV-0002883,FPS,FPS-0092,RICE,134,209,0,148,195,2026-03
INV-0002884,FPS,FPS-0092,WHEAT,102,179,0,133,148,2026-03
INV-0002885,FPS,FPS-0093,RICE,50,227,0,168,109,2026-03
INV-0002886,FPS,FPS-0093,WHEAT,136,179,0,132,183,2026-03
INV-0002887,FPS,FPS-0094,RICE,81,233,0,144,170,2026-03
INV-0002888,FPS,FPS-0094,WHEAT,231,171,0,111,291,2026-03
INV-0002889,FPS,FPS-0095,RICE,68,229,0,143,154,2026-03
INV-0002890,FPS,FPS-0095,WHEAT,273,177,0,116,334,2026-03
INV-0002891,FPS,FPS-0096,RICE,105,180,0,135,150,2026-03
INV-0002892,FPS,FPS-0096,WHEAT,180,177,0,124,233,2026-03
INV-0002893,FPS,FPS-0097,RICE,295,254,0,184,365,2026-03
INV-0002894,FPS,FPS-0097,WHEAT,141,175,0,135,181,2026-03
INV-0002895,FPS,FPS-0098,RICE,143,238,0,189,192,2026-03
INV-0002896,FPS,FPS-0098,WHEAT,217,191,0,153,255,2026-03
INV-0002897,FPS,FPS-0099,RICE,233,177,0,138,272,2026-03
INV-0002898,FPS,FPS-0099,WHEAT,132,169,0,127,174,2026-03
INV-0002899,FPS,FPS-0100,RICE,61,175,0,148,88,2026-03
INV-0002900,FPS,FPS-0100,WHEAT,74,150,0,122,102,2026-03
INV-0002901,FPS,FPS-0101,RICE,283,219,0,166,336,2026-03
INV-0002902,FPS,FPS-0101,WHEAT,239,207,0,176,270,2026-03
INV-0002903,FPS,FPS-0102,RICE,292,198,0,120,370,2026-03
INV-0002904,FPS,FPS-0102,WHEAT,127,178,0,108,197,2026-03
INV-0002905,FPS,FPS-0103,RICE,206,229,0,147,288,2026-03
INV-0002906,FPS,FPS-0103,WHEAT,264,200,0,146,318,2026-03
INV-0002907,FPS,FPS-0104,RICE,210,159,0,119,250,2026-03
INV-0002908,FPS,FPS-0104,WHEAT,80,194,0,139,135,2026-03
INV-0002909,FPS,FPS-0105,RICE,138,290,0,221,207,2026-03
INV-0002910,FPS,FPS-0105,WHEAT,236,217,0,153,300,2026-03
INV-0002911,FPS,FPS-0106,RICE,74,185,0,133,126,2026-03
INV-0002912,FPS,FPS-0106,WHEAT,56,176,0,131,101,2026-03
INV-0002913,FPS,FPS-0107,RICE,274,169,0,112,331,2026-03
INV-0002914,FPS,FPS-0107,WHEAT,295,174,0,153,316,2026-03
INV-0002915,FPS,FPS-0108,RICE,110,174,0,134,150,2026-03
INV-0002916,FPS,FPS-0108,WHEAT,251,195,0,155,291,2026-03
INV-0002917,FPS,FPS-0109,RICE,238,172,0,140,270,2026-03
INV-0002918,FPS,FPS-0109,WHEAT,292,187,0,156,323,2026-03
INV-0002919,FPS,FPS-0110,RICE,252,180,0,140,292,2026-03
INV-0002920,FPS,FPS-0110,WHEAT,187,164,0,144,207,2026-03
INV-0002921,FPS,FPS-0111,RICE,269,188,0,134,323,2026-03
INV-0002922,FPS,FPS-0111,WHEAT,85,163,0,145,103,2026-03
INV-0002923,FPS,FPS-0112,RICE,213,169,0,146,236,2026-03
INV-0002924,FPS,FPS-0112,WHEAT,285,184,0,115,354,2026-03
INV-0002925,FPS,FPS-0113,RICE,67,176,0,156,87,2026-03
INV-0002926,FPS,FPS-0113,WHEAT,284,169,0,109,344,2026-03
INV-0002927,FPS,FPS-0114,RICE,112,179,0,135,156,2026-03
INV-0002928,FPS,FPS-0114,WHEAT,147,197,0,167,177,2026-03
INV-0002929,FPS,FPS-0115,RICE,148,174,0,119,203,2026-03
INV-0002930,FPS,FPS-0115,WHEAT,191,171,0,150,212,2026-03
INV-0002931,FPS,FPS-0116,RICE,243,187,0,158,272,2026-03
INV-0002932,FPS,FPS-0116,WHEAT,221,179,0,150,250,2026-03
INV-0002933,FPS,FPS-0117,RICE,218,176,0,121,273,2026-03
INV-0002934,FPS,FPS-0117,WHEAT,99,203,0,154,148,2026-03
INV-0002935,FPS,FPS-0118,RICE,130,152,0,103,179,2026-03
INV-0002936,FPS,FPS-0118,WHEAT,291,183,0,131,343,2026-03
INV-0002937,FPS,FPS-0119,RICE,299,198,0,162,335,2026-03
INV-0002938,FPS,FPS-0119,WHEAT,147,188,0,122,213,2026-03
INV-0002939,FPS,FPS-0120,RICE,291,196,0,169,318,2026-03
INV-0002940,FPS,FPS-0120,WHEAT,254,194,0,150,298,2026-03
INV-0002941,FPS,FPS-0121,RICE,109,200,0,179,130,2026-03
INV-0002942,FPS,FPS-0121,WHEAT,67,206,0,137,136,2026-03
INV-0002943,FPS,FPS-0122,RICE,275,169,0,129,315,2026-03
INV-0002944,FPS,FPS-0122,WHEAT,172,189,0,130,231,2026-03
INV-0002945,FPS,FPS-0123,RICE,96,198,0,159,135,2026-03
INV-0002946,FPS,FPS-0123,WHEAT,51,170,0,118,103,2026-03
INV-0002947,FPS,FPS-0124,RICE,171,266,0,197,240,2026-03
INV-0002948,FPS,FPS-0124,WHEAT,167,187,0,121,233,2026-03
INV-0002949,FPS,FPS-0125,RICE,245,198,0,175,268,2026-03
INV-0002950,FPS,FPS-0125,WHEAT,240,166,0,145,261,2026-03
INV-0002951,FPS,FPS-0126,RICE,90,179,0,150,119,2026-03
INV-0002952,FPS,FPS-0126,WHEAT,177,190,0,169,198,2026-03
INV-0002953,FPS,FPS-0127,RICE,101,166,0,128,139,2026-03
INV-0002954,FPS,FPS-0127,WHEAT,270,174,0,155,289,2026-03
INV-0002955,FPS,FPS-0128,RICE,93,184,0,128,149,2026-03
INV-0002956,FPS,FPS-0128,WHEAT,156,182,0,163,175,2026-03
INV-0002957,FPS,FPS-0129,RICE,183,205,0,182,206,2026-03
INV-0002958,FPS,FPS-0129,WHEAT,240,173,0,121,292,2026-03
INV-0002959,FPS,FPS-0130,RICE,253,186,0,117,322,2026-03
INV-0002960,FPS,FPS-0130,WHEAT,82,163,0,137,108,2026-03
INV-0002961,FPS,FPS-0131,RICE,278,190,0,129,339,2026-03
INV-0002962,FPS,FPS-0131,WHEAT,168,160,0,106,222,2026-03
INV-0002963,FPS,FPS-0132,RICE,171,272,0,200,243,2026-03
INV-0002964,FPS,FPS-0132,WHEAT,277,175,0,122,330,2026-03
INV-0002965,FPS,FPS-0133,RICE,251,202,0,136,317,2026-03
INV-0002966,FPS,FPS-0133,WHEAT,293,171,0,146,318,2026-03
INV-0002967,FPS,FPS-0134,RICE,184,181,0,138,227,2026-03
INV-0002968,FPS,FPS-0134,WHEAT,133,178,0,136,175,2026-03
INV-0002969,FPS,FPS-0135,RICE,126,184,0,123,187,2026-03
INV-0002970,FPS,FPS-0135,WHEAT,218,168,0,123,263,2026-03
INV-0002971,FPS,FPS-0136,RICE,237,208,0,182,263,2026-03
INV-0002972,FPS,FPS-0136,WHEAT,179,167,0,146,200,2026-03
INV-0002973,FPS,FPS-0137,RICE,81,173,0,147,107,2026-03
INV-0002974,FPS,FPS-0137,WHEAT,99,143,0,95,147,2026-03
INV-0002975,FPS,FPS-0138,RICE,149,244,0,199,194,2026-03
INV-0002976,FPS,FPS-0138,WHEAT,84,186,0,112,158,2026-03
INV-0002977,FPS,FPS-0139,RICE,147,178,0,151,174,2026-03
INV-0002978,FPS,FPS-0139,WHEAT,94,183,0,124,153,2026-03
INV-0002979,FPS,FPS-0140,RICE,219,191,0,120,290,2026-03
INV-0002980,FPS,FPS-0140,WHEAT,61,150,0,122,89,2026-03
INV-0002981,FPS,FPS-0141,RICE,69,171,0,147,93,2026-03
INV-0002982,FPS,FPS-0141,WHEAT,100,177,0,137,140,2026-03
INV-0002983,FPS,FPS-0142,RICE,62,174,0,153,83,2026-03
INV-0002984,FPS,FPS-0142,WHEAT,151,172,0,154,169,2026-03
INV-0002985,FPS,FPS-0143,RICE,158,219,0,168,209,2026-03
INV-0002986,FPS,FPS-0143,WHEAT,142,182,0,126,198,2026-03
INV-0002987,FPS,FPS-0144,RICE,118,218,0,160,176,2026-03
INV-0002988,FPS,FPS-0144,WHEAT,106,210,0,162,154,2026-03
INV-0002989,FPS,FPS-0145,RICE,274,150,0,129,295,2026-03
INV-0002990,FPS,FPS-0145,WHEAT,192,163,0,117,238,2026-03
INV-0002991,FPS,FPS-0146,RICE,291,192,0,119,364,2026-03
INV-0002992,FPS,FPS-0146,WHEAT,280,203,0,164,319,2026-03
INV-0002993,FPS,FPS-0147,RICE,81,170,0,144,107,2026-03
INV-0002994,FPS,FPS-0147,WHEAT,79,169,0,133,115,2026-03
INV-0002995,FPS,FPS-0148,RICE,226,265,0,232,259,2026-03
INV-0002996,FPS,FPS-0148,WHEAT,251,181,0,139,293,2026-03
INV-0002997,FPS,FPS-0149,RICE,168,254,0,157,265,2026-03
INV-0002998,FPS,FPS-0149,WHEAT,153,189,0,147,195,2026-03
INV-0002999,FPS,FPS-0150,RICE,123,166,0,138,151,2026-03
INV-0003000,FPS,FPS-0150,WHEAT,237,162,0,111,288,2026-03
INV-0003001,FPS,FPS-0151,RICE,224,212,0,131,305,2026-03
INV-0003002,FPS,FPS-0151,WHEAT,218,195,0,131,282,2026-03
INV-0003003,FPS,FPS-0152,RICE,169,199,0,177,191,2026-03
INV-0003004,FPS,FPS-0152,WHEAT,56,189,0,115,130,2026-03
INV-0003005,FPS,FPS-0153,RICE,217,188,0,134,271,2026-03
INV-0003006,FPS,FPS-0153,WHEAT,265,189,0,147,307,2026-03
INV-0003007,FPS,FPS-0154,RICE,238,156,0,123,271,2026-03
INV-0003008,FPS,FPS-0154,WHEAT,136,163,0,122,177,2026-03
INV-0003009,FPS,FPS-0155,RICE,195,210,0,133,272,2026-03
INV-0003010,FPS,FPS-0155,WHEAT,129,175,0,106,198,2026-03
INV-0003011,FPS,FPS-0156,RICE,176,156,0,121,211,2026-03
INV-0003012,FPS,FPS-0156,WHEAT,76,169,0,111,134,2026-03
INV-0003013,FPS,FPS-0157,RICE,156,191,0,171,176,2026-03
INV-0003014,FPS,FPS-0157,WHEAT,253,188,0,133,308,2026-03
INV-0003015,FPS,FPS-0158,RICE,172,171,0,152,191,2026-03
INV-0003016,FPS,FPS-0158,WHEAT,288,186,0,126,348,2026-03
INV-0003017,FPS,FPS-0159,RICE,128,155,0,108,175,2026-03
INV-0003018,FPS,FPS-0159,WHEAT,224,179,0,109,294,2026-03
INV-0003019,FPS,FPS-0160,RICE,279,172,0,153,298,2026-03
INV-0003020,FPS,FPS-0160,WHEAT,115,173,0,130,158,2026-03
INV-0003021,FPS,FPS-0161,RICE,213,250,0,165,298,2026-03
INV-0003022,FPS,FPS-0161,WHEAT,85,178,0,144,119,2026-03
INV-0003023,FPS,FPS-0162,RICE,221,158,0,100,279,2026-03
INV-0003024,FPS,FPS-0162,WHEAT,253,158,0,115,296,2026-03
INV-0003025,FPS,FPS-0163,RICE,241,163,0,105,299,2026-03
INV-0003026,FPS,FPS-0163,WHEAT,118,166,0,125,159,2026-03
INV-0003027,FPS,FPS-0164,RICE,216,196,0,152,260,2026-03
INV-0003028,FPS,FPS-0164,WHEAT,192,179,0,139,232,2026-03
INV-0003029,FPS,FPS-0165,RICE,294,156,0,110,340,2026-03
INV-0003030,FPS,FPS-0165,WHEAT,72,182,0,161,93,2026-03
INV-0003031,FPS,FPS-0166,RICE,260,179,0,135,304,2026-03
INV-0003032,FPS,FPS-0166,WHEAT,258,188,0,115,331,2026-03
INV-0003033,FPS,FPS-0167,RICE,90,219,0,143,166,2026-03
INV-0003034,FPS,FPS-0167,WHEAT,100,161,0,106,155,2026-03
INV-0003035,FPS,FPS-0168,RICE,222,161,0,121,262,2026-03
INV-0003036,FPS,FPS-0168,WHEAT,130,179,0,133,176,2026-03
INV-0003037,FPS,FPS-0169,RICE,108,163,0,124,147,2026-03
INV-0003038,FPS,FPS-0169,WHEAT,294,179,0,123,350,2026-03
INV-0003039,FPS,FPS-0170,RICE,145,165,0,131,179,2026-03
INV-0003040,FPS,FPS-0170,WHEAT,172,166,0,132,206,2026-03
INV-0003041,FPS,FPS-0171,RICE,67,175,0,139,103,2026-03
INV-0003042,FPS,FPS-0171,WHEAT,53,189,0,139,103,2026-03
INV-0003043,FPS,FPS-0172,RICE,116,221,0,139,198,2026-03
INV-0003044,FPS,FPS-0172,WHEAT,186,162,0,110,238,2026-03
INV-0003045,FPS,FPS-0173,RICE,178,150,0,119,209,2026-03
INV-0003046,FPS,FPS-0173,WHEAT,255,199,0,150,304,2026-03
INV-0003047,FPS,FPS-0174,RICE,65,248,0,198,115,2026-03
INV-0003048,FPS,FPS-0174,WHEAT,262,174,0,136,300,2026-03
INV-0003049,FPS,FPS-0175,RICE,200,205,0,162,243,2026-03
INV-0003050,FPS,FPS-0175,WHEAT,283,186,0,158,311,2026-03
INV-0003051,FPS,FPS-0176,RICE,119,176,0,131,164,2026-03
INV-0003052,FPS,FPS-0176,WHEAT,232,152,0,114,270,2026-03
INV-0003053,FPS,FPS-0177,RICE,260,172,0,126,306,2026-03
INV-0003054,FPS,FPS-0177,WHEAT,74,175,0,119,130,2026-03
INV-0003055,FPS,FPS-0178,RICE,211,165,0,121,255,2026-03
INV-0003056,FPS,FPS-0178,WHEAT,170,164,0,138,196,2026-03
INV-0003057,FPS,FPS-0179,RICE,124,249,0,175,198,2026-03
INV-0003058,FPS,FPS-0179,WHEAT,144,180,0,138,186,2026-03
INV-0003059,FPS,FPS-0180,RICE,184,178,0,158,204,2026-03
INV-0003060,FPS,FPS-0180,WHEAT,165,191,0,164,192,2026-03
INV-0003061,FPS,FPS-0181,RICE,298,203,0,158,343,2026-03
INV-0003062,FPS,FPS-0181,WHEAT,251,184,0,154,281,2026-03
INV-0003063,FPS,FPS-0182,RICE,227,193,0,133,287,2026-03
INV-0003064,FPS,FPS-0182,WHEAT,124,195,0,139,180,2026-03
INV-0003065,FPS,FPS-0183,RICE,297,195,0,126,366,2026-03
INV-0003066,FPS,FPS-0183,WHEAT,299,182,0,151,330,2026-03
INV-0003067,FPS,FPS-0184,RICE,115,232,0,180,167,2026-03
INV-0003068,FPS,FPS-0184,WHEAT,271,162,0,127,306,2026-03
INV-0003069,FPS,FPS-0185,RICE,167,187,0,166,188,2026-03
INV-0003070,FPS,FPS-0185,WHEAT,83,167,0,120,130,2026-03
INV-0003071,FPS,FPS-0186,RICE,119,237,0,169,187,2026-03
INV-0003072,FPS,FPS-0186,WHEAT,271,167,0,118,320,2026-03
INV-0003073,FPS,FPS-0187,RICE,148,212,0,184,176,2026-03
INV-0003074,FPS,FPS-0187,WHEAT,51,149,0,95,105,2026-03
INV-0003075,FPS,FPS-0188,RICE,245,177,0,138,284,2026-03
INV-0003076,FPS,FPS-0188,WHEAT,169,148,0,124,193,2026-03
INV-0003077,FPS,FPS-0189,RICE,58,258,0,178,138,2026-03
INV-0003078,FPS,FPS-0189,WHEAT,185,185,0,112,258,2026-03
INV-0003079,FPS,FPS-0190,RICE,135,165,0,125,175,2026-03
INV-0003080,FPS,FPS-0190,WHEAT,168,162,0,109,221,2026-03
INV-0003081,FPS,FPS-0191,RICE,89,170,0,149,110,2026-03
INV-0003082,FPS,FPS-0191,WHEAT,295,159,0,128,326,2026-03
INV-0003083,FPS,FPS-0192,RICE,75,197,0,121,151,2026-03
INV-0003084,FPS,FPS-0192,WHEAT,192,170,0,106,256,2026-03
INV-0003085,FPS,FPS-0193,RICE,206,224,0,178,252,2026-03
INV-0003086,FPS,FPS-0193,WHEAT,126,170,0,131,165,2026-03
INV-0003087,FPS,FPS-0194,RICE,184,178,0,153,209,2026-03
INV-0003088,FPS,FPS-0194,WHEAT,123,183,0,145,161,2026-03
INV-0003089,FPS,FPS-0195,RICE,281,186,0,113,354,2026-03
INV-0003090,FPS,FPS-0195,WHEAT,162,206,0,124,244,2026-03
INV-0003091,FPS,FPS-0196,RICE,146,223,0,146,223,2026-03
INV-0003092,FPS,FPS-0196,WHEAT,81,158,0,114,125,2026-03
INV-0003093,FPS,FPS-0197,RICE,191,221,0,162,250,2026-03
INV-0003094,FPS,FPS-0197,WHEAT,194,164,0,133,225,2026-03
INV-0003095,FPS,FPS-0198,RICE,81,194,0,127,148,2026-03
INV-0003096,FPS,FPS-0198,WHEAT,230,184,0,141,273,2026-03
INV-0003097,FPS,FPS-0199,RICE,55,178,0,107,126,2026-03
INV-0003098,FPS,FPS-0199,WHEAT,219,181,0,112,288,2026-03
INV-0003099,FPS,FPS-0200,RICE,271,179,0,127,323,2026-03
INV-0003100,FPS,FPS-0200,WHEAT,238,190,0,127,301,2026-03
INV-0003101,FPS,FPS-0201,RICE,296,201,0,171,326,2026-03
INV-0003102,FPS,FPS-0201,WHEAT,145,180,0,130,195,2026-03
INV-0003103,FPS,FPS-0202,RICE,80,203,0,169,114,2026-03
INV-0003104,FPS,FPS-0202,WHEAT,251,177,0,130,298,2026-03
INV-0003105,FPS,FPS-0203,RICE,129,177,0,143,163,2026-03
INV-0003106,FPS,FPS-0203,WHEAT,288,173,0,127,334,2026-03
INV-0003107,FPS,FPS-0204,RICE,241,211,0,157,295,2026-03
INV-0003108,FPS,FPS-0204,WHEAT,165,166,0,121,210,2026-03
INV-0003109,FPS,FPS-0205,RICE,233,182,0,162,253,2026-03
INV-0003110,FPS,FPS-0205,WHEAT,132,178,0,118,192,2026-03
INV-0003111,FPS,FPS-0206,RICE,219,254,0,203,270,2026-03
INV-0003112,FPS,FPS-0206,WHEAT,283,189,0,163,309,2026-03
INV-0003113,FPS,FPS-0207,RICE,192,310,0,216,286,2026-03
INV-0003114,FPS,FPS-0207,WHEAT,142,218,0,154,206,2026-03
INV-0003115,FPS,FPS-0208,RICE,82,173,0,141,114,2026-03
INV-0003116,FPS,FPS-0208,WHEAT,194,171,0,149,216,2026-03
INV-0003117,FPS,FPS-0209,RICE,96,202,0,128,170,2026-03
INV-0003118,FPS,FPS-0209,WHEAT,159,161,0,142,178,2026-03
INV-0003119,FPS,FPS-0210,RICE,288,187,0,132,343,2026-03
INV-0003120,FPS,FPS-0210,WHEAT,117,171,0,104,184,2026-03
INV-0003121,FPS,FPS-0211,RICE,78,192,0,155,115,2026-03
INV-0003122,FPS,FPS-0211,WHEAT,203,188,0,160,231,2026-03
INV-0003123,FPS,FPS-0212,RICE,243,174,0,141,276,2026-03
INV-0003124,FPS,FPS-0212,WHEAT,260,212,0,165,307,2026-03
INV-0003125,FPS,FPS-0213,RICE,58,194,0,171,81,2026-03
INV-0003126,FPS,FPS-0213,WHEAT,293,171,0,113,351,2026-03
INV-0003127,FPS,FPS-0214,RICE,278,174,0,152,300,2026-03
INV-0003128,FPS,FPS-0214,WHEAT,196,149,0,94,251,2026-03
INV-0003129,FPS,FPS-0215,RICE,267,165,0,144,288,2026-03
INV-0003130,FPS,FPS-0215,WHEAT,192,173,0,119,246,2026-03
INV-0003131,FPS,FPS-0216,RICE,118,156,0,106,168,2026-03
INV-0003132,FPS,FPS-0216,WHEAT,114,168,0,150,132,2026-03
INV-0003133,FPS,FPS-0217,RICE,201,165,0,143,223,2026-03
INV-0003134,FPS,FPS-0217,WHEAT,80,181,0,113,148,2026-03
INV-0003135,FPS,FPS-0218,RICE,211,178,0,143,246,2026-03
INV-0003136,FPS,FPS-0218,WHEAT,229,188,0,133,284,2026-03
INV-0003137,FPS,FPS-0219,RICE,205,217,0,190,232,2026-03
INV-0003138,FPS,FPS-0219,WHEAT,123,172,0,110,185,2026-03
INV-0003139,FPS,FPS-0220,RICE,267,271,0,222,316,2026-03
INV-0003140,FPS,FPS-0220,WHEAT,266,161,0,123,304,2026-03
INV-0003141,FPS,FPS-0221,RICE,259,190,0,167,282,2026-03
INV-0003142,FPS,FPS-0221,WHEAT,213,149,0,101,261,2026-03
INV-0003143,FPS,FPS-0222,RICE,122,194,0,165,151,2026-03
INV-0003144,FPS,FPS-0222,WHEAT,290,167,0,119,338,2026-03
INV-0003145,FPS,FPS-0223,RICE,151,219,0,133,237,2026-03
INV-0003146,FPS,FPS-0223,WHEAT,80,186,0,165,101,2026-03
INV-0003147,FPS,FPS-0224,RICE,104,173,0,121,156,2026-03
INV-0003148,FPS,FPS-0224,WHEAT,193,170,0,139,224,2026-03
INV-0003149,FPS,FPS-0225,RICE,56,183,0,152,87,2026-03
INV-0003150,FPS,FPS-0225,WHEAT,225,170,0,103,292,2026-03
INV-0003151,FPS,FPS-0226,RICE,287,190,0,163,314,2026-03
INV-0003152,FPS,FPS-0226,WHEAT,66,152,0,96,122,2026-03
INV-0003153,FPS,FPS-0227,RICE,170,157,0,111,216,2026-03
INV-0003154,FPS,FPS-0227,WHEAT,111,167,0,130,148,2026-03
INV-0003155,FPS,FPS-0228,RICE,197,188,0,143,242,2026-03
INV-0003156,FPS,FPS-0228,WHEAT,128,198,0,136,190,2026-03
INV-0003157,FPS,FPS-0229,RICE,167,196,0,128,235,2026-03
INV-0003158,FPS,FPS-0229,WHEAT,286,187,0,114,359,2026-03
INV-0003159,FPS,FPS-0230,RICE,112,282,0,190,204,2026-03
INV-0003160,FPS,FPS-0230,WHEAT,118,202,0,148,172,2026-03
INV-0003161,FPS,FPS-0231,RICE,176,168,0,144,200,2026-03
INV-0003162,FPS,FPS-0231,WHEAT,196,182,0,127,251,2026-03
INV-0003163,FPS,FPS-0232,RICE,165,201,0,134,232,2026-03
INV-0003164,FPS,FPS-0232,WHEAT,107,172,0,109,170,2026-03
INV-0003165,FPS,FPS-0233,RICE,280,179,0,160,299,2026-03
INV-0003166,FPS,FPS-0233,WHEAT,281,179,0,147,313,2026-03
INV-0003167,FPS,FPS-0234,RICE,178,204,0,131,251,2026-03
INV-0003168,FPS,FPS-0234,WHEAT,56,163,0,114,105,2026-03
INV-0003169,FPS,FPS-0235,RICE,87,202,0,148,141,2026-03
INV-0003170,FPS,FPS-0235,WHEAT,203,181,0,144,240,2026-03
INV-0003171,FPS,FPS-0236,RICE,94,184,0,119,159,2026-03
INV-0003172,FPS,FPS-0236,WHEAT,140,176,0,132,184,2026-03
INV-0003173,FPS,FPS-0237,RICE,258,175,0,122,311,2026-03
INV-0003174,FPS,FPS-0237,WHEAT,265,164,0,118,311,2026-03
INV-0003175,FPS,FPS-0238,RICE,186,203,0,155,234,2026-03
INV-0003176,FPS,FPS-0238,WHEAT,168,201,0,180,189,2026-03
INV-0003177,FPS,FPS-0239,RICE,177,266,0,192,251,2026-03
INV-0003178,FPS,FPS-0239,WHEAT,298,143,0,122,319,2026-03
INV-0003179,FPS,FPS-0240,RICE,139,214,0,179,174,2026-03
INV-0003180,FPS,FPS-0240,WHEAT,68,204,0,142,130,2026-03
INV-0003181,FPS,FPS-0241,RICE,257,187,0,156,288,2026-03
INV-0003182,FPS,FPS-0241,WHEAT,244,180,0,153,271,2026-03
INV-0003183,FPS,FPS-0242,RICE,186,160,0,117,229,2026-03
INV-0003184,FPS,FPS-0242,WHEAT,249,130,0,101,278,2026-03
INV-0003185,FPS,FPS-0243,RICE,295,225,0,195,325,2026-03
INV-0003186,FPS,FPS-0243,WHEAT,276,184,0,112,348,2026-03
INV-0003187,FPS,FPS-0244,RICE,131,178,0,133,176,2026-03
INV-0003188,FPS,FPS-0244,WHEAT,113,162,0,126,149,2026-03
INV-0003189,FPS,FPS-0245,RICE,254,183,0,158,279,2026-03
INV-0003190,FPS,FPS-0245,WHEAT,108,190,0,153,145,2026-03
INV-0003191,FPS,FPS-0246,RICE,145,309,0,210,244,2026-03
INV-0003192,FPS,FPS-0246,WHEAT,113,185,0,133,165,2026-03
INV-0003193,FPS,FPS-0247,RICE,273,178,0,141,310,2026-03
INV-0003194,FPS,FPS-0247,WHEAT,84,175,0,111,148,2026-03
INV-0003195,FPS,FPS-0248,RICE,273,338,0,248,363,2026-03
INV-0003196,FPS,FPS-0248,WHEAT,54,190,0,124,120,2026-03
INV-0003197,FPS,FPS-0249,RICE,171,269,0,220,220,2026-03
INV-0003198,FPS,FPS-0249,WHEAT,174,183,0,128,229,2026-03
INV-0003199,FPS,FPS-0250,RICE,222,168,0,122,268,2026-03
INV-0003200,FPS,FPS-0250,WHEAT,194,143,0,121,216,2026-03
INV-0003201,FPS,FPS-0251,RICE,200,167,0,146,221,2026-03
INV-0003202,FPS,FPS-0251,WHEAT,68,149,0,125,92,2026-03
INV-0003203,FPS,FPS-0252,RICE,268,188,0,166,290,2026-03
INV-0003204,FPS,FPS-0252,WHEAT,231,179,0,150,260,2026-03
INV-0003205,FPS,FPS-0253,RICE,255,237,0,164,328,2026-03
INV-0003206,FPS,FPS-0253,WHEAT,90,162,0,123,129,2026-03
INV-0003207,FPS,FPS-0254,RICE,88,175,0,135,128,2026-03
INV-0003208,FPS,FPS-0254,WHEAT,272,179,0,139,312,2026-03
INV-0003209,FPS,FPS-0255,RICE,158,172,0,128,202,2026-03
INV-0003210,FPS,FPS-0255,WHEAT,269,191,0,138,322,2026-03
INV-0003211,FPS,FPS-0256,RICE,60,179,0,118,121,2026-03
INV-0003212,FPS,FPS-0256,WHEAT,127,164,0,122,169,2026-03
INV-0003213,FPS,FPS-0257,RICE,130,154,0,126,158,2026-03
INV-0003214,FPS,FPS-0257,WHEAT,280,189,0,154,315,2026-03
INV-0003215,FPS,FPS-0258,RICE,241,184,0,115,310,2026-03
INV-0003216,FPS,FPS-0258,WHEAT,170,160,0,115,215,2026-03
INV-0003217,FPS,FPS-0259,RICE,296,169,0,103,362,2026-03
INV-0003218,FPS,FPS-0259,WHEAT,237,170,0,128,279,2026-03
INV-0003219,FPS,FPS-0260,RICE,157,189,0,161,185,2026-03
INV-0003220,FPS,FPS-0260,WHEAT,205,173,0,145,233,2026-03
INV-0003221,FPS,FPS-0261,RICE,260,181,0,121,320,2026-03
INV-0003222,FPS,FPS-0261,WHEAT,245,170,0,109,306,2026-03
INV-0003223,FPS,FPS-0262,RICE,299,165,0,120,344,2026-03
INV-0003224,FPS,FPS-0262,WHEAT,148,181,0,145,184,2026-03
INV-0003225,FPS,FPS-0263,RICE,186,177,0,107,256,2026-03
INV-0003226,FPS,FPS-0263,WHEAT,153,177,0,120,210,2026-03
INV-0003227,FPS,FPS-0264,RICE,162,166,0,143,185,2026-03
INV-0003228,FPS,FPS-0264,WHEAT,123,174,0,107,190,2026-03
INV-0003229,FPS,FPS-0265,RICE,117,224,0,163,178,2026-03
INV-0003230,FPS,FPS-0265,WHEAT,151,185,0,157,179,2026-03
INV-0003231,FPS,FPS-0266,RICE,227,170,0,116,281,2026-03
INV-0003232,FPS,FPS-0266,WHEAT,272,177,0,137,312,2026-03
INV-0003233,FPS,FPS-0267,RICE,195,161,0,136,220,2026-03
INV-0003234,FPS,FPS-0267,WHEAT,293,163,0,116,340,2026-03
INV-0003235,FPS,FPS-0268,RICE,103,182,0,121,164,2026-03
INV-0003236,FPS,FPS-0268,WHEAT,91,189,0,164,116,2026-03
INV-0003237,FPS,FPS-0269,RICE,135,194,0,125,204,2026-03
INV-0003238,FPS,FPS-0269,WHEAT,93,171,0,137,127,2026-03
INV-0003239,FPS,FPS-0270,RICE,202,196,0,174,224,2026-03
INV-0003240,FPS,FPS-0270,WHEAT,93,185,0,131,147,2026-03
INV-0003241,FPS,FPS-0271,RICE,116,166,0,105,177,2026-03
INV-0003242,FPS,FPS-0271,WHEAT,131,182,0,138,175,2026-03
INV-0003243,FPS,FPS-0272,RICE,121,205,0,146,180,2026-03
INV-0003244,FPS,FPS-0272,WHEAT,289,181,0,143,327,2026-03
INV-0003245,FPS,FPS-0273,RICE,77,257,0,157,177,2026-03
INV-0003246,FPS,FPS-0273,WHEAT,86,159,0,116,129,2026-03
INV-0003247,FPS,FPS-0274,RICE,229,186,0,135,280,2026-03
INV-0003248,FPS,FPS-0274,WHEAT,129,160,0,129,160,2026-03
INV-0003249,FPS,FPS-0275,RICE,67,182,0,156,93,2026-03
INV-0003250,FPS,FPS-0275,WHEAT,162,178,0,122,218,2026-03
INV-0003251,FPS,FPS-0276,RICE,55,161,0,136,80,2026-03
INV-0003252,FPS,FPS-0276,WHEAT,231,181,0,138,274,2026-03
INV-0003253,FPS,FPS-0277,RICE,236,194,0,121,309,2026-03
INV-0003254,FPS,FPS-0277,WHEAT,94,185,0,140,139,2026-03
INV-0003255,FPS,FPS-0278,RICE,175,167,0,142,200,2026-03
INV-0003256,FPS,FPS-0278,WHEAT,108,149,0,129,128,2026-03
INV-0003257,FPS,FPS-0279,RICE,52,281,0,186,147,2026-03
INV-0003258,FPS,FPS-0279,WHEAT,113,203,0,129,187,2026-03
INV-0003259,FPS,FPS-0280,RICE,232,155,0,100,287,2026-03
INV-0003260,FPS,FPS-0280,WHEAT,224,144,0,93,275,2026-03
INV-0003261,FPS,FPS-0281,RICE,182,182,0,163,201,2026-03
INV-0003262,FPS,FPS-0281,WHEAT,245,159,0,110,294,2026-03
INV-0003263,FPS,FPS-0282,RICE,155,215,0,129,241,2026-03
INV-0003264,FPS,FPS-0282,WHEAT,70,159,0,111,118,2026-03
INV-0003265,FPS,FPS-0283,RICE,59,158,0,115,102,2026-03
INV-0003266,FPS,FPS-0283,WHEAT,290,180,0,159,311,2026-03
INV-0003267,FPS,FPS-0284,RICE,240,199,0,123,316,2026-03
INV-0003268,FPS,FPS-0284,WHEAT,161,203,0,159,205,2026-03
INV-0003269,FPS,FPS-0285,RICE,91,193,0,145,139,2026-03
INV-0003270,FPS,FPS-0285,WHEAT,241,168,0,128,281,2026-03
INV-0003271,FPS,FPS-0286,RICE,88,181,0,145,124,2026-03
INV-0003272,FPS,FPS-0286,WHEAT,164,181,0,117,228,2026-03
INV-0003273,FPS,FPS-0287,RICE,265,295,0,236,324,2026-03
INV-0003274,FPS,FPS-0287,WHEAT,145,229,0,184,190,2026-03
INV-0003275,FPS,FPS-0288,RICE,57,178,0,114,121,2026-03
INV-0003276,FPS,FPS-0288,WHEAT,90,189,0,146,133,2026-03
INV-0003277,FPS,FPS-0289,RICE,138,153,0,102,189,2026-03
INV-0003278,FPS,FPS-0289,WHEAT,293,150,0,98,345,2026-03
INV-0003279,FPS,FPS-0290,RICE,61,164,0,117,108,2026-03
INV-0003280,FPS,FPS-0290,WHEAT,71,179,0,120,130,2026-03
INV-0003281,FPS,FPS-0291,RICE,122,237,0,157,202,2026-03
INV-0003282,FPS,FPS-0291,WHEAT,284,174,0,153,305,2026-03
INV-0003283,FPS,FPS-0292,RICE,62,257,0,205,114,2026-03
INV-0003284,FPS,FPS-0292,WHEAT,75,168,0,133,110,2026-03
INV-0003285,FPS,FPS-0293,RICE,108,185,0,155,138,2026-03
INV-0003286,FPS,FPS-0293,WHEAT,297,173,0,121,349,2026-03
INV-0003287,FPS,FPS-0294,RICE,184,172,0,129,227,2026-03
INV-0003288,FPS,FPS-0294,WHEAT,71,170,0,136,105,2026-03
INV-0003289,FPS,FPS-0295,RICE,134,178,0,142,170,2026-03
INV-0003290,FPS,FPS-0295,WHEAT,123,194,0,127,190,2026-03
INV-0003291,FPS,FPS-0296,RICE,158,196,0,172,182,2026-03
INV-0003292,FPS,FPS-0296,WHEAT,69,175,0,125,119,2026-03
INV-0003293,FPS,FPS-0297,RICE,173,190,0,169,194,2026-03
INV-0003294,FPS,FPS-0297,WHEAT,122,178,0,112,188,2026-03
INV-0003295,FPS,FPS-0298,RICE,253,170,0,132,291,2026-03
INV-0003296,FPS,FPS-0298,WHEAT,259,173,0,133,299,2026-03
INV-0003297,FPS,FPS-0299,RICE,212,191,0,163,240,2026-03
INV-0003298,FPS,FPS-0299,WHEAT,220,176,0,151,245,2026-03
INV-0003299,FPS,FPS-0300,RICE,287,201,0,136,352,2026-03
INV-0003300,FPS,FPS-0300,WHEAT,156,167,0,141,182,2026-03
INV-0003301,FPS,FPS-0301,RICE,186,174,0,115,245,2026-03
INV-0003302,FPS,FPS-0301,WHEAT,154,161,0,126,189,2026-03
INV-0003303,FPS,FPS-0302,RICE,120,168,0,120,168,2026-03
INV-0003304,FPS,FPS-0302,WHEAT,105,170,0,142,133,2026-03
INV-0003305,FPS,FPS-0303,RICE,67,195,0,169,93,2026-03
INV-0003306,FPS,FPS-0303,WHEAT,129,177,0,111,195,2026-03
INV-0003307,FPS,FPS-0304,RICE,144,233,0,157,220,2026-03
INV-0003308,FPS,FPS-0304,WHEAT,167,162,0,136,193,2026-03
INV-0003309,FPS,FPS-0305,RICE,109,189,0,156,142,2026-03
INV-0003310,FPS,FPS-0305,WHEAT,104,187,0,131,160,2026-03
INV-0003311,FPS,FPS-0306,RICE,74,200,0,129,145,2026-03
INV-0003312,FPS,FPS-0306,WHEAT,99,174,0,130,143,2026-03
INV-0003313,FPS,FPS-0307,RICE,59,183,0,163,79,2026-03
INV-0003314,FPS,FPS-0307,WHEAT,125,152,0,107,170,2026-03
INV-0003315,FPS,FPS-0308,RICE,206,211,0,136,281,2026-03
INV-0003316,FPS,FPS-0308,WHEAT,275,176,0,150,301,2026-03
INV-0003317,FPS,FPS-0309,RICE,219,213,0,128,304,2026-03
INV-0003318,FPS,FPS-0309,WHEAT,169,156,0,100,225,2026-03
INV-0003319,FPS,FPS-0310,RICE,115,202,0,147,170,2026-03
INV-0003320,FPS,FPS-0310,WHEAT,205,196,0,135,266,2026-03
INV-0003321,FPS,FPS-0311,RICE,257,214,0,164,307,2026-03
INV-0003322,FPS,FPS-0311,WHEAT,92,193,0,119,166,2026-03
INV-0003323,FPS,FPS-0312,RICE,185,213,0,151,247,2026-03
INV-0003324,FPS,FPS-0312,WHEAT,113,170,0,114,169,2026-03
INV-0003325,FPS,FPS-0313,RICE,146,169,0,128,187,2026-03
INV-0003326,FPS,FPS-0313,WHEAT,215,184,0,115,284,2026-03
INV-0003327,FPS,FPS-0314,RICE,85,225,0,172,138,2026-03
INV-0003328,FPS,FPS-0314,WHEAT,268,187,0,131,324,2026-03
INV-0003329,FPS,FPS-0315,RICE,229,192,0,131,290,2026-03
INV-0003330,FPS,FPS-0315,WHEAT,153,167,0,102,218,2026-03
INV-0003331,FPS,FPS-0316,RICE,189,184,0,142,231,2026-03
INV-0003332,FPS,FPS-0316,WHEAT,79,188,0,116,151,2026-03
INV-0003333,FPS,FPS-0317,RICE,65,185,0,153,97,2026-03
INV-0003334,FPS,FPS-0317,WHEAT,176,177,0,153,200,2026-03
INV-0003335,FPS,FPS-0318,RICE,288,141,0,123,306,2026-03
INV-0003336,FPS,FPS-0318,WHEAT,111,177,0,140,148,2026-03
INV-0003337,FPS,FPS-0319,RICE,218,187,0,136,269,2026-03
INV-0003338,FPS,FPS-0319,WHEAT,156,165,0,112,209,2026-03
INV-0003339,FPS,FPS-0320,RICE,132,153,0,132,153,2026-03
INV-0003340,FPS,FPS-0320,WHEAT,67,191,0,162,96,2026-03
INV-0003341,FPS,FPS-0321,RICE,90,253,0,215,128,2026-03
INV-0003342,FPS,FPS-0321,WHEAT,156,177,0,120,213,2026-03
INV-0003343,FPS,FPS-0322,RICE,108,213,0,135,186,2026-03
INV-0003344,FPS,FPS-0322,WHEAT,262,197,0,129,330,2026-03
INV-0003345,FPS,FPS-0323,RICE,234,161,0,97,298,2026-03
INV-0003346,FPS,FPS-0323,WHEAT,163,196,0,164,195,2026-03
INV-0003347,FPS,FPS-0324,RICE,236,186,0,135,287,2026-03
INV-0003348,FPS,FPS-0324,WHEAT,207,179,0,110,276,2026-03
INV-0003349,FPS,FPS-0325,RICE,294,213,0,168,339,2026-03
INV-0003350,FPS,FPS-0325,WHEAT,295,152,0,105,342,2026-03
INV-0003351,FPS,FPS-0326,RICE,248,175,0,131,292,2026-03
INV-0003352,FPS,FPS-0326,WHEAT,206,165,0,122,249,2026-03
INV-0003353,FPS,FPS-0327,RICE,290,200,0,129,361,2026-03
INV-0003354,FPS,FPS-0327,WHEAT,61,157,0,114,104,2026-03
INV-0003355,FPS,FPS-0328,RICE,190,206,0,166,230,2026-03
INV-0003356,FPS,FPS-0328,WHEAT,260,174,0,151,283,2026-03
INV-0003357,FPS,FPS-0329,RICE,246,174,0,132,288,2026-03
INV-0003358,FPS,FPS-0329,WHEAT,209,179,0,146,242,2026-03
INV-0003359,FPS,FPS-0330,RICE,284,193,0,162,315,2026-03
INV-0003360,FPS,FPS-0330,WHEAT,190,190,0,142,238,2026-03
INV-0003361,FPS,FPS-0331,RICE,67,208,0,150,125,2026-03
INV-0003362,FPS,FPS-0331,WHEAT,53,184,0,150,87,2026-03
INV-0003363,FPS,FPS-0332,RICE,289,187,0,162,314,2026-03
INV-0003364,FPS,FPS-0332,WHEAT,255,172,0,143,284,2026-03
INV-0003365,FPS,FPS-0333,RICE,222,332,0,286,268,2026-03
INV-0003366,FPS,FPS-0333,WHEAT,286,222,0,174,334,2026-03
INV-0003367,FPS,FPS-0334,RICE,77,169,0,113,133,2026-03
INV-0003368,FPS,FPS-0334,WHEAT,190,182,0,159,213,2026-03
INV-0003369,FPS,FPS-0335,RICE,95,247,0,196,146,2026-03
INV-0003370,FPS,FPS-0335,WHEAT,127,166,0,149,144,2026-03
INV-0003371,FPS,FPS-0336,RICE,234,226,0,157,303,2026-03
INV-0003372,FPS,FPS-0336,WHEAT,206,148,0,104,250,2026-03
INV-0003373,FPS,FPS-0337,RICE,220,154,0,113,261,2026-03
INV-0003374,FPS,FPS-0337,WHEAT,117,179,0,117,179,2026-03
INV-0003375,FPS,FPS-0338,RICE,270,212,0,145,337,2026-03
INV-0003376,FPS,FPS-0338,WHEAT,291,191,0,168,314,2026-03
INV-0003377,FPS,FPS-0339,RICE,75,148,0,118,105,2026-03
INV-0003378,FPS,FPS-0339,WHEAT,116,170,0,126,160,2026-03
INV-0003379,FPS,FPS-0340,RICE,282,180,0,138,324,2026-03
INV-0003380,FPS,FPS-0340,WHEAT,267,174,0,126,315,2026-03
INV-0003381,FPS,FPS-0341,RICE,221,197,0,132,286,2026-03
INV-0003382,FPS,FPS-0341,WHEAT,170,171,0,148,193,2026-03
INV-0003383,FPS,FPS-0342,RICE,180,168,0,117,231,2026-03
INV-0003384,FPS,FPS-0342,WHEAT,227,167,0,115,279,2026-03
INV-0003385,FPS,FPS-0343,RICE,180,151,0,114,217,2026-03
INV-0003386,FPS,FPS-0343,WHEAT,256,186,0,144,298,2026-03
INV-0003387,FPS,FPS-0344,RICE,294,191,0,139,346,2026-03
INV-0003388,FPS,FPS-0344,WHEAT,117,176,0,149,144,2026-03
INV-0003389,FPS,FPS-0345,RICE,159,176,0,109,226,2026-03
INV-0003390,FPS,FPS-0345,WHEAT,151,166,0,135,182,2026-03
INV-0003391,FPS,FPS-0346,RICE,213,188,0,154,247,2026-03
INV-0003392,FPS,FPS-0346,WHEAT,97,175,0,146,126,2026-03
INV-0003393,FPS,FPS-0347,RICE,126,239,0,175,190,2026-03
INV-0003394,FPS,FPS-0347,WHEAT,125,193,0,154,164,2026-03
INV-0003395,FPS,FPS-0348,RICE,128,219,0,194,153,2026-03
INV-0003396,FPS,FPS-0348,WHEAT,239,186,0,134,291,2026-03
INV-0003397,FPS,FPS-0349,RICE,195,160,0,131,224,2026-03
INV-0003398,FPS,FPS-0349,WHEAT,166,181,0,123,224,2026-03
INV-0003399,FPS,FPS-0350,RICE,110,212,0,178,144,2026-03
INV-0003400,FPS,FPS-0350,WHEAT,280,185,0,166,299,2026-03
INV-0003401,FPS,FPS-0351,RICE,132,168,0,141,159,2026-03
INV-0003402,FPS,FPS-0351,WHEAT,262,173,0,116,319,2026-03
INV-0003403,FPS,FPS-0352,RICE,250,203,0,137,316,2026-03
INV-0003404,FPS,FPS-0352,WHEAT,92,203,0,126,169,2026-03
INV-0003405,FPS,FPS-0353,RICE,254,211,0,180,285,2026-03
INV-0003406,FPS,FPS-0353,WHEAT,208,199,0,175,232,2026-03
INV-0003407,FPS,FPS-0354,RICE,297,184,0,133,348,2026-03
INV-0003408,FPS,FPS-0354,WHEAT,60,160,0,133,87,2026-03
INV-0003409,FPS,FPS-0355,RICE,293,198,0,154,337,2026-03
INV-0003410,FPS,FPS-0355,WHEAT,218,174,0,112,280,2026-03
INV-0003411,FPS,FPS-0356,RICE,228,185,0,146,267,2026-03
INV-0003412,FPS,FPS-0356,WHEAT,137,179,0,112,204,2026-03
INV-0003413,FPS,FPS-0357,RICE,133,161,0,112,182,2026-03
INV-0003414,FPS,FPS-0357,WHEAT,86,161,0,99,148,2026-03
INV-0003415,FPS,FPS-0358,RICE,182,183,0,150,215,2026-03
INV-0003416,FPS,FPS-0358,WHEAT,133,174,0,117,190,2026-03
INV-0003417,FPS,FPS-0359,RICE,266,326,0,252,340,2026-03
INV-0003418,FPS,FPS-0359,WHEAT,53,194,0,162,85,2026-03
INV-0003419,FPS,FPS-0360,RICE,173,201,0,145,229,2026-03
INV-0003420,FPS,FPS-0360,WHEAT,61,168,0,142,87,2026-03
INV-0003421,FPS,FPS-0361,RICE,175,202,0,164,213,2026-03
INV-0003422,FPS,FPS-0361,WHEAT,285,163,0,112,336,2026-03
INV-0003423,FPS,FPS-0362,RICE,137,155,0,115,177,2026-03
INV-0003424,FPS,FPS-0362,WHEAT,248,187,0,165,270,2026-03
INV-0003425,FPS,FPS-0363,RICE,200,183,0,135,248,2026-03
INV-0003426,FPS,FPS-0363,WHEAT,155,166,0,135,186,2026-03
INV-0003427,FPS,FPS-0364,RICE,180,183,0,135,228,2026-03
INV-0003428,FPS,FPS-0364,WHEAT,288,202,0,180,310,2026-03
INV-0003429,FPS,FPS-0365,RICE,92,168,0,143,117,2026-03
INV-0003430,FPS,FPS-0365,WHEAT,143,200,0,142,201,2026-03
INV-0003431,FPS,FPS-0366,RICE,53,190,0,136,107,2026-03
INV-0003432,FPS,FPS-0366,WHEAT,59,190,0,152,97,2026-03
INV-0003433,FPS,FPS-0367,RICE,98,173,0,153,118,2026-03
INV-0003434,FPS,FPS-0367,WHEAT,86,136,0,113,109,2026-03
INV-0003435,FPS,FPS-0368,RICE,148,187,0,150,185,2026-03
INV-0003436,FPS,FPS-0368,WHEAT,119,161,0,96,184,2026-03
INV-0003437,FPS,FPS-0369,RICE,53,171,0,148,76,2026-03
INV-0003438,FPS,FPS-0369,WHEAT,245,190,0,166,269,2026-03
INV-0003439,FPS,FPS-0370,RICE,147,201,0,135,213,2026-03
INV-0003440,FPS,FPS-0370,WHEAT,184,158,0,121,221,2026-03
INV-0003441,FPS,FPS-0371,RICE,122,152,0,111,163,2026-03
INV-0003442,FPS,FPS-0371,WHEAT,132,164,0,110,186,2026-03
INV-0003443,FPS,FPS-0372,RICE,259,186,0,155,290,2026-03
INV-0003444,FPS,FPS-0372,WHEAT,144,179,0,156,167,2026-03
INV-0003445,FPS,FPS-0373,RICE,161,165,0,119,207,2026-03
INV-0003446,FPS,FPS-0373,WHEAT,223,179,0,126,276,2026-03
INV-0003447,FPS,FPS-0374,RICE,251,159,0,108,302,2026-03
INV-0003448,FPS,FPS-0374,WHEAT,294,175,0,130,339,2026-03
INV-0003449,FPS,FPS-0375,RICE,238,171,0,104,305,2026-03
INV-0003450,FPS,FPS-0375,WHEAT,209,171,0,103,277,2026-03
INV-0003451,FPS,FPS-0376,RICE,117,202,0,177,142,2026-03
INV-0003452,FPS,FPS-0376,WHEAT,168,171,0,151,188,2026-03
INV-0003453,FPS,FPS-0377,RICE,289,180,0,152,317,2026-03
INV-0003454,FPS,FPS-0377,WHEAT,80,179,0,109,150,2026-03
INV-0003455,FPS,FPS-0378,RICE,137,241,0,191,187,2026-03
INV-0003456,FPS,FPS-0378,WHEAT,299,180,0,145,334,2026-03
INV-0003457,FPS,FPS-0379,RICE,72,179,0,136,115,2026-03
INV-0003458,FPS,FPS-0379,WHEAT,291,196,0,165,322,2026-03
INV-0003459,FPS,FPS-0380,RICE,151,205,0,137,219,2026-03
INV-0003460,FPS,FPS-0380,WHEAT,223,163,0,126,260,2026-03
INV-0003461,FPS,FPS-0381,RICE,128,167,0,148,147,2026-03
INV-0003462,FPS,FPS-0381,WHEAT,150,195,0,148,197,2026-03
INV-0003463,FPS,FPS-0382,RICE,72,183,0,152,103,2026-03
INV-0003464,FPS,FPS-0382,WHEAT,177,197,0,137,237,2026-03
INV-0003465,FPS,FPS-0383,RICE,137,185,0,162,160,2026-03
INV-0003466,FPS,FPS-0383,WHEAT,188,175,0,140,223,2026-03
INV-0003467,FPS,FPS-0384,RICE,273,247,0,174,346,2026-03
INV-0003468,FPS,FPS-0384,WHEAT,254,162,0,131,285,2026-03
INV-0003469,FPS,FPS-0385,RICE,221,271,0,215,277,2026-03
INV-0003470,FPS,FPS-0385,WHEAT,78,173,0,122,129,2026-03
INV-0003471,FPS,FPS-0386,RICE,243,174,0,139,278,2026-03
INV-0003472,FPS,FPS-0386,WHEAT,146,172,0,139,179,2026-03
INV-0003473,FPS,FPS-0387,RICE,52,273,0,244,81,2026-03
INV-0003474,FPS,FPS-0387,WHEAT,184,186,0,163,207,2026-03
INV-0003475,FPS,FPS-0388,RICE,251,144,0,110,285,2026-03
INV-0003476,FPS,FPS-0388,WHEAT,54,163,0,117,100,2026-03
INV-0003477,FPS,FPS-0389,RICE,205,197,0,123,279,2026-03
INV-0003478,FPS,FPS-0389,WHEAT,168,184,0,160,192,2026-03
INV-0003479,FPS,FPS-0390,RICE,238,206,0,162,282,2026-03
INV-0003480,FPS,FPS-0390,WHEAT,237,188,0,145,280,2026-03
INV-0003481,FPS,FPS-0391,RICE,167,212,0,162,217,2026-03
INV-0003482,FPS,FPS-0391,WHEAT,171,186,0,113,244,2026-03
INV-0003483,FPS,FPS-0392,RICE,152,192,0,157,187,2026-03
INV-0003484,FPS,FPS-0392,WHEAT,159,167,0,119,207,2026-03
INV-0003485,FPS,FPS-0393,RICE,116,197,0,168,145,2026-03
INV-0003486,FPS,FPS-0393,WHEAT,228,179,0,160,247,2026-03
INV-0003487,FPS,FPS-0394,RICE,273,221,0,157,337,2026-03
INV-0003488,FPS,FPS-0394,WHEAT,215,190,0,116,289,2026-03
INV-0003489,FPS,FPS-0395,RICE,203,171,0,129,245,2026-03
INV-0003490,FPS,FPS-0395,WHEAT,229,145,0,113,261,2026-03
INV-0003491,FPS,FPS-0396,RICE,167,185,0,118,234,2026-03
INV-0003492,FPS,FPS-0396,WHEAT,78,178,0,113,143,2026-03
INV-0003493,FPS,FPS-0397,RICE,239,180,0,156,263,2026-03
INV-0003494,FPS,FPS-0397,WHEAT,102,189,0,148,143,2026-03
INV-0003495,FPS,FPS-0398,RICE,144,176,0,127,193,2026-03
INV-0003496,FPS,FPS-0398,WHEAT,89,177,0,145,121,2026-03
INV-0003497,FPS,FPS-0399,RICE,64,170,0,136,98,2026-03
INV-0003498,FPS,FPS-0399,WHEAT,259,170,0,149,280,2026-03
INV-0003499,FPS,FPS-0400,RICE,225,218,0,134,309,2026-03
INV-0003500,FPS,FPS-0400,WHEAT,178,178,0,134,222,2026-03
INV-0003501,FPS,FPS-0401,RICE,100,224,0,199,125,2026-03
INV-0003502,FPS,FPS-0401,WHEAT,123,202,0,174,151,2026-03
INV-0003503,FPS,FPS-0402,RICE,251,185,0,154,282,2026-03
INV-0003504,FPS,FPS-0402,WHEAT,139,186,0,140,185,2026-03
INV-0003505,FPS,FPS-0403,RICE,190,182,0,153,219,2026-03
INV-0003506,FPS,FPS-0403,WHEAT,103,191,0,154,140,2026-03
INV-0003507,FPS,FPS-0404,RICE,158,193,0,146,205,2026-03
INV-0003508,FPS,FPS-0404,WHEAT,84,213,0,129,168,2026-03
INV-0003509,FPS,FPS-0405,RICE,159,186,0,137,208,2026-03
INV-0003510,FPS,FPS-0405,WHEAT,224,178,0,149,253,2026-03
INV-0003511,FPS,FPS-0406,RICE,85,223,0,189,119,2026-03
INV-0003512,FPS,FPS-0406,WHEAT,203,177,0,156,224,2026-03
INV-0003513,FPS,FPS-0407,RICE,243,190,0,134,299,2026-03
INV-0003514,FPS,FPS-0407,WHEAT,248,171,0,119,300,2026-03
INV-0003515,FPS,FPS-0408,RICE,78,181,0,116,143,2026-03
INV-0003516,FPS,FPS-0408,WHEAT,104,155,0,96,163,2026-03
INV-0003517,FPS,FPS-0409,RICE,230,188,0,159,259,2026-03
INV-0003518,FPS,FPS-0409,WHEAT,290,162,0,109,343,2026-03
INV-0003519,FPS,FPS-0410,RICE,97,254,0,225,126,2026-03
INV-0003520,FPS,FPS-0410,WHEAT,152,207,0,162,197,2026-03
INV-0003521,FPS,FPS-0411,RICE,115,187,0,127,175,2026-03
INV-0003522,FPS,FPS-0411,WHEAT,60,170,0,134,96,2026-03
INV-0003523,FPS,FPS-0412,RICE,261,219,0,159,321,2026-03
INV-0003524,FPS,FPS-0412,WHEAT,229,169,0,143,255,2026-03
INV-0003525,FPS,FPS-0413,RICE,83,138,0,95,126,2026-03
INV-0003526,FPS,FPS-0413,WHEAT,299,150,0,121,328,2026-03
INV-0003527,FPS,FPS-0414,RICE,138,230,0,158,210,2026-03
INV-0003528,FPS,FPS-0414,WHEAT,188,178,0,152,214,2026-03
INV-0003529,FPS,FPS-0415,RICE,283,201,0,179,305,2026-03
INV-0003530,FPS,FPS-0415,WHEAT,187,152,0,105,234,2026-03
INV-0003531,FPS,FPS-0416,RICE,233,180,0,145,268,2026-03
INV-0003532,FPS,FPS-0416,WHEAT,106,174,0,112,168,2026-03
INV-0003533,FPS,FPS-0417,RICE,76,148,0,98,126,2026-03
INV-0003534,FPS,FPS-0417,WHEAT,123,161,0,96,188,2026-03
INV-0003535,FPS,FPS-0418,RICE,198,235,0,169,264,2026-03
INV-0003536,FPS,FPS-0418,WHEAT,80,199,0,132,147,2026-03
INV-0003537,FPS,FPS-0419,RICE,59,216,0,151,124,2026-03
INV-0003538,FPS,FPS-0419,WHEAT,127,175,0,151,151,2026-03
INV-0003539,FPS,FPS-0420,RICE,220,210,0,160,270,2026-03
INV-0003540,FPS,FPS-0420,WHEAT,85,182,0,147,120,2026-03
INV-0003541,FPS,FPS-0421,RICE,185,232,0,181,236,2026-03
INV-0003542,FPS,FPS-0421,WHEAT,84,157,0,112,129,2026-03
INV-0003543,FPS,FPS-0422,RICE,172,207,0,169,210,2026-03
INV-0003544,FPS,FPS-0422,WHEAT,99,181,0,145,135,2026-03
INV-0003545,FPS,FPS-0423,RICE,83,164,0,145,102,2026-03
INV-0003546,FPS,FPS-0423,WHEAT,202,195,0,153,244,2026-03
INV-0003547,FPS,FPS-0424,RICE,261,200,0,124,337,2026-03
INV-0003548,FPS,FPS-0424,WHEAT,257,156,0,130,283,2026-03
INV-0003549,FPS,FPS-0425,RICE,265,174,0,112,327,2026-03
INV-0003550,FPS,FPS-0425,WHEAT,228,173,0,112,289,2026-03
INV-0003551,FPS,FPS-0426,RICE,62,235,0,175,122,2026-03
INV-0003552,FPS,FPS-0426,WHEAT,158,150,0,104,204,2026-03
INV-0003553,FPS,FPS-0427,RICE,229,173,0,124,278,2026-03
INV-0003554,FPS,FPS-0427,WHEAT,248,182,0,149,281,2026-03
INV-0003555,FPS,FPS-0428,RICE,125,182,0,154,153,2026-03
INV-0003556,FPS,FPS-0428,WHEAT,146,164,0,147,163,2026-03
INV-0003557,FPS,FPS-0429,RICE,133,178,0,152,159,2026-03
INV-0003558,FPS,FPS-0429,WHEAT,185,184,0,133,236,2026-03
INV-0003559,FPS,FPS-0430,RICE,273,179,0,118,334,2026-03
INV-0003560,FPS,FPS-0430,WHEAT,253,205,0,150,308,2026-03
INV-0003561,FPS,FPS-0431,RICE,169,153,0,114,208,2026-03
INV-0003562,FPS,FPS-0431,WHEAT,107,185,0,138,154,2026-03
INV-0003563,FPS,FPS-0432,RICE,255,309,0,216,348,2026-03
INV-0003564,FPS,FPS-0432,WHEAT,88,210,0,130,168,2026-03
INV-0003565,FPS,FPS-0433,RICE,247,150,0,125,272,2026-03
INV-0003566,FPS,FPS-0433,WHEAT,136,179,0,115,200,2026-03
INV-0003567,FPS,FPS-0434,RICE,107,226,0,176,157,2026-03
INV-0003568,FPS,FPS-0434,WHEAT,230,206,0,166,270,2026-03
INV-0003569,FPS,FPS-0435,RICE,79,208,0,143,144,2026-03
INV-0003570,FPS,FPS-0435,WHEAT,282,178,0,145,315,2026-03
INV-0003571,FPS,FPS-0436,RICE,107,204,0,128,183,2026-03
INV-0003572,FPS,FPS-0436,WHEAT,227,170,0,149,248,2026-03
INV-0003573,FPS,FPS-0437,RICE,112,172,0,138,146,2026-03
INV-0003574,FPS,FPS-0437,WHEAT,278,153,0,137,294,2026-03
INV-0003575,FPS,FPS-0438,RICE,64,192,0,141,115,2026-03
INV-0003576,FPS,FPS-0438,WHEAT,229,182,0,139,272,2026-03
INV-0003577,FPS,FPS-0439,RICE,212,216,0,178,250,2026-03
INV-0003578,FPS,FPS-0439,WHEAT,59,192,0,145,106,2026-03
INV-0003579,FPS,FPS-0440,RICE,192,172,0,121,243,2026-03
INV-0003580,FPS,FPS-0440,WHEAT,243,162,0,112,293,2026-03
INV-0003581,FPS,FPS-0441,RICE,228,256,0,182,302,2026-03
INV-0003582,FPS,FPS-0441,WHEAT,247,167,0,140,274,2026-03
INV-0003583,FPS,FPS-0442,RICE,221,193,0,133,281,2026-03
INV-0003584,FPS,FPS-0442,WHEAT,226,183,0,112,297,2026-03
INV-0003585,FPS,FPS-0443,RICE,108,151,0,112,147,2026-03
INV-0003586,FPS,FPS-0443,WHEAT,242,168,0,113,297,2026-03
INV-0003587,FPS,FPS-0444,RICE,166,151,0,127,190,2026-03
INV-0003588,FPS,FPS-0444,WHEAT,147,181,0,119,209,2026-03
INV-0003589,FPS,FPS-0445,RICE,157,187,0,123,221,2026-03
INV-0003590,FPS,FPS-0445,WHEAT,267,185,0,144,308,2026-03
INV-0003591,FPS,FPS-0446,RICE,86,164,0,100,150,2026-03
INV-0003592,FPS,FPS-0446,WHEAT,258,157,0,97,318,2026-03
INV-0003593,FPS,FPS-0447,RICE,242,175,0,150,267,2026-03
INV-0003594,FPS,FPS-0447,WHEAT,186,165,0,115,236,2026-03
INV-0003595,FPS,FPS-0448,RICE,214,181,0,131,264,2026-03
INV-0003596,FPS,FPS-0448,WHEAT,237,185,0,158,264,2026-03
INV-0003597,FPS,FPS-0449,RICE,61,176,0,113,124,2026-03
INV-0003598,FPS,FPS-0449,WHEAT,298,171,0,104,365,2026-03
INV-0003599,FPS,FPS-0450,RICE,110,197,0,144,163,2026-03
INV-0003600,FPS,FPS-0450,WHEAT,66,182,0,118,130,2026-03
INV-0003601,FPS,FPS-0451,RICE,102,286,0,208,180,2026-03
INV-0003602,FPS,FPS-0451,WHEAT,193,182,0,113,262,2026-03
INV-0003603,FPS,FPS-0452,RICE,95,189,0,116,168,2026-03
INV-0003604,FPS,FPS-0452,WHEAT,124,160,0,121,163,2026-03
INV-0003605,FPS,FPS-0453,RICE,62,193,0,173,82,2026-03
INV-0003606,FPS,FPS-0453,WHEAT,294,174,0,136,332,2026-03
INV-0003607,FPS,FPS-0454,RICE,184,194,0,155,223,2026-03
INV-0003608,FPS,FPS-0454,WHEAT,290,174,0,139,325,2026-03
INV-0003609,FPS,FPS-0455,RICE,208,161,0,131,238,2026-03
INV-0003610,FPS,FPS-0455,WHEAT,86,151,0,91,146,2026-03
INV-0003611,FPS,FPS-0456,RICE,90,165,0,144,111,2026-03
INV-0003612,FPS,FPS-0456,WHEAT,279,168,0,106,341,2026-03
INV-0003613,FPS,FPS-0457,RICE,81,188,0,164,105,2026-03
INV-0003614,FPS,FPS-0457,WHEAT,162,181,0,114,229,2026-03
INV-0003615,FPS,FPS-0458,RICE,68,183,0,129,122,2026-03
INV-0003616,FPS,FPS-0458,WHEAT,258,213,0,146,325,2026-03
INV-0003617,FPS,FPS-0459,RICE,287,187,0,113,361,2026-03
INV-0003618,FPS,FPS-0459,WHEAT,174,172,0,113,233,2026-03
INV-0003619,FPS,FPS-0460,RICE,131,181,0,157,155,2026-03
INV-0003620,FPS,FPS-0460,WHEAT,223,160,0,107,276,2026-03
INV-0003621,FPS,FPS-0461,RICE,238,195,0,169,264,2026-03
INV-0003622,FPS,FPS-0461,WHEAT,108,185,0,144,149,2026-03
INV-0003623,FPS,FPS-0462,RICE,216,181,0,116,281,2026-03
INV-0003624,FPS,FPS-0462,WHEAT,96,184,0,163,117,2026-03
INV-0003625,FPS,FPS-0463,RICE,73,246,0,177,142,2026-03
INV-0003626,FPS,FPS-0463,WHEAT,237,174,0,109,302,2026-03
INV-0003627,FPS,FPS-0464,RICE,230,192,0,155,267,2026-03
INV-0003628,FPS,FPS-0464,WHEAT,120,175,0,141,154,2026-03
INV-0003629,FPS,FPS-0465,RICE,85,191,0,134,142,2026-03
INV-0003630,FPS,FPS-0465,WHEAT,106,152,0,124,134,2026-03
INV-0003631,FPS,FPS-0466,RICE,283,153,0,133,303,2026-03
INV-0003632,FPS,FPS-0466,WHEAT,216,202,0,144,274,2026-03
INV-0003633,FPS,FPS-0467,RICE,286,186,0,133,339,2026-03
INV-0003634,FPS,FPS-0467,WHEAT,193,187,0,152,228,2026-03
INV-0003635,FPS,FPS-0468,RICE,238,171,0,105,304,2026-03
INV-0003636,FPS,FPS-0468,WHEAT,223,179,0,143,259,2026-03
INV-0003637,FPS,FPS-0469,RICE,224,197,0,126,295,2026-03
INV-0003638,FPS,FPS-0469,WHEAT,150,159,0,103,206,2026-03
INV-0003639,FPS,FPS-0470,RICE,99,271,0,186,184,2026-03
INV-0003640,FPS,FPS-0470,WHEAT,214,184,0,157,241,2026-03
INV-0003641,FPS,FPS-0471,RICE,250,179,0,130,299,2026-03
INV-0003642,FPS,FPS-0471,WHEAT,130,138,0,82,186,2026-03
INV-0003643,FPS,FPS-0472,RICE,264,239,0,180,323,2026-03
INV-0003644,FPS,FPS-0472,WHEAT,186,169,0,133,222,2026-03
INV-0003645,FPS,FPS-0473,RICE,58,186,0,123,121,2026-03
INV-0003646,FPS,FPS-0473,WHEAT,186,185,0,123,248,2026-03
INV-0003647,FPS,FPS-0474,RICE,77,188,0,125,140,2026-03
INV-0003648,FPS,FPS-0474,WHEAT,188,178,0,140,226,2026-03
INV-0003649,FPS,FPS-0475,RICE,63,197,0,162,98,2026-03
INV-0003650,FPS,FPS-0475,WHEAT,246,174,0,144,276,2026-03
INV-0003651,FPS,FPS-0476,RICE,184,185,0,153,216,2026-03
INV-0003652,FPS,FPS-0476,WHEAT,92,187,0,129,150,2026-03
INV-0003653,FPS,FPS-0477,RICE,160,197,0,167,190,2026-03
INV-0003654,FPS,FPS-0477,WHEAT,176,188,0,164,200,2026-03
INV-0003655,FPS,FPS-0478,RICE,171,192,0,129,234,2026-03
INV-0003656,FPS,FPS-0478,WHEAT,247,177,0,157,267,2026-03
INV-0003657,FPS,FPS-0479,RICE,171,220,0,154,237,2026-03
INV-0003658,FPS,FPS-0479,WHEAT,202,165,0,131,236,2026-03
INV-0003659,FPS,FPS-0480,RICE,122,155,0,95,182,2026-03
INV-0003660,FPS,FPS-0480,WHEAT,171,177,0,130,218,2026-03
INV-0003661,FPS,FPS-0481,RICE,118,199,0,134,183,2026-03
INV-0003662,FPS,FPS-0481,WHEAT,181,182,0,154,209,2026-03
INV-0003663,FPS,FPS-0482,RICE,93,143,0,111,125,2026-03
INV-0003664,FPS,FPS-0482,WHEAT,181,188,0,121,248,2026-03
INV-0003665,FPS,FPS-0483,RICE,297,206,0,152,351,2026-03
INV-0003666,FPS,FPS-0483,WHEAT,208,189,0,123,274,2026-03
INV-0003667,FPS,FPS-0484,RICE,200,183,0,111,272,2026-03
INV-0003668,FPS,FPS-0484,WHEAT,285,189,0,134,340,2026-03
INV-0003669,FPS,FPS-0485,RICE,293,183,0,122,354,2026-03
INV-0003670,FPS,FPS-0485,WHEAT,213,189,0,162,240,2026-03
INV-0003671,FPS,FPS-0486,RICE,70,170,0,151,89,2026-03
INV-0003672,FPS,FPS-0486,WHEAT,130,187,0,143,174,2026-03
INV-0003673,FPS,FPS-0487,RICE,166,170,0,114,222,2026-03
INV-0003674,FPS,FPS-0487,WHEAT,219,190,0,122,287,2026-03
INV-0003675,FPS,FPS-0488,RICE,286,187,0,117,356,2026-03
INV-0003676,FPS,FPS-0488,WHEAT,121,183,0,135,169,2026-03
INV-0003677,FPS,FPS-0489,RICE,191,176,0,109,258,2026-03
INV-0003678,FPS,FPS-0489,WHEAT,263,195,0,149,309,2026-03
INV-0003679,FPS,FPS-0490,RICE,194,216,0,171,239,2026-03
INV-0003680,FPS,FPS-0490,WHEAT,229,171,0,107,293,2026-03
INV-0003681,FPS,FPS-0491,RICE,128,218,0,143,203,2026-03
INV-0003682,FPS,FPS-0491,WHEAT,268,169,0,145,292,2026-03
INV-0003683,FPS,FPS-0492,RICE,122,262,0,233,151,2026-03
INV-0003684,FPS,FPS-0492,WHEAT,115,226,0,158,183,2026-03
INV-0003685,FPS,FPS-0493,RICE,128,182,0,163,147,2026-03
INV-0003686,FPS,FPS-0493,WHEAT,237,197,0,135,299,2026-03
INV-0003687,FPS,FPS-0494,RICE,235,199,0,130,304,2026-03
INV-0003688,FPS,FPS-0494,WHEAT,275,189,0,123,341,2026-03
INV-0003689,FPS,FPS-0495,RICE,97,159,0,125,131,2026-03
INV-0003690,FPS,FPS-0495,WHEAT,223,161,0,103,281,2026-03
INV-0003691,FPS,FPS-0496,RICE,95,154,0,103,146,2026-03
INV-0003692,FPS,FPS-0496,WHEAT,121,196,0,163,154,2026-03
INV-0003693,FPS,FPS-0497,RICE,277,187,0,149,315,2026-03
INV-0003694,FPS,FPS-0497,WHEAT,134,160,0,113,181,2026-03
INV-0003695,FPS,FPS-0498,RICE,256,175,0,143,288,2026-03
INV-0003696,FPS,FPS-0498,WHEAT,241,156,0,122,275,2026-03
INV-0003697,FPS,FPS-0499,RICE,161,228,0,158,231,2026-03
INV-0003698,FPS,FPS-0499,WHEAT,236,178,0,148,266,2026-03
INV-0003699,FPS,FPS-0500,RICE,277,182,0,137,322,2026-03
INV-0003700,FPS,FPS-0500,WHEAT,162,186,0,160,188,2026-03
INV-0003701,FPS,FPS-0501,RICE,251,165,0,129,287,2026-03
INV-0003702,FPS,FPS-0501,WHEAT,187,176,0,110,253,2026-03
INV-0003703,FPS,FPS-0502,RICE,250,213,0,155,308,2026-03
INV-0003704,FPS,FPS-0502,WHEAT,96,167,0,128,135,2026-03
INV-0003705,FPS,FPS-0503,RICE,68,190,0,122,136,2026-03
INV-0003706,FPS,FPS-0503,WHEAT,266,179,0,124,321,2026-03
INV-0003707,FPS,FPS-0504,RICE,59,170,0,143,86,2026-03
INV-0003708,FPS,FPS-0504,WHEAT,155,164,0,124,195,2026-03
INV-0003709,FPS,FPS-0505,RICE,117,184,0,143,158,2026-03
INV-0003710,FPS,FPS-0505,WHEAT,210,176,0,108,278,2026-03
INV-0003711,FPS,FPS-0506,RICE,56,174,0,146,84,2026-03
INV-0003712,FPS,FPS-0506,WHEAT,219,194,0,132,281,2026-03
INV-0003713,FPS,FPS-0507,RICE,216,176,0,118,274,2026-03
INV-0003714,FPS,FPS-0507,WHEAT,138,189,0,161,166,2026-03
INV-0003715,FPS,FPS-0508,RICE,72,238,0,178,132,2026-03
INV-0003716,FPS,FPS-0508,WHEAT,277,171,0,149,299,2026-03
INV-0003717,FPS,FPS-0509,RICE,170,170,0,144,196,2026-03
INV-0003718,FPS,FPS-0509,WHEAT,277,156,0,128,305,2026-03
INV-0003719,FPS,FPS-0510,RICE,115,160,0,111,164,2026-03
INV-0003720,FPS,FPS-0510,WHEAT,248,170,0,125,293,2026-03
INV-0003721,FPS,FPS-0511,RICE,226,166,0,106,286,2026-03
INV-0003722,FPS,FPS-0511,WHEAT,81,173,0,132,122,2026-03
INV-0003723,FPS,FPS-0512,RICE,157,162,0,117,202,2026-03
INV-0003724,FPS,FPS-0512,WHEAT,90,147,0,101,136,2026-03
INV-0003725,FPS,FPS-0513,RICE,145,161,0,106,200,2026-03
INV-0003726,FPS,FPS-0513,WHEAT,133,173,0,154,152,2026-03
INV-0003727,FPS,FPS-0514,RICE,285,177,0,147,315,2026-03
INV-0003728,FPS,FPS-0514,WHEAT,212,167,0,106,273,2026-03
INV-0003729,FPS,FPS-0515,RICE,175,203,0,128,250,2026-03
INV-0003730,FPS,FPS-0515,WHEAT,86,172,0,130,128,2026-03
INV-0003731,FPS,FPS-0516,RICE,258,183,0,162,279,2026-03
INV-0003732,FPS,FPS-0516,WHEAT,108,176,0,109,175,2026-03
INV-0003733,FPS,FPS-0517,RICE,292,177,0,142,327,2026-03
INV-0003734,FPS,FPS-0517,WHEAT,158,193,0,166,185,2026-03
INV-0003735,FPS,FPS-0518,RICE,236,183,0,140,279,2026-03
INV-0003736,FPS,FPS-0518,WHEAT,261,172,0,145,288,2026-03
INV-0003737,FPS,FPS-0519,RICE,63,166,0,103,126,2026-03
INV-0003738,FPS,FPS-0519,WHEAT,209,174,0,150,233,2026-03
INV-0003739,FPS,FPS-0520,RICE,78,187,0,160,105,2026-03
INV-0003740,FPS,FPS-0520,WHEAT,119,168,0,149,138,2026-03
INV-0003741,FPS,FPS-0521,RICE,145,223,0,172,196,2026-03
INV-0003742,FPS,FPS-0521,WHEAT,152,182,0,125,209,2026-03
INV-0003743,FPS,FPS-0522,RICE,86,219,0,175,130,2026-03
INV-0003744,FPS,FPS-0522,WHEAT,272,200,0,157,315,2026-03
INV-0003745,FPS,FPS-0523,RICE,289,193,0,149,333,2026-03
INV-0003746,FPS,FPS-0523,WHEAT,232,171,0,148,255,2026-03
INV-0003747,FPS,FPS-0524,RICE,299,194,0,158,335,2026-03
INV-0003748,FPS,FPS-0524,WHEAT,201,179,0,159,221,2026-03
INV-0003749,FPS,FPS-0525,RICE,256,178,0,142,292,2026-03
INV-0003750,FPS,FPS-0525,WHEAT,183,181,0,142,222,2026-03
INV-0003751,FPS,FPS-0526,RICE,60,192,0,121,131,2026-03
INV-0003752,FPS,FPS-0526,WHEAT,131,168,0,130,169,2026-03
INV-0003753,FPS,FPS-0527,RICE,254,206,0,147,313,2026-03
INV-0003754,FPS,FPS-0527,WHEAT,266,192,0,122,336,2026-03
INV-0003755,FPS,FPS-0528,RICE,83,194,0,145,132,2026-03
INV-0003756,FPS,FPS-0528,WHEAT,174,179,0,155,198,2026-03
INV-0003757,FPS,FPS-0529,RICE,288,226,0,178,336,2026-03
INV-0003758,FPS,FPS-0529,WHEAT,78,171,0,137,112,2026-03
INV-0003759,FPS,FPS-0530,RICE,295,162,0,141,316,2026-03
INV-0003760,FPS,FPS-0530,WHEAT,141,170,0,136,175,2026-03
INV-0003761,FPS,FPS-0531,RICE,153,185,0,142,196,2026-03
INV-0003762,FPS,FPS-0531,WHEAT,199,194,0,142,251,2026-03
INV-0003763,FPS,FPS-0532,RICE,297,177,0,127,347,2026-03
INV-0003764,FPS,FPS-0532,WHEAT,237,194,0,126,305,2026-03
INV-0003765,FPS,FPS-0533,RICE,79,227,0,168,138,2026-03
INV-0003766,FPS,FPS-0533,WHEAT,79,177,0,138,118,2026-03
INV-0003767,FPS,FPS-0534,RICE,220,162,0,105,277,2026-03
INV-0003768,FPS,FPS-0534,WHEAT,263,198,0,164,297,2026-03
INV-0003769,FPS,FPS-0535,RICE,294,182,0,119,357,2026-03
INV-0003770,FPS,FPS-0535,WHEAT,231,177,0,145,263,2026-03
INV-0003771,FPS,FPS-0536,RICE,280,169,0,105,344,2026-03
INV-0003772,FPS,FPS-0536,WHEAT,224,176,0,107,293,2026-03
INV-0003773,FPS,FPS-0537,RICE,156,173,0,120,209,2026-03
INV-0003774,FPS,FPS-0537,WHEAT,123,178,0,115,186,2026-03
INV-0003775,FPS,FPS-0538,RICE,224,179,0,111,292,2026-03
INV-0003776,FPS,FPS-0538,WHEAT,180,172,0,150,202,2026-03
INV-0003777,FPS,FPS-0539,RICE,250,194,0,168,276,2026-03
INV-0003778,FPS,FPS-0539,WHEAT,287,181,0,120,348,2026-03
INV-0003779,FPS,FPS-0540,RICE,168,160,0,103,225,2026-03
INV-0003780,FPS,FPS-0540,WHEAT,192,193,0,159,226,2026-03
INV-0003781,FPS,FPS-0541,RICE,245,180,0,142,283,2026-03
INV-0003782,FPS,FPS-0541,WHEAT,183,182,0,157,208,2026-03
INV-0003783,FPS,FPS-0542,RICE,107,188,0,145,150,2026-03
INV-0003784,FPS,FPS-0542,WHEAT,138,176,0,113,201,2026-03
INV-0003785,FPS,FPS-0543,RICE,154,176,0,119,211,2026-03
INV-0003786,FPS,FPS-0543,WHEAT,233,205,0,135,303,2026-03
INV-0003787,FPS,FPS-0544,RICE,86,193,0,158,121,2026-03
INV-0003788,FPS,FPS-0544,WHEAT,141,183,0,146,178,2026-03
INV-0003789,FPS,FPS-0545,RICE,110,208,0,181,137,2026-03
INV-0003790,FPS,FPS-0545,WHEAT,186,158,0,141,203,2026-03
INV-0003791,FPS,FPS-0546,RICE,236,235,0,197,274,2026-03
INV-0003792,FPS,FPS-0546,WHEAT,216,176,0,121,271,2026-03
INV-0003793,FPS,FPS-0547,RICE,219,165,0,110,274,2026-03
INV-0003794,FPS,FPS-0547,WHEAT,133,193,0,119,207,2026-03
INV-0003795,FPS,FPS-0548,RICE,285,200,0,161,324,2026-03
INV-0003796,FPS,FPS-0548,WHEAT,260,187,0,151,296,2026-03
INV-0003797,FPS,FPS-0549,RICE,124,208,0,135,197,2026-03
INV-0003798,FPS,FPS-0549,WHEAT,214,188,0,132,270,2026-03
INV-0003799,FPS,FPS-0550,RICE,293,194,0,131,356,2026-03
INV-0003800,FPS,FPS-0550,WHEAT,158,143,0,102,199,2026-03
INV-0003801,FPS,FPS-0551,RICE,63,177,0,151,89,2026-03
INV-0003802,FPS,FPS-0551,WHEAT,141,171,0,116,196,2026-03
INV-0003803,FPS,FPS-0552,RICE,135,165,0,119,181,2026-03
INV-0003804,FPS,FPS-0552,WHEAT,57,183,0,136,104,2026-03
INV-0003805,FPS,FPS-0553,RICE,269,232,0,168,333,2026-03
INV-0003806,FPS,FPS-0553,WHEAT,188,191,0,167,212,2026-03
INV-0003807,FPS,FPS-0554,RICE,176,156,0,108,224,2026-03
INV-0003808,FPS,FPS-0554,WHEAT,276,172,0,149,299,2026-03
INV-0003809,FPS,FPS-0555,RICE,273,259,0,199,333,2026-03
INV-0003810,FPS,FPS-0555,WHEAT,94,169,0,103,160,2026-03
INV-0003811,FPS,FPS-0556,RICE,166,211,0,152,225,2026-03
INV-0003812,FPS,FPS-0556,WHEAT,244,163,0,131,276,2026-03
INV-0003813,FPS,FPS-0557,RICE,191,200,0,163,228,2026-03
INV-0003814,FPS,FPS-0557,WHEAT,112,174,0,116,170,2026-03
INV-0003815,FPS,FPS-0558,RICE,167,250,0,152,265,2026-03
INV-0003816,FPS,FPS-0558,WHEAT,260,197,0,145,312,2026-03
INV-0003817,FPS,FPS-0559,RICE,144,135,0,81,198,2026-03
INV-0003818,FPS,FPS-0559,WHEAT,67,163,0,117,113,2026-03
INV-0003819,FPS,FPS-0560,RICE,261,241,0,205,297,2026-03
INV-0003820,FPS,FPS-0560,WHEAT,93,172,0,136,129,2026-03
INV-0003821,FPS,FPS-0561,RICE,141,187,0,132,196,2026-03
INV-0003822,FPS,FPS-0561,WHEAT,201,144,0,123,222,2026-03
INV-0003823,FPS,FPS-0562,RICE,290,234,0,175,349,2026-03
INV-0003824,FPS,FPS-0562,WHEAT,129,170,0,137,162,2026-03
INV-0003825,FPS,FPS-0563,RICE,74,330,0,252,152,2026-03
INV-0003826,FPS,FPS-0563,WHEAT,269,249,0,204,314,2026-03
INV-0003827,FPS,FPS-0564,RICE,165,176,0,135,206,2026-03
INV-0003828,FPS,FPS-0564,WHEAT,143,187,0,133,197,2026-03
INV-0003829,FPS,FPS-0565,RICE,107,193,0,139,161,2026-03
INV-0003830,FPS,FPS-0565,WHEAT,118,196,0,161,153,2026-03
INV-0003831,FPS,FPS-0566,RICE,59,155,0,124,90,2026-03
INV-0003832,FPS,FPS-0566,WHEAT,263,162,0,104,321,2026-03
INV-0003833,FPS,FPS-0567,RICE,253,166,0,120,299,2026-03
INV-0003834,FPS,FPS-0567,WHEAT,292,195,0,121,366,2026-03
INV-0003835,FPS,FPS-0568,RICE,74,274,0,222,126,2026-03
INV-0003836,FPS,FPS-0568,WHEAT,188,177,0,143,222,2026-03
INV-0003837,FPS,FPS-0569,RICE,280,195,0,118,357,2026-03
INV-0003838,FPS,FPS-0569,WHEAT,297,169,0,148,318,2026-03
INV-0003839,FPS,FPS-0570,RICE,153,188,0,138,203,2026-03
INV-0003840,FPS,FPS-0570,WHEAT,66,188,0,137,117,2026-03
INV-0003841,FPS,FPS-0571,RICE,62,179,0,117,124,2026-03
INV-0003842,FPS,FPS-0571,WHEAT,66,192,0,129,129,2026-03
INV-0003843,FPS,FPS-0572,RICE,222,233,0,155,300,2026-03
INV-0003844,FPS,FPS-0572,WHEAT,162,184,0,111,235,2026-03
INV-0003845,FPS,FPS-0573,RICE,90,171,0,127,134,2026-03
INV-0003846,FPS,FPS-0573,WHEAT,84,179,0,147,116,2026-03
INV-0003847,FPS,FPS-0574,RICE,164,184,0,121,227,2026-03
INV-0003848,FPS,FPS-0574,WHEAT,248,180,0,111,317,2026-03
INV-0003849,FPS,FPS-0575,RICE,162,230,0,168,224,2026-03
INV-0003850,FPS,FPS-0575,WHEAT,129,197,0,130,196,2026-03
INV-0003851,FPS,FPS-0576,RICE,138,192,0,141,189,2026-03
INV-0003852,FPS,FPS-0576,WHEAT,285,175,0,108,352,2026-03
INV-0003853,FPS,FPS-0577,RICE,224,193,0,124,293,2026-03
INV-0003854,FPS,FPS-0577,WHEAT,118,192,0,134,176,2026-03
INV-0003855,FPS,FPS-0578,RICE,50,183,0,145,88,2026-03
INV-0003856,FPS,FPS-0578,WHEAT,207,155,0,123,239,2026-03
INV-0003857,FPS,FPS-0579,RICE,287,185,0,125,347,2026-03
INV-0003858,FPS,FPS-0579,WHEAT,276,166,0,125,317,2026-03
INV-0003859,FPS,FPS-0580,RICE,154,207,0,157,204,2026-03
INV-0003860,FPS,FPS-0580,WHEAT,163,135,0,99,199,2026-03
INV-0003861,FPS,FPS-0581,RICE,283,206,0,149,340,2026-03
INV-0003862,FPS,FPS-0581,WHEAT,254,185,0,155,284,2026-03
INV-0003863,FPS,FPS-0582,RICE,136,167,0,146,157,2026-03
INV-0003864,FPS,FPS-0582,WHEAT,124,181,0,149,156,2026-03
INV-0003865,FPS,FPS-0583,RICE,85,170,0,142,113,2026-03
INV-0003866,FPS,FPS-0583,WHEAT,130,157,0,97,190,2026-03
INV-0003867,FPS,FPS-0584,RICE,157,197,0,148,206,2026-03
INV-0003868,FPS,FPS-0584,WHEAT,245,191,0,130,306,2026-03
INV-0003869,FPS,FPS-0585,RICE,199,195,0,169,225,2026-03
INV-0003870,FPS,FPS-0585,WHEAT,245,179,0,120,304,2026-03
INV-0003871,FPS,FPS-0586,RICE,131,192,0,171,152,2026-03
INV-0003872,FPS,FPS-0586,WHEAT,58,164,0,123,99,2026-03
INV-0003873,FPS,FPS-0587,RICE,101,197,0,131,167,2026-03
INV-0003874,FPS,FPS-0587,WHEAT,193,177,0,136,234,2026-03
INV-0003875,FPS,FPS-0588,RICE,115,197,0,162,150,2026-03
INV-0003876,FPS,FPS-0588,WHEAT,261,172,0,114,319,2026-03
INV-0003877,FPS,FPS-0589,RICE,64,206,0,170,100,2026-03
INV-0003878,FPS,FPS-0589,WHEAT,119,176,0,121,174,2026-03
INV-0003879,FPS,FPS-0590,RICE,200,197,0,151,246,2026-03
INV-0003880,FPS,FPS-0590,WHEAT,128,192,0,168,152,2026-03
INV-0003881,FPS,FPS-0591,RICE,114,182,0,142,154,2026-03
INV-0003882,FPS,FPS-0591,WHEAT,66,162,0,106,122,2026-03
INV-0003883,FPS,FPS-0592,RICE,137,178,0,158,157,2026-03
INV-0003884,FPS,FPS-0592,WHEAT,100,193,0,140,153,2026-03
INV-0003885,FPS,FPS-0593,RICE,165,285,0,173,277,2026-03
INV-0003886,FPS,FPS-0593,WHEAT,147,213,0,128,232,2026-03
INV-0003887,FPS,FPS-0594,RICE,266,176,0,151,291,2026-03
INV-0003888,FPS,FPS-0594,WHEAT,149,179,0,145,183,2026-03
INV-0003889,FPS,FPS-0595,RICE,83,151,0,128,106,2026-03
INV-0003890,FPS,FPS-0595,WHEAT,117,160,0,129,148,2026-03
INV-0003891,FPS,FPS-0596,RICE,201,155,0,130,226,2026-03
INV-0003892,FPS,FPS-0596,WHEAT,180,168,0,109,239,2026-03
INV-0003893,FPS,FPS-0597,RICE,149,394,0,309,234,2026-03
INV-0003894,FPS,FPS-0597,WHEAT,102,270,0,234,138,2026-03
INV-0003895,FPS,FPS-0598,RICE,111,207,0,140,178,2026-03
INV-0003896,FPS,FPS-0598,WHEAT,130,176,0,135,171,2026-03
INV-0003897,FPS,FPS-0599,RICE,230,189,0,155,264,2026-03
INV-0003898,FPS,FPS-0599,WHEAT,223,178,0,149,252,2026-03
INV-0003899,FPS,FPS-0600,RICE,108,181,0,138,151,2026-03
INV-0003900,FPS,FPS-0600,WHEAT,291,157,0,138,310,2026-03
