telemetry_id,vehicle_id,timestamp,latitude,longitude,speed_kmph,status,manifest_id
TEL-00000001,VEH-0101,2026-01-05T12:00:00,13.278607,77.759931,0,IDLE,MAN-000001
TEL-00000002,VEH-0101,2026-01-05T12:17:00,13.235975,77.699248,31,MOVING,MAN-000001
TEL-00000003,VEH-0101,2026-01-05T12:34:00,13.194107,77.639865,21,MOVING,MAN-000001
TEL-00000004,VEH-0101,2026-01-05T12:52:00,13.154594,77.580855,0,STOPPED,MAN-000001
TEL-00000005,VEH-0101,2026-01-05T13:11:00,13.154866,77.581535,30,MOVING,MAN-000001
TEL-00000006,VEH-0101,2026-01-05T13:26:00,13.15473,77.580067,29,MOVING,MAN-000001
TEL-00000007,VEH-0101,2026-01-05T13:49:00,13.154594,77.580855,0,STOPPED,MAN-000001
TEL-00000008,VEH-0101,2026-01-05T14:21:00,13.235183,77.670851,26,MOVING,MAN-000001
TEL-00000009,VEH-0101,2026-01-05T14:46:00,13.316451,77.757276,26,MOVING,MAN-000001
TEL-00000010,VEH-0101,2026-01-05T15:20:00,13.395476,77.847148,0,STOPPED,MAN-000001
TEL-00000011,VEH-0101,2026-01-05T15:48:00,13.393937,77.847124,25,MOVING,MAN-000001
TEL-00000012,VEH-0101,2026-01-05T16:22:00,13.394155,77.848399,32,MOVING,MAN-000001
TEL-00000013,VEH-0101,2026-01-05T16:51:00,13.395476,77.847148,0,STOPPED,MAN-000001
TEL-00000014,VEH-0101,2026-01-05T17:07:00,13.340786,77.861553,36,MOVING,MAN-000001
TEL-00000015,VEH-0101,2026-01-05T17:23:00,13.284898,77.871983,36,MOVING,MAN-000001
TEL-00000016,VEH-0101,2026-01-05T17:35:00,13.227358,77.885902,0,STOPPED,MAN-000001
TEL-00000017,VEH-0101,2026-01-05T17:51:00,13.229178,77.885093,21,MOVING,MAN-000001
TEL-00000018,VEH-0101,2026-01-05T18:05:00,13.227508,77.88722,24,MOVING,MAN-000001
TEL-00000019,VEH-0101,2026-01-05T18:22:00,13.227358,77.885902,0,STOPPED,MAN-000001
TEL-00000020,VEH-0101,2026-01-05T18:36:00,13.248872,77.849941,37,MOVING,MAN-000001
TEL-00000021,VEH-0101,2026-01-05T18:44:00,13.274184,77.815811,26,MOVING,MAN-000001
TEL-00000022,VEH-0101,2026-01-05T18:54:00,13.29692,77.78069,0,STOPPED,MAN-000001
TEL-00000023,VEH-0101,2026-01-05T19:04:00,13.296775,77.782565,28,MOVING,MAN-000001
TEL-00000024,VEH-0101,2026-01-05T19:19:00,13.297439,77.778877,19,MOVING,MAN-000001
TEL-00000025,VEH-0101,2026-01-05T19:28:00,13.29692,77.78069,0,STOPPED,MAN-000001
TEL-00000026,VEH-0101,2026-01-05T19:49:00,13.242364,77.721408,21,MOVING,MAN-000001
TEL-00000027,VEH-0101,2026-01-05T20:11:00,13.189909,77.66053,22,MOVING,MAN-000001
TEL-00000028,VEH-0101,2026-01-05T20:29:00,13.136688,77.601702,0,STOPPED,MAN-000001
TEL-00000029,VEH-0101,2026-01-05T20:48:00,13.138222,77.602833,29,MOVING,MAN-000001
TEL-00000030,VEH-0101,2026-01-05T21:07:00,13.136586,77.601121,37,MOVING,MAN-000001
TEL-00000031,VEH-0101,2026-01-05T21:28:00,13.136688,77.601702,0,STOPPED,MAN-000001
TEL-00000032,VEH-0101,2026-01-05T21:42:00,13.128045,77.647177,24,MOVING,MAN-000001
TEL-00000033,VEH-0101,2026-01-05T21:49:00,13.123435,77.691627,22,MOVING,MAN-000001
TEL-00000034,VEH-0101,2026-01-05T22:02:00,13.113907,77.735482,0,STOPPED,MAN-000001
TEL-00000035,VEH-0101,2026-01-05T22:15:00,13.112771,77.735193,28,MOVING,MAN-000001
TEL-00000036,VEH-0101,2026-01-05T22:26:00,13.115882,77.735213,34,MOVING,MAN-000001
TEL-00000037,VEH-0101,2026-01-05T22:35:00,13.113907,77.735482,0,STOPPED,MAN-000001
TEL-00000038,VEH-0101,2026-01-05T22:45:00,13.113907,77.735482,0,DELIVERED,MAN-000001
TEL-00000039,VEH-0101,2026-01-05T12:00:00,13.278607,77.759931,0,IDLE,MAN-000002
TEL-00000040,VEH-0101,2026-01-05T12:16:00,13.245362,77.807277,33,MOVING,MAN-000002
TEL-00000041,VEH-0101,2026-01-05T12:29:00,13.211914,77.856948,27,MOVING,MAN-000002
TEL-00000042,VEH-0101,2026-01-05T12:48:00,13.176326,77.907343,0,STOPPED,MAN-000002
TEL-00000043,VEH-0101,2026-01-05T13:05:00,13.176403,77.907439,21,MOVING,MAN-000002
TEL-00000044,VEH-0101,2026-01-05T13:19:00,13.175169,77.906646,19,MOVING,MAN-000002
TEL-00000045,VEH-0101,2026-01-05T13:33:00,13.176326,77.907343,0,STOPPED,MAN-000002
TEL-00000046,VEH-0101,2026-01-05T14:02:00,13.269633,77.849454,18,MOVING,MAN-000002
TEL-00000047,VEH-0101,2026-01-05T14:30:00,13.364944,77.790149,29,MOVING,MAN-000002
TEL-00000048,VEH-0101,2026-01-05T14:55:00,13.457837,77.732198,0,STOPPED,MAN-000002
TEL-00000049,VEH-0101,2026-01-05T15:24:00,13.456027,77.73238,22,MOVING,MAN-000002
TEL-00000050,VEH-0101,2026-01-05T15:52:00,13.45598,77.732533,35,MOVING,MAN-000002
TEL-00000051,VEH-0101,2026-01-05T16:18:00,13.457837,77.732198,0,STOPPED,MAN-000002
TEL-00000052,VEH-0101,2026-01-05T16:33:00,13.401653,77.751814,37,MOVING,MAN-000002
TEL-00000053,VEH-0101,2026-01-05T16:47:00,13.348741,77.768203,36,MOVING,MAN-000002
TEL-00000054,VEH-0101,2026-01-05T17:04:00,13.291689,77.785895,0,STOPPED,MAN-000002
TEL-00000055,VEH-0101,2026-01-05T17:19:00,13.29066,77.785244,35,MOVING,MAN-000002
TEL-00000056,VEH-0101,2026-01-05T17:32:00,13.291703,77.787592,22,MOVING,MAN-000002
TEL-00000057,VEH-0101,2026-01-05T17:50:00,13.291689,77.785895,0,STOPPED,MAN-000002
TEL-00000058,VEH-0101,2026-01-05T17:59:00,13.274177,77.810654,24,MOVING,MAN-000002
TEL-00000059,VEH-0101,2026-01-05T18:06:00,13.253082,77.838356,22,MOVING,MAN-000002
TEL-00000060,VEH-0101,2026-01-05T18:13:00,13.234872,77.861664,0,STOPPED,MAN-000002
TEL-00000061,VEH-0101,2026-01-05T18:22:00,13.233562,77.862163,22,MOVING,MAN-000002
TEL-00000062,VEH-0101,2026-01-05T18:30:00,13.236233,77.861111,34,MOVING,MAN-000002
TEL-00000063,VEH-0101,2026-01-05T18:38:00,13.234872,77.861664,0,STOPPED,MAN-000002
TEL-00000064,VEH-0101,2026-01-05T18:58:00,13.198296,77.789087,18,MOVING,MAN-000002
TEL-00000065,VEH-0101,2026-01-05T19:20:00,13.165146,77.716573,32,MOVING,MAN-000002
TEL-00000066,VEH-0101,2026-01-05T19:39:00,13.129951,77.642695,0,STOPPED,MAN-000002
TEL-00000067,VEH-0101,2026-01-05T20:02:00,13.13135,77.642283,21,MOVING,MAN-000002
TEL-00000068,VEH-0101,2026-01-05T20:22:00,13.131418,77.641743,23,MOVING,MAN-000002
TEL-00000069,VEH-0101,2026-01-05T20:41:00,13.129951,77.642695,0,STOPPED,MAN-000002
TEL-00000070,VEH-0101,2026-01-05T21:07:00,13.188291,77.73241,31,MOVING,MAN-000002
TEL-00000071,VEH-0101,2026-01-05T21:37:00,13.241903,77.823292,32,MOVING,MAN-000002
TEL-00000072,VEH-0101,2026-01-05T22:03:00,13.299143,77.915673,0,STOPPED,MAN-000002
TEL-00000073,VEH-0101,2026-01-05T22:33:00,13.299337,77.914413,24,MOVING,MAN-000002
TEL-00000074,VEH-0101,2026-01-05T22:58:00,13.298958,77.914133,35,MOVING,MAN-000002
TEL-00000075,VEH-0101,2026-01-05T23:24:00,13.299143,77.915673,0,STOPPED,MAN-000002
TEL-00000076,VEH-0101,2026-01-05T23:34:00,13.299143,77.915673,0,DELIVERED,MAN-000002
TEL-00000077,VEH-0002,2026-01-05T12:00:00,12.111967,76.609749,0,IDLE,MAN-000008
TEL-00000078,VEH-0002,2026-01-05T12:17:00,12.156911,76.565694,32,MOVING,MAN-000008
TEL-00000079,VEH-0002,2026-01-05T12:33:00,12.205784,76.524425,29,MOVING,MAN-000008
TEL-00000080,VEH-0002,2026-01-05T12:45:00,12.25058,76.480988,0,STOPPED,MAN-000008
TEL-00000081,VEH-0002,2026-01-05T13:05:00,12.250312,76.480536,18,MOVING,MAN-000008
TEL-00000082,VEH-0002,2026-01-05T13:15:00,12.252436,76.480159,20,MOVING,MAN-000008
TEL-00000083,VEH-0002,2026-01-05T13:33:00,12.25058,76.480988,0,STOPPED,MAN-000008
TEL-00000084,VEH-0002,2026-01-05T13:48:00,12.245623,76.536799,24,MOVING,MAN-000008
TEL-00000085,VEH-0002,2026-01-05T14:00:00,12.240722,76.589792,26,MOVING,MAN-000008
TEL-00000086,VEH-0002,2026-01-05T14:14:00,12.234343,76.645853,0,STOPPED,MAN-000008
TEL-00000087,VEH-0002,2026-01-05T14:30:00,12.233382,76.646481,19,MOVING,MAN-000008
TEL-00000088,VEH-0002,2026-01-05T14:45:00,12.233041,76.647585,29,MOVING,MAN-000008
TEL-00000089,VEH-0002,2026-01-05T14:53:00,12.234343,76.645853,0,STOPPED,MAN-000008
TEL-00000090,VEH-0002,2026-01-05T15:18:00,12.150404,76.610317,33,MOVING,MAN-000008
TEL-00000091,VEH-0002,2026-01-05T15:38:00,12.066196,76.572192,34,MOVING,MAN-000008
TEL-00000092,VEH-0002,2026-01-05T16:02:00,11.983831,76.536295,0,STOPPED,MAN-000008
TEL-00000093,VEH-0002,2026-01-05T16:24:00,11.983599,76.536718,36,MOVING,MAN-000008
TEL-00000094,VEH-0002,2026-01-05T16:48:00,11.984991,76.536828,21,MOVING,MAN-000008
TEL-00000095,VEH-0002,2026-01-05T17:11:00,11.983831,76.536295,0,STOPPED,MAN-000008
TEL-00000096,VEH-0002,2026-01-05T17:23:00,11.97038,76.508996,21,MOVING,MAN-000008
TEL-00000097,VEH-0002,2026-01-05T17:30:00,11.957919,76.48024,25,MOVING,MAN-000008
TEL-00000098,VEH-0002,2026-01-05T17:33:00,11.947305,76.45004,0,STOPPED,MAN-000008
TEL-00000099,VEH-0002,2026-01-05T17:42:00,11.948444,76.448174,25,MOVING,MAN-000008
TEL-00000100,VEH-0002,2026-01-05T17:48:00,11.947048,76.450584,26,MOVING,MAN-000008
TEL-00000101,VEH-0002,2026-01-05T17:56:00,11.947305,76.45004,0,STOPPED,MAN-000008
TEL-00000102,VEH-0002,2026-01-05T18:19:00,12.030765,76.481617,30,MOVING,MAN-000008
TEL-00000103,VEH-0002,2026-01-05T18:39:00,12.112694,76.518367,35,MOVING,MAN-000008
TEL-00000104,VEH-0002,2026-01-05T19:03:00,12.193984,76.550132,0,STOPPED,MAN-000008
TEL-00000105,VEH-0002,2026-01-05T19:24:00,12.192684,76.550531,28,MOVING,MAN-000008
TEL-00000106,VEH-0002,2026-01-05T19:47:00,12.195239,76.550138,34,MOVING,MAN-000008
TEL-00000107,VEH-0002,2026-01-05T20:07:00,12.193984,76.550132,0,STOPPED,MAN-000008
TEL-00000108,VEH-0002,2026-01-05T20:19:00,12.196126,76.510347,20,MOVING,MAN-000008
TEL-00000109,VEH-0002,2026-01-05T20:28:00,12.193984,76.473028,33,MOVING,MAN-000008
TEL-00000110,VEH-0002,2026-01-05T20:37:00,12.194421,76.433211,0,STOPPED,MAN-000008
TEL-00000111,VEH-0002,2026-01-05T20:51:00,12.192519,76.433164,27,MOVING,MAN-000008
TEL-00000112,VEH-0002,2026-01-05T20:59:00,12.192846,76.434089,22,MOVING,MAN-000008
TEL-00000113,VEH-0002,2026-01-05T21:05:00,12.194421,76.433211,0,STOPPED,MAN-000008
TEL-00000114,VEH-0002,2026-01-05T21:15:00,12.194421,76.433211,0,DELIVERED,MAN-000008
TEL-00000115,VEH-0128,2026-01-05T12:00:00,13.318364,76.902662,0,IDLE,MAN-000010
TEL-00000116,VEH-0128,2026-01-05T12:11:00,13.336709,76.861416,24,MOVING,MAN-000010
TEL-00000117,VEH-0128,2026-01-05T12:25:00,13.357265,76.821981,32,MOVING,MAN-000010
TEL-00000118,VEH-0128,2026-01-05T12:33:00,13.374277,76.781972,0,STOPPED,MAN-000010
TEL-00000119,VEH-0128,2026-01-05T12:48:00,13.375361,76.783112,37,MOVING,MAN-000010
TEL-00000120,VEH-0128,2026-01-05T12:55:00,13.373733,76.782438,30,MOVING,MAN-000010
TEL-00000121,VEH-0128,2026-01-05T13:09:00,13.374277,76.781972,0,STOPPED,MAN-000010
TEL-00000122,VEH-0128,2026-01-05T13:25:00,13.372788,76.839242,37,MOVING,MAN-000010
TEL-00000123,VEH-0128,2026-01-05T13:40:00,13.373794,76.895652,31,MOVING,MAN-000010
TEL-00000124,VEH-0128,2026-01-05T13:51:00,13.37205,76.954128,0,STOPPED,MAN-000010
TEL-00000125,VEH-0128,2026-01-05T14:05:00,13.372946,76.952837,20,MOVING,MAN-000010
TEL-00000126,VEH-0128,2026-01-05T14:18:00,13.372297,76.952151,18,MOVING,MAN-000010
TEL-00000127,VEH-0128,2026-01-05T14:31:00,13.37205,76.954128,0,STOPPED,MAN-000010
TEL-00000128,VEH-0128,2026-01-05T14:40:00,13.342248,76.943526,26,MOVING,MAN-000010
TEL-00000129,VEH-0128,2026-01-05T14:46:00,13.314633,76.932778,25,MOVING,MAN-000010
TEL-00000130,VEH-0128,2026-01-05T14:54:00,13.283478,76.922824,0,STOPPED,MAN-000010
TEL-00000131,VEH-0128,2026-01-05T15:04:00,13.281777,76.921809,28,MOVING,MAN-000010
TEL-00000132,VEH-0128,2026-01-05T15:11:00,13.283641,76.923902,33,MOVING,MAN-000010
TEL-00000133,VEH-0128,2026-01-05T15:18:00,13.283478,76.922824,0,STOPPED,MAN-000010
TEL-00000134,VEH-0128,2026-01-05T15:22:00,13.278292,76.934217,29,MOVING,MAN-000010
TEL-00000135,VEH-0128,2026-01-05T15:28:00,13.271861,76.945287,20,MOVING,MAN-000010
TEL-00000136,VEH-0128,2026-01-05T15:32:00,13.267826,76.957885,0,STOPPED,MAN-000010
TEL-00000137,VEH-0128,2026-01-05T15:35:00,13.267397,76.958386,29,MOVING,MAN-000010
TEL-00000138,VEH-0128,2026-01-05T15:41:00,13.266468,76.955891,26,MOVING,MAN-000010
TEL-00000139,VEH-0128,2026-01-05T15:43:00,13.267826,76.957885,0,STOPPED,MAN-000010
TEL-00000140,VEH-0128,2026-01-05T15:55:00,13.304479,76.935326,24,MOVING,MAN-000010
TEL-00000141,VEH-0128,2026-01-05T16:06:00,13.338849,76.910398,36,MOVING,MAN-000010
TEL-00000142,VEH-0128,2026-01-05T16:19:00,13.375308,76.884907,0,STOPPED,MAN-000010
TEL-00000143,VEH-0128,2026-01-05T16:29:00,13.375567,76.885732,26,MOVING,MAN-000010
TEL-00000144,VEH-0128,2026-01-05T16:44:00,13.374502,76.885182,27,MOVING,MAN-000010
TEL-00000145,VEH-0128,2026-01-05T16:54:00,13.375308,76.884907,0,STOPPED,MAN-000010
TEL-00000146,VEH-0128,2026-01-05T16:59:00,13.351783,76.890592,25,MOVING,MAN-000010
TEL-00000147,VEH-0128,2026-01-05T17:05:00,13.331937,76.897397,18,MOVING,MAN-000010
TEL-00000148,VEH-0128,2026-01-05T17:15:00,13.309301,76.904724,0,STOPPED,MAN-000010
TEL-00000149,VEH-0128,2026-01-05T17:20:00,13.310137,76.905493,29,MOVING,MAN-000010
TEL-00000150,VEH-0128,2026-01-05T17:28:00,13.307906,76.904211,21,MOVING,MAN-000010
TEL-00000151,VEH-0128,2026-01-05T17:36:00,13.309301,76.904724,0,STOPPED,MAN-000010
TEL-00000152,VEH-0128,2026-01-05T17:46:00,13.309301,76.904724,0,DELIVERED,MAN-000010
TEL-00000153,VEH-0104,2026-01-05T12:00:00,12.505032,76.802422,0,IDLE,MAN-000013
TEL-00000154,VEH-0104,2026-01-05T12:18:00,12.552297,76.832596,30,MOVING,MAN-000013
TEL-00000155,VEH-0104,2026-01-05T12:28:00,12.603331,76.864108,31,MOVING,MAN-000013
TEL-00000156,VEH-0104,2026-01-05T12:44:00,12.652298,76.892851,0,STOPPED,MAN-000013
TEL-00000157,VEH-0104,2026-01-05T13:00:00,12.652828,76.891297,34,MOVING,MAN-000013
TEL-00000158,VEH-0104,2026-01-05T13:12:00,12.651829,76.893007,18,MOVING,MAN-000013
TEL-00000159,VEH-0104,2026-01-05T13:27:00,12.652298,76.892851,0,STOPPED,MAN-000013
TEL-00000160,VEH-0104,2026-01-05T13:36:00,12.622756,76.885179,31,MOVING,MAN-000013
TEL-00000161,VEH-0104,2026-01-05T13:42:00,12.591151,76.874134,30,MOVING,MAN-000013
TEL-00000162,VEH-0104,2026-01-05T13:54:00,12.559751,76.863845,0,STOPPED,MAN-000013
TEL-00000163,VEH-0104,2026-01-05T14:05:00,12.559345,76.864379,35,MOVING,MAN-000013
TEL-00000164,VEH-0104,2026-01-05T14:10:00,12.560667,76.864033,21,MOVING,MAN-000013
TEL-00000165,VEH-0104,2026-01-05T14:19:00,12.559751,76.863845,0,STOPPED,MAN-000013
TEL-00000166,VEH-0104,2026-01-05T14:35:00,12.52239,76.820371,27,MOVING,MAN-000013
TEL-00000167,VEH-0104,2026-01-05T14:51:00,12.48784,76.775903,35,MOVING,MAN-000013
TEL-00000168,VEH-0104,2026-01-05T15:01:00,12.451308,76.731004,0,STOPPED,MAN-000013
TEL-00000169,VEH-0104,2026-01-05T15:14:00,12.449891,76.730636,29,MOVING,MAN-000013
TEL-00000170,VEH-0104,2026-01-05T15:33:00,12.451922,76.73165,26,MOVING,MAN-000013
TEL-00000171,VEH-0104,2026-01-05T15:42:00,12.451308,76.731004,0,STOPPED,MAN-000013
TEL-00000172,VEH-0104,2026-01-05T15:56:00,12.445355,76.788261,31,MOVING,MAN-000013
TEL-00000173,VEH-0104,2026-01-05T16:09:00,12.438428,76.847716,29,MOVING,MAN-000013
TEL-00000174,VEH-0104,2026-01-05T16:24:00,12.431362,76.904414,0,STOPPED,MAN-000013
TEL-00000175,VEH-0104,2026-01-05T16:38:00,12.429498,76.904894,37,MOVING,MAN-000013
TEL-00000176,VEH-0104,2026-01-05T16:52:00,12.432448,76.902545,23,MOVING,MAN-000013
TEL-00000177,VEH-0104,2026-01-05T17:05:00,12.431362,76.904414,0,STOPPED,MAN-000013
TEL-00000178,VEH-0104,2026-01-05T17:17:00,12.436891,76.870918,25,MOVING,MAN-000013
TEL-00000179,VEH-0104,2026-01-05T17:24:00,12.438413,76.835443,31,MOVING,MAN-000013
TEL-00000180,VEH-0104,2026-01-05T17:32:00,12.444037,76.802378,0,STOPPED,MAN-000013
TEL-00000181,VEH-0104,2026-01-05T17:42:00,12.44215,76.802884,19,MOVING,MAN-000013
TEL-00000182,VEH-0104,2026-01-05T17:50:00,12.445514,76.804264,18,MOVING,MAN-000013
TEL-00000183,VEH-0104,2026-01-05T17:56:00,12.444037,76.802378,0,STOPPED,MAN-000013
TEL-00000184,VEH-0104,2026-01-05T18:04:00,12.428819,76.780174,33,MOVING,MAN-000013
TEL-00000185,VEH-0104,2026-01-05T18:10:00,12.412628,76.757678,37,MOVING,MAN-000013
TEL-00000186,VEH-0104,2026-01-05T18:16:00,12.39983,76.734618,0,STOPPED,MAN-000013
TEL-00000187,VEH-0104,2026-01-05T18:27:00,12.399864,76.73643,21,MOVING,MAN-000013
TEL-00000188,VEH-0104,2026-01-05T18:33:00,12.399765,76.733344,24,MOVING,MAN-000013
TEL-00000189,VEH-0104,2026-01-05T18:37:00,12.39983,76.734618,0,STOPPED,MAN-000013
TEL-00000190,VEH-0104,2026-01-05T18:47:00,12.39983,76.734618,0,DELIVERED,MAN-000013
TEL-00000191,VEH-0129,2026-01-05T12:00:00,12.505032,76.802422,0,IDLE,MAN-000015
TEL-00000192,VEH-0129,2026-01-05T12:17:00,12.561986,76.801785,32,MOVING,MAN-000015
TEL-00000193,VEH-0129,2026-01-05T12:29:00,12.616506,76.803703,21,MOVING,MAN-000015
TEL-00000194,VEH-0129,2026-01-05T12:41:00,12.670306,76.803073,0,STOPPED,MAN-000015
TEL-00000195,VEH-0129,2026-01-05T12:56:00,12.668364,76.804447,29,MOVING,MAN-000015
TEL-00000196,VEH-0129,2026-01-05T13:08:00,12.669965,76.803156,27,MOVING,MAN-000015
TEL-00000197,VEH-0129,2026-01-05T13:23:00,12.670306,76.803073,0,STOPPED,MAN-000015
TEL-00000198,VEH-0129,2026-01-05T13:31:00,12.666738,76.837307,37,MOVING,MAN-000015
TEL-00000199,VEH-0129,2026-01-05T13:40:00,12.661526,76.874407,31,MOVING,MAN-000015
TEL-00000200,VEH-0129,2026-01-05T13:49:00,12.655854,76.909239,0,STOPPED,MAN-000015
TEL-00000201,VEH-0129,2026-01-05T14:00:00,12.654124,76.90787,22,MOVING,MAN-000015
TEL-00000202,VEH-0129,2026-01-05T14:10:00,12.656544,76.910872,36,MOVING,MAN-000015
TEL-00000203,VEH-0129,2026-01-05T14:15:00,12.655854,76.909239,0,STOPPED,MAN-000015
TEL-00000204,VEH-0129,2026-01-05T14:22:00,12.630985,76.888939,27,MOVING,MAN-000015
TEL-00000205,VEH-0129,2026-01-05T14:33:00,12.610872,76.865758,26,MOVING,MAN-000015
TEL-00000206,VEH-0129,2026-01-05T14:43:00,12.587087,76.842812,0,STOPPED,MAN-000015
TEL-00000207,VEH-0129,2026-01-05T14:53:00,12.587751,76.842206,35,MOVING,MAN-000015
TEL-00000208,VEH-0129,2026-01-05T15:02:00,12.585587,76.841685,29,MOVING,MAN-000015
TEL-00000209,VEH-0129,2026-01-05T15:08:00,12.587087,76.842812,0,STOPPED,MAN-000015
TEL-00000210,VEH-0129,2026-01-05T15:19:00,12.551443,76.822195,25,MOVING,MAN-000015
TEL-00000211,VEH-0129,2026-01-05T15:33:00,12.51368,76.797008,20,MOVING,MAN-000015
TEL-00000212,VEH-0129,2026-01-05T15:39:00,12.47573,76.774962,0,STOPPED,MAN-000015
TEL-00000213,VEH-0129,2026-01-05T15:50:00,12.475519,76.774653,34,MOVING,MAN-000015
TEL-00000214,VEH-0129,2026-01-05T15:59:00,12.474856,76.776271,27,MOVING,MAN-000015
TEL-00000215,VEH-0129,2026-01-05T16:15:00,12.47573,76.774962,0,STOPPED,MAN-000015
TEL-00000216,VEH-0129,2026-01-05T16:32:00,12.442586,76.729343,21,MOVING,MAN-000015
TEL-00000217,VEH-0129,2026-01-05T16:45:00,12.41132,76.681685,18,MOVING,MAN-000015
TEL-00000218,VEH-0129,2026-01-05T16:58:00,12.38026,76.635442,0,STOPPED,MAN-000015
TEL-00000219,VEH-0129,2026-01-05T17:16:00,12.381364,76.635247,24,MOVING,MAN-000015
TEL-00000220,VEH-0129,2026-01-05T17:24:00,12.380192,76.637063,18,MOVING,MAN-000015
TEL-00000221,VEH-0129,2026-01-05T17:42:00,12.38026,76.635442,0,STOPPED,MAN-000015
TEL-00000222,VEH-0129,2026-01-05T18:13:00,12.476955,76.680507,25,MOVING,MAN-000015
TEL-00000223,VEH-0129,2026-01-05T18:34:00,12.576208,76.726528,27,MOVING,MAN-000015
TEL-00000224,VEH-0129,2026-01-05T19:03:00,12.67463,76.769892,0,STOPPED,MAN-000015
TEL-00000225,VEH-0129,2026-01-05T19:32:00,12.674144,76.769926,34,MOVING,MAN-000015
TEL-00000226,VEH-0129,2026-01-05T19:57:00,12.673924,76.770324,32,MOVING,MAN-000015
TEL-00000227,VEH-0129,2026-01-05T20:24:00,12.67463,76.769892,0,STOPPED,MAN-000015
TEL-00000228,VEH-0129,2026-01-05T20:34:00,12.67463,76.769892,0,DELIVERED,MAN-000015
TEL-00000229,VEH-0104,2026-01-05T12:00:00,12.505032,76.802422,0,IDLE,MAN-000016
TEL-00000230,VEH-0104,2026-01-05T12:15:00,12.529262,76.747467,28,MOVING,MAN-000016
TEL-00000231,VEH-0104,2026-01-05T12:32:00,12.551248,76.691161,32,MOVING,MAN-000016
TEL-00000232,VEH-0104,2026-01-05T12:44:00,12.576922,76.636332,0,STOPPED,MAN-000016
TEL-00000233,VEH-0104,2026-01-05T13:00:00,12.577027,76.638212,23,MOVING,MAN-000016
TEL-00000234,VEH-0104,2026-01-05T13:14:00,12.576356,76.636712,20,MOVING,MAN-000016
TEL-00000235,VEH-0104,2026-01-05T13:30:00,12.576922,76.636332,0,STOPPED,MAN-000016
TEL-00000236,VEH-0104,2026-01-05T13:54:00,12.579162,76.721684,33,MOVING,MAN-000016
TEL-00000237,VEH-0104,2026-01-05T14:11:00,12.577083,76.801504,24,MOVING,MAN-000016
TEL-00000238,VEH-0104,2026-01-05T14:31:00,12.580035,76.886493,0,STOPPED,MAN-000016
TEL-00000239,VEH-0104,2026-01-05T14:51:00,12.578254,76.885866,30,MOVING,MAN-000016
TEL-00000240,VEH-0104,2026-01-05T15:13:00,12.57852,76.888389,28,MOVING,MAN-000016
TEL-00000241,VEH-0104,2026-01-05T15:31:00,12.580035,76.886493,0,STOPPED,MAN-000016
TEL-00000242,VEH-0104,2026-01-05T15:51:00,12.573577,76.823806,37,MOVING,MAN-000016
TEL-00000243,VEH-0104,2026-01-05T16:01:00,12.569267,76.76169,30,MOVING,MAN-000016
TEL-00000244,VEH-0104,2026-01-05T16:16:00,12.566547,76.696545,0,STOPPED,MAN-000016
TEL-00000245,VEH-0104,2026-01-05T16:32:00,12.567973,76.694844,22,MOVING,MAN-000016
TEL-00000246,VEH-0104,2026-01-05T16:47:00,12.566184,76.698533,18,MOVING,MAN-000016
TEL-00000247,VEH-0104,2026-01-05T17:05:00,12.566547,76.696545,0,STOPPED,MAN-000016
TEL-00000248,VEH-0104,2026-01-05T17:31:00,12.491853,76.774729,37,MOVING,MAN-000016
TEL-00000249,VEH-0104,2026-01-05T17:57:00,12.420607,76.856165,23,MOVING,MAN-000016
TEL-00000250,VEH-0104,2026-01-05T18:26:00,12.347132,76.934894,0,STOPPED,MAN-000016
TEL-00000251,VEH-0104,2026-01-05T18:57:00,12.347198,76.933209,30,MOVING,MAN-000016
TEL-00000252,VEH-0104,2026-01-05T19:20:00,12.348026,76.933007,24,MOVING,MAN-000016
TEL-00000253,VEH-0104,2026-01-05T19:45:00,12.347132,76.934894,0,STOPPED,MAN-000016
TEL-00000254,VEH-0104,2026-01-05T20:05:00,12.41561,76.951257,23,MOVING,MAN-000016
TEL-00000255,VEH-0104,2026-01-05T20:21:00,12.482249,76.967452,24,MOVING,MAN-000016
TEL-00000256,VEH-0104,2026-01-05T20:40:00,12.552161,76.981742,0,STOPPED,MAN-000016
TEL-00000257,VEH-0104,2026-01-05T21:01:00,12.551696,76.981266,30,MOVING,MAN-000016
TEL-00000258,VEH-0104,2026-01-05T21:15:00,12.550352,76.981667,33,MOVING,MAN-000016
TEL-00000259,VEH-0104,2026-01-05T21:33:00,12.552161,76.981742,0,STOPPED,MAN-000016
TEL-00000260,VEH-0104,2026-01-05T21:52:00,12.508497,76.919769,18,MOVING,MAN-000016
TEL-00000261,VEH-0104,2026-01-05T22:10:00,12.465881,76.85758,32,MOVING,MAN-000016
TEL-00000262,VEH-0104,2026-01-05T22:32:00,12.423851,76.793313,0,STOPPED,MAN-000016
TEL-00000263,VEH-0104,2026-01-05T22:55:00,12.422582,76.793184,26,MOVING,MAN-000016
TEL-00000264,VEH-0104,2026-01-05T23:10:00,12.424017,76.794225,33,MOVING,MAN-000016
TEL-00000265,VEH-0104,2026-01-05T23:27:00,12.423851,76.793313,0,STOPPED,MAN-000016
TEL-00000266,VEH-0104,2026-01-05T23:37:00,12.423851,76.793313,0,DELIVERED,MAN-000016
TEL-00000267,VEH-0030,2026-01-05T12:00:00,13.330408,76.214124,0,IDLE,MAN-000020
TEL-00000268,VEH-0030,2026-01-05T12:14:00,13.290707,76.162843,32,MOVING,MAN-000020
TEL-00000269,VEH-0030,2026-01-05T12:32:00,13.25603,76.114815,33,MOVING,MAN-000020
TEL-00000270,VEH-0030,2026-01-05T12:45:00,13.217233,76.066193,0,STOPPED,MAN-000020
TEL-00000271,VEH-0030,2026-01-05T13:02:00,13.219177,76.064416,30,MOVING,MAN-000020
TEL-00000272,VEH-0030,2026-01-05T13:14:00,13.216765,76.067224,20,MOVING,MAN-000020
TEL-00000273,VEH-0030,2026-01-05T13:31:00,13.217233,76.066193,0,STOPPED,MAN-000020
TEL-00000274,VEH-0030,2026-01-05T13:54:00,13.277325,76.145675,24,MOVING,MAN-000020
TEL-00000275,VEH-0030,2026-01-05T14:18:00,13.333235,76.226183,26,MOVING,MAN-000020
TEL-00000276,VEH-0030,2026-01-05T14:42:00,13.392114,76.309062,0,STOPPED,MAN-000020
TEL-00000277,VEH-0030,2026-01-05T15:10:00,13.392166,76.310747,29,MOVING,MAN-000020
TEL-00000278,VEH-0030,2026-01-05T15:31:00,13.392712,76.310161,18,MOVING,MAN-000020
TEL-00000279,VEH-0030,2026-01-05T15:54:00,13.392114,76.309062,0,STOPPED,MAN-000020
TEL-00000280,VEH-0030,2026-01-05T16:03:00,13.419428,76.308317,30,MOVING,MAN-000020
TEL-00000281,VEH-0030,2026-01-05T16:10:00,13.443543,76.303075,25,MOVING,MAN-000020
TEL-00000282,VEH-0030,2026-01-05T16:14:00,13.469282,76.301483,0,STOPPED,MAN-000020
TEL-00000283,VEH-0030,2026-01-05T16:23:00,13.469733,76.30084,37,MOVING,MAN-000020
TEL-00000284,VEH-0030,2026-01-05T16:28:00,13.468635,76.302638,23,MOVING,MAN-000020
TEL-00000285,VEH-0030,2026-01-05T16:36:00,13.469282,76.301483,0,STOPPED,MAN-000020
TEL-00000286,VEH-0030,2026-01-05T16:52:00,13.398264,76.305236,35,MOVING,MAN-000020
TEL-00000287,VEH-0030,2026-01-05T17:09:00,13.33162,76.313779,24,MOVING,MAN-000020
TEL-00000288,VEH-0030,2026-01-05T17:27:00,13.261738,76.31788,0,STOPPED,MAN-000020
TEL-00000289,VEH-0030,2026-01-05T17:43:00,13.263587,76.319725,27,MOVING,MAN-000020
TEL-00000290,VEH-0030,2026-01-05T18:02:00,13.260674,76.318352,20,MOVING,MAN-000020
TEL-00000291,VEH-0030,2026-01-05T18:17:00,13.261738,76.31788,0,STOPPED,MAN-000020
TEL-00000292,VEH-0030,2026-01-05T18:33:00,13.306002,76.278498,20,MOVING,MAN-000020
TEL-00000293,VEH-0030,2026-01-05T18:47:00,13.35195,76.24147,21,MOVING,MAN-000020
TEL-00000294,VEH-0030,2026-01-05T19:04:00,13.397839,76.204326,0,STOPPED,MAN-000020
TEL-00000295,VEH-0030,2026-01-05T19:23:00,13.396928,76.203868,20,MOVING,MAN-000020
TEL-00000296,VEH-0030,2026-01-05T19:37:00,13.398015,76.204284,26,MOVING,MAN-000020
TEL-00000297,VEH-0030,2026-01-05T19:50:00,13.397839,76.204326,0,STOPPED,MAN-000020
TEL-00000298,VEH-0030,2026-01-05T20:01:00,13.431694,76.188569,21,MOVING,MAN-000020
TEL-00000299,VEH-0030,2026-01-05T20:13:00,13.470129,76.17584,20,MOVING,MAN-000020
TEL-00000300,VEH-0030,2026-01-05T20:20:00,13.50498,76.159457,0,STOPPED,MAN-000020
TEL-00000301,VEH-0030,2026-01-05T20:32:00,13.505187,76.161238,20,MOVING,MAN-000020
TEL-00000302,VEH-0030,2026-01-05T20:41:00,13.505814,76.160497,26,MOVING,MAN-000020
TEL-00000303,VEH-0030,2026-01-05T20:48:00,13.50498,76.159457,0,STOPPED,MAN-000020
TEL-00000304,VEH-0030,2026-01-05T20:58:00,13.50498,76.159457,0,DELIVERED,MAN-000020
TEL-00000305,VEH-0006,2026-01-05T12:00:00,14.000078,75.409186,0,IDLE,MAN-000023
TEL-00000306,VEH-0006,2026-01-05T12:18:00,14.033155,75.354726,32,MOVING,MAN-000023
TEL-00000307,VEH-0006,2026-01-05T12:34:00,14.06424,75.296669,29,MOVING,MAN-000023
TEL-00000308,VEH-0006,2026-01-05T12:45:00,14.093528,75.243401,0,STOPPED,MAN-000023
TEL-00000309,VEH-0006,2026-01-05T13:01:00,14.093329,75.243834,36,MOVING,MAN-000023
TEL-00000310,VEH-0006,2026-01-05T13:15:00,14.092227,75.24524,35,MOVING,MAN-000023
TEL-00000311,VEH-0006,2026-01-05T13:35:00,14.093528,75.243401,0,STOPPED,MAN-000023
TEL-00000312,VEH-0006,2026-01-05T13:42:00,14.120889,75.241425,18,MOVING,MAN-000023
TEL-00000313,VEH-0006,2026-01-05T13:47:00,14.146922,75.235921,27,MOVING,MAN-000023
TEL-00000314,VEH-0006,2026-01-05T13:59:00,14.174601,75.234126,0,STOPPED,MAN-000023
TEL-00000315,VEH-0006,2026-01-05T14:10:00,14.176439,75.23386,18,MOVING,MAN-000023
TEL-00000316,VEH-0006,2026-01-05T14:12:00,14.174167,75.233713,18,MOVING,MAN-000023
TEL-00000317,VEH-0006,2026-01-05T14:18:00,14.174601,75.234126,0,STOPPED,MAN-000023
TEL-00000318,VEH-0006,2026-01-05T14:43:00,14.142633,75.327783,20,MOVING,MAN-000023
TEL-00000319,VEH-0006,2026-01-05T15:09:00,14.108081,75.418923,35,MOVING,MAN-000023
TEL-00000320,VEH-0006,2026-01-05T15:33:00,14.072808,75.513227,0,STOPPED,MAN-000023
TEL-00000321,VEH-0006,2026-01-05T15:57:00,14.071879,75.514323,27,MOVING,MAN-000023
TEL-00000322,VEH-0006,2026-01-05T16:23:00,14.073995,75.513647,34,MOVING,MAN-000023
TEL-00000323,VEH-0006,2026-01-05T16:44:00,14.072808,75.513227,0,STOPPED,MAN-000023
TEL-00000324,VEH-0006,2026-01-05T17:01:00,14.01538,75.529925,20,MOVING,MAN-000023
TEL-00000325,VEH-0006,2026-01-05T17:14:00,13.953877,75.54721,36,MOVING,MAN-000023
TEL-00000326,VEH-0006,2026-01-05T17:29:00,13.894832,75.563596,0,STOPPED,MAN-000023
TEL-00000327,VEH-0006,2026-01-05T17:48:00,13.896076,75.561932,23,MOVING,MAN-000023
TEL-00000328,VEH-0006,2026-01-05T17:59:00,13.895849,75.56179,37,MOVING,MAN-000023
TEL-00000329,VEH-0006,2026-01-05T18:14:00,13.894832,75.563596,0,STOPPED,MAN-000023
TEL-00000330,VEH-0006,2026-01-05T18:45:00,13.983015,75.47987,22,MOVING,MAN-000023
TEL-00000331,VEH-0006,2026-01-05T19:14:00,14.074072,75.39574,21,MOVING,MAN-000023
TEL-00000332,VEH-0006,2026-01-05T19:44:00,14.16453,75.313848,0,STOPPED,MAN-000023
TEL-00000333,VEH-0006,2026-01-05T20:13:00,14.16508,75.315844,27,MOVING,MAN-000023
TEL-00000334,VEH-0006,2026-01-05T20:44:00,14.162829,75.312721,35,MOVING,MAN-000023
TEL-00000335,VEH-0006,2026-01-05T21:16:00,14.16453,75.313848,0,STOPPED,MAN-000023
TEL-00000336,VEH-0006,2026-01-05T21:45:00,14.085753,75.403674,34,MOVING,MAN-000023
TEL-00000337,VEH-0006,2026-01-05T22:13:00,14.002985,75.493454,37,MOVING,MAN-000023
TEL-00000338,VEH-0006,2026-01-05T22:47:00,13.92227,75.580968,0,STOPPED,MAN-000023
TEL-00000339,VEH-0006,2026-01-05T23:18:00,13.921426,75.580351,37,MOVING,MAN-000023
TEL-00000340,VEH-0006,2026-01-05T23:45:00,13.92168,75.58126,26,MOVING,MAN-000023
TEL-00000341,VEH-0006,2026-01-06T00:15:00,13.92227,75.580968,0,STOPPED,MAN-000023
TEL-00000342,VEH-0006,2026-01-06T00:25:00,13.92227,75.580968,0,DELIVERED,MAN-000023
TEL-00000343,VEH-0031,2026-01-05T12:00:00,14.000078,75.409186,0,IDLE,MAN-000024
TEL-00000344,VEH-0031,2026-01-05T12:14:00,14.035201,75.397219,25,MOVING,MAN-000024
TEL-00000345,VEH-0031,2026-01-05T12:21:00,14.075687,75.380808,25,MOVING,MAN-000024
TEL-00000346,VEH-0031,2026-01-05T12:29:00,14.110555,75.367652,0,STOPPED,MAN-000024
TEL-00000347,VEH-0031,2026-01-05T12:42:00,14.109855,75.367219,35,MOVING,MAN-000024
TEL-00000348,VEH-0031,2026-01-05T12:51:00,14.10937,75.366698,28,MOVING,MAN-000024
TEL-00000349,VEH-0031,2026-01-05T12:57:00,14.110555,75.367652,0,STOPPED,MAN-000024
TEL-00000350,VEH-0031,2026-01-05T13:11:00,14.081182,75.325534,25,MOVING,MAN-000024
TEL-00000351,VEH-0031,2026-01-05T13:24:00,14.051362,75.280476,19,MOVING,MAN-000024
TEL-00000352,VEH-0031,2026-01-05T13:34:00,14.022107,75.239731,0,STOPPED,MAN-000024
TEL-00000353,VEH-0031,2026-01-05T13:46:00,14.021667,75.238534,31,MOVING,MAN-000024
TEL-00000354,VEH-0031,2026-01-05T14:02:00,14.020837,75.239265,29,MOVING,MAN-000024
TEL-00000355,VEH-0031,2026-01-05T14:12:00,14.022107,75.239731,0,STOPPED,MAN-000024
TEL-00000356,VEH-0031,2026-01-05T14:29:00,13.987829,75.292295,27,MOVING,MAN-000024
TEL-00000357,VEH-0031,2026-01-05T14:44:00,13.954306,75.344831,21,MOVING,MAN-000024
TEL-00000358,VEH-0031,2026-01-05T14:58:00,13.920736,75.397149,0,STOPPED,MAN-000024
TEL-00000359,VEH-0031,2026-01-05T15:12:00,13.919153,75.397449,35,MOVING,MAN-000024
TEL-00000360,VEH-0031,2026-01-05T15:30:00,13.921972,75.398153,35,MOVING,MAN-000024
TEL-00000361,VEH-0031,2026-01-05T15:47:00,13.920736,75.397149,0,STOPPED,MAN-000024
TEL-00000362,VEH-0031,2026-01-05T16:09:00,13.992291,75.451656,32,MOVING,MAN-000024
TEL-00000363,VEH-0031,2026-01-05T16:35:00,14.066706,75.506078,28,MOVING,MAN-000024
TEL-00000364,VEH-0031,2026-01-05T16:53:00,14.136805,75.561537,0,STOPPED,MAN-000024
TEL-00000365,VEH-0031,2026-01-05T17:17:00,14.13592,75.559805,34,MOVING,MAN-000024
TEL-00000366,VEH-0031,2026-01-05T17:41:00,14.138111,75.563096,19,MOVING,MAN-000024
TEL-00000367,VEH-0031,2026-01-05T17:58:00,14.136805,75.561537,0,STOPPED,MAN-000024
TEL-00000368,VEH-0031,2026-01-05T18:26:00,14.057187,75.495305,27,MOVING,MAN-000024
TEL-00000369,VEH-0031,2026-01-05T18:50:00,13.977733,75.428145,34,MOVING,MAN-000024
TEL-00000370,VEH-0031,2026-01-05T19:14:00,13.897775,75.359071,0,STOPPED,MAN-000024
TEL-00000371,VEH-0031,2026-01-05T19:44:00,13.899726,75.357355,32,MOVING,MAN-000024
TEL-00000372,VEH-0031,2026-01-05T20:04:00,13.898074,75.360236,33,MOVING,MAN-000024
TEL-00000373,VEH-0031,2026-01-05T20:34:00,13.897775,75.359071,0,STOPPED,MAN-000024
TEL-00000374,VEH-0031,2026-01-05T20:55:00,13.884068,75.427442,31,MOVING,MAN-000024
TEL-00000375,VEH-0031,2026-01-05T21:09:00,13.873028,75.494716,24,MOVING,MAN-000024
TEL-00000376,VEH-0031,2026-01-05T21:22:00,13.862575,75.561869,0,STOPPED,MAN-000024
TEL-00000377,VEH-0031,2026-01-05T21:41:00,13.86066,75.562786,33,MOVING,MAN-000024
TEL-00000378,VEH-0031,2026-01-05T21:55:00,13.862963,75.560498,29,MOVING,MAN-000024
TEL-00000379,VEH-0031,2026-01-05T22:11:00,13.862575,75.561869,0,STOPPED,MAN-000024
TEL-00000380,VEH-0031,2026-01-05T22:21:00,13.862575,75.561869,0,DELIVERED,MAN-000024
TEL-00000381,VEH-0032,2026-01-05T12:00:00,12.704545,77.547257,0,IDLE,MAN-000026
TEL-00000382,VEH-0032,2026-01-05T12:02:00,12.69938,77.550119,23,MOVING,MAN-000026
TEL-00000383,VEH-0032,2026-01-05T12:07:00,12.694667,77.556983,27,MOVING,MAN-000026
TEL-00000384,VEH-0032,2026-01-05T12:06:00,12.690828,77.559077,0,STOPPED,MAN-000026
TEL-00000385,VEH-0032,2026-01-05T12:09:00,12.69176,77.560927,18,MOVING,MAN-000026
TEL-00000386,VEH-0032,2026-01-05T12:08:00,12.690167,77.560139,37,MOVING,MAN-000026
TEL-00000387,VEH-0032,2026-01-05T12:11:00,12.690828,77.559077,0,STOPPED,MAN-000026
TEL-00000388,VEH-0032,2026-01-05T12:26:00,12.7264,77.588561,25,MOVING,MAN-000026
TEL-00000389,VEH-0032,2026-01-05T12:36:00,12.76443,77.617319,37,MOVING,MAN-000026
TEL-00000390,VEH-0032,2026-01-05T12:47:00,12.798667,77.647201,0,STOPPED,MAN-000026
TEL-00000391,VEH-0032,2026-01-05T12:59:00,12.799791,77.646615,36,MOVING,MAN-000026
TEL-00000392,VEH-0032,2026-01-05T13:10:00,12.797705,77.646997,33,MOVING,MAN-000026
TEL-00000393,VEH-0032,2026-01-05T13:21:00,12.798667,77.647201,0,STOPPED,MAN-000026
TEL-00000394,VEH-0032,2026-01-05T13:42:00,12.720232,77.63746,25,MOVING,MAN-000026
TEL-00000395,VEH-0032,2026-01-05T14:01:00,12.641882,77.626417,20,MOVING,MAN-000026
TEL-00000396,VEH-0032,2026-01-05T14:22:00,12.564214,77.615477,0,STOPPED,MAN-000026
TEL-00000397,VEH-0032,2026-01-05T14:44:00,12.565916,77.616461,19,MOVING,MAN-000026
TEL-00000398,VEH-0032,2026-01-05T15:05:00,12.564498,77.616231,33,MOVING,MAN-000026
TEL-00000399,VEH-0032,2026-01-05T15:21:00,12.564214,77.615477,0,STOPPED,MAN-000026
TEL-00000400,VEH-0032,2026-01-05T15:36:00,12.58023,77.553156,34,MOVING,MAN-000026
TEL-00000401,VEH-0032,2026-01-05T15:56:00,12.598944,77.485957,20,MOVING,MAN-000026
TEL-00000402,VEH-0032,2026-01-05T16:09:00,12.616425,77.423646,0,STOPPED,MAN-000026
TEL-00000403,VEH-0032,2026-01-05T16:28:00,12.61623,77.422622,31,MOVING,MAN-000026
TEL-00000404,VEH-0032,2026-01-05T16:44:00,12.614704,77.425279,23,MOVING,MAN-000026
TEL-00000405,VEH-0032,2026-01-05T17:01:00,12.616425,77.423646,0,STOPPED,MAN-000026
TEL-00000406,VEH-0032,2026-01-05T17:12:00,12.635236,77.455099,28,MOVING,MAN-000026
TEL-00000407,VEH-0032,2026-01-05T17:22:00,12.65296,77.484003,29,MOVING,MAN-000026
TEL-00000408,VEH-0032,2026-01-05T17:31:00,12.671775,77.51403,0,STOPPED,MAN-000026
TEL-00000409,VEH-0032,2026-01-05T17:40:00,12.6708,77.515919,36,MOVING,MAN-000026
TEL-00000410,VEH-0032,2026-01-05T17:47:00,12.673645,77.515645,37,MOVING,MAN-000026
TEL-00000411,VEH-0032,2026-01-05T17:57:00,12.671775,77.51403,0,STOPPED,MAN-000026
TEL-00000412,VEH-0032,2026-01-05T18:15:00,12.733113,77.531092,31,MOVING,MAN-000026
TEL-00000413,VEH-0032,2026-01-05T18:29:00,12.797423,77.54752,33,MOVING,MAN-000026
TEL-00000414,VEH-0032,2026-01-05T18:47:00,12.857697,77.563575,0,STOPPED,MAN-000026
TEL-00000415,VEH-0032,2026-01-05T19:03:00,12.859358,77.563394,22,MOVING,MAN-000026
TEL-00000416,VEH-0032,2026-01-05T19:21:00,12.85708,77.562661,26,MOVING,MAN-000026
TEL-00000417,VEH-0032,2026-01-05T19:33:00,12.857697,77.563575,0,STOPPED,MAN-000026
TEL-00000418,VEH-0032,2026-01-05T19:43:00,12.857697,77.563575,0,DELIVERED,MAN-000026
TEL-00000419,VEH-0007,2026-01-05T12:00:00,12.704545,77.547257,0,IDLE,MAN-000027
TEL-00000420,VEH-0007,2026-01-05T12:14:00,12.762184,77.530707,26,MOVING,MAN-000027
TEL-00000421,VEH-0007,2026-01-05T12:31:00,12.818353,77.513979,20,MOVING,MAN-000027
TEL-00000422,VEH-0007,2026-01-05T12:43:00,12.875429,77.496092,0,STOPPED,MAN-000027
TEL-00000423,VEH-0007,2026-01-05T12:58:00,12.874258,77.495517,23,MOVING,MAN-000027
TEL-00000424,VEH-0007,2026-01-05T13:16:00,12.874881,77.496121,32,MOVING,MAN-000027
TEL-00000425,VEH-0007,2026-01-05T13:29:00,12.875429,77.496092,0,STOPPED,MAN-000027
TEL-00000426,VEH-0007,2026-01-05T13:45:00,12.811063,77.490272,19,MOVING,MAN-000027
TEL-00000427,VEH-0007,2026-01-05T14:02:00,12.744796,77.488169,37,MOVING,MAN-000027
TEL-00000428,VEH-0007,2026-01-05T14:17:00,12.677135,77.482634,0,STOPPED,MAN-000027
TEL-00000429,VEH-0007,2026-01-05T14:33:00,12.675917,77.482785,23,MOVING,MAN-000027
TEL-00000430,VEH-0007,2026-01-05T14:54:00,12.675904,77.48226,27,MOVING,MAN-000027
TEL-00000431,VEH-0007,2026-01-05T15:06:00,12.677135,77.482634,0,STOPPED,MAN-000027
TEL-00000432,VEH-0007,2026-01-05T15:13:00,12.668775,77.503711,34,MOVING,MAN-000027
TEL-00000433,VEH-0007,2026-01-05T15:17:00,12.658581,77.522211,36,MOVING,MAN-000027
TEL-00000434,VEH-0007,2026-01-05T15:24:00,12.647093,77.542682,0,STOPPED,MAN-000027
TEL-00000435,VEH-0007,2026-01-05T15:31:00,12.64679,77.543139,18,MOVING,MAN-000027
TEL-00000436,VEH-0007,2026-01-05T15:35:00,12.645419,77.543445,36,MOVING,MAN-000027
TEL-00000437,VEH-0007,2026-01-05T15:42:00,12.647093,77.542682,0,STOPPED,MAN-000027
TEL-00000438,VEH-0007,2026-01-05T15:56:00,12.639099,77.501468,36,MOVING,MAN-000027
TEL-00000439,VEH-0007,2026-01-05T16:04:00,12.628764,77.459763,23,MOVING,MAN-000027
TEL-00000440,VEH-0007,2026-01-05T16:13:00,12.620885,77.419314,0,STOPPED,MAN-000027
TEL-00000441,VEH-0007,2026-01-05T16:24:00,12.620352,77.418998,21,MOVING,MAN-000027
TEL-00000442,VEH-0007,2026-01-05T16:36:00,12.620403,77.419564,24,MOVING,MAN-000027
TEL-00000443,VEH-0007,2026-01-05T16:43:00,12.620885,77.419314,0,STOPPED,MAN-000027
TEL-00000444,VEH-0007,2026-01-05T17:06:00,12.687876,77.480673,19,MOVING,MAN-000027
TEL-00000445,VEH-0007,2026-01-05T17:27:00,12.753729,77.546037,31,MOVING,MAN-000027
TEL-00000446,VEH-0007,2026-01-05T17:54:00,12.822367,77.606856,0,STOPPED,MAN-000027
TEL-00000447,VEH-0007,2026-01-05T18:21:00,12.820803,77.608248,26,MOVING,MAN-000027
TEL-00000448,VEH-0007,2026-01-05T18:42:00,12.822374,77.60883,29,MOVING,MAN-000027
TEL-00000449,VEH-0007,2026-01-05T19:00:00,12.822367,77.606856,0,STOPPED,MAN-000027
TEL-00000450,VEH-0007,2026-01-05T19:18:00,12.765918,77.576113,32,MOVING,MAN-000027
TEL-00000451,VEH-0007,2026-01-05T19:33:00,12.706757,77.541103,19,MOVING,MAN-000027
TEL-00000452,VEH-0007,2026-01-05T19:51:00,12.651002,77.508772,0,STOPPED,MAN-000027
TEL-00000453,VEH-0007,2026-01-05T20:10:00,12.650128,77.507594,31,MOVING,MAN-000027
TEL-00000454,VEH-0007,2026-01-05T20:28:00,12.649566,77.508705,29,MOVING,MAN-000027
TEL-00000455,VEH-0007,2026-01-05T20:40:00,12.651002,77.508772,0,STOPPED,MAN-000027
TEL-00000456,VEH-0007,2026-01-05T20:50:00,12.651002,77.508772,0,DELIVERED,MAN-000027
TEL-00000457,VEH-0108,2026-01-05T12:00:00,12.594161,76.402707,0,IDLE,MAN-000029
TEL-00000458,VEH-0108,2026-01-05T12:18:00,12.634765,76.354115,23,MOVING,MAN-000029
TEL-00000459,VEH-0108,2026-01-05T12:32:00,12.672721,76.30537,21,MOVING,MAN-000029
TEL-00000460,VEH-0108,2026-01-05T12:48:00,12.711831,76.255158,0,STOPPED,MAN-000029
TEL-00000461,VEH-0108,2026-01-05T13:03:00,12.711221,76.255573,27,MOVING,MAN-000029
TEL-00000462,VEH-0108,2026-01-05T13:23:00,12.712901,76.253863,36,MOVING,MAN-000029
TEL-00000463,VEH-0108,2026-01-05T13:35:00,12.711831,76.255158,0,STOPPED,MAN-000029
TEL-00000464,VEH-0108,2026-01-05T13:45:00,12.684151,76.282685,19,MOVING,MAN-000029
TEL-00000465,VEH-0108,2026-01-05T13:58:00,12.658113,76.311895,23,MOVING,MAN-000029
TEL-00000466,VEH-0108,2026-01-05T14:06:00,12.634061,76.340051,0,STOPPED,MAN-000029
TEL-00000467,VEH-0108,2026-01-05T14:18:00,12.634922,76.341402,18,MOVING,MAN-000029
TEL-00000468,VEH-0108,2026-01-05T14:25:00,12.633517,76.3417,18,MOVING,MAN-000029
TEL-00000469,VEH-0108,2026-01-05T14:38:00,12.634061,76.340051,0,STOPPED,MAN-000029
TEL-00000470,VEH-0108,2026-01-05T14:50:00,12.664494,76.321585,27,MOVING,MAN-000029
TEL-00000471,VEH-0108,2026-01-05T14:56:00,12.694688,76.305898,31,MOVING,MAN-000029
TEL-00000472,VEH-0108,2026-01-05T15:05:00,12.726473,76.287449,0,STOPPED,MAN-000029
TEL-00000473,VEH-0108,2026-01-05T15:14:00,12.725842,76.288978,26,MOVING,MAN-000029
TEL-00000474,VEH-0108,2026-01-05T15:26:00,12.727627,76.287831,19,MOVING,MAN-000029
TEL-00000475,VEH-0108,2026-01-05T15:32:00,12.726473,76.287449,0,STOPPED,MAN-000029
TEL-00000476,VEH-0108,2026-01-05T15:53:00,12.645959,76.296505,22,MOVING,MAN-000029
TEL-00000477,VEH-0108,2026-01-05T16:17:00,12.562185,76.306001,31,MOVING,MAN-000029
TEL-00000478,VEH-0108,2026-01-05T16:34:00,12.479288,76.314886,0,STOPPED,MAN-000029
TEL-00000479,VEH-0108,2026-01-05T16:56:00,12.478576,76.313185,22,MOVING,MAN-000029
TEL-00000480,VEH-0108,2026-01-05T17:18:00,12.478994,76.313421,35,MOVING,MAN-000029
TEL-00000481,VEH-0108,2026-01-05T17:38:00,12.479288,76.314886,0,STOPPED,MAN-000029
TEL-00000482,VEH-0108,2026-01-05T17:59:00,12.564556,76.302399,29,MOVING,MAN-000029
TEL-00000483,VEH-0108,2026-01-05T18:25:00,12.652078,76.287102,33,MOVING,MAN-000029
TEL-00000484,VEH-0108,2026-01-05T18:42:00,12.73888,76.27292,0,STOPPED,MAN-000029
TEL-00000485,VEH-0108,2026-01-05T19:04:00,12.737518,76.274283,30,MOVING,MAN-000029
TEL-00000486,VEH-0108,2026-01-05T19:29:00,12.74052,76.274881,36,MOVING,MAN-000029
TEL-00000487,VEH-0108,2026-01-05T19:48:00,12.73888,76.27292,0,STOPPED,MAN-000029
TEL-00000488,VEH-0108,2026-01-05T20:17:00,12.663715,76.342818,26,MOVING,MAN-000029
TEL-00000489,VEH-0108,2026-01-05T20:40:00,12.588353,76.413451,31,MOVING,MAN-000029
TEL-00000490,VEH-0108,2026-01-05T21:08:00,12.510652,76.486078,0,STOPPED,MAN-000029
TEL-00000491,VEH-0108,2026-01-05T21:33:00,12.509533,76.484344,24,MOVING,MAN-000029
TEL-00000492,VEH-0108,2026-01-05T21:59:00,12.511389,76.487952,24,MOVING,MAN-000029
TEL-00000493,VEH-0108,2026-01-05T22:28:00,12.510652,76.486078,0,STOPPED,MAN-000029
TEL-00000494,VEH-0108,2026-01-05T22:38:00,12.510652,76.486078,0,DELIVERED,MAN-000029
TEL-00000495,VEH-0108,2026-01-05T12:00:00,12.594161,76.402707,0,IDLE,MAN-000030
TEL-00000496,VEH-0108,2026-01-05T12:13:00,12.571808,76.376386,29,MOVING,MAN-000030
TEL-00000497,VEH-0108,2026-01-05T12:17:00,12.549286,76.351147,30,MOVING,MAN-000030
TEL-00000498,VEH-0108,2026-01-05T12:27:00,12.528687,76.325398,0,STOPPED,MAN-000030
TEL-00000499,VEH-0108,2026-01-05T12:35:00,12.529903,76.325223,34,MOVING,MAN-000030
TEL-00000500,VEH-0108,2026-01-05T12:43:00,12.528748,76.325521,37,MOVING,MAN-000030
TEL-00000501,VEH-0108,2026-01-05T12:53:00,12.528687,76.325398,0,STOPPED,MAN-000030
TEL-00000502,VEH-0108,2026-01-05T13:16:00,12.556516,76.406396,23,MOVING,MAN-000030
TEL-00000503,VEH-0108,2026-01-05T13:34:00,12.587197,76.488351,32,MOVING,MAN-000030
TEL-00000504,VEH-0108,2026-01-05T13:55:00,12.614965,76.569057,0,STOPPED,MAN-000030
TEL-00000505,VEH-0108,2026-01-05T14:16:00,12.613822,76.568813,22,MOVING,MAN-000030
TEL-00000506,VEH-0108,2026-01-05T14:37:00,12.614978,76.567663,36,MOVING,MAN-000030
TEL-00000507,VEH-0108,2026-01-05T14:56:00,12.614965,76.569057,0,STOPPED,MAN-000030
TEL-00000508,VEH-0108,2026-01-05T15:21:00,12.57597,76.480835,18,MOVING,MAN-000030
TEL-00000509,VEH-0108,2026-01-05T15:41:00,12.540921,76.39087,23,MOVING,MAN-000030
TEL-00000510,VEH-0108,2026-01-05T16:05:00,12.503736,76.303868,0,STOPPED,MAN-000030
TEL-00000511,VEH-0108,2026-01-05T16:29:00,12.502041,76.305503,24,MOVING,MAN-000030
TEL-00000512,VEH-0108,2026-01-05T16:51:00,12.504527,76.303241,35,MOVING,MAN-000030
TEL-00000513,VEH-0108,2026-01-05T17:13:00,12.503736,76.303868,0,STOPPED,MAN-000030
TEL-00000514,VEH-0108,2026-01-05T17:28:00,12.473435,76.338084,18,MOVING,MAN-000030
TEL-00000515,VEH-0108,2026-01-05T17:35:00,12.445905,76.373906,33,MOVING,MAN-000030
TEL-00000516,VEH-0108,2026-01-05T17:48:00,12.414658,76.411854,0,STOPPED,MAN-000030
TEL-00000517,VEH-0108,2026-01-05T18:02:00,12.416389,76.410971,23,MOVING,MAN-000030
TEL-00000518,VEH-0108,2026-01-05T18:15:00,12.414177,76.413766,31,MOVING,MAN-000030
TEL-00000519,VEH-0108,2026-01-05T18:21:00,12.414658,76.411854,0,STOPPED,MAN-000030
TEL-00000520,VEH-0108,2026-01-05T18:52:00,12.523191,76.417979,28,MOVING,MAN-000030
TEL-00000521,VEH-0108,2026-01-05T19:14:00,12.629846,76.427787,26,MOVING,MAN-000030
TEL-00000522,VEH-0108,2026-01-05T19:44:00,12.735829,76.433225,0,STOPPED,MAN-000030
TEL-00000523,VEH-0108,2026-01-05T20:10:00,12.737044,76.432516,36,MOVING,MAN-000030
TEL-00000524,VEH-0108,2026-01-05T20:37:00,12.735546,76.434135,25,MOVING,MAN-000030
TEL-00000525,VEH-0108,2026-01-05T21:04:00,12.735829,76.433225,0,STOPPED,MAN-000030
TEL-00000526,VEH-0108,2026-01-05T21:14:00,12.706887,76.434247,25,MOVING,MAN-000030
TEL-00000527,VEH-0108,2026-01-05T21:23:00,12.674933,76.435408,22,MOVING,MAN-000030
TEL-00000528,VEH-0108,2026-01-05T21:31:00,12.645112,76.435847,0,STOPPED,MAN-000030
TEL-00000529,VEH-0108,2026-01-05T21:43:00,12.646557,76.437179,28,MOVING,MAN-000030
TEL-00000530,VEH-0108,2026-01-05T21:48:00,12.645677,76.436548,26,MOVING,MAN-000030
TEL-00000531,VEH-0108,2026-01-05T21:55:00,12.645112,76.435847,0,STOPPED,MAN-000030
TEL-00000532,VEH-0108,2026-01-05T22:05:00,12.645112,76.435847,0,DELIVERED,MAN-000030
TEL-00000533,VEH-0133,2026-01-05T12:00:00,12.594161,76.402707,0,IDLE,MAN-000032
TEL-00000534,VEH-0133,2026-01-05T12:16:00,12.533498,76.373417,18,MOVING,MAN-000032
TEL-00000535,VEH-0133,2026-01-05T12:32:00,12.472708,76.341414,25,MOVING,MAN-000032
TEL-00000536,VEH-0133,2026-01-05T12:51:00,12.414278,76.312101,0,STOPPED,MAN-000032
TEL-00000537,VEH-0133,2026-01-05T13:11:00,12.413087,76.313571,18,MOVING,MAN-000032
TEL-00000538,VEH-0133,2026-01-05T13:27:00,12.413255,76.311166,19,MOVING,MAN-000032
TEL-00000539,VEH-0133,2026-01-05T13:41:00,12.414278,76.312101,0,STOPPED,MAN-000032
TEL-00000540,VEH-0133,2026-01-05T14:08:00,12.521192,76.337119,32,MOVING,MAN-000032
TEL-00000541,VEH-0133,2026-01-05T14:40:00,12.629527,76.362324,35,MOVING,MAN-000032
TEL-00000542,VEH-0133,2026-01-05T15:04:00,12.73793,76.386742,0,STOPPED,MAN-000032
TEL-00000543,VEH-0133,2026-01-05T15:34:00,12.736482,76.386027,31,MOVING,MAN-000032
TEL-00000544,VEH-0133,2026-01-05T16:00:00,12.737501,76.388514,22,MOVING,MAN-000032
TEL-00000545,VEH-0133,2026-01-05T16:27:00,12.73793,76.386742,0,STOPPED,MAN-000032
TEL-00000546,VEH-0133,2026-01-05T16:33:00,12.736839,76.369311,18,MOVING,MAN-000032
TEL-00000547,VEH-0133,2026-01-05T16:34:00,12.737772,76.355707,27,MOVING,MAN-000032
TEL-00000548,VEH-0133,2026-01-05T16:38:00,12.739784,76.340394,0,STOPPED,MAN-000032
TEL-00000549,VEH-0133,2026-01-05T16:46:00,12.741726,76.339066,23,MOVING,MAN-000032
TEL-00000550,VEH-0133,2026-01-05T16:47:00,12.741495,76.340492,37,MOVING,MAN-000032
TEL-00000551,VEH-0133,2026-01-05T16:50:00,12.739784,76.340394,0,STOPPED,MAN-000032
TEL-00000552,VEH-0133,2026-01-05T16:57:00,12.734262,76.307715,24,MOVING,MAN-000032
TEL-00000553,VEH-0133,2026-01-05T17:07:00,12.725396,76.28056,32,MOVING,MAN-000032
TEL-00000554,VEH-0133,2026-01-05T17:16:00,12.720039,76.248289,0,STOPPED,MAN-000032
TEL-00000555,VEH-0133,2026-01-05T17:26:00,12.718887,76.248859,32,MOVING,MAN-000032
TEL-00000556,VEH-0133,2026-01-05T17:33:00,12.719496,76.250036,23,MOVING,MAN-000032
TEL-00000557,VEH-0133,2026-01-05T17:42:00,12.720039,76.248289,0,STOPPED,MAN-000032
TEL-00000558,VEH-0133,2026-01-05T17:59:00,12.650901,76.254201,26,MOVING,MAN-000032
TEL-00000559,VEH-0133,2026-01-05T18:17:00,12.581301,76.258263,25,MOVING,MAN-000032
TEL-00000560,VEH-0133,2026-01-05T18:36:00,12.513328,76.264959,0,STOPPED,MAN-000032
TEL-00000561,VEH-0133,2026-01-05T18:55:00,12.512789,76.264134,18,MOVING,MAN-000032
TEL-00000562,VEH-0133,2026-01-05T19:12:00,12.515078,76.266628,22,MOVING,MAN-000032
TEL-00000563,VEH-0133,2026-01-05T19:27:00,12.513328,76.264959,0,STOPPED,MAN-000032
TEL-00000564,VEH-0133,2026-01-05T19:54:00,12.583833,76.351101,33,MOVING,MAN-000032
TEL-00000565,VEH-0133,2026-01-05T20:20:00,12.652761,76.434063,36,MOVING,MAN-000032
TEL-00000566,VEH-0133,2026-01-05T20:46:00,12.725324,76.519225,0,STOPPED,MAN-000032
TEL-00000567,VEH-0133,2026-01-05T21:14:00,12.725976,76.518216,27,MOVING,MAN-000032
TEL-00000568,VEH-0133,2026-01-05T21:43:00,12.726452,76.51865,29,MOVING,MAN-000032
TEL-00000569,VEH-0133,2026-01-05T22:06:00,12.725324,76.519225,0,STOPPED,MAN-000032
TEL-00000570,VEH-0133,2026-01-05T22:16:00,12.725324,76.519225,0,DELIVERED,MAN-000032
TEL-00000571,VEH-0034,2026-01-05T12:00:00,13.576294,76.976952,0,IDLE,MAN-000033
TEL-00000572,VEH-0034,2026-01-05T12:17:00,13.516987,77.012883,29,MOVING,MAN-000033
TEL-00000573,VEH-0034,2026-01-05T12:33:00,13.458248,77.051631,22,MOVING,MAN-000033
TEL-00000574,VEH-0034,2026-01-05T12:53:00,13.401981,77.086188,0,STOPPED,MAN-000033
TEL-00000575,VEH-0034,2026-01-05T13:12:00,13.402558,77.088006,33,MOVING,MAN-000033
TEL-00000576,VEH-0034,2026-01-05T13:30:00,13.400775,77.086182,30,MOVING,MAN-000033
TEL-00000577,VEH-0034,2026-01-05T13:44:00,13.401981,77.086188,0,STOPPED,MAN-000033
TEL-00000578,VEH-0034,2026-01-05T13:57:00,13.415067,77.033361,27,MOVING,MAN-000033
TEL-00000579,VEH-0034,2026-01-05T14:12:00,13.424771,76.980853,27,MOVING,MAN-000033
TEL-00000580,VEH-0034,2026-01-05T14:23:00,13.435971,76.929619,0,STOPPED,MAN-000033
TEL-00000581,VEH-0034,2026-01-05T14:38:00,13.436724,76.929788,34,MOVING,MAN-000033
TEL-00000582,VEH-0034,2026-01-05T14:51:00,13.436126,76.929891,27,MOVING,MAN-000033
TEL-00000583,VEH-0034,2026-01-05T15:01:00,13.435971,76.929619,0,STOPPED,MAN-000033
TEL-00000584,VEH-0034,2026-01-05T15:27:00,13.523652,76.892424,30,MOVING,MAN-000033
TEL-00000585,VEH-0034,2026-01-05T15:49:00,13.608048,76.851889,28,MOVING,MAN-000033
TEL-00000586,VEH-0034,2026-01-05T16:10:00,13.694531,76.812886,0,STOPPED,MAN-000033
TEL-00000587,VEH-0034,2026-01-05T16:36:00,13.692687,76.811296,22,MOVING,MAN-000033
TEL-00000588,VEH-0034,2026-01-05T16:57:00,13.695836,76.812618,26,MOVING,MAN-000033
TEL-00000589,VEH-0034,2026-01-05T17:21:00,13.694531,76.812886,0,STOPPED,MAN-000033
TEL-00000590,VEH-0034,2026-01-05T17:42:00,13.673063,76.876819,31,MOVING,MAN-000033
TEL-00000591,VEH-0034,2026-01-05T17:56:00,13.64805,76.945678,19,MOVING,MAN-000033
TEL-00000592,VEH-0034,2026-01-05T18:13:00,13.625488,77.009753,0,STOPPED,MAN-000033
TEL-00000593,VEH-0034,2026-01-05T18:31:00,13.627408,77.009402,21,MOVING,MAN-000033
TEL-00000594,VEH-0034,2026-01-05T18:45:00,13.625929,77.009604,34,MOVING,MAN-000033
TEL-00000595,VEH-0034,2026-01-05T19:07:00,13.625488,77.009753,0,STOPPED,MAN-000033
TEL-00000596,VEH-0034,2026-01-05T19:20:00,13.615385,77.058684,32,MOVING,MAN-000033
TEL-00000597,VEH-0034,2026-01-05T19:34:00,13.606835,77.106301,21,MOVING,MAN-000033
TEL-00000598,VEH-0034,2026-01-05T19:47:00,13.598217,77.155492,0,STOPPED,MAN-000033
TEL-00000599,VEH-0034,2026-01-05T20:02:00,13.599197,77.156888,27,MOVING,MAN-000033
TEL-00000600,VEH-0034,2026-01-05T20:10:00,13.596391,77.156904,28,MOVING,MAN-000033
TEL-00000601,VEH-0034,2026-01-05T20:22:00,13.598217,77.155492,0,STOPPED,MAN-000033
TEL-00000602,VEH-0034,2026-01-05T20:25:00,13.593192,77.150335,24,MOVING,MAN-000033
TEL-00000603,VEH-0034,2026-01-05T20:25:00,13.590961,77.1425,30,MOVING,MAN-000033
TEL-00000604,VEH-0034,2026-01-05T20:27:00,13.584892,77.138357,0,STOPPED,MAN-000033
TEL-00000605,VEH-0034,2026-01-05T20:32:00,13.586399,77.140266,21,MOVING,MAN-000033
TEL-00000606,VEH-0034,2026-01-05T20:34:00,13.586167,77.139266,26,MOVING,MAN-000033
TEL-00000607,VEH-0034,2026-01-05T20:36:00,13.584892,77.138357,0,STOPPED,MAN-000033
TEL-00000608,VEH-0034,2026-01-05T20:46:00,13.584892,77.138357,0,DELIVERED,MAN-000033
TEL-00000609,VEH-0011,2026-01-05T12:00:00,12.754364,76.170288,0,IDLE,MAN-000042
TEL-00000610,VEH-0011,2026-01-05T12:16:00,12.802063,76.155537,21,MOVING,MAN-000042
TEL-00000611,VEH-0011,2026-01-05T12:27:00,12.848838,76.146473,26,MOVING,MAN-000042
TEL-00000612,VEH-0011,2026-01-05T12:36:00,12.894878,76.131575,0,STOPPED,MAN-000042
TEL-00000613,VEH-0011,2026-01-05T12:51:00,12.89466,76.129729,31,MOVING,MAN-000042
TEL-00000614,VEH-0011,2026-01-05T13:04:00,12.894208,76.130234,27,MOVING,MAN-000042
TEL-00000615,VEH-0011,2026-01-05T13:11:00,12.894878,76.131575,0,STOPPED,MAN-000042
TEL-00000616,VEH-0011,2026-01-05T13:40:00,12.791448,76.173289,20,MOVING,MAN-000042
TEL-00000617,VEH-0011,2026-01-05T14:06:00,12.685473,76.219735,29,MOVING,MAN-000042
TEL-00000618,VEH-0011,2026-01-05T14:39:00,12.579304,76.261257,0,STOPPED,MAN-000042
TEL-00000619,VEH-0011,2026-01-05T15:10:00,12.578831,76.263219,21,MOVING,MAN-000042
TEL-00000620,VEH-0011,2026-01-05T15:35:00,12.579163,76.261972,34,MOVING,MAN-000042
TEL-00000621,VEH-0011,2026-01-05T16:06:00,12.579304,76.261257,0,STOPPED,MAN-000042
TEL-00000622,VEH-0011,2026-01-05T16:13:00,12.590163,76.274638,23,MOVING,MAN-000042
TEL-00000623,VEH-0011,2026-01-05T16:14:00,12.601376,76.290126,33,MOVING,MAN-000042
TEL-00000624,VEH-0011,2026-01-05T16:23:00,12.609597,76.306007,0,STOPPED,MAN-000042
TEL-00000625,VEH-0011,2026-01-05T16:27:00,12.610693,76.306023,18,MOVING,MAN-000042
TEL-00000626,VEH-0011,2026-01-05T16:33:00,12.610153,76.305021,29,MOVING,MAN-000042
TEL-00000627,VEH-0011,2026-01-05T16:40:00,12.609597,76.306007,0,STOPPED,MAN-000042
TEL-00000628,VEH-0011,2026-01-05T16:48:00,12.619751,76.281994,30,MOVING,MAN-000042
TEL-00000629,VEH-0011,2026-01-05T16:52:00,12.627272,76.255157,32,MOVING,MAN-000042
TEL-00000630,VEH-0011,2026-01-05T17:01:00,12.638655,76.229015,0,STOPPED,MAN-000042
TEL-00000631,VEH-0011,2026-01-05T17:12:00,12.639063,76.230204,31,MOVING,MAN-000042
TEL-00000632,VEH-0011,2026-01-05T17:15:00,12.63944,76.227508,26,MOVING,MAN-000042
TEL-00000633,VEH-0011,2026-01-05T17:20:00,12.638655,76.229015,0,STOPPED,MAN-000042
TEL-00000634,VEH-0011,2026-01-05T17:34:00,12.695426,76.207598,32,MOVING,MAN-000042
TEL-00000635,VEH-0011,2026-01-05T17:52:00,12.754692,76.188822,34,MOVING,MAN-000042
TEL-00000636,VEH-0011,2026-01-05T18:08:00,12.810145,76.166144,0,STOPPED,MAN-000042
TEL-00000637,VEH-0011,2026-01-05T18:24:00,12.810997,76.165847,23,MOVING,MAN-000042
TEL-00000638,VEH-0011,2026-01-05T18:42:00,12.809971,76.167489,27,MOVING,MAN-000042
TEL-00000639,VEH-0011,2026-01-05T18:54:00,12.810145,76.166144,0,STOPPED,MAN-000042
TEL-00000640,VEH-0011,2026-01-05T19:12:00,12.751137,76.183909,29,MOVING,MAN-000042
TEL-00000641,VEH-0011,2026-01-05T19:28:00,12.690244,76.197218,26,MOVING,MAN-000042
TEL-00000642,VEH-0011,2026-01-05T19:39:00,12.631563,76.213694,0,STOPPED,MAN-000042
TEL-00000643,VEH-0011,2026-01-05T19:57:00,12.632846,76.214399,24,MOVING,MAN-000042
TEL-00000644,VEH-0011,2026-01-05T20:11:00,12.630664,76.212425,26,MOVING,MAN-000042
TEL-00000645,VEH-0011,2026-01-05T20:27:00,12.631563,76.213694,0,STOPPED,MAN-000042
TEL-00000646,VEH-0011,2026-01-05T20:37:00,12.631563,76.213694,0,DELIVERED,MAN-000042
TEL-00000647,VEH-0062,2026-01-05T12:00:00,13.784699,75.637712,0,IDLE,MAN-000046
TEL-00000648,VEH-0062,2026-01-05T12:17:00,13.747024,75.678789,32,MOVING,MAN-000046
TEL-00000649,VEH-0062,2026-01-05T12:28:00,13.705922,75.723796,28,MOVING,MAN-000046
TEL-00000650,VEH-0062,2026-01-05T12:44:00,13.668943,75.766819,0,STOPPED,MAN-000046
TEL-00000651,VEH-0062,2026-01-05T13:01:00,13.66921,75.766008,22,MOVING,MAN-000046
TEL-00000652,VEH-0062,2026-01-05T13:15:00,13.670331,75.768622,37,MOVING,MAN-000046
TEL-00000653,VEH-0062,2026-01-05T13:27:00,13.668943,75.766819,0,STOPPED,MAN-000046
TEL-00000654,VEH-0062,2026-01-05T13:32:00,13.651753,75.750835,26,MOVING,MAN-000046
TEL-00000655,VEH-0062,2026-01-05T13:40:00,13.632894,75.730928,31,MOVING,MAN-000046
TEL-00000656,VEH-0062,2026-01-05T13:49:00,13.616288,75.715421,0,STOPPED,MAN-000046
TEL-00000657,VEH-0062,2026-01-05T13:55:00,13.614737,75.715337,32,MOVING,MAN-000046
TEL-00000658,VEH-0062,2026-01-05T14:03:00,13.617918,75.714003,37,MOVING,MAN-000046
TEL-00000659,VEH-0062,2026-01-05T14:08:00,13.616288,75.715421,0,STOPPED,MAN-000046
TEL-00000660,VEH-0062,2026-01-05T14:28:00,13.633647,75.635171,30,MOVING,MAN-000046
TEL-00000661,VEH-0062,2026-01-05T14:49:00,13.652428,75.552397,22,MOVING,MAN-000046
TEL-00000662,VEH-0062,2026-01-05T15:09:00,13.668713,75.469139,0,STOPPED,MAN-000046
TEL-00000663,VEH-0062,2026-01-05T15:29:00,13.670209,75.468252,33,MOVING,MAN-000046
TEL-00000664,VEH-0062,2026-01-05T15:53:00,13.667078,75.469794,20,MOVING,MAN-000046
TEL-00000665,VEH-0062,2026-01-05T16:10:00,13.668713,75.469139,0,STOPPED,MAN-000046
TEL-00000666,VEH-0062,2026-01-05T16:33:00,13.707633,75.53662,35,MOVING,MAN-000046
TEL-00000667,VEH-0062,2026-01-05T16:46:00,13.746292,75.604013,30,MOVING,MAN-000046
TEL-00000668,VEH-0062,2026-01-05T17:05:00,13.786001,75.670479,0,STOPPED,MAN-000046
TEL-00000669,VEH-0062,2026-01-05T17:28:00,13.786557,75.669704,34,MOVING,MAN-000046
TEL-00000670,VEH-0062,2026-01-05T17:45:00,13.786635,75.669166,36,MOVING,MAN-000046
TEL-00000671,VEH-0062,2026-01-05T18:01:00,13.786001,75.670479,0,STOPPED,MAN-000046
TEL-00000672,VEH-0062,2026-01-05T18:15:00,13.824484,75.655703,35,MOVING,MAN-000046
TEL-00000673,VEH-0062,2026-01-05T18:23:00,13.864304,75.63603,24,MOVING,MAN-000046
TEL-00000674,VEH-0062,2026-01-05T18:35:00,13.900979,75.621159,0,STOPPED,MAN-000046
TEL-00000675,VEH-0062,2026-01-05T18:46:00,13.900526,75.621605,37,MOVING,MAN-000046
TEL-00000676,VEH-0062,2026-01-05T18:58:00,13.902024,75.621045,18,MOVING,MAN-000046
TEL-00000677,VEH-0062,2026-01-05T19:06:00,13.900979,75.621159,0,STOPPED,MAN-000046
TEL-00000678,VEH-0062,2026-01-05T19:31:00,13.805481,75.659389,36,MOVING,MAN-000046
TEL-00000679,VEH-0062,2026-01-05T19:55:00,13.711258,75.700468,34,MOVING,MAN-000046
TEL-00000680,VEH-0062,2026-01-05T20:21:00,13.618484,75.739899,0,STOPPED,MAN-000046
TEL-00000681,VEH-0062,2026-01-05T20:50:00,13.617373,75.738625,36,MOVING,MAN-000046
TEL-00000682,VEH-0062,2026-01-05T21:13:00,13.617774,75.741873,35,MOVING,MAN-000046
TEL-00000683,VEH-0062,2026-01-05T21:37:00,13.618484,75.739899,0,STOPPED,MAN-000046
TEL-00000684,VEH-0062,2026-01-05T21:47:00,13.618484,75.739899,0,DELIVERED,MAN-000046
TEL-00000685,VEH-0089,2026-01-05T12:00:00,12.315359,76.884655,0,IDLE,MAN-000053
TEL-00000686,VEH-0089,2026-01-05T12:15:00,12.327756,76.83427,27,MOVING,MAN-000053
TEL-00000687,VEH-0089,2026-01-05T12:27:00,12.344194,76.786892,24,MOVING,MAN-000053
TEL-00000688,VEH-0089,2026-01-05T12:36:00,12.356649,76.736884,0,STOPPED,MAN-000053
TEL-00000689,VEH-0089,2026-01-05T12:51:00,12.354798,76.73865,32,MOVING,MAN-000053
TEL-00000690,VEH-0089,2026-01-05T13:00:00,12.358145,76.735057,20,MOVING,MAN-000053
TEL-00000691,VEH-0089,2026-01-05T13:15:00,12.356649,76.736884,0,STOPPED,MAN-000053
TEL-00000692,VEH-0089,2026-01-05T13:27:00,12.394278,76.758703,35,MOVING,MAN-000053
TEL-00000693,VEH-0089,2026-01-05T13:41:00,12.433692,76.776351,19,MOVING,MAN-000053
TEL-00000694,VEH-0089,2026-01-05T13:52:00,12.47401,76.797116,0,STOPPED,MAN-000053
TEL-00000695,VEH-0089,2026-01-05T14:03:00,12.472477,76.79909,20,MOVING,MAN-000053
TEL-00000696,VEH-0089,2026-01-05T14:18:00,12.472675,76.79633,21,MOVING,MAN-000053
TEL-00000697,VEH-0089,2026-01-05T14:26:00,12.47401,76.797116,0,STOPPED,MAN-000053
TEL-00000698,VEH-0089,2026-01-05T14:52:00,12.412831,76.884197,34,MOVING,MAN-000053
TEL-00000699,VEH-0089,2026-01-05T15:16:00,12.350716,76.968932,37,MOVING,MAN-000053
TEL-00000700,VEH-0089,2026-01-05T15:43:00,12.290594,77.055111,0,STOPPED,MAN-000053
TEL-00000701,VEH-0089,2026-01-05T16:13:00,12.290736,77.053652,33,MOVING,MAN-000053
TEL-00000702,VEH-0089,2026-01-05T16:38:00,12.290173,77.053605,35,MOVING,MAN-000053
TEL-00000703,VEH-0089,2026-01-05T16:59:00,12.290594,77.055111,0,STOPPED,MAN-000053
TEL-00000704,VEH-0089,2026-01-05T17:15:00,12.304954,76.998166,26,MOVING,MAN-000053
TEL-00000705,VEH-0089,2026-01-05T17:27:00,12.31466,76.94467,25,MOVING,MAN-000053
TEL-00000706,VEH-0089,2026-01-05T17:41:00,12.328848,76.887999,0,STOPPED,MAN-000053
TEL-00000707,VEH-0089,2026-01-05T17:55:00,12.32719,76.888179,18,MOVING,MAN-000053
TEL-00000708,VEH-0089,2026-01-05T18:09:00,12.330811,76.886602,33,MOVING,MAN-000053
TEL-00000709,VEH-0089,2026-01-05T18:22:00,12.328848,76.887999,0,STOPPED,MAN-000053
TEL-00000710,VEH-0089,2026-01-05T18:39:00,12.289234,76.83706,20,MOVING,MAN-000053
TEL-00000711,VEH-0089,2026-01-05T18:56:00,12.250676,76.789682,24,MOVING,MAN-000053
TEL-00000712,VEH-0089,2026-01-05T19:13:00,12.209402,76.738124,0,STOPPED,MAN-000053
TEL-00000713,VEH-0089,2026-01-05T19:28:00,12.208396,76.73907,30,MOVING,MAN-000053
TEL-00000714,VEH-0089,2026-01-05T19:44:00,12.210867,76.737022,36,MOVING,MAN-000053
TEL-00000715,VEH-0089,2026-01-05T19:59:00,12.209402,76.738124,0,STOPPED,MAN-000053
TEL-00000716,VEH-0089,2026-01-05T20:18:00,12.24641,76.799425,20,MOVING,MAN-000053
TEL-00000717,VEH-0089,2026-01-05T20:34:00,12.285409,76.859955,37,MOVING,MAN-000053
TEL-00000718,VEH-0089,2026-01-05T20:54:00,12.326085,76.921817,0,STOPPED,MAN-000053
TEL-00000719,VEH-0089,2026-01-05T21:15:00,12.325964,76.92297,27,MOVING,MAN-000053
TEL-00000720,VEH-0089,2026-01-05T21:32:00,12.325947,76.920764,29,MOVING,MAN-000053
TEL-00000721,VEH-0089,2026-01-05T21:46:00,12.326085,76.921817,0,STOPPED,MAN-000053
TEL-00000722,VEH-0089,2026-01-05T21:56:00,12.326085,76.921817,0,DELIVERED,MAN-000053
TEL-00000723,VEH-0140,2026-01-05T12:00:00,13.535697,76.951965,0,IDLE,MAN-000057
TEL-00000724,VEH-0140,2026-01-05T12:13:00,13.510132,76.907934,35,MOVING,MAN-000057
TEL-00000725,VEH-0140,2026-01-05T12:24:00,13.485012,76.861029,35,MOVING,MAN-000057
TEL-00000726,VEH-0140,2026-01-05T12:39:00,13.462417,76.815036,0,STOPPED,MAN-000057
TEL-00000727,VEH-0140,2026-01-05T12:55:00,13.46382,76.815102,22,MOVING,MAN-000057
TEL-00000728,VEH-0140,2026-01-05T13:03:00,13.462983,76.81562,18,MOVING,MAN-000057
TEL-00000729,VEH-0140,2026-01-05T13:17:00,13.462417,76.815036,0,STOPPED,MAN-000057
TEL-00000730,VEH-0140,2026-01-05T13:32:00,13.447972,76.8622,18,MOVING,MAN-000057
TEL-00000731,VEH-0140,2026-01-05T13:40:00,13.43611,76.906668,22,MOVING,MAN-000057
TEL-00000732,VEH-0140,2026-01-05T13:51:00,13.420376,76.952789,0,STOPPED,MAN-000057
TEL-00000733,VEH-0140,2026-01-05T14:05:00,13.421599,76.954256,24,MOVING,MAN-000057
TEL-00000734,VEH-0140,2026-01-05T14:13:00,13.420932,76.95377,28,MOVING,MAN-000057
TEL-00000735,VEH-0140,2026-01-05T14:25:00,13.420376,76.952789,0,STOPPED,MAN-000057
TEL-00000736,VEH-0140,2026-01-05T14:37:00,13.418367,76.917209,27,MOVING,MAN-000057
TEL-00000737,VEH-0140,2026-01-05T14:44:00,13.418714,76.876242,29,MOVING,MAN-000057
TEL-00000738,VEH-0140,2026-01-05T14:51:00,13.418903,76.840118,0,STOPPED,MAN-000057
TEL-00000739,VEH-0140,2026-01-05T15:03:00,13.4183,76.842001,22,MOVING,MAN-000057
TEL-00000740,VEH-0140,2026-01-05T15:12:00,13.41833,76.838777,18,MOVING,MAN-000057
TEL-00000741,VEH-0140,2026-01-05T15:22:00,13.418903,76.840118,0,STOPPED,MAN-000057
TEL-00000742,VEH-0140,2026-01-05T15:32:00,13.450077,76.853007,19,MOVING,MAN-000057
TEL-00000743,VEH-0140,2026-01-05T15:40:00,13.477054,76.869968,37,MOVING,MAN-000057
TEL-00000744,VEH-0140,2026-01-05T15:47:00,13.508785,76.882593,0,STOPPED,MAN-000057
TEL-00000745,VEH-0140,2026-01-05T15:55:00,13.507347,76.884014,34,MOVING,MAN-000057
TEL-00000746,VEH-0140,2026-01-05T16:05:00,13.507515,76.884286,36,MOVING,MAN-000057
TEL-00000747,VEH-0140,2026-01-05T16:12:00,13.508785,76.882593,0,STOPPED,MAN-000057
TEL-00000748,VEH-0140,2026-01-05T16:25:00,13.492138,76.913647,20,MOVING,MAN-000057
TEL-00000749,VEH-0140,2026-01-05T16:33:00,13.479115,76.944376,28,MOVING,MAN-000057
TEL-00000750,VEH-0140,2026-01-05T16:39:00,13.462093,76.97375,0,STOPPED,MAN-000057
TEL-00000751,VEH-0140,2026-01-05T16:48:00,13.460761,76.975717,32,MOVING,MAN-000057
TEL-00000752,VEH-0140,2026-01-05T16:57:00,13.461753,76.972721,19,MOVING,MAN-000057
TEL-00000753,VEH-0140,2026-01-05T17:03:00,13.462093,76.97375,0,STOPPED,MAN-000057
TEL-00000754,VEH-0140,2026-01-05T17:15:00,13.508195,76.996007,34,MOVING,MAN-000057
TEL-00000755,VEH-0140,2026-01-05T17:27:00,13.551664,77.016541,25,MOVING,MAN-000057
TEL-00000756,VEH-0140,2026-01-05T17:44:00,13.598004,77.039966,0,STOPPED,MAN-000057
TEL-00000757,VEH-0140,2026-01-05T17:58:00,13.596349,77.040195,25,MOVING,MAN-000057
TEL-00000758,VEH-0140,2026-01-05T18:10:00,13.597183,77.03874,18,MOVING,MAN-000057
TEL-00000759,VEH-0140,2026-01-05T18:24:00,13.598004,77.039966,0,STOPPED,MAN-000057
TEL-00000760,VEH-0140,2026-01-05T18:34:00,13.598004,77.039966,0,DELIVERED,MAN-000057
TEL-00000761,VEH-0116,2026-01-05T12:00:00,12.507164,76.571231,0,IDLE,MAN-000062
TEL-00000762,VEH-0116,2026-01-05T12:07:00,12.489285,76.583484,19,MOVING,MAN-000062
TEL-00000763,VEH-0116,2026-01-05T12:13:00,12.469308,76.598216,26,MOVING,MAN-000062
TEL-00000764,VEH-0116,2026-01-05T12:18:00,12.447911,76.60914,0,STOPPED,MAN-000062
TEL-00000765,VEH-0116,2026-01-05T12:26:00,12.449029,76.611058,34,MOVING,MAN-000062
TEL-00000766,VEH-0116,2026-01-05T12:32:00,12.448015,76.610705,36,MOVING,MAN-000062
TEL-00000767,VEH-0116,2026-01-05T12:40:00,12.447911,76.60914,0,STOPPED,MAN-000062
TEL-00000768,VEH-0116,2026-01-05T12:46:00,12.426867,76.606276,21,MOVING,MAN-000062
TEL-00000769,VEH-0116,2026-01-05T12:56:00,12.400401,76.603052,22,MOVING,MAN-000062
TEL-00000770,VEH-0116,2026-01-05T13:00:00,12.378784,76.601186,0,STOPPED,MAN-000062
TEL-00000771,VEH-0116,2026-01-05T13:05:00,12.378769,76.60044,36,MOVING,MAN-000062
TEL-00000772,VEH-0116,2026-01-05T13:11:00,12.377485,76.602753,36,MOVING,MAN-000062
TEL-00000773,VEH-0116,2026-01-05T13:21:00,12.378784,76.601186,0,STOPPED,MAN-000062
TEL-00000774,VEH-0116,2026-01-05T13:27:00,12.393467,76.598766,30,MOVING,MAN-000062
TEL-00000775,VEH-0116,2026-01-05T13:29:00,12.407179,76.598453,25,MOVING,MAN-000062
TEL-00000776,VEH-0116,2026-01-05T13:32:00,12.421959,76.599243,0,STOPPED,MAN-000062
TEL-00000777,VEH-0116,2026-01-05T13:39:00,12.423616,76.600082,29,MOVING,MAN-000062
TEL-00000778,VEH-0116,2026-01-05T13:43:00,12.421824,76.600775,29,MOVING,MAN-000062
TEL-00000779,VEH-0116,2026-01-05T13:45:00,12.421959,76.599243,0,STOPPED,MAN-000062
TEL-00000780,VEH-0116,2026-01-05T13:52:00,12.410066,76.57987,18,MOVING,MAN-000062
TEL-00000781,VEH-0116,2026-01-05T13:55:00,12.39685,76.564501,34,MOVING,MAN-000062
TEL-00000782,VEH-0116,2026-01-05T14:05:00,12.381297,76.544283,0,STOPPED,MAN-000062
TEL-00000783,VEH-0116,2026-01-05T14:14:00,12.382839,76.542655,23,MOVING,MAN-000062
TEL-00000784,VEH-0116,2026-01-05T14:19:00,12.38094,76.546181,29,MOVING,MAN-000062
TEL-00000785,VEH-0116,2026-01-05T14:23:00,12.381297,76.544283,0,STOPPED,MAN-000062
TEL-00000786,VEH-0116,2026-01-05T14:43:00,12.454087,76.582778,20,MOVING,MAN-000062
TEL-00000787,VEH-0116,2026-01-05T15:07:00,12.530041,76.622852,28,MOVING,MAN-000062
TEL-00000788,VEH-0116,2026-01-05T15:29:00,12.602823,76.664583,0,STOPPED,MAN-000062
TEL-00000789,VEH-0116,2026-01-05T15:52:00,12.604416,76.664709,29,MOVING,MAN-000062
TEL-00000790,VEH-0116,2026-01-05T16:11:00,12.601844,76.663245,23,MOVING,MAN-000062
TEL-00000791,VEH-0116,2026-01-05T16:32:00,12.602823,76.664583,0,STOPPED,MAN-000062
TEL-00000792,VEH-0116,2026-01-05T16:58:00,12.544755,76.595264,18,MOVING,MAN-000062
TEL-00000793,VEH-0116,2026-01-05T17:17:00,12.485863,76.527058,37,MOVING,MAN-000062
TEL-00000794,VEH-0116,2026-01-05T17:38:00,12.427274,76.457255,0,STOPPED,MAN-000062
TEL-00000795,VEH-0116,2026-01-05T18:01:00,12.425405,76.45783,33,MOVING,MAN-000062
TEL-00000796,VEH-0116,2026-01-05T18:21:00,12.42881,76.458086,35,MOVING,MAN-000062
TEL-00000797,VEH-0116,2026-01-05T18:44:00,12.427274,76.457255,0,STOPPED,MAN-000062
TEL-00000798,VEH-0116,2026-01-05T18:54:00,12.427274,76.457255,0,DELIVERED,MAN-000062
TEL-00000799,VEH-0117,2026-01-05T12:00:00,13.164086,75.821312,0,IDLE,MAN-000065
TEL-00000800,VEH-0117,2026-01-05T12:14:00,13.195043,75.767608,33,MOVING,MAN-000065
TEL-00000801,VEH-0117,2026-01-05T12:32:00,13.223367,75.714856,22,MOVING,MAN-000065
TEL-00000802,VEH-0117,2026-01-05T12:45:00,13.254894,75.66061,0,STOPPED,MAN-000065
TEL-00000803,VEH-0117,2026-01-05T13:00:00,13.253712,75.661707,29,MOVING,MAN-000065
TEL-00000804,VEH-0117,2026-01-05T13:16:00,13.253445,75.659815,19,MOVING,MAN-000065
TEL-00000805,VEH-0117,2026-01-05T13:31:00,13.254894,75.66061,0,STOPPED,MAN-000065
TEL-00000806,VEH-0117,2026-01-05T13:44:00,13.202547,75.678691,19,MOVING,MAN-000065
TEL-00000807,VEH-0117,2026-01-05T13:59:00,13.146809,75.693619,33,MOVING,MAN-000065
TEL-00000808,VEH-0117,2026-01-05T14:15:00,13.093759,75.710134,0,STOPPED,MAN-000065
TEL-00000809,VEH-0117,2026-01-05T14:30:00,13.093117,75.71006,18,MOVING,MAN-000065
TEL-00000810,VEH-0117,2026-01-05T14:42:00,13.092773,75.710922,26,MOVING,MAN-000065
TEL-00000811,VEH-0117,2026-01-05T15:01:00,13.093759,75.710134,0,STOPPED,MAN-000065
TEL-00000812,VEH-0117,2026-01-05T15:17:00,13.145427,75.721765,21,MOVING,MAN-000065
TEL-00000813,VEH-0117,2026-01-05T15:30:00,13.194231,75.733911,34,MOVING,MAN-000065
TEL-00000814,VEH-0117,2026-01-05T15:41:00,13.244932,75.745123,0,STOPPED,MAN-000065
TEL-00000815,VEH-0117,2026-01-05T15:58:00,13.24481,75.746342,32,MOVING,MAN-000065
TEL-00000816,VEH-0117,2026-01-05T16:10:00,13.24502,75.744425,23,MOVING,MAN-000065
TEL-00000817,VEH-0117,2026-01-05T16:21:00,13.244932,75.745123,0,STOPPED,MAN-000065
TEL-00000818,VEH-0117,2026-01-05T16:34:00,13.24318,75.803856,35,MOVING,MAN-000065
TEL-00000819,VEH-0117,2026-01-05T16:51:00,13.239916,75.863739,37,MOVING,MAN-000065
TEL-00000820,VEH-0117,2026-01-05T17:02:00,13.236037,75.920872,0,STOPPED,MAN-000065
TEL-00000821,VEH-0117,2026-01-05T17:19:00,13.237253,75.922021,35,MOVING,MAN-000065
TEL-00000822,VEH-0117,2026-01-05T17:33:00,13.235752,75.920061,23,MOVING,MAN-000065
TEL-00000823,VEH-0117,2026-01-05T17:43:00,13.236037,75.920872,0,STOPPED,MAN-000065
TEL-00000824,VEH-0117,2026-01-05T18:02:00,13.187172,75.859278,27,MOVING,MAN-000065
TEL-00000825,VEH-0117,2026-01-05T18:20:00,13.140561,75.800515,26,MOVING,MAN-000065
TEL-00000826,VEH-0117,2026-01-05T18:41:00,13.094669,75.741395,0,STOPPED,MAN-000065
TEL-00000827,VEH-0117,2026-01-05T19:00:00,13.09646,75.740395,23,MOVING,MAN-000065
TEL-00000828,VEH-0117,2026-01-05T19:20:00,13.093593,75.742896,18,MOVING,MAN-000065
TEL-00000829,VEH-0117,2026-01-05T19:35:00,13.094669,75.741395,0,STOPPED,MAN-000065
TEL-00000830,VEH-0117,2026-01-05T19:45:00,13.130589,75.754503,20,MOVING,MAN-000065
TEL-00000831,VEH-0117,2026-01-05T19:54:00,13.163946,75.767221,35,MOVING,MAN-000065
TEL-00000832,VEH-0117,2026-01-05T20:03:00,13.1966,75.781412,0,STOPPED,MAN-000065
TEL-00000833,VEH-0117,2026-01-05T20:16:00,13.195741,75.78305,18,MOVING,MAN-000065
TEL-00000834,VEH-0117,2026-01-05T20:21:00,13.196703,75.782187,32,MOVING,MAN-000065
TEL-00000835,VEH-0117,2026-01-05T20:31:00,13.1966,75.781412,0,STOPPED,MAN-000065
TEL-00000836,VEH-0117,2026-01-05T20:41:00,13.1966,75.781412,0,DELIVERED,MAN-000065
TEL-00000837,VEH-0092,2026-01-05T12:00:00,13.164086,75.821312,0,IDLE,MAN-000066
TEL-00000838,VEH-0092,2026-01-05T12:07:00,13.152144,75.845739,27,MOVING,MAN-000066
TEL-00000839,VEH-0092,2026-01-05T12:13:00,13.140278,75.873112,24,MOVING,MAN-000066
TEL-00000840,VEH-0092,2026-01-05T12:22:00,13.125397,75.898039,0,STOPPED,MAN-000066
TEL-00000841,VEH-0092,2026-01-05T12:33:00,13.125839,75.898694,29,MOVING,MAN-000066
TEL-00000842,VEH-0092,2026-01-05T12:40:00,13.126361,75.898245,33,MOVING,MAN-000066
TEL-00000843,VEH-0092,2026-01-05T12:43:00,13.125397,75.898039,0,STOPPED,MAN-000066
TEL-00000844,VEH-0092,2026-01-05T13:00:00,13.123973,75.841545,21,MOVING,MAN-000066
TEL-00000845,VEH-0092,2026-01-05T13:12:00,13.119364,75.780808,30,MOVING,MAN-000066
TEL-00000846,VEH-0092,2026-01-05T13:25:00,13.118593,75.72327,0,STOPPED,MAN-000066
TEL-00000847,VEH-0092,2026-01-05T13:39:00,13.117755,75.725239,34,MOVING,MAN-000066
TEL-00000848,VEH-0092,2026-01-05T13:52:00,13.119117,75.722392,23,MOVING,MAN-000066
TEL-00000849,VEH-0092,2026-01-05T14:07:00,13.118593,75.72327,0,STOPPED,MAN-000066
TEL-00000850,VEH-0092,2026-01-05T14:31:00,13.077904,75.800399,23,MOVING,MAN-000066
TEL-00000851,VEH-0092,2026-01-05T14:53:00,13.037955,75.88119,19,MOVING,MAN-000066
TEL-00000852,VEH-0092,2026-01-05T15:11:00,12.998617,75.957954,0,STOPPED,MAN-000066
TEL-00000853,VEH-0092,2026-01-05T15:37:00,12.998979,75.957018,25,MOVING,MAN-000066
TEL-00000854,VEH-0092,2026-01-05T15:56:00,12.998415,75.958157,33,MOVING,MAN-000066
TEL-00000855,VEH-0092,2026-01-05T16:17:00,12.998617,75.957954,0,STOPPED,MAN-000066
TEL-00000856,VEH-0092,2026-01-05T16:34:00,13.064057,75.948264,21,MOVING,MAN-000066
TEL-00000857,VEH-0092,2026-01-05T16:53:00,13.131333,75.942323,31,MOVING,MAN-000066
TEL-00000858,VEH-0092,2026-01-05T17:06:00,13.195917,75.932657,0,STOPPED,MAN-000066
TEL-00000859,VEH-0092,2026-01-05T17:26:00,13.195734,75.933565,19,MOVING,MAN-000066
TEL-00000860,VEH-0092,2026-01-05T17:41:00,13.197738,75.934442,20,MOVING,MAN-000066
TEL-00000861,VEH-0092,2026-01-05T17:58:00,13.195917,75.932657,0,STOPPED,MAN-000066
TEL-00000862,VEH-0092,2026-01-05T18:15:00,13.20524,75.860532,30,MOVING,MAN-000066
TEL-00000863,VEH-0092,2026-01-05T18:34:00,13.218652,75.788442,36,MOVING,MAN-000066
TEL-00000864,VEH-0092,2026-01-05T18:55:00,13.229214,75.713491,0,STOPPED,MAN-000066
TEL-00000865,VEH-0092,2026-01-05T19:16:00,13.228253,75.713939,29,MOVING,MAN-000066
TEL-00000866,VEH-0092,2026-01-05T19:29:00,13.227779,75.715269,30,MOVING,MAN-000066
TEL-00000867,VEH-0092,2026-01-05T19:50:00,13.229214,75.713491,0,STOPPED,MAN-000066
TEL-00000868,VEH-0092,2026-01-05T20:12:00,13.196898,75.779955,35,MOVING,MAN-000066
TEL-00000869,VEH-0092,2026-01-05T20:26:00,13.165202,75.84311,24,MOVING,MAN-000066
TEL-00000870,VEH-0092,2026-01-05T20:46:00,13.135498,75.908333,0,STOPPED,MAN-000066
TEL-00000871,VEH-0092,2026-01-05T21:08:00,13.13687,75.907093,36,MOVING,MAN-000066
TEL-00000872,VEH-0092,2026-01-05T21:23:00,13.134453,75.909373,29,MOVING,MAN-000066
TEL-00000873,VEH-0092,2026-01-05T21:40:00,13.135498,75.908333,0,STOPPED,MAN-000066
TEL-00000874,VEH-0092,2026-01-05T21:50:00,13.135498,75.908333,0,DELIVERED,MAN-000066
TEL-00000875,VEH-0142,2026-01-05T12:00:00,13.164086,75.821312,0,IDLE,MAN-000068
TEL-00000876,VEH-0142,2026-01-05T12:14:00,13.202321,75.806494,35,MOVING,MAN-000068
TEL-00000877,VEH-0142,2026-01-05T12:24:00,13.24469,75.79065,28,MOVING,MAN-000068
TEL-00000878,VEH-0142,2026-01-05T12:34:00,13.283421,75.775291,0,STOPPED,MAN-000068
TEL-00000879,VEH-0142,2026-01-05T12:44:00,13.283205,75.776671,30,MOVING,MAN-000068
TEL-00000880,VEH-0142,2026-01-05T12:56:00,13.282482,75.773766,26,MOVING,MAN-000068
TEL-00000881,VEH-0142,2026-01-05T13:08:00,13.283421,75.775291,0,STOPPED,MAN-000068
TEL-00000882,VEH-0142,2026-01-05T13:26:00,13.237242,75.742221,27,MOVING,MAN-000068
TEL-00000883,VEH-0142,2026-01-05T13:37:00,13.191446,75.708718,35,MOVING,MAN-000068
TEL-00000884,VEH-0142,2026-01-05T13:53:00,13.148447,75.675344,0,STOPPED,MAN-000068
TEL-00000885,VEH-0142,2026-01-05T14:11:00,13.149108,75.674808,27,MOVING,MAN-000068
TEL-00000886,VEH-0142,2026-01-05T14:22:00,13.148806,75.673468,37,MOVING,MAN-000068
TEL-00000887,VEH-0142,2026-01-05T14:35:00,13.148447,75.675344,0,STOPPED,MAN-000068
TEL-00000888,VEH-0142,2026-01-05T14:53:00,13.121724,75.742394,22,MOVING,MAN-000068
TEL-00000889,VEH-0142,2026-01-05T15:12:00,13.097481,75.812211,29,MOVING,MAN-000068
TEL-00000890,VEH-0142,2026-01-05T15:31:00,13.073833,75.878258,0,STOPPED,MAN-000068
TEL-00000891,VEH-0142,2026-01-05T15:50:00,13.074318,75.879921,25,MOVING,MAN-000068
TEL-00000892,VEH-0142,2026-01-05T16:06:00,13.075773,75.877904,31,MOVING,MAN-000068
TEL-00000893,VEH-0142,2026-01-05T16:23:00,13.073833,75.878258,0,STOPPED,MAN-000068
TEL-00000894,VEH-0142,2026-01-05T16:43:00,13.104779,75.80688,31,MOVING,MAN-000068
TEL-00000895,VEH-0142,2026-01-05T17:05:00,13.133074,75.733447,28,MOVING,MAN-000068
TEL-00000896,VEH-0142,2026-01-05T17:23:00,13.161475,75.658826,0,STOPPED,MAN-000068
TEL-00000897,VEH-0142,2026-01-05T17:43:00,13.162889,75.6604,20,MOVING,MAN-000068
TEL-00000898,VEH-0142,2026-01-05T18:00:00,13.159786,75.660518,32,MOVING,MAN-000068
TEL-00000899,VEH-0142,2026-01-05T18:19:00,13.161475,75.658826,0,STOPPED,MAN-000068
TEL-00000900,VEH-0142,2026-01-05T18:42:00,13.213263,75.725591,30,MOVING,MAN-000068
TEL-00000901,VEH-0142,2026-01-05T19:02:00,13.264491,75.792857,30,MOVING,MAN-000068
TEL-00000902,VEH-0142,2026-01-05T19:21:00,13.314624,75.860998,0,STOPPED,MAN-000068
TEL-00000903,VEH-0142,2026-01-05T19:42:00,13.313858,75.859545,35,MOVING,MAN-000068
TEL-00000904,VEH-0142,2026-01-05T20:06:00,13.314789,75.861025,33,MOVING,MAN-000068
TEL-00000905,VEH-0142,2026-01-05T20:24:00,13.314624,75.860998,0,STOPPED,MAN-000068
TEL-00000906,VEH-0142,2026-01-05T20:44:00,13.258835,75.905022,33,MOVING,MAN-000068
TEL-00000907,VEH-0142,2026-01-05T20:58:00,13.205211,75.949319,27,MOVING,MAN-000068
TEL-00000908,VEH-0142,2026-01-05T21:19:00,13.152817,75.996131,0,STOPPED,MAN-000068
TEL-00000909,VEH-0142,2026-01-05T21:37:00,13.153722,75.995762,31,MOVING,MAN-000068
TEL-00000910,VEH-0142,2026-01-05T21:58:00,13.152117,75.995075,35,MOVING,MAN-000068
TEL-00000911,VEH-0142,2026-01-05T22:11:00,13.152817,75.996131,0,STOPPED,MAN-000068
TEL-00000912,VEH-0142,2026-01-05T22:21:00,13.152817,75.996131,0,DELIVERED,MAN-000068
TEL-00000913,VEH-0093,2026-01-05T12:00:00,13.657366,75.759563,0,IDLE,MAN-000071
TEL-00000914,VEH-0093,2026-01-05T12:17:00,13.712608,75.714363,36,MOVING,MAN-000071
TEL-00000915,VEH-0093,2026-01-05T12:34:00,13.766043,75.666624,31,MOVING,MAN-000071
TEL-00000916,VEH-0093,2026-01-05T12:52:00,13.818415,75.621833,0,STOPPED,MAN-000071
TEL-00000917,VEH-0093,2026-01-05T13:09:00,13.819413,75.620034,30,MOVING,MAN-000071
TEL-00000918,VEH-0093,2026-01-05T13:26:00,13.81724,75.620447,25,MOVING,MAN-000071
TEL-00000919,VEH-0093,2026-01-05T13:44:00,13.818415,75.621833,0,STOPPED,MAN-000071
TEL-00000920,VEH-0093,2026-01-05T14:02:00,13.763714,75.678436,33,MOVING,MAN-000071
TEL-00000921,VEH-0093,2026-01-05T14:25:00,13.707726,75.735286,31,MOVING,MAN-000071
TEL-00000922,VEH-0093,2026-01-05T14:44:00,13.654962,75.790071,0,STOPPED,MAN-000071
TEL-00000923,VEH-0093,2026-01-05T15:02:00,13.655085,75.790511,23,MOVING,MAN-000071
TEL-00000924,VEH-0093,2026-01-05T15:21:00,13.653344,75.791578,34,MOVING,MAN-000071
TEL-00000925,VEH-0093,2026-01-05T15:41:00,13.654962,75.790071,0,STOPPED,MAN-000071
TEL-00000926,VEH-0093,2026-01-05T15:55:00,13.708534,75.811245,26,MOVING,MAN-000071
TEL-00000927,VEH-0093,2026-01-05T16:09:00,13.764883,75.828691,26,MOVING,MAN-000071
TEL-00000928,VEH-0093,2026-01-05T16:26:00,13.821389,75.850761,0,STOPPED,MAN-000071
TEL-00000929,VEH-0093,2026-01-05T16:43:00,13.820965,75.850121,33,MOVING,MAN-000071
TEL-00000930,VEH-0093,2026-01-05T16:55:00,13.821345,75.849782,21,MOVING,MAN-000071
TEL-00000931,VEH-0093,2026-01-05T17:12:00,13.821389,75.850761,0,STOPPED,MAN-000071
TEL-00000932,VEH-0093,2026-01-05T17:36:00,13.728148,75.858998,22,MOVING,MAN-000071
TEL-00000933,VEH-0093,2026-01-05T17:59:00,13.636146,75.866965,22,MOVING,MAN-000071
TEL-00000934,VEH-0093,2026-01-05T18:23:00,13.546403,75.874343,0,STOPPED,MAN-000071
TEL-00000935,VEH-0093,2026-01-05T18:45:00,13.545448,75.875234,37,MOVING,MAN-000071
TEL-00000936,VEH-0093,2026-01-05T19:09:00,13.546714,75.874724,24,MOVING,MAN-000071
TEL-00000937,VEH-0093,2026-01-05T19:32:00,13.546403,75.874343,0,STOPPED,MAN-000071
TEL-00000938,VEH-0093,2026-01-05T19:43:00,13.588671,75.870064,34,MOVING,MAN-000071
TEL-00000939,VEH-0093,2026-01-05T19:54:00,13.629438,75.867357,30,MOVING,MAN-000071
TEL-00000940,VEH-0093,2026-01-05T20:02:00,13.670001,75.862045,0,STOPPED,MAN-000071
TEL-00000941,VEH-0093,2026-01-05T20:13:00,13.668841,75.862326,29,MOVING,MAN-000071
TEL-00000942,VEH-0093,2026-01-05T20:22:00,13.670488,75.860554,34,MOVING,MAN-000071
TEL-00000943,VEH-0093,2026-01-05T20:36:00,13.670001,75.862045,0,STOPPED,MAN-000071
TEL-00000944,VEH-0093,2026-01-05T20:45:00,13.63348,75.857351,29,MOVING,MAN-000071
TEL-00000945,VEH-0093,2026-01-05T20:54:00,13.600346,75.852984,24,MOVING,MAN-000071
TEL-00000946,VEH-0093,2026-01-05T21:07:00,13.562725,75.84845,0,STOPPED,MAN-000071
TEL-00000947,VEH-0093,2026-01-05T21:18:00,13.564618,75.849909,27,MOVING,MAN-000071
TEL-00000948,VEH-0093,2026-01-05T21:29:00,13.562464,75.848964,36,MOVING,MAN-000071
TEL-00000949,VEH-0093,2026-01-05T21:37:00,13.562725,75.84845,0,STOPPED,MAN-000071
TEL-00000950,VEH-0093,2026-01-05T21:47:00,13.562725,75.84845,0,DELIVERED,MAN-000071
TEL-00000951,VEH-0019,2026-01-05T12:00:00,12.883141,77.795168,0,IDLE,MAN-000073
TEL-00000952,VEH-0019,2026-01-05T12:04:00,12.87276,77.785048,24,MOVING,MAN-000073
TEL-00000953,VEH-0019,2026-01-05T12:11:00,12.863062,77.77389,31,MOVING,MAN-000073
TEL-00000954,VEH-0019,2026-01-05T12:10:00,12.853278,77.763,0,STOPPED,MAN-000073
TEL-00000955,VEH-0019,2026-01-05T12:17:00,12.852745,77.764639,33,MOVING,MAN-000073
TEL-00000956,VEH-0019,2026-01-05T12:21:00,12.851352,77.764819,24,MOVING,MAN-000073
TEL-00000957,VEH-0019,2026-01-05T12:22:00,12.853278,77.763,0,STOPPED,MAN-000073
TEL-00000958,VEH-0019,2026-01-05T12:26:00,12.845714,77.750391,19,MOVING,MAN-000073
TEL-00000959,VEH-0019,2026-01-05T12:28:00,12.839543,77.735469,22,MOVING,MAN-000073
TEL-00000960,VEH-0019,2026-01-05T12:35:00,12.834494,77.723364,0,STOPPED,MAN-000073
TEL-00000961,VEH-0019,2026-01-05T12:40:00,12.834095,77.722604,28,MOVING,MAN-000073
TEL-00000962,VEH-0019,2026-01-05T12:43:00,12.836325,77.723904,25,MOVING,MAN-000073
TEL-00000963,VEH-0019,2026-01-05T12:45:00,12.834494,77.723364,0,STOPPED,MAN-000073
TEL-00000964,VEH-0019,2026-01-05T13:10:00,12.883408,77.793802,32,MOVING,MAN-000073
TEL-00000965,VEH-0019,2026-01-05T13:26:00,12.933636,77.869015,24,MOVING,MAN-000073
TEL-00000966,VEH-0019,2026-01-05T13:49:00,12.982294,77.939703,0,STOPPED,MAN-000073
TEL-00000967,VEH-0019,2026-01-05T14:14:00,12.983148,77.937837,31,MOVING,MAN-000073
TEL-00000968,VEH-0019,2026-01-05T14:33:00,12.981111,77.938055,27,MOVING,MAN-000073
TEL-00000969,VEH-0019,2026-01-05T14:56:00,12.982294,77.939703,0,STOPPED,MAN-000073
TEL-00000970,VEH-0019,2026-01-05T15:24:00,12.906868,77.862241,33,MOVING,MAN-000073
TEL-00000971,VEH-0019,2026-01-05T15:49:00,12.827485,77.780028,27,MOVING,MAN-000073
TEL-00000972,VEH-0019,2026-01-05T16:15:00,12.752123,77.701706,0,STOPPED,MAN-000073
TEL-00000973,VEH-0019,2026-01-05T16:45:00,12.752184,77.700914,19,MOVING,MAN-000073
TEL-00000974,VEH-0019,2026-01-05T17:10:00,12.752811,77.701299,26,MOVING,MAN-000073
TEL-00000975,VEH-0019,2026-01-05T17:36:00,12.752123,77.701706,0,STOPPED,MAN-000073
TEL-00000976,VEH-0019,2026-01-05T18:00:00,12.850287,77.693848,18,MOVING,MAN-000073
TEL-00000977,VEH-0019,2026-01-05T18:28:00,12.949938,77.687846,36,MOVING,MAN-000073
TEL-00000978,VEH-0019,2026-01-05T18:53:00,13.046713,77.683643,0,STOPPED,MAN-000073
TEL-00000979,VEH-0019,2026-01-05T19:17:00,13.045096,77.684692,21,MOVING,MAN-000073
TEL-00000980,VEH-0019,2026-01-05T19:46:00,13.048602,77.683334,33,MOVING,MAN-000073
TEL-00000981,VEH-0019,2026-01-05T20:08:00,13.046713,77.683643,0,STOPPED,MAN-000073
TEL-00000982,VEH-0019,2026-01-05T20:28:00,12.971935,77.679995,35,MOVING,MAN-000073
TEL-00000983,VEH-0019,2026-01-05T20:44:00,12.901782,77.675925,35,MOVING,MAN-000073
TEL-00000984,VEH-0019,2026-01-05T21:03:00,12.828111,77.67288,0,STOPPED,MAN-000073
TEL-00000985,VEH-0019,2026-01-05T21:20:00,12.827861,77.673158,35,MOVING,MAN-000073
TEL-00000986,VEH-0019,2026-01-05T21:40:00,12.829355,77.672738,24,MOVING,MAN-000073
TEL-00000987,VEH-0019,2026-01-05T21:59:00,12.828111,77.67288,0,STOPPED,MAN-000073
TEL-00000988,VEH-0019,2026-01-05T22:09:00,12.828111,77.67288,0,DELIVERED,MAN-000073
TEL-00000989,VEH-0019,2026-01-05T12:00:00,12.883141,77.795168,0,IDLE,MAN-000074
TEL-00000990,VEH-0019,2026-01-05T12:08:00,12.89285,77.822962,24,MOVING,MAN-000074
TEL-00000991,VEH-0019,2026-01-05T12:17:00,12.907016,77.846854,28,MOVING,MAN-000074
TEL-00000992,VEH-0019,2026-01-05T12:25:00,12.917298,77.875446,0,STOPPED,MAN-000074
TEL-00000993,VEH-0019,2026-01-05T12:34:00,12.917733,77.876198,24,MOVING,MAN-000074
TEL-00000994,VEH-0019,2026-01-05T12:41:00,12.919078,77.875987,37,MOVING,MAN-000074
TEL-00000995,VEH-0019,2026-01-05T12:45:00,12.917298,77.875446,0,STOPPED,MAN-000074
TEL-00000996,VEH-0019,2026-01-05T13:00:00,12.957284,77.898733,29,MOVING,MAN-000074
TEL-00000997,VEH-0019,2026-01-05T13:08:00,12.994411,77.920286,31,MOVING,MAN-000074
TEL-00000998,VEH-0019,2026-01-05T13:21:00,13.032,77.940773,0,STOPPED,MAN-000074
TEL-00000999,VEH-0019,2026-01-05T13:32:00,13.031026,77.941569,29,MOVING,MAN-000074
TEL-00001000,VEH-0019,2026-01-05T13:46:00,13.031382,77.941134,29,MOVING,MAN-000074
TEL-00001001,VEH-0019,2026-01-05T13:54:00,13.032,77.940773,0,STOPPED,MAN-000074
TEL-00001002,VEH-0019,2026-01-05T14:04:00,13.017062,77.922749,29,MOVING,MAN-000074
TEL-00001003,VEH-0019,2026-01-05T14:05:00,13.004278,77.904967,27,MOVING,MAN-000074
TEL-00001004,VEH-0019,2026-01-05T14:10:00,12.991743,77.886312,0,STOPPED,MAN-000074
TEL-00001005,VEH-0019,2026-01-05T14:16:00,12.990656,77.885199,25,MOVING,MAN-000074
TEL-00001006,VEH-0019,2026-01-05T14:24:00,12.991255,77.885439,26,MOVING,MAN-000074
TEL-00001007,VEH-0019,2026-01-05T14:28:00,12.991743,77.886312,0,STOPPED,MAN-000074
TEL-00001008,VEH-0019,2026-01-05T14:54:00,12.904641,77.848786,25,MOVING,MAN-000074
TEL-00001009,VEH-0019,2026-01-05T15:15:00,12.821137,77.814046,36,MOVING,MAN-000074
TEL-00001010,VEH-0019,2026-01-05T15:41:00,12.734986,77.775407,0,STOPPED,MAN-000074
TEL-00001011,VEH-0019,2026-01-05T16:05:00,12.734006,77.775333,22,MOVING,MAN-000074
TEL-00001012,VEH-0019,2026-01-05T16:28:00,12.733305,77.77471,29,MOVING,MAN-000074
TEL-00001013,VEH-0019,2026-01-05T16:50:00,12.734986,77.775407,0,STOPPED,MAN-000074
TEL-00001014,VEH-0019,2026-01-05T17:07:00,12.799189,77.81162,18,MOVING,MAN-000074
TEL-00001015,VEH-0019,2026-01-05T17:28:00,12.861215,77.8474,24,MOVING,MAN-000074
TEL-00001016,VEH-0019,2026-01-05T17:48:00,12.926775,77.881977,0,STOPPED,MAN-000074
TEL-00001017,VEH-0019,2026-01-05T18:07:00,12.928152,77.883298,31,MOVING,MAN-000074
TEL-00001018,VEH-0019,2026-01-05T18:23:00,12.928157,77.880039,20,MOVING,MAN-000074
TEL-00001019,VEH-0019,2026-01-05T18:43:00,12.926775,77.881977,0,STOPPED,MAN-000074
TEL-00001020,VEH-0019,2026-01-05T18:55:00,12.885717,77.872808,23,MOVING,MAN-000074
TEL-00001021,VEH-0019,2026-01-05T19:06:00,12.842695,77.863438,37,MOVING,MAN-000074
TEL-00001022,VEH-0019,2026-01-05T19:16:00,12.803392,77.85454,0,STOPPED,MAN-000074
TEL-00001023,VEH-0019,2026-01-05T19:27:00,12.804102,77.856452,19,MOVING,MAN-000074
TEL-00001024,VEH-0019,2026-01-05T19:40:00,12.805302,77.854953,18,MOVING,MAN-000074
TEL-00001025,VEH-0019,2026-01-05T19:50:00,12.803392,77.85454,0,STOPPED,MAN-000074
TEL-00001026,VEH-0019,2026-01-05T20:00:00,12.803392,77.85454,0,DELIVERED,MAN-000074
TEL-00001027,VEH-0120,2026-01-05T12:00:00,12.254828,76.437189,0,IDLE,MAN-000077
TEL-00001028,VEH-0120,2026-01-05T12:08:00,12.262542,76.46375,22,MOVING,MAN-000077
TEL-00001029,VEH-0120,2026-01-05T12:13:00,12.269416,76.491214,22,MOVING,MAN-000077
TEL-00001030,VEH-0120,2026-01-05T12:22:00,12.274428,76.5161,0,STOPPED,MAN-000077
TEL-00001031,VEH-0120,2026-01-05T12:30:00,12.272653,76.517716,34,MOVING,MAN-000077
TEL-00001032,VEH-0120,2026-01-05T12:39:00,12.275073,76.517019,36,MOVING,MAN-000077
TEL-00001033,VEH-0120,2026-01-05T12:45:00,12.274428,76.5161,0,STOPPED,MAN-000077
TEL-00001034,VEH-0120,2026-01-05T12:52:00,12.29692,76.507737,21,MOVING,MAN-000077
TEL-00001035,VEH-0120,2026-01-05T12:57:00,12.31998,76.50343,37,MOVING,MAN-000077
TEL-00001036,VEH-0120,2026-01-05T13:05:00,12.341991,76.49557,0,STOPPED,MAN-000077
TEL-00001037,VEH-0120,2026-01-05T13:14:00,12.340433,76.497403,26,MOVING,MAN-000077
TEL-00001038,VEH-0120,2026-01-05T13:19:00,12.340354,76.49473,37,MOVING,MAN-000077
TEL-00001039,VEH-0120,2026-01-05T13:22:00,12.341991,76.49557,0,STOPPED,MAN-000077
TEL-00001040,VEH-0120,2026-01-05T13:47:00,12.259044,76.441562,33,MOVING,MAN-000077
TEL-00001041,VEH-0120,2026-01-05T14:12:00,12.178798,76.390205,35,MOVING,MAN-000077
TEL-00001042,VEH-0120,2026-01-05T14:36:00,12.09427,76.335311,0,STOPPED,MAN-000077
TEL-00001043,VEH-0120,2026-01-05T15:04:00,12.094042,76.334469,37,MOVING,MAN-000077
TEL-00001044,VEH-0120,2026-01-05T15:28:00,12.094938,76.334691,25,MOVING,MAN-000077
TEL-00001045,VEH-0120,2026-01-05T15:51:00,12.09427,76.335311,0,STOPPED,MAN-000077
TEL-00001046,VEH-0120,2026-01-05T16:14:00,12.139994,76.418796,24,MOVING,MAN-000077
TEL-00001047,VEH-0120,2026-01-05T16:41:00,12.189683,76.504914,37,MOVING,MAN-000077
TEL-00001048,VEH-0120,2026-01-05T17:04:00,12.234519,76.586961,0,STOPPED,MAN-000077
TEL-00001049,VEH-0120,2026-01-05T17:29:00,12.233625,76.586482,32,MOVING,MAN-000077
TEL-00001050,VEH-0120,2026-01-05T17:51:00,12.235031,76.587176,18,MOVING,MAN-000077
TEL-00001051,VEH-0120,2026-01-05T18:15:00,12.234519,76.586961,0,STOPPED,MAN-000077
TEL-00001052,VEH-0120,2026-01-05T18:32:00,12.300218,76.563183,37,MOVING,MAN-000077
TEL-00001053,VEH-0120,2026-01-05T18:54:00,12.36745,76.539273,34,MOVING,MAN-000077
TEL-00001054,VEH-0120,2026-01-05T19:06:00,12.431947,76.515129,0,STOPPED,MAN-000077
TEL-00001055,VEH-0120,2026-01-05T19:27:00,12.433389,76.513287,33,MOVING,MAN-000077
TEL-00001056,VEH-0120,2026-01-05T19:41:00,12.431333,76.514692,19,MOVING,MAN-000077
TEL-00001057,VEH-0120,2026-01-05T19:58:00,12.431947,76.515129,0,STOPPED,MAN-000077
TEL-00001058,VEH-0120,2026-01-05T20:28:00,12.329386,76.536792,31,MOVING,MAN-000077
TEL-00001059,VEH-0120,2026-01-05T20:51:00,12.224675,76.563065,33,MOVING,MAN-000077
TEL-00001060,VEH-0120,2026-01-05T21:20:00,12.119954,76.585259,0,STOPPED,MAN-000077
TEL-00001061,VEH-0120,2026-01-05T21:50:00,12.120103,76.586006,37,MOVING,MAN-000077
TEL-00001062,VEH-0120,2026-01-05T22:13:00,12.11817,76.584645,19,MOVING,MAN-000077
TEL-00001063,VEH-0120,2026-01-05T22:42:00,12.119954,76.585259,0,STOPPED,MAN-000077
TEL-00001064,VEH-0120,2026-01-05T22:52:00,12.119954,76.585259,0,DELIVERED,MAN-000077
TEL-00001065,VEH-0096,2026-01-05T12:00:00,13.586032,76.828358,0,IDLE,MAN-000083
TEL-00001066,VEH-0096,2026-01-05T12:16:00,13.588701,76.88703,23,MOVING,MAN-000083
TEL-00001067,VEH-0096,2026-01-05T12:33:00,13.593575,76.947099,36,MOVING,MAN-000083
TEL-00001068,VEH-0096,2026-01-05T12:44:00,13.59761,77.004875,0,STOPPED,MAN-000083
TEL-00001069,VEH-0096,2026-01-05T13:01:00,13.596962,77.00475,29,MOVING,MAN-000083
TEL-00001070,VEH-0096,2026-01-05T13:13:00,13.596454,77.003984,35,MOVING,MAN-000083
TEL-00001071,VEH-0096,2026-01-05T13:26:00,13.59761,77.004875,0,STOPPED,MAN-000083
TEL-00001072,VEH-0096,2026-01-05T13:54:00,13.586709,76.886705,34,MOVING,MAN-000083
TEL-00001073,VEH-0096,2026-01-05T14:23:00,13.572194,76.76967,24,MOVING,MAN-000083
TEL-00001074,VEH-0096,2026-01-05T14:55:00,13.560747,76.651243,0,STOPPED,MAN-000083
TEL-00001075,VEH-0096,2026-01-05T15:25:00,13.560963,76.650948,23,MOVING,MAN-000083
TEL-00001076,VEH-0096,2026-01-05T15:53:00,13.561691,76.649415,36,MOVING,MAN-000083
TEL-00001077,VEH-0096,2026-01-05T16:23:00,13.560747,76.651243,0,STOPPED,MAN-000083
TEL-00001078,VEH-0096,2026-01-05T16:48:00,13.572951,76.753082,37,MOVING,MAN-000083
TEL-00001079,VEH-0096,2026-01-05T17:12:00,13.582291,76.855389,22,MOVING,MAN-000083
TEL-00001080,VEH-0096,2026-01-05T17:37:00,13.595487,76.959273,0,STOPPED,MAN-000083
TEL-00001081,VEH-0096,2026-01-05T18:05:00,13.59709,76.960953,30,MOVING,MAN-000083
TEL-00001082,VEH-0096,2026-01-05T18:25:00,13.596416,76.96121,29,MOVING,MAN-000083
TEL-00001083,VEH-0096,2026-01-05T18:52:00,13.595487,76.959273,0,STOPPED,MAN-000083
TEL-00001084,VEH-0096,2026-01-05T19:04:00,13.565061,76.961409,31,MOVING,MAN-000083
TEL-00001085,VEH-0096,2026-01-05T19:11:00,13.532079,76.965985,23,MOVING,MAN-000083
TEL-00001086,VEH-0096,2026-01-05T19:17:00,13.498861,76.969267,0,STOPPED,MAN-000083
TEL-00001087,VEH-0096,2026-01-05T19:25:00,13.500253,76.970629,28,MOVING,MAN-000083
TEL-00001088,VEH-0096,2026-01-05T19:34:00,13.497611,76.971201,27,MOVING,MAN-000083
TEL-00001089,VEH-0096,2026-01-05T19:41:00,13.498861,76.969267,0,STOPPED,MAN-000083
TEL-00001090,VEH-0096,2026-01-05T20:05:00,13.561126,76.9157,32,MOVING,MAN-000083
TEL-00001091,VEH-0096,2026-01-05T20:25:00,13.62206,76.861153,35,MOVING,MAN-000083
TEL-00001092,VEH-0096,2026-01-05T20:44:00,13.683829,76.805501,0,STOPPED,MAN-000083
TEL-00001093,VEH-0096,2026-01-05T21:07:00,13.683442,76.804159,18,MOVING,MAN-000083
TEL-00001094,VEH-0096,2026-01-05T21:23:00,13.685151,76.805076,29,MOVING,MAN-000083
TEL-00001095,VEH-0096,2026-01-05T21:48:00,13.683829,76.805501,0,STOPPED,MAN-000083
TEL-00001096,VEH-0096,2026-01-05T22:10:00,13.599407,76.827747,35,MOVING,MAN-000083
TEL-00001097,VEH-0096,2026-01-05T22:32:00,13.51411,76.853076,24,MOVING,MAN-000083
TEL-00001098,VEH-0096,2026-01-05T22:54:00,13.427107,76.87427,0,STOPPED,MAN-000083
TEL-00001099,VEH-0096,2026-01-05T23:19:00,13.426241,76.873459,23,MOVING,MAN-000083
TEL-00001100,VEH-0096,2026-01-05T23:37:00,13.426252,76.87622,22,MOVING,MAN-000083
TEL-00001101,VEH-0096,2026-01-06T00:00:00,13.427107,76.87427,0,STOPPED,MAN-000083
TEL-00001102,VEH-0096,2026-01-06T00:10:00,13.427107,76.87427,0,DELIVERED,MAN-000083
TEL-00001103,VEH-0146,2026-01-05T12:00:00,13.586032,76.828358,0,IDLE,MAN-000084
TEL-00001104,VEH-0146,2026-01-05T12:16:00,13.624489,76.854197,29,MOVING,MAN-000084
TEL-00001105,VEH-0146,2026-01-05T12:27:00,13.664439,76.882289,19,MOVING,MAN-000084
TEL-00001106,VEH-0146,2026-01-05T12:39:00,13.702627,76.909885,0,STOPPED,MAN-000084
TEL-00001107,VEH-0146,2026-01-05T12:50:00,13.703628,76.91051,29,MOVING,MAN-000084
TEL-00001108,VEH-0146,2026-01-05T13:01:00,13.703985,76.909391,31,MOVING,MAN-000084
TEL-00001109,VEH-0146,2026-01-05T13:13:00,13.702627,76.909885,0,STOPPED,MAN-000084
TEL-00001110,VEH-0146,2026-01-05T13:35:00,13.61432,76.934969,37,MOVING,MAN-000084
TEL-00001111,VEH-0146,2026-01-05T14:03:00,13.522966,76.954772,34,MOVING,MAN-000084
TEL-00001112,VEH-0146,2026-01-05T14:26:00,13.432882,76.979219,0,STOPPED,MAN-000084
TEL-00001113,VEH-0146,2026-01-05T14:50:00,13.434514,76.978093,30,MOVING,MAN-000084
TEL-00001114,VEH-0146,2026-01-05T15:14:00,13.434016,76.977533,19,MOVING,MAN-000084
TEL-00001115,VEH-0146,2026-01-05T15:37:00,13.432882,76.979219,0,STOPPED,MAN-000084
TEL-00001116,VEH-0146,2026-01-05T15:41:00,13.435359,76.987381,18,MOVING,MAN-000084
TEL-00001117,VEH-0146,2026-01-05T15:41:00,13.439924,76.999345,33,MOVING,MAN-000084
TEL-00001118,VEH-0146,2026-01-05T15:49:00,13.441424,77.008179,0,STOPPED,MAN-000084
TEL-00001119,VEH-0146,2026-01-05T15:51:00,13.439799,77.009014,28,MOVING,MAN-000084
TEL-00001120,VEH-0146,2026-01-05T15:53:00,13.443171,77.007326,30,MOVING,MAN-000084
TEL-00001121,VEH-0146,2026-01-05T15:58:00,13.441424,77.008179,0,STOPPED,MAN-000084
TEL-00001122,VEH-0146,2026-01-05T16:27:00,13.539964,76.946325,22,MOVING,MAN-000084
TEL-00001123,VEH-0146,2026-01-05T16:55:00,13.63742,76.88497,29,MOVING,MAN-000084
TEL-00001124,VEH-0146,2026-01-05T17:22:00,13.733374,76.822965,0,STOPPED,MAN-000084
TEL-00001125,VEH-0146,2026-01-05T17:54:00,13.734553,76.823292,32,MOVING,MAN-000084
TEL-00001126,VEH-0146,2026-01-05T18:20:00,13.732684,76.824727,28,MOVING,MAN-000084
TEL-00001127,VEH-0146,2026-01-05T18:47:00,13.733374,76.822965,0,STOPPED,MAN-000084
TEL-00001128,VEH-0146,2026-01-05T19:05:00,13.696059,76.774602,18,MOVING,MAN-000084
TEL-00001129,VEH-0146,2026-01-05T19:18:00,13.659385,76.725313,28,MOVING,MAN-000084
TEL-00001130,VEH-0146,2026-01-05T19:32:00,13.624564,76.674386,0,STOPPED,MAN-000084
TEL-00001131,VEH-0146,2026-01-05T19:50:00,13.62358,76.674593,27,MOVING,MAN-000084
TEL-00001132,VEH-0146,2026-01-05T20:04:00,13.624703,76.674261,36,MOVING,MAN-000084
TEL-00001133,VEH-0146,2026-01-05T20:20:00,13.624564,76.674386,0,STOPPED,MAN-000084
TEL-00001134,VEH-0146,2026-01-05T20:27:00,13.628034,76.701568,18,MOVING,MAN-000084
TEL-00001135,VEH-0146,2026-01-05T20:37:00,13.630267,76.729584,30,MOVING,MAN-000084
TEL-00001136,VEH-0146,2026-01-05T20:45:00,13.633916,76.759029,0,STOPPED,MAN-000084
TEL-00001137,VEH-0146,2026-01-05T20:56:00,13.632886,76.760129,25,MOVING,MAN-000084
TEL-00001138,VEH-0146,2026-01-05T21:03:00,13.632072,76.7589,18,MOVING,MAN-000084
TEL-00001139,VEH-0146,2026-01-05T21:05:00,13.633916,76.759029,0,STOPPED,MAN-000084
TEL-00001140,VEH-0146,2026-01-05T21:15:00,13.633916,76.759029,0,DELIVERED,MAN-000084
TEL-00001141,VEH-0047,2026-01-05T12:00:00,12.408159,76.651143,0,IDLE,MAN-000087
TEL-00001142,VEH-0047,2026-01-05T12:07:00,12.430115,76.669786,24,MOVING,MAN-000087
TEL-00001143,VEH-0047,2026-01-05T12:18:00,12.44918,76.687294,37,MOVING,MAN-000087
TEL-00001144,VEH-0047,2026-01-05T12:22:00,12.471674,76.707016,0,STOPPED,MAN-000087
TEL-00001145,VEH-0047,2026-01-05T12:31:00,12.471738,76.70605,28,MOVING,MAN-000087
TEL-00001146,VEH-0047,2026-01-05T12:35:00,12.471009,76.706364,20,MOVING,MAN-000087
TEL-00001147,VEH-0047,2026-01-05T12:47:00,12.471674,76.707016,0,STOPPED,MAN-000087
TEL-00001148,VEH-0047,2026-01-05T13:02:00,12.507241,76.670069,29,MOVING,MAN-000087
TEL-00001149,VEH-0047,2026-01-05T13:12:00,12.541756,76.631286,23,MOVING,MAN-000087
TEL-00001150,VEH-0047,2026-01-05T13:24:00,12.574427,76.591895,0,STOPPED,MAN-000087
TEL-00001151,VEH-0047,2026-01-05T13:40:00,12.57471,76.593645,27,MOVING,MAN-000087
TEL-00001152,VEH-0047,2026-01-05T13:48:00,12.573538,76.589914,28,MOVING,MAN-000087
TEL-00001153,VEH-0047,2026-01-05T14:06:00,12.574427,76.591895,0,STOPPED,MAN-000087
TEL-00001154,VEH-0047,2026-01-05T14:16:00,12.561673,76.565414,19,MOVING,MAN-000087
TEL-00001155,VEH-0047,2026-01-05T14:22:00,12.544552,76.536884,22,MOVING,MAN-000087
TEL-00001156,VEH-0047,2026-01-05T14:31:00,12.53076,76.511105,0,STOPPED,MAN-000087
TEL-00001157,VEH-0047,2026-01-05T14:43:00,12.53029,76.512378,35,MOVING,MAN-000087
TEL-00001158,VEH-0047,2026-01-05T14:49:00,12.529386,76.512544,37,MOVING,MAN-000087
TEL-00001159,VEH-0047,2026-01-05T14:56:00,12.53076,76.511105,0,STOPPED,MAN-000087
TEL-00001160,VEH-0047,2026-01-05T15:11:00,12.548321,76.573616,32,MOVING,MAN-000087
TEL-00001161,VEH-0047,2026-01-05T15:26:00,12.567392,76.63274,31,MOVING,MAN-000087
TEL-00001162,VEH-0047,2026-01-05T15:41:00,12.586101,76.695135,0,STOPPED,MAN-000087
TEL-00001163,VEH-0047,2026-01-05T15:59:00,12.584188,76.694086,24,MOVING,MAN-000087
TEL-00001164,VEH-0047,2026-01-05T16:13:00,12.58574,76.694079,34,MOVING,MAN-000087
TEL-00001165,VEH-0047,2026-01-05T16:31:00,12.586101,76.695135,0,STOPPED,MAN-000087
TEL-00001166,VEH-0047,2026-01-05T17:04:00,12.47472,76.636994,25,MOVING,MAN-000087
TEL-00001167,VEH-0047,2026-01-05T17:36:00,12.36827,76.574535,35,MOVING,MAN-000087
TEL-00001168,VEH-0047,2026-01-05T18:07:00,12.256944,76.516062,0,STOPPED,MAN-000087
TEL-00001169,VEH-0047,2026-01-05T18:41:00,12.257731,76.51653,35,MOVING,MAN-000087
TEL-00001170,VEH-0047,2026-01-05T19:10:00,12.257065,76.516603,29,MOVING,MAN-000087
TEL-00001171,VEH-0047,2026-01-05T19:42:00,12.256944,76.516062,0,STOPPED,MAN-000087
TEL-00001172,VEH-0047,2026-01-05T20:11:00,12.355772,76.534758,28,MOVING,MAN-000087
TEL-00001173,VEH-0047,2026-01-05T20:34:00,12.454261,76.549692,20,MOVING,MAN-000087
TEL-00001174,VEH-0047,2026-01-05T20:56:00,12.55403,76.569354,0,STOPPED,MAN-000087
TEL-00001175,VEH-0047,2026-01-05T21:21:00,12.555832,76.568495,21,MOVING,MAN-000087
TEL-00001176,VEH-0047,2026-01-05T21:47:00,12.555768,76.570947,19,MOVING,MAN-000087
TEL-00001177,VEH-0047,2026-01-05T22:14:00,12.55403,76.569354,0,STOPPED,MAN-000087
TEL-00001178,VEH-0047,2026-01-05T22:24:00,12.55403,76.569354,0,DELIVERED,MAN-000087
TEL-00001179,VEH-0073,2026-01-05T12:00:00,12.861619,76.032437,0,IDLE,MAN-000089
TEL-00001180,VEH-0073,2026-01-05T12:16:00,12.864405,76.077975,24,MOVING,MAN-000089
TEL-00001181,VEH-0073,2026-01-05T12:26:00,12.871222,76.125963,27,MOVING,MAN-000089
TEL-00001182,VEH-0073,2026-01-05T12:36:00,12.874125,76.172703,0,STOPPED,MAN-000089
TEL-00001183,VEH-0073,2026-01-05T12:49:00,12.872734,76.171454,27,MOVING,MAN-000089
TEL-00001184,VEH-0073,2026-01-05T13:01:00,12.872765,76.172374,18,MOVING,MAN-000089
TEL-00001185,VEH-0073,2026-01-05T13:10:00,12.874125,76.172703,0,STOPPED,MAN-000089
TEL-00001186,VEH-0073,2026-01-05T13:21:00,12.877059,76.133404,34,MOVING,MAN-000089
TEL-00001187,VEH-0073,2026-01-05T13:33:00,12.883031,76.094546,28,MOVING,MAN-000089
TEL-00001188,VEH-0073,2026-01-05T13:38:00,12.8846,76.057684,0,STOPPED,MAN-000089
TEL-00001189,VEH-0073,2026-01-05T13:51:00,12.885717,76.056344,26,MOVING,MAN-000089
TEL-00001190,VEH-0073,2026-01-05T14:00:00,12.886454,76.057413,22,MOVING,MAN-000089
TEL-00001191,VEH-0073,2026-01-05T14:05:00,12.8846,76.057684,0,STOPPED,MAN-000089
TEL-00001192,VEH-0073,2026-01-05T14:25:00,12.83724,76.103425,31,MOVING,MAN-000089
TEL-00001193,VEH-0073,2026-01-05T14:37:00,12.787452,76.145118,30,MOVING,MAN-000089
TEL-00001194,VEH-0073,2026-01-05T14:53:00,12.740099,76.191044,0,STOPPED,MAN-000089
TEL-00001195,VEH-0073,2026-01-05T15:13:00,12.740813,76.191699,24,MOVING,MAN-000089
TEL-00001196,VEH-0073,2026-01-05T15:26:00,12.73884,76.190744,27,MOVING,MAN-000089
TEL-00001197,VEH-0073,2026-01-05T15:40:00,12.740099,76.191044,0,STOPPED,MAN-000089
TEL-00001198,VEH-0073,2026-01-05T16:12:00,12.836331,76.108863,18,MOVING,MAN-000089
TEL-00001199,VEH-0073,2026-01-05T16:47:00,12.938301,76.023775,26,MOVING,MAN-000089
TEL-00001200,VEH-0073,2026-01-05T17:14:00,13.034712,75.939967,0,STOPPED,MAN-000089
TEL-00001201,VEH-0073,2026-01-05T17:49:00,13.034331,75.939317,29,MOVING,MAN-000089
TEL-00001202,VEH-0073,2026-01-05T18:19:00,13.036538,75.93941,35,MOVING,MAN-000089
TEL-00001203,VEH-0073,2026-01-05T18:51:00,13.034712,75.939967,0,STOPPED,MAN-000089
TEL-00001204,VEH-0073,2026-01-05T19:17:00,12.934319,75.918093,37,MOVING,MAN-000089
TEL-00001205,VEH-0073,2026-01-05T19:42:00,12.835022,75.899437,34,MOVING,MAN-000089
TEL-00001206,VEH-0073,2026-01-05T20:08:00,12.73298,75.878333,0,STOPPED,MAN-000089
TEL-00001207,VEH-0073,2026-01-05T20:35:00,12.731559,75.878953,28,MOVING,MAN-000089
TEL-00001208,VEH-0073,2026-01-05T21:03:00,12.732184,75.880248,37,MOVING,MAN-000089
TEL-00001209,VEH-0073,2026-01-05T21:24:00,12.73298,75.878333,0,STOPPED,MAN-000089
TEL-00001210,VEH-0073,2026-01-05T21:52:00,12.731604,75.980806,34,MOVING,MAN-000089
TEL-00001211,VEH-0073,2026-01-05T22:15:00,12.728943,76.078369,23,MOVING,MAN-000089
TEL-00001212,VEH-0073,2026-01-05T22:36:00,12.727105,76.17995,0,STOPPED,MAN-000089
TEL-00001213,VEH-0073,2026-01-05T23:02:00,12.727879,76.180037,28,MOVING,MAN-000089
TEL-00001214,VEH-0073,2026-01-05T23:25:00,12.727463,76.18109,26,MOVING,MAN-000089
TEL-00001215,VEH-0073,2026-01-05T23:52:00,12.727105,76.17995,0,STOPPED,MAN-000089
TEL-00001216,VEH-0073,2026-01-06T00:02:00,12.727105,76.17995,0,DELIVERED,MAN-000089
TEL-00001217,VEH-0048,2026-01-05T12:00:00,12.861619,76.032437,0,IDLE,MAN-000090
TEL-00001218,VEH-0048,2026-01-05T12:07:00,12.855683,76.013453,30,MOVING,MAN-000090
TEL-00001219,VEH-0048,2026-01-05T12:14:00,12.849241,75.99456,24,MOVING,MAN-000090
TEL-00001220,VEH-0048,2026-01-05T12:15:00,12.845827,75.974994,0,STOPPED,MAN-000090
TEL-00001221,VEH-0048,2026-01-05T12:19:00,12.846528,75.975348,25,MOVING,MAN-000090
TEL-00001222,VEH-0048,2026-01-05T12:27:00,12.844663,75.976407,23,MOVING,MAN-000090
TEL-00001223,VEH-0048,2026-01-05T12:32:00,12.845827,75.974994,0,STOPPED,MAN-000090
TEL-00001224,VEH-0048,2026-01-05T12:52:00,12.899243,76.017552,21,MOVING,MAN-000090
TEL-00001225,VEH-0048,2026-01-05T13:10:00,12.953501,76.062815,32,MOVING,MAN-000090
TEL-00001226,VEH-0048,2026-01-05T13:27:00,13.007541,76.108485,0,STOPPED,MAN-000090
TEL-00001227,VEH-0048,2026-01-05T13:44:00,13.006397,76.108434,29,MOVING,MAN-000090
TEL-00001228,VEH-0048,2026-01-05T14:02:00,13.007741,76.106744,32,MOVING,MAN-000090
TEL-00001229,VEH-0048,2026-01-05T14:17:00,13.007541,76.108485,0,STOPPED,MAN-000090
TEL-00001230,VEH-0048,2026-01-05T14:44:00,12.912432,76.046377,27,MOVING,MAN-000090
TEL-00001231,VEH-0048,2026-01-05T15:12:00,12.813928,75.986203,29,MOVING,MAN-000090
TEL-00001232,VEH-0048,2026-01-05T15:40:00,12.719925,75.922776,0,STOPPED,MAN-000090
TEL-00001233,VEH-0048,2026-01-05T16:07:00,12.721088,75.922719,19,MOVING,MAN-000090
TEL-00001234,VEH-0048,2026-01-05T16:40:00,12.720076,75.923345,23,MOVING,MAN-000090
TEL-00001235,VEH-0048,2026-01-05T17:08:00,12.719925,75.922776,0,STOPPED,MAN-000090
TEL-00001236,VEH-0048,2026-01-05T17:33:00,12.783155,76.002004,37,MOVING,MAN-000090
TEL-00001237,VEH-0048,2026-01-05T17:56:00,12.849005,76.078821,30,MOVING,MAN-000090
TEL-00001238,VEH-0048,2026-01-05T18:25:00,12.912017,76.157683,0,STOPPED,MAN-000090
TEL-00001239,VEH-0048,2026-01-05T18:54:00,12.913276,76.159365,25,MOVING,MAN-000090
TEL-00001240,VEH-0048,2026-01-05T19:16:00,12.912189,76.157023,31,MOVING,MAN-000090
TEL-00001241,VEH-0048,2026-01-05T19:39:00,12.912017,76.157683,0,STOPPED,MAN-000090
TEL-00001242,VEH-0048,2026-01-05T19:49:00,12.913096,76.129854,35,MOVING,MAN-000090
TEL-00001243,VEH-0048,2026-01-05T19:53:00,12.912042,76.105811,29,MOVING,MAN-000090
TEL-00001244,VEH-0048,2026-01-05T20:02:00,12.910871,76.078985,0,STOPPED,MAN-000090
TEL-00001245,VEH-0048,2026-01-05T20:09:00,12.910563,76.077906,33,MOVING,MAN-000090
TEL-00001246,VEH-0048,2026-01-05T20:18:00,12.908958,76.08069,26,MOVING,MAN-000090
TEL-00001247,VEH-0048,2026-01-05T20:23:00,12.910871,76.078985,0,STOPPED,MAN-000090
TEL-00001248,VEH-0048,2026-01-05T20:40:00,12.892176,76.029323,22,MOVING,MAN-000090
TEL-00001249,VEH-0048,2026-01-05T20:48:00,12.877449,75.982348,25,MOVING,MAN-000090
TEL-00001250,VEH-0048,2026-01-05T21:03:00,12.860163,75.932287,0,STOPPED,MAN-000090
TEL-00001251,VEH-0048,2026-01-05T21:17:00,12.858221,75.932635,34,MOVING,MAN-000090
TEL-00001252,VEH-0048,2026-01-05T21:32:00,12.859089,75.93204,18,MOVING,MAN-000090
TEL-00001253,VEH-0048,2026-01-05T21:42:00,12.860163,75.932287,0,STOPPED,MAN-000090
TEL-00001254,VEH-0048,2026-01-05T21:52:00,12.860163,75.932287,0,DELIVERED,MAN-000090
TEL-00001255,VEH-0123,2026-01-05T12:00:00,12.861619,76.032437,0,IDLE,MAN-000092
TEL-00001256,VEH-0123,2026-01-05T12:11:00,12.840327,76.006604,20,MOVING,MAN-000092
TEL-00001257,VEH-0123,2026-01-05T12:15:00,12.823716,75.983038,33,MOVING,MAN-000092
TEL-00001258,VEH-0123,2026-01-05T12:23:00,12.802743,75.956676,0,STOPPED,MAN-000092
TEL-00001259,VEH-0123,2026-01-05T12:34:00,12.802172,75.954925,18,MOVING,MAN-000092
TEL-00001260,VEH-0123,2026-01-05T12:43:00,12.802896,75.956592,25,MOVING,MAN-000092
TEL-00001261,VEH-0123,2026-01-05T12:51:00,12.802743,75.956676,0,STOPPED,MAN-000092
TEL-00001262,VEH-0123,2026-01-05T13:02:00,12.836244,75.955026,29,MOVING,MAN-000092
TEL-00001263,VEH-0123,2026-01-05T13:07:00,12.869496,75.95535,21,MOVING,MAN-000092
TEL-00001264,VEH-0123,2026-01-05T13:17:00,12.903101,75.95645,0,STOPPED,MAN-000092
TEL-00001265,VEH-0123,2026-01-05T13:25:00,12.904237,75.958017,31,MOVING,MAN-000092
TEL-00001266,VEH-0123,2026-01-05T13:37:00,12.902527,75.957338,24,MOVING,MAN-000092
TEL-00001267,VEH-0123,2026-01-05T13:46:00,12.903101,75.95645,0,STOPPED,MAN-000092
TEL-00001268,VEH-0123,2026-01-05T13:53:00,12.922524,75.947936,22,MOVING,MAN-000092
TEL-00001269,VEH-0123,2026-01-05T13:59:00,12.940388,75.940461,29,MOVING,MAN-000092
TEL-00001270,VEH-0123,2026-01-05T14:06:00,12.960216,75.930836,0,STOPPED,MAN-000092
TEL-00001271,VEH-0123,2026-01-05T14:16:00,12.960177,75.930153,19,MOVING,MAN-000092
TEL-00001272,VEH-0123,2026-01-05T14:19:00,12.960549,75.931245,21,MOVING,MAN-000092
TEL-00001273,VEH-0123,2026-01-05T14:24:00,12.960216,75.930836,0,STOPPED,MAN-000092
TEL-00001274,VEH-0123,2026-01-05T14:49:00,12.878249,75.969986,36,MOVING,MAN-000092
TEL-00001275,VEH-0123,2026-01-05T15:07:00,12.800324,76.00987,36,MOVING,MAN-000092
TEL-00001276,VEH-0123,2026-01-05T15:33:00,12.719314,76.050757,0,STOPPED,MAN-000092
TEL-00001277,VEH-0123,2026-01-05T15:58:00,12.720207,76.050746,25,MOVING,MAN-000092
TEL-00001278,VEH-0123,2026-01-05T16:20:00,12.719387,76.048911,25,MOVING,MAN-000092
TEL-00001279,VEH-0123,2026-01-05T16:39:00,12.719314,76.050757,0,STOPPED,MAN-000092
TEL-00001280,VEH-0123,2026-01-05T16:48:00,12.745892,76.056062,22,MOVING,MAN-000092
TEL-00001281,VEH-0123,2026-01-05T16:56:00,12.773263,76.059668,31,MOVING,MAN-000092
TEL-00001282,VEH-0123,2026-01-05T17:00:00,12.797317,76.064379,0,STOPPED,MAN-000092
TEL-00001283,VEH-0123,2026-01-05T17:07:00,12.797547,76.063248,30,MOVING,MAN-000092
TEL-00001284,VEH-0123,2026-01-05T17:14:00,12.798013,76.062938,32,MOVING,MAN-000092
TEL-00001285,VEH-0123,2026-01-05T17:19:00,12.797317,76.064379,0,STOPPED,MAN-000092
TEL-00001286,VEH-0123,2026-01-05T17:30:00,12.769456,76.098935,21,MOVING,MAN-000092
TEL-00001287,VEH-0123,2026-01-05T17:44:00,12.740814,76.138367,21,MOVING,MAN-000092
TEL-00001288,VEH-0123,2026-01-05T17:51:00,12.715323,76.172745,0,STOPPED,MAN-000092
TEL-00001289,VEH-0123,2026-01-05T18:05:00,12.717047,76.172113,31,MOVING,MAN-000092
TEL-00001290,VEH-0123,2026-01-05T18:12:00,12.71659,76.171417,23,MOVING,MAN-000092
TEL-00001291,VEH-0123,2026-01-05T18:27:00,12.715323,76.172745,0,STOPPED,MAN-000092
TEL-00001292,VEH-0123,2026-01-05T18:37:00,12.715323,76.172745,0,DELIVERED,MAN-000092
TEL-00001293,VEH-0074,2026-01-05T12:00:00,13.685515,75.821393,0,IDLE,MAN-000094
TEL-00001294,VEH-0074,2026-01-05T12:15:00,13.728489,75.828998,37,MOVING,MAN-000094
TEL-00001295,VEH-0074,2026-01-05T12:25:00,13.770494,75.838499,29,MOVING,MAN-000094
TEL-00001296,VEH-0074,2026-01-05T12:34:00,13.812878,75.846952,0,STOPPED,MAN-000094
TEL-00001297,VEH-0074,2026-01-05T12:44:00,13.814877,75.84883,35,MOVING,MAN-000094
TEL-00001298,VEH-0074,2026-01-05T12:55:00,13.811416,75.846415,28,MOVING,MAN-000094
TEL-00001299,VEH-0074,2026-01-05T13:10:00,13.812878,75.846952,0,STOPPED,MAN-000094
TEL-00001300,VEH-0074,2026-01-05T13:23:00,13.825748,75.816858,27,MOVING,MAN-000094
TEL-00001301,VEH-0074,2026-01-05T13:31:00,13.836374,75.783442,21,MOVING,MAN-000094
TEL-00001302,VEH-0074,2026-01-05T13:37:00,13.850042,75.752583,0,STOPPED,MAN-000094
TEL-00001303,VEH-0074,2026-01-05T13:49:00,13.849107,75.753689,18,MOVING,MAN-000094
TEL-00001304,VEH-0074,2026-01-05T13:57:00,13.850748,75.753253,33,MOVING,MAN-000094
TEL-00001305,VEH-0074,2026-01-05T14:03:00,13.850042,75.752583,0,STOPPED,MAN-000094
TEL-00001306,VEH-0074,2026-01-05T14:29:00,13.782711,75.828289,31,MOVING,MAN-000094
TEL-00001307,VEH-0074,2026-01-05T14:52:00,13.713527,75.901605,26,MOVING,MAN-000094
TEL-00001308,VEH-0074,2026-01-05T15:20:00,13.646521,75.977578,0,STOPPED,MAN-000094
TEL-00001309,VEH-0074,2026-01-05T15:49:00,13.645515,75.975612,19,MOVING,MAN-000094
TEL-00001310,VEH-0074,2026-01-05T16:09:00,13.647068,75.97854,28,MOVING,MAN-000094
TEL-00001311,VEH-0074,2026-01-05T16:35:00,13.646521,75.977578,0,STOPPED,MAN-000094
TEL-00001312,VEH-0074,2026-01-05T17:02:00,13.709586,75.88596,27,MOVING,MAN-000094
TEL-00001313,VEH-0074,2026-01-05T17:32:00,13.771578,75.793335,34,MOVING,MAN-000094
TEL-00001314,VEH-0074,2026-01-05T17:56:00,13.834976,75.702197,0,STOPPED,MAN-000094
TEL-00001315,VEH-0074,2026-01-05T18:22:00,13.836575,75.700506,28,MOVING,MAN-000094
TEL-00001316,VEH-0074,2026-01-05T18:49:00,13.836086,75.70367,21,MOVING,MAN-000094
TEL-00001317,VEH-0074,2026-01-05T19:16:00,13.834976,75.702197,0,STOPPED,MAN-000094
TEL-00001318,VEH-0074,2026-01-05T19:43:00,13.772148,75.778336,24,MOVING,MAN-000094
TEL-00001319,VEH-0074,2026-01-05T20:07:00,13.70977,75.849246,36,MOVING,MAN-000094
TEL-00001320,VEH-0074,2026-01-05T20:27:00,13.647769,75.925108,0,STOPPED,MAN-000094
TEL-00001321,VEH-0074,2026-01-05T20:50:00,13.64836,75.923899,19,MOVING,MAN-000094
TEL-00001322,VEH-0074,2026-01-05T21:18:00,13.6474,75.925699,28,MOVING,MAN-000094
TEL-00001323,VEH-0074,2026-01-05T21:39:00,13.647769,75.925108,0,STOPPED,MAN-000094
TEL-00001324,VEH-0074,2026-01-05T21:53:00,13.642534,75.877815,34,MOVING,MAN-000094
TEL-00001325,VEH-0074,2026-01-05T22:07:00,13.636505,75.826215,25,MOVING,MAN-000094
TEL-00001326,VEH-0074,2026-01-05T22:19:00,13.633717,75.778224,0,STOPPED,MAN-000094
TEL-00001327,VEH-0074,2026-01-05T22:32:00,13.633884,75.77775,26,MOVING,MAN-000094
TEL-00001328,VEH-0074,2026-01-05T22:45:00,13.63566,75.778558,35,MOVING,MAN-000094
TEL-00001329,VEH-0074,2026-01-05T22:54:00,13.633717,75.778224,0,STOPPED,MAN-000094
TEL-00001330,VEH-0074,2026-01-05T23:04:00,13.633717,75.778224,0,DELIVERED,MAN-000094
TEL-00001331,VEH-0149,2026-01-05T12:00:00,13.685515,75.821393,0,IDLE,MAN-000096
TEL-00001332,VEH-0149,2026-01-05T12:07:00,13.655885,75.822102,23,MOVING,MAN-000096
TEL-00001333,VEH-0149,2026-01-05T12:14:00,13.622758,75.824935,19,MOVING,MAN-000096
TEL-00001334,VEH-0149,2026-01-05T12:27:00,13.594093,75.825695,0,STOPPED,MAN-000096
TEL-00001335,VEH-0149,2026-01-05T12:37:00,13.592582,75.826545,34,MOVING,MAN-000096
TEL-00001336,VEH-0149,2026-01-05T12:46:00,13.594951,75.825314,20,MOVING,MAN-000096
TEL-00001337,VEH-0149,2026-01-05T12:54:00,13.594093,75.825695,0,STOPPED,MAN-000096
TEL-00001338,VEH-0149,2026-01-05T12:59:00,13.578555,75.80346,27,MOVING,MAN-000096
TEL-00001339,VEH-0149,2026-01-05T13:09:00,13.566709,75.785121,18,MOVING,MAN-000096
TEL-00001340,VEH-0149,2026-01-05T13:12:00,13.552843,75.763542,0,STOPPED,MAN-000096
TEL-00001341,VEH-0149,2026-01-05T13:17:00,13.553533,75.762389,18,MOVING,MAN-000096
TEL-00001342,VEH-0149,2026-01-05T13:28:00,13.553327,75.764186,20,MOVING,MAN-000096
TEL-00001343,VEH-0149,2026-01-05T13:30:00,13.552843,75.763542,0,STOPPED,MAN-000096
TEL-00001344,VEH-0149,2026-01-05T13:45:00,13.557901,75.80813,35,MOVING,MAN-000096
TEL-00001345,VEH-0149,2026-01-05T13:51:00,13.558101,75.855904,27,MOVING,MAN-000096
TEL-00001346,VEH-0149,2026-01-05T14:04:00,13.562481,75.899334,0,STOPPED,MAN-000096
TEL-00001347,VEH-0149,2026-01-05T14:16:00,13.56302,75.897863,23,MOVING,MAN-000096
TEL-00001348,VEH-0149,2026-01-05T14:25:00,13.561846,75.900914,32,MOVING,MAN-000096
TEL-00001349,VEH-0149,2026-01-05T14:40:00,13.562481,75.899334,0,STOPPED,MAN-000096
TEL-00001350,VEH-0149,2026-01-05T14:58:00,13.621376,75.911211,34,MOVING,MAN-000096
TEL-00001351,VEH-0149,2026-01-05T15:08:00,13.675374,75.92792,20,MOVING,MAN-000096
TEL-00001352,VEH-0149,2026-01-05T15:24:00,13.733576,75.940107,0,STOPPED,MAN-000096
TEL-00001353,VEH-0149,2026-01-05T15:38:00,13.731943,75.941189,18,MOVING,MAN-000096
TEL-00001354,VEH-0149,2026-01-05T15:52:00,13.735377,75.938758,18,MOVING,MAN-000096
TEL-00001355,VEH-0149,2026-01-05T16:09:00,13.733576,75.940107,0,STOPPED,MAN-000096
TEL-00001356,VEH-0149,2026-01-05T16:24:00,13.699114,75.903871,21,MOVING,MAN-000096
TEL-00001357,VEH-0149,2026-01-05T16:34:00,13.661294,75.86974,23,MOVING,MAN-000096
TEL-00001358,VEH-0149,2026-01-05T16:48:00,13.625154,75.834175,0,STOPPED,MAN-000096
TEL-00001359,VEH-0149,2026-01-05T17:05:00,13.625323,75.835818,35,MOVING,MAN-000096
TEL-00001360,VEH-0149,2026-01-05T17:14:00,13.624942,75.833056,30,MOVING,MAN-000096
TEL-00001361,VEH-0149,2026-01-05T17:25:00,13.625154,75.834175,0,STOPPED,MAN-000096
TEL-00001362,VEH-0149,2026-01-05T17:45:00,13.660242,75.771952,19,MOVING,MAN-000096
TEL-00001363,VEH-0149,2026-01-05T18:04:00,13.690352,75.704742,27,MOVING,MAN-000096
TEL-00001364,VEH-0149,2026-01-05T18:19:00,13.724589,75.641912,0,STOPPED,MAN-000096
TEL-00001365,VEH-0149,2026-01-05T18:40:00,13.724931,75.640878,20,MOVING,MAN-000096
TEL-00001366,VEH-0149,2026-01-05T18:54:00,13.724371,75.641333,32,MOVING,MAN-000096
TEL-00001367,VEH-0149,2026-01-05T19:14:00,13.724589,75.641912,0,STOPPED,MAN-000096
TEL-00001368,VEH-0149,2026-01-05T19:24:00,13.724589,75.641912,0,DELIVERED,MAN-000096
TEL-00001369,VEH-0100,2026-01-05T12:00:00,13.020592,77.644435,0,IDLE,MAN-000097
TEL-00001370,VEH-0100,2026-01-05T12:16:00,13.07134,77.647948,31,MOVING,MAN-000097
TEL-00001371,VEH-0100,2026-01-05T12:26:00,13.118284,77.654624,28,MOVING,MAN-000097
TEL-00001372,VEH-0100,2026-01-05T12:37:00,13.167455,77.660256,0,STOPPED,MAN-000097
TEL-00001373,VEH-0100,2026-01-05T12:49:00,13.166072,77.658438,37,MOVING,MAN-000097
TEL-00001374,VEH-0100,2026-01-05T13:01:00,13.167511,77.659007,33,MOVING,MAN-000097
TEL-00001375,VEH-0100,2026-01-05T13:15:00,13.167455,77.660256,0,STOPPED,MAN-000097
TEL-00001376,VEH-0100,2026-01-05T13:32:00,13.158397,77.607781,21,MOVING,MAN-000097
TEL-00001377,VEH-0100,2026-01-05T13:43:00,13.152295,77.557324,24,MOVING,MAN-000097
TEL-00001378,VEH-0100,2026-01-05T13:54:00,13.142411,77.504397,0,STOPPED,MAN-000097
TEL-00001379,VEH-0100,2026-01-05T14:11:00,13.142363,77.502789,26,MOVING,MAN-000097
TEL-00001380,VEH-0100,2026-01-05T14:19:00,13.144247,77.502559,23,MOVING,MAN-000097
TEL-00001381,VEH-0100,2026-01-05T14:33:00,13.142411,77.504397,0,STOPPED,MAN-000097
TEL-00001382,VEH-0100,2026-01-05T14:53:00,13.101446,77.574495,30,MOVING,MAN-000097
TEL-00001383,VEH-0100,2026-01-05T15:14:00,13.058305,77.648686,31,MOVING,MAN-000097
TEL-00001384,VEH-0100,2026-01-05T15:32:00,13.01763,77.719348,0,STOPPED,MAN-000097
TEL-00001385,VEH-0100,2026-01-05T15:56:00,13.019185,77.718525,18,MOVING,MAN-000097
TEL-00001386,VEH-0100,2026-01-05T16:13:00,13.017477,77.719929,36,MOVING,MAN-000097
TEL-00001387,VEH-0100,2026-01-05T16:35:00,13.01763,77.719348,0,STOPPED,MAN-000097
TEL-00001388,VEH-0100,2026-01-05T16:52:00,13.054256,77.656702,35,MOVING,MAN-000097
TEL-00001389,VEH-0100,2026-01-05T17:11:00,13.091274,77.591097,20,MOVING,MAN-000097
TEL-00001390,VEH-0100,2026-01-05T17:30:00,13.130915,77.527061,0,STOPPED,MAN-000097
TEL-00001391,VEH-0100,2026-01-05T17:52:00,13.131204,77.528087,24,MOVING,MAN-000097
TEL-00001392,VEH-0100,2026-01-05T18:10:00,13.130396,77.52564,18,MOVING,MAN-000097
TEL-00001393,VEH-0100,2026-01-05T18:24:00,13.130915,77.527061,0,STOPPED,MAN-000097
TEL-00001394,VEH-0100,2026-01-05T18:57:00,13.046231,77.618721,34,MOVING,MAN-000097
TEL-00001395,VEH-0100,2026-01-05T19:26:00,12.963276,77.705515,24,MOVING,MAN-000097
TEL-00001396,VEH-0100,2026-01-05T19:54:00,12.882301,77.796974,0,STOPPED,MAN-000097
TEL-00001397,VEH-0100,2026-01-05T20:26:00,12.882191,77.79728,32,MOVING,MAN-000097
TEL-00001398,VEH-0100,2026-01-05T20:54:00,12.88424,77.797944,23,MOVING,MAN-000097
TEL-00001399,VEH-0100,2026-01-05T21:25:00,12.882301,77.796974,0,STOPPED,MAN-000097
TEL-00001400,VEH-0100,2026-01-05T21:36:00,12.929152,77.800962,18,MOVING,MAN-000097
TEL-00001401,VEH-0100,2026-01-05T21:49:00,12.976304,77.808686,29,MOVING,MAN-000097
TEL-00001402,VEH-0100,2026-01-05T22:01:00,13.022477,77.812943,0,STOPPED,MAN-000097
TEL-00001403,VEH-0100,2026-01-05T22:15:00,13.022932,77.812713,18,MOVING,MAN-000097
TEL-00001404,VEH-0100,2026-01-05T22:28:00,13.022059,77.813654,18,MOVING,MAN-000097
TEL-00001405,VEH-0100,2026-01-05T22:35:00,13.022477,77.812943,0,STOPPED,MAN-000097
TEL-00001406,VEH-0100,2026-01-05T22:45:00,13.022477,77.812943,0,DELIVERED,MAN-000097
TEL-00001407,VEH-0125,2026-01-05T12:00:00,13.020592,77.644435,0,IDLE,MAN-000098
TEL-00001408,VEH-0125,2026-01-05T12:07:00,13.032294,77.618327,19,MOVING,MAN-000098
TEL-00001409,VEH-0125,2026-01-05T12:18:00,13.040091,77.59317,22,MOVING,MAN-000098
TEL-00001410,VEH-0125,2026-01-05T12:25:00,13.050239,77.565972,0,STOPPED,MAN-000098
TEL-00001411,VEH-0125,2026-01-05T12:36:00,13.050781,77.565684,21,MOVING,MAN-000098
TEL-00001412,VEH-0125,2026-01-05T12:41:00,13.050414,77.567951,22,MOVING,MAN-000098
TEL-00001413,VEH-0125,2026-01-05T12:50:00,13.050239,77.565972,0,STOPPED,MAN-000098
TEL-00001414,VEH-0125,2026-01-05T13:02:00,13.015246,77.598154,19,MOVING,MAN-000098
TEL-00001415,VEH-0125,2026-01-05T13:15:00,12.97981,77.627961,19,MOVING,MAN-000098
TEL-00001416,VEH-0125,2026-01-05T13:27:00,12.943868,77.660963,0,STOPPED,MAN-000098
TEL-00001417,VEH-0125,2026-01-05T13:42:00,12.942825,77.66273,18,MOVING,MAN-000098
TEL-00001418,VEH-0125,2026-01-05T13:54:00,12.944073,77.660873,28,MOVING,MAN-000098
TEL-00001419,VEH-0125,2026-01-05T14:03:00,12.943868,77.660963,0,STOPPED,MAN-000098
TEL-00001420,VEH-0125,2026-01-05T14:10:00,12.960396,77.676687,29,MOVING,MAN-000098
TEL-00001421,VEH-0125,2026-01-05T14:18:00,12.979192,77.695956,18,MOVING,MAN-000098
TEL-00001422,VEH-0125,2026-01-05T14:23:00,12.996288,77.711652,0,STOPPED,MAN-000098
TEL-00001423,VEH-0125,2026-01-05T14:32:00,12.99725,77.710185,30,MOVING,MAN-000098
TEL-00001424,VEH-0125,2026-01-05T14:39:00,12.995576,77.712278,36,MOVING,MAN-000098
TEL-00001425,VEH-0125,2026-01-05T14:44:00,12.996288,77.711652,0,STOPPED,MAN-000098
TEL-00001426,VEH-0125,2026-01-05T14:51:00,12.970966,77.72838,30,MOVING,MAN-000098
TEL-00001427,VEH-0125,2026-01-05T15:02:00,12.94367,77.7478,29,MOVING,MAN-000098
TEL-00001428,VEH-0125,2026-01-05T15:10:00,12.917704,77.765902,0,STOPPED,MAN-000098
TEL-00001429,VEH-0125,2026-01-05T15:17:00,12.918791,77.765201,30,MOVING,MAN-000098
TEL-00001430,VEH-0125,2026-01-05T15:27:00,12.917593,77.765842,22,MOVING,MAN-000098
TEL-00001431,VEH-0125,2026-01-05T15:38:00,12.917704,77.765902,0,STOPPED,MAN-000098
TEL-00001432,VEH-0125,2026-01-05T16:06:00,12.998696,77.677899,25,MOVING,MAN-000098
TEL-00001433,VEH-0125,2026-01-05T16:34:00,13.076538,77.594417,27,MOVING,MAN-000098
TEL-00001434,VEH-0125,2026-01-05T17:02:00,13.155987,77.507277,0,STOPPED,MAN-000098
TEL-00001435,VEH-0125,2026-01-05T17:34:00,13.157852,77.506067,24,MOVING,MAN-000098
TEL-00001436,VEH-0125,2026-01-05T18:03:00,13.156127,77.506274,27,MOVING,MAN-000098
TEL-00001437,VEH-0125,2026-01-05T18:28:00,13.155987,77.507277,0,STOPPED,MAN-000098
TEL-00001438,VEH-0125,2026-01-05T18:48:00,13.094226,77.564419,32,MOVING,MAN-000098
TEL-00001439,VEH-0125,2026-01-05T19:08:00,13.031443,77.621141,32,MOVING,MAN-000098
TEL-00001440,VEH-0125,2026-01-05T19:34:00,12.967789,77.680648,0,STOPPED,MAN-000098
TEL-00001441,VEH-0125,2026-01-05T19:55:00,12.965933,77.679377,30,MOVING,MAN-000098
TEL-00001442,VEH-0125,2026-01-05T20:17:00,12.969728,77.679475,26,MOVING,MAN-000098
TEL-00001443,VEH-0125,2026-01-05T20:35:00,12.967789,77.680648,0,STOPPED,MAN-000098
TEL-00001444,VEH-0125,2026-01-05T20:45:00,12.967789,77.680648,0,DELIVERED,MAN-000098
TEL-00001445,VEH-0050,2026-01-05T12:00:00,13.020592,77.644435,0,IDLE,MAN-000099
TEL-00001446,VEH-0050,2026-01-05T12:04:00,13.018971,77.64871,26,MOVING,MAN-000099
TEL-00001447,VEH-0050,2026-01-05T12:05:00,13.021251,77.65113,31,MOVING,MAN-000099
TEL-00001448,VEH-0050,2026-01-05T12:06:00,13.018978,77.652775,0,STOPPED,MAN-000099
TEL-00001449,VEH-0050,2026-01-05T12:10:00,13.019475,77.65119,30,MOVING,MAN-000099
TEL-00001450,VEH-0050,2026-01-05T12:07:00,13.017152,77.653989,20,MOVING,MAN-000099
TEL-00001451,VEH-0050,2026-01-05T12:09:00,13.018978,77.652775,0,STOPPED,MAN-000099
TEL-00001452,VEH-0050,2026-01-05T12:27:00,12.968447,77.665677,32,MOVING,MAN-000099
TEL-00001453,VEH-0050,2026-01-05T12:38:00,12.917092,77.681141,31,MOVING,MAN-000099
TEL-00001454,VEH-0050,2026-01-05T12:52:00,12.863208,77.696789,0,STOPPED,MAN-000099
TEL-00001455,VEH-0050,2026-01-05T13:10:00,12.864033,77.695992,21,MOVING,MAN-000099
TEL-00001456,VEH-0050,2026-01-05T13:22:00,12.862805,77.698719,18,MOVING,MAN-000099
TEL-00001457,VEH-0050,2026-01-05T13:36:00,12.863208,77.696789,0,STOPPED,MAN-000099
TEL-00001458,VEH-0050,2026-01-05T14:00:00,12.959494,77.687252,21,MOVING,MAN-000099
TEL-00001459,VEH-0050,2026-01-05T14:29:00,13.06009,77.676438,31,MOVING,MAN-000099
TEL-00001460,VEH-0050,2026-01-05T14:53:00,13.156719,77.664084,0,STOPPED,MAN-000099
TEL-00001461,VEH-0050,2026-01-05T15:19:00,13.157554,77.665551,29,MOVING,MAN-000099
TEL-00001462,VEH-0050,2026-01-05T15:42:00,13.158176,77.665843,35,MOVING,MAN-000099
TEL-00001463,VEH-0050,2026-01-05T16:10:00,13.156719,77.664084,0,STOPPED,MAN-000099
TEL-00001464,VEH-0050,2026-01-05T16:16:00,13.136217,77.666185,34,MOVING,MAN-000099
TEL-00001465,VEH-0050,2026-01-05T16:24:00,13.116744,77.668717,19,MOVING,MAN-000099
TEL-00001466,VEH-0050,2026-01-05T16:28:00,13.097917,77.672032,0,STOPPED,MAN-000099
TEL-00001467,VEH-0050,2026-01-05T16:35:00,13.097723,77.670227,24,MOVING,MAN-000099
TEL-00001468,VEH-0050,2026-01-05T16:42:00,13.096919,77.672117,26,MOVING,MAN-000099
TEL-00001469,VEH-0050,2026-01-05T16:44:00,13.097917,77.672032,0,STOPPED,MAN-000099
TEL-00001470,VEH-0050,2026-01-05T17:08:00,13.019215,77.623161,20,MOVING,MAN-000099
TEL-00001471,VEH-0050,2026-01-05T17:30:00,12.941053,77.57599,25,MOVING,MAN-000099
TEL-00001472,VEH-0050,2026-01-05T17:56:00,12.860417,77.530341,0,STOPPED,MAN-000099
TEL-00001473,VEH-0050,2026-01-05T18:20:00,12.860612,77.530071,36,MOVING,MAN-000099
TEL-00001474,VEH-0050,2026-01-05T18:41:00,12.862396,77.528603,27,MOVING,MAN-000099
TEL-00001475,VEH-0050,2026-01-05T19:07:00,12.860417,77.530341,0,STOPPED,MAN-000099
TEL-00001476,VEH-0050,2026-01-05T19:17:00,12.867081,77.551761,34,MOVING,MAN-000099
TEL-00001477,VEH-0050,2026-01-05T19:17:00,12.873663,77.569626,23,MOVING,MAN-000099
TEL-00001478,VEH-0050,2026-01-05T19:23:00,12.880108,77.590886,0,STOPPED,MAN-000099
TEL-00001479,VEH-0050,2026-01-05T19:33:00,12.880215,77.589368,23,MOVING,MAN-000099
TEL-00001480,VEH-0050,2026-01-05T19:35:00,12.881118,77.590818,23,MOVING,MAN-000099
TEL-00001481,VEH-0050,2026-01-05T19:43:00,12.880108,77.590886,0,STOPPED,MAN-000099
TEL-00001482,VEH-0050,2026-01-05T19:53:00,12.880108,77.590886,0,DELIVERED,MAN-000099
TEL-00001483,VEH-0150,2026-01-05T12:00:00,13.020592,77.644435,0,IDLE,MAN-000100
TEL-00001484,VEH-0150,2026-01-05T12:17:00,12.974577,77.590115,34,MOVING,MAN-000100
TEL-00001485,VEH-0150,2026-01-05T12:35:00,12.926392,77.534887,36,MOVING,MAN-000100
TEL-00001486,VEH-0150,2026-01-05T12:51:00,12.880986,77.482765,0,STOPPED,MAN-000100
TEL-00001487,VEH-0150,2026-01-05T13:08:00,12.880759,77.484417,26,MOVING,MAN-000100
TEL-00001488,VEH-0150,2026-01-05T13:30:00,12.882797,77.482178,21,MOVING,MAN-000100
TEL-00001489,VEH-0150,2026-01-05T13:42:00,12.880986,77.482765,0,STOPPED,MAN-000100
TEL-00001490,VEH-0150,2026-01-05T14:02:00,12.913896,77.556287,29,MOVING,MAN-000100
TEL-00001491,VEH-0150,2026-01-05T14:20:00,12.944762,77.62936,35,MOVING,MAN-000100
TEL-00001492,VEH-0150,2026-01-05T14:44:00,12.974714,77.70278,0,STOPPED,MAN-000100
TEL-00001493,VEH-0150,2026-01-05T15:03:00,12.975502,77.702248,25,MOVING,MAN-000100
TEL-00001494,VEH-0150,2026-01-05T15:24:00,12.973482,77.704349,18,MOVING,MAN-000100
TEL-00001495,VEH-0150,2026-01-05T15:45:00,12.974714,77.70278,0,STOPPED,MAN-000100
TEL-00001496,VEH-0150,2026-01-05T15:55:00,12.986416,77.72695,25,MOVING,MAN-000100
TEL-00001497,VEH-0150,2026-01-05T16:00:00,12.998879,77.750589,21,MOVING,MAN-000100
TEL-00001498,VEH-0150,2026-01-05T16:08:00,13.011557,77.772253,0,STOPPED,MAN-000100
TEL-00001499,VEH-0150,2026-01-05T16:19:00,13.011602,77.773119,22,MOVING,MAN-000100
TEL-00001500,VEH-0150,2026-01-05T16:24:00,13.009738,77.772409,21,MOVING,MAN-000100
TEL-00001501,VEH-0150,2026-01-05T16:31:00,13.011557,77.772253,0,STOPPED,MAN-000100
TEL-00001502,VEH-0150,2026-01-05T16:56:00,13.073011,77.703972,26,MOVING,MAN-000100
TEL-00001503,VEH-0150,2026-01-05T17:16:00,13.135337,77.634981,34,MOVING,MAN-000100
TEL-00001504,VEH-0150,2026-01-05T17:42:00,13.199207,77.569063,0,STOPPED,MAN-000100
TEL-00001505,VEH-0150,2026-01-05T18:04:00,13.200639,77.567426,18,MOVING,MAN-000100
TEL-00001506,VEH-0150,2026-01-05T18:28:00,13.200242,77.570655,28,MOVING,MAN-000100
TEL-00001507,VEH-0150,2026-01-05T18:52:00,13.199207,77.569063,0,STOPPED,MAN-000100
TEL-00001508,VEH-0150,2026-01-05T19:19:00,13.139363,77.648173,23,MOVING,MAN-000100
TEL-00001509,VEH-0150,2026-01-05T19:43:00,13.082818,77.72842,34,MOVING,MAN-000100
TEL-00001510,VEH-0150,2026-01-05T20:07:00,13.025569,77.810208,0,STOPPED,MAN-000100
TEL-00001511,VEH-0150,2026-01-05T20:35:00,13.025958,77.810284,25,MOVING,MAN-000100
TEL-00001512,VEH-0150,2026-01-05T20:58:00,13.027424,77.810578,31,MOVING,MAN-000100
TEL-00001513,VEH-0150,2026-01-05T21:18:00,13.025569,77.810208,0,STOPPED,MAN-000100
TEL-00001514,VEH-0150,2026-01-05T21:45:00,13.025641,77.70889,36,MOVING,MAN-000100
TEL-00001515,VEH-0150,2026-01-05T22:08:00,13.021883,77.604837,37,MOVING,MAN-000100
TEL-00001516,VEH-0150,2026-01-05T22:31:00,13.021112,77.503125,0,STOPPED,MAN-000100
TEL-00001517,VEH-0150,2026-01-05T22:56:00,13.020913,77.504008,23,MOVING,MAN-000100
TEL-00001518,VEH-0150,2026-01-05T23:24:00,13.02247,77.503775,31,MOVING,MAN-000100
TEL-00001519,VEH-0150,2026-01-05T23:44:00,13.021112,77.503125,0,STOPPED,MAN-000100
TEL-00001520,VEH-0150,2026-01-05T23:54:00,13.021112,77.503125,0,DELIVERED,MAN-000100
TEL-00001521,VEH-0076,2026-02-05T12:00:00,13.278607,77.759931,0,IDLE,MAN-000101
TEL-00001522,VEH-0076,2026-02-05T12:12:00,13.321013,77.773475,27,MOVING,MAN-000101
TEL-00001523,VEH-0076,2026-02-05T12:25:00,13.365153,77.786731,18,MOVING,MAN-000101
TEL-00001524,VEH-0076,2026-02-05T12:35:00,13.408913,77.80074,0,STOPPED,MAN-000101
TEL-00001525,VEH-0076,2026-02-05T12:53:00,13.35038,77.820187,35,MOVING,MAN-000101
TEL-00001526,VEH-0076,2026-02-05T13:05:00,13.291603,77.843195,34,MOVING,MAN-000101
TEL-00001527,VEH-0076,2026-02-05T13:20:00,13.234872,77.861664,0,STOPPED,MAN-000101
TEL-00001528,VEH-0076,2026-02-05T13:42:00,13.199696,77.783198,35,MOVING,MAN-000101
TEL-00001529,VEH-0076,2026-02-05T14:03:00,13.162096,77.703332,26,MOVING,MAN-000101
TEL-00001530,VEH-0076,2026-02-05T14:25:00,13.125661,77.624954,0,STOPPED,MAN-000101
TEL-00001531,VEH-0076,2026-02-05T14:47:00,13.119283,77.703804,31,MOVING,MAN-000101
TEL-00001532,VEH-0076,2026-02-05T15:04:00,13.112375,77.782974,36,MOVING,MAN-000101
TEL-00001533,VEH-0076,2026-02-05T15:26:00,13.102801,77.861035,0,STOPPED,MAN-000101
TEL-00001534,VEH-0076,2026-02-05T15:44:00,13.168699,77.835544,18,MOVING,MAN-000101
TEL-00001535,VEH-0076,2026-02-05T16:00:00,13.2305,77.805534,21,MOVING,MAN-000101
TEL-00001536,VEH-0076,2026-02-05T16:19:00,13.29692,77.78069,0,STOPPED,MAN-000101
TEL-00001537,VEH-0076,2026-02-05T16:39:00,13.240831,77.7154,18,MOVING,MAN-000101
TEL-00001538,VEH-0076,2026-02-05T17:04:00,13.18293,77.650139,28,MOVING,MAN-000101
TEL-00001539,VEH-0076,2026-02-05T17:25:00,13.128155,77.587492,0,STOPPED,MAN-000101
TEL-00001540,VEH-0076,2026-02-05T17:35:00,13.128155,77.587492,0,DELIVERED,MAN-000101
TEL-00001541,VEH-0076,2026-02-05T12:00:00,13.278607,77.759931,0,IDLE,MAN-000103
TEL-00001542,VEH-0076,2026-02-05T12:03:00,13.283027,77.770043,26,MOVING,MAN-000103
TEL-00001543,VEH-0076,2026-02-05T12:07:00,13.287561,77.775299,21,MOVING,MAN-000103
TEL-00001544,VEH-0076,2026-02-05T12:11:00,13.291689,77.785895,0,STOPPED,MAN-000103
TEL-00001545,VEH-0076,2026-02-05T12:21:00,13.333317,77.796677,34,MOVING,MAN-000103
TEL-00001546,VEH-0076,2026-02-05T12:33:00,13.373377,77.808313,26,MOVING,MAN-000103
TEL-00001547,VEH-0076,2026-02-05T12:42:00,13.413368,77.820393,0,STOPPED,MAN-000103
TEL-00001548,VEH-0076,2026-02-05T13:09:00,13.318291,77.763071,24,MOVING,MAN-000103
TEL-00001549,VEH-0076,2026-02-05T13:36:00,13.223789,77.701058,24,MOVING,MAN-000103
TEL-00001550,VEH-0076,2026-02-05T14:03:00,13.129951,77.642695,0,STOPPED,MAN-000103
TEL-00001551,VEH-0076,2026-02-05T14:15:00,13.135394,77.684805,26,MOVING,MAN-000103
TEL-00001552,VEH-0076,2026-02-05T14:26:00,13.146134,77.725045,37,MOVING,MAN-000103
TEL-00001553,VEH-0076,2026-02-05T14:33:00,13.151598,77.764509,0,STOPPED,MAN-000103
TEL-00001554,VEH-0076,2026-02-05T15:00:00,13.254581,77.753192,34,MOVING,MAN-000103
TEL-00001555,VEH-0076,2026-02-05T15:27:00,13.355875,77.741978,33,MOVING,MAN-000103
TEL-00001556,VEH-0076,2026-02-05T15:51:00,13.457837,77.732198,0,STOPPED,MAN-000103
TEL-00001557,VEH-0076,2026-02-05T16:21:00,13.355903,77.680318,28,MOVING,MAN-000103
TEL-00001558,VEH-0076,2026-02-05T16:47:00,13.257304,77.63121,29,MOVING,MAN-000103
TEL-00001559,VEH-0076,2026-02-05T17:14:00,13.154594,77.580855,0,STOPPED,MAN-000103
TEL-00001560,VEH-0076,2026-02-05T17:24:00,13.154594,77.580855,0,DELIVERED,MAN-000103
TEL-00001561,VEH-0027,2026-02-05T12:00:00,12.111967,76.609749,0,IDLE,MAN-000105
TEL-00001562,VEH-0027,2026-02-05T12:15:00,12.057398,76.613884,30,MOVING,MAN-000105
TEL-00001563,VEH-0027,2026-02-05T12:27:00,12.00331,76.618585,24,MOVING,MAN-000105
TEL-00001564,VEH-0027,2026-02-05T12:42:00,11.951184,76.620292,0,STOPPED,MAN-000105
TEL-00001565,VEH-0027,2026-02-05T12:58:00,11.950774,76.621663,31,MOVING,MAN-000105
TEL-00001566,VEH-0027,2026-02-05T13:11:00,11.951718,76.621964,25,MOVING,MAN-000105
TEL-00001567,VEH-0027,2026-02-05T13:21:00,11.951184,76.620292,0,STOPPED,MAN-000105
TEL-00001568,VEH-0027,2026-02-05T13:31:00,11.963257,76.590526,18,MOVING,MAN-000105
TEL-00001569,VEH-0027,2026-02-05T13:39:00,11.971835,76.565747,30,MOVING,MAN-000105
TEL-00001570,VEH-0027,2026-02-05T13:43:00,11.983831,76.536295,0,STOPPED,MAN-000105
TEL-00001571,VEH-0027,2026-02-05T13:50:00,11.985431,76.535567,31,MOVING,MAN-000105
TEL-00001572,VEH-0027,2026-02-05T14:01:00,11.982252,76.537115,28,MOVING,MAN-000105
TEL-00001573,VEH-0027,2026-02-05T14:07:00,11.983831,76.536295,0,STOPPED,MAN-000105
TEL-00001574,VEH-0027,2026-02-05T14:30:00,12.060239,76.576019,30,MOVING,MAN-000105
TEL-00001575,VEH-0027,2026-02-05T14:52:00,12.136792,76.613847,20,MOVING,MAN-000105
TEL-00001576,VEH-0027,2026-02-05T15:13:00,12.210284,76.652631,0,STOPPED,MAN-000105
TEL-00001577,VEH-0027,2026-02-05T15:38:00,12.209515,76.65195,20,MOVING,MAN-000105
TEL-00001578,VEH-0027,2026-02-05T15:57:00,12.21026,76.650977,20,MOVING,MAN-000105
TEL-00001579,VEH-0027,2026-02-05T16:18:00,12.210284,76.652631,0,STOPPED,MAN-000105
TEL-00001580,VEH-0027,2026-02-05T16:23:00,12.228323,76.64478,29,MOVING,MAN-000105
TEL-00001581,VEH-0027,2026-02-05T16:28:00,12.244314,76.635408,18,MOVING,MAN-000105
TEL-00001582,VEH-0027,2026-02-05T16:33:00,12.261356,76.62791,0,STOPPED,MAN-000105
TEL-00001583,VEH-0027,2026-02-05T16:40:00,12.260981,76.627749,27,MOVING,MAN-000105
TEL-00001584,VEH-0027,2026-02-05T16:45:00,12.26132,76.628273,23,MOVING,MAN-000105
TEL-00001585,VEH-0027,2026-02-05T16:49:00,12.261356,76.62791,0,STOPPED,MAN-000105
TEL-00001586,VEH-0027,2026-02-05T16:54:00,12.25141,76.631939,31,MOVING,MAN-000105
TEL-00001587,VEH-0027,2026-02-05T16:53:00,12.242971,76.638681,33,MOVING,MAN-000105
TEL-00001588,VEH-0027,2026-02-05T16:57:00,12.234343,76.645853,0,STOPPED,MAN-000105
TEL-00001589,VEH-0027,2026-02-05T17:04:00,12.234855,76.644116,24,MOVING,MAN-000105
TEL-00001590,VEH-0027,2026-02-05T17:03:00,12.234442,76.647,21,MOVING,MAN-000105
TEL-00001591,VEH-0027,2026-02-05T17:07:00,12.234343,76.645853,0,STOPPED,MAN-000105
TEL-00001592,VEH-0027,2026-02-05T17:18:00,12.210758,76.670869,24,MOVING,MAN-000105
TEL-00001593,VEH-0027,2026-02-05T17:23:00,12.189391,76.697162,18,MOVING,MAN-000105
TEL-00001594,VEH-0027,2026-02-05T17:35:00,12.167961,76.722494,0,STOPPED,MAN-000105
TEL-00001595,VEH-0027,2026-02-05T17:48:00,12.166182,76.723247,20,MOVING,MAN-000105
TEL-00001596,VEH-0027,2026-02-05T17:53:00,12.166887,76.722816,20,MOVING,MAN-000105
TEL-00001597,VEH-0027,2026-02-05T18:01:00,12.167961,76.722494,0,STOPPED,MAN-000105
TEL-00001598,VEH-0027,2026-02-05T18:11:00,12.167961,76.722494,0,DELIVERED,MAN-000105
TEL-00001599,VEH-0102,2026-02-05T12:00:00,12.111967,76.609749,0,IDLE,MAN-000106
TEL-00001600,VEH-0102,2026-02-05T12:11:00,12.129426,76.582343,28,MOVING,MAN-000106
TEL-00001601,VEH-0102,2026-02-05T12:16:00,12.151428,76.551152,18,MOVING,MAN-000106
TEL-00001602,VEH-0102,2026-02-05T12:28:00,12.169732,76.524413,0,STOPPED,MAN-000106
TEL-00001603,VEH-0102,2026-02-05T12:40:00,12.170105,76.523992,21,MOVING,MAN-000106
TEL-00001604,VEH-0102,2026-02-05T12:44:00,12.170139,76.523596,37,MOVING,MAN-000106
TEL-00001605,VEH-0102,2026-02-05T12:57:00,12.169732,76.524413,0,STOPPED,MAN-000106
TEL-00001606,VEH-0102,2026-02-05T13:03:00,12.178106,76.533372,36,MOVING,MAN-000106
TEL-00001607,VEH-0102,2026-02-05T13:02:00,12.187585,76.54321,26,MOVING,MAN-000106
TEL-00001608,VEH-0102,2026-02-05T13:10:00,12.193984,76.550132,0,STOPPED,MAN-000106
TEL-00001609,VEH-0102,2026-02-05T13:13:00,12.195051,76.551922,24,MOVING,MAN-000106
TEL-00001610,VEH-0102,2026-02-05T13:17:00,12.19505,76.551652,19,MOVING,MAN-000106
TEL-00001611,VEH-0102,2026-02-05T13:19:00,12.193984,76.550132,0,STOPPED,MAN-000106
TEL-00001612,VEH-0102,2026-02-05T13:36:00,12.149963,76.593306,37,MOVING,MAN-000106
TEL-00001613,VEH-0102,2026-02-05T13:49:00,12.11068,76.640287,27,MOVING,MAN-000106
TEL-00001614,VEH-0102,2026-02-05T14:03:00,12.067484,76.684396,0,STOPPED,MAN-000106
TEL-00001615,VEH-0102,2026-02-05T14:21:00,12.06646,76.683075,22,MOVING,MAN-000106
TEL-00001616,VEH-0102,2026-02-05T14:33:00,12.06917,76.682873,31,MOVING,MAN-000106
TEL-00001617,VEH-0102,2026-02-05T14:47:00,12.067484,76.684396,0,STOPPED,MAN-000106
TEL-00001618,VEH-0102,2026-02-05T15:14:00,12.127483,76.615506,22,MOVING,MAN-000106
TEL-00001619,VEH-0102,2026-02-05T15:32:00,12.190899,76.54685,25,MOVING,MAN-000106
TEL-00001620,VEH-0102,2026-02-05T15:56:00,12.25058,76.480988,0,STOPPED,MAN-000106
TEL-00001621,VEH-0102,2026-02-05T16:20:00,12.25048,76.480038,36,MOVING,MAN-000106
TEL-00001622,VEH-0102,2026-02-05T16:45:00,12.250487,76.481366,26,MOVING,MAN-000106
TEL-00001623,VEH-0102,2026-02-05T17:04:00,12.25058,76.480988,0,STOPPED,MAN-000106
TEL-00001624,VEH-0102,2026-02-05T17:08:00,12.240904,76.486069,27,MOVING,MAN-000106
TEL-00001625,VEH-0102,2026-02-05T17:09:00,12.232334,76.492652,30,MOVING,MAN-000106
TEL-00001626,VEH-0102,2026-02-05T17:16:00,12.222885,76.501199,0,STOPPED,MAN-000106
TEL-00001627,VEH-0102,2026-02-05T17:21:00,12.223265,76.501182,18,MOVING,MAN-000106
TEL-00001628,VEH-0102,2026-02-05T17:25:00,12.221759,76.501566,36,MOVING,MAN-000106
TEL-00001629,VEH-0102,2026-02-05T17:26:00,12.222885,76.501199,0,STOPPED,MAN-000106
TEL-00001630,VEH-0102,2026-02-05T17:43:00,12.165263,76.545587,27,MOVING,MAN-000106
TEL-00001631,VEH-0102,2026-02-05T18:03:00,12.111129,76.59121,34,MOVING,MAN-000106
TEL-00001632,VEH-0102,2026-02-05T18:22:00,12.052485,76.633838,0,STOPPED,MAN-000106
TEL-00001633,VEH-0102,2026-02-05T18:39:00,12.053588,76.632505,36,MOVING,MAN-000106
TEL-00001634,VEH-0102,2026-02-05T19:00:00,12.053582,76.63559,19,MOVING,MAN-000106
TEL-00001635,VEH-0102,2026-02-05T19:14:00,12.052485,76.633838,0,STOPPED,MAN-000106
TEL-00001636,VEH-0102,2026-02-05T19:24:00,12.052485,76.633838,0,DELIVERED,MAN-000106
TEL-00001637,VEH-0002,2026-02-05T12:00:00,12.111967,76.609749,0,IDLE,MAN-000108
TEL-00001638,VEH-0002,2026-02-05T12:13:00,12.154764,76.574199,26,MOVING,MAN-000108
TEL-00001639,VEH-0002,2026-02-05T12:28:00,12.200423,76.542555,23,MOVING,MAN-000108
TEL-00001640,VEH-0002,2026-02-05T12:44:00,12.244607,76.508871,0,STOPPED,MAN-000108
TEL-00001641,VEH-0002,2026-02-05T12:59:00,12.243343,76.510109,24,MOVING,MAN-000108
TEL-00001642,VEH-0002,2026-02-05T13:13:00,12.245293,76.508349,31,MOVING,MAN-000108
TEL-00001643,VEH-0002,2026-02-05T13:27:00,12.244607,76.508871,0,STOPPED,MAN-000108
TEL-00001644,VEH-0002,2026-02-05T13:49:00,12.171106,76.535077,23,MOVING,MAN-000108
TEL-00001645,VEH-0002,2026-02-05T14:08:00,12.097089,76.56411,28,MOVING,MAN-000108
TEL-00001646,VEH-0002,2026-02-05T14:24:00,12.026111,76.590971,0,STOPPED,MAN-000108
TEL-00001647,VEH-0002,2026-02-05T14:43:00,12.024356,76.590106,23,MOVING,MAN-000108
TEL-00001648,VEH-0002,2026-02-05T15:06:00,12.025086,76.592431,23,MOVING,MAN-000108
TEL-00001649,VEH-0002,2026-02-05T15:21:00,12.026111,76.590971,0,STOPPED,MAN-000108
TEL-00001650,VEH-0002,2026-02-05T15:41:00,12.081733,76.537071,27,MOVING,MAN-000108
TEL-00001651,VEH-0002,2026-02-05T15:57:00,12.139322,76.484574,31,MOVING,MAN-000108
TEL-00001652,VEH-0002,2026-02-05T16:16:00,12.194421,76.433211,0,STOPPED,MAN-000108
TEL-00001653,VEH-0002,2026-02-05T16:36:00,12.194969,76.433324,30,MOVING,MAN-000108
TEL-00001654,VEH-0002,2026-02-05T16:56:00,12.196261,76.432607,18,MOVING,MAN-000108
TEL-00001655,VEH-0002,2026-02-05T17:14:00,12.194421,76.433211,0,STOPPED,MAN-000108
TEL-00001656,VEH-0002,2026-02-05T17:31:00,12.180822,76.502359,29,MOVING,MAN-000108
TEL-00001657,VEH-0002,2026-02-05T17:48:00,12.167128,76.572248,31,MOVING,MAN-000108
TEL-00001658,VEH-0002,2026-02-05T18:05:00,12.152537,76.638926,0,STOPPED,MAN-000108
TEL-00001659,VEH-0002,2026-02-05T18:21:00,12.151603,76.64018,21,MOVING,MAN-000108
TEL-00001660,VEH-0002,2026-02-05T18:38:00,12.150773,76.637168,18,MOVING,MAN-000108
TEL-00001661,VEH-0002,2026-02-05T18:57:00,12.152537,76.638926,0,STOPPED,MAN-000108
TEL-00001662,VEH-0002,2026-02-05T19:13:00,12.126833,76.584886,30,MOVING,MAN-000108
TEL-00001663,VEH-0002,2026-02-05T19:26:00,12.098477,76.535234,29,MOVING,MAN-000108
TEL-00001664,VEH-0002,2026-02-05T19:40:00,12.070386,76.482706,0,STOPPED,MAN-000108
TEL-00001665,VEH-0002,2026-02-05T19:58:00,12.069896,76.482063,30,MOVING,MAN-000108
TEL-00001666,VEH-0002,2026-02-05T20:10:00,12.069857,76.481253,26,MOVING,MAN-000108
TEL-00001667,VEH-0002,2026-02-05T20:25:00,12.070386,76.482706,0,STOPPED,MAN-000108
TEL-00001668,VEH-0002,2026-02-05T20:45:00,12.056295,76.559279,33,MOVING,MAN-000108
TEL-00001669,VEH-0002,2026-02-05T21:03:00,12.041394,76.636917,18,MOVING,MAN-000108
TEL-00001670,VEH-0002,2026-02-05T21:23:00,12.027927,76.714024,0,STOPPED,MAN-000108
TEL-00001671,VEH-0002,2026-02-05T21:43:00,12.029497,76.713748,18,MOVING,MAN-000108
TEL-00001672,VEH-0002,2026-02-05T22:02:00,12.027836,76.715962,24,MOVING,MAN-000108
TEL-00001673,VEH-0002,2026-02-05T22:24:00,12.027927,76.714024,0,STOPPED,MAN-000108
TEL-00001674,VEH-0002,2026-02-05T22:34:00,12.027927,76.714024,0,DELIVERED,MAN-000108
TEL-00001675,VEH-0053,2026-02-05T12:00:00,13.318364,76.902662,0,IDLE,MAN-000110
TEL-00001676,VEH-0053,2026-02-05T12:08:00,13.337697,76.921147,24,MOVING,MAN-000110
TEL-00001677,VEH-0053,2026-02-05T12:16:00,13.355529,76.936238,30,MOVING,MAN-000110
TEL-00001678,VEH-0053,2026-02-05T12:21:00,13.37205,76.954128,0,STOPPED,MAN-000110
TEL-00001679,VEH-0053,2026-02-05T12:27:00,13.37274,76.954729,37,MOVING,MAN-000110
TEL-00001680,VEH-0053,2026-02-05T12:36:00,13.37314,76.954544,27,MOVING,MAN-000110
TEL-00001681,VEH-0053,2026-02-05T12:41:00,13.37205,76.954128,0,STOPPED,MAN-000110
TEL-00001682,VEH-0053,2026-02-05T12:50:00,13.340638,76.930529,33,MOVING,MAN-000110
TEL-00001683,VEH-0053,2026-02-05T12:59:00,13.311758,76.907407,20,MOVING,MAN-000110
TEL-00001684,VEH-0053,2026-02-05T13:11:00,13.279713,76.883791,0,STOPPED,MAN-000110
TEL-00001685,VEH-0053,2026-02-05T13:25:00,13.278864,76.885536,18,MOVING,MAN-000110
TEL-00001686,VEH-0053,2026-02-05T13:31:00,13.278896,76.885236,35,MOVING,MAN-000110
TEL-00001687,VEH-0053,2026-02-05T13:41:00,13.279713,76.883791,0,STOPPED,MAN-000110
TEL-00001688,VEH-0053,2026-02-05T14:01:00,13.347987,76.913354,32,MOVING,MAN-000110
TEL-00001689,VEH-0053,2026-02-05T14:20:00,13.417619,76.940459,35,MOVING,MAN-000110
TEL-00001690,VEH-0053,2026-02-05T14:39:00,13.486669,76.966816,0,STOPPED,MAN-000110
TEL-00001691,VEH-0053,2026-02-05T15:02:00,13.487323,76.965405,28,MOVING,MAN-000110
TEL-00001692,VEH-0053,2026-02-05T15:18:00,13.485595,76.965774,29,MOVING,MAN-000110
TEL-00001693,VEH-0053,2026-02-05T15:36:00,13.486669,76.966816,0,STOPPED,MAN-000110
TEL-00001694,VEH-0053,2026-02-05T16:03:00,13.381351,76.987096,30,MOVING,MAN-000110
TEL-00001695,VEH-0053,2026-02-05T16:31:00,13.279728,77.00432,22,MOVING,MAN-000110
TEL-00001696,VEH-0053,2026-02-05T16:53:00,13.174595,77.022936,0,STOPPED,MAN-000110
TEL-00001697,VEH-0053,2026-02-05T17:19:00,13.174206,77.022572,23,MOVING,MAN-000110
TEL-00001698,VEH-0053,2026-02-05T17:44:00,13.173757,77.024566,23,MOVING,MAN-000110
TEL-00001699,VEH-0053,2026-02-05T18:10:00,13.174595,77.022936,0,STOPPED,MAN-000110
TEL-00001700,VEH-0053,2026-02-05T18:28:00,13.221081,76.984287,37,MOVING,MAN-000110
TEL-00001701,VEH-0053,2026-02-05T18:38:00,13.265964,76.944965,26,MOVING,MAN-000110
TEL-00001702,VEH-0053,2026-02-05T18:57:00,13.309301,76.904724,0,STOPPED,MAN-000110
TEL-00001703,VEH-0053,2026-02-05T19:15:00,13.307939,76.903979,22,MOVING,MAN-000110
TEL-00001704,VEH-0053,2026-02-05T19:26:00,13.308575,76.904752,24,MOVING,MAN-000110
TEL-00001705,VEH-0053,2026-02-05T19:41:00,13.309301,76.904724,0,STOPPED,MAN-000110
TEL-00001706,VEH-0053,2026-02-05T19:48:00,13.305392,76.881299,36,MOVING,MAN-000110
TEL-00001707,VEH-0053,2026-02-05T19:56:00,13.303531,76.854516,35,MOVING,MAN-000110
TEL-00001708,VEH-0053,2026-02-05T19:59:00,13.302632,76.831589,0,STOPPED,MAN-000110
TEL-00001709,VEH-0053,2026-02-05T20:08:00,13.302995,76.832279,36,MOVING,MAN-000110
TEL-00001710,VEH-0053,2026-02-05T20:15:00,13.303434,76.830889,33,MOVING,MAN-000110
TEL-00001711,VEH-0053,2026-02-05T20:20:00,13.302632,76.831589,0,STOPPED,MAN-000110
TEL-00001712,VEH-0053,2026-02-05T20:30:00,13.302632,76.831589,0,DELIVERED,MAN-000110
TEL-00001713,VEH-0129,2026-02-05T12:00:00,12.505032,76.802422,0,IDLE,MAN-000114
TEL-00001714,VEH-0129,2026-02-05T12:08:00,12.521911,76.821895,36,MOVING,MAN-000114
TEL-00001715,VEH-0129,2026-02-05T12:13:00,12.539767,76.842022,37,MOVING,MAN-000114
TEL-00001716,VEH-0129,2026-02-05T12:20:00,12.559751,76.863845,0,STOPPED,MAN-000114
TEL-00001717,VEH-0129,2026-02-05T12:29:00,12.559718,76.861956,36,MOVING,MAN-000114
TEL-00001718,VEH-0129,2026-02-05T12:33:00,12.559493,76.865772,37,MOVING,MAN-000114
TEL-00001719,VEH-0129,2026-02-05T12:42:00,12.559751,76.863845,0,STOPPED,MAN-000114
TEL-00001720,VEH-0129,2026-02-05T12:51:00,12.589842,76.873258,31,MOVING,MAN-000114
TEL-00001721,VEH-0129,2026-02-05T13:02:00,12.620419,76.884412,32,MOVING,MAN-000114
TEL-00001722,VEH-0129,2026-02-05T13:09:00,12.652298,76.892851,0,STOPPED,MAN-000114
TEL-00001723,VEH-0129,2026-02-05T13:19:00,12.651879,76.893658,36,MOVING,MAN-000114
TEL-00001724,VEH-0129,2026-02-05T13:25:00,12.650477,76.891046,34,MOVING,MAN-000114
TEL-00001725,VEH-0129,2026-02-05T13:34:00,12.652298,76.892851,0,STOPPED,MAN-000114
TEL-00001726,VEH-0129,2026-02-05T14:09:00,12.560417,76.806353,27,MOVING,MAN-000114
TEL-00001727,VEH-0129,2026-02-05T14:37:00,12.472445,76.720479,32,MOVING,MAN-000114
TEL-00001728,VEH-0129,2026-02-05T15:08:00,12.38026,76.635442,0,STOPPED,MAN-000114
TEL-00001729,VEH-0129,2026-02-05T15:40:00,12.380451,76.635165,36,MOVING,MAN-000114
TEL-00001730,VEH-0129,2026-02-05T16:13:00,12.381527,76.634117,23,MOVING,MAN-000114
TEL-00001731,VEH-0129,2026-02-05T16:41:00,12.38026,76.635442,0,STOPPED,MAN-000114
TEL-00001732,VEH-0129,2026-02-05T16:56:00,12.394067,76.6874,35,MOVING,MAN-000114
TEL-00001733,VEH-0129,2026-02-05T17:09:00,12.409408,76.740406,34,MOVING,MAN-000114
TEL-00001734,VEH-0129,2026-02-05T17:23:00,12.423851,76.793313,0,STOPPED,MAN-000114
TEL-00001735,VEH-0129,2026-02-05T17:40:00,12.422116,76.794312,27,MOVING,MAN-000114
TEL-00001736,VEH-0129,2026-02-05T17:51:00,12.423922,76.793673,35,MOVING,MAN-000114
TEL-00001737,VEH-0129,2026-02-05T18:03:00,12.423851,76.793313,0,STOPPED,MAN-000114
TEL-00001738,VEH-0129,2026-02-05T18:18:00,12.476139,76.825268,22,MOVING,MAN-000114
TEL-00001739,VEH-0129,2026-02-05T18:37:00,12.526655,76.855397,31,MOVING,MAN-000114
TEL-00001740,VEH-0129,2026-02-05T18:52:00,12.580035,76.886493,0,STOPPED,MAN-000114
TEL-00001741,VEH-0129,2026-02-05T19:06:00,12.579068,76.886823,34,MOVING,MAN-000114
TEL-00001742,VEH-0129,2026-02-05T19:26:00,12.578625,76.884975,22,MOVING,MAN-000114
TEL-00001743,VEH-0129,2026-02-05T19:37:00,12.580035,76.886493,0,STOPPED,MAN-000114
TEL-00001744,VEH-0129,2026-02-05T19:54:00,12.574743,76.821756,27,MOVING,MAN-000114
TEL-00001745,VEH-0129,2026-02-05T20:08:00,12.5696,76.758123,36,MOVING,MAN-000114
TEL-00001746,VEH-0129,2026-02-05T20:22:00,12.566547,76.696545,0,STOPPED,MAN-000114
TEL-00001747,VEH-0129,2026-02-05T20:37:00,12.566606,76.695851,31,MOVING,MAN-000114
TEL-00001748,VEH-0129,2026-02-05T20:54:00,12.567332,76.695659,27,MOVING,MAN-000114
TEL-00001749,VEH-0129,2026-02-05T21:11:00,12.566547,76.696545,0,STOPPED,MAN-000114
TEL-00001750,VEH-0129,2026-02-05T21:21:00,12.566547,76.696545,0,DELIVERED,MAN-000114
TEL-00001751,VEH-0004,2026-02-05T12:00:00,12.505032,76.802422,0,IDLE,MAN-000116
TEL-00001752,VEH-0004,2026-02-05T12:17:00,12.561373,76.792284,21,MOVING,MAN-000116
TEL-00001753,VEH-0004,2026-02-05T12:30:00,12.619939,76.779775,18,MOVING,MAN-000116
TEL-00001754,VEH-0004,2026-02-05T12:45:00,12.67463,76.769892,0,STOPPED,MAN-000116
TEL-00001755,VEH-0004,2026-02-05T12:59:00,12.675223,76.770148,25,MOVING,MAN-000116
TEL-00001756,VEH-0004,2026-02-05T13:17:00,12.675834,76.771833,25,MOVING,MAN-000116
TEL-00001757,VEH-0004,2026-02-05T13:31:00,12.67463,76.769892,0,STOPPED,MAN-000116
TEL-00001758,VEH-0004,2026-02-05T13:49:00,12.609307,76.772252,26,MOVING,MAN-000116
TEL-00001759,VEH-0004,2026-02-05T14:05:00,12.543168,76.773669,18,MOVING,MAN-000116
TEL-00001760,VEH-0004,2026-02-05T14:24:00,12.47573,76.774962,0,STOPPED,MAN-000116
TEL-00001761,VEH-0004,2026-02-05T14:42:00,12.474806,76.773626,32,MOVING,MAN-000116
TEL-00001762,VEH-0004,2026-02-05T14:56:00,12.477623,76.774952,19,MOVING,MAN-000116
TEL-00001763,VEH-0004,2026-02-05T15:13:00,12.47573,76.774962,0,STOPPED,MAN-000116
TEL-00001764,VEH-0004,2026-02-05T15:19:00,12.463538,76.782738,27,MOVING,MAN-000116
TEL-00001765,VEH-0004,2026-02-05T15:21:00,12.456291,76.794847,27,MOVING,MAN-000116
TEL-00001766,VEH-0004,2026-02-05T15:26:00,12.444037,76.802378,0,STOPPED,MAN-000116
TEL-00001767,VEH-0004,2026-02-05T15:30:00,12.443681,76.803639,26,MOVING,MAN-000116
TEL-00001768,VEH-0004,2026-02-05T15:32:00,12.444955,76.801431,22,MOVING,MAN-000116
TEL-00001769,VEH-0004,2026-02-05T15:39:00,12.444037,76.802378,0,STOPPED,MAN-000116
TEL-00001770,VEH-0004,2026-02-05T15:58:00,12.479082,76.863058,20,MOVING,MAN-000116
TEL-00001771,VEH-0004,2026-02-05T16:15:00,12.514386,76.921952,24,MOVING,MAN-000116
TEL-00001772,VEH-0004,2026-02-05T16:29:00,12.552161,76.981742,0,STOPPED,MAN-000116
TEL-00001773,VEH-0004,2026-02-05T16:50:00,12.552542,76.98113,22,MOVING,MAN-000116
TEL-00001774,VEH-0004,2026-02-05T17:02:00,12.550726,76.983401,24,MOVING,MAN-000116
TEL-00001775,VEH-0004,2026-02-05T17:19:00,12.552161,76.981742,0,STOPPED,MAN-000116
TEL-00001776,VEH-0004,2026-02-05T17:41:00,12.494882,76.906632,36,MOVING,MAN-000116
TEL-00001777,VEH-0004,2026-02-05T18:08:00,12.440516,76.833819,23,MOVING,MAN-000116
TEL-00001778,VEH-0004,2026-02-05T18:30:00,12.385105,76.758319,0,STOPPED,MAN-000116
TEL-00001779,VEH-0004,2026-02-05T18:55:00,12.386149,76.756897,27,MOVING,MAN-000116
TEL-00001780,VEH-0004,2026-02-05T19:19:00,12.386395,76.758086,37,MOVING,MAN-000116
TEL-00001781,VEH-0004,2026-02-05T19:37:00,12.385105,76.758319,0,STOPPED,MAN-000116
TEL-00001782,VEH-0004,2026-02-05T20:02:00,12.478287,76.77229,23,MOVING,MAN-000116
TEL-00001783,VEH-0004,2026-02-05T20:27:00,12.573267,76.789759,32,MOVING,MAN-000116
TEL-00001784,VEH-0004,2026-02-05T20:48:00,12.670306,76.803073,0,STOPPED,MAN-000116
TEL-00001785,VEH-0004,2026-02-05T21:11:00,12.672054,76.804308,18,MOVING,MAN-000116
TEL-00001786,VEH-0004,2026-02-05T21:37:00,12.670621,76.801777,36,MOVING,MAN-000116
TEL-00001787,VEH-0004,2026-02-05T22:03:00,12.670306,76.803073,0,STOPPED,MAN-000116
TEL-00001788,VEH-0004,2026-02-05T22:13:00,12.670306,76.803073,0,DELIVERED,MAN-000116
TEL-00001789,VEH-0055,2026-02-05T12:00:00,13.330408,76.214124,0,IDLE,MAN-000119
TEL-00001790,VEH-0055,2026-02-05T12:20:00,13.306366,76.272099,22,MOVING,MAN-000119
TEL-00001791,VEH-0055,2026-02-05T12:34:00,13.279422,76.33275,30,MOVING,MAN-000119
TEL-00001792,VEH-0055,2026-02-05T12:50:00,13.253705,76.389198,0,STOPPED,MAN-000119
TEL-00001793,VEH-0055,2026-02-05T13:09:00,13.252059,76.388514,18,MOVING,MAN-000119
TEL-00001794,VEH-0055,2026-02-05T13:23:00,13.253245,76.387565,29,MOVING,MAN-000119
TEL-00001795,VEH-0055,2026-02-05T13:40:00,13.253705,76.389198,0,STOPPED,MAN-000119
TEL-00001796,VEH-0055,2026-02-05T13:57:00,13.299181,76.364156,30,MOVING,MAN-000119
TEL-00001797,VEH-0055,2026-02-05T14:10:00,13.345738,76.334813,22,MOVING,MAN-000119
TEL-00001798,VEH-0055,2026-02-05T14:20:00,13.392114,76.309062,0,STOPPED,MAN-000119
TEL-00001799,VEH-0055,2026-02-05T14:35:00,13.391055,76.308776,27,MOVING,MAN-000119
TEL-00001800,VEH-0055,2026-02-05T14:45:00,13.39151,76.307902,23,MOVING,MAN-000119
TEL-00001801,VEH-0055,2026-02-05T14:58:00,13.392114,76.309062,0,STOPPED,MAN-000119
TEL-00001802,VEH-0055,2026-02-05T15:16:00,13.338869,76.269711,23,MOVING,MAN-000119
TEL-00001803,VEH-0055,2026-02-05T15:29:00,13.288212,76.234483,20,MOVING,MAN-000119
TEL-00001804,VEH-0055,2026-02-05T15:46:00,13.235743,76.19526,0,STOPPED,MAN-000119
TEL-00001805,VEH-0055,2026-02-05T16:01:00,13.237419,76.195185,29,MOVING,MAN-000119
TEL-00001806,VEH-0055,2026-02-05T16:19:00,13.236686,76.195967,37,MOVING,MAN-000119
TEL-00001807,VEH-0055,2026-02-05T16:36:00,13.235743,76.19526,0,STOPPED,MAN-000119
TEL-00001808,VEH-0055,2026-02-05T17:03:00,13.318921,76.231568,36,MOVING,MAN-000119
TEL-00001809,VEH-0055,2026-02-05T17:21:00,13.40336,76.262837,25,MOVING,MAN-000119
TEL-00001810,VEH-0055,2026-02-05T17:47:00,13.488831,76.299121,0,STOPPED,MAN-000119
TEL-00001811,VEH-0055,2026-02-05T18:13:00,13.487263,76.299917,18,MOVING,MAN-000119
TEL-00001812,VEH-0055,2026-02-05T18:34:00,13.48766,76.299416,29,MOVING,MAN-000119
TEL-00001813,VEH-0055,2026-02-05T18:55:00,13.488831,76.299121,0,STOPPED,MAN-000119
TEL-00001814,VEH-0055,2026-02-05T19:27:00,13.398678,76.222021,19,MOVING,MAN-000119
TEL-00001815,VEH-0055,2026-02-05T19:52:00,13.308987,76.146252,30,MOVING,MAN-000119
TEL-00001816,VEH-0055,2026-02-05T20:24:00,13.222006,76.069235,0,STOPPED,MAN-000119
TEL-00001817,VEH-0055,2026-02-05T20:57:00,13.222688,76.070147,34,MOVING,MAN-000119
TEL-00001818,VEH-0055,2026-02-05T21:22:00,13.221803,76.069366,22,MOVING,MAN-000119
TEL-00001819,VEH-0055,2026-02-05T21:53:00,13.222006,76.069235,0,STOPPED,MAN-000119
TEL-00001820,VEH-0055,2026-02-05T22:16:00,13.291864,76.105605,34,MOVING,MAN-000119
TEL-00001821,VEH-0055,2026-02-05T22:30:00,13.35817,76.138081,28,MOVING,MAN-000119
TEL-00001822,VEH-0055,2026-02-05T22:51:00,13.427937,76.175023,0,STOPPED,MAN-000119
TEL-00001823,VEH-0055,2026-02-05T23:09:00,13.427338,76.174045,34,MOVING,MAN-000119
TEL-00001824,VEH-0055,2026-02-05T23:28:00,13.426057,76.17578,18,MOVING,MAN-000119
TEL-00001825,VEH-0055,2026-02-05T23:51:00,13.427937,76.175023,0,STOPPED,MAN-000119
TEL-00001826,VEH-0055,2026-02-06T00:01:00,13.427937,76.175023,0,DELIVERED,MAN-000119
TEL-00001827,VEH-0056,2026-02-05T12:00:00,14.000078,75.409186,0,IDLE,MAN-000124
TEL-00001828,VEH-0056,2026-02-05T12:00:00,14.001811,75.410802,22,MOVING,MAN-000124
TEL-00001829,VEH-0056,2026-02-05T12:02:00,14.000959,75.40729,37,MOVING,MAN-000124
TEL-00001830,VEH-0056,2026-02-05T12:05:00,14.003727,75.408361,0,STOPPED,MAN-000124
TEL-00001831,VEH-0056,2026-02-05T12:08:00,14.003319,75.406975,34,MOVING,MAN-000124
TEL-00001832,VEH-0056,2026-02-05T12:07:00,14.005654,75.409243,28,MOVING,MAN-000124
TEL-00001833,VEH-0056,2026-02-05T12:07:00,14.003727,75.408361,0,STOPPED,MAN-000124
TEL-00001834,VEH-0056,2026-02-05T12:13:00,14.019685,75.384345,27,MOVING,MAN-000124
TEL-00001835,VEH-0056,2026-02-05T12:22:00,14.038583,75.36337,23,MOVING,MAN-000124
TEL-00001836,VEH-0056,2026-02-05T12:28:00,14.054452,75.339605,0,STOPPED,MAN-000124
TEL-00001837,VEH-0056,2026-02-05T12:35:00,14.056055,75.340573,27,MOVING,MAN-000124
TEL-00001838,VEH-0056,2026-02-05T12:41:00,14.055137,75.337681,30,MOVING,MAN-000124
TEL-00001839,VEH-0056,2026-02-05T12:48:00,14.054452,75.339605,0,STOPPED,MAN-000124
TEL-00001840,VEH-0056,2026-02-05T12:56:00,14.067299,75.306091,29,MOVING,MAN-000124
TEL-00001841,VEH-0056,2026-02-05T13:04:00,14.079434,75.274525,34,MOVING,MAN-000124
TEL-00001842,VEH-0056,2026-02-05T13:12:00,14.093528,75.243401,0,STOPPED,MAN-000124
TEL-00001843,VEH-0056,2026-02-05T13:20:00,14.093928,75.245372,20,MOVING,MAN-000124
TEL-00001844,VEH-0056,2026-02-05T13:33:00,14.093485,75.242218,24,MOVING,MAN-000124
TEL-00001845,VEH-0056,2026-02-05T13:40:00,14.093528,75.243401,0,STOPPED,MAN-000124
TEL-00001846,VEH-0056,2026-02-05T14:02:00,14.031475,75.285232,29,MOVING,MAN-000124
TEL-00001847,VEH-0056,2026-02-05T14:16:00,13.968214,75.331565,33,MOVING,MAN-000124
TEL-00001848,VEH-0056,2026-02-05T14:40:00,13.907382,75.374055,0,STOPPED,MAN-000124
TEL-00001849,VEH-0056,2026-02-05T15:02:00,13.908687,75.375417,37,MOVING,MAN-000124
TEL-00001850,VEH-0056,2026-02-05T15:17:00,13.905776,75.375497,18,MOVING,MAN-000124
TEL-00001851,VEH-0056,2026-02-05T15:38:00,13.907382,75.374055,0,STOPPED,MAN-000124
TEL-00001852,VEH-0056,2026-02-05T15:44:00,13.91821,75.350318,19,MOVING,MAN-000124
TEL-00001853,VEH-0056,2026-02-05T15:54:00,13.932078,75.325292,36,MOVING,MAN-000124
TEL-00001854,VEH-0056,2026-02-05T15:58:00,13.943093,75.301993,0,STOPPED,MAN-000124
TEL-00001855,VEH-0056,2026-02-05T16:07:00,13.942749,75.300985,37,MOVING,MAN-000124
TEL-00001856,VEH-0056,2026-02-05T16:11:00,13.941322,75.302764,31,MOVING,MAN-000124
TEL-00001857,VEH-0056,2026-02-05T16:19:00,13.943093,75.301993,0,STOPPED,MAN-000124
TEL-00001858,VEH-0056,2026-02-05T16:50:00,14.021502,75.389195,34,MOVING,MAN-000124
TEL-00001859,VEH-0056,2026-02-05T17:16:00,14.098322,75.47739,37,MOVING,MAN-000124
TEL-00001860,VEH-0056,2026-02-05T17:48:00,14.174766,75.565177,0,STOPPED,MAN-000124
TEL-00001861,VEH-0056,2026-02-05T18:19:00,14.176688,75.567133,26,MOVING,MAN-000124
TEL-00001862,VEH-0056,2026-02-05T18:44:00,14.17333,75.565515,29,MOVING,MAN-000124
TEL-00001863,VEH-0056,2026-02-05T19:16:00,14.174766,75.565177,0,STOPPED,MAN-000124
TEL-00001864,VEH-0056,2026-02-05T19:26:00,14.174766,75.565177,0,DELIVERED,MAN-000124
TEL-00001865,VEH-0057,2026-02-05T12:00:00,12.704545,77.547257,0,IDLE,MAN-000125
TEL-00001866,VEH-0057,2026-02-05T12:01:00,12.699918,77.551243,18,MOVING,MAN-000125
TEL-00001867,VEH-0057,2026-02-05T12:02:00,12.693587,77.555419,35,MOVING,MAN-000125
TEL-00001868,VEH-0057,2026-02-05T12:05:00,12.690828,77.559077,0,STOPPED,MAN-000125
TEL-00001869,VEH-0057,2026-02-05T12:07:00,12.691417,77.557181,35,MOVING,MAN-000125
TEL-00001870,VEH-0057,2026-02-05T12:07:00,12.689746,77.560941,35,MOVING,MAN-000125
TEL-00001871,VEH-0057,2026-02-05T12:14:00,12.690828,77.559077,0,STOPPED,MAN-000125
TEL-00001872,VEH-0057,2026-02-05T12:33:00,12.642015,77.591997,30,MOVING,MAN-000125
TEL-00001873,VEH-0057,2026-02-05T12:43:00,12.59457,77.627352,21,MOVING,MAN-000125
TEL-00001874,VEH-0057,2026-02-05T12:56:00,12.54943,77.663588,0,STOPPED,MAN-000125
TEL-00001875,VEH-0057,2026-02-05T13:11:00,12.550529,77.661699,20,MOVING,MAN-000125
TEL-00001876,VEH-0057,2026-02-05T13:27:00,12.547598,77.661613,31,MOVING,MAN-000125
TEL-00001877,VEH-0057,2026-02-05T13:42:00,12.54943,77.663588,0,STOPPED,MAN-000125
TEL-00001878,VEH-0057,2026-02-05T13:44:00,12.548472,77.664328,31,MOVING,MAN-000125
TEL-00001879,VEH-0057,2026-02-05T13:46:00,12.550098,77.659588,33,MOVING,MAN-000125
TEL-00001880,VEH-0057,2026-02-05T13:43:00,12.548978,77.659959,0,STOPPED,MAN-000125
TEL-00001881,VEH-0057,2026-02-05T13:43:00,12.54747,77.660884,35,MOVING,MAN-000125
TEL-00001882,VEH-0057,2026-02-05T13:48:00,12.550956,77.659973,22,MOVING,MAN-000125
TEL-00001883,VEH-0057,2026-02-05T13:44:00,12.548978,77.659959,0,STOPPED,MAN-000125
TEL-00001884,VEH-0057,2026-02-05T13:59:00,12.588752,77.612632,29,MOVING,MAN-000125
TEL-00001885,VEH-0057,2026-02-05T14:16:00,12.629273,77.561909,23,MOVING,MAN-000125
TEL-00001886,VEH-0057,2026-02-05T14:31:00,12.671775,77.51403,0,STOPPED,MAN-000125
TEL-00001887,VEH-0057,2026-02-05T14:51:00,12.673761,77.51574,25,MOVING,MAN-000125
TEL-00001888,VEH-0057,2026-02-05T15:01:00,12.672943,77.513576,27,MOVING,MAN-000125
TEL-00001889,VEH-0057,2026-02-05T15:21:00,12.671775,77.51403,0,STOPPED,MAN-000125
TEL-00001890,VEH-0057,2026-02-05T15:37:00,12.738789,77.509966,34,MOVING,MAN-000125
TEL-00001891,VEH-0057,2026-02-05T15:54:00,12.805805,77.503806,20,MOVING,MAN-000125
TEL-00001892,VEH-0057,2026-02-05T16:15:00,12.875429,77.496092,0,STOPPED,MAN-000125
TEL-00001893,VEH-0057,2026-02-05T16:34:00,12.876075,77.495034,22,MOVING,MAN-000125
TEL-00001894,VEH-0057,2026-02-05T16:53:00,12.876738,77.494747,19,MOVING,MAN-000125
TEL-00001895,VEH-0057,2026-02-05T17:09:00,12.875429,77.496092,0,STOPPED,MAN-000125
TEL-00001896,VEH-0057,2026-02-05T17:21:00,12.831555,77.504027,21,MOVING,MAN-000125
TEL-00001897,VEH-0057,2026-02-05T17:32:00,12.78667,77.514509,19,MOVING,MAN-000125
TEL-00001898,VEH-0057,2026-02-05T17:44:00,12.741234,77.522262,0,STOPPED,MAN-000125
TEL-00001899,VEH-0057,2026-02-05T17:58:00,12.741962,77.521775,24,MOVING,MAN-000125
TEL-00001900,VEH-0057,2026-02-05T18:09:00,12.742434,77.523352,33,MOVING,MAN-000125
TEL-00001901,VEH-0057,2026-02-05T18:17:00,12.741234,77.522262,0,STOPPED,MAN-000125
TEL-00001902,VEH-0057,2026-02-05T18:27:00,12.741234,77.522262,0,DELIVERED,MAN-000125
TEL-00001903,VEH-0007,2026-02-05T12:00:00,12.704545,77.547257,0,IDLE,MAN-000126
TEL-00001904,VEH-0007,2026-02-05T12:05:00,12.687324,77.534029,30,MOVING,MAN-000126
TEL-00001905,VEH-0007,2026-02-05T12:12:00,12.666918,77.520654,21,MOVING,MAN-000126
TEL-00001906,VEH-0007,2026-02-05T12:17:00,12.651002,77.508772,0,STOPPED,MAN-000126
TEL-00001907,VEH-0007,2026-02-05T12:23:00,12.652737,77.507326,35,MOVING,MAN-000126
TEL-00001908,VEH-0007,2026-02-05T12:29:00,12.651957,77.510758,21,MOVING,MAN-000126
TEL-00001909,VEH-0007,2026-02-05T12:33:00,12.651002,77.508772,0,STOPPED,MAN-000126
TEL-00001910,VEH-0007,2026-02-05T12:49:00,12.710707,77.517015,28,MOVING,MAN-000126
TEL-00001911,VEH-0007,2026-02-05T13:02:00,12.767063,77.52036,27,MOVING,MAN-000126
TEL-00001912,VEH-0007,2026-02-05T13:19:00,12.82496,77.528355,0,STOPPED,MAN-000126
TEL-00001913,VEH-0007,2026-02-05T13:35:00,12.823092,77.527569,31,MOVING,MAN-000126
TEL-00001914,VEH-0007,2026-02-05T13:47:00,12.823194,77.529779,35,MOVING,MAN-000126
TEL-00001915,VEH-0007,2026-02-05T14:03:00,12.82496,77.528355,0,STOPPED,MAN-000126
TEL-00001916,VEH-0007,2026-02-05T14:19:00,12.794812,77.489919,35,MOVING,MAN-000126
TEL-00001917,VEH-0007,2026-02-05T14:26:00,12.768277,77.450574,23,MOVING,MAN-000126
TEL-00001918,VEH-0007,2026-02-05T14:41:00,12.737549,77.410039,0,STOPPED,MAN-000126
TEL-00001919,VEH-0007,2026-02-05T14:54:00,12.738366,77.408938,27,MOVING,MAN-000126
TEL-00001920,VEH-0007,2026-02-05T15:04:00,12.736478,77.411705,20,MOVING,MAN-000126
TEL-00001921,VEH-0007,2026-02-05T15:20:00,12.737549,77.410039,0,STOPPED,MAN-000126
TEL-00001922,VEH-0007,2026-02-05T15:42:00,12.725226,77.507336,18,MOVING,MAN-000126
TEL-00001923,VEH-0007,2026-02-05T16:07:00,12.715658,77.602406,19,MOVING,MAN-000126
TEL-00001924,VEH-0007,2026-02-05T16:29:00,12.706248,77.696131,0,STOPPED,MAN-000126
TEL-00001925,VEH-0007,2026-02-05T16:51:00,12.70553,77.696428,25,MOVING,MAN-000126
TEL-00001926,VEH-0007,2026-02-05T17:17:00,12.707111,77.696744,33,MOVING,MAN-000126
TEL-00001927,VEH-0007,2026-02-05T17:42:00,12.706248,77.696131,0,STOPPED,MAN-000126
TEL-00001928,VEH-0007,2026-02-05T17:58:00,12.755974,77.653056,23,MOVING,MAN-000126
TEL-00001929,VEH-0007,2026-02-05T18:14:00,12.806133,77.606128,18,MOVING,MAN-000126
TEL-00001930,VEH-0007,2026-02-05T18:30:00,12.857697,77.563575,0,STOPPED,MAN-000126
TEL-00001931,VEH-0007,2026-02-05T18:49:00,12.858637,77.563528,22,MOVING,MAN-000126
TEL-00001932,VEH-0007,2026-02-05T19:05:00,12.858758,77.563642,26,MOVING,MAN-000126
TEL-00001933,VEH-0007,2026-02-05T19:19:00,12.857697,77.563575,0,STOPPED,MAN-000126
TEL-00001934,VEH-0007,2026-02-05T19:45:00,12.76036,77.604131,36,MOVING,MAN-000126
TEL-00001935,VEH-0007,2026-02-05T20:09:00,12.665222,77.645635,19,MOVING,MAN-000126
TEL-00001936,VEH-0007,2026-02-05T20:40:00,12.568844,77.686868,0,STOPPED,MAN-000126
TEL-00001937,VEH-0007,2026-02-05T21:08:00,12.567228,77.686789,35,MOVING,MAN-000126
TEL-00001938,VEH-0007,2026-02-05T21:31:00,12.568104,77.686601,28,MOVING,MAN-000126
TEL-00001939,VEH-0007,2026-02-05T21:59:00,12.568844,77.686868,0,STOPPED,MAN-000126
TEL-00001940,VEH-0007,2026-02-05T22:09:00,12.568844,77.686868,0,DELIVERED,MAN-000126
TEL-00001941,VEH-0007,2026-02-05T12:00:00,12.704545,77.547257,0,IDLE,MAN-000127
TEL-00001942,VEH-0007,2026-02-05T12:09:00,12.700926,77.528916,34,MOVING,MAN-000127
TEL-00001943,VEH-0007,2026-02-05T12:10:00,12.700853,77.509063,30,MOVING,MAN-000127
TEL-00001944,VEH-0007,2026-02-05T12:18:00,12.69967,77.492279,0,STOPPED,MAN-000127
TEL-00001945,VEH-0007,2026-02-05T12:25:00,12.698045,77.490958,24,MOVING,MAN-000127
TEL-00001946,VEH-0007,2026-02-05T12:26:00,12.699003,77.493309,18,MOVING,MAN-000127
TEL-00001947,VEH-0007,2026-02-05T12:32:00,12.69967,77.492279,0,STOPPED,MAN-000127
TEL-00001948,VEH-0007,2026-02-05T12:46:00,12.738669,77.529614,32,MOVING,MAN-000127
TEL-00001949,VEH-0007,2026-02-05T13:00:00,12.780045,77.568094,24,MOVING,MAN-000127
TEL-00001950,VEH-0007,2026-02-05T13:17:00,12.822367,77.606856,0,STOPPED,MAN-000127
TEL-00001951,VEH-0007,2026-02-05T13:33:00,12.820885,77.606434,19,MOVING,MAN-000127
TEL-00001952,VEH-0007,2026-02-05T13:47:00,12.823995,77.608165,22,MOVING,MAN-000127
TEL-00001953,VEH-0007,2026-02-05T13:57:00,12.822367,77.606856,0,STOPPED,MAN-000127
TEL-00001954,VEH-0007,2026-02-05T14:21:00,12.771927,77.530706,22,MOVING,MAN-000127
TEL-00001955,VEH-0007,2026-02-05T14:41:00,12.721729,77.456028,19,MOVING,MAN-000127
TEL-00001956,VEH-0007,2026-02-05T15:06:00,12.671301,77.379341,0,STOPPED,MAN-000127
TEL-00001957,VEH-0007,2026-02-05T15:31:00,12.672664,77.381174,18,MOVING,MAN-000127
TEL-00001958,VEH-0007,2026-02-05T15:54:00,12.671566,77.378843,32,MOVING,MAN-000127
TEL-00001959,VEH-0007,2026-02-05T16:14:00,12.671301,77.379341,0,STOPPED,MAN-000127
TEL-00001960,VEH-0007,2026-02-05T16:31:00,12.64436,77.433835,22,MOVING,MAN-000127
TEL-00001961,VEH-0007,2026-02-05T16:44:00,12.61917,77.492184,35,MOVING,MAN-000127
TEL-00001962,VEH-0007,2026-02-05T17:00:00,12.593705,77.546943,0,STOPPED,MAN-000127
TEL-00001963,VEH-0007,2026-02-05T17:15:00,12.595104,77.547958,34,MOVING,MAN-000127
TEL-00001964,VEH-0007,2026-02-05T17:32:00,12.594539,77.547291,28,MOVING,MAN-000127
TEL-00001965,VEH-0007,2026-02-05T17:45:00,12.593705,77.546943,0,STOPPED,MAN-000127
TEL-00001966,VEH-0007,2026-02-05T17:58:00,12.608269,77.497249,36,MOVING,MAN-000127
TEL-00001967,VEH-0007,2026-02-05T18:13:00,12.627046,77.446049,34,MOVING,MAN-000127
TEL-00001968,VEH-0007,2026-02-05T18:26:00,12.641995,77.39418,0,STOPPED,MAN-000127
TEL-00001969,VEH-0007,2026-02-05T18:41:00,12.641891,77.394672,31,MOVING,MAN-000127
TEL-00001970,VEH-0007,2026-02-05T18:55:00,12.642183,77.394663,30,MOVING,MAN-000127
TEL-00001971,VEH-0007,2026-02-05T19:07:00,12.641995,77.39418,0,STOPPED,MAN-000127
TEL-00001972,VEH-0007,2026-02-05T19:09:00,12.634121,77.401509,30,MOVING,MAN-000127
TEL-00001973,VEH-0007,2026-02-05T19:14:00,12.627495,77.411283,19,MOVING,MAN-000127
TEL-00001974,VEH-0007,2026-02-05T19:18:00,12.620885,77.419314,0,STOPPED,MAN-000127
TEL-00001975,VEH-0007,2026-02-05T19:23:00,12.619253,77.419226,28,MOVING,MAN-000127
TEL-00001976,VEH-0007,2026-02-05T19:24:00,12.621898,77.421177,20,MOVING,MAN-000127
TEL-00001977,VEH-0007,2026-02-05T19:27:00,12.620885,77.419314,0,STOPPED,MAN-000127
TEL-00001978,VEH-0007,2026-02-05T19:37:00,12.620885,77.419314,0,DELIVERED,MAN-000127
TEL-00001979,VEH-0009,2026-02-05T12:00:00,13.576294,76.976952,0,IDLE,MAN-000134
TEL-00001980,VEH-0009,2026-02-05T12:16:00,13.521125,76.951992,33,MOVING,MAN-000134
TEL-00001981,VEH-0009,2026-02-05T12:32:00,13.471166,76.921521,26,MOVING,MAN-000134
TEL-00001982,VEH-0009,2026-02-05T12:44:00,13.415691,76.896398,0,STOPPED,MAN-000134
TEL-00001983,VEH-0009,2026-02-05T12:59:00,13.413949,76.895317,20,MOVING,MAN-000134
TEL-00001984,VEH-0009,2026-02-05T13:13:00,13.416712,76.894714,19,MOVING,MAN-000134
TEL-00001985,VEH-0009,2026-02-05T13:31:00,13.415691,76.896398,0,STOPPED,MAN-000134
TEL-00001986,VEH-0009,2026-02-05T13:50:00,13.48989,76.897099,34,MOVING,MAN-000134
TEL-00001987,VEH-0009,2026-02-05T14:09:00,13.567431,76.894364,21,MOVING,MAN-000134
TEL-00001988,VEH-0009,2026-02-05T14:26:00,13.642429,76.893498,0,STOPPED,MAN-000134
TEL-00001989,VEH-0009,2026-02-05T14:48:00,13.643888,76.89204,18,MOVING,MAN-000134
TEL-00001990,VEH-0009,2026-02-05T15:03:00,13.641138,76.89242,28,MOVING,MAN-000134
TEL-00001991,VEH-0009,2026-02-05T15:21:00,13.642429,76.893498,0,STOPPED,MAN-000134
TEL-00001992,VEH-0009,2026-02-05T15:33:00,13.658387,76.866085,37,MOVING,MAN-000134
TEL-00001993,VEH-0009,2026-02-05T15:40:00,13.678554,76.840206,30,MOVING,MAN-000134
TEL-00001994,VEH-0009,2026-02-05T15:48:00,13.694531,76.812886,0,STOPPED,MAN-000134
TEL-00001995,VEH-0009,2026-02-05T15:56:00,13.696304,76.811918,22,MOVING,MAN-000134
TEL-00001996,VEH-0009,2026-02-05T16:04:00,13.695133,76.811713,36,MOVING,MAN-000134
TEL-00001997,VEH-0009,2026-02-05T16:13:00,13.694531,76.812886,0,STOPPED,MAN-000134
TEL-00001998,VEH-0009,2026-02-05T16:32:00,13.664151,76.863826,30,MOVING,MAN-000134
TEL-00001999,VEH-0009,2026-02-05T16:43:00,13.634369,76.912247,31,MOVING,MAN-000134
TEL-00002000,VEH-0009,2026-02-05T16:56:00,13.60208,76.964536,0,STOPPED,MAN-000134
TEL-00002001,VEH-0009,2026-02-05T17:15:00,13.60016,76.964766,30,MOVING,MAN-000134
TEL-00002002,VEH-0009,2026-02-05T17:27:00,13.603977,76.965368,36,MOVING,MAN-000134
TEL-00002003,VEH-0009,2026-02-05T17:43:00,13.60208,76.964536,0,STOPPED,MAN-000134
TEL-00002004,VEH-0009,2026-02-05T17:58:00,13.634351,76.996292,23,MOVING,MAN-000134
TEL-00002005,VEH-0009,2026-02-05T18:10:00,13.667784,77.030353,35,MOVING,MAN-000134
TEL-00002006,VEH-0009,2026-02-05T18:21:00,13.701371,77.062416,0,STOPPED,MAN-000134
TEL-00002007,VEH-0009,2026-02-05T18:37:00,13.700843,77.060669,34,MOVING,MAN-000134
TEL-00002008,VEH-0009,2026-02-05T18:46:00,13.701019,77.063182,27,MOVING,MAN-000134
TEL-00002009,VEH-0009,2026-02-05T18:57:00,13.701371,77.062416,0,STOPPED,MAN-000134
TEL-00002010,VEH-0009,2026-02-05T18:59:00,13.710139,77.06114,36,MOVING,MAN-000134
TEL-00002011,VEH-0009,2026-02-05T19:04:00,13.716927,77.06273,22,MOVING,MAN-000134
TEL-00002012,VEH-0009,2026-02-05T19:03:00,13.726549,77.062156,0,STOPPED,MAN-000134
TEL-00002013,VEH-0009,2026-02-05T19:08:00,13.72545,77.063024,27,MOVING,MAN-000134
TEL-00002014,VEH-0009,2026-02-05T19:07:00,13.726554,77.062943,32,MOVING,MAN-000134
TEL-00002015,VEH-0009,2026-02-05T19:11:00,13.726549,77.062156,0,STOPPED,MAN-000134
TEL-00002016,VEH-0009,2026-02-05T19:21:00,13.726549,77.062156,0,DELIVERED,MAN-000134
TEL-00002017,VEH-0035,2026-02-05T12:00:00,12.820813,77.071914,0,IDLE,MAN-000137
TEL-00002018,VEH-0035,2026-02-05T12:14:00,12.865144,77.055619,31,MOVING,MAN-000137
TEL-00002019,VEH-0035,2026-02-05T12:27:00,12.910157,77.041737,26,MOVING,MAN-000137
TEL-00002020,VEH-0035,2026-02-05T12:36:00,12.954649,77.024402,0,STOPPED,MAN-000137
TEL-00002021,VEH-0035,2026-02-05T12:51:00,12.954458,77.025527,37,MOVING,MAN-000137
TEL-00002022,VEH-0035,2026-02-05T13:03:00,12.95633,77.024628,37,MOVING,MAN-000137
TEL-00002023,VEH-0035,2026-02-05T13:11:00,12.954649,77.024402,0,STOPPED,MAN-000137
TEL-00002024,VEH-0035,2026-02-05T13:39:00,12.856773,77.083681,35,MOVING,MAN-000137
TEL-00002025,VEH-0035,2026-02-05T14:09:00,12.761873,77.145435,33,MOVING,MAN-000137
TEL-00002026,VEH-0035,2026-02-05T14:37:00,12.663145,77.207424,0,STOPPED,MAN-000137
TEL-00002027,VEH-0035,2026-02-05T15:07:00,12.662365,77.206014,32,MOVING,MAN-000137
TEL-00002028,VEH-0035,2026-02-05T15:33:00,12.664105,77.208541,27,MOVING,MAN-000137
TEL-00002029,VEH-0035,2026-02-05T16:00:00,12.663145,77.207424,0,STOPPED,MAN-000137
TEL-00002030,VEH-0035,2026-02-05T16:18:00,12.701415,77.139008,31,MOVING,MAN-000137
TEL-00002031,VEH-0035,2026-02-05T16:40:00,12.740738,77.070729,26,MOVING,MAN-000137
TEL-00002032,VEH-0035,2026-02-05T17:01:00,12.778817,77.00048,0,STOPPED,MAN-000137
TEL-00002033,VEH-0035,2026-02-05T17:21:00,12.777472,77.000161,22,MOVING,MAN-000137
TEL-00002034,VEH-0035,2026-02-05T17:41:00,12.777152,76.999976,22,MOVING,MAN-000137
TEL-00002035,VEH-0035,2026-02-05T17:58:00,12.778817,77.00048,0,STOPPED,MAN-000137
TEL-00002036,VEH-0035,2026-02-05T18:10:00,12.811686,76.996625,20,MOVING,MAN-000137
TEL-00002037,VEH-0035,2026-02-05T18:14:00,12.845733,76.996452,26,MOVING,MAN-000137
TEL-00002038,VEH-0035,2026-02-05T18:22:00,12.877474,76.992307,0,STOPPED,MAN-000137
TEL-00002039,VEH-0035,2026-02-05T18:31:00,12.876248,76.99267,33,MOVING,MAN-000137
TEL-00002040,VEH-0035,2026-02-05T18:39:00,12.877689,76.993937,25,MOVING,MAN-000137
TEL-00002041,VEH-0035,2026-02-05T18:50:00,12.877474,76.992307,0,STOPPED,MAN-000137
TEL-00002042,VEH-0035,2026-02-05T19:09:00,12.912728,77.056813,21,MOVING,MAN-000137
TEL-00002043,VEH-0035,2026-02-05T19:24:00,12.947214,77.120443,30,MOVING,MAN-000137
TEL-00002044,VEH-0035,2026-02-05T19:47:00,12.984543,77.183515,0,STOPPED,MAN-000137
TEL-00002045,VEH-0035,2026-02-05T20:09:00,12.984039,77.184345,19,MOVING,MAN-000137
TEL-00002046,VEH-0035,2026-02-05T20:24:00,12.986211,77.184199,35,MOVING,MAN-000137
TEL-00002047,VEH-0035,2026-02-05T20:39:00,12.984543,77.183515,0,STOPPED,MAN-000137
TEL-00002048,VEH-0035,2026-02-05T21:11:00,12.874024,77.14588,35,MOVING,MAN-000137
TEL-00002049,VEH-0035,2026-02-05T21:37:00,12.76026,77.110459,32,MOVING,MAN-000137
TEL-00002050,VEH-0035,2026-02-05T22:07:00,12.648322,77.076549,0,STOPPED,MAN-000137
TEL-00002051,VEH-0035,2026-02-05T22:39:00,12.646968,77.076523,36,MOVING,MAN-000137
TEL-00002052,VEH-0035,2026-02-05T23:06:00,12.647054,77.076074,30,MOVING,MAN-000137
TEL-00002053,VEH-0035,2026-02-05T23:36:00,12.648322,77.076549,0,STOPPED,MAN-000137
TEL-00002054,VEH-0035,2026-02-05T23:46:00,12.648322,77.076549,0,DELIVERED,MAN-000137
TEL-00002055,VEH-0112,2026-02-05T12:00:00,13.784699,75.637712,0,IDLE,MAN-000145
TEL-00002056,VEH-0112,2026-02-05T12:17:00,13.831608,75.692897,25,MOVING,MAN-000145
TEL-00002057,VEH-0112,2026-02-05T12:34:00,13.876703,75.747209,33,MOVING,MAN-000145
TEL-00002058,VEH-0112,2026-02-05T12:56:00,13.920792,75.801113,0,STOPPED,MAN-000145
TEL-00002059,VEH-0112,2026-02-05T13:16:00,13.920324,75.802772,35,MOVING,MAN-000145
TEL-00002060,VEH-0112,2026-02-05T13:32:00,13.921694,75.802329,35,MOVING,MAN-000145
TEL-00002061,VEH-0112,2026-02-05T13:51:00,13.920792,75.801113,0,STOPPED,MAN-000145
TEL-00002062,VEH-0112,2026-02-05T14:08:00,13.877554,75.756464,36,MOVING,MAN-000145
TEL-00002063,VEH-0112,2026-02-05T14:25:00,13.830168,75.71237,33,MOVING,MAN-000145
TEL-00002064,VEH-0112,2026-02-05T14:37:00,13.786001,75.670479,0,STOPPED,MAN-000145
TEL-00002065,VEH-0112,2026-02-05T14:54:00,13.785549,75.671324,29,MOVING,MAN-000145
TEL-00002066,VEH-0112,2026-02-05T15:11:00,13.786983,75.670377,26,MOVING,MAN-000145
TEL-00002067,VEH-0112,2026-02-05T15:26:00,13.786001,75.670479,0,STOPPED,MAN-000145
TEL-00002068,VEH-0112,2026-02-05T15:35:00,13.822562,75.679912,22,MOVING,MAN-000145
TEL-00002069,VEH-0112,2026-02-05T15:44:00,13.854924,75.694366,32,MOVING,MAN-000145
TEL-00002070,VEH-0112,2026-02-05T15:52:00,13.890664,75.704212,0,STOPPED,MAN-000145
TEL-00002071,VEH-0112,2026-02-05T16:01:00,13.890971,75.703431,31,MOVING,MAN-000145
TEL-00002072,VEH-0112,2026-02-05T16:09:00,13.889271,75.705981,30,MOVING,MAN-000145
TEL-00002073,VEH-0112,2026-02-05T16:19:00,13.890664,75.704212,0,STOPPED,MAN-000145
TEL-00002074,VEH-0112,2026-02-05T16:27:00,13.894756,75.678154,36,MOVING,MAN-000145
TEL-00002075,VEH-0112,2026-02-05T16:32:00,13.897965,75.65017,36,MOVING,MAN-000145
TEL-00002076,VEH-0112,2026-02-05T16:38:00,13.900979,75.621159,0,STOPPED,MAN-000145
TEL-00002077,VEH-0112,2026-02-05T16:49:00,13.899255,75.620232,37,MOVING,MAN-000145
TEL-00002078,VEH-0112,2026-02-05T16:51:00,13.900563,75.620876,26,MOVING,MAN-000145
TEL-00002079,VEH-0112,2026-02-05T16:58:00,13.900979,75.621159,0,STOPPED,MAN-000145
TEL-00002080,VEH-0112,2026-02-05T17:23:00,13.834436,75.674982,26,MOVING,MAN-000145
TEL-00002081,VEH-0112,2026-02-05T17:44:00,13.766408,75.731588,18,MOVING,MAN-000145
TEL-00002082,VEH-0112,2026-02-05T18:03:00,13.701084,75.786022,0,STOPPED,MAN-000145
TEL-00002083,VEH-0112,2026-02-05T18:25:00,13.699809,75.78791,27,MOVING,MAN-000145
TEL-00002084,VEH-0112,2026-02-05T18:47:00,13.702392,75.784836,21,MOVING,MAN-000145
TEL-00002085,VEH-0112,2026-02-05T19:05:00,13.701084,75.786022,0,STOPPED,MAN-000145
TEL-00002086,VEH-0112,2026-02-05T19:39:00,13.771349,75.685745,36,MOVING,MAN-000145
TEL-00002087,VEH-0112,2026-02-05T20:05:00,13.839248,75.586721,21,MOVING,MAN-000145
TEL-00002088,VEH-0112,2026-02-05T20:35:00,13.911249,75.489818,0,STOPPED,MAN-000145
TEL-00002089,VEH-0112,2026-02-05T21:08:00,13.912253,75.490526,36,MOVING,MAN-000145
TEL-00002090,VEH-0112,2026-02-05T21:35:00,13.910186,75.488683,27,MOVING,MAN-000145
TEL-00002091,VEH-0112,2026-02-05T22:03:00,13.911249,75.489818,0,STOPPED,MAN-000145
TEL-00002092,VEH-0112,2026-02-05T22:13:00,13.911249,75.489818,0,DELIVERED,MAN-000145
TEL-00002093,VEH-0112,2026-02-05T12:00:00,13.784699,75.637712,0,IDLE,MAN-000146
TEL-00002094,VEH-0112,2026-02-05T12:12:00,13.798927,75.672942,36,MOVING,MAN-000146
TEL-00002095,VEH-0112,2026-02-05T12:23:00,13.81037,75.712485,19,MOVING,MAN-000146
TEL-00002096,VEH-0112,2026-02-05T12:27:00,13.822648,75.748357,0,STOPPED,MAN-000146
TEL-00002097,VEH-0112,2026-02-05T12:38:00,13.821332,75.748638,31,MOVING,MAN-000146
TEL-00002098,VEH-0112,2026-02-05T12:50:00,13.821999,75.746507,32,MOVING,MAN-000146
TEL-00002099,VEH-0112,2026-02-05T12:54:00,13.822648,75.748357,0,STOPPED,MAN-000146
TEL-00002100,VEH-0112,2026-02-05T13:16:00,13.754097,75.735394,21,MOVING,MAN-000146
TEL-00002101,VEH-0112,2026-02-05T13:29:00,13.685033,75.72231,21,MOVING,MAN-000146
TEL-00002102,VEH-0112,2026-02-05T13:47:00,13.616544,75.71093,0,STOPPED,MAN-000146
TEL-00002103,VEH-0112,2026-02-05T14:04:00,13.614746,75.712484,33,MOVING,MAN-000146
TEL-00002104,VEH-0112,2026-02-05T14:23:00,13.617481,75.709767,37,MOVING,MAN-000146
TEL-00002105,VEH-0112,2026-02-05T14:40:00,13.616544,75.71093,0,STOPPED,MAN-000146
TEL-00002106,VEH-0112,2026-02-05T14:50:00,13.635965,75.74685,33,MOVING,MAN-000146
TEL-00002107,VEH-0112,2026-02-05T15:02:00,13.658172,75.779857,19,MOVING,MAN-000146
TEL-00002108,VEH-0112,2026-02-05T15:11:00,13.679177,75.814942,0,STOPPED,MAN-000146
TEL-00002109,VEH-0112,2026-02-05T15:25:00,13.680156,75.815583,30,MOVING,MAN-000146
TEL-00002110,VEH-0112,2026-02-05T15:33:00,13.67738,75.814399,33,MOVING,MAN-000146
TEL-00002111,VEH-0112,2026-02-05T15:41:00,13.679177,75.814942,0,STOPPED,MAN-000146
TEL-00002112,VEH-0112,2026-02-05T15:45:00,13.675554,75.800141,25,MOVING,MAN-000146
TEL-00002113,VEH-0112,2026-02-05T15:48:00,13.672338,75.784806,24,MOVING,MAN-000146
TEL-00002114,VEH-0112,2026-02-05T15:54:00,13.668943,75.766819,0,STOPPED,MAN-000146
TEL-00002115,VEH-0112,2026-02-05T16:02:00,13.670216,75.767589,20,MOVING,MAN-000146
TEL-00002116,VEH-0112,2026-02-05T16:05:00,13.669726,75.768046,37,MOVING,MAN-000146
TEL-00002117,VEH-0112,2026-02-05T16:07:00,13.668943,75.766819,0,STOPPED,MAN-000146
TEL-00002118,VEH-0112,2026-02-05T16:21:00,13.717229,75.756838,26,MOVING,MAN-000146
TEL-00002119,VEH-0112,2026-02-05T16:36:00,13.770459,75.749725,21,MOVING,MAN-000146
TEL-00002120,VEH-0112,2026-02-05T16:46:00,13.819608,75.742769,0,STOPPED,MAN-000146
TEL-00002121,VEH-0112,2026-02-05T17:03:00,13.819795,75.743825,21,MOVING,MAN-000146
TEL-00002122,VEH-0112,2026-02-05T17:12:00,13.818128,75.742624,24,MOVING,MAN-000146
TEL-00002123,VEH-0112,2026-02-05T17:24:00,13.819608,75.742769,0,STOPPED,MAN-000146
TEL-00002124,VEH-0112,2026-02-05T17:43:00,13.753428,75.741038,25,MOVING,MAN-000146
TEL-00002125,VEH-0112,2026-02-05T17:57:00,13.685514,75.741634,20,MOVING,MAN-000146
TEL-00002126,VEH-0112,2026-02-05T18:15:00,13.618484,75.739899,0,STOPPED,MAN-000146
TEL-00002127,VEH-0112,2026-02-05T18:34:00,13.618205,75.738956,30,MOVING,MAN-000146
TEL-00002128,VEH-0112,2026-02-05T18:51:00,13.616721,75.741465,28,MOVING,MAN-000146
TEL-00002129,VEH-0112,2026-02-05T19:09:00,13.618484,75.739899,0,STOPPED,MAN-000146
TEL-00002130,VEH-0112,2026-02-05T19:19:00,13.618484,75.739899,0,DELIVERED,MAN-000146
TEL-00002131,VEH-0137,2026-02-05T12:00:00,13.784699,75.637712,0,IDLE,MAN-000147
TEL-00002132,VEH-0137,2026-02-05T12:11:00,13.815318,75.617735,36,MOVING,MAN-000147
TEL-00002133,VEH-0137,2026-02-05T12:18:00,13.84642,75.600082,25,MOVING,MAN-000147
TEL-00002134,VEH-0137,2026-02-05T12:27:00,13.876055,75.58077,0,STOPPED,MAN-000147
TEL-00002135,VEH-0137,2026-02-05T12:35:00,13.876981,75.579546,33,MOVING,MAN-000147
TEL-00002136,VEH-0137,2026-02-05T12:46:00,13.877298,75.580084,27,MOVING,MAN-000147
TEL-00002137,VEH-0137,2026-02-05T12:54:00,13.876055,75.58077,0,STOPPED,MAN-000147
TEL-00002138,VEH-0137,2026-02-05T13:17:00,13.80541,75.543184,31,MOVING,MAN-000147
TEL-00002139,VEH-0137,2026-02-05T13:32:00,13.738123,75.506574,34,MOVING,MAN-000147
TEL-00002140,VEH-0137,2026-02-05T13:56:00,13.668713,75.469139,0,STOPPED,MAN-000147
TEL-00002141,VEH-0137,2026-02-05T14:16:00,13.669388,75.469871,24,MOVING,MAN-000147
TEL-00002142,VEH-0137,2026-02-05T14:35:00,13.669262,75.469904,19,MOVING,MAN-000147
TEL-00002143,VEH-0137,2026-02-05T14:55:00,13.668713,75.469139,0,STOPPED,MAN-000147
TEL-00002144,VEH-0137,2026-02-05T15:19:00,13.723329,75.533216,22,MOVING,MAN-000147
TEL-00002145,VEH-0137,2026-02-05T15:39:00,13.773962,75.599809,36,MOVING,MAN-000147
TEL-00002146,VEH-0137,2026-02-05T16:01:00,13.829193,75.666469,0,STOPPED,MAN-000147
TEL-00002147,VEH-0137,2026-02-05T16:24:00,13.829498,75.665594,35,MOVING,MAN-000147
TEL-00002148,VEH-0137,2026-02-05T16:41:00,13.831105,75.667963,31,MOVING,MAN-000147
TEL-00002149,VEH-0137,2026-02-05T17:06:00,13.829193,75.666469,0,STOPPED,MAN-000147
TEL-00002150,VEH-0137,2026-02-05T17:25:00,13.75954,75.682305,29,MOVING,MAN-000147
TEL-00002151,VEH-0137,2026-02-05T17:45:00,13.688201,75.700335,36,MOVING,MAN-000147
TEL-00002152,VEH-0137,2026-02-05T18:01:00,13.616288,75.715421,0,STOPPED,MAN-000147
TEL-00002153,VEH-0137,2026-02-05T18:23:00,13.618188,75.715229,21,MOVING,MAN-000147
TEL-00002154,VEH-0137,2026-02-05T18:39:00,13.61713,75.715611,33,MOVING,MAN-000147
TEL-00002155,VEH-0137,2026-02-05T18:58:00,13.616288,75.715421,0,STOPPED,MAN-000147
TEL-00002156,VEH-0137,2026-02-05T19:21:00,13.686118,75.652989,25,MOVING,MAN-000147
TEL-00002157,VEH-0137,2026-02-05T19:45:00,13.751632,75.593816,36,MOVING,MAN-000147
TEL-00002158,VEH-0137,2026-02-05T20:09:00,13.821049,75.530525,0,STOPPED,MAN-000147
TEL-00002159,VEH-0137,2026-02-05T20:36:00,13.821271,75.531487,33,MOVING,MAN-000147
TEL-00002160,VEH-0137,2026-02-05T20:53:00,13.822801,75.528813,33,MOVING,MAN-000147
TEL-00002161,VEH-0137,2026-02-05T21:17:00,13.821049,75.530525,0,STOPPED,MAN-000147
TEL-00002162,VEH-0137,2026-02-05T21:31:00,13.777789,75.549614,31,MOVING,MAN-000147
TEL-00002163,VEH-0137,2026-02-05T21:43:00,13.739321,75.57157,25,MOVING,MAN-000147
TEL-00002164,VEH-0137,2026-02-05T21:55:00,13.69556,75.591333,0,STOPPED,MAN-000147
TEL-00002165,VEH-0137,2026-02-05T22:06:00,13.694008,75.590351,36,MOVING,MAN-000147
TEL-00002166,VEH-0137,2026-02-05T22:19:00,13.694929,75.591669,18,MOVING,MAN-000147
TEL-00002167,VEH-0137,2026-02-05T22:30:00,13.69556,75.591333,0,STOPPED,MAN-000147
TEL-00002168,VEH-0137,2026-02-05T22:40:00,13.69556,75.591333,0,DELIVERED,MAN-000147
TEL-00002169,VEH-0112,2026-02-05T12:00:00,13.784699,75.637712,0,IDLE,MAN-000148
TEL-00002170,VEH-0112,2026-02-05T12:10:00,13.79086,75.602116,29,MOVING,MAN-000148
TEL-00002171,VEH-0112,2026-02-05T12:21:00,13.798496,75.564324,18,MOVING,MAN-000148
TEL-00002172,VEH-0112,2026-02-05T12:31:00,13.806957,75.525312,0,STOPPED,MAN-000148
TEL-00002173,VEH-0112,2026-02-05T12:41:00,13.807322,75.524435,30,MOVING,MAN-000148
TEL-00002174,VEH-0112,2026-02-05T12:50:00,13.805539,75.52656,33,MOVING,MAN-000148
TEL-00002175,VEH-0112,2026-02-05T13:03:00,13.806957,75.525312,0,STOPPED,MAN-000148
TEL-00002176,VEH-0112,2026-02-05T13:13:00,13.770419,75.522126,18,MOVING,MAN-000148
TEL-00002177,VEH-0112,2026-02-05T13:23:00,13.731941,75.519933,27,MOVING,MAN-000148
TEL-00002178,VEH-0112,2026-02-05T13:34:00,13.69482,75.516316,0,STOPPED,MAN-000148
TEL-00002179,VEH-0112,2026-02-05T13:47:00,13.694361,75.51589,37,MOVING,MAN-000148
TEL-00002180,VEH-0112,2026-02-05T13:53:00,13.692968,75.515068,30,MOVING,MAN-000148
TEL-00002181,VEH-0112,2026-02-05T14:06:00,13.69482,75.516316,0,STOPPED,MAN-000148
TEL-00002182,VEH-0112,2026-02-05T14:16:00,13.737329,75.511904,31,MOVING,MAN-000148
TEL-00002183,VEH-0112,2026-02-05T14:31:00,13.782265,75.506158,28,MOVING,MAN-000148
TEL-00002184,VEH-0112,2026-02-05T14:38:00,13.827119,75.500116,0,STOPPED,MAN-000148
TEL-00002185,VEH-0112,2026-02-05T14:50:00,13.828442,75.500277,18,MOVING,MAN-000148
TEL-00002186,VEH-0112,2026-02-05T14:59:00,13.827177,75.498771,28,MOVING,MAN-000148
TEL-00002187,VEH-0112,2026-02-05T15:14:00,13.827119,75.500116,0,STOPPED,MAN-000148
TEL-00002188,VEH-0112,2026-02-05T15:32:00,13.770312,75.528855,30,MOVING,MAN-000148
TEL-00002189,VEH-0112,2026-02-05T15:48:00,13.712127,75.561305,25,MOVING,MAN-000148
TEL-00002190,VEH-0112,2026-02-05T16:06:00,13.652583,75.591934,0,STOPPED,MAN-000148
TEL-00002191,VEH-0112,2026-02-05T16:23:00,13.650971,75.593823,33,MOVING,MAN-000148
TEL-00002192,VEH-0112,2026-02-05T16:41:00,13.653002,75.593035,29,MOVING,MAN-000148
TEL-00002193,VEH-0112,2026-02-05T16:55:00,13.652583,75.591934,0,STOPPED,MAN-000148
TEL-00002194,VEH-0112,2026-02-05T17:09:00,13.700997,75.570834,37,MOVING,MAN-000148
TEL-00002195,VEH-0112,2026-02-05T17:24:00,13.746055,75.55132,26,MOVING,MAN-000148
TEL-00002196,VEH-0112,2026-02-05T17:34:00,13.792173,75.532188,0,STOPPED,MAN-000148
TEL-00002197,VEH-0112,2026-02-05T17:47:00,13.792819,75.533998,21,MOVING,MAN-000148
TEL-00002198,VEH-0112,2026-02-05T17:58:00,13.791494,75.533675,18,MOVING,MAN-000148
TEL-00002199,VEH-0112,2026-02-05T18:12:00,13.792173,75.532188,0,STOPPED,MAN-000148
TEL-00002200,VEH-0112,2026-02-05T18:25:00,13.749051,75.54427,24,MOVING,MAN-000148
TEL-00002201,VEH-0112,2026-02-05T18:38:00,13.705938,75.559022,22,MOVING,MAN-000148
TEL-00002202,VEH-0112,2026-02-05T18:47:00,13.663236,75.574372,0,STOPPED,MAN-000148
TEL-00002203,VEH-0112,2026-02-05T18:58:00,13.664225,75.575962,29,MOVING,MAN-000148
TEL-00002204,VEH-0112,2026-02-05T19:13:00,13.661815,75.573501,30,MOVING,MAN-000148
TEL-00002205,VEH-0112,2026-02-05T19:25:00,13.663236,75.574372,0,STOPPED,MAN-000148
TEL-00002206,VEH-0112,2026-02-05T19:35:00,13.663236,75.574372,0,DELIVERED,MAN-000148
TEL-00002207,VEH-0138,2026-02-05T12:00:00,12.795488,77.573306,0,IDLE,MAN-000150
TEL-00002208,VEH-0138,2026-02-05T12:14:00,12.801193,77.518635,18,MOVING,MAN-000150
TEL-00002209,VEH-0138,2026-02-05T12:31:00,12.807696,77.460865,25,MOVING,MAN-000150
TEL-00002210,VEH-0138,2026-02-05T12:41:00,12.812036,77.405986,0,STOPPED,MAN-000150
TEL-00002211,VEH-0138,2026-02-05T12:58:00,12.810281,77.404217,28,MOVING,MAN-000150
TEL-00002212,VEH-0138,2026-02-05T13:11:00,12.813925,77.406363,21,MOVING,MAN-000150
TEL-00002213,VEH-0138,2026-02-05T13:25:00,12.812036,77.405986,0,STOPPED,MAN-000150
TEL-00002214,VEH-0138,2026-02-05T13:53:00,12.759069,77.496554,27,MOVING,MAN-000150
TEL-00002215,VEH-0138,2026-02-05T14:15:00,12.703759,77.585123,29,MOVING,MAN-000150
TEL-00002216,VEH-0138,2026-02-05T14:43:00,12.648004,77.676808,0,STOPPED,MAN-000150
TEL-00002217,VEH-0138,2026-02-05T15:09:00,12.648963,77.676029,22,MOVING,MAN-000150
TEL-00002218,VEH-0138,2026-02-05T15:34:00,12.647571,77.678266,36,MOVING,MAN-000150
TEL-00002219,VEH-0138,2026-02-05T16:03:00,12.648004,77.676808,0,STOPPED,MAN-000150
TEL-00002220,VEH-0138,2026-02-05T16:21:00,12.663407,77.61716,30,MOVING,MAN-000150
TEL-00002221,VEH-0138,2026-02-05T16:32:00,12.676961,77.560119,31,MOVING,MAN-000150
TEL-00002222,VEH-0138,2026-02-05T16:46:00,12.690688,77.499674,0,STOPPED,MAN-000150
TEL-00002223,VEH-0138,2026-02-05T17:00:00,12.691302,77.499263,35,MOVING,MAN-000150
TEL-00002224,VEH-0138,2026-02-05T17:14:00,12.692322,77.498161,20,MOVING,MAN-000150
TEL-00002225,VEH-0138,2026-02-05T17:33:00,12.690688,77.499674,0,STOPPED,MAN-000150
TEL-00002226,VEH-0138,2026-02-05T17:52:00,12.763747,77.538489,29,MOVING,MAN-000150
TEL-00002227,VEH-0138,2026-02-05T18:17:00,12.835218,77.575498,37,MOVING,MAN-000150
TEL-00002228,VEH-0138,2026-02-05T18:35:00,12.908824,77.610842,0,STOPPED,MAN-000150
TEL-00002229,VEH-0138,2026-02-05T18:54:00,12.907703,77.612772,37,MOVING,MAN-000150
TEL-00002230,VEH-0138,2026-02-05T19:18:00,12.909886,77.612097,31,MOVING,MAN-000150
TEL-00002231,VEH-0138,2026-02-05T19:35:00,12.908824,77.610842,0,STOPPED,MAN-000150
TEL-00002232,VEH-0138,2026-02-05T19:57:00,12.835359,77.633716,37,MOVING,MAN-000150
TEL-00002233,VEH-0138,2026-02-05T20:12:00,12.760008,77.662047,26,MOVING,MAN-000150
TEL-00002234,VEH-0138,2026-02-05T20:33:00,12.687937,77.685141,0,STOPPED,MAN-000150
TEL-00002235,VEH-0138,2026-02-05T20:52:00,12.685972,77.685615,21,MOVING,MAN-000150
TEL-00002236,VEH-0138,2026-02-05T21:13:00,12.687382,77.684624,31,MOVING,MAN-000150
TEL-00002237,VEH-0138,2026-02-05T21:31:00,12.687937,77.685141,0,STOPPED,MAN-000150
TEL-00002238,VEH-0138,2026-02-05T21:41:00,12.730151,77.678131,24,MOVING,MAN-000150
TEL-00002239,VEH-0138,2026-02-05T21:53:00,12.774089,77.670655,37,MOVING,MAN-000150
TEL-00002240,VEH-0138,2026-02-05T22:02:00,12.816527,77.663953,0,STOPPED,MAN-000150
TEL-00002241,VEH-0138,2026-02-05T22:13:00,12.815349,77.662811,28,MOVING,MAN-000150
TEL-00002242,VEH-0138,2026-02-05T22:24:00,12.817612,77.66568,32,MOVING,MAN-000150
TEL-00002243,VEH-0138,2026-02-05T22:34:00,12.816527,77.663953,0,STOPPED,MAN-000150
TEL-00002244,VEH-0138,2026-02-05T22:44:00,12.816527,77.663953,0,DELIVERED,MAN-000150
TEL-00002245,VEH-0064,2026-02-05T12:00:00,12.315359,76.884655,0,IDLE,MAN-000153
TEL-00002246,VEH-0064,2026-02-05T12:18:00,12.36724,76.854663,33,MOVING,MAN-000153
TEL-00002247,VEH-0064,2026-02-05T12:31:00,12.422835,76.825521,24,MOVING,MAN-000153
TEL-00002248,VEH-0064,2026-02-05T12:47:00,12.47401,76.797116,0,STOPPED,MAN-000153
TEL-00002249,VEH-0064,2026-02-05T13:06:00,12.473469,76.797721,24,MOVING,MAN-000153
TEL-00002250,VEH-0064,2026-02-05T13:20:00,12.475294,76.797566,20,MOVING,MAN-000153
TEL-00002251,VEH-0064,2026-02-05T13:34:00,12.47401,76.797116,0,STOPPED,MAN-000153
TEL-00002252,VEH-0064,2026-02-05T13:49:00,12.421098,76.818001,22,MOVING,MAN-000153
TEL-00002253,VEH-0064,2026-02-05T14:07:00,12.368099,76.840531,33,MOVING,MAN-000153
TEL-00002254,VEH-0064,2026-02-05T14:16:00,12.314825,76.864861,0,STOPPED,MAN-000153
TEL-00002255,VEH-0064,2026-02-05T14:32:00,12.313433,76.866446,35,MOVING,MAN-000153
TEL-00002256,VEH-0064,2026-02-05T14:44:00,12.313345,76.86317,19,MOVING,MAN-000153
TEL-00002257,VEH-0064,2026-02-05T14:58:00,12.314825,76.864861,0,STOPPED,MAN-000153
TEL-00002258,VEH-0064,2026-02-05T15:12:00,12.357303,76.825783,23,MOVING,MAN-000153
TEL-00002259,VEH-0064,2026-02-05T15:27:00,12.398639,76.78222,28,MOVING,MAN-000153
TEL-00002260,VEH-0064,2026-02-05T15:40:00,12.442498,76.741918,0,STOPPED,MAN-000153
TEL-00002261,VEH-0064,2026-02-05T15:57:00,12.440899,76.74075,33,MOVING,MAN-000153
TEL-00002262,VEH-0064,2026-02-05T16:10:00,12.441686,76.742096,22,MOVING,MAN-000153
TEL-00002263,VEH-0064,2026-02-05T16:27:00,12.442498,76.741918,0,STOPPED,MAN-000153
TEL-00002264,VEH-0064,2026-02-05T16:49:00,12.405699,76.810571,18,MOVING,MAN-000153
TEL-00002265,VEH-0064,2026-02-05T17:03:00,12.367352,76.87564,30,MOVING,MAN-000153
TEL-00002266,VEH-0064,2026-02-05T17:25:00,12.331478,76.942202,0,STOPPED,MAN-000153
TEL-00002267,VEH-0064,2026-02-05T17:47:00,12.330902,76.940337,29,MOVING,MAN-000153
TEL-00002268,VEH-0064,2026-02-05T18:01:00,12.333107,76.942385,20,MOVING,MAN-000153
TEL-00002269,VEH-0064,2026-02-05T18:25:00,12.331478,76.942202,0,STOPPED,MAN-000153
TEL-00002270,VEH-0064,2026-02-05T18:51:00,12.267309,76.882425,33,MOVING,MAN-000153
TEL-00002271,VEH-0064,2026-02-05T19:12:00,12.20608,76.820023,26,MOVING,MAN-000153
TEL-00002272,VEH-0064,2026-02-05T19:32:00,12.144756,76.758829,0,STOPPED,MAN-000153
TEL-00002273,VEH-0064,2026-02-05T19:53:00,12.145834,76.760348,29,MOVING,MAN-000153
TEL-00002274,VEH-0064,2026-02-05T20:16:00,12.146619,76.760731,25,MOVING,MAN-000153
TEL-00002275,VEH-0064,2026-02-05T20:35:00,12.144756,76.758829,0,STOPPED,MAN-000153
TEL-00002276,VEH-0064,2026-02-05T20:54:00,12.205903,76.812733,37,MOVING,MAN-000153
TEL-00002277,VEH-0064,2026-02-05T21:19:00,12.264406,76.867963,35,MOVING,MAN-000153
TEL-00002278,VEH-0064,2026-02-05T21:37:00,12.326085,76.921817,0,STOPPED,MAN-000153
TEL-00002279,VEH-0064,2026-02-05T22:00:00,12.327952,76.923623,37,MOVING,MAN-000153
TEL-00002280,VEH-0064,2026-02-05T22:17:00,12.324208,76.920943,21,MOVING,MAN-000153
TEL-00002281,VEH-0064,2026-02-05T22:36:00,12.326085,76.921817,0,STOPPED,MAN-000153
TEL-00002282,VEH-0064,2026-02-05T22:46:00,12.326085,76.921817,0,DELIVERED,MAN-000153
TEL-00002283,VEH-0039,2026-02-05T12:00:00,12.315359,76.884655,0,IDLE,MAN-000154
TEL-00002284,VEH-0039,2026-02-05T12:09:00,12.311847,76.922534,22,MOVING,MAN-000154
TEL-00002285,VEH-0039,2026-02-05T12:23:00,12.306553,76.961485,19,MOVING,MAN-000154
TEL-00002286,VEH-0039,2026-02-05T12:30:00,12.3024,76.997658,0,STOPPED,MAN-000154
TEL-00002287,VEH-0039,2026-02-05T12:42:00,12.301737,76.996677,25,MOVING,MAN-000154
TEL-00002288,VEH-0039,2026-02-05T12:49:00,12.30084,76.997649,26,MOVING,MAN-000154
TEL-00002289,VEH-0039,2026-02-05T13:02:00,12.3024,76.997658,0,STOPPED,MAN-000154
TEL-00002290,VEH-0039,2026-02-05T13:28:00,12.270956,76.911895,26,MOVING,MAN-000154
TEL-00002291,VEH-0039,2026-02-05T13:47:00,12.238656,76.823796,21,MOVING,MAN-000154
TEL-00002292,VEH-0039,2026-02-05T14:08:00,12.209402,76.738124,0,STOPPED,MAN-000154
TEL-00002293,VEH-0039,2026-02-05T14:35:00,12.207483,76.736936,22,MOVING,MAN-000154
TEL-00002294,VEH-0039,2026-02-05T14:56:00,12.207432,76.739535,34,MOVING,MAN-000154
TEL-00002295,VEH-0039,2026-02-05T15:17:00,12.209402,76.738124,0,STOPPED,MAN-000154
TEL-00002296,VEH-0039,2026-02-05T15:46:00,12.224802,76.843085,33,MOVING,MAN-000154
TEL-00002297,VEH-0039,2026-02-05T16:11:00,12.239993,76.942808,23,MOVING,MAN-000154
TEL-00002298,VEH-0039,2026-02-05T16:35:00,12.255484,77.047413,0,STOPPED,MAN-000154
TEL-00002299,VEH-0039,2026-02-05T17:02:00,12.256927,77.048855,29,MOVING,MAN-000154
TEL-00002300,VEH-0039,2026-02-05T17:27:00,12.256331,77.048976,30,MOVING,MAN-000154
TEL-00002301,VEH-0039,2026-02-05T17:52:00,12.255484,77.047413,0,STOPPED,MAN-000154
TEL-00002302,VEH-0039,2026-02-05T18:21:00,12.301298,76.937137,37,MOVING,MAN-000154
TEL-00002303,VEH-0039,2026-02-05T18:53:00,12.345381,76.823069,23,MOVING,MAN-000154
TEL-00002304,VEH-0039,2026-02-05T19:21:00,12.390759,76.713601,0,STOPPED,MAN-000154
TEL-00002305,VEH-0039,2026-02-05T19:51:00,12.390494,76.712247,18,MOVING,MAN-000154
TEL-00002306,VEH-0039,2026-02-05T20:23:00,12.389088,76.715432,37,MOVING,MAN-000154
TEL-00002307,VEH-0039,2026-02-05T20:51:00,12.390759,76.713601,0,STOPPED,MAN-000154
TEL-00002308,VEH-0039,2026-02-05T21:02:00,12.410464,76.735363,28,MOVING,MAN-000154
TEL-00002309,VEH-0039,2026-02-05T21:06:00,12.434555,76.75238,25,MOVING,MAN-000154
TEL-00002310,VEH-0039,2026-02-05T21:12:00,12.454621,76.774598,0,STOPPED,MAN-000154
TEL-00002311,VEH-0039,2026-02-05T21:21:00,12.453582,76.775528,31,MOVING,MAN-000154
TEL-00002312,VEH-0039,2026-02-05T21:29:00,12.45323,76.774067,28,MOVING,MAN-000154
TEL-00002313,VEH-0039,2026-02-05T21:33:00,12.454621,76.774598,0,STOPPED,MAN-000154
TEL-00002314,VEH-0039,2026-02-05T21:43:00,12.420018,76.761323,35,MOVING,MAN-000154
TEL-00002315,VEH-0039,2026-02-05T21:53:00,12.387481,76.750299,32,MOVING,MAN-000154
TEL-00002316,VEH-0039,2026-02-05T22:02:00,12.356649,76.736884,0,STOPPED,MAN-000154
TEL-00002317,VEH-0039,2026-02-05T22:10:00,12.355586,76.737854,31,MOVING,MAN-000154
TEL-00002318,VEH-0039,2026-02-05T22:19:00,12.357466,76.738316,22,MOVING,MAN-000154
TEL-00002319,VEH-0039,2026-02-05T22:27:00,12.356649,76.736884,0,STOPPED,MAN-000154
TEL-00002320,VEH-0039,2026-02-05T22:37:00,12.356649,76.736884,0,DELIVERED,MAN-000154
TEL-00002321,VEH-0114,2026-02-05T12:00:00,12.315359,76.884655,0,IDLE,MAN-000155
TEL-00002322,VEH-0114,2026-02-05T12:06:00,12.330213,76.902932,19,MOVING,MAN-000155
TEL-00002323,VEH-0114,2026-02-05T12:15:00,12.339733,76.918885,26,MOVING,MAN-000155
TEL-00002324,VEH-0114,2026-02-05T12:20:00,12.354429,76.937592,0,STOPPED,MAN-000155
TEL-00002325,VEH-0114,2026-02-05T12:30:00,12.35562,76.938327,24,MOVING,MAN-000155
TEL-00002326,VEH-0114,2026-02-05T12:33:00,12.355283,76.938794,36,MOVING,MAN-000155
TEL-00002327,VEH-0114,2026-02-05T12:39:00,12.354429,76.937592,0,STOPPED,MAN-000155
TEL-00002328,VEH-0114,2026-02-05T12:49:00,12.392668,76.96569,28,MOVING,MAN-000155
TEL-00002329,VEH-0114,2026-02-05T13:00:00,12.428767,76.991067,31,MOVING,MAN-000155
TEL-00002330,VEH-0114,2026-02-05T13:11:00,12.463981,77.017653,0,STOPPED,MAN-000155
TEL-00002331,VEH-0114,2026-02-05T13:25:00,12.464137,77.01908,21,MOVING,MAN-000155
TEL-00002332,VEH-0114,2026-02-05T13:37:00,12.463698,77.017514,31,MOVING,MAN-000155
TEL-00002333,VEH-0114,2026-02-05T13:46:00,12.463981,77.017653,0,STOPPED,MAN-000155
TEL-00002334,VEH-0114,2026-02-05T14:03:00,12.406709,77.030638,36,MOVING,MAN-000155
TEL-00002335,VEH-0114,2026-02-05T14:15:00,12.348056,77.041395,34,MOVING,MAN-000155
TEL-00002336,VEH-0114,2026-02-05T14:29:00,12.290594,77.055111,0,STOPPED,MAN-000155
TEL-00002337,VEH-0114,2026-02-05T14:46:00,12.292426,77.054034,31,MOVING,MAN-000155
TEL-00002338,VEH-0114,2026-02-05T14:57:00,12.291733,77.054767,34,MOVING,MAN-000155
TEL-00002339,VEH-0114,2026-02-05T15:12:00,12.290594,77.055111,0,STOPPED,MAN-000155
TEL-00002340,VEH-0114,2026-02-05T15:29:00,12.341648,77.017098,34,MOVING,MAN-000155
TEL-00002341,VEH-0114,2026-02-05T15:44:00,12.393236,76.979729,24,MOVING,MAN-000155
TEL-00002342,VEH-0114,2026-02-05T16:02:00,12.441691,76.942173,0,STOPPED,MAN-000155
TEL-00002343,VEH-0114,2026-02-05T16:20:00,12.442191,76.942995,18,MOVING,MAN-000155
TEL-00002344,VEH-0114,2026-02-05T16:33:00,12.442933,76.942847,28,MOVING,MAN-000155
TEL-00002345,VEH-0114,2026-02-05T16:48:00,12.441691,76.942173,0,STOPPED,MAN-000155
TEL-00002346,VEH-0114,2026-02-05T17:15:00,12.350076,76.881179,24,MOVING,MAN-000155
TEL-00002347,VEH-0114,2026-02-05T17:42:00,12.257314,76.81723,29,MOVING,MAN-000155
TEL-00002348,VEH-0114,2026-02-05T18:13:00,12.164955,76.753933,0,STOPPED,MAN-000155
TEL-00002349,VEH-0114,2026-02-05T18:43:00,12.16673,76.755201,31,MOVING,MAN-000155
TEL-00002350,VEH-0114,2026-02-05T19:12:00,12.166954,76.755243,23,MOVING,MAN-000155
TEL-00002351,VEH-0114,2026-02-05T19:36:00,12.164955,76.753933,0,STOPPED,MAN-000155
TEL-00002352,VEH-0114,2026-02-05T19:57:00,12.170795,76.830555,34,MOVING,MAN-000155
TEL-00002353,VEH-0114,2026-02-05T20:17:00,12.17467,76.907511,26,MOVING,MAN-000155
TEL-00002354,VEH-0114,2026-02-05T20:34:00,12.178367,76.983094,0,STOPPED,MAN-000155
TEL-00002355,VEH-0114,2026-02-05T20:54:00,12.176912,76.98484,37,MOVING,MAN-000155
TEL-00002356,VEH-0114,2026-02-05T21:13:00,12.179754,76.983608,21,MOVING,MAN-000155
TEL-00002357,VEH-0114,2026-02-05T21:33:00,12.178367,76.983094,0,STOPPED,MAN-000155
TEL-00002358,VEH-0114,2026-02-05T21:43:00,12.178367,76.983094,0,DELIVERED,MAN-000155
TEL-00002359,VEH-0014,2026-02-05T12:00:00,12.315359,76.884655,0,IDLE,MAN-000156
TEL-00002360,VEH-0014,2026-02-05T12:12:00,12.304599,76.926909,24,MOVING,MAN-000156
TEL-00002361,VEH-0014,2026-02-05T12:24:00,12.293216,76.967808,34,MOVING,MAN-000156
TEL-00002362,VEH-0014,2026-02-05T12:30:00,12.283201,77.010073,0,STOPPED,MAN-000156
TEL-00002363,VEH-0014,2026-02-05T12:41:00,12.283376,77.010749,24,MOVING,MAN-000156
TEL-00002364,VEH-0014,2026-02-05T12:50:00,12.281485,77.009574,36,MOVING,MAN-000156
TEL-00002365,VEH-0014,2026-02-05T13:05:00,12.283201,77.010073,0,STOPPED,MAN-000156
TEL-00002366,VEH-0014,2026-02-05T13:22:00,12.292218,76.93994,22,MOVING,MAN-000156
TEL-00002367,VEH-0014,2026-02-05T13:40:00,12.304478,76.866272,22,MOVING,MAN-000156
TEL-00002368,VEH-0014,2026-02-05T13:59:00,12.313231,76.797098,0,STOPPED,MAN-000156
TEL-00002369,VEH-0014,2026-02-05T14:20:00,12.313572,76.797649,32,MOVING,MAN-000156
TEL-00002370,VEH-0014,2026-02-05T14:34:00,12.311519,76.795721,21,MOVING,MAN-000156
TEL-00002371,VEH-0014,2026-02-05T14:53:00,12.313231,76.797098,0,STOPPED,MAN-000156
TEL-00002372,VEH-0014,2026-02-05T15:04:00,12.319349,76.82863,36,MOVING,MAN-000156
TEL-00002373,VEH-0014,2026-02-05T15:11:00,12.323304,76.859436,19,MOVING,MAN-000156
TEL-00002374,VEH-0014,2026-02-05T15:17:00,12.328848,76.887999,0,STOPPED,MAN-000156
TEL-00002375,VEH-0014,2026-02-05T15:27:00,12.327693,76.888377,27,MOVING,MAN-000156
TEL-00002376,VEH-0014,2026-02-05T15:34:00,12.330226,76.889967,19,MOVING,MAN-000156
TEL-00002377,VEH-0014,2026-02-05T15:39:00,12.328848,76.887999,0,STOPPED,MAN-000156
TEL-00002378,VEH-0014,2026-02-05T15:56:00,12.356878,76.946377,24,MOVING,MAN-000156
TEL-00002379,VEH-0014,2026-02-05T16:14:00,12.389309,77.002956,33,MOVING,MAN-000156
TEL-00002380,VEH-0014,2026-02-05T16:27:00,12.417474,77.058453,0,STOPPED,MAN-000156
TEL-00002381,VEH-0014,2026-02-05T16:46:00,12.417556,77.057142,30,MOVING,MAN-000156
TEL-00002382,VEH-0014,2026-02-05T16:58:00,12.416535,77.058853,30,MOVING,MAN-000156
TEL-00002383,VEH-0014,2026-02-05T17:15:00,12.417474,77.058453,0,STOPPED,MAN-000156
TEL-00002384,VEH-0014,2026-02-05T17:27:00,12.367231,77.045365,37,MOVING,MAN-000156
TEL-00002385,VEH-0014,2026-02-05T17:41:00,12.321222,77.029555,29,MOVING,MAN-000156
TEL-00002386,VEH-0014,2026-02-05T17:52:00,12.272349,77.016712,0,STOPPED,MAN-000156
TEL-00002387,VEH-0014,2026-02-05T18:04:00,12.27117,77.016532,19,MOVING,MAN-000156
TEL-00002388,VEH-0014,2026-02-05T18:17:00,12.271412,77.018332,20,MOVING,MAN-000156
TEL-00002389,VEH-0014,2026-02-05T18:32:00,12.272349,77.016712,0,STOPPED,MAN-000156
TEL-00002390,VEH-0014,2026-02-05T18:51:00,12.329642,76.966086,20,MOVING,MAN-000156
TEL-00002391,VEH-0014,2026-02-05T19:09:00,12.387826,76.916951,25,MOVING,MAN-000156
TEL-00002392,VEH-0014,2026-02-05T19:28:00,12.44733,76.864485,0,STOPPED,MAN-000156
TEL-00002393,VEH-0014,2026-02-05T19:46:00,12.445978,76.864091,22,MOVING,MAN-000156
TEL-00002394,VEH-0014,2026-02-05T20:05:00,12.446331,76.862519,32,MOVING,MAN-000156
TEL-00002395,VEH-0014,2026-02-05T20:27:00,12.44733,76.864485,0,STOPPED,MAN-000156
TEL-00002396,VEH-0014,2026-02-05T20:37:00,12.44733,76.864485,0,DELIVERED,MAN-000156
TEL-00002397,VEH-0140,2026-02-05T12:00:00,13.535697,76.951965,0,IDLE,MAN-000157
TEL-00002398,VEH-0140,2026-02-05T12:11:00,13.508243,76.971844,18,MOVING,MAN-000157
TEL-00002399,VEH-0140,2026-02-05T12:19:00,13.478745,76.990809,36,MOVING,MAN-000157
TEL-00002400,VEH-0140,2026-02-05T12:27:00,13.447733,77.013066,0,STOPPED,MAN-000157
TEL-00002401,VEH-0140,2026-02-05T12:36:00,13.446636,77.011954,36,MOVING,MAN-000157
TEL-00002402,VEH-0140,2026-02-05T12:43:00,13.447803,77.013108,25,MOVING,MAN-000157
TEL-00002403,VEH-0140,2026-02-05T12:54:00,13.447733,77.013066,0,STOPPED,MAN-000157
TEL-00002404,VEH-0140,2026-02-05T13:06:00,13.448843,76.958186,20,MOVING,MAN-000157
TEL-00002405,VEH-0140,2026-02-05T13:19:00,13.449388,76.905952,27,MOVING,MAN-000157
TEL-00002406,VEH-0140,2026-02-05T13:34:00,13.449251,76.853923,0,STOPPED,MAN-000157
TEL-00002407,VEH-0140,2026-02-05T13:51:00,13.449673,76.853191,19,MOVING,MAN-000157
TEL-00002408,VEH-0140,2026-02-05T14:03:00,13.451246,76.852239,27,MOVING,MAN-000157
TEL-00002409,VEH-0140,2026-02-05T14:13:00,13.449251,76.853923,0,STOPPED,MAN-000157
TEL-00002410,VEH-0140,2026-02-05T14:26:00,13.462252,76.890557,37,MOVING,MAN-000157
TEL-00002411,VEH-0140,2026-02-05T14:31:00,13.478846,76.927944,37,MOVING,MAN-000157
TEL-00002412,VEH-0140,2026-02-05T14:44:00,13.490673,76.967888,0,STOPPED,MAN-000157
TEL-00002413,VEH-0140,2026-02-05T14:54:00,13.490328,76.968008,24,MOVING,MAN-000157
TEL-00002414,VEH-0140,2026-02-05T15:06:00,13.490883,76.969876,37,MOVING,MAN-000157
TEL-00002415,VEH-0140,2026-02-05T15:17:00,13.490673,76.967888,0,STOPPED,MAN-000157
TEL-00002416,VEH-0140,2026-02-05T15:32:00,13.529583,76.918147,20,MOVING,MAN-000157
TEL-00002417,VEH-0140,2026-02-05T15:52:00,13.570772,76.868637,24,MOVING,MAN-000157
TEL-00002418,VEH-0140,2026-02-05T16:03:00,13.608955,76.816619,0,STOPPED,MAN-000157
TEL-00002419,VEH-0140,2026-02-05T16:21:00,13.607996,76.815371,30,MOVING,MAN-000157
TEL-00002420,VEH-0140,2026-02-05T16:33:00,13.609542,76.815424,23,MOVING,MAN-000157
TEL-00002421,VEH-0140,2026-02-05T16:54:00,13.608955,76.816619,0,STOPPED,MAN-000157
TEL-00002422,VEH-0140,2026-02-05T17:13:00,13.559894,76.867063,18,MOVING,MAN-000157
TEL-00002423,VEH-0140,2026-02-05T17:29:00,13.511224,76.922905,26,MOVING,MAN-000157
TEL-00002424,VEH-0140,2026-02-05T17:46:00,13.462093,76.97375,0,STOPPED,MAN-000157
TEL-00002425,VEH-0140,2026-02-05T18:05:00,13.463489,76.975654,35,MOVING,MAN-000157
TEL-00002426,VEH-0140,2026-02-05T18:23:00,13.463897,76.97529,24,MOVING,MAN-000157
TEL-00002427,VEH-0140,2026-02-05T18:42:00,13.462093,76.97375,0,STOPPED,MAN-000157
TEL-00002428,VEH-0140,2026-02-05T18:59:00,13.515409,76.988423,21,MOVING,MAN-000157
TEL-00002429,VEH-0140,2026-02-05T19:14:00,13.570533,77.004639,29,MOVING,MAN-000157
TEL-00002430,VEH-0140,2026-02-05T19:24:00,13.627282,77.022142,0,STOPPED,MAN-000157
TEL-00002431,VEH-0140,2026-02-05T19:39:00,13.628388,77.021156,20,MOVING,MAN-000157
TEL-00002432,VEH-0140,2026-02-05T19:57:00,13.628682,77.021786,31,MOVING,MAN-000157
TEL-00002433,VEH-0140,2026-02-05T20:07:00,13.627282,77.022142,0,STOPPED,MAN-000157
TEL-00002434,VEH-0140,2026-02-05T20:17:00,13.627282,77.022142,0,DELIVERED,MAN-000157
TEL-00002435,VEH-0115,2026-02-05T12:00:00,13.535697,76.951965,0,IDLE,MAN-000158
TEL-00002436,VEH-0115,2026-02-05T12:13:00,13.558296,76.98227,24,MOVING,MAN-000158
TEL-00002437,VEH-0115,2026-02-05T12:16:00,13.576822,77.01212,34,MOVING,MAN-000158
TEL-00002438,VEH-0115,2026-02-05T12:28:00,13.598004,77.039966,0,STOPPED,MAN-000158
TEL-00002439,VEH-0115,2026-02-05T12:36:00,13.598036,77.038051,34,MOVING,MAN-000158
TEL-00002440,VEH-0115,2026-02-05T12:46:00,13.596298,77.038635,28,MOVING,MAN-000158
TEL-00002441,VEH-0115,2026-02-05T12:57:00,13.598004,77.039966,0,STOPPED,MAN-000158
TEL-00002442,VEH-0115,2026-02-05T13:11:00,13.568342,76.98719,25,MOVING,MAN-000158
TEL-00002443,VEH-0115,2026-02-05T13:27:00,13.538689,76.935668,28,MOVING,MAN-000158
TEL-00002444,VEH-0115,2026-02-05T13:43:00,13.508785,76.882593,0,STOPPED,MAN-000158
TEL-00002445,VEH-0115,2026-02-05T13:59:00,13.509001,76.882971,27,MOVING,MAN-000158
TEL-00002446,VEH-0115,2026-02-05T14:14:00,13.507238,76.881986,37,MOVING,MAN-000158
TEL-00002447,VEH-0115,2026-02-05T14:30:00,13.508785,76.882593,0,STOPPED,MAN-000158
TEL-00002448,VEH-0115,2026-02-05T14:40:00,13.491637,76.892741,20,MOVING,MAN-000158
TEL-00002449,VEH-0115,2026-02-05T14:44:00,13.473012,76.902367,29,MOVING,MAN-000158
TEL-00002450,VEH-0115,2026-02-05T14:50:00,13.452281,76.910842,0,STOPPED,MAN-000158
TEL-00002451,VEH-0115,2026-02-05T14:59:00,13.451045,76.909485,33,MOVING,MAN-000158
TEL-00002452,VEH-0115,2026-02-05T15:00:00,13.452782,76.909627,24,MOVING,MAN-000158
TEL-00002453,VEH-0115,2026-02-05T15:05:00,13.452281,76.910842,0,STOPPED,MAN-000158
TEL-00002454,VEH-0115,2026-02-05T15:23:00,13.503389,76.87115,32,MOVING,MAN-000158
TEL-00002455,VEH-0115,2026-02-05T15:41:00,13.554072,76.830243,27,MOVING,MAN-000158
TEL-00002456,VEH-0115,2026-02-05T15:56:00,13.603673,76.787261,0,STOPPED,MAN-000158
TEL-00002457,VEH-0115,2026-02-05T16:13:00,13.60468,76.788856,23,MOVING,MAN-000158
TEL-00002458,VEH-0115,2026-02-05T16:27:00,13.602313,76.787181,23,MOVING,MAN-000158
TEL-00002459,VEH-0115,2026-02-05T16:45:00,13.603673,76.787261,0,STOPPED,MAN-000158
TEL-00002460,VEH-0115,2026-02-05T17:07:00,13.614706,76.857166,23,MOVING,MAN-000158
TEL-00002461,VEH-0115,2026-02-05T17:19:00,13.630986,76.928226,33,MOVING,MAN-000158
TEL-00002462,VEH-0115,2026-02-05T17:36:00,13.642382,76.99989,0,STOPPED,MAN-000158
TEL-00002463,VEH-0115,2026-02-05T17:54:00,13.641144,77.001166,31,MOVING,MAN-000158
TEL-00002464,VEH-0115,2026-02-05T18:13:00,13.641628,77.001577,35,MOVING,MAN-000158
TEL-00002465,VEH-0115,2026-02-05T18:29:00,13.642382,76.99989,0,STOPPED,MAN-000158
TEL-00002466,VEH-0115,2026-02-05T18:52:00,13.558528,76.966935,23,MOVING,MAN-000158
TEL-00002467,VEH-0115,2026-02-05T19:17:00,13.470411,76.936829,37,MOVING,MAN-000158
TEL-00002468,VEH-0115,2026-02-05T19:35:00,13.386521,76.903626,0,STOPPED,MAN-000158
TEL-00002469,VEH-0115,2026-02-05T19:58:00,13.385314,76.904561,19,MOVING,MAN-000158
TEL-00002470,VEH-0115,2026-02-05T20:20:00,13.386958,76.904157,36,MOVING,MAN-000158
TEL-00002471,VEH-0115,2026-02-05T20:44:00,13.386521,76.903626,0,STOPPED,MAN-000158
TEL-00002472,VEH-0115,2026-02-05T20:54:00,13.386521,76.903626,0,DELIVERED,MAN-000158
TEL-00002473,VEH-0140,2026-02-05T12:00:00,13.535697,76.951965,0,IDLE,MAN-000160
TEL-00002474,VEH-0140,2026-02-05T12:15:00,13.583239,76.953809,20,MOVING,MAN-000160
TEL-00002475,VEH-0140,2026-02-05T12:27:00,13.630413,76.961392,32,MOVING,MAN-000160
TEL-00002476,VEH-0140,2026-02-05T12:38:00,13.674952,76.963346,0,STOPPED,MAN-000160
TEL-00002477,VEH-0140,2026-02-05T12:54:00,13.674129,76.962695,24,MOVING,MAN-000160
TEL-00002478,VEH-0140,2026-02-05T13:00:00,13.675642,76.964327,36,MOVING,MAN-000160
TEL-00002479,VEH-0140,2026-02-05T13:15:00,13.674952,76.963346,0,STOPPED,MAN-000160
TEL-00002480,VEH-0140,2026-02-05T13:40:00,13.589243,76.921914,28,MOVING,MAN-000160
TEL-00002481,VEH-0140,2026-02-05T14:03:00,13.505295,76.880857,29,MOVING,MAN-000160
TEL-00002482,VEH-0140,2026-02-05T14:29:00,13.418903,76.840118,0,STOPPED,MAN-000160
TEL-00002483,VEH-0140,2026-02-05T14:57:00,13.420216,76.839781,37,MOVING,MAN-000160
TEL-00002484,VEH-0140,2026-02-05T15:15:00,13.420735,76.838789,35,MOVING,MAN-000160
TEL-00002485,VEH-0140,2026-02-05T15:43:00,13.418903,76.840118,0,STOPPED,MAN-000160
TEL-00002486,VEH-0140,2026-02-05T16:07:00,13.483955,76.893645,24,MOVING,MAN-000160
TEL-00002487,VEH-0140,2026-02-05T16:28:00,13.551489,76.94904,32,MOVING,MAN-000160
TEL-00002488,VEH-0140,2026-02-05T16:50:00,13.618932,77.006275,0,STOPPED,MAN-000160
TEL-00002489,VEH-0140,2026-02-05T17:14:00,13.617484,77.007813,31,MOVING,MAN-000160
TEL-00002490,VEH-0140,2026-02-05T17:33:00,13.617228,77.005158,36,MOVING,MAN-000160
TEL-00002491,VEH-0140,2026-02-05T17:57:00,13.618932,77.006275,0,STOPPED,MAN-000160
TEL-00002492,VEH-0140,2026-02-05T18:15:00,13.573466,76.962282,24,MOVING,MAN-000160
TEL-00002493,VEH-0140,2026-02-05T18:30:00,13.525916,76.914677,26,MOVING,MAN-000160
TEL-00002494,VEH-0140,2026-02-05T18:48:00,13.480616,76.869987,0,STOPPED,MAN-000160
TEL-00002495,VEH-0140,2026-02-05T19:06:00,13.481783,76.871469,37,MOVING,MAN-000160
TEL-00002496,VEH-0140,2026-02-05T19:21:00,13.480878,76.871883,33,MOVING,MAN-000160
TEL-00002497,VEH-0140,2026-02-05T19:38:00,13.480616,76.869987,0,STOPPED,MAN-000160
TEL-00002498,VEH-0140,2026-02-05T19:58:00,13.47153,76.955739,20,MOVING,MAN-000160
TEL-00002499,VEH-0140,2026-02-05T20:23:00,13.463551,77.044899,20,MOVING,MAN-000160
TEL-00002500,VEH-0140,2026-02-05T20:45:00,13.453789,77.130441,0,STOPPED,MAN-000160
TEL-00002501,VEH-0140,2026-02-05T21:06:00,13.452366,77.130393,29,MOVING,MAN-000160
TEL-00002502,VEH-0140,2026-02-05T21:29:00,13.453813,77.131374,35,MOVING,MAN-000160
TEL-00002503,VEH-0140,2026-02-05T21:51:00,13.453789,77.130441,0,STOPPED,MAN-000160
TEL-00002504,VEH-0140,2026-02-05T22:15:00,13.433011,77.029951,36,MOVING,MAN-000160
TEL-00002505,VEH-0140,2026-02-05T22:44:00,13.410444,76.931409,32,MOVING,MAN-000160
TEL-00002506,VEH-0140,2026-02-05T23:04:00,13.387829,76.833429,0,STOPPED,MAN-000160
TEL-00002507,VEH-0140,2026-02-05T23:33:00,13.386341,76.832803,36,MOVING,MAN-000160
TEL-00002508,VEH-0140,2026-02-05T23:53:00,13.38933,76.832177,27,MOVING,MAN-000160
TEL-00002509,VEH-0140,2026-02-06T00:19:00,13.387829,76.833429,0,STOPPED,MAN-000160
TEL-00002510,VEH-0140,2026-02-06T00:29:00,13.387829,76.833429,0,DELIVERED,MAN-000160
TEL-00002511,VEH-0091,2026-02-05T12:00:00,12.507164,76.571231,0,IDLE,MAN-000161
TEL-00002512,VEH-0091,2026-02-05T12:10:00,12.504984,76.606714,30,MOVING,MAN-000161
TEL-00002513,VEH-0091,2026-02-05T12:21:00,12.506339,76.637472,31,MOVING,MAN-000161
TEL-00002514,VEH-0091,2026-02-05T12:28:00,12.503681,76.673071,0,STOPPED,MAN-000161
TEL-00002515,VEH-0091,2026-02-05T12:36:00,12.502257,76.671821,23,MOVING,MAN-000161
TEL-00002516,VEH-0091,2026-02-05T12:44:00,12.501814,76.673223,21,MOVING,MAN-000161
TEL-00002517,VEH-0091,2026-02-05T12:52:00,12.503681,76.673071,0,STOPPED,MAN-000161
TEL-00002518,VEH-0091,2026-02-05T13:14:00,12.530452,76.583562,21,MOVING,MAN-000161
TEL-00002519,VEH-0091,2026-02-05T13:42:00,12.559418,76.490535,31,MOVING,MAN-000161
TEL-00002520,VEH-0091,2026-02-05T14:04:00,12.58847,76.400846,0,STOPPED,MAN-000161
TEL-00002521,VEH-0091,2026-02-05T14:27:00,12.590398,76.399666,19,MOVING,MAN-000161
TEL-00002522,VEH-0091,2026-02-05T14:52:00,12.588739,76.402023,26,MOVING,MAN-000161
TEL-00002523,VEH-0091,2026-02-05T15:14:00,12.58847,76.400846,0,STOPPED,MAN-000161
TEL-00002524,VEH-0091,2026-02-05T15:27:00,12.586401,76.435114,29,MOVING,MAN-000161
TEL-00002525,VEH-0091,2026-02-05T15:30:00,12.588245,76.468877,22,MOVING,MAN-000161
TEL-00002526,VEH-0091,2026-02-05T15:38:00,12.585915,76.505311,0,STOPPED,MAN-000161
TEL-00002527,VEH-0091,2026-02-05T15:47:00,12.587363,76.505245,24,MOVING,MAN-000161
TEL-00002528,VEH-0091,2026-02-05T15:59:00,12.585684,76.503889,24,MOVING,MAN-000161
TEL-00002529,VEH-0091,2026-02-05T16:03:00,12.585915,76.505311,0,STOPPED,MAN-000161
TEL-00002530,VEH-0091,2026-02-05T16:12:00,12.563301,76.537325,19,MOVING,MAN-000161
TEL-00002531,VEH-0091,2026-02-05T16:26:00,12.537923,76.570507,22,MOVING,MAN-000161
TEL-00002532,VEH-0091,2026-02-05T16:37:00,12.514365,76.60295,0,STOPPED,MAN-000161
TEL-00002533,VEH-0091,2026-02-05T16:49:00,12.515374,76.601856,20,MOVING,MAN-000161
TEL-00002534,VEH-0091,2026-02-05T16:57:00,12.51312,76.604787,36,MOVING,MAN-000161
TEL-00002535,VEH-0091,2026-02-05T17:06:00,12.514365,76.60295,0,STOPPED,MAN-000161
TEL-00002536,VEH-0091,2026-02-05T17:21:00,12.565415,76.620937,21,MOVING,MAN-000161
TEL-00002537,VEH-0091,2026-02-05T17:34:00,12.616951,76.63807,28,MOVING,MAN-000161
TEL-00002538,VEH-0091,2026-02-05T17:50:00,12.667038,76.655128,0,STOPPED,MAN-000161
TEL-00002539,VEH-0091,2026-02-05T18:06:00,12.66835,76.653947,25,MOVING,MAN-000161
TEL-00002540,VEH-0091,2026-02-05T18:17:00,12.665381,76.65463,24,MOVING,MAN-000161
TEL-00002541,VEH-0091,2026-02-05T18:31:00,12.667038,76.655128,0,STOPPED,MAN-000161
TEL-00002542,VEH-0091,2026-02-05T18:36:00,12.64965,76.654139,34,MOVING,MAN-000161
TEL-00002543,VEH-0091,2026-02-05T18:40:00,12.636621,76.656351,24,MOVING,MAN-000161
TEL-00002544,VEH-0091,2026-02-05T18:42:00,12.620082,76.656664,0,STOPPED,MAN-000161
TEL-00002545,VEH-0091,2026-02-05T18:49:00,12.619252,76.658242,18,MOVING,MAN-000161
TEL-00002546,VEH-0091,2026-02-05T18:50:00,12.621941,76.655323,34,MOVING,MAN-000161
TEL-00002547,VEH-0091,2026-02-05T18:53:00,12.620082,76.656664,0,STOPPED,MAN-000161
TEL-00002548,VEH-0091,2026-02-05T19:03:00,12.620082,76.656664,0,DELIVERED,MAN-000161
TEL-00002549,VEH-0141,2026-02-05T12:00:00,12.507164,76.571231,0,IDLE,MAN-000162
TEL-00002550,VEH-0141,2026-02-05T12:12:00,12.462434,76.580821,22,MOVING,MAN-000162
TEL-00002551,VEH-0141,2026-02-05T12:26:00,12.42032,76.591639,29,MOVING,MAN-000162
TEL-00002552,VEH-0141,2026-02-05T12:33:00,12.378784,76.601186,0,STOPPED,MAN-000162
TEL-00002553,VEH-0141,2026-02-05T12:48:00,12.379316,76.602269,35,MOVING,MAN-000162
TEL-00002554,VEH-0141,2026-02-05T12:56:00,12.37902,76.601434,34,MOVING,MAN-000162
TEL-00002555,VEH-0141,2026-02-05T13:07:00,12.378784,76.601186,0,STOPPED,MAN-000162
TEL-00002556,VEH-0141,2026-02-05T13:15:00,12.396724,76.578311,28,MOVING,MAN-000162
TEL-00002557,VEH-0141,2026-02-05T13:23:00,12.416373,76.555324,27,MOVING,MAN-000162
TEL-00002558,VEH-0141,2026-02-05T13:32:00,12.432937,76.53011,0,STOPPED,MAN-000162
TEL-00002559,VEH-0141,2026-02-05T13:40:00,12.431741,76.531397,24,MOVING,MAN-000162
TEL-00002560,VEH-0141,2026-02-05T13:48:00,12.43476,76.530845,33,MOVING,MAN-000162
TEL-00002561,VEH-0141,2026-02-05T13:58:00,12.432937,76.53011,0,STOPPED,MAN-000162
TEL-00002562,VEH-0141,2026-02-05T14:07:00,12.418876,76.513263,25,MOVING,MAN-000162
TEL-00002563,VEH-0141,2026-02-05T14:11:00,12.404643,76.498325,22,MOVING,MAN-000162
TEL-00002564,VEH-0141,2026-02-05T14:14:00,12.392558,76.482157,0,STOPPED,MAN-000162
TEL-00002565,VEH-0141,2026-02-05T14:20:00,12.392127,76.483404,20,MOVING,MAN-000162
TEL-00002566,VEH-0141,2026-02-05T14:29:00,12.392014,76.481963,29,MOVING,MAN-000162
TEL-00002567,VEH-0141,2026-02-05T14:33:00,12.392558,76.482157,0,STOPPED,MAN-000162
TEL-00002568,VEH-0141,2026-02-05T14:38:00,12.404352,76.472487,29,MOVING,MAN-000162
TEL-00002569,VEH-0141,2026-02-05T14:43:00,12.416699,76.465412,20,MOVING,MAN-000162
TEL-00002570,VEH-0141,2026-02-05T14:47:00,12.427274,76.457255,0,STOPPED,MAN-000162
TEL-00002571,VEH-0141,2026-02-05T14:51:00,12.428886,76.458767,31,MOVING,MAN-000162
TEL-00002572,VEH-0141,2026-02-05T14:55:00,12.425655,76.45894,37,MOVING,MAN-000162
TEL-00002573,VEH-0141,2026-02-05T14:59:00,12.427274,76.457255,0,STOPPED,MAN-000162
TEL-00002574,VEH-0141,2026-02-05T15:32:00,12.496403,76.54863,25,MOVING,MAN-000162
TEL-00002575,VEH-0141,2026-02-05T15:56:00,12.567385,76.644335,29,MOVING,MAN-000162
TEL-00002576,VEH-0141,2026-02-05T16:23:00,12.639382,76.736283,0,STOPPED,MAN-000162
TEL-00002577,VEH-0141,2026-02-05T16:56:00,12.637937,76.736719,32,MOVING,MAN-000162
TEL-00002578,VEH-0141,2026-02-05T17:21:00,12.641156,76.73814,20,MOVING,MAN-000162
TEL-00002579,VEH-0141,2026-02-05T17:52:00,12.639382,76.736283,0,STOPPED,MAN-000162
TEL-00002580,VEH-0141,2026-02-05T18:22:00,12.554541,76.672337,18,MOVING,MAN-000162
TEL-00002581,VEH-0141,2026-02-05T18:47:00,12.465914,76.606938,30,MOVING,MAN-000162
TEL-00002582,VEH-0141,2026-02-05T19:10:00,12.381297,76.544283,0,STOPPED,MAN-000162
TEL-00002583,VEH-0141,2026-02-05T19:38:00,12.380357,76.544958,18,MOVING,MAN-000162
TEL-00002584,VEH-0141,2026-02-05T20:07:00,12.382413,76.544335,32,MOVING,MAN-000162
TEL-00002585,VEH-0141,2026-02-05T20:30:00,12.381297,76.544283,0,STOPPED,MAN-000162
TEL-00002586,VEH-0141,2026-02-05T20:40:00,12.381297,76.544283,0,DELIVERED,MAN-000162
TEL-00002587,VEH-0117,2026-02-05T12:00:00,13.164086,75.821312,0,IDLE,MAN-000165
TEL-00002588,VEH-0117,2026-02-05T12:10:00,13.150229,75.8464,36,MOVING,MAN-000165
TEL-00002589,VEH-0117,2026-02-05T12:13:00,13.137786,75.871619,20,MOVING,MAN-000165
TEL-00002590,VEH-0117,2026-02-05T12:23:00,13.125397,75.898039,0,STOPPED,MAN-000165
TEL-00002591,VEH-0117,2026-02-05T12:31:00,13.125211,75.8994,33,MOVING,MAN-000165
TEL-00002592,VEH-0117,2026-02-05T12:36:00,13.124796,75.896214,22,MOVING,MAN-000165
TEL-00002593,VEH-0117,2026-02-05T12:45:00,13.125397,75.898039,0,STOPPED,MAN-000165
TEL-00002594,VEH-0117,2026-02-05T13:03:00,13.118664,75.820367,37,MOVING,MAN-000165
TEL-00002595,VEH-0117,2026-02-05T13:23:00,13.109183,75.744579,30,MOVING,MAN-000165
TEL-00002596,VEH-0117,2026-02-05T13:43:00,13.1012,75.670459,0,STOPPED,MAN-000165
TEL-00002597,VEH-0117,2026-02-05T14:04:00,13.102145,75.67046,22,MOVING,MAN-000165
TEL-00002598,VEH-0117,2026-02-05T14:24:00,13.099859,75.671761,37,MOVING,MAN-000165
TEL-00002599,VEH-0117,2026-02-05T14:40:00,13.1012,75.670459,0,STOPPED,MAN-000165
TEL-00002600,VEH-0117,2026-02-05T14:45:00,13.097579,75.693948,31,MOVING,MAN-000165
TEL-00002601,VEH-0117,2026-02-05T14:54:00,13.098327,75.717425,28,MOVING,MAN-000165
TEL-00002602,VEH-0117,2026-02-05T14:58:00,13.094669,75.741395,0,STOPPED,MAN-000165
TEL-00002603,VEH-0117,2026-02-05T15:07:00,13.093167,75.742511,24,MOVING,MAN-000165
TEL-00002604,VEH-0117,2026-02-05T15:08:00,13.095962,75.742164,19,MOVING,MAN-000165
TEL-00002605,VEH-0117,2026-02-05T15:15:00,13.094669,75.741395,0,STOPPED,MAN-000165
TEL-00002606,VEH-0117,2026-02-05T15:28:00,13.110154,75.796559,29,MOVING,MAN-000165
TEL-00002607,VEH-0117,2026-02-05T15:43:00,13.120645,75.851891,31,MOVING,MAN-000165
TEL-00002608,VEH-0117,2026-02-05T16:00:00,13.135498,75.908333,0,STOPPED,MAN-000165
TEL-00002609,VEH-0117,2026-02-05T16:15:00,13.13675,75.90828,37,MOVING,MAN-000165
TEL-00002610,VEH-0117,2026-02-05T16:31:00,13.137191,75.909675,28,MOVING,MAN-000165
TEL-00002611,VEH-0117,2026-02-05T16:45:00,13.135498,75.908333,0,STOPPED,MAN-000165
TEL-00002612,VEH-0117,2026-02-05T17:06:00,13.120936,75.844151,22,MOVING,MAN-000165
TEL-00002613,VEH-0117,2026-02-05T17:17:00,13.107292,75.776974,30,MOVING,MAN-000165
TEL-00002614,VEH-0117,2026-02-05T17:35:00,13.093759,75.710134,0,STOPPED,MAN-000165
TEL-00002615,VEH-0117,2026-02-05T17:53:00,13.092159,75.710498,22,MOVING,MAN-000165
TEL-00002616,VEH-0117,2026-02-05T18:10:00,13.092902,75.708371,32,MOVING,MAN-000165
TEL-00002617,VEH-0117,2026-02-05T18:26:00,13.093759,75.710134,0,STOPPED,MAN-000165
TEL-00002618,VEH-0117,2026-02-05T18:40:00,13.143896,75.720139,30,MOVING,MAN-000165
TEL-00002619,VEH-0117,2026-02-05T18:52:00,13.193393,75.734308,29,MOVING,MAN-000165
TEL-00002620,VEH-0117,2026-02-05T19:08:00,13.244932,75.745123,0,STOPPED,MAN-000165
TEL-00002621,VEH-0117,2026-02-05T19:25:00,13.245162,75.746792,22,MOVING,MAN-000165
TEL-00002622,VEH-0117,2026-02-05T19:32:00,13.243276,75.746895,26,MOVING,MAN-000165
TEL-00002623,VEH-0117,2026-02-05T19:47:00,13.244932,75.745123,0,STOPPED,MAN-000165
TEL-00002624,VEH-0117,2026-02-05T19:57:00,13.244932,75.745123,0,DELIVERED,MAN-000165
TEL-00002625,VEH-0017,2026-02-05T12:00:00,13.164086,75.821312,0,IDLE,MAN-000167
TEL-00002626,VEH-0017,2026-02-05T12:07:00,13.185489,75.798092,33,MOVING,MAN-000167
TEL-00002627,VEH-0017,2026-02-05T12:19:00,13.204823,75.773064,28,MOVING,MAN-000167
TEL-00002628,VEH-0017,2026-02-05T12:27:00,13.226155,75.748465,0,STOPPED,MAN-000167
TEL-00002629,VEH-0017,2026-02-05T12:38:00,13.225677,75.747473,37,MOVING,MAN-000167
TEL-00002630,VEH-0017,2026-02-05T12:44:00,13.224852,75.749133,20,MOVING,MAN-000167
TEL-00002631,VEH-0017,2026-02-05T12:52:00,13.226155,75.748465,0,STOPPED,MAN-000167
TEL-00002632,VEH-0017,2026-02-05T13:03:00,13.261875,75.735411,22,MOVING,MAN-000167
TEL-00002633,VEH-0017,2026-02-05T13:11:00,13.296413,75.721086,35,MOVING,MAN-000167
TEL-00002634,VEH-0017,2026-02-05T13:23:00,13.331002,75.708381,0,STOPPED,MAN-000167
TEL-00002635,VEH-0017,2026-02-05T13:37:00,13.330595,75.706658,34,MOVING,MAN-000167
TEL-00002636,VEH-0017,2026-02-05T13:44:00,13.33231,75.706488,23,MOVING,MAN-000167
TEL-00002637,VEH-0017,2026-02-05T13:54:00,13.331002,75.708381,0,STOPPED,MAN-000167
TEL-00002638,VEH-0017,2026-02-05T14:14:00,13.287037,75.783572,20,MOVING,MAN-000167
TEL-00002639,VEH-0017,2026-02-05T14:38:00,13.242532,75.856208,20,MOVING,MAN-000167
TEL-00002640,VEH-0017,2026-02-05T14:59:00,13.195917,75.932657,0,STOPPED,MAN-000167
TEL-00002641,VEH-0017,2026-02-05T15:22:00,13.197081,75.93104,23,MOVING,MAN-000167
TEL-00002642,VEH-0017,2026-02-05T15:45:00,13.19675,75.932217,24,MOVING,MAN-000167
TEL-00002643,VEH-0017,2026-02-05T16:03:00,13.195917,75.932657,0,STOPPED,MAN-000167
TEL-00002644,VEH-0017,2026-02-05T16:10:00,13.207877,75.926745,29,MOVING,MAN-000167
TEL-00002645,VEH-0017,2026-02-05T16:13:00,13.224277,75.92375,34,MOVING,MAN-000167
TEL-00002646,VEH-0017,2026-02-05T16:14:00,13.236037,75.920872,0,STOPPED,MAN-000167
TEL-00002647,VEH-0017,2026-02-05T16:21:00,13.23498,75.922548,30,MOVING,MAN-000167
TEL-00002648,VEH-0017,2026-02-05T16:22:00,13.237224,75.920253,33,MOVING,MAN-000167
TEL-00002649,VEH-0017,2026-02-05T16:28:00,13.236037,75.920872,0,STOPPED,MAN-000167
TEL-00002650,VEH-0017,2026-02-05T16:45:00,13.233639,75.852669,25,MOVING,MAN-000167
TEL-00002651,VEH-0017,2026-02-05T17:01:00,13.230904,75.78279,27,MOVING,MAN-000167
TEL-00002652,VEH-0017,2026-02-05T17:22:00,13.229214,75.713491,0,STOPPED,MAN-000167
TEL-00002653,VEH-0017,2026-02-05T17:40:00,13.229172,75.713482,28,MOVING,MAN-000167
TEL-00002654,VEH-0017,2026-02-05T17:57:00,13.229795,75.712397,18,MOVING,MAN-000167
TEL-00002655,VEH-0017,2026-02-05T18:11:00,13.229214,75.713491,0,STOPPED,MAN-000167
TEL-00002656,VEH-0017,2026-02-05T18:39:00,13.202949,75.807952,23,MOVING,MAN-000167
TEL-00002657,VEH-0017,2026-02-05T18:58:00,13.176354,75.903733,29,MOVING,MAN-000167
TEL-00002658,VEH-0017,2026-02-05T19:20:00,13.152817,75.996131,0,STOPPED,MAN-000167
TEL-00002659,VEH-0017,2026-02-05T19:43:00,13.151263,75.995195,23,MOVING,MAN-000167
TEL-00002660,VEH-0017,2026-02-05T20:11:00,13.153363,75.997736,31,MOVING,MAN-000167
TEL-00002661,VEH-0017,2026-02-05T20:32:00,13.152817,75.996131,0,STOPPED,MAN-000167
TEL-00002662,VEH-0017,2026-02-05T20:42:00,13.152817,75.996131,0,DELIVERED,MAN-000167
TEL-00002663,VEH-0018,2026-02-05T12:00:00,13.657366,75.759563,0,IDLE,MAN-000170
TEL-00002664,VEH-0018,2026-02-05T12:02:00,13.657235,75.771274,36,MOVING,MAN-000170
TEL-00002665,VEH-0018,2026-02-05T12:09:00,13.65632,75.779694,27,MOVING,MAN-000170
TEL-00002666,VEH-0018,2026-02-05T12:12:00,13.654962,75.790071,0,STOPPED,MAN-000170
TEL-00002667,VEH-0018,2026-02-05T12:16:00,13.654198,75.789314,22,MOVING,MAN-000170
TEL-00002668,VEH-0018,2026-02-05T12:19:00,13.653598,75.791601,34,MOVING,MAN-000170
TEL-00002669,VEH-0018,2026-02-05T12:21:00,13.654962,75.790071,0,STOPPED,MAN-000170
TEL-00002670,VEH-0018,2026-02-05T12:31:00,13.623857,75.807644,28,MOVING,MAN-000170
TEL-00002671,VEH-0018,2026-02-05T12:42:00,13.594578,75.830672,18,MOVING,MAN-000170
TEL-00002672,VEH-0018,2026-02-05T12:49:00,13.562725,75.84845,0,STOPPED,MAN-000170
TEL-00002673,VEH-0018,2026-02-05T12:57:00,13.56076,75.84876,36,MOVING,MAN-000170
TEL-00002674,VEH-0018,2026-02-05T13:06:00,13.56289,75.849898,21,MOVING,MAN-000170
TEL-00002675,VEH-0018,2026-02-05T13:18:00,13.562725,75.84845,0,STOPPED,MAN-000170
TEL-00002676,VEH-0018,2026-02-05T13:39:00,13.548958,75.773745,30,MOVING,MAN-000170
TEL-00002677,VEH-0018,2026-02-05T13:58:00,13.532494,75.697021,24,MOVING,MAN-000170
TEL-00002678,VEH-0018,2026-02-05T14:16:00,13.517587,75.619412,0,STOPPED,MAN-000170
TEL-00002679,VEH-0018,2026-02-05T14:35:00,13.518599,75.620906,36,MOVING,MAN-000170
TEL-00002680,VEH-0018,2026-02-05T14:53:00,13.518057,75.617596,31,MOVING,MAN-000170
TEL-00002681,VEH-0018,2026-02-05T15:12:00,13.517587,75.619412,0,STOPPED,MAN-000170
TEL-00002682,VEH-0018,2026-02-05T15:44:00,13.602694,75.715754,30,MOVING,MAN-000170
TEL-00002683,VEH-0018,2026-02-05T16:17:00,13.684632,75.811564,36,MOVING,MAN-000170
TEL-00002684,VEH-0018,2026-02-05T16:45:00,13.770157,75.907351,0,STOPPED,MAN-000170
TEL-00002685,VEH-0018,2026-02-05T17:15:00,13.772064,75.908707,21,MOVING,MAN-000170
TEL-00002686,VEH-0018,2026-02-05T17:48:00,13.768564,75.908958,33,MOVING,MAN-000170
TEL-00002687,VEH-0018,2026-02-05T18:17:00,13.770157,75.907351,0,STOPPED,MAN-000170
TEL-00002688,VEH-0018,2026-02-05T18:45:00,13.704428,75.82503,19,MOVING,MAN-000170
TEL-00002689,VEH-0018,2026-02-05T19:09:00,13.636172,75.742972,25,MOVING,MAN-000170
TEL-00002690,VEH-0018,2026-02-05T19:38:00,13.569249,75.657943,0,STOPPED,MAN-000170
TEL-00002691,VEH-0018,2026-02-05T20:04:00,13.567378,75.659161,22,MOVING,MAN-000170
TEL-00002692,VEH-0018,2026-02-05T20:30:00,13.57076,75.658939,18,MOVING,MAN-000170
TEL-00002693,VEH-0018,2026-02-05T21:00:00,13.569249,75.657943,0,STOPPED,MAN-000170
TEL-00002694,VEH-0018,2026-02-05T21:11:00,13.555048,75.632903,34,MOVING,MAN-000170
TEL-00002695,VEH-0018,2026-02-05T21:14:00,13.539355,75.606597,23,MOVING,MAN-000170
TEL-00002696,VEH-0018,2026-02-05T21:22:00,13.527199,75.582277,0,STOPPED,MAN-000170
TEL-00002697,VEH-0018,2026-02-05T21:28:00,13.528209,75.582748,26,MOVING,MAN-000170
TEL-00002698,VEH-0018,2026-02-05T21:39:00,13.526655,75.582293,27,MOVING,MAN-000170
TEL-00002699,VEH-0018,2026-02-05T21:43:00,13.527199,75.582277,0,STOPPED,MAN-000170
TEL-00002700,VEH-0018,2026-02-05T21:53:00,13.527199,75.582277,0,DELIVERED,MAN-000170
TEL-00002701,VEH-0143,2026-02-05T12:00:00,13.657366,75.759563,0,IDLE,MAN-000171
TEL-00002702,VEH-0143,2026-02-05T12:14:00,13.619047,75.796971,32,MOVING,MAN-000171
TEL-00002703,VEH-0143,2026-02-05T12:29:00,13.584948,75.835027,27,MOVING,MAN-000171
TEL-00002704,VEH-0143,2026-02-05T12:42:00,13.546403,75.874343,0,STOPPED,MAN-000171
TEL-00002705,VEH-0143,2026-02-05T12:56:00,13.544645,75.874516,32,MOVING,MAN-000171
TEL-00002706,VEH-0143,2026-02-05T13:12:00,13.545038,75.876306,34,MOVING,MAN-000171
TEL-00002707,VEH-0143,2026-02-05T13:24:00,13.546403,75.874343,0,STOPPED,MAN-000171
TEL-00002708,VEH-0143,2026-02-05T13:42:00,13.529115,75.803359,22,MOVING,MAN-000171
TEL-00002709,VEH-0143,2026-02-05T13:58:00,13.508154,75.733939,33,MOVING,MAN-000171
TEL-00002710,VEH-0143,2026-02-05T14:20:00,13.490515,75.662928,0,STOPPED,MAN-000171
TEL-00002711,VEH-0143,2026-02-05T14:37:00,13.491065,75.664581,29,MOVING,MAN-000171
TEL-00002712,VEH-0143,2026-02-05T14:56:00,13.491246,75.662334,22,MOVING,MAN-000171
TEL-00002713,VEH-0143,2026-02-05T15:12:00,13.490515,75.662928,0,STOPPED,MAN-000171
TEL-00002714,VEH-0143,2026-02-05T15:35:00,13.549751,75.730291,22,MOVING,MAN-000171
TEL-00002715,VEH-0143,2026-02-05T15:58:00,13.609646,75.796184,29,MOVING,MAN-000171
TEL-00002716,VEH-0143,2026-02-05T16:21:00,13.670001,75.862045,0,STOPPED,MAN-000171
TEL-00002717,VEH-0143,2026-02-05T16:47:00,13.671961,75.862914,28,MOVING,MAN-000171
TEL-00002718,VEH-0143,2026-02-05T17:05:00,13.6715,75.860435,19,MOVING,MAN-000171
TEL-00002719,VEH-0143,2026-02-05T17:25:00,13.670001,75.862045,0,STOPPED,MAN-000171
TEL-00002720,VEH-0143,2026-02-05T17:41:00,13.688118,75.805981,35,MOVING,MAN-000171
TEL-00002721,VEH-0143,2026-02-05T17:55:00,13.702422,75.750961,33,MOVING,MAN-000171
TEL-00002722,VEH-0143,2026-02-05T18:08:00,13.719214,75.696379,0,STOPPED,MAN-000171
TEL-00002723,VEH-0143,2026-02-05T18:23:00,13.720167,75.696879,25,MOVING,MAN-000171
TEL-00002724,VEH-0143,2026-02-05T18:36:00,13.717593,75.696466,28,MOVING,MAN-000171
TEL-00002725,VEH-0143,2026-02-05T18:49:00,13.719214,75.696379,0,STOPPED,MAN-000171
TEL-00002726,VEH-0143,2026-02-05T19:07:00,13.647478,75.716157,19,MOVING,MAN-000171
TEL-00002727,VEH-0143,2026-02-05T19:26:00,13.570791,75.735544,25,MOVING,MAN-000171
TEL-00002728,VEH-0143,2026-02-05T19:47:00,13.498156,75.756693,0,STOPPED,MAN-000171
TEL-00002729,VEH-0143,2026-02-05T20:09:00,13.49746,75.756951,37,MOVING,MAN-000171
TEL-00002730,VEH-0143,2026-02-05T20:23:00,13.498913,75.755644,19,MOVING,MAN-000171
TEL-00002731,VEH-0143,2026-02-05T20:45:00,13.498156,75.756693,0,STOPPED,MAN-000171
TEL-00002732,VEH-0143,2026-02-05T20:58:00,13.554351,75.750321,28,MOVING,MAN-000171
TEL-00002733,VEH-0143,2026-02-05T21:16:00,13.608442,75.741298,36,MOVING,MAN-000171
TEL-00002734,VEH-0143,2026-02-05T21:27:00,13.664934,75.73333,0,STOPPED,MAN-000171
TEL-00002735,VEH-0143,2026-02-05T21:41:00,13.665286,75.734649,29,MOVING,MAN-000171
TEL-00002736,VEH-0143,2026-02-05T21:56:00,13.664488,75.731968,29,MOVING,MAN-000171
TEL-00002737,VEH-0143,2026-02-05T22:11:00,13.664934,75.73333,0,STOPPED,MAN-000171
TEL-00002738,VEH-0143,2026-02-05T22:21:00,13.664934,75.73333,0,DELIVERED,MAN-000171
TEL-00002739,VEH-0144,2026-02-05T12:00:00,12.883141,77.795168,0,IDLE,MAN-000174
TEL-00002740,VEH-0144,2026-02-05T12:16:00,12.841223,77.764569,28,MOVING,MAN-000174
TEL-00002741,VEH-0144,2026-02-05T12:28:00,12.796144,77.731839,31,MOVING,MAN-000174
TEL-00002742,VEH-0144,2026-02-05T12:44:00,12.752123,77.701706,0,STOPPED,MAN-000174
TEL-00002743,VEH-0144,2026-02-05T13:02:00,12.751878,77.702548,29,MOVING,MAN-000174
TEL-00002744,VEH-0144,2026-02-05T13:14:00,12.751578,77.699843,30,MOVING,MAN-000174
TEL-00002745,VEH-0144,2026-02-05T13:27:00,12.752123,77.701706,0,STOPPED,MAN-000174
TEL-00002746,VEH-0144,2026-02-05T13:36:00,12.78629,77.722574,34,MOVING,MAN-000174
TEL-00002747,VEH-0144,2026-02-05T13:49:00,12.819247,77.742047,19,MOVING,MAN-000174
TEL-00002748,VEH-0144,2026-02-05T13:55:00,12.853278,77.763,0,STOPPED,MAN-000174
TEL-00002749,VEH-0144,2026-02-05T14:06:00,12.854811,77.762092,29,MOVING,MAN-000174
TEL-00002750,VEH-0144,2026-02-05T14:13:00,12.85482,77.761258,22,MOVING,MAN-000174
TEL-00002751,VEH-0144,2026-02-05T14:27:00,12.853278,77.763,0,STOPPED,MAN-000174
TEL-00002752,VEH-0144,2026-02-05T14:36:00,12.834882,77.792487,26,MOVING,MAN-000174
TEL-00002753,VEH-0144,2026-02-05T14:45:00,12.819699,77.824354,23,MOVING,MAN-000174
TEL-00002754,VEH-0144,2026-02-05T14:53:00,12.803392,77.85454,0,STOPPED,MAN-000174
TEL-00002755,VEH-0144,2026-02-05T15:03:00,12.801585,77.853164,25,MOVING,MAN-000174
TEL-00002756,VEH-0144,2026-02-05T15:13:00,12.804024,77.854235,32,MOVING,MAN-000174
TEL-00002757,VEH-0144,2026-02-05T15:22:00,12.803392,77.85454,0,STOPPED,MAN-000174
TEL-00002758,VEH-0144,2026-02-05T15:34:00,12.832739,77.843623,37,MOVING,MAN-000174
TEL-00002759,VEH-0144,2026-02-05T15:39:00,12.864029,77.831015,35,MOVING,MAN-000174
TEL-00002760,VEH-0144,2026-02-05T15:46:00,12.892019,77.819669,0,STOPPED,MAN-000174
TEL-00002761,VEH-0144,2026-02-05T15:55:00,12.892665,77.821016,30,MOVING,MAN-000174
TEL-00002762,VEH-0144,2026-02-05T16:03:00,12.892842,77.81836,35,MOVING,MAN-000174
TEL-00002763,VEH-0144,2026-02-05T16:10:00,12.892019,77.819669,0,STOPPED,MAN-000174
TEL-00002764,VEH-0144,2026-02-05T16:27:00,12.837869,77.836379,33,MOVING,MAN-000174
TEL-00002765,VEH-0144,2026-02-05T16:40:00,12.789114,77.851041,28,MOVING,MAN-000174
TEL-00002766,VEH-0144,2026-02-05T16:49:00,12.735165,77.863993,0,STOPPED,MAN-000174
TEL-00002767,VEH-0144,2026-02-05T17:05:00,12.734243,77.865433,24,MOVING,MAN-000174
TEL-00002768,VEH-0144,2026-02-05T17:17:00,12.736523,77.862629,34,MOVING,MAN-000174
TEL-00002769,VEH-0144,2026-02-05T17:29:00,12.735165,77.863993,0,STOPPED,MAN-000174
TEL-00002770,VEH-0144,2026-02-05T17:51:00,12.760255,77.786732,29,MOVING,MAN-000174
TEL-00002771,VEH-0144,2026-02-05T18:07:00,12.785266,77.707923,34,MOVING,MAN-000174
TEL-00002772,VEH-0144,2026-02-05T18:27:00,12.809316,77.631111,0,STOPPED,MAN-000174
TEL-00002773,VEH-0144,2026-02-05T18:49:00,12.810752,77.631885,19,MOVING,MAN-000174
TEL-00002774,VEH-0144,2026-02-05T19:09:00,12.811218,77.629262,22,MOVING,MAN-000174
TEL-00002775,VEH-0144,2026-02-05T19:27:00,12.809316,77.631111,0,STOPPED,MAN-000174
TEL-00002776,VEH-0144,2026-02-05T19:37:00,12.809316,77.631111,0,DELIVERED,MAN-000174
TEL-00002777,VEH-0069,2026-02-05T12:00:00,12.883141,77.795168,0,IDLE,MAN-000176
TEL-00002778,VEH-0069,2026-02-05T12:11:00,12.840596,77.789951,21,MOVING,MAN-000176
TEL-00002779,VEH-0069,2026-02-05T12:23:00,12.800869,77.78441,27,MOVING,MAN-000176
TEL-00002780,VEH-0069,2026-02-05T12:34:00,12.759134,77.778792,0,STOPPED,MAN-000176
TEL-00002781,VEH-0069,2026-02-05T12:45:00,12.759492,77.777948,20,MOVING,MAN-000176
TEL-00002782,VEH-0069,2026-02-05T12:56:00,12.760756,77.780295,22,MOVING,MAN-000176
TEL-00002783,VEH-0069,2026-02-05T13:05:00,12.759134,77.778792,0,STOPPED,MAN-000176
TEL-00002784,VEH-0069,2026-02-05T13:21:00,12.810759,77.809921,35,MOVING,MAN-000176
TEL-00002785,VEH-0069,2026-02-05T13:38:00,12.864969,77.842228,34,MOVING,MAN-000176
TEL-00002786,VEH-0069,2026-02-05T13:51:00,12.917298,77.875446,0,STOPPED,MAN-000176
TEL-00002787,VEH-0069,2026-02-05T14:07:00,12.91848,77.876419,37,MOVING,MAN-000176
TEL-00002788,VEH-0069,2026-02-05T14:24:00,12.919108,77.873774,24,MOVING,MAN-000176
TEL-00002789,VEH-0069,2026-02-05T14:40:00,12.917298,77.875446,0,STOPPED,MAN-000176
TEL-00002790,VEH-0069,2026-02-05T14:51:00,12.940575,77.878218,27,MOVING,MAN-000176
TEL-00002791,VEH-0069,2026-02-05T14:54:00,12.966461,77.88225,24,MOVING,MAN-000176
TEL-00002792,VEH-0069,2026-02-05T15:00:00,12.991743,77.886312,0,STOPPED,MAN-000176
TEL-00002793,VEH-0069,2026-02-05T15:09:00,12.99195,77.888056,33,MOVING,MAN-000176
TEL-00002794,VEH-0069,2026-02-05T15:12:00,12.992667,77.885571,33,MOVING,MAN-000176
TEL-00002795,VEH-0069,2026-02-05T15:20:00,12.991743,77.886312,0,STOPPED,MAN-000176
TEL-00002796,VEH-0069,2026-02-05T15:46:00,12.906411,77.848775,34,MOVING,MAN-000176
TEL-00002797,VEH-0069,2026-02-05T16:06:00,12.822058,77.810528,18,MOVING,MAN-000176
TEL-00002798,VEH-0069,2026-02-05T16:33:00,12.734986,77.775407,0,STOPPED,MAN-000176
TEL-00002799,VEH-0069,2026-02-05T16:56:00,12.733093,77.775851,37,MOVING,MAN-000176
TEL-00002800,VEH-0069,2026-02-05T17:21:00,12.736952,77.774577,31,MOVING,MAN-000176
TEL-00002801,VEH-0069,2026-02-05T17:43:00,12.734986,77.775407,0,STOPPED,MAN-000176
TEL-00002802,VEH-0069,2026-02-05T18:09:00,12.836916,77.746767,31,MOVING,MAN-000176
TEL-00002803,VEH-0069,2026-02-05T18:38:00,12.943411,77.713251,22,MOVING,MAN-000176
TEL-00002804,VEH-0069,2026-02-05T19:03:00,13.046713,77.683643,0,STOPPED,MAN-000176
TEL-00002805,VEH-0069,2026-02-05T19:30:00,13.048329,77.683478,27,MOVING,MAN-000176
TEL-00002806,VEH-0069,2026-02-05T19:57:00,13.048177,77.681817,29,MOVING,MAN-000176
TEL-00002807,VEH-0069,2026-02-05T20:22:00,13.046713,77.683643,0,STOPPED,MAN-000176
TEL-00002808,VEH-0069,2026-02-05T20:42:00,12.97178,77.699503,23,MOVING,MAN-000176
TEL-00002809,VEH-0069,2026-02-05T20:58:00,12.89743,77.714706,32,MOVING,MAN-000176
TEL-00002810,VEH-0069,2026-02-05T21:18:00,12.825642,77.729623,0,STOPPED,MAN-000176
TEL-00002811,VEH-0069,2026-02-05T21:39:00,12.827322,77.727833,23,MOVING,MAN-000176
TEL-00002812,VEH-0069,2026-02-05T21:56:00,12.824865,77.731017,37,MOVING,MAN-000176
TEL-00002813,VEH-0069,2026-02-05T22:16:00,12.825642,77.729623,0,STOPPED,MAN-000176
TEL-00002814,VEH-0069,2026-02-05T22:26:00,12.825642,77.729623,0,DELIVERED,MAN-000176
TEL-00002815,VEH-0145,2026-02-05T12:00:00,12.254828,76.437189,0,IDLE,MAN-000178
TEL-00002816,VEH-0145,2026-02-05T12:10:00,12.255632,76.467797,36,MOVING,MAN-000178
TEL-00002817,VEH-0145,2026-02-05T12:16:00,12.252985,76.496676,33,MOVING,MAN-000178
TEL-00002818,VEH-0145,2026-02-05T12:25:00,12.251287,76.525094,0,STOPPED,MAN-000178
TEL-00002819,VEH-0145,2026-02-05T12:33:00,12.250954,76.526018,30,MOVING,MAN-000178
TEL-00002820,VEH-0145,2026-02-05T12:39:00,12.252775,76.526162,24,MOVING,MAN-000178
TEL-00002821,VEH-0145,2026-02-05T12:49:00,12.251287,76.525094,0,STOPPED,MAN-000178
TEL-00002822,VEH-0145,2026-02-05T12:59:00,12.269564,76.485826,34,MOVING,MAN-000178
TEL-00002823,VEH-0145,2026-02-05T13:10:00,12.286079,76.446322,32,MOVING,MAN-000178
TEL-00002824,VEH-0145,2026-02-05T13:20:00,12.30451,76.406394,0,STOPPED,MAN-000178
TEL-00002825,VEH-0145,2026-02-05T13:33:00,12.305003,76.406937,34,MOVING,MAN-000178
TEL-00002826,VEH-0145,2026-02-05T13:42:00,12.303546,76.407178,18,MOVING,MAN-000178
TEL-00002827,VEH-0145,2026-02-05T13:52:00,12.30451,76.406394,0,STOPPED,MAN-000178
TEL-00002828,VEH-0145,2026-02-05T14:04:00,12.274538,76.448132,18,MOVING,MAN-000178
TEL-00002829,VEH-0145,2026-02-05T14:21:00,12.245972,76.491104,37,MOVING,MAN-000178
TEL-00002830,VEH-0145,2026-02-05T14:30:00,12.219077,76.533868,0,STOPPED,MAN-000178
TEL-00002831,VEH-0145,2026-02-05T14:43:00,12.220955,76.533655,20,MOVING,MAN-000178
TEL-00002832,VEH-0145,2026-02-05T14:55:00,12.218537,76.533779,28,MOVING,MAN-000178
TEL-00002833,VEH-0145,2026-02-05T15:07:00,12.219077,76.533868,0,STOPPED,MAN-000178
TEL-00002834,VEH-0145,2026-02-05T15:26:00,12.256262,76.488171,36,MOVING,MAN-000178
TEL-00002835,VEH-0145,2026-02-05T15:40:00,12.29652,76.447573,37,MOVING,MAN-000178
TEL-00002836,VEH-0145,2026-02-05T15:52:00,12.33417,76.401894,0,STOPPED,MAN-000178
TEL-00002837,VEH-0145,2026-02-05T16:06:00,12.333768,76.40314,22,MOVING,MAN-000178
TEL-00002838,VEH-0145,2026-02-05T16:25:00,12.335543,76.401666,33,MOVING,MAN-000178
TEL-00002839,VEH-0145,2026-02-05T16:35:00,12.33417,76.401894,0,STOPPED,MAN-000178
TEL-00002840,VEH-0145,2026-02-05T16:45:00,12.341089,76.428439,30,MOVING,MAN-000178
TEL-00002841,VEH-0145,2026-02-05T16:50:00,12.3499,76.456145,28,MOVING,MAN-000178
TEL-00002842,VEH-0145,2026-02-05T16:56:00,12.355515,76.483443,0,STOPPED,MAN-000178
TEL-00002843,VEH-0145,2026-02-05T17:06:00,12.357453,76.482941,19,MOVING,MAN-000178
TEL-00002844,VEH-0145,2026-02-05T17:13:00,12.356929,76.483877,26,MOVING,MAN-000178
TEL-00002845,VEH-0145,2026-02-05T17:21:00,12.355515,76.483443,0,STOPPED,MAN-000178
TEL-00002846,VEH-0145,2026-02-05T17:45:00,12.274102,76.459457,34,MOVING,MAN-000178
TEL-00002847,VEH-0145,2026-02-05T18:03:00,12.187698,76.432186,24,MOVING,MAN-000178
TEL-00002848,VEH-0145,2026-02-05T18:24:00,12.10674,76.407903,0,STOPPED,MAN-000178
TEL-00002849,VEH-0145,2026-02-05T18:45:00,12.107997,76.405949,20,MOVING,MAN-000178
TEL-00002850,VEH-0145,2026-02-05T19:09:00,12.106184,76.406501,18,MOVING,MAN-000178
TEL-00002851,VEH-0145,2026-02-05T19:31:00,12.10674,76.407903,0,STOPPED,MAN-000178
TEL-00002852,VEH-0145,2026-02-05T19:41:00,12.10674,76.407903,0,DELIVERED,MAN-000178
TEL-00002853,VEH-0120,2026-02-05T12:00:00,12.254828,76.437189,0,IDLE,MAN-000180
TEL-00002854,VEH-0120,2026-02-05T12:07:00,12.260643,76.463492,36,MOVING,MAN-000180
TEL-00002855,VEH-0120,2026-02-05T12:16:00,12.269565,76.489337,30,MOVING,MAN-000180
TEL-00002856,VEH-0120,2026-02-05T12:20:00,12.274428,76.5161,0,STOPPED,MAN-000180
TEL-00002857,VEH-0120,2026-02-05T12:28:00,12.276104,76.51499,20,MOVING,MAN-000180
TEL-00002858,VEH-0120,2026-02-05T12:35:00,12.273702,76.517769,19,MOVING,MAN-000180
TEL-00002859,VEH-0120,2026-02-05T12:43:00,12.274428,76.5161,0,STOPPED,MAN-000180
TEL-00002860,VEH-0120,2026-02-05T12:56:00,12.234689,76.493007,35,MOVING,MAN-000180
TEL-00002861,VEH-0120,2026-02-05T13:05:00,12.191693,76.47062,30,MOVING,MAN-000180
TEL-00002862,VEH-0120,2026-02-05T13:17:00,12.153009,76.446728,0,STOPPED,MAN-000180
TEL-00002863,VEH-0120,2026-02-05T13:28:00,12.152091,76.445499,18,MOVING,MAN-000180
TEL-00002864,VEH-0120,2026-02-05T13:44:00,12.151243,76.445173,28,MOVING,MAN-000180
TEL-00002865,VEH-0120,2026-02-05T13:52:00,12.153009,76.446728,0,STOPPED,MAN-000180
TEL-00002866,VEH-0120,2026-02-05T14:04:00,12.143253,76.493922,32,MOVING,MAN-000180
TEL-00002867,VEH-0120,2026-02-05T14:14:00,12.131585,76.538214,26,MOVING,MAN-000180
TEL-00002868,VEH-0120,2026-02-05T14:31:00,12.119954,76.585259,0,STOPPED,MAN-000180
TEL-00002869,VEH-0120,2026-02-05T14:42:00,12.120229,76.584935,33,MOVING,MAN-000180
TEL-00002870,VEH-0120,2026-02-05T14:53:00,12.118142,76.583531,36,MOVING,MAN-000180
TEL-00002871,VEH-0120,2026-02-05T15:05:00,12.119954,76.585259,0,STOPPED,MAN-000180
TEL-00002872,VEH-0120,2026-02-05T15:18:00,12.109803,76.535347,20,MOVING,MAN-000180
TEL-00002873,VEH-0120,2026-02-05T15:34:00,12.098559,76.482401,32,MOVING,MAN-000180
TEL-00002874,VEH-0120,2026-02-05T15:45:00,12.085119,76.433188,0,STOPPED,MAN-000180
TEL-00002875,VEH-0120,2026-02-05T16:00:00,12.084073,76.433028,34,MOVING,MAN-000180
TEL-00002876,VEH-0120,2026-02-05T16:14:00,12.085632,76.432851,22,MOVING,MAN-000180
TEL-00002877,VEH-0120,2026-02-05T16:26:00,12.085119,76.433188,0,STOPPED,MAN-000180
TEL-00002878,VEH-0120,2026-02-05T16:36:00,12.109237,76.468144,24,MOVING,MAN-000180
TEL-00002879,VEH-0120,2026-02-05T16:46:00,12.131244,76.501762,36,MOVING,MAN-000180
TEL-00002880,VEH-0120,2026-02-05T16:56:00,12.155351,76.535887,0,STOPPED,MAN-000180
TEL-00002881,VEH-0120,2026-02-05T17:06:00,12.15345,76.536929,29,MOVING,MAN-000180
TEL-00002882,VEH-0120,2026-02-05T17:15:00,12.155923,76.534201,23,MOVING,MAN-000180
TEL-00002883,VEH-0120,2026-02-05T17:29:00,12.155351,76.535887,0,STOPPED,MAN-000180
TEL-00002884,VEH-0120,2026-02-05T17:46:00,12.221823,76.505715,33,MOVING,MAN-000180
TEL-00002885,VEH-0120,2026-02-05T18:04:00,12.285294,76.475948,28,MOVING,MAN-000180
TEL-00002886,VEH-0120,2026-02-05T18:26:00,12.349446,76.444963,0,STOPPED,MAN-000180
TEL-00002887,VEH-0120,2026-02-05T18:44:00,12.34773,76.444865,25,MOVING,MAN-000180
TEL-00002888,VEH-0120,2026-02-05T19:00:00,12.350575,76.444162,34,MOVING,MAN-000180
TEL-00002889,VEH-0120,2026-02-05T19:21:00,12.349446,76.444963,0,STOPPED,MAN-000180
TEL-00002890,VEH-0120,2026-02-05T19:31:00,12.349446,76.444963,0,DELIVERED,MAN-000180
TEL-00002891,VEH-0021,2026-02-05T12:00:00,13.586032,76.828358,0,IDLE,MAN-000182
TEL-00002892,VEH-0021,2026-02-05T12:11:00,13.60166,76.803984,30,MOVING,MAN-000182
TEL-00002893,VEH-0021,2026-02-05T12:15:00,13.617029,76.781165,37,MOVING,MAN-000182
TEL-00002894,VEH-0021,2026-02-05T12:22:00,13.633916,76.759029,0,STOPPED,MAN-000182
TEL-00002895,VEH-0021,2026-02-05T12:30:00,13.635853,76.759569,37,MOVING,MAN-000182
TEL-00002896,VEH-0021,2026-02-05T12:37:00,13.633018,76.758944,26,MOVING,MAN-000182
TEL-00002897,VEH-0021,2026-02-05T12:44:00,13.633916,76.759029,0,STOPPED,MAN-000182
TEL-00002898,VEH-0021,2026-02-05T12:57:00,13.675935,76.795441,18,MOVING,MAN-000182
TEL-00002899,VEH-0021,2026-02-05T13:16:00,13.71893,76.835427,24,MOVING,MAN-000182
TEL-00002900,VEH-0021,2026-02-05T13:27:00,13.764024,76.870868,0,STOPPED,MAN-000182
TEL-00002901,VEH-0021,2026-02-05T13:45:00,13.763391,76.869619,34,MOVING,MAN-000182
TEL-00002902,VEH-0021,2026-02-05T13:59:00,13.763138,76.869459,37,MOVING,MAN-000182
TEL-00002903,VEH-0021,2026-02-05T14:09:00,13.764024,76.870868,0,STOPPED,MAN-000182
TEL-00002904,VEH-0021,2026-02-05T14:18:00,13.7445,76.882452,21,MOVING,MAN-000182
TEL-00002905,VEH-0021,2026-02-05T14:21:00,13.724121,76.897626,26,MOVING,MAN-000182
TEL-00002906,VEH-0021,2026-02-05T14:26:00,13.702627,76.909885,0,STOPPED,MAN-000182
TEL-00002907,VEH-0021,2026-02-05T14:33:00,13.70332,76.911257,28,MOVING,MAN-000182
TEL-00002908,VEH-0021,2026-02-05T14:39:00,13.703379,76.907976,27,MOVING,MAN-000182
TEL-00002909,VEH-0021,2026-02-05T14:46:00,13.702627,76.909885,0,STOPPED,MAN-000182
TEL-00002910,VEH-0021,2026-02-05T15:21:00,13.611912,76.825087,30,MOVING,MAN-000182
TEL-00002911,VEH-0021,2026-02-05T15:50:00,13.517784,76.737409,22,MOVING,MAN-000182
TEL-00002912,VEH-0021,2026-02-05T16:22:00,13.42709,76.651173,0,STOPPED,MAN-000182
TEL-00002913,VEH-0021,2026-02-05T16:57:00,13.425913,76.65309,25,MOVING,MAN-000182
TEL-00002914,VEH-0021,2026-02-05T17:24:00,13.425807,76.652973,37,MOVING,MAN-000182
TEL-00002915,VEH-0021,2026-02-05T17:56:00,13.42709,76.651173,0,STOPPED,MAN-000182
TEL-00002916,VEH-0021,2026-02-05T18:18:00,13.42276,76.734302,36,MOVING,MAN-000182
TEL-00002917,VEH-0021,2026-02-05T18:36:00,13.420543,76.815801,28,MOVING,MAN-000182
TEL-00002918,VEH-0021,2026-02-05T18:58:00,13.419877,76.899282,0,STOPPED,MAN-000182
TEL-00002919,VEH-0021,2026-02-05T19:18:00,13.421709,76.900912,26,MOVING,MAN-000182
TEL-00002920,VEH-0021,2026-02-05T19:42:00,13.42126,76.899451,32,MOVING,MAN-000182
TEL-00002921,VEH-0021,2026-02-05T19:59:00,13.419877,76.899282,0,STOPPED,MAN-000182
TEL-00002922,VEH-0021,2026-02-05T20:09:00,13.425284,76.924479,26,MOVING,MAN-000182
TEL-00002923,VEH-0021,2026-02-05T20:11:00,13.430059,76.954128,22,MOVING,MAN-000182
TEL-00002924,VEH-0021,2026-02-05T20:21:00,13.432882,76.979219,0,STOPPED,MAN-000182
TEL-00002925,VEH-0021,2026-02-05T20:29:00,13.432633,76.979839,20,MOVING,MAN-000182
TEL-00002926,VEH-0021,2026-02-05T20:34:00,13.434185,76.978327,27,MOVING,MAN-000182
TEL-00002927,VEH-0021,2026-02-05T20:44:00,13.432882,76.979219,0,STOPPED,MAN-000182
TEL-00002928,VEH-0021,2026-02-05T20:54:00,13.432882,76.979219,0,DELIVERED,MAN-000182
TEL-00002929,VEH-0022,2026-02-05T12:00:00,12.408159,76.651143,0,IDLE,MAN-000185
TEL-00002930,VEH-0022,2026-02-05T12:14:00,12.382446,76.593828,28,MOVING,MAN-000185
TEL-00002931,VEH-0022,2026-02-05T12:29:00,12.359391,76.538786,34,MOVING,MAN-000185
TEL-00002932,VEH-0022,2026-02-05T12:48:00,12.336515,76.483271,0,STOPPED,MAN-000185
TEL-00002933,VEH-0022,2026-02-05T13:02:00,12.338003,76.481376,37,MOVING,MAN-000185
TEL-00002934,VEH-0022,2026-02-05T13:20:00,12.337132,76.482235,19,MOVING,MAN-000185
TEL-00002935,VEH-0022,2026-02-05T13:34:00,12.336515,76.483271,0,STOPPED,MAN-000185
TEL-00002936,VEH-0022,2026-02-05T13:39:00,12.351067,76.502196,33,MOVING,MAN-000185
TEL-00002937,VEH-0022,2026-02-05T13:47:00,12.363626,76.520979,21,MOVING,MAN-000185
TEL-00002938,VEH-0022,2026-02-05T13:55:00,12.37878,76.539558,0,STOPPED,MAN-000185
TEL-00002939,VEH-0022,2026-02-05T14:01:00,12.379876,76.538773,37,MOVING,MAN-000185
TEL-00002940,VEH-0022,2026-02-05T14:05:00,12.379049,76.539113,27,MOVING,MAN-000185
TEL-00002941,VEH-0022,2026-02-05T14:14:00,12.37878,76.539558,0,STOPPED,MAN-000185
TEL-00002942,VEH-0022,2026-02-05T14:32:00,12.441515,76.555633,36,MOVING,MAN-000185
TEL-00002943,VEH-0022,2026-02-05T14:47:00,12.505302,76.575026,31,MOVING,MAN-000185
TEL-00002944,VEH-0022,2026-02-05T15:02:00,12.565728,76.590072,0,STOPPED,MAN-000185
TEL-00002945,VEH-0022,2026-02-05T15:19:00,12.567471,76.591928,27,MOVING,MAN-000185
TEL-00002946,VEH-0022,2026-02-05T15:38:00,12.567429,76.589823,25,MOVING,MAN-000185
TEL-00002947,VEH-0022,2026-02-05T15:49:00,12.565728,76.590072,0,STOPPED,MAN-000185
TEL-00002948,VEH-0022,2026-02-05T15:58:00,12.555429,76.56214,37,MOVING,MAN-000185
TEL-00002949,VEH-0022,2026-02-05T16:05:00,12.54216,76.539153,33,MOVING,MAN-000185
TEL-00002950,VEH-0022,2026-02-05T16:12:00,12.53076,76.511105,0,STOPPED,MAN-000185
TEL-00002951,VEH-0022,2026-02-05T16:22:00,12.532002,76.510905,20,MOVING,MAN-000185
TEL-00002952,VEH-0022,2026-02-05T16:25:00,12.531329,76.51076,35,MOVING,MAN-000185
TEL-00002953,VEH-0022,2026-02-05T16:34:00,12.53076,76.511105,0,STOPPED,MAN-000185
TEL-00002954,VEH-0022,2026-02-05T16:51:00,12.549113,76.571703,25,MOVING,MAN-000185
TEL-00002955,VEH-0022,2026-02-05T17:05:00,12.566206,76.633927,23,MOVING,MAN-000185
TEL-00002956,VEH-0022,2026-02-05T17:24:00,12.586101,76.695135,0,STOPPED,MAN-000185
TEL-00002957,VEH-0022,2026-02-05T17:42:00,12.587776,76.693248,24,MOVING,MAN-000185
TEL-00002958,VEH-0022,2026-02-05T17:57:00,12.587594,76.693971,35,MOVING,MAN-000185
TEL-00002959,VEH-0022,2026-02-05T18:10:00,12.586101,76.695135,0,STOPPED,MAN-000185
TEL-00002960,VEH-0022,2026-02-05T18:37:00,12.519567,76.629215,31,MOVING,MAN-000185
TEL-00002961,VEH-0022,2026-02-05T18:58:00,12.452459,76.563879,28,MOVING,MAN-000185
TEL-00002962,VEH-0022,2026-02-05T19:19:00,12.383777,76.496815,0,STOPPED,MAN-000185
TEL-00002963,VEH-0022,2026-02-05T19:46:00,12.383858,76.4963,23,MOVING,MAN-000185
TEL-00002964,VEH-0022,2026-02-05T20:04:00,12.384184,76.495926,31,MOVING,MAN-000185
TEL-00002965,VEH-0022,2026-02-05T20:30:00,12.383777,76.496815,0,STOPPED,MAN-000185
TEL-00002966,VEH-0022,2026-02-05T20:40:00,12.383777,76.496815,0,DELIVERED,MAN-000185
TEL-00002967,VEH-0073,2026-02-05T12:00:00,12.861619,76.032437,0,IDLE,MAN-000190
TEL-00002968,VEH-0073,2026-02-05T12:17:00,12.909256,76.058549,31,MOVING,MAN-000190
TEL-00002969,VEH-0073,2026-02-05T12:28:00,12.95778,76.082204,35,MOVING,MAN-000190
TEL-00002970,VEH-0073,2026-02-05T12:42:00,13.007541,76.108485,0,STOPPED,MAN-000190
TEL-00002971,VEH-0073,2026-02-05T12:56:00,13.007678,76.108641,31,MOVING,MAN-000190
TEL-00002972,VEH-0073,2026-02-05T13:12:00,13.007699,76.107976,23,MOVING,MAN-000190
TEL-00002973,VEH-0073,2026-02-05T13:26:00,13.007541,76.108485,0,STOPPED,MAN-000190
TEL-00002974,VEH-0073,2026-02-05T13:51:00,12.910725,76.091025,31,MOVING,MAN-000190
TEL-00002975,VEH-0073,2026-02-05T14:15:00,12.816798,76.069338,29,MOVING,MAN-000190
TEL-00002976,VEH-0073,2026-02-05T14:38:00,12.719314,76.050757,0,STOPPED,MAN-000190
TEL-00002977,VEH-0073,2026-02-05T15:04:00,12.718689,76.051333,31,MOVING,MAN-000190
TEL-00002978,VEH-0073,2026-02-05T15:26:00,12.720001,76.050201,28,MOVING,MAN-000190
TEL-00002979,VEH-0073,2026-02-05T15:54:00,12.719314,76.050757,0,STOPPED,MAN-000190
TEL-00002980,VEH-0073,2026-02-05T16:15:00,12.800766,76.011425,23,MOVING,MAN-000190
TEL-00002981,VEH-0073,2026-02-05T16:38:00,12.879969,75.970635,28,MOVING,MAN-000190
TEL-00002982,VEH-0073,2026-02-05T17:03:00,12.960216,75.930836,0,STOPPED,MAN-000190
TEL-00002983,VEH-0073,2026-02-05T17:26:00,12.959958,75.930656,18,MOVING,MAN-000190
TEL-00002984,VEH-0073,2026-02-05T17:50:00,12.959142,75.931864,35,MOVING,MAN-000190
TEL-00002985,VEH-0073,2026-02-05T18:13:00,12.960216,75.930836,0,STOPPED,MAN-000190
TEL-00002986,VEH-0073,2026-02-05T18:35:00,12.879563,75.928379,27,MOVING,MAN-000190
TEL-00002987,VEH-0073,2026-02-05T18:54:00,12.798608,75.926769,23,MOVING,MAN-000190
TEL-00002988,VEH-0073,2026-02-05T19:16:00,12.719925,75.922776,0,STOPPED,MAN-000190
TEL-00002989,VEH-0073,2026-02-05T19:36:00,12.719805,75.922252,31,MOVING,MAN-000190
TEL-00002990,VEH-0073,2026-02-05T19:58:00,12.719855,75.922942,36,MOVING,MAN-000190
TEL-00002991,VEH-0073,2026-02-05T20:18:00,12.719925,75.922776,0,STOPPED,MAN-000190
TEL-00002992,VEH-0073,2026-02-05T20:24:00,12.725219,75.909529,30,MOVING,MAN-000190
TEL-00002993,VEH-0073,2026-02-05T20:26:00,12.730478,75.892299,25,MOVING,MAN-000190
TEL-00002994,VEH-0073,2026-02-05T20:32:00,12.73298,75.878333,0,STOPPED,MAN-000190
TEL-00002995,VEH-0073,2026-02-05T20:37:00,12.732243,75.878782,31,MOVING,MAN-000190
TEL-00002996,VEH-0073,2026-02-05T20:40:00,12.734582,75.876945,31,MOVING,MAN-000190
TEL-00002997,VEH-0073,2026-02-05T20:44:00,12.73298,75.878333,0,STOPPED,MAN-000190
TEL-00002998,VEH-0073,2026-02-05T21:00:00,12.771321,75.925513,25,MOVING,MAN-000190
TEL-00002999,VEH-0073,2026-02-05T21:17:00,12.809574,75.974297,37,MOVING,MAN-000190
TEL-00003000,VEH-0073,2026-02-05T21:34:00,12.849213,76.024624,0,STOPPED,MAN-000190
TEL-00003001,VEH-0073,2026-02-05T21:50:00,12.848095,76.026278,29,MOVING,MAN-000190
TEL-00003002,VEH-0073,2026-02-05T22:05:00,12.849164,76.024021,37,MOVING,MAN-000190
TEL-00003003,VEH-0073,2026-02-05T22:24:00,12.849213,76.024624,0,STOPPED,MAN-000190
TEL-00003004,VEH-0073,2026-02-05T22:34:00,12.849213,76.024624,0,DELIVERED,MAN-000190
TEL-00003005,VEH-0123,2026-02-05T12:00:00,12.861619,76.032437,0,IDLE,MAN-000191
TEL-00003006,VEH-0123,2026-02-05T12:09:00,12.867274,76.014657,27,MOVING,MAN-000191
TEL-00003007,VEH-0123,2026-02-05T12:08:00,12.872135,75.998915,26,MOVING,MAN-000191
TEL-00003008,VEH-0123,2026-02-05T12:18:00,12.87844,75.980008,0,STOPPED,MAN-000191
TEL-00003009,VEH-0123,2026-02-05T12:25:00,12.876686,75.97963,18,MOVING,MAN-000191
TEL-00003010,VEH-0123,2026-02-05T12:26:00,12.87994,75.978501,32,MOVING,MAN-000191
TEL-00003011,VEH-0123,2026-02-05T12:36:00,12.87844,75.980008,0,STOPPED,MAN-000191
TEL-00003012,VEH-0123,2026-02-05T12:46:00,12.852204,76.008268,29,MOVING,MAN-000191
TEL-00003013,VEH-0123,2026-02-05T12:56:00,12.823471,76.037162,26,MOVING,MAN-000191
TEL-00003014,VEH-0123,2026-02-05T13:09:00,12.797317,76.064379,0,STOPPED,MAN-000191
TEL-00003015,VEH-0123,2026-02-05T13:22:00,12.797171,76.065204,32,MOVING,MAN-000191
TEL-00003016,VEH-0123,2026-02-05T13:28:00,12.795675,76.063688,19,MOVING,MAN-000191
TEL-00003017,VEH-0123,2026-02-05T13:39:00,12.797317,76.064379,0,STOPPED,MAN-000191
TEL-00003018,VEH-0123,2026-02-05T13:53:00,12.837092,76.071216,32,MOVING,MAN-000191
TEL-00003019,VEH-0123,2026-02-05T13:58:00,12.873863,76.075743,37,MOVING,MAN-000191
TEL-00003020,VEH-0123,2026-02-05T14:10:00,12.910871,76.078985,0,STOPPED,MAN-000191
TEL-00003021,VEH-0123,2026-02-05T14:22:00,12.911348,76.078328,19,MOVING,MAN-000191
TEL-00003022,VEH-0123,2026-02-05T14:29:00,12.909938,76.080294,23,MOVING,MAN-000191
TEL-00003023,VEH-0123,2026-02-05T14:41:00,12.910871,76.078985,0,STOPPED,MAN-000191
TEL-00003024,VEH-0123,2026-02-05T14:59:00,12.853261,76.106404,23,MOVING,MAN-000191
TEL-00003025,VEH-0123,2026-02-05T15:16:00,12.793103,76.129513,24,MOVING,MAN-000191
TEL-00003026,VEH-0123,2026-02-05T15:31:00,12.732756,76.157621,0,STOPPED,MAN-000191
TEL-00003027,VEH-0123,2026-02-05T15:50:00,12.732571,76.156867,37,MOVING,MAN-000191
TEL-00003028,VEH-0123,2026-02-05T16:06:00,12.731039,76.156866,37,MOVING,MAN-000191
TEL-00003029,VEH-0123,2026-02-05T16:23:00,12.732756,76.157621,0,STOPPED,MAN-000191
TEL-00003030,VEH-0123,2026-02-05T16:38:00,12.782317,76.122574,20,MOVING,MAN-000191
TEL-00003031,VEH-0123,2026-02-05T16:52:00,12.832757,76.091384,19,MOVING,MAN-000191
TEL-00003032,VEH-0123,2026-02-05T17:09:00,12.8846,76.057684,0,STOPPED,MAN-000191
TEL-00003033,VEH-0123,2026-02-05T17:27:00,12.884653,76.055859,32,MOVING,MAN-000191
TEL-00003034,VEH-0123,2026-02-05T17:39:00,12.884643,76.058866,32,MOVING,MAN-000191
TEL-00003035,VEH-0123,2026-02-05T17:56:00,12.8846,76.057684,0,STOPPED,MAN-000191
TEL-00003036,VEH-0123,2026-02-05T18:12:00,12.924448,76.010877,19,MOVING,MAN-000191
TEL-00003037,VEH-0123,2026-02-05T18:29:00,12.968369,75.965171,31,MOVING,MAN-000191
TEL-00003038,VEH-0123,2026-02-05T18:44:00,13.008525,75.921453,0,STOPPED,MAN-000191
TEL-00003039,VEH-0123,2026-02-05T19:02:00,13.009408,75.920977,25,MOVING,MAN-000191
TEL-00003040,VEH-0123,2026-02-05T19:14:00,13.010452,75.922404,31,MOVING,MAN-000191
TEL-00003041,VEH-0123,2026-02-05T19:33:00,13.008525,75.921453,0,STOPPED,MAN-000191
TEL-00003042,VEH-0123,2026-02-05T19:43:00,13.008525,75.921453,0,DELIVERED,MAN-000191
TEL-00003043,VEH-0074,2026-02-05T12:00:00,13.685515,75.821393,0,IDLE,MAN-000193
TEL-00003044,VEH-0074,2026-02-05T12:19:00,13.735915,75.780052,21,MOVING,MAN-000193
TEL-00003045,VEH-0074,2026-02-05T12:35:00,13.786583,75.740924,33,MOVING,MAN-000193
TEL-00003046,VEH-0074,2026-02-05T12:47:00,13.834976,75.702197,0,STOPPED,MAN-000193
TEL-00003047,VEH-0074,2026-02-05T13:05:00,13.836208,75.700893,26,MOVING,MAN-000193
TEL-00003048,VEH-0074,2026-02-05T13:22:00,13.836439,75.703919,18,MOVING,MAN-000193
TEL-00003049,VEH-0074,2026-02-05T13:37:00,13.834976,75.702197,0,STOPPED,MAN-000193
TEL-00003050,VEH-0074,2026-02-05T14:02:00,13.742602,75.722331,20,MOVING,MAN-000193
TEL-00003051,VEH-0074,2026-02-05T14:26:00,13.648263,75.741311,29,MOVING,MAN-000193
TEL-00003052,VEH-0074,2026-02-05T14:48:00,13.552843,75.763542,0,STOPPED,MAN-000193
TEL-00003053,VEH-0074,2026-02-05T15:16:00,13.553972,75.762315,26,MOVING,MAN-000193
TEL-00003054,VEH-0074,2026-02-05T15:37:00,13.551049,75.763579,18,MOVING,MAN-000193
TEL-00003055,VEH-0074,2026-02-05T16:03:00,13.552843,75.763542,0,STOPPED,MAN-000193
TEL-00003056,VEH-0074,2026-02-05T16:31:00,13.651982,75.803481,33,MOVING,MAN-000193
TEL-00003057,VEH-0074,2026-02-05T16:56:00,13.750882,75.845341,24,MOVING,MAN-000193
TEL-00003058,VEH-0074,2026-02-05T17:22:00,13.850201,75.884766,0,STOPPED,MAN-000193
TEL-00003059,VEH-0074,2026-02-05T17:49:00,13.849666,75.884271,29,MOVING,MAN-000193
TEL-00003060,VEH-0074,2026-02-05T18:14:00,13.850822,75.88356,27,MOVING,MAN-000193
TEL-00003061,VEH-0074,2026-02-05T18:40:00,13.850201,75.884766,0,STOPPED,MAN-000193
TEL-00003062,VEH-0074,2026-02-05T19:02:00,13.783257,75.917141,31,MOVING,MAN-000193
TEL-00003063,VEH-0074,2026-02-05T19:20:00,13.716086,75.948344,22,MOVING,MAN-000193
TEL-00003064,VEH-0074,2026-02-05T19:34:00,13.646521,75.977578,0,STOPPED,MAN-000193
TEL-00003065,VEH-0074,2026-02-05T19:57:00,13.64828,75.976129,27,MOVING,MAN-000193
TEL-00003066,VEH-0074,2026-02-05T20:12:00,13.645613,75.97786,22,MOVING,MAN-000193
TEL-00003067,VEH-0074,2026-02-05T20:31:00,13.646521,75.977578,0,STOPPED,MAN-000193
TEL-00003068,VEH-0074,2026-02-05T20:40:00,13.683746,75.977435,35,MOVING,MAN-000193
TEL-00003069,VEH-0074,2026-02-05T20:50:00,13.72063,75.979314,27,MOVING,MAN-000193
TEL-00003070,VEH-0074,2026-02-05T20:59:00,13.757596,75.977577,0,STOPPED,MAN-000193
TEL-00003071,VEH-0074,2026-02-05T21:09:00,13.75804,75.977015,30,MOVING,MAN-000193
TEL-00003072,VEH-0074,2026-02-05T21:18:00,13.757455,75.975591,34,MOVING,MAN-000193
TEL-00003073,VEH-0074,2026-02-05T21:31:00,13.757596,75.977577,0,STOPPED,MAN-000193
TEL-00003074,VEH-0074,2026-02-05T21:53:00,13.772362,75.90475,32,MOVING,MAN-000193
TEL-00003075,VEH-0074,2026-02-05T22:10:00,13.787672,75.836553,31,MOVING,MAN-000193
TEL-00003076,VEH-0074,2026-02-05T22:25:00,13.804274,75.763988,0,STOPPED,MAN-000193
TEL-00003077,VEH-0074,2026-02-05T22:42:00,13.803482,75.765884,36,MOVING,MAN-000193
TEL-00003078,VEH-0074,2026-02-05T23:02:00,13.805491,75.765389,36,MOVING,MAN-000193
TEL-00003079,VEH-0074,2026-02-05T23:22:00,13.804274,75.763988,0,STOPPED,MAN-000193
TEL-00003080,VEH-0074,2026-02-05T23:32:00,13.804274,75.763988,0,DELIVERED,MAN-000193
TEL-00003081,VEH-0074,2026-02-05T12:00:00,13.685515,75.821393,0,IDLE,MAN-000194
TEL-00003082,VEH-0074,2026-02-05T12:07:00,13.665956,75.826501,21,MOVING,MAN-000194
TEL-00003083,VEH-0074,2026-02-05T12:15:00,13.643515,75.828774,19,MOVING,MAN-000194
TEL-00003084,VEH-0074,2026-02-05T12:20:00,13.625154,75.834175,0,STOPPED,MAN-000194
TEL-00003085,VEH-0074,2026-02-05T12:25:00,13.626406,75.835233,22,MOVING,MAN-000194
TEL-00003086,VEH-0074,2026-02-05T12:31:00,13.62464,75.836074,36,MOVING,MAN-000194
TEL-00003087,VEH-0074,2026-02-05T12:37:00,13.625154,75.834175,0,STOPPED,MAN-000194
TEL-00003088,VEH-0074,2026-02-05T12:56:00,13.646667,75.889333,24,MOVING,MAN-000194
TEL-00003089,VEH-0074,2026-02-05T13:08:00,13.669644,75.94251,36,MOVING,MAN-000194
TEL-00003090,VEH-0074,2026-02-05T13:19:00,13.692275,75.998079,0,STOPPED,MAN-000194
TEL-00003091,VEH-0074,2026-02-05T13:34:00,13.693574,75.99609,35,MOVING,MAN-000194
TEL-00003092,VEH-0074,2026-02-05T13:48:00,13.690609,75.99674,27,MOVING,MAN-000194
TEL-00003093,VEH-0074,2026-02-05T14:05:00,13.692275,75.998079,0,STOPPED,MAN-000194
TEL-00003094,VEH-0074,2026-02-05T14:29:00,13.630784,75.931447,20,MOVING,MAN-000194
TEL-00003095,VEH-0074,2026-02-05T14:51:00,13.572706,75.866745,22,MOVING,MAN-000194
TEL-00003096,VEH-0074,2026-02-05T15:10:00,13.511869,75.801384,0,STOPPED,MAN-000194
TEL-00003097,VEH-0074,2026-02-05T15:35:00,13.510976,75.799735,25,MOVING,MAN-000194
TEL-00003098,VEH-0074,2026-02-05T15:54:00,13.513826,75.800914,35,MOVING,MAN-000194
TEL-00003099,VEH-0074,2026-02-05T16:17:00,13.511869,75.801384,0,STOPPED,MAN-000194
TEL-00003100,VEH-0074,2026-02-05T16:28:00,13.528578,75.834906,23,MOVING,MAN-000194
TEL-00003101,VEH-0074,2026-02-05T16:34:00,13.547167,75.865133,34,MOVING,MAN-000194
TEL-00003102,VEH-0074,2026-02-05T16:47:00,13.562481,75.899334,0,STOPPED,MAN-000194
TEL-00003103,VEH-0074,2026-02-05T16:56:00,13.563283,75.90022,20,MOVING,MAN-000194
TEL-00003104,VEH-0074,2026-02-05T17:07:00,13.564139,75.90128,21,MOVING,MAN-000194
TEL-00003105,VEH-0074,2026-02-05T17:15:00,13.562481,75.899334,0,STOPPED,MAN-000194
TEL-00003106,VEH-0074,2026-02-05T17:21:00,13.572309,75.876623,22,MOVING,MAN-000194
TEL-00003107,VEH-0074,2026-02-05T17:30:00,13.584257,75.84907,21,MOVING,MAN-000194
TEL-00003108,VEH-0074,2026-02-05T17:37:00,13.594093,75.825695,0,STOPPED,MAN-000194
TEL-00003109,VEH-0074,2026-02-05T17:43:00,13.595731,75.823734,30,MOVING,MAN-000194
TEL-00003110,VEH-0074,2026-02-05T17:49:00,13.592177,75.824831,24,MOVING,MAN-000194
TEL-00003111,VEH-0074,2026-02-05T17:58:00,13.594093,75.825695,0,STOPPED,MAN-000194
TEL-00003112,VEH-0074,2026-02-05T18:12:00,13.631281,75.811457,23,MOVING,MAN-000194
TEL-00003113,VEH-0074,2026-02-05T18:20:00,13.664513,75.800005,22,MOVING,MAN-000194
TEL-00003114,VEH-0074,2026-02-05T18:25:00,13.700247,75.78751,0,STOPPED,MAN-000194
TEL-00003115,VEH-0074,2026-02-05T18:36:00,13.699195,75.786781,21,MOVING,MAN-000194
TEL-00003116,VEH-0074,2026-02-05T18:48:00,13.699243,75.787393,29,MOVING,MAN-000194
TEL-00003117,VEH-0074,2026-02-05T18:57:00,13.700247,75.78751,0,STOPPED,MAN-000194
TEL-00003118,VEH-0074,2026-02-05T19:07:00,13.700247,75.78751,0,DELIVERED,MAN-000194
TEL-00003119,VEH-0024,2026-02-05T12:00:00,13.685515,75.821393,0,IDLE,MAN-000196
TEL-00003120,VEH-0024,2026-02-05T12:08:00,13.666269,75.806387,31,MOVING,MAN-000196
TEL-00003121,VEH-0024,2026-02-05T12:10:00,13.649672,75.79169,36,MOVING,MAN-000196
TEL-00003122,VEH-0024,2026-02-05T12:17:00,13.633717,75.778224,0,STOPPED,MAN-000196
TEL-00003123,VEH-0024,2026-02-05T12:24:00,13.632892,75.778876,22,MOVING,MAN-000196
TEL-00003124,VEH-0024,2026-02-05T12:32:00,13.633866,75.776829,35,MOVING,MAN-000196
TEL-00003125,VEH-0024,2026-02-05T12:38:00,13.633717,75.778224,0,STOPPED,MAN-000196
TEL-00003126,VEH-0024,2026-02-05T12:53:00,13.691571,75.80132,25,MOVING,MAN-000196
TEL-00003127,VEH-0024,2026-02-05T13:08:00,13.754187,75.824049,33,MOVING,MAN-000196
TEL-00003128,VEH-0024,2026-02-05T13:28:00,13.812878,75.846952,0,STOPPED,MAN-000196
TEL-00003129,VEH-0024,2026-02-05T13:47:00,13.8136,75.848264,31,MOVING,MAN-000196
TEL-00003130,VEH-0024,2026-02-05T14:01:00,13.811657,75.847305,32,MOVING,MAN-000196
TEL-00003131,VEH-0024,2026-02-05T14:17:00,13.812878,75.846952,0,STOPPED,MAN-000196
TEL-00003132,VEH-0024,2026-02-05T14:36:00,13.736389,75.849655,28,MOVING,MAN-000196
TEL-00003133,VEH-0024,2026-02-05T14:56:00,13.658791,75.849068,31,MOVING,MAN-000196
TEL-00003134,VEH-0024,2026-02-05T15:17:00,13.580672,75.851626,0,STOPPED,MAN-000196
TEL-00003135,VEH-0024,2026-02-05T15:35:00,13.581332,75.850076,25,MOVING,MAN-000196
TEL-00003136,VEH-0024,2026-02-05T15:58:00,13.580136,75.853328,37,MOVING,MAN-000196
TEL-00003137,VEH-0024,2026-02-05T16:14:00,13.580672,75.851626,0,STOPPED,MAN-000196
TEL-00003138,VEH-0024,2026-02-05T16:29:00,13.619691,75.80511,30,MOVING,MAN-000196
TEL-00003139,VEH-0024,2026-02-05T16:44:00,13.660603,75.760199,23,MOVING,MAN-000196
TEL-00003140,VEH-0024,2026-02-05T17:03:00,13.703524,75.716019,0,STOPPED,MAN-000196
TEL-00003141,VEH-0024,2026-02-05T17:21:00,13.702811,75.715642,21,MOVING,MAN-000196
TEL-00003142,VEH-0024,2026-02-05T17:37:00,13.702924,75.715575,27,MOVING,MAN-000196
TEL-00003143,VEH-0024,2026-02-05T17:48:00,13.703524,75.716019,0,STOPPED,MAN-000196
TEL-00003144,VEH-0024,2026-02-05T18:07:00,13.714412,75.791584,29,MOVING,MAN-000196
TEL-00003145,VEH-0024,2026-02-05T18:23:00,13.724968,75.864928,21,MOVING,MAN-000196
TEL-00003146,VEH-0024,2026-02-05T18:46:00,13.733576,75.940107,0,STOPPED,MAN-000196
TEL-00003147,VEH-0024,2026-02-05T19:07:00,13.732781,75.939669,26,MOVING,MAN-000196
TEL-00003148,VEH-0024,2026-02-05T19:25:00,13.735368,75.940039,27,MOVING,MAN-000196
TEL-00003149,VEH-0024,2026-02-05T19:41:00,13.733576,75.940107,0,STOPPED,MAN-000196
TEL-00003150,VEH-0024,2026-02-05T19:56:00,13.700325,75.891546,19,MOVING,MAN-000196
TEL-00003151,VEH-0024,2026-02-05T20:12:00,13.666168,75.841981,29,MOVING,MAN-000196
TEL-00003152,VEH-0024,2026-02-05T20:27:00,13.629575,75.794459,0,STOPPED,MAN-000196
TEL-00003153,VEH-0024,2026-02-05T20:42:00,13.627779,75.793727,31,MOVING,MAN-000196
TEL-00003154,VEH-0024,2026-02-05T20:55:00,13.628764,75.794515,18,MOVING,MAN-000196
TEL-00003155,VEH-0024,2026-02-05T21:09:00,13.629575,75.794459,0,STOPPED,MAN-000196
TEL-00003156,VEH-0024,2026-02-05T21:19:00,13.629575,75.794459,0,DELIVERED,MAN-000196
TEL-00003157,VEH-0075,2026-02-05T12:00:00,13.020592,77.644435,0,IDLE,MAN-000197
TEL-00003158,VEH-0075,2026-02-05T12:06:00,12.993623,77.648902,21,MOVING,MAN-000197
TEL-00003159,VEH-0075,2026-02-05T12:16:00,12.968511,77.656439,31,MOVING,MAN-000197
TEL-00003160,VEH-0075,2026-02-05T12:21:00,12.943868,77.660963,0,STOPPED,MAN-000197
TEL-00003161,VEH-0075,2026-02-05T12:29:00,12.945302,77.662364,23,MOVING,MAN-000197
TEL-00003162,VEH-0075,2026-02-05T12:37:00,12.945064,77.659708,18,MOVING,MAN-000197
TEL-00003163,VEH-0075,2026-02-05T12:44:00,12.943868,77.660963,0,STOPPED,MAN-000197
TEL-00003164,VEH-0075,2026-02-05T12:56:00,12.921937,77.63668,35,MOVING,MAN-000197
TEL-00003165,VEH-0075,2026-02-05T13:00:00,12.901725,77.615333,18,MOVING,MAN-000197
TEL-00003166,VEH-0075,2026-02-05T13:10:00,12.880108,77.590886,0,STOPPED,MAN-000197
TEL-00003167,VEH-0075,2026-02-05T13:21:00,12.88115,77.590485,37,MOVING,MAN-000197
TEL-00003168,VEH-0075,2026-02-05T13:28:00,12.87977,77.589657,21,MOVING,MAN-000197
TEL-00003169,VEH-0075,2026-02-05T13:34:00,12.880108,77.590886,0,STOPPED,MAN-000197
TEL-00003170,VEH-0075,2026-02-05T13:59:00,12.929746,77.663994,37,MOVING,MAN-000197
TEL-00003171,VEH-0075,2026-02-05T14:19:00,12.976307,77.736614,19,MOVING,MAN-000197
TEL-00003172,VEH-0075,2026-02-05T14:42:00,13.025569,77.810208,0,STOPPED,MAN-000197
TEL-00003173,VEH-0075,2026-02-05T15:07:00,13.024466,77.811998,27,MOVING,MAN-000197
TEL-00003174,VEH-0075,2026-02-05T15:26:00,13.026022,77.809728,19,MOVING,MAN-000197
TEL-00003175,VEH-0075,2026-02-05T15:49:00,13.025569,77.810208,0,STOPPED,MAN-000197
TEL-00003176,VEH-0075,2026-02-05T16:01:00,13.005259,77.768669,21,MOVING,MAN-000197
TEL-00003177,VEH-0075,2026-02-05T16:16:00,12.985214,77.724443,26,MOVING,MAN-000197
TEL-00003178,VEH-0075,2026-02-05T16:26:00,12.967789,77.680648,0,STOPPED,MAN-000197
TEL-00003179,VEH-0075,2026-02-05T16:38:00,12.968029,77.68046,29,MOVING,MAN-000197
TEL-00003180,VEH-0075,2026-02-05T16:53:00,12.969302,77.681018,24,MOVING,MAN-000197
TEL-00003181,VEH-0075,2026-02-05T17:00:00,12.967789,77.680648,0,STOPPED,MAN-000197
TEL-00003182,VEH-0075,2026-02-05T17:09:00,12.983648,77.712965,36,MOVING,MAN-000197
TEL-00003183,VEH-0075,2026-02-05T17:21:00,12.996882,77.741882,22,MOVING,MAN-000197
TEL-00003184,VEH-0075,2026-02-05T17:29:00,13.011557,77.772253,0,STOPPED,MAN-000197
TEL-00003185,VEH-0075,2026-02-05T17:40:00,13.011318,77.770354,30,MOVING,MAN-000197
TEL-00003186,VEH-0075,2026-02-05T17:49:00,13.010532,77.773839,24,MOVING,MAN-000197
TEL-00003187,VEH-0075,2026-02-05T17:56:00,13.011557,77.772253,0,STOPPED,MAN-000197
TEL-00003188,VEH-0075,2026-02-05T18:20:00,13.060757,77.683877,36,MOVING,MAN-000197
TEL-00003189,VEH-0075,2026-02-05T18:46:00,13.108378,77.596608,28,MOVING,MAN-000197
TEL-00003190,VEH-0075,2026-02-05T19:12:00,13.155987,77.507277,0,STOPPED,MAN-000197
TEL-00003191,VEH-0075,2026-02-05T19:38:00,13.157969,77.507049,28,MOVING,MAN-000197
TEL-00003192,VEH-0075,2026-02-05T20:01:00,13.154666,77.508144,34,MOVING,MAN-000197
TEL-00003193,VEH-0075,2026-02-05T20:29:00,13.155987,77.507277,0,STOPPED,MAN-000197
TEL-00003194,VEH-0075,2026-02-05T20:39:00,13.155987,77.507277,0,DELIVERED,MAN-000197
TEL-00003195,VEH-0050,2026-02-05T12:00:00,13.020592,77.644435,0,IDLE,MAN-000200
TEL-00003196,VEH-0050,2026-02-05T12:01:00,13.018284,77.647074,26,MOVING,MAN-000200
TEL-00003197,VEH-0050,2026-02-05T12:03:00,13.020588,77.649814,27,MOVING,MAN-000200
TEL-00003198,VEH-0050,2026-02-05T12:03:00,13.018978,77.652775,0,STOPPED,MAN-000200
TEL-00003199,VEH-0050,2026-02-05T12:04:00,13.018846,77.65216,23,MOVING,MAN-000200
TEL-00003200,VEH-0050,2026-02-05T12:06:00,13.02047,77.65403,20,MOVING,MAN-000200
TEL-00003201,VEH-0050,2026-02-05T12:07:00,13.018978,77.652775,0,STOPPED,MAN-000200
TEL-00003202,VEH-0050,2026-02-05T12:25:00,12.973327,77.594489,25,MOVING,MAN-000200
TEL-00003203,VEH-0050,2026-02-05T12:45:00,12.928119,77.541381,21,MOVING,MAN-000200
TEL-00003204,VEH-0050,2026-02-05T13:03:00,12.880986,77.482765,0,STOPPED,MAN-000200
TEL-00003205,VEH-0050,2026-02-05T13:22:00,12.882413,77.484386,25,MOVING,MAN-000200
TEL-00003206,VEH-0050,2026-02-05T13:40:00,12.879427,77.484548,37,MOVING,MAN-000200
TEL-00003207,VEH-0050,2026-02-05T14:00:00,12.880986,77.482765,0,STOPPED,MAN-000200
TEL-00003208,VEH-0050,2026-02-05T14:26:00,12.985785,77.512598,28,MOVING,MAN-000200
TEL-00003209,VEH-0050,2026-02-05T14:53:00,13.0931,77.540473,19,MOVING,MAN-000200
TEL-00003210,VEH-0050,2026-02-05T15:24:00,13.199207,77.569063,0,STOPPED,MAN-000200
TEL-00003211,VEH-0050,2026-02-05T15:50:00,13.198641,77.567385,30,MOVING,MAN-000200
TEL-00003212,VEH-0050,2026-02-05T16:22:00,13.198271,77.567494,37,MOVING,MAN-000200
TEL-00003213,VEH-0050,2026-02-05T16:44:00,13.199207,77.569063,0,STOPPED,MAN-000200
TEL-00003214,VEH-0050,2026-02-05T16:51:00,13.175694,77.557003,30,MOVING,MAN-000200
TEL-00003215,VEH-0050,2026-02-05T16:59:00,13.155304,77.542573,19,MOVING,MAN-000200
TEL-00003216,VEH-0050,2026-02-05T17:05:00,13.130915,77.527061,0,STOPPED,MAN-000200
TEL-00003217,VEH-0050,2026-02-05T17:16:00,13.130885,77.526567,21,MOVING,MAN-000200
TEL-00003218,VEH-0050,2026-02-05T17:17:00,13.132666,77.525165,22,MOVING,MAN-000200
TEL-00003219,VEH-0050,2026-02-05T17:29:00,13.130915,77.527061,0,STOPPED,MAN-000200
TEL-00003220,VEH-0050,2026-02-05T17:38:00,13.102822,77.538099,23,MOVING,MAN-000200
TEL-00003221,VEH-0050,2026-02-05T17:43:00,13.075233,77.554934,35,MOVING,MAN-000200
TEL-00003222,VEH-0050,2026-02-05T17:55:00,13.050239,77.565972,0,STOPPED,MAN-000200
TEL-00003223,VEH-0050,2026-02-05T18:02:00,13.050619,77.566815,35,MOVING,MAN-000200
TEL-00003224,VEH-0050,2026-02-05T18:14:00,13.049778,77.567812,36,MOVING,MAN-000200
TEL-00003225,VEH-0050,2026-02-05T18:21:00,13.050239,77.565972,0,STOPPED,MAN-000200
TEL-00003226,VEH-0050,2026-02-05T18:40:00,12.987304,77.554948,29,MOVING,MAN-000200
TEL-00003227,VEH-0050,2026-02-05T18:54:00,12.925372,77.540501,18,MOVING,MAN-000200
TEL-00003228,VEH-0050,2026-02-05T19:11:00,12.860417,77.530341,0,STOPPED,MAN-000200
TEL-00003229,VEH-0050,2026-02-05T19:26:00,12.859485,77.528733,28,MOVING,MAN-000200
TEL-00003230,VEH-0050,2026-02-05T19:44:00,12.860349,77.528486,27,MOVING,MAN-000200
TEL-00003231,VEH-0050,2026-02-05T19:58:00,12.860417,77.530341,0,STOPPED,MAN-000200
TEL-00003232,VEH-0050,2026-02-05T20:08:00,12.860417,77.530341,0,DELIVERED,MAN-000200
TEL-00003233,VEH-0026,2026-03-05T12:00:00,13.278607,77.759931,0,IDLE,MAN-000201
TEL-00003234,VEH-0026,2026-03-05T12:03:00,13.283672,77.766911,32,MOVING,MAN-000201
TEL-00003235,VEH-0026,2026-03-05T12:08:00,13.289676,77.771836,25,MOVING,MAN-000201
TEL-00003236,VEH-0026,2026-03-05T12:07:00,13.29748,77.778821,0,STOPPED,MAN-000201
TEL-00003237,VEH-0026,2026-03-05T12:10:00,13.296083,77.779738,34,MOVING,MAN-000201
TEL-00003238,VEH-0026,2026-03-05T12:16:00,13.296716,77.778654,31,MOVING,MAN-000201
TEL-00003239,VEH-0026,2026-03-05T12:16:00,13.29748,77.778821,0,STOPPED,MAN-000201
TEL-00003240,VEH-0026,2026-03-05T12:31:00,13.274367,77.813329,28,MOVING,MAN-000201
TEL-00003241,VEH-0026,2026-03-05T12:39:00,13.252012,77.850811,22,MOVING,MAN-000201
TEL-00003242,VEH-0026,2026-03-05T12:49:00,13.227358,77.885902,0,STOPPED,MAN-000201
TEL-00003243,VEH-0026,2026-03-05T13:01:00,13.228223,77.886525,28,MOVING,MAN-000201
TEL-00003244,VEH-0026,2026-03-05T13:13:00,13.22583,77.884849,35,MOVING,MAN-000201
TEL-00003245,VEH-0026,2026-03-05T13:21:00,13.227358,77.885902,0,STOPPED,MAN-000201
TEL-00003246,VEH-0026,2026-03-05T13:49:00,13.197073,77.792836,18,MOVING,MAN-000201
TEL-00003247,VEH-0026,2026-03-05T14:10:00,13.167414,77.696843,19,MOVING,MAN-000201
TEL-00003248,VEH-0026,2026-03-05T14:33:00,13.136688,77.601702,0,STOPPED,MAN-000201
TEL-00003249,VEH-0026,2026-03-05T15:01:00,13.135639,77.60019,30,MOVING,MAN-000201
TEL-00003250,VEH-0026,2026-03-05T15:20:00,13.135232,77.601014,24,MOVING,MAN-000201
TEL-00003251,VEH-0026,2026-03-05T15:48:00,13.136688,77.601702,0,STOPPED,MAN-000201
TEL-00003252,VEH-0026,2026-03-05T16:21:00,13.228572,77.674983,35,MOVING,MAN-000201
TEL-00003253,VEH-0026,2026-03-05T16:47:00,13.321816,77.748529,36,MOVING,MAN-000201
TEL-00003254,VEH-0026,2026-03-05T17:13:00,13.413368,77.820393,0,STOPPED,MAN-000201
TEL-00003255,VEH-0026,2026-03-05T17:43:00,13.414435,77.819762,18,MOVING,MAN-000201
TEL-00003256,VEH-0026,2026-03-05T18:12:00,13.413743,77.818677,24,MOVING,MAN-000201
TEL-00003257,VEH-0026,2026-03-05T18:40:00,13.413368,77.820393,0,STOPPED,MAN-000201
TEL-00003258,VEH-0026,2026-03-05T18:53:00,13.380403,77.829188,25,MOVING,MAN-000201
TEL-00003259,VEH-0026,2026-03-05T18:57:00,13.343704,77.841395,33,MOVING,MAN-000201
TEL-00003260,VEH-0026,2026-03-05T19:10:00,13.310423,77.852706,0,STOPPED,MAN-000201
TEL-00003261,VEH-0026,2026-03-05T19:20:00,13.309946,77.853793,23,MOVING,MAN-000201
TEL-00003262,VEH-0026,2026-03-05T19:28:00,13.310363,77.854682,25,MOVING,MAN-000201
TEL-00003263,VEH-0026,2026-03-05T19:36:00,13.310423,77.852706,0,STOPPED,MAN-000201
TEL-00003264,VEH-0026,2026-03-05T20:03:00,13.248727,77.782819,27,MOVING,MAN-000201
TEL-00003265,VEH-0026,2026-03-05T20:24:00,13.19031,77.714587,27,MOVING,MAN-000201
TEL-00003266,VEH-0026,2026-03-05T20:44:00,13.129951,77.642695,0,STOPPED,MAN-000201
TEL-00003267,VEH-0026,2026-03-05T21:06:00,13.129037,77.641963,20,MOVING,MAN-000201
TEL-00003268,VEH-0026,2026-03-05T21:31:00,13.128107,77.642412,24,MOVING,MAN-000201
TEL-00003269,VEH-0026,2026-03-05T21:53:00,13.129951,77.642695,0,STOPPED,MAN-000201
TEL-00003270,VEH-0026,2026-03-05T22:03:00,13.129951,77.642695,0,DELIVERED,MAN-000201
TEL-00003271,VEH-0076,2026-03-05T12:00:00,13.278607,77.759931,0,IDLE,MAN-000202
TEL-00003272,VEH-0076,2026-03-05T12:10:00,13.293738,77.801726,18,MOVING,MAN-000202
TEL-00003273,VEH-0076,2026-03-05T12:25:00,13.310675,77.84513,25,MOVING,MAN-000202
TEL-00003274,VEH-0076,2026-03-05T12:36:00,13.324897,77.887401,0,STOPPED,MAN-000202
TEL-00003275,VEH-0076,2026-03-05T12:51:00,13.324912,77.88699,30,MOVING,MAN-000202
TEL-00003276,VEH-0076,2026-03-05T13:02:00,13.323366,77.887094,26,MOVING,MAN-000202
TEL-00003277,VEH-0076,2026-03-05T13:10:00,13.324897,77.887401,0,STOPPED,MAN-000202
TEL-00003278,VEH-0076,2026-03-05T13:29:00,13.267537,77.848071,32,MOVING,MAN-000202
TEL-00003279,VEH-0076,2026-03-05T13:46:00,13.207992,77.80728,19,MOVING,MAN-000202
TEL-00003280,VEH-0076,2026-03-05T14:06:00,13.151598,77.764509,0,STOPPED,MAN-000202
TEL-00003281,VEH-0076,2026-03-05T14:28:00,13.151923,77.765804,31,MOVING,MAN-000202
TEL-00003282,VEH-0076,2026-03-05T14:40:00,13.150188,77.766208,26,MOVING,MAN-000202
TEL-00003283,VEH-0076,2026-03-05T15:01:00,13.151598,77.764509,0,STOPPED,MAN-000202
TEL-00003284,VEH-0076,2026-03-05T15:15:00,13.200751,77.771379,24,MOVING,MAN-000202
TEL-00003285,VEH-0076,2026-03-05T15:28:00,13.247457,77.777081,31,MOVING,MAN-000202
TEL-00003286,VEH-0076,2026-03-05T15:38:00,13.29692,77.78069,0,STOPPED,MAN-000202
TEL-00003287,VEH-0076,2026-03-05T15:52:00,13.296311,77.780871,31,MOVING,MAN-000202
TEL-00003288,VEH-0076,2026-03-05T16:04:00,13.296607,77.778834,34,MOVING,MAN-000202
TEL-00003289,VEH-0076,2026-03-05T16:17:00,13.29692,77.78069,0,STOPPED,MAN-000202
TEL-00003290,VEH-0076,2026-03-05T16:27:00,13.274683,77.807295,30,MOVING,MAN-000202
TEL-00003291,VEH-0076,2026-03-05T16:38:00,13.254327,77.833029,23,MOVING,MAN-000202
TEL-00003292,VEH-0076,2026-03-05T16:45:00,13.234872,77.861664,0,STOPPED,MAN-000202
TEL-00003293,VEH-0076,2026-03-05T16:56:00,13.236859,77.861767,35,MOVING,MAN-000202
TEL-00003294,VEH-0076,2026-03-05T17:01:00,13.23592,77.860838,34,MOVING,MAN-000202
TEL-00003295,VEH-0076,2026-03-05T17:13:00,13.234872,77.861664,0,STOPPED,MAN-000202
TEL-00003296,VEH-0076,2026-03-05T17:21:00,13.253775,77.836601,37,MOVING,MAN-000202
TEL-00003297,VEH-0076,2026-03-05T17:29:00,13.274018,77.813021,33,MOVING,MAN-000202
TEL-00003298,VEH-0076,2026-03-05T17:36:00,13.291689,77.785895,0,STOPPED,MAN-000202
TEL-00003299,VEH-0076,2026-03-05T17:44:00,13.291958,77.784321,23,MOVING,MAN-000202
TEL-00003300,VEH-0076,2026-03-05T17:51:00,13.291153,77.78553,35,MOVING,MAN-000202
TEL-00003301,VEH-0076,2026-03-05T18:00:00,13.291689,77.785895,0,STOPPED,MAN-000202
TEL-00003302,VEH-0076,2026-03-05T18:10:00,13.324708,77.807891,24,MOVING,MAN-000202
TEL-00003303,VEH-0076,2026-03-05T18:20:00,13.359637,77.825131,33,MOVING,MAN-000202
TEL-00003304,VEH-0076,2026-03-05T18:31:00,13.395476,77.847148,0,STOPPED,MAN-000202
TEL-00003305,VEH-0076,2026-03-05T18:41:00,13.39576,77.846241,34,MOVING,MAN-000202
TEL-00003306,VEH-0076,2026-03-05T18:52:00,13.397464,77.846904,25,MOVING,MAN-000202
TEL-00003307,VEH-0076,2026-03-05T19:01:00,13.395476,77.847148,0,STOPPED,MAN-000202
TEL-00003308,VEH-0076,2026-03-05T19:11:00,13.395476,77.847148,0,DELIVERED,MAN-000202
TEL-00003309,VEH-0076,2026-03-05T12:00:00,13.278607,77.759931,0,IDLE,MAN-000203
TEL-00003310,VEH-0076,2026-03-05T12:22:00,13.239258,77.698721,32,MOVING,MAN-000203
TEL-00003311,VEH-0076,2026-03-05T12:39:00,13.196308,77.638902,30,MOVING,MAN-000203
TEL-00003312,VEH-0076,2026-03-05T12:57:00,13.154594,77.580855,0,STOPPED,MAN-000203
TEL-00003313,VEH-0076,2026-03-05T13:19:00,13.153829,77.579599,20,MOVING,MAN-000203
TEL-00003314,VEH-0076,2026-03-05T13:31:00,13.156585,77.579816,36,MOVING,MAN-000203
TEL-00003315,VEH-0076,2026-03-05T13:54:00,13.154594,77.580855,0,STOPPED,MAN-000203
TEL-00003316,VEH-0076,2026-03-05T14:27:00,13.201445,77.69423,31,MOVING,MAN-000203
TEL-00003317,VEH-0076,2026-03-05T14:57:00,13.250391,77.80478,21,MOVING,MAN-000203
TEL-00003318,VEH-0076,2026-03-05T15:22:00,13.299143,77.915673,0,STOPPED,MAN-000203
TEL-00003319,VEH-0076,2026-03-05T15:55:00,13.298946,77.915991,33,MOVING,MAN-000203
TEL-00003320,VEH-0076,2026-03-05T16:21:00,13.300844,77.916104,35,MOVING,MAN-000203
TEL-00003321,VEH-0076,2026-03-05T16:50:00,13.299143,77.915673,0,STOPPED,MAN-000203
TEL-00003322,VEH-0076,2026-03-05T17:08:00,13.235565,77.898009,19,MOVING,MAN-000203
TEL-00003323,VEH-0076,2026-03-05T17:24:00,13.169997,77.880676,36,MOVING,MAN-000203
TEL-00003324,VEH-0076,2026-03-05T17:41:00,13.102801,77.861035,0,STOPPED,MAN-000203
TEL-00003325,VEH-0076,2026-03-05T18:00:00,13.101452,77.859749,27,MOVING,MAN-000203
TEL-00003326,VEH-0076,2026-03-05T18:17:00,13.102738,77.861812,33,MOVING,MAN-000203
TEL-00003327,VEH-0076,2026-03-05T18:35:00,13.102801,77.861035,0,STOPPED,MAN-000203
TEL-00003328,VEH-0076,2026-03-05T18:41:00,13.127511,77.862162,30,MOVING,MAN-000203
TEL-00003329,VEH-0076,2026-03-05T18:51:00,13.153329,77.861225,26,MOVING,MAN-000203
TEL-00003330,VEH-0076,2026-03-05T18:58:00,13.17759,77.86355,0,STOPPED,MAN-000203
TEL-00003331,VEH-0076,2026-03-05T19:06:00,13.176271,77.863411,32,MOVING,MAN-000203
TEL-00003332,VEH-0076,2026-03-05T19:13:00,13.177891,77.863792,24,MOVING,MAN-000203
TEL-00003333,VEH-0076,2026-03-05T19:20:00,13.17759,77.86355,0,STOPPED,MAN-000203
TEL-00003334,VEH-0076,2026-03-05T19:39:00,13.161467,77.782547,32,MOVING,MAN-000203
TEL-00003335,VEH-0076,2026-03-05T20:01:00,13.14296,77.706338,22,MOVING,MAN-000203
TEL-00003336,VEH-0076,2026-03-05T20:19:00,13.125661,77.624954,0,STOPPED,MAN-000203
TEL-00003337,VEH-0076,2026-03-05T20:42:00,13.127086,77.625631,23,MOVING,MAN-000203
TEL-00003338,VEH-0076,2026-03-05T20:59:00,13.125921,77.623209,32,MOVING,MAN-000203
TEL-00003339,VEH-0076,2026-03-05T21:20:00,13.125661,77.624954,0,STOPPED,MAN-000203
TEL-00003340,VEH-0076,2026-03-05T21:45:00,13.140745,77.721055,37,MOVING,MAN-000203
TEL-00003341,VEH-0076,2026-03-05T22:06:00,13.158591,77.81344,20,MOVING,MAN-000203
TEL-00003342,VEH-0076,2026-03-05T22:31:00,13.176326,77.907343,0,STOPPED,MAN-000203
TEL-00003343,VEH-0076,2026-03-05T22:57:00,13.175552,77.908601,18,MOVING,MAN-000203
TEL-00003344,VEH-0076,2026-03-05T23:17:00,13.176686,77.90569,25,MOVING,MAN-000203
TEL-00003345,VEH-0076,2026-03-05T23:39:00,13.176326,77.907343,0,STOPPED,MAN-000203
TEL-00003346,VEH-0076,2026-03-05T23:49:00,13.176326,77.907343,0,DELIVERED,MAN-000203
TEL-00003347,VEH-0051,2026-03-05T12:00:00,13.278607,77.759931,0,IDLE,MAN-000204
TEL-00003348,VEH-0051,2026-03-05T12:22:00,13.226709,77.704133,37,MOVING,MAN-000204
TEL-00003349,VEH-0051,2026-03-05T12:38:00,13.177993,77.644737,25,MOVING,MAN-000204
TEL-00003350,VEH-0051,2026-03-05T12:58:00,13.128155,77.587492,0,STOPPED,MAN-000204
TEL-00003351,VEH-0051,2026-03-05T13:19:00,13.126467,77.587445,37,MOVING,MAN-000204
TEL-00003352,VEH-0051,2026-03-05T13:35:00,13.128453,77.58844,29,MOVING,MAN-000204
TEL-00003353,VEH-0051,2026-03-05T13:56:00,13.128155,77.587492,0,STOPPED,MAN-000204
TEL-00003354,VEH-0051,2026-03-05T14:11:00,13.124438,77.637253,27,MOVING,MAN-000204
TEL-00003355,VEH-0051,2026-03-05T14:23:00,13.120484,77.685701,28,MOVING,MAN-000204
TEL-00003356,VEH-0051,2026-03-05T14:34:00,13.113907,77.735482,0,STOPPED,MAN-000204
TEL-00003357,VEH-0051,2026-03-05T14:46:00,13.114672,77.734626,20,MOVING,MAN-000204
TEL-00003358,VEH-0051,2026-03-05T15:00:00,13.115185,77.735422,31,MOVING,MAN-000204
TEL-00003359,VEH-0051,2026-03-05T15:09:00,13.113907,77.735482,0,STOPPED,MAN-000204
TEL-00003360,VEH-0051,2026-03-05T15:34:00,13.211248,77.755522,23,MOVING,MAN-000204
TEL-00003361,VEH-0051,2026-03-05T15:57:00,13.312533,77.777774,23,MOVING,MAN-000204
TEL-00003362,VEH-0051,2026-03-05T16:24:00,13.408913,77.80074,0,STOPPED,MAN-000204
TEL-00003363,VEH-0051,2026-03-05T16:49:00,13.410249,77.798905,22,MOVING,MAN-000204
TEL-00003364,VEH-0051,2026-03-05T17:13:00,13.408567,77.799568,35,MOVING,MAN-000204
TEL-00003365,VEH-0051,2026-03-05T17:38:00,13.408913,77.80074,0,STOPPED,MAN-000204
TEL-00003366,VEH-0051,2026-03-05T17:44:00,13.426694,77.77682,25,MOVING,MAN-000204
TEL-00003367,VEH-0051,2026-03-05T17:56:00,13.439659,77.755631,34,MOVING,MAN-000204
TEL-00003368,VEH-0051,2026-03-05T18:03:00,13.457837,77.732198,0,STOPPED,MAN-000204
TEL-00003369,VEH-0051,2026-03-05T18:09:00,13.458651,77.732081,37,MOVING,MAN-000204
TEL-00003370,VEH-0051,2026-03-05T18:21:00,13.456115,77.730954,21,MOVING,MAN-000204
TEL-00003371,VEH-0051,2026-03-05T18:26:00,13.457837,77.732198,0,STOPPED,MAN-000204
TEL-00003372,VEH-0051,2026-03-05T18:55:00,13.355124,77.796721,30,MOVING,MAN-000204
TEL-00003373,VEH-0051,2026-03-05T19:25:00,13.250895,77.865096,35,MOVING,MAN-000204
TEL-00003374,VEH-0051,2026-03-05T19:55:00,13.145037,77.928976,0,STOPPED,MAN-000204
TEL-00003375,VEH-0051,2026-03-05T20:28:00,13.145851,77.929263,23,MOVING,MAN-000204
TEL-00003376,VEH-0051,2026-03-05T20:55:00,13.143643,77.930019,23,MOVING,MAN-000204
TEL-00003377,VEH-0051,2026-03-05T21:26:00,13.145037,77.928976,0,STOPPED,MAN-000204
TEL-00003378,VEH-0051,2026-03-05T21:57:00,13.236402,77.865865,31,MOVING,MAN-000204
TEL-00003379,VEH-0051,2026-03-05T22:22:00,13.328246,77.797359,22,MOVING,MAN-000204
TEL-00003380,VEH-0051,2026-03-05T22:47:00,13.420928,77.733705,0,STOPPED,MAN-000204
TEL-00003381,VEH-0051,2026-03-05T23:15:00,13.420429,77.732259,35,MOVING,MAN-000204
TEL-00003382,VEH-0051,2026-03-05T23:45:00,13.422185,77.735484,27,MOVING,MAN-000204
TEL-00003383,VEH-0051,2026-03-06T00:12:00,13.420928,77.733705,0,STOPPED,MAN-000204
TEL-00003384,VEH-0051,2026-03-06T00:22:00,13.420928,77.733705,0,DELIVERED,MAN-000204
TEL-00003385,VEH-0027,2026-03-05T12:00:00,12.111967,76.609749,0,IDLE,MAN-000205
TEL-00003386,VEH-0027,2026-03-05T12:15:00,12.149214,76.571681,29,MOVING,MAN-000205
TEL-00003387,VEH-0027,2026-03-05T12:27:00,12.185441,76.538711,22,MOVING,MAN-000205
TEL-00003388,VEH-0027,2026-03-05T12:38:00,12.222885,76.501199,0,STOPPED,MAN-000205
TEL-00003389,VEH-0027,2026-03-05T12:51:00,12.223162,76.503066,37,MOVING,MAN-000205
TEL-00003390,VEH-0027,2026-03-05T13:03:00,12.222917,76.500097,36,MOVING,MAN-000205
TEL-00003391,VEH-0027,2026-03-05T13:15:00,12.222885,76.501199,0,STOPPED,MAN-000205
TEL-00003392,VEH-0027,2026-03-05T13:35:00,12.169661,76.562618,23,MOVING,MAN-000205
TEL-00003393,VEH-0027,2026-03-05T13:56:00,12.119797,76.624858,22,MOVING,MAN-000205
TEL-00003394,VEH-0027,2026-03-05T14:15:00,12.067484,76.684396,0,STOPPED,MAN-000205
TEL-00003395,VEH-0027,2026-03-05T14:34:00,12.065534,76.684955,37,MOVING,MAN-000205
TEL-00003396,VEH-0027,2026-03-05T14:57:00,12.065677,76.686205,19,MOVING,MAN-000205
TEL-00003397,VEH-0027,2026-03-05T15:15:00,12.067484,76.684396,0,STOPPED,MAN-000205
TEL-00003398,VEH-0027,2026-03-05T15:24:00,12.053078,76.651756,32,MOVING,MAN-000205
TEL-00003399,VEH-0027,2026-03-05T15:35:00,12.041208,76.623133,29,MOVING,MAN-000205
TEL-00003400,VEH-0027,2026-03-05T15:39:00,12.026111,76.590971,0,STOPPED,MAN-000205
TEL-00003401,VEH-0027,2026-03-05T15:47:00,12.025642,76.592541,33,MOVING,MAN-000205
TEL-00003402,VEH-0027,2026-03-05T15:58:00,12.026361,76.592187,21,MOVING,MAN-000205
TEL-00003403,VEH-0027,2026-03-05T16:05:00,12.026111,76.590971,0,STOPPED,MAN-000205
TEL-00003404,VEH-0027,2026-03-05T16:19:00,12.075293,76.569409,19,MOVING,MAN-000205
TEL-00003405,VEH-0027,2026-03-05T16:30:00,12.121575,76.546597,24,MOVING,MAN-000205
TEL-00003406,VEH-0027,2026-03-05T16:47:00,12.169732,76.524413,0,STOPPED,MAN-000205
TEL-00003407,VEH-0027,2026-03-05T17:03:00,12.170633,76.52267,31,MOVING,MAN-000205
TEL-00003408,VEH-0027,2026-03-05T17:14:00,12.170898,76.525296,21,MOVING,MAN-000205
TEL-00003409,VEH-0027,2026-03-05T17:28:00,12.169732,76.524413,0,STOPPED,MAN-000205
TEL-00003410,VEH-0027,2026-03-05T17:42:00,12.18464,76.566189,37,MOVING,MAN-000205
TEL-00003411,VEH-0027,2026-03-05T17:52:00,12.195943,76.611134,37,MOVING,MAN-000205
TEL-00003412,VEH-0027,2026-03-05T18:00:00,12.210284,76.652631,0,STOPPED,MAN-000205
TEL-00003413,VEH-0027,2026-03-05T18:12:00,12.209966,76.6518,26,MOVING,MAN-000205
TEL-00003414,VEH-0027,2026-03-05T18:25:00,12.21094,76.650894,23,MOVING,MAN-000205
TEL-00003415,VEH-0027,2026-03-05T18:33:00,12.210284,76.652631,0,STOPPED,MAN-000205
TEL-00003416,VEH-0027,2026-03-05T18:50:00,12.182512,76.589424,35,MOVING,MAN-000205
TEL-00003417,VEH-0027,2026-03-05T19:06:00,12.15619,76.528205,27,MOVING,MAN-000205
TEL-00003418,VEH-0027,2026-03-05T19:27:00,12.130101,76.464161,0,STOPPED,MAN-000205
TEL-00003419,VEH-0027,2026-03-05T19:44:00,12.131688,76.462227,20,MOVING,MAN-000205
TEL-00003420,VEH-0027,2026-03-05T20:04:00,12.128206,76.462358,18,MOVING,MAN-000205
TEL-00003421,VEH-0027,2026-03-05T20:20:00,12.130101,76.464161,0,STOPPED,MAN-000205
TEL-00003422,VEH-0027,2026-03-05T20:30:00,12.130101,76.464161,0,DELIVERED,MAN-000205
TEL-00003423,VEH-0052,2026-03-05T12:00:00,12.111967,76.609749,0,IDLE,MAN-000206
TEL-00003424,VEH-0052,2026-03-05T12:14:00,12.098294,76.569186,28,MOVING,MAN-000206
TEL-00003425,VEH-0052,2026-03-05T12:24:00,12.085955,76.526886,31,MOVING,MAN-000206
TEL-00003426,VEH-0052,2026-03-05T12:32:00,12.070386,76.482706,0,STOPPED,MAN-000206
TEL-00003427,VEH-0052,2026-03-05T12:42:00,12.068621,76.482592,24,MOVING,MAN-000206
TEL-00003428,VEH-0052,2026-03-05T12:58:00,12.071826,76.483133,27,MOVING,MAN-000206
TEL-00003429,VEH-0052,2026-03-05T13:06:00,12.070386,76.482706,0,STOPPED,MAN-000206
TEL-00003430,VEH-0052,2026-03-05T13:18:00,12.115915,76.476138,28,MOVING,MAN-000206
TEL-00003431,VEH-0052,2026-03-05T13:30:00,12.167319,76.471634,31,MOVING,MAN-000206
TEL-00003432,VEH-0052,2026-03-05T13:41:00,12.212922,76.468282,0,STOPPED,MAN-000206
TEL-00003433,VEH-0052,2026-03-05T13:56:00,12.212749,76.469641,31,MOVING,MAN-000206
TEL-00003434,VEH-0052,2026-03-05T14:09:00,12.211405,76.466407,24,MOVING,MAN-000206
TEL-00003435,VEH-0052,2026-03-05T14:16:00,12.212922,76.468282,0,STOPPED,MAN-000206
TEL-00003436,VEH-0052,2026-03-05T14:31:00,12.194232,76.526698,20,MOVING,MAN-000206
TEL-00003437,VEH-0052,2026-03-05T14:44:00,12.173553,76.58302,20,MOVING,MAN-000206
TEL-00003438,VEH-0052,2026-03-05T14:59:00,12.152537,76.638926,0,STOPPED,MAN-000206
TEL-00003439,VEH-0052,2026-03-05T15:14:00,12.154263,76.638405,28,MOVING,MAN-000206
TEL-00003440,VEH-0052,2026-03-05T15:30:00,12.152362,76.640195,33,MOVING,MAN-000206
TEL-00003441,VEH-0052,2026-03-05T15:45:00,12.152537,76.638926,0,STOPPED,MAN-000206
TEL-00003442,VEH-0052,2026-03-05T16:00:00,12.183082,76.596382,21,MOVING,MAN-000206
TEL-00003443,VEH-0052,2026-03-05T16:10:00,12.212655,76.553843,18,MOVING,MAN-000206
TEL-00003444,VEH-0052,2026-03-05T16:24:00,12.244607,76.508871,0,STOPPED,MAN-000206
TEL-00003445,VEH-0052,2026-03-05T16:38:00,12.243383,76.507983,25,MOVING,MAN-000206
TEL-00003446,VEH-0052,2026-03-05T16:54:00,12.24462,76.509954,28,MOVING,MAN-000206
TEL-00003447,VEH-0052,2026-03-05T17:05:00,12.244607,76.508871,0,STOPPED,MAN-000206
TEL-00003448,VEH-0052,2026-03-05T17:33:00,12.146127,76.490545,22,MOVING,MAN-000206
TEL-00003449,VEH-0052,2026-03-05T17:55:00,12.046981,76.468303,32,MOVING,MAN-000206
TEL-00003450,VEH-0052,2026-03-05T18:20:00,11.947305,76.45004,0,STOPPED,MAN-000206
TEL-00003451,VEH-0052,2026-03-05T18:47:00,11.946746,76.450722,37,MOVING,MAN-000206
TEL-00003452,VEH-0052,2026-03-05T19:13:00,11.948265,76.450945,27,MOVING,MAN-000206
TEL-00003453,VEH-0052,2026-03-05T19:39:00,11.947305,76.45004,0,STOPPED,MAN-000206
TEL-00003454,VEH-0052,2026-03-05T19:57:00,11.949314,76.507969,31,MOVING,MAN-000206
TEL-00003455,VEH-0052,2026-03-05T20:07:00,11.949117,76.562081,25,MOVING,MAN-000206
TEL-00003456,VEH-0052,2026-03-05T20:23:00,11.951184,76.620292,0,STOPPED,MAN-000206
TEL-00003457,VEH-0052,2026-03-05T20:40:00,11.949654,76.620153,21,MOVING,MAN-000206
TEL-00003458,VEH-0052,2026-03-05T20:53:00,11.950202,76.621319,21,MOVING,MAN-000206
TEL-00003459,VEH-0052,2026-03-05T21:05:00,11.951184,76.620292,0,STOPPED,MAN-000206
TEL-00003460,VEH-0052,2026-03-05T21:15:00,11.951184,76.620292,0,DELIVERED,MAN-000206
TEL-00003461,VEH-0127,2026-03-05T12:00:00,12.111967,76.609749,0,IDLE,MAN-000207
TEL-00003462,VEH-0127,2026-03-05T12:12:00,12.084624,76.645214,28,MOVING,MAN-000207
TEL-00003463,VEH-0127,2026-03-05T12:24:00,12.056145,76.678654,20,MOVING,MAN-000207
TEL-00003464,VEH-0127,2026-03-05T12:37:00,12.027927,76.714024,0,STOPPED,MAN-000207
TEL-00003465,VEH-0127,2026-03-05T12:50:00,12.02753,76.71444,18,MOVING,MAN-000207
TEL-00003466,VEH-0127,2026-03-05T13:01:00,12.029115,76.712726,31,MOVING,MAN-000207
TEL-00003467,VEH-0127,2026-03-05T13:09:00,12.027927,76.714024,0,STOPPED,MAN-000207
TEL-00003468,VEH-0127,2026-03-05T13:23:00,12.055249,76.66754,32,MOVING,MAN-000207
TEL-00003469,VEH-0127,2026-03-05T13:40:00,12.084158,76.618003,19,MOVING,MAN-000207
TEL-00003470,VEH-0127,2026-03-05T13:49:00,12.110416,76.572282,0,STOPPED,MAN-000207
TEL-00003471,VEH-0127,2026-03-05T14:07:00,12.110439,76.573256,37,MOVING,MAN-000207
TEL-00003472,VEH-0127,2026-03-05T14:20:00,12.108598,76.571095,18,MOVING,MAN-000207
TEL-00003473,VEH-0127,2026-03-05T14:28:00,12.110416,76.572282,0,STOPPED,MAN-000207
TEL-00003474,VEH-0127,2026-03-05T14:41:00,12.131315,76.620911,29,MOVING,MAN-000207
TEL-00003475,VEH-0127,2026-03-05T14:55:00,12.147192,76.671456,27,MOVING,MAN-000207
TEL-00003476,VEH-0127,2026-03-05T15:11:00,12.167961,76.722494,0,STOPPED,MAN-000207
TEL-00003477,VEH-0127,2026-03-05T15:27:00,12.169375,76.721867,19,MOVING,MAN-000207
TEL-00003478,VEH-0127,2026-03-05T15:39:00,12.166955,76.72121,32,MOVING,MAN-000207
TEL-00003479,VEH-0127,2026-03-05T15:50:00,12.167961,76.722494,0,STOPPED,MAN-000207
TEL-00003480,VEH-0127,2026-03-05T16:06:00,12.128966,76.692171,29,MOVING,MAN-000207
TEL-00003481,VEH-0127,2026-03-05T16:14:00,12.09055,76.662074,25,MOVING,MAN-000207
TEL-00003482,VEH-0127,2026-03-05T16:28:00,12.052485,76.633838,0,STOPPED,MAN-000207
TEL-00003483,VEH-0127,2026-03-05T16:40:00,12.053551,76.631908,34,MOVING,MAN-000207
TEL-00003484,VEH-0127,2026-03-05T16:56:00,12.052747,76.635126,37,MOVING,MAN-000207
TEL-00003485,VEH-0127,2026-03-05T17:04:00,12.052485,76.633838,0,STOPPED,MAN-000207
TEL-00003486,VEH-0127,2026-03-05T17:18:00,12.098908,76.604845,31,MOVING,MAN-000207
TEL-00003487,VEH-0127,2026-03-05T17:30:00,12.147728,76.576686,36,MOVING,MAN-000207
TEL-00003488,VEH-0127,2026-03-05T17:46:00,12.193984,76.550132,0,STOPPED,MAN-000207
TEL-00003489,VEH-0127,2026-03-05T18:00:00,12.194523,76.548542,26,MOVING,MAN-000207
TEL-00003490,VEH-0127,2026-03-05T18:14:00,12.194689,76.549745,33,MOVING,MAN-000207
TEL-00003491,VEH-0127,2026-03-05T18:25:00,12.193984,76.550132,0,STOPPED,MAN-000207
TEL-00003492,VEH-0127,2026-03-05T18:44:00,12.135172,76.579193,24,MOVING,MAN-000207
TEL-00003493,VEH-0127,2026-03-05T18:57:00,12.076348,76.607592,30,MOVING,MAN-000207
TEL-00003494,VEH-0127,2026-03-05T19:12:00,12.020309,76.636463,0,STOPPED,MAN-000207
TEL-00003495,VEH-0127,2026-03-05T19:30:00,12.020049,76.634585,18,MOVING,MAN-000207
TEL-00003496,VEH-0127,2026-03-05T19:44:00,12.019336,76.636487,31,MOVING,MAN-000207
TEL-00003497,VEH-0127,2026-03-05T20:03:00,12.020309,76.636463,0,STOPPED,MAN-000207
TEL-00003498,VEH-0127,2026-03-05T20:13:00,12.020309,76.636463,0,DELIVERED,MAN-000207
TEL-00003499,VEH-0102,2026-03-05T12:00:00,12.111967,76.609749,0,IDLE,MAN-000208
TEL-00003500,VEH-0102,2026-03-05T12:12:00,12.141056,76.6557,22,MOVING,MAN-000208
TEL-00003501,VEH-0102,2026-03-05T12:26:00,12.172381,76.699171,34,MOVING,MAN-000208
TEL-00003502,VEH-0102,2026-03-05T12:41:00,12.203743,76.742832,0,STOPPED,MAN-000208
TEL-00003503,VEH-0102,2026-03-05T12:54:00,12.203949,76.744512,27,MOVING,MAN-000208
TEL-00003504,VEH-0102,2026-03-05T13:08:00,12.202956,76.743859,20,MOVING,MAN-000208
TEL-00003505,VEH-0102,2026-03-05T13:24:00,12.203743,76.742832,0,STOPPED,MAN-000208
TEL-00003506,VEH-0102,2026-03-05T13:52:00,12.12968,76.675637,28,MOVING,MAN-000208
TEL-00003507,VEH-0102,2026-03-05T14:14:00,12.056764,76.603192,21,MOVING,MAN-000208
TEL-00003508,VEH-0102,2026-03-05T14:39:00,11.983831,76.536295,0,STOPPED,MAN-000208
TEL-00003509,VEH-0102,2026-03-05T15:07:00,11.984662,76.536535,25,MOVING,MAN-000208
TEL-00003510,VEH-0102,2026-03-05T15:32:00,11.982685,76.537687,22,MOVING,MAN-000208
TEL-00003511,VEH-0102,2026-03-05T15:53:00,11.983831,76.536295,0,STOPPED,MAN-000208
TEL-00003512,VEH-0102,2026-03-05T16:21:00,12.076328,76.566075,22,MOVING,MAN-000208
TEL-00003513,VEH-0102,2026-03-05T16:43:00,12.16703,76.597011,30,MOVING,MAN-000208
TEL-00003514,VEH-0102,2026-03-05T17:04:00,12.261356,76.62791,0,STOPPED,MAN-000208
TEL-00003515,VEH-0102,2026-03-05T17:32:00,12.261601,76.627613,34,MOVING,MAN-000208
TEL-00003516,VEH-0102,2026-03-05T17:52:00,12.259855,76.628342,32,MOVING,MAN-000208
TEL-00003517,VEH-0102,2026-03-05T18:15:00,12.261356,76.62791,0,STOPPED,MAN-000208
TEL-00003518,VEH-0102,2026-03-05T18:21:00,12.251601,76.635776,23,MOVING,MAN-000208
TEL-00003519,VEH-0102,2026-03-05T18:21:00,12.244162,76.641118,21,MOVING,MAN-000208
TEL-00003520,VEH-0102,2026-03-05T18:22:00,12.234343,76.645853,0,STOPPED,MAN-000208
TEL-00003521,VEH-0102,2026-03-05T18:29:00,12.235497,76.646878,34,MOVING,MAN-000208
TEL-00003522,VEH-0102,2026-03-05T18:27:00,12.232923,76.647281,21,MOVING,MAN-000208
TEL-00003523,VEH-0102,2026-03-05T18:29:00,12.234343,76.645853,0,STOPPED,MAN-000208
TEL-00003524,VEH-0102,2026-03-05T18:50:00,12.221511,76.573717,32,MOVING,MAN-000208
TEL-00003525,VEH-0102,2026-03-05T19:05:00,12.208648,76.503199,22,MOVING,MAN-000208
TEL-00003526,VEH-0102,2026-03-05T19:20:00,12.194421,76.433211,0,STOPPED,MAN-000208
TEL-00003527,VEH-0102,2026-03-05T19:39:00,12.194701,76.433317,22,MOVING,MAN-000208
TEL-00003528,VEH-0102,2026-03-05T19:58:00,12.193696,76.434006,18,MOVING,MAN-000208
TEL-00003529,VEH-0102,2026-03-05T20:11:00,12.194421,76.433211,0,STOPPED,MAN-000208
TEL-00003530,VEH-0102,2026-03-05T20:20:00,12.213209,76.449073,30,MOVING,MAN-000208
TEL-00003531,VEH-0102,2026-03-05T20:27:00,12.231381,76.463842,19,MOVING,MAN-000208
TEL-00003532,VEH-0102,2026-03-05T20:30:00,12.25058,76.480988,0,STOPPED,MAN-000208
TEL-00003533,VEH-0102,2026-03-05T20:36:00,12.248598,76.482024,36,MOVING,MAN-000208
TEL-00003534,VEH-0102,2026-03-05T20:44:00,12.249566,76.482369,26,MOVING,MAN-000208
TEL-00003535,VEH-0102,2026-03-05T20:48:00,12.25058,76.480988,0,STOPPED,MAN-000208
TEL-00003536,VEH-0102,2026-03-05T20:58:00,12.25058,76.480988,0,DELIVERED,MAN-000208
TEL-00003537,VEH-0128,2026-03-05T12:00:00,13.318364,76.902662,0,IDLE,MAN-000209
TEL-00003538,VEH-0128,2026-03-05T12:14:00,13.350847,76.950303,30,MOVING,MAN-000209
TEL-00003539,VEH-0128,2026-03-05T12:30:00,13.377949,76.996977,29,MOVING,MAN-000209
TEL-00003540,VEH-0128,2026-03-05T12:41:00,13.410077,77.046951,0,STOPPED,MAN-000209
TEL-00003541,VEH-0128,2026-03-05T12:57:00,13.410556,77.047808,29,MOVING,MAN-000209
TEL-00003542,VEH-0128,2026-03-05T13:13:00,13.41083,77.048951,37,MOVING,MAN-000209
TEL-00003543,VEH-0128,2026-03-05T13:27:00,13.410077,77.046951,0,STOPPED,MAN-000209
TEL-00003544,VEH-0128,2026-03-05T13:37:00,13.38968,77.01458,29,MOVING,MAN-000209
TEL-00003545,VEH-0128,2026-03-05T13:45:00,13.366864,76.979389,31,MOVING,MAN-000209
TEL-00003546,VEH-0128,2026-03-05T14:00:00,13.345301,76.94658,0,STOPPED,MAN-000209
TEL-00003547,VEH-0128,2026-03-05T14:09:00,13.347022,76.948246,26,MOVING,MAN-000209
TEL-00003548,VEH-0128,2026-03-05T14:22:00,13.346693,76.946422,27,MOVING,MAN-000209
TEL-00003549,VEH-0128,2026-03-05T14:29:00,13.345301,76.94658,0,STOPPED,MAN-000209
TEL-00003550,VEH-0128,2026-03-05T14:33:00,13.361106,76.938674,31,MOVING,MAN-000209
TEL-00003551,VEH-0128,2026-03-05T14:40:00,13.378349,76.935047,35,MOVING,MAN-000209
TEL-00003552,VEH-0128,2026-03-05T14:42:00,13.395854,76.927554,0,STOPPED,MAN-000209
TEL-00003553,VEH-0128,2026-03-05T14:49:00,13.396699,76.927076,24,MOVING,MAN-000209
TEL-00003554,VEH-0128,2026-03-05T14:54:00,13.39582,76.929005,36,MOVING,MAN-000209
TEL-00003555,VEH-0128,2026-03-05T14:59:00,13.395854,76.927554,0,STOPPED,MAN-000209
TEL-00003556,VEH-0128,2026-03-05T15:13:00,13.351276,76.936073,37,MOVING,MAN-000209
TEL-00003557,VEH-0128,2026-03-05T15:20:00,13.31016,76.946834,23,MOVING,MAN-000209
TEL-00003558,VEH-0128,2026-03-05T15:34:00,13.267826,76.957885,0,STOPPED,MAN-000209
TEL-00003559,VEH-0128,2026-03-05T15:45:00,13.267065,76.957959,36,MOVING,MAN-000209
TEL-00003560,VEH-0128,2026-03-05T15:57:00,13.267797,76.957693,30,MOVING,MAN-000209
TEL-00003561,VEH-0128,2026-03-05T16:08:00,13.267826,76.957885,0,STOPPED,MAN-000209
TEL-00003562,VEH-0128,2026-03-05T16:18:00,13.23723,76.978667,33,MOVING,MAN-000209
TEL-00003563,VEH-0128,2026-03-05T16:27:00,13.20725,77.001175,36,MOVING,MAN-000209
TEL-00003564,VEH-0128,2026-03-05T16:38:00,13.174595,77.022936,0,STOPPED,MAN-000209
TEL-00003565,VEH-0128,2026-03-05T16:52:00,13.174932,77.021744,34,MOVING,MAN-000209
TEL-00003566,VEH-0128,2026-03-05T16:59:00,13.174911,77.023254,24,MOVING,MAN-000209
TEL-00003567,VEH-0128,2026-03-05T17:06:00,13.174595,77.022936,0,STOPPED,MAN-000209
TEL-00003568,VEH-0128,2026-03-05T17:14:00,13.180481,77.011456,37,MOVING,MAN-000209
TEL-00003569,VEH-0128,2026-03-05T17:15:00,13.190552,77.001045,27,MOVING,MAN-000209
TEL-00003570,VEH-0128,2026-03-05T17:17:00,13.196502,76.988818,0,STOPPED,MAN-000209
TEL-00003571,VEH-0128,2026-03-05T17:25:00,13.196334,76.986848,24,MOVING,MAN-000209
TEL-00003572,VEH-0128,2026-03-05T17:24:00,13.197491,76.989695,36,MOVING,MAN-000209
TEL-00003573,VEH-0128,2026-03-05T17:28:00,13.196502,76.988818,0,STOPPED,MAN-000209
TEL-00003574,VEH-0128,2026-03-05T17:38:00,13.196502,76.988818,0,DELIVERED,MAN-000209
TEL-00003575,VEH-0103,2026-03-05T12:00:00,13.318364,76.902662,0,IDLE,MAN-000211
TEL-00003576,VEH-0103,2026-03-05T12:16:00,13.268812,76.946628,33,MOVING,MAN-000211
TEL-00003577,VEH-0103,2026-03-05T12:32:00,13.218544,76.993445,24,MOVING,MAN-000211
TEL-00003578,VEH-0103,2026-03-05T12:52:00,13.16838,77.040492,0,STOPPED,MAN-000211
TEL-00003579,VEH-0103,2026-03-05T13:08:00,13.167379,77.038985,31,MOVING,MAN-000211
TEL-00003580,VEH-0103,2026-03-05T13:27:00,13.167455,77.041245,23,MOVING,MAN-000211
TEL-00003581,VEH-0103,2026-03-05T13:45:00,13.16838,77.040492,0,STOPPED,MAN-000211
TEL-00003582,VEH-0103,2026-03-05T14:12:00,13.190562,76.944207,28,MOVING,MAN-000211
TEL-00003583,VEH-0103,2026-03-05T14:33:00,13.211403,76.844057,23,MOVING,MAN-000211
TEL-00003584,VEH-0103,2026-03-05T14:57:00,13.235026,76.746995,0,STOPPED,MAN-000211
TEL-00003585,VEH-0103,2026-03-05T15:23:00,13.236543,76.745293,36,MOVING,MAN-000211
TEL-00003586,VEH-0103,2026-03-05T15:44:00,13.236983,76.745531,36,MOVING,MAN-000211
TEL-00003587,VEH-0103,2026-03-05T16:08:00,13.235026,76.746995,0,STOPPED,MAN-000211
TEL-00003588,VEH-0103,2026-03-05T16:25:00,13.284924,76.746405,37,MOVING,MAN-000211
TEL-00003589,VEH-0103,2026-03-05T16:36:00,13.337454,76.744589,26,MOVING,MAN-000211
TEL-00003590,VEH-0103,2026-03-05T16:46:00,13.388219,76.744785,0,STOPPED,MAN-000211
TEL-00003591,VEH-0103,2026-03-05T16:58:00,13.388638,76.745961,35,MOVING,MAN-000211
TEL-00003592,VEH-0103,2026-03-05T17:15:00,13.389845,76.745232,25,MOVING,MAN-000211
TEL-00003593,VEH-0103,2026-03-05T17:23:00,13.388219,76.744785,0,STOPPED,MAN-000211
TEL-00003594,VEH-0103,2026-03-05T17:37:00,13.351313,76.789662,35,MOVING,MAN-000211
TEL-00003595,VEH-0103,2026-03-05T17:53:00,13.31747,76.837371,22,MOVING,MAN-000211
TEL-00003596,VEH-0103,2026-03-05T18:09:00,13.279713,76.883791,0,STOPPED,MAN-000211
TEL-00003597,VEH-0103,2026-03-05T18:25:00,13.280734,76.881881,35,MOVING,MAN-000211
TEL-00003598,VEH-0103,2026-03-05T18:37:00,13.279845,76.882296,35,MOVING,MAN-000211
TEL-00003599,VEH-0103,2026-03-05T18:55:00,13.279713,76.883791,0,STOPPED,MAN-000211
TEL-00003600,VEH-0103,2026-03-05T19:09:00,13.312306,76.850221,18,MOVING,MAN-000211
TEL-00003601,VEH-0103,2026-03-05T19:17:00,13.342107,76.816965,33,MOVING,MAN-000211
TEL-00003602,VEH-0103,2026-03-05T19:29:00,13.374277,76.781972,0,STOPPED,MAN-000211
TEL-00003603,VEH-0103,2026-03-05T19:41:00,13.375549,76.783134,19,MOVING,MAN-000211
TEL-00003604,VEH-0103,2026-03-05T19:52:00,13.374739,76.782066,18,MOVING,MAN-000211
TEL-00003605,VEH-0103,2026-03-05T20:07:00,13.374277,76.781972,0,STOPPED,MAN-000211
TEL-00003606,VEH-0103,2026-03-05T20:15:00,13.374609,76.766199,24,MOVING,MAN-000211
TEL-00003607,VEH-0103,2026-03-05T20:13:00,13.37463,76.752951,35,MOVING,MAN-000211
TEL-00003608,VEH-0103,2026-03-05T20:20:00,13.377194,76.737131,0,STOPPED,MAN-000211
TEL-00003609,VEH-0103,2026-03-05T20:26:00,13.377511,76.737706,34,MOVING,MAN-000211
TEL-00003610,VEH-0103,2026-03-05T20:30:00,13.375897,76.7353,23,MOVING,MAN-000211
TEL-00003611,VEH-0103,2026-03-05T20:31:00,13.377194,76.737131,0,STOPPED,MAN-000211
TEL-00003612,VEH-0103,2026-03-05T20:41:00,13.377194,76.737131,0,DELIVERED,MAN-000211
TEL-00003613,VEH-0104,2026-03-05T12:00:00,12.505032,76.802422,0,IDLE,MAN-000213
TEL-00003614,VEH-0104,2026-03-05T12:07:00,12.524864,76.821972,35,MOVING,MAN-000213
TEL-00003615,VEH-0104,2026-03-05T12:15:00,12.543445,76.842859,24,MOVING,MAN-000213
TEL-00003616,VEH-0104,2026-03-05T12:21:00,12.559751,76.863845,0,STOPPED,MAN-000213
TEL-00003617,VEH-0104,2026-03-05T12:29:00,12.559855,76.863351,29,MOVING,MAN-000213
TEL-00003618,VEH-0104,2026-03-05T12:33:00,12.558403,76.862553,20,MOVING,MAN-000213
TEL-00003619,VEH-0104,2026-03-05T12:44:00,12.559751,76.863845,0,STOPPED,MAN-000213
TEL-00003620,VEH-0104,2026-03-05T13:05:00,12.506049,76.820924,34,MOVING,MAN-000213
TEL-00003621,VEH-0104,2026-03-05T13:19:00,12.451646,76.778407,35,MOVING,MAN-000213
TEL-00003622,VEH-0104,2026-03-05T13:36:00,12.39983,76.734618,0,STOPPED,MAN-000213
TEL-00003623,VEH-0104,2026-03-05T13:54:00,12.398551,76.735107,36,MOVING,MAN-000213
TEL-00003624,VEH-0104,2026-03-05T14:11:00,12.400138,76.733237,20,MOVING,MAN-000213
TEL-00003625,VEH-0104,2026-03-05T14:27:00,12.39983,76.734618,0,STOPPED,MAN-000213
TEL-00003626,VEH-0104,2026-03-05T14:54:00,12.488024,76.758389,34,MOVING,MAN-000213
TEL-00003627,VEH-0104,2026-03-05T15:13:00,12.580936,76.780168,32,MOVING,MAN-000213
TEL-00003628,VEH-0104,2026-03-05T15:36:00,12.670306,76.803073,0,STOPPED,MAN-000213
TEL-00003629,VEH-0104,2026-03-05T15:59:00,12.66959,76.801939,36,MOVING,MAN-000213
TEL-00003630,VEH-0104,2026-03-05T16:23:00,12.672256,76.801555,35,MOVING,MAN-000213
TEL-00003631,VEH-0104,2026-03-05T16:48:00,12.670306,76.803073,0,STOPPED,MAN-000213
TEL-00003632,VEH-0104,2026-03-05T17:05:00,12.629401,76.846265,29,MOVING,MAN-000213
TEL-00003633,VEH-0104,2026-03-05T17:16:00,12.586676,76.887936,19,MOVING,MAN-000213
TEL-00003634,VEH-0104,2026-03-05T17:34:00,12.545473,76.92839,0,STOPPED,MAN-000213
TEL-00003635,VEH-0104,2026-03-05T17:50:00,12.546686,76.927624,35,MOVING,MAN-000213
TEL-00003636,VEH-0104,2026-03-05T18:07:00,12.546231,76.92991,28,MOVING,MAN-000213
TEL-00003637,VEH-0104,2026-03-05T18:16:00,12.545473,76.92839,0,STOPPED,MAN-000213
TEL-00003638,VEH-0104,2026-03-05T18:36:00,12.512323,76.862577,33,MOVING,MAN-000213
TEL-00003639,VEH-0104,2026-03-05T18:54:00,12.481048,76.795746,36,MOVING,MAN-000213
TEL-00003640,VEH-0104,2026-03-05T19:08:00,12.451308,76.731004,0,STOPPED,MAN-000213
TEL-00003641,VEH-0104,2026-03-05T19:26:00,12.4513,76.729525,24,MOVING,MAN-000213
TEL-00003642,VEH-0104,2026-03-05T19:44:00,12.450152,76.730532,37,MOVING,MAN-000213
TEL-00003643,VEH-0104,2026-03-05T20:01:00,12.451308,76.731004,0,STOPPED,MAN-000213
TEL-00003644,VEH-0104,2026-03-05T20:22:00,12.516586,76.786266,21,MOVING,MAN-000213
TEL-00003645,VEH-0104,2026-03-05T20:47:00,12.586596,76.837362,26,MOVING,MAN-000213
TEL-00003646,VEH-0104,2026-03-05T21:03:00,12.652298,76.892851,0,STOPPED,MAN-000213
TEL-00003647,VEH-0104,2026-03-05T21:28:00,12.650336,76.892871,36,MOVING,MAN-000213
TEL-00003648,VEH-0104,2026-03-05T21:46:00,12.652662,76.890937,34,MOVING,MAN-000213
TEL-00003649,VEH-0104,2026-03-05T22:08:00,12.652298,76.892851,0,STOPPED,MAN-000213
TEL-00003650,VEH-0104,2026-03-05T22:18:00,12.652298,76.892851,0,DELIVERED,MAN-000213
TEL-00003651,VEH-0054,2026-03-05T12:00:00,12.505032,76.802422,0,IDLE,MAN-000214
TEL-00003652,VEH-0054,2026-03-05T12:19:00,12.521022,76.864044,34,MOVING,MAN-000214
TEL-00003653,VEH-0054,2026-03-05T12:32:00,12.535304,76.922018,37,MOVING,MAN-000214
TEL-00003654,VEH-0054,2026-03-05T12:47:00,12.552161,76.981742,0,STOPPED,MAN-000214
TEL-00003655,VEH-0054,2026-03-05T13:05:00,12.55384,76.980106,34,MOVING,MAN-000214
TEL-00003656,VEH-0054,2026-03-05T13:18:00,12.551918,76.982825,31,MOVING,MAN-000214
TEL-00003657,VEH-0054,2026-03-05T13:32:00,12.552161,76.981742,0,STOPPED,MAN-000214
TEL-00003658,VEH-0054,2026-03-05T13:54:00,12.497745,76.905921,26,MOVING,MAN-000214
TEL-00003659,VEH-0054,2026-03-05T14:20:00,12.440899,76.83085,22,MOVING,MAN-000214
TEL-00003660,VEH-0054,2026-03-05T14:44:00,12.385105,76.758319,0,STOPPED,MAN-000214
TEL-00003661,VEH-0054,2026-03-05T15:10:00,12.383449,76.757727,36,MOVING,MAN-000214
TEL-00003662,VEH-0054,2026-03-05T15:31:00,12.386538,76.760006,37,MOVING,MAN-000214
TEL-00003663,VEH-0054,2026-03-05T15:55:00,12.385105,76.758319,0,STOPPED,MAN-000214
TEL-00003664,VEH-0054,2026-03-05T16:14:00,12.441972,76.791099,35,MOVING,MAN-000214
TEL-00003665,VEH-0054,2026-03-05T16:30:00,12.502794,76.824823,28,MOVING,MAN-000214
TEL-00003666,VEH-0054,2026-03-05T16:46:00,12.560305,76.856624,0,STOPPED,MAN-000214
TEL-00003667,VEH-0054,2026-03-05T17:04:00,12.561753,76.855378,28,MOVING,MAN-000214
TEL-00003668,VEH-0054,2026-03-05T17:23:00,12.559274,76.857167,21,MOVING,MAN-000214
TEL-00003669,VEH-0054,2026-03-05T17:34:00,12.560305,76.856624,0,STOPPED,MAN-000214
TEL-00003670,VEH-0054,2026-03-05T17:50:00,12.51482,76.833881,32,MOVING,MAN-000214
TEL-00003671,VEH-0054,2026-03-05T18:02:00,12.468538,76.814414,24,MOVING,MAN-000214
TEL-00003672,VEH-0054,2026-03-05T18:13:00,12.423851,76.793313,0,STOPPED,MAN-000214
TEL-00003673,VEH-0054,2026-03-05T18:29:00,12.423483,76.791434,22,MOVING,MAN-000214
TEL-00003674,VEH-0054,2026-03-05T18:38:00,12.423016,76.791887,20,MOVING,MAN-000214
TEL-00003675,VEH-0054,2026-03-05T18:53:00,12.423851,76.793313,0,STOPPED,MAN-000214
TEL-00003676,VEH-0054,2026-03-05T19:09:00,12.476868,76.810732,32,MOVING,MAN-000214
TEL-00003677,VEH-0054,2026-03-05T19:20:00,12.532081,76.825146,37,MOVING,MAN-000214
TEL-00003678,VEH-0054,2026-03-05T19:34:00,12.587087,76.842812,0,STOPPED,MAN-000214
TEL-00003679,VEH-0054,2026-03-05T19:47:00,12.587945,76.841676,33,MOVING,MAN-000214
TEL-00003680,VEH-0054,2026-03-05T20:01:00,12.585416,76.84234,33,MOVING,MAN-000214
TEL-00003681,VEH-0054,2026-03-05T20:15:00,12.587087,76.842812,0,STOPPED,MAN-000214
TEL-00003682,VEH-0054,2026-03-05T20:31:00,12.54121,76.80072,37,MOVING,MAN-000214
TEL-00003683,VEH-0054,2026-03-05T20:46:00,12.498615,76.759925,19,MOVING,MAN-000214
TEL-00003684,VEH-0054,2026-03-05T21:03:00,12.451835,76.716587,0,STOPPED,MAN-000214
TEL-00003685,VEH-0054,2026-03-05T21:21:00,12.451789,76.715526,22,MOVING,MAN-000214
TEL-00003686,VEH-0054,2026-03-05T21:36:00,12.451784,76.718534,26,MOVING,MAN-000214
TEL-00003687,VEH-0054,2026-03-05T21:52:00,12.451835,76.716587,0,STOPPED,MAN-000214
TEL-00003688,VEH-0054,2026-03-05T22:02:00,12.451835,76.716587,0,DELIVERED,MAN-000214
TEL-00003689,VEH-0004,2026-03-05T12:00:00,12.505032,76.802422,0,IDLE,MAN-000216
TEL-00003690,VEH-0004,2026-03-05T12:15:00,12.530605,76.746888,31,MOVING,MAN-000216
TEL-00003691,VEH-0004,2026-03-05T12:29:00,12.551582,76.693205,37,MOVING,MAN-000216
TEL-00003692,VEH-0004,2026-03-05T12:44:00,12.576922,76.636332,0,STOPPED,MAN-000216
TEL-00003693,VEH-0004,2026-03-05T13:00:00,12.575727,76.637037,35,MOVING,MAN-000216
TEL-00003694,VEH-0004,2026-03-05T13:16:00,12.577774,76.636119,26,MOVING,MAN-000216
TEL-00003695,VEH-0004,2026-03-05T13:27:00,12.576922,76.636332,0,STOPPED,MAN-000216
TEL-00003696,VEH-0004,2026-03-05T13:49:00,12.578819,76.718057,26,MOVING,MAN-000216
TEL-00003697,VEH-0004,2026-03-05T14:07:00,12.579857,76.802451,37,MOVING,MAN-000216
TEL-00003698,VEH-0004,2026-03-05T14:28:00,12.580035,76.886493,0,STOPPED,MAN-000216
TEL-00003699,VEH-0004,2026-03-05T14:49:00,12.581241,76.885347,31,MOVING,MAN-000216
TEL-00003700,VEH-0004,2026-03-05T15:12:00,12.580766,76.886256,30,MOVING,MAN-000216
TEL-00003701,VEH-0004,2026-03-05T15:27:00,12.580035,76.886493,0,STOPPED,MAN-000216
TEL-00003702,VEH-0004,2026-03-05T15:53:00,12.515176,76.804336,20,MOVING,MAN-000216
TEL-00003703,VEH-0004,2026-03-05T16:21:00,12.444886,76.720693,29,MOVING,MAN-000216
TEL-00003704,VEH-0004,2026-03-05T16:49:00,12.38026,76.635442,0,STOPPED,MAN-000216
TEL-00003705,VEH-0004,2026-03-05T17:18:00,12.380903,76.63727,32,MOVING,MAN-000216
TEL-00003706,VEH-0004,2026-03-05T17:44:00,12.381162,76.636305,20,MOVING,MAN-000216
TEL-00003707,VEH-0004,2026-03-05T18:08:00,12.38026,76.635442,0,STOPPED,MAN-000216
TEL-00003708,VEH-0004,2026-03-05T18:39:00,12.472205,76.727137,20,MOVING,MAN-000216
TEL-00003709,VEH-0004,2026-03-05T19:10:00,12.562606,76.819063,18,MOVING,MAN-000216
TEL-00003710,VEH-0004,2026-03-05T19:43:00,12.655854,76.909239,0,STOPPED,MAN-000216
TEL-00003711,VEH-0004,2026-03-05T20:15:00,12.655101,76.911225,21,MOVING,MAN-000216
TEL-00003712,VEH-0004,2026-03-05T20:50:00,12.656266,76.907949,26,MOVING,MAN-000216
TEL-00003713,VEH-0004,2026-03-05T21:17:00,12.655854,76.909239,0,STOPPED,MAN-000216
TEL-00003714,VEH-0004,2026-03-05T21:28:00,12.663764,76.861914,19,MOVING,MAN-000216
TEL-00003715,VEH-0004,2026-03-05T21:44:00,12.666831,76.814615,33,MOVING,MAN-000216
TEL-00003716,VEH-0004,2026-03-05T21:50:00,12.67463,76.769892,0,STOPPED,MAN-000216
TEL-00003717,VEH-0004,2026-03-05T22:04:00,12.675794,76.770295,26,MOVING,MAN-000216
TEL-00003718,VEH-0004,2026-03-05T22:14:00,12.673373,76.770264,19,MOVING,MAN-000216
TEL-00003719,VEH-0004,2026-03-05T22:27:00,12.67463,76.769892,0,STOPPED,MAN-000216
TEL-00003720,VEH-0004,2026-03-05T22:38:00,12.637768,76.744309,34,MOVING,MAN-000216
TEL-00003721,VEH-0004,2026-03-05T22:48:00,12.604073,76.721882,19,MOVING,MAN-000216
TEL-00003722,VEH-0004,2026-03-05T23:00:00,12.566547,76.696545,0,STOPPED,MAN-000216
TEL-00003723,VEH-0004,2026-03-05T23:15:00,12.564913,76.697099,23,MOVING,MAN-000216
TEL-00003724,VEH-0004,2026-03-05T23:24:00,12.564581,76.695278,30,MOVING,MAN-000216
TEL-00003725,VEH-0004,2026-03-05T23:33:00,12.566547,76.696545,0,STOPPED,MAN-000216
TEL-00003726,VEH-0004,2026-03-05T23:43:00,12.566547,76.696545,0,DELIVERED,MAN-000216
TEL-00003727,VEH-0055,2026-03-05T12:00:00,13.330408,76.214124,0,IDLE,MAN-000220
TEL-00003728,VEH-0055,2026-03-05T12:13:00,13.316229,76.270317,29,MOVING,MAN-000220
TEL-00003729,VEH-0055,2026-03-05T12:30:00,13.301998,76.32691,37,MOVING,MAN-000220
TEL-00003730,VEH-0055,2026-03-05T12:44:00,13.288476,76.381533,0,STOPPED,MAN-000220
TEL-00003731,VEH-0055,2026-03-05T12:58:00,13.28782,76.381603,28,MOVING,MAN-000220
TEL-00003732,VEH-0055,2026-03-05T13:11:00,13.28845,76.381152,22,MOVING,MAN-000220
TEL-00003733,VEH-0055,2026-03-05T13:26:00,13.288476,76.381533,0,STOPPED,MAN-000220
TEL-00003734,VEH-0055,2026-03-05T13:33:00,13.279841,76.359207,23,MOVING,MAN-000220
TEL-00003735,VEH-0055,2026-03-05T13:40:00,13.270619,76.33802,20,MOVING,MAN-000220
TEL-00003736,VEH-0055,2026-03-05T13:46:00,13.261738,76.31788,0,STOPPED,MAN-000220
TEL-00003737,VEH-0055,2026-03-05T13:51:00,13.261847,76.3176,28,MOVING,MAN-000220
TEL-00003738,VEH-0055,2026-03-05T14:00:00,13.260331,76.316885,19,MOVING,MAN-000220
TEL-00003739,VEH-0055,2026-03-05T14:06:00,13.261738,76.31788,0,STOPPED,MAN-000220
TEL-00003740,VEH-0055,2026-03-05T14:18:00,13.307042,76.314319,18,MOVING,MAN-000220
TEL-00003741,VEH-0055,2026-03-05T14:28:00,13.346808,76.310222,26,MOVING,MAN-000220
TEL-00003742,VEH-0055,2026-03-05T14:40:00,13.392114,76.309062,0,STOPPED,MAN-000220
TEL-00003743,VEH-0055,2026-03-05T14:50:00,13.391845,76.310425,22,MOVING,MAN-000220
TEL-00003744,VEH-0055,2026-03-05T15:05:00,13.391028,76.308757,31,MOVING,MAN-000220
TEL-00003745,VEH-0055,2026-03-05T15:11:00,13.392114,76.309062,0,STOPPED,MAN-000220
TEL-00003746,VEH-0055,2026-03-05T15:30:00,13.356398,76.247947,35,MOVING,MAN-000220
TEL-00003747,VEH-0055,2026-03-05T15:47:00,13.318225,76.184966,32,MOVING,MAN-000220
TEL-00003748,VEH-0055,2026-03-05T16:04:00,13.279023,76.121192,0,STOPPED,MAN-000220
TEL-00003749,VEH-0055,2026-03-05T16:25:00,13.277512,76.120408,25,MOVING,MAN-000220
TEL-00003750,VEH-0055,2026-03-05T16:40:00,13.279277,76.120196,32,MOVING,MAN-000220
TEL-00003751,VEH-0055,2026-03-05T17:00:00,13.279023,76.121192,0,STOPPED,MAN-000220
TEL-00003752,VEH-0055,2026-03-05T17:08:00,13.267725,76.109438,19,MOVING,MAN-000220
TEL-00003753,VEH-0055,2026-03-05T17:10:00,13.255016,76.095255,36,MOVING,MAN-000220
TEL-00003754,VEH-0055,2026-03-05T17:13:00,13.243469,76.083239,0,STOPPED,MAN-000220
TEL-00003755,VEH-0055,2026-03-05T17:21:00,13.243223,76.082062,18,MOVING,MAN-000220
TEL-00003756,VEH-0055,2026-03-05T17:23:00,13.244375,76.084277,23,MOVING,MAN-000220
TEL-00003757,VEH-0055,2026-03-05T17:25:00,13.243469,76.083239,0,STOPPED,MAN-000220
TEL-00003758,VEH-0055,2026-03-05T17:44:00,13.235825,76.158269,26,MOVING,MAN-000220
TEL-00003759,VEH-0055,2026-03-05T18:00:00,13.230051,76.233673,31,MOVING,MAN-000220
TEL-00003760,VEH-0055,2026-03-05T18:18:00,13.223445,76.305995,0,STOPPED,MAN-000220
TEL-00003761,VEH-0055,2026-03-05T18:36:00,13.223534,76.30652,34,MOVING,MAN-000220
TEL-00003762,VEH-0055,2026-03-05T18:55:00,13.222843,76.306387,26,MOVING,MAN-000220
TEL-00003763,VEH-0055,2026-03-05T19:16:00,13.223445,76.305995,0,STOPPED,MAN-000220
TEL-00003764,VEH-0055,2026-03-05T19:26:00,13.223445,76.305995,0,DELIVERED,MAN-000220
TEL-00003765,VEH-0031,2026-03-05T12:00:00,14.000078,75.409186,0,IDLE,MAN-000222
TEL-00003766,VEH-0031,2026-03-05T12:17:00,14.047321,75.390079,19,MOVING,MAN-000222
TEL-00003767,VEH-0031,2026-03-05T12:26:00,14.09014,75.371929,19,MOVING,MAN-000222
TEL-00003768,VEH-0031,2026-03-05T12:39:00,14.13689,75.35281,0,STOPPED,MAN-000222
TEL-00003769,VEH-0031,2026-03-05T12:52:00,14.136767,75.351258,22,MOVING,MAN-000222
TEL-00003770,VEH-0031,2026-03-05T13:07:00,14.138788,75.351855,34,MOVING,MAN-000222
TEL-00003771,VEH-0031,2026-03-05T13:18:00,14.13689,75.35281,0,STOPPED,MAN-000222
TEL-00003772,VEH-0031,2026-03-05T13:45:00,14.044111,75.424014,26,MOVING,MAN-000222
TEL-00003773,VEH-0031,2026-03-05T14:14:00,13.954794,75.492299,33,MOVING,MAN-000222
TEL-00003774,VEH-0031,2026-03-05T14:45:00,13.862575,75.561869,0,STOPPED,MAN-000222
TEL-00003775,VEH-0031,2026-03-05T15:16:00,13.861843,75.561572,34,MOVING,MAN-000222
TEL-00003776,VEH-0031,2026-03-05T15:41:00,13.86134,75.56042,20,MOVING,MAN-000222
TEL-00003777,VEH-0031,2026-03-05T16:09:00,13.862575,75.561869,0,STOPPED,MAN-000222
TEL-00003778,VEH-0031,2026-03-05T16:26:00,13.880421,75.508458,29,MOVING,MAN-000222
TEL-00003779,VEH-0031,2026-03-05T16:41:00,13.902796,75.453069,36,MOVING,MAN-000222
TEL-00003780,VEH-0031,2026-03-05T16:50:00,13.920736,75.397149,0,STOPPED,MAN-000222
TEL-00003781,VEH-0031,2026-03-05T17:06:00,13.91881,75.399099,23,MOVING,MAN-000222
TEL-00003782,VEH-0031,2026-03-05T17:19:00,13.92167,75.39725,22,MOVING,MAN-000222
TEL-00003783,VEH-0031,2026-03-05T17:31:00,13.920736,75.397149,0,STOPPED,MAN-000222
TEL-00003784,VEH-0031,2026-03-05T17:46:00,13.912568,75.453372,19,MOVING,MAN-000222
TEL-00003785,VEH-0031,2026-03-05T17:57:00,13.904027,75.509746,24,MOVING,MAN-000222
TEL-00003786,VEH-0031,2026-03-05T18:12:00,13.894832,75.563596,0,STOPPED,MAN-000222
TEL-00003787,VEH-0031,2026-03-05T18:26:00,13.893297,75.562239,28,MOVING,MAN-000222
TEL-00003788,VEH-0031,2026-03-05T18:42:00,13.896313,75.563833,21,MOVING,MAN-000222
TEL-00003789,VEH-0031,2026-03-05T18:57:00,13.894832,75.563596,0,STOPPED,MAN-000222
TEL-00003790,VEH-0031,2026-03-05T19:27:00,13.937534,75.455527,21,MOVING,MAN-000222
TEL-00003791,VEH-0031,2026-03-05T19:54:00,13.980287,75.347357,30,MOVING,MAN-000222
TEL-00003792,VEH-0031,2026-03-05T20:20:00,14.022107,75.239731,0,STOPPED,MAN-000222
TEL-00003793,VEH-0031,2026-03-05T20:48:00,14.021259,75.24172,22,MOVING,MAN-000222
TEL-00003794,VEH-0031,2026-03-05T21:16:00,14.021999,75.239685,33,MOVING,MAN-000222
TEL-00003795,VEH-0031,2026-03-05T21:44:00,14.022107,75.239731,0,STOPPED,MAN-000222
TEL-00003796,VEH-0031,2026-03-05T21:50:00,14.031096,75.261341,19,MOVING,MAN-000222
TEL-00003797,VEH-0031,2026-03-05T21:56:00,14.039492,75.280796,30,MOVING,MAN-000222
TEL-00003798,VEH-0031,2026-03-05T22:05:00,14.046609,75.302262,0,STOPPED,MAN-000222
TEL-00003799,VEH-0031,2026-03-05T22:15:00,14.044704,75.303718,35,MOVING,MAN-000222
TEL-00003800,VEH-0031,2026-03-05T22:20:00,14.047889,75.302718,34,MOVING,MAN-000222
TEL-00003801,VEH-0031,2026-03-05T22:23:00,14.046609,75.302262,0,STOPPED,MAN-000222
TEL-00003802,VEH-0031,2026-03-05T22:33:00,14.046609,75.302262,0,DELIVERED,MAN-000222
TEL-00003803,VEH-0056,2026-03-05T12:00:00,14.000078,75.409186,0,IDLE,MAN-000224
TEL-00003804,VEH-0056,2026-03-05T12:05:00,14.008504,75.409794,18,MOVING,MAN-000224
TEL-00003805,VEH-0056,2026-03-05T12:08:00,14.016146,75.409241,19,MOVING,MAN-000224
TEL-00003806,VEH-0056,2026-03-05T12:08:00,14.022747,75.406812,0,STOPPED,MAN-000224
TEL-00003807,VEH-0056,2026-03-05T12:11:00,14.023326,75.408374,29,MOVING,MAN-000224
TEL-00003808,VEH-0056,2026-03-05T12:13:00,14.021751,75.407898,26,MOVING,MAN-000224
TEL-00003809,VEH-0056,2026-03-05T12:14:00,14.022747,75.406812,0,STOPPED,MAN-000224
TEL-00003810,VEH-0056,2026-03-05T12:23:00,14.032271,75.384516,19,MOVING,MAN-000224
TEL-00003811,VEH-0056,2026-03-05T12:30:00,14.045586,75.362278,36,MOVING,MAN-000224
TEL-00003812,VEH-0056,2026-03-05T12:33:00,14.054452,75.339605,0,STOPPED,MAN-000224
TEL-00003813,VEH-0056,2026-03-05T12:42:00,14.052944,75.341129,30,MOVING,MAN-000224
TEL-00003814,VEH-0056,2026-03-05T12:47:00,14.054985,75.339276,28,MOVING,MAN-000224
TEL-00003815,VEH-0056,2026-03-05T12:55:00,14.054452,75.339605,0,STOPPED,MAN-000224
TEL-00003816,VEH-0056,2026-03-05T13:05:00,14.071499,75.349384,20,MOVING,MAN-000224
TEL-00003817,VEH-0056,2026-03-05T13:06:00,14.090411,75.35795,24,MOVING,MAN-000224
TEL-00003818,VEH-0056,2026-03-05T13:10:00,14.110555,75.367652,0,STOPPED,MAN-000224
TEL-00003819,VEH-0056,2026-03-05T13:16:00,14.110885,75.369598,26,MOVING,MAN-000224
TEL-00003820,VEH-0056,2026-03-05T13:20:00,14.112031,75.368547,28,MOVING,MAN-000224
TEL-00003821,VEH-0056,2026-03-05T13:29:00,14.110555,75.367652,0,STOPPED,MAN-000224
TEL-00003822,VEH-0056,2026-03-05T13:44:00,14.099039,75.415804,36,MOVING,MAN-000224
TEL-00003823,VEH-0056,2026-03-05T13:52:00,14.086024,75.464516,37,MOVING,MAN-000224
TEL-00003824,VEH-0056,2026-03-05T14:07:00,14.072808,75.513227,0,STOPPED,MAN-000224
TEL-00003825,VEH-0056,2026-03-05T14:19:00,14.07325,75.513319,26,MOVING,MAN-000224
TEL-00003826,VEH-0056,2026-03-05T14:35:00,14.074748,75.513806,32,MOVING,MAN-000224
TEL-00003827,VEH-0056,2026-03-05T14:45:00,14.072808,75.513227,0,STOPPED,MAN-000224
TEL-00003828,VEH-0056,2026-03-05T14:59:00,14.04968,75.476899,35,MOVING,MAN-000224
TEL-00003829,VEH-0056,2026-03-05T15:08:00,14.026207,75.443368,20,MOVING,MAN-000224
TEL-00003830,VEH-0056,2026-03-05T15:19:00,14.003727,75.408361,0,STOPPED,MAN-000224
TEL-00003831,VEH-0056,2026-03-05T15:34:00,14.002901,75.406943,34,MOVING,MAN-000224
TEL-00003832,VEH-0056,2026-03-05T15:39:00,14.004077,75.410254,24,MOVING,MAN-000224
TEL-00003833,VEH-0056,2026-03-05T15:49:00,14.003727,75.408361,0,STOPPED,MAN-000224
TEL-00003834,VEH-0056,2026-03-05T16:05:00,14.058026,75.377566,37,MOVING,MAN-000224
TEL-00003835,VEH-0056,2026-03-05T16:23:00,14.111504,75.345557,33,MOVING,MAN-000224
TEL-00003836,VEH-0056,2026-03-05T16:37:00,14.16453,75.313848,0,STOPPED,MAN-000224
TEL-00003837,VEH-0056,2026-03-05T16:56:00,14.165722,75.311901,28,MOVING,MAN-000224
TEL-00003838,VEH-0056,2026-03-05T17:09:00,14.164439,75.314056,25,MOVING,MAN-000224
TEL-00003839,VEH-0056,2026-03-05T17:23:00,14.16453,75.313848,0,STOPPED,MAN-000224
TEL-00003840,VEH-0056,2026-03-05T17:33:00,14.16453,75.313848,0,DELIVERED,MAN-000224
TEL-00003841,VEH-0082,2026-03-05T12:00:00,12.704545,77.547257,0,IDLE,MAN-000226
TEL-00003842,VEH-0082,2026-03-05T12:16:00,12.681754,77.495246,32,MOVING,MAN-000226
TEL-00003843,VEH-0082,2026-03-05T12:31:00,12.664268,77.444191,19,MOVING,MAN-000226
TEL-00003844,VEH-0082,2026-03-05T12:43:00,12.641995,77.39418,0,STOPPED,MAN-000226
TEL-00003845,VEH-0082,2026-03-05T12:59:00,12.642287,77.393706,35,MOVING,MAN-000226
TEL-00003846,VEH-0082,2026-03-05T13:14:00,12.641336,77.394108,34,MOVING,MAN-000226
TEL-00003847,VEH-0082,2026-03-05T13:25:00,12.641995,77.39418,0,STOPPED,MAN-000226
TEL-00003848,VEH-0082,2026-03-05T13:37:00,12.645512,77.434017,18,MOVING,MAN-000226
TEL-00003849,VEH-0082,2026-03-05T13:43:00,12.649504,77.469833,23,MOVING,MAN-000226
TEL-00003850,VEH-0082,2026-03-05T13:53:00,12.651002,77.508772,0,STOPPED,MAN-000226
TEL-00003851,VEH-0082,2026-03-05T14:06:00,12.649728,77.510316,18,MOVING,MAN-000226
TEL-00003852,VEH-0082,2026-03-05T14:12:00,12.649573,77.507995,30,MOVING,MAN-000226
TEL-00003853,VEH-0082,2026-03-05T14:24:00,12.651002,77.508772,0,STOPPED,MAN-000226
TEL-00003854,VEH-0082,2026-03-05T14:36:00,12.682366,77.513494,29,MOVING,MAN-000226
TEL-00003855,VEH-0082,2026-03-05T14:38:00,12.710603,77.517346,18,MOVING,MAN-000226
TEL-00003856,VEH-0082,2026-03-05T14:47:00,12.741234,77.522262,0,STOPPED,MAN-000226
TEL-00003857,VEH-0082,2026-03-05T14:56:00,12.739914,77.524257,29,MOVING,MAN-000226
TEL-00003858,VEH-0082,2026-03-05T15:01:00,12.741963,77.523694,18,MOVING,MAN-000226
TEL-00003859,VEH-0082,2026-03-05T15:10:00,12.741234,77.522262,0,STOPPED,MAN-000226
TEL-00003860,VEH-0082,2026-03-05T15:30:00,12.677231,77.569547,29,MOVING,MAN-000226
TEL-00003861,VEH-0082,2026-03-05T15:51:00,12.612862,77.618479,26,MOVING,MAN-000226
TEL-00003862,VEH-0082,2026-03-05T16:11:00,12.54943,77.663588,0,STOPPED,MAN-000226
TEL-00003863,VEH-0082,2026-03-05T16:35:00,12.550741,77.664935,30,MOVING,MAN-000226
TEL-00003864,VEH-0082,2026-03-05T16:54:00,12.549904,77.663493,26,MOVING,MAN-000226
TEL-00003865,VEH-0082,2026-03-05T17:13:00,12.54943,77.663588,0,STOPPED,MAN-000226
TEL-00003866,VEH-0082,2026-03-05T17:37:00,12.573519,77.582586,24,MOVING,MAN-000226
TEL-00003867,VEH-0082,2026-03-05T17:56:00,12.595318,77.499729,29,MOVING,MAN-000226
TEL-00003868,VEH-0082,2026-03-05T18:18:00,12.620885,77.419314,0,STOPPED,MAN-000226
TEL-00003869,VEH-0082,2026-03-05T18:42:00,12.619521,77.419593,19,MOVING,MAN-000226
TEL-00003870,VEH-0082,2026-03-05T18:58:00,12.619601,77.417433,32,MOVING,MAN-000226
TEL-00003871,VEH-0082,2026-03-05T19:22:00,12.620885,77.419314,0,STOPPED,MAN-000226
TEL-00003872,VEH-0082,2026-03-05T19:45:00,12.679227,77.494745,34,MOVING,MAN-000226
TEL-00003873,VEH-0082,2026-03-05T20:11:00,12.737903,77.571822,30,MOVING,MAN-000226
TEL-00003874,VEH-0082,2026-03-05T20:36:00,12.798667,77.647201,0,STOPPED,MAN-000226
TEL-00003875,VEH-0082,2026-03-05T21:00:00,12.797402,77.646005,24,MOVING,MAN-000226
TEL-00003876,VEH-0082,2026-03-05T21:27:00,12.797804,77.645277,21,MOVING,MAN-000226
TEL-00003877,VEH-0082,2026-03-05T21:48:00,12.798667,77.647201,0,STOPPED,MAN-000226
TEL-00003878,VEH-0082,2026-03-05T21:58:00,12.798667,77.647201,0,DELIVERED,MAN-000226
TEL-00003879,VEH-0057,2026-03-05T12:00:00,12.704545,77.547257,0,IDLE,MAN-000227
TEL-00003880,VEH-0057,2026-03-05T12:13:00,12.714621,77.500633,18,MOVING,MAN-000227
TEL-00003881,VEH-0057,2026-03-05T12:27:00,12.726425,77.457053,21,MOVING,MAN-000227
TEL-00003882,VEH-0057,2026-03-05T12:36:00,12.737549,77.410039,0,STOPPED,MAN-000227
TEL-00003883,VEH-0057,2026-03-05T12:48:00,12.737831,77.411793,23,MOVING,MAN-000227
TEL-00003884,VEH-0057,2026-03-05T13:02:00,12.738846,77.412016,24,MOVING,MAN-000227
TEL-00003885,VEH-0057,2026-03-05T13:09:00,12.737549,77.410039,0,STOPPED,MAN-000227
TEL-00003886,VEH-0057,2026-03-05T13:19:00,12.715789,77.400124,22,MOVING,MAN-000227
TEL-00003887,VEH-0057,2026-03-05T13:25:00,12.692999,77.390151,23,MOVING,MAN-000227
TEL-00003888,VEH-0057,2026-03-05T13:30:00,12.671301,77.379341,0,STOPPED,MAN-000227
TEL-00003889,VEH-0057,2026-03-05T13:35:00,12.670617,77.380232,30,MOVING,MAN-000227
TEL-00003890,VEH-0057,2026-03-05T13:43:00,12.672415,77.378679,37,MOVING,MAN-000227
TEL-00003891,VEH-0057,2026-03-05T13:51:00,12.671301,77.379341,0,STOPPED,MAN-000227
TEL-00003892,VEH-0057,2026-03-05T14:14:00,12.720501,77.453574,33,MOVING,MAN-000227
TEL-00003893,VEH-0057,2026-03-05T14:38:00,12.77162,77.530785,20,MOVING,MAN-000227
TEL-00003894,VEH-0057,2026-03-05T14:57:00,12.822367,77.606856,0,STOPPED,MAN-000227
TEL-00003895,VEH-0057,2026-03-05T15:20:00,12.822917,77.606062,19,MOVING,MAN-000227
TEL-00003896,VEH-0057,2026-03-05T15:43:00,12.824334,77.606595,37,MOVING,MAN-000227
TEL-00003897,VEH-0057,2026-03-05T16:07:00,12.822367,77.606856,0,STOPPED,MAN-000227
TEL-00003898,VEH-0057,2026-03-05T16:26:00,12.774564,77.564124,37,MOVING,MAN-000227
TEL-00003899,VEH-0057,2026-03-05T16:41:00,12.727357,77.524912,19,MOVING,MAN-000227
TEL-00003900,VEH-0057,2026-03-05T16:56:00,12.677135,77.482634,0,STOPPED,MAN-000227
TEL-00003901,VEH-0057,2026-03-05T17:16:00,12.676227,77.481281,29,MOVING,MAN-000227
TEL-00003902,VEH-0057,2026-03-05T17:31:00,12.678887,77.481001,18,MOVING,MAN-000227
TEL-00003903,VEH-0057,2026-03-05T17:43:00,12.677135,77.482634,0,STOPPED,MAN-000227
TEL-00003904,VEH-0057,2026-03-05T18:06:00,12.641181,77.550317,31,MOVING,MAN-000227
TEL-00003905,VEH-0057,2026-03-05T18:22:00,12.605972,77.619087,22,MOVING,MAN-000227
TEL-00003906,VEH-0057,2026-03-05T18:42:00,12.568844,77.686868,0,STOPPED,MAN-000227
TEL-00003907,VEH-0057,2026-03-05T19:05:00,12.568984,77.685395,20,MOVING,MAN-000227
TEL-00003908,VEH-0057,2026-03-05T19:22:00,12.569175,77.686203,32,MOVING,MAN-000227
TEL-00003909,VEH-0057,2026-03-05T19:39:00,12.568844,77.686868,0,STOPPED,MAN-000227
TEL-00003910,VEH-0057,2026-03-05T20:08:00,12.666791,77.64716,21,MOVING,MAN-000227
TEL-00003911,VEH-0057,2026-03-05T20:30:00,12.761916,77.605341,23,MOVING,MAN-000227
TEL-00003912,VEH-0057,2026-03-05T20:56:00,12.857697,77.563575,0,STOPPED,MAN-000227
TEL-00003913,VEH-0057,2026-03-05T21:21:00,12.857526,77.564539,32,MOVING,MAN-000227
TEL-00003914,VEH-0057,2026-03-05T21:46:00,12.859374,77.563465,28,MOVING,MAN-000227
TEL-00003915,VEH-0057,2026-03-05T22:12:00,12.857697,77.563575,0,STOPPED,MAN-000227
TEL-00003916,VEH-0057,2026-03-05T22:22:00,12.857697,77.563575,0,DELIVERED,MAN-000227
TEL-00003917,VEH-0133,2026-03-05T12:00:00,12.594161,76.402707,0,IDLE,MAN-000229
TEL-00003918,VEH-0133,2026-03-05T12:16:00,12.532361,76.404829,24,MOVING,MAN-000229
TEL-00003919,VEH-0133,2026-03-05T12:29:00,12.473395,76.407182,26,MOVING,MAN-000229
TEL-00003920,VEH-0133,2026-03-05T12:44:00,12.414658,76.411854,0,STOPPED,MAN-000229
TEL-00003921,VEH-0133,2026-03-05T13:00:00,12.415061,76.41137,19,MOVING,MAN-000229
TEL-00003922,VEH-0133,2026-03-05T13:15:00,12.413405,76.41237,20,MOVING,MAN-000229
TEL-00003923,VEH-0133,2026-03-05T13:27:00,12.414658,76.411854,0,STOPPED,MAN-000229
TEL-00003924,VEH-0133,2026-03-05T13:51:00,12.49522,76.417419,35,MOVING,MAN-000229
TEL-00003925,VEH-0133,2026-03-05T14:09:00,12.578844,76.417651,28,MOVING,MAN-000229
TEL-00003926,VEH-0133,2026-03-05T14:30:00,12.662189,76.422791,0,STOPPED,MAN-000229
TEL-00003927,VEH-0133,2026-03-05T14:51:00,12.662645,76.421718,31,MOVING,MAN-000229
TEL-00003928,VEH-0133,2026-03-05T15:14:00,12.663846,76.423327,35,MOVING,MAN-000229
TEL-00003929,VEH-0133,2026-03-05T15:31:00,12.662189,76.422791,0,STOPPED,MAN-000229
TEL-00003930,VEH-0133,2026-03-05T16:00:00,12.58084,76.358491,31,MOVING,MAN-000229
TEL-00003931,VEH-0133,2026-03-05T16:21:00,12.501289,76.296565,36,MOVING,MAN-000229
TEL-00003932,VEH-0133,2026-03-05T16:49:00,12.422852,76.234514,0,STOPPED,MAN-000229
TEL-00003933,VEH-0133,2026-03-05T17:16:00,12.424266,76.233421,32,MOVING,MAN-000229
TEL-00003934,VEH-0133,2026-03-05T17:40:00,12.421408,76.233492,35,MOVING,MAN-000229
TEL-00003935,VEH-0133,2026-03-05T18:02:00,12.422852,76.234514,0,STOPPED,MAN-000229
TEL-00003936,VEH-0133,2026-03-05T18:11:00,12.448848,76.256816,20,MOVING,MAN-000229
TEL-00003937,VEH-0133,2026-03-05T18:21:00,12.476421,76.279106,24,MOVING,MAN-000229
TEL-00003938,VEH-0133,2026-03-05T18:31:00,12.503736,76.303868,0,STOPPED,MAN-000229
TEL-00003939,VEH-0133,2026-03-05T18:41:00,12.50283,76.3029,22,MOVING,MAN-000229
TEL-00003940,VEH-0133,2026-03-05T18:50:00,12.504707,76.303306,19,MOVING,MAN-000229
TEL-00003941,VEH-0133,2026-03-05T18:59:00,12.503736,76.303868,0,STOPPED,MAN-000229
TEL-00003942,VEH-0133,2026-03-05T19:19:00,12.571397,76.286692,36,MOVING,MAN-000229
TEL-00003943,VEH-0133,2026-03-05T19:38:00,12.643993,76.272318,30,MOVING,MAN-000229
TEL-00003944,VEH-0133,2026-03-05T19:52:00,12.711831,76.255158,0,STOPPED,MAN-000229
TEL-00003945,VEH-0133,2026-03-05T20:13:00,12.710027,76.253688,27,MOVING,MAN-000229
TEL-00003946,VEH-0133,2026-03-05T20:29:00,12.711757,76.25496,27,MOVING,MAN-000229
TEL-00003947,VEH-0133,2026-03-05T20:49:00,12.711831,76.255158,0,STOPPED,MAN-000229
TEL-00003948,VEH-0133,2026-03-05T20:57:00,12.719318,76.281921,19,MOVING,MAN-000229
TEL-00003949,VEH-0133,2026-03-05T21:04:00,12.729525,76.312463,29,MOVING,MAN-000229
TEL-00003950,VEH-0133,2026-03-05T21:14:00,12.739784,76.340394,0,STOPPED,MAN-000229
TEL-00003951,VEH-0133,2026-03-05T21:26:00,12.740798,76.340046,28,MOVING,MAN-000229
TEL-00003952,VEH-0133,2026-03-05T21:31:00,12.741591,76.341073,31,MOVING,MAN-000229
TEL-00003953,VEH-0133,2026-03-05T21:38:00,12.739784,76.340394,0,STOPPED,MAN-000229
TEL-00003954,VEH-0133,2026-03-05T21:48:00,12.739784,76.340394,0,DELIVERED,MAN-000229
TEL-00003955,VEH-0058,2026-03-05T12:00:00,12.594161,76.402707,0,IDLE,MAN-000230
TEL-00003956,VEH-0058,2026-03-05T12:18:00,12.539854,76.418927,26,MOVING,MAN-000230
TEL-00003957,VEH-0058,2026-03-05T12:31:00,12.48732,76.436243,32,MOVING,MAN-000230
TEL-00003958,VEH-0058,2026-03-05T12:43:00,12.436089,76.45042,0,STOPPED,MAN-000230
TEL-00003959,VEH-0058,2026-03-05T12:57:00,12.434656,76.451169,22,MOVING,MAN-000230
TEL-00003960,VEH-0058,2026-03-05T13:10:00,12.434924,76.452308,32,MOVING,MAN-000230
TEL-00003961,VEH-0058,2026-03-05T13:24:00,12.436089,76.45042,0,STOPPED,MAN-000230
TEL-00003962,VEH-0058,2026-03-05T13:40:00,12.462998,76.388759,22,MOVING,MAN-000230
TEL-00003963,VEH-0058,2026-03-05T13:58:00,12.48631,76.328028,33,MOVING,MAN-000230
TEL-00003964,VEH-0058,2026-03-05T14:13:00,12.513328,76.264959,0,STOPPED,MAN-000230
TEL-00003965,VEH-0058,2026-03-05T14:34:00,12.514771,76.264196,23,MOVING,MAN-000230
TEL-00003966,VEH-0058,2026-03-05T14:50:00,12.513221,76.266501,32,MOVING,MAN-000230
TEL-00003967,VEH-0058,2026-03-05T15:05:00,12.513328,76.264959,0,STOPPED,MAN-000230
TEL-00003968,VEH-0058,2026-03-05T15:18:00,12.570389,76.263396,37,MOVING,MAN-000230
TEL-00003969,VEH-0058,2026-03-05T15:34:00,12.62307,76.261286,30,MOVING,MAN-000230
TEL-00003970,VEH-0058,2026-03-05T15:48:00,12.680854,76.256923,0,STOPPED,MAN-000230
TEL-00003971,VEH-0058,2026-03-05T16:05:00,12.68227,76.258535,32,MOVING,MAN-000230
TEL-00003972,VEH-0058,2026-03-05T16:19:00,12.679809,76.257404,32,MOVING,MAN-000230
TEL-00003973,VEH-0058,2026-03-05T16:34:00,12.680854,76.256923,0,STOPPED,MAN-000230
TEL-00003974,VEH-0058,2026-03-05T16:53:00,12.614902,76.27462,32,MOVING,MAN-000230
TEL-00003975,VEH-0058,2026-03-05T17:09:00,12.546526,76.295294,21,MOVING,MAN-000230
TEL-00003976,VEH-0058,2026-03-05T17:27:00,12.479288,76.314886,0,STOPPED,MAN-000230
TEL-00003977,VEH-0058,2026-03-05T17:48:00,12.481236,76.314487,37,MOVING,MAN-000230
TEL-00003978,VEH-0058,2026-03-05T18:01:00,12.478007,76.314121,27,MOVING,MAN-000230
TEL-00003979,VEH-0058,2026-03-05T18:21:00,12.479288,76.314886,0,STOPPED,MAN-000230
TEL-00003980,VEH-0058,2026-03-05T18:30:00,12.496778,76.31955,21,MOVING,MAN-000230
TEL-00003981,VEH-0058,2026-03-05T18:29:00,12.511714,76.320767,23,MOVING,MAN-000230
TEL-00003982,VEH-0058,2026-03-05T18:38:00,12.528687,76.325398,0,STOPPED,MAN-000230
TEL-00003983,VEH-0058,2026-03-05T18:44:00,12.527942,76.32567,25,MOVING,MAN-000230
TEL-00003984,VEH-0058,2026-03-05T18:48:00,12.529822,76.323421,31,MOVING,MAN-000230
TEL-00003985,VEH-0058,2026-03-05T18:54:00,12.528687,76.325398,0,STOPPED,MAN-000230
TEL-00003986,VEH-0058,2026-03-05T19:19:00,12.557598,76.405062,31,MOVING,MAN-000230
TEL-00003987,VEH-0058,2026-03-05T19:35:00,12.585094,76.486918,34,MOVING,MAN-000230
TEL-00003988,VEH-0058,2026-03-05T19:58:00,12.614965,76.569057,0,STOPPED,MAN-000230
TEL-00003989,VEH-0058,2026-03-05T20:21:00,12.615746,76.568738,26,MOVING,MAN-000230
TEL-00003990,VEH-0058,2026-03-05T20:40:00,12.613407,76.568233,21,MOVING,MAN-000230
TEL-00003991,VEH-0058,2026-03-05T21:04:00,12.614965,76.569057,0,STOPPED,MAN-000230
TEL-00003992,VEH-0058,2026-03-05T21:14:00,12.614965,76.569057,0,DELIVERED,MAN-000230
TEL-00003993,VEH-0009,2026-03-05T12:00:00,13.576294,76.976952,0,IDLE,MAN-000233
TEL-00003994,VEH-0009,2026-03-05T12:16:00,13.617572,77.019806,30,MOVING,MAN-000233
TEL-00003995,VEH-0009,2026-03-05T12:31:00,13.658171,77.060486,35,MOVING,MAN-000233
TEL-00003996,VEH-0009,2026-03-05T12:42:00,13.700795,77.101495,0,STOPPED,MAN-000233
TEL-00003997,VEH-0009,2026-03-05T12:58:00,13.698803,77.101753,23,MOVING,MAN-000233
TEL-00003998,VEH-0009,2026-03-05T13:10:00,13.702456,77.103244,29,MOVING,MAN-000233
TEL-00003999,VEH-0009,2026-03-05T13:28:00,13.700795,77.101495,0,STOPPED,MAN-000233
TEL-00004000,VEH-0009,2026-03-05T13:41:00,13.67553,77.070598,33,MOVING,MAN-000233
TEL-00004001,VEH-0009,2026-03-05T13:47:00,13.649099,77.042083,32,MOVING,MAN-000233
TEL-00004002,VEH-0009,2026-03-05T14:01:00,13.625488,77.009753,0,STOPPED,MAN-000233
TEL-00004003,VEH-0009,2026-03-05T14:11:00,13.62357,77.008885,18,MOVING,MAN-000233
TEL-00004004,VEH-0009,2026-03-05T14:24:00,13.624055,77.009932,34,MOVING,MAN-000233
TEL-00004005,VEH-0009,2026-03-05T14:32:00,13.625488,77.009753,0,STOPPED,MAN-000233
TEL-00004006,VEH-0009,2026-03-05T14:40:00,13.61817,76.994294,33,MOVING,MAN-000233
TEL-00004007,VEH-0009,2026-03-05T14:43:00,13.611316,76.978395,28,MOVING,MAN-000233
TEL-00004008,VEH-0009,2026-03-05T14:49:00,13.60208,76.964536,0,STOPPED,MAN-000233
TEL-00004009,VEH-0009,2026-03-05T14:56:00,13.602268,76.963415,26,MOVING,MAN-000233
TEL-00004010,VEH-0009,2026-03-05T15:02:00,13.600367,76.963097,35,MOVING,MAN-000233
TEL-00004011,VEH-0009,2026-03-05T15:04:00,13.60208,76.964536,0,STOPPED,MAN-000233
TEL-00004012,VEH-0009,2026-03-05T15:27:00,13.535979,77.00994,18,MOVING,MAN-000233
TEL-00004013,VEH-0009,2026-03-05T15:43:00,13.46714,77.05213,27,MOVING,MAN-000233
TEL-00004014,VEH-0009,2026-03-05T16:06:00,13.39894,77.095383,0,STOPPED,MAN-000233
TEL-00004015,VEH-0009,2026-03-05T16:27:00,13.398505,77.094012,28,MOVING,MAN-000233
TEL-00004016,VEH-0009,2026-03-05T16:44:00,13.398134,77.096727,21,MOVING,MAN-000233
TEL-00004017,VEH-0009,2026-03-05T17:08:00,13.39894,77.095383,0,STOPPED,MAN-000233
TEL-00004018,VEH-0009,2026-03-05T17:39:00,13.462561,77.007083,25,MOVING,MAN-000233
TEL-00004019,VEH-0009,2026-03-05T18:02:00,13.527517,76.918115,34,MOVING,MAN-000233
TEL-00004020,VEH-0009,2026-03-05T18:30:00,13.593234,76.830739,0,STOPPED,MAN-000233
TEL-00004021,VEH-0009,2026-03-05T18:57:00,13.592022,76.832138,27,MOVING,MAN-000233
TEL-00004022,VEH-0009,2026-03-05T19:23:00,13.595049,76.831161,34,MOVING,MAN-000233
TEL-00004023,VEH-0009,2026-03-05T19:51:00,13.593234,76.830739,0,STOPPED,MAN-000233
TEL-00004024,VEH-0009,2026-03-05T20:08:00,13.534808,76.852406,19,MOVING,MAN-000233
TEL-00004025,VEH-0009,2026-03-05T20:23:00,13.474664,76.873971,29,MOVING,MAN-000233
TEL-00004026,VEH-0009,2026-03-05T20:42:00,13.415691,76.896398,0,STOPPED,MAN-000233
TEL-00004027,VEH-0009,2026-03-05T20:59:00,13.414386,76.896268,18,MOVING,MAN-000233
TEL-00004028,VEH-0009,2026-03-05T21:12:00,13.414417,76.897804,31,MOVING,MAN-000233
TEL-00004029,VEH-0009,2026-03-05T21:31:00,13.415691,76.896398,0,STOPPED,MAN-000233
TEL-00004030,VEH-0009,2026-03-05T21:41:00,13.415691,76.896398,0,DELIVERED,MAN-000233
TEL-00004031,VEH-0084,2026-03-05T12:00:00,13.576294,76.976952,0,IDLE,MAN-000235
TEL-00004032,VEH-0084,2026-03-05T12:13:00,13.538873,76.939465,26,MOVING,MAN-000235
TEL-00004033,VEH-0084,2026-03-05T12:30:00,13.501653,76.901928,29,MOVING,MAN-000235
TEL-00004034,VEH-0084,2026-03-05T12:42:00,13.466907,76.863041,0,STOPPED,MAN-000235
TEL-00004035,VEH-0084,2026-03-05T12:56:00,13.467236,76.86488,28,MOVING,MAN-000235
TEL-00004036,VEH-0084,2026-03-05T13:08:00,13.467821,76.862907,32,MOVING,MAN-000235
TEL-00004037,VEH-0084,2026-03-05T13:23:00,13.466907,76.863041,0,STOPPED,MAN-000235
TEL-00004038,VEH-0084,2026-03-05T13:50:00,13.543558,76.929908,22,MOVING,MAN-000235
TEL-00004039,VEH-0084,2026-03-05T14:12:00,13.622644,76.994833,31,MOVING,MAN-000235
TEL-00004040,VEH-0084,2026-03-05T14:41:00,13.701371,77.062416,0,STOPPED,MAN-000235
TEL-00004041,VEH-0084,2026-03-05T15:10:00,13.700744,77.06099,29,MOVING,MAN-000235
TEL-00004042,VEH-0084,2026-03-05T15:31:00,13.700967,77.063173,31,MOVING,MAN-000235
TEL-00004043,VEH-0084,2026-03-05T15:56:00,13.701371,77.062416,0,STOPPED,MAN-000235
TEL-00004044,VEH-0084,2026-03-05T16:28:00,13.618521,76.973399,20,MOVING,MAN-000235
TEL-00004045,VEH-0084,2026-03-05T16:58:00,13.537265,76.888519,20,MOVING,MAN-000235
TEL-00004046,VEH-0084,2026-03-05T17:26:00,13.452591,76.799717,0,STOPPED,MAN-000235
TEL-00004047,VEH-0084,2026-03-05T17:58:00,13.454336,76.800522,31,MOVING,MAN-000235
TEL-00004048,VEH-0084,2026-03-05T18:28:00,13.45359,76.801104,30,MOVING,MAN-000235
TEL-00004049,VEH-0084,2026-03-05T18:56:00,13.452591,76.799717,0,STOPPED,MAN-000235
TEL-00004050,VEH-0084,2026-03-05T19:18:00,13.514488,76.832281,30,MOVING,MAN-000235
TEL-00004051,VEH-0084,2026-03-05T19:34:00,13.580084,76.861922,36,MOVING,MAN-000235
TEL-00004052,VEH-0084,2026-03-05T19:51:00,13.642429,76.893498,0,STOPPED,MAN-000235
TEL-00004053,VEH-0084,2026-03-05T20:08:00,13.643076,76.895158,37,MOVING,MAN-000235
TEL-00004054,VEH-0084,2026-03-05T20:25:00,13.643562,76.893788,25,MOVING,MAN-000235
TEL-00004055,VEH-0084,2026-03-05T20:47:00,13.642429,76.893498,0,STOPPED,MAN-000235
TEL-00004056,VEH-0084,2026-03-05T21:09:00,13.57289,76.904861,34,MOVING,MAN-000235
TEL-00004057,VEH-0084,2026-03-05T21:22:00,13.506739,76.919259,24,MOVING,MAN-000235
TEL-00004058,VEH-0084,2026-03-05T21:39:00,13.435971,76.929619,0,STOPPED,MAN-000235
TEL-00004059,VEH-0084,2026-03-05T21:58:00,13.436831,76.929419,33,MOVING,MAN-000235
TEL-00004060,VEH-0084,2026-03-05T22:16:00,13.434534,76.929297,26,MOVING,MAN-000235
TEL-00004061,VEH-0084,2026-03-05T22:34:00,13.435971,76.929619,0,STOPPED,MAN-000235
TEL-00004062,VEH-0084,2026-03-05T22:49:00,13.452712,76.969364,26,MOVING,MAN-000235
TEL-00004063,VEH-0084,2026-03-05T22:56:00,13.467386,77.00538,35,MOVING,MAN-000235
TEL-00004064,VEH-0084,2026-03-05T23:04:00,13.485008,77.045199,0,STOPPED,MAN-000235
TEL-00004065,VEH-0084,2026-03-05T23:16:00,13.485389,77.044601,31,MOVING,MAN-000235
TEL-00004066,VEH-0084,2026-03-05T23:25:00,13.484316,77.046683,24,MOVING,MAN-000235
TEL-00004067,VEH-0084,2026-03-05T23:37:00,13.485008,77.045199,0,STOPPED,MAN-000235
TEL-00004068,VEH-0084,2026-03-05T23:47:00,13.485008,77.045199,0,DELIVERED,MAN-000235
TEL-00004069,VEH-0110,2026-03-05T12:00:00,12.820813,77.071914,0,IDLE,MAN-000237
TEL-00004070,VEH-0110,2026-03-05T12:20:00,12.875124,77.109907,26,MOVING,MAN-000237
TEL-00004071,VEH-0110,2026-03-05T12:34:00,12.928574,77.146241,31,MOVING,MAN-000237
TEL-00004072,VEH-0110,2026-03-05T12:50:00,12.984543,77.183515,0,STOPPED,MAN-000237
TEL-00004073,VEH-0110,2026-03-05T13:11:00,12.982846,77.184544,20,MOVING,MAN-000237
TEL-00004074,VEH-0110,2026-03-05T13:24:00,12.985174,77.183339,26,MOVING,MAN-000237
TEL-00004075,VEH-0110,2026-03-05T13:38:00,12.984543,77.183515,0,STOPPED,MAN-000237
TEL-00004076,VEH-0110,2026-03-05T14:07:00,12.882619,77.161069,28,MOVING,MAN-000237
TEL-00004077,VEH-0110,2026-03-05T14:29:00,12.782665,77.135794,27,MOVING,MAN-000237
TEL-00004078,VEH-0110,2026-03-05T14:58:00,12.680423,77.110194,0,STOPPED,MAN-000237
TEL-00004079,VEH-0110,2026-03-05T15:26:00,12.681222,77.110946,37,MOVING,MAN-000237
TEL-00004080,VEH-0110,2026-03-05T15:49:00,12.680176,77.109419,19,MOVING,MAN-000237
TEL-00004081,VEH-0110,2026-03-05T16:14:00,12.680423,77.110194,0,STOPPED,MAN-000237
TEL-00004082,VEH-0110,2026-03-05T16:44:00,12.787001,77.146163,23,MOVING,MAN-000237
TEL-00004083,VEH-0110,2026-03-05T17:11:00,12.894946,77.186291,25,MOVING,MAN-000237
TEL-00004084,VEH-0110,2026-03-05T17:40:00,13.000102,77.221362,0,STOPPED,MAN-000237
TEL-00004085,VEH-0110,2026-03-05T18:08:00,13.001743,77.220937,18,MOVING,MAN-000237
TEL-00004086,VEH-0110,2026-03-05T18:37:00,13.000122,77.222805,23,MOVING,MAN-000237
TEL-00004087,VEH-0110,2026-03-05T19:02:00,13.000102,77.221362,0,STOPPED,MAN-000237
TEL-00004088,VEH-0110,2026-03-05T19:17:00,12.974308,77.167148,31,MOVING,MAN-000237
TEL-00004089,VEH-0110,2026-03-05T19:31:00,12.947402,77.112368,37,MOVING,MAN-000237
TEL-00004090,VEH-0110,2026-03-05T19:48:00,12.922832,77.055414,0,STOPPED,MAN-000237
TEL-00004091,VEH-0110,2026-03-05T20:06:00,12.92208,77.053926,31,MOVING,MAN-000237
TEL-00004092,VEH-0110,2026-03-05T20:16:00,12.921548,77.056211,34,MOVING,MAN-000237
TEL-00004093,VEH-0110,2026-03-05T20:31:00,12.922832,77.055414,0,STOPPED,MAN-000237
TEL-00004094,VEH-0110,2026-03-05T20:42:00,12.908518,77.029693,30,MOVING,MAN-000237
TEL-00004095,VEH-0110,2026-03-05T20:49:00,12.897216,77.005173,24,MOVING,MAN-000237
TEL-00004096,VEH-0110,2026-03-05T20:53:00,12.882361,76.981326,0,STOPPED,MAN-000237
TEL-00004097,VEH-0110,2026-03-05T20:59:00,12.881495,76.981114,28,MOVING,MAN-000237
TEL-00004098,VEH-0110,2026-03-05T21:08:00,12.881658,76.981655,22,MOVING,MAN-000237
TEL-00004099,VEH-0110,2026-03-05T21:17:00,12.882361,76.981326,0,STOPPED,MAN-000237
TEL-00004100,VEH-0110,2026-03-05T21:22:00,12.873183,76.980124,21,MOVING,MAN-000237
TEL-00004101,VEH-0110,2026-03-05T21:20:00,12.866386,76.97824,18,MOVING,MAN-000237
TEL-00004102,VEH-0110,2026-03-05T21:26:00,12.858455,76.978743,0,STOPPED,MAN-000237
TEL-00004103,VEH-0110,2026-03-05T21:32:00,12.856964,76.978057,35,MOVING,MAN-000237
TEL-00004104,VEH-0110,2026-03-05T21:32:00,12.857116,76.979963,33,MOVING,MAN-000237
TEL-00004105,VEH-0110,2026-03-05T21:35:00,12.858455,76.978743,0,STOPPED,MAN-000237
TEL-00004106,VEH-0110,2026-03-05T21:45:00,12.858455,76.978743,0,DELIVERED,MAN-000237
TEL-00004107,VEH-0036,2026-03-05T12:00:00,12.754364,76.170288,0,IDLE,MAN-000244
TEL-00004108,VEH-0036,2026-03-05T12:13:00,12.71207,76.186754,22,MOVING,MAN-000244
TEL-00004109,VEH-0036,2026-03-05T12:24:00,12.671149,76.197617,33,MOVING,MAN-000244
TEL-00004110,VEH-0036,2026-03-05T12:34:00,12.631563,76.213694,0,STOPPED,MAN-000244
TEL-00004111,VEH-0036,2026-03-05T12:46:00,12.631485,76.21559,29,MOVING,MAN-000244
TEL-00004112,VEH-0036,2026-03-05T12:59:00,12.630296,76.214894,20,MOVING,MAN-000244
TEL-00004113,VEH-0036,2026-03-05T13:10:00,12.631563,76.213694,0,STOPPED,MAN-000244
TEL-00004114,VEH-0036,2026-03-05T13:32:00,12.674494,76.150852,25,MOVING,MAN-000244
TEL-00004115,VEH-0036,2026-03-05T13:47:00,12.71331,76.08564,26,MOVING,MAN-000244
TEL-00004116,VEH-0036,2026-03-05T14:06:00,12.75579,76.023185,0,STOPPED,MAN-000244
TEL-00004117,VEH-0036,2026-03-05T14:28:00,12.754976,76.021415,22,MOVING,MAN-000244
TEL-00004118,VEH-0036,2026-03-05T14:47:00,12.754257,76.022888,20,MOVING,MAN-000244
TEL-00004119,VEH-0036,2026-03-05T15:02:00,12.75579,76.023185,0,STOPPED,MAN-000244
TEL-00004120,VEH-0036,2026-03-05T15:18:00,12.775716,76.068864,27,MOVING,MAN-000244
TEL-00004121,VEH-0036,2026-03-05T15:27:00,12.791479,76.120026,23,MOVING,MAN-000244
TEL-00004122,VEH-0036,2026-03-05T15:42:00,12.810145,76.166144,0,STOPPED,MAN-000244
TEL-00004123,VEH-0036,2026-03-05T15:54:00,12.808892,76.164348,33,MOVING,MAN-000244
TEL-00004124,VEH-0036,2026-03-05T16:08:00,12.808526,76.167595,19,MOVING,MAN-000244
TEL-00004125,VEH-0036,2026-03-05T16:20:00,12.810145,76.166144,0,STOPPED,MAN-000244
TEL-00004126,VEH-0036,2026-03-05T16:25:00,12.802173,76.184751,19,MOVING,MAN-000244
TEL-00004127,VEH-0036,2026-03-05T16:33:00,12.796671,76.198157,32,MOVING,MAN-000244
TEL-00004128,VEH-0036,2026-03-05T16:37:00,12.790295,76.216493,0,STOPPED,MAN-000244
TEL-00004129,VEH-0036,2026-03-05T16:45:00,12.79164,76.218132,26,MOVING,MAN-000244
TEL-00004130,VEH-0036,2026-03-05T16:48:00,12.792157,76.217259,31,MOVING,MAN-000244
TEL-00004131,VEH-0036,2026-03-05T16:49:00,12.790295,76.216493,0,STOPPED,MAN-000244
TEL-00004132,VEH-0036,2026-03-05T17:00:00,12.747425,76.204192,29,MOVING,MAN-000244
TEL-00004133,VEH-0036,2026-03-05T17:13:00,12.70298,76.192154,35,MOVING,MAN-000244
TEL-00004134,VEH-0036,2026-03-05T17:23:00,12.661776,76.177654,0,STOPPED,MAN-000244
TEL-00004135,VEH-0036,2026-03-05T17:33:00,12.662813,76.177808,24,MOVING,MAN-000244
TEL-00004136,VEH-0036,2026-03-05T17:45:00,12.663335,76.176757,22,MOVING,MAN-000244
TEL-00004137,VEH-0036,2026-03-05T17:58:00,12.661776,76.177654,0,STOPPED,MAN-000244
TEL-00004138,VEH-0036,2026-03-05T18:20:00,12.751385,76.1692,23,MOVING,MAN-000244
TEL-00004139,VEH-0036,2026-03-05T18:44:00,12.836837,76.162171,18,MOVING,MAN-000244
TEL-00004140,VEH-0036,2026-03-05T19:03:00,12.926892,76.155199,0,STOPPED,MAN-000244
TEL-00004141,VEH-0036,2026-03-05T19:26:00,12.92789,76.155691,34,MOVING,MAN-000244
TEL-00004142,VEH-0036,2026-03-05T19:51:00,12.928024,76.154421,24,MOVING,MAN-000244
TEL-00004143,VEH-0036,2026-03-05T20:08:00,12.926892,76.155199,0,STOPPED,MAN-000244
TEL-00004144,VEH-0036,2026-03-05T20:18:00,12.926892,76.155199,0,DELIVERED,MAN-000244
TEL-00004145,VEH-0012,2026-03-05T12:00:00,13.784699,75.637712,0,IDLE,MAN-000245
TEL-00004146,VEH-0012,2026-03-05T12:04:00,13.786035,75.648881,34,MOVING,MAN-000245
TEL-00004147,VEH-0012,2026-03-05T12:09:00,13.785835,75.659382,22,MOVING,MAN-000245
TEL-00004148,VEH-0012,2026-03-05T12:09:00,13.786001,75.670479,0,STOPPED,MAN-000245
TEL-00004149,VEH-0012,2026-03-05T12:16:00,13.784042,75.67124,26,MOVING,MAN-000245
TEL-00004150,VEH-0012,2026-03-05T12:13:00,13.787378,75.671827,31,MOVING,MAN-000245
TEL-00004151,VEH-0012,2026-03-05T12:20:00,13.786001,75.670479,0,STOPPED,MAN-000245
TEL-00004152,VEH-0012,2026-03-05T12:38:00,13.74746,75.602214,30,MOVING,MAN-000245
TEL-00004153,VEH-0012,2026-03-05T12:58:00,13.709065,75.534429,31,MOVING,MAN-000245
TEL-00004154,VEH-0012,2026-03-05T13:15:00,13.668713,75.469139,0,STOPPED,MAN-000245
TEL-00004155,VEH-0012,2026-03-05T13:34:00,13.670195,75.467407,20,MOVING,MAN-000245
TEL-00004156,VEH-0012,2026-03-05T13:52:00,13.667131,75.46722,18,MOVING,MAN-000245
TEL-00004157,VEH-0012,2026-03-05T14:12:00,13.668713,75.469139,0,STOPPED,MAN-000245
TEL-00004158,VEH-0012,2026-03-05T14:26:00,13.678126,75.509299,27,MOVING,MAN-000245
TEL-00004159,VEH-0012,2026-03-05T14:35:00,13.686666,75.552249,25,MOVING,MAN-000245
TEL-00004160,VEH-0012,2026-03-05T14:41:00,13.69556,75.591333,0,STOPPED,MAN-000245
TEL-00004161,VEH-0012,2026-03-05T14:51:00,13.694314,75.592152,24,MOVING,MAN-000245
TEL-00004162,VEH-0012,2026-03-05T15:00:00,13.695999,75.59282,30,MOVING,MAN-000245
TEL-00004163,VEH-0012,2026-03-05T15:14:00,13.69556,75.591333,0,STOPPED,MAN-000245
TEL-00004164,VEH-0012,2026-03-05T15:30:00,13.669086,75.631543,18,MOVING,MAN-000245
TEL-00004165,VEH-0012,2026-03-05T15:42:00,13.644356,75.673035,28,MOVING,MAN-000245
TEL-00004166,VEH-0012,2026-03-05T15:50:00,13.616288,75.715421,0,STOPPED,MAN-000245
TEL-00004167,VEH-0012,2026-03-05T16:06:00,13.617019,75.715855,26,MOVING,MAN-000245
TEL-00004168,VEH-0012,2026-03-05T16:17:00,13.6173,75.716629,25,MOVING,MAN-000245
TEL-00004169,VEH-0012,2026-03-05T16:25:00,13.616288,75.715421,0,STOPPED,MAN-000245
TEL-00004170,VEH-0012,2026-03-05T16:29:00,13.616189,75.724505,34,MOVING,MAN-000245
TEL-00004171,VEH-0012,2026-03-05T16:32:00,13.616516,75.731479,28,MOVING,MAN-000245
TEL-00004172,VEH-0012,2026-03-05T16:33:00,13.618484,75.739899,0,STOPPED,MAN-000245
TEL-00004173,VEH-0012,2026-03-05T16:38:00,13.619526,75.739276,24,MOVING,MAN-000245
TEL-00004174,VEH-0012,2026-03-05T16:37:00,13.619749,75.738779,29,MOVING,MAN-000245
TEL-00004175,VEH-0012,2026-03-05T16:40:00,13.618484,75.739899,0,STOPPED,MAN-000245
TEL-00004176,VEH-0012,2026-03-05T17:06:00,13.677586,75.671315,29,MOVING,MAN-000245
TEL-00004177,VEH-0012,2026-03-05T17:27:00,13.733288,75.600082,33,MOVING,MAN-000245
TEL-00004178,VEH-0012,2026-03-05T17:48:00,13.792173,75.532188,0,STOPPED,MAN-000245
TEL-00004179,VEH-0012,2026-03-05T18:11:00,13.791982,75.532458,32,MOVING,MAN-000245
TEL-00004180,VEH-0012,2026-03-05T18:35:00,13.791682,75.531236,18,MOVING,MAN-000245
TEL-00004181,VEH-0012,2026-03-05T18:57:00,13.792173,75.532188,0,STOPPED,MAN-000245
TEL-00004182,VEH-0012,2026-03-05T19:07:00,13.792173,75.532188,0,DELIVERED,MAN-000245
TEL-00004183,VEH-0137,2026-03-05T12:00:00,13.784699,75.637712,0,IDLE,MAN-000246
TEL-00004184,VEH-0137,2026-03-05T12:17:00,13.727303,75.661325,33,MOVING,MAN-000246
TEL-00004185,VEH-0137,2026-03-05T12:29:00,13.671058,75.685865,26,MOVING,MAN-000246
TEL-00004186,VEH-0137,2026-03-05T12:45:00,13.616544,75.71093,0,STOPPED,MAN-000246
TEL-00004187,VEH-0137,2026-03-05T13:04:00,13.616313,75.709466,18,MOVING,MAN-000246
TEL-00004188,VEH-0137,2026-03-05T13:16:00,13.615971,75.709154,37,MOVING,MAN-000246
TEL-00004189,VEH-0137,2026-03-05T13:34:00,13.616544,75.71093,0,STOPPED,MAN-000246
TEL-00004190,VEH-0137,2026-03-05T13:43:00,13.639112,75.745268,26,MOVING,MAN-000246
TEL-00004191,VEH-0137,2026-03-05T13:55:00,13.657783,75.779578,27,MOVING,MAN-000246
TEL-00004192,VEH-0137,2026-03-05T14:07:00,13.679177,75.814942,0,STOPPED,MAN-000246
TEL-00004193,VEH-0137,2026-03-05T14:21:00,13.680406,75.815643,20,MOVING,MAN-000246
TEL-00004194,VEH-0137,2026-03-05T14:30:00,13.680209,75.816651,18,MOVING,MAN-000246
TEL-00004195,VEH-0137,2026-03-05T14:37:00,13.679177,75.814942,0,STOPPED,MAN-000246
TEL-00004196,VEH-0137,2026-03-05T14:59:00,13.670657,75.738608,30,MOVING,MAN-000246
TEL-00004197,VEH-0137,2026-03-05T15:17:00,13.659953,75.666284,21,MOVING,MAN-000246
TEL-00004198,VEH-0137,2026-03-05T15:34:00,13.652583,75.591934,0,STOPPED,MAN-000246
TEL-00004199,VEH-0137,2026-03-05T15:54:00,13.65289,75.591512,22,MOVING,MAN-000246
TEL-00004200,VEH-0137,2026-03-05T16:09:00,13.651917,75.592516,29,MOVING,MAN-000246
TEL-00004201,VEH-0137,2026-03-05T16:28:00,13.652583,75.591934,0,STOPPED,MAN-000246
TEL-00004202,VEH-0137,2026-03-05T16:43:00,13.667454,75.658121,18,MOVING,MAN-000246
TEL-00004203,VEH-0137,2026-03-05T17:02:00,13.683571,75.72003,20,MOVING,MAN-000246
TEL-00004204,VEH-0137,2026-03-05T17:19:00,13.701084,75.786022,0,STOPPED,MAN-000246
TEL-00004205,VEH-0137,2026-03-05T17:36:00,13.702849,75.786307,20,MOVING,MAN-000246
TEL-00004206,VEH-0137,2026-03-05T17:53:00,13.70234,75.786381,32,MOVING,MAN-000246
TEL-00004207,VEH-0137,2026-03-05T18:07:00,13.701084,75.786022,0,STOPPED,MAN-000246
TEL-00004208,VEH-0137,2026-03-05T18:31:00,13.743961,75.690527,25,MOVING,MAN-000246
TEL-00004209,VEH-0137,2026-03-05T19:00:00,13.783706,75.597278,27,MOVING,MAN-000246
TEL-00004210,VEH-0137,2026-03-05T19:24:00,13.827119,75.500116,0,STOPPED,MAN-000246
TEL-00004211,VEH-0137,2026-03-05T19:48:00,13.825191,75.501303,31,MOVING,MAN-000246
TEL-00004212,VEH-0137,2026-03-05T20:16:00,13.828813,75.501997,19,MOVING,MAN-000246
TEL-00004213,VEH-0137,2026-03-05T20:43:00,13.827119,75.500116,0,STOPPED,MAN-000246
TEL-00004214,VEH-0137,2026-03-05T20:45:00,13.824689,75.512244,35,MOVING,MAN-000246
TEL-00004215,VEH-0137,2026-03-05T20:49:00,13.821073,75.519979,21,MOVING,MAN-000246
TEL-00004216,VEH-0137,2026-03-05T20:50:00,13.821049,75.530525,0,STOPPED,MAN-000246
TEL-00004217,VEH-0137,2026-03-05T20:55:00,13.8227,75.532151,27,MOVING,MAN-000246
TEL-00004218,VEH-0137,2026-03-05T20:59:00,13.819932,75.530557,20,MOVING,MAN-000246
TEL-00004219,VEH-0137,2026-03-05T21:01:00,13.821049,75.530525,0,STOPPED,MAN-000246
TEL-00004220,VEH-0137,2026-03-05T21:11:00,13.821049,75.530525,0,DELIVERED,MAN-000246
TEL-00004221,VEH-0112,2026-03-05T12:00:00,13.784699,75.637712,0,IDLE,MAN-000247
TEL-00004222,VEH-0112,2026-03-05T12:12:00,13.753537,75.596235,22,MOVING,MAN-000247
TEL-00004223,VEH-0112,2026-03-05T12:26:00,13.724526,75.557235,37,MOVING,MAN-000247
TEL-00004224,VEH-0112,2026-03-05T12:37:00,13.69482,75.516316,0,STOPPED,MAN-000247
TEL-00004225,VEH-0112,2026-03-05T12:50:00,13.694118,75.515881,24,MOVING,MAN-000247
TEL-00004226,VEH-0112,2026-03-05T13:01:00,13.696494,75.517901,33,MOVING,MAN-000247
TEL-00004227,VEH-0112,2026-03-05T13:13:00,13.69482,75.516316,0,STOPPED,MAN-000247
TEL-00004228,VEH-0112,2026-03-05T13:35:00,13.761345,75.579321,34,MOVING,MAN-000247
TEL-00004229,VEH-0112,2026-03-05T13:56:00,13.82549,75.643443,20,MOVING,MAN-000247
TEL-00004230,VEH-0112,2026-03-05T14:18:00,13.890664,75.704212,0,STOPPED,MAN-000247
TEL-00004231,VEH-0112,2026-03-05T14:43:00,13.889156,75.703694,35,MOVING,MAN-000247
TEL-00004232,VEH-0112,2026-03-05T15:06:00,13.890842,75.702767,18,MOVING,MAN-000247
TEL-00004233,VEH-0112,2026-03-05T15:24:00,13.890664,75.704212,0,STOPPED,MAN-000247
TEL-00004234,VEH-0112,2026-03-05T15:30:00,13.866804,75.7174,21,MOVING,MAN-000247
TEL-00004235,VEH-0112,2026-03-05T15:39:00,13.845241,75.73012,33,MOVING,MAN-000247
TEL-00004236,VEH-0112,2026-03-05T15:47:00,13.819608,75.742769,0,STOPPED,MAN-000247
TEL-00004237,VEH-0112,2026-03-05T15:54:00,13.818709,75.743935,28,MOVING,MAN-000247
TEL-00004238,VEH-0112,2026-03-05T16:03:00,13.821118,75.743508,24,MOVING,MAN-000247
TEL-00004239,VEH-0112,2026-03-05T16:09:00,13.819608,75.742769,0,STOPPED,MAN-000247
TEL-00004240,VEH-0112,2026-03-05T16:26:00,13.81495,75.669892,28,MOVING,MAN-000247
TEL-00004241,VEH-0112,2026-03-05T16:46:00,13.809217,75.598676,26,MOVING,MAN-000247
TEL-00004242,VEH-0112,2026-03-05T17:02:00,13.806957,75.525312,0,STOPPED,MAN-000247
TEL-00004243,VEH-0112,2026-03-05T17:24:00,13.805392,75.524178,20,MOVING,MAN-000247
TEL-00004244,VEH-0112,2026-03-05T17:40:00,13.807667,75.524417,33,MOVING,MAN-000247
TEL-00004245,VEH-0112,2026-03-05T17:55:00,13.806957,75.525312,0,STOPPED,MAN-000247
TEL-00004246,VEH-0112,2026-03-05T18:10:00,13.814111,75.573386,20,MOVING,MAN-000247
TEL-00004247,VEH-0112,2026-03-05T18:20:00,13.821982,75.617745,19,MOVING,MAN-000247
TEL-00004248,VEH-0112,2026-03-05T18:33:00,13.829193,75.666469,0,STOPPED,MAN-000247
TEL-00004249,VEH-0112,2026-03-05T18:49:00,13.830948,75.66574,28,MOVING,MAN-000247
TEL-00004250,VEH-0112,2026-03-05T18:57:00,13.828346,75.668248,28,MOVING,MAN-000247
TEL-00004251,VEH-0112,2026-03-05T19:06:00,13.829193,75.666469,0,STOPPED,MAN-000247
TEL-00004252,VEH-0112,2026-03-05T19:12:00,13.853326,75.653201,34,MOVING,MAN-000247
TEL-00004253,VEH-0112,2026-03-05T19:20:00,13.877878,75.636649,35,MOVING,MAN-000247
TEL-00004254,VEH-0112,2026-03-05T19:26:00,13.900979,75.621159,0,STOPPED,MAN-000247
TEL-00004255,VEH-0112,2026-03-05T19:33:00,13.9013,75.62035,18,MOVING,MAN-000247
TEL-00004256,VEH-0112,2026-03-05T19:39:00,13.902886,75.621369,29,MOVING,MAN-000247
TEL-00004257,VEH-0112,2026-03-05T19:48:00,13.900979,75.621159,0,STOPPED,MAN-000247
TEL-00004258,VEH-0112,2026-03-05T19:58:00,13.900979,75.621159,0,DELIVERED,MAN-000247
TEL-00004259,VEH-0063,2026-03-05T12:00:00,12.795488,77.573306,0,IDLE,MAN-000252
TEL-00004260,VEH-0063,2026-03-05T12:18:00,12.744338,77.53345,36,MOVING,MAN-000252
TEL-00004261,VEH-0063,2026-03-05T12:31:00,12.69415,77.491371,19,MOVING,MAN-000252
TEL-00004262,VEH-0063,2026-03-05T12:50:00,12.643904,77.452014,0,STOPPED,MAN-000252
TEL-00004263,VEH-0063,2026-03-05T13:07:00,12.644367,77.45017,19,MOVING,MAN-000252
TEL-00004264,VEH-0063,2026-03-05T13:22:00,12.64351,77.451769,33,MOVING,MAN-000252
TEL-00004265,VEH-0063,2026-03-05T13:39:00,12.643904,77.452014,0,STOPPED,MAN-000252
TEL-00004266,VEH-0063,2026-03-05T13:46:00,12.660876,77.466199,24,MOVING,MAN-000252
TEL-00004267,VEH-0063,2026-03-05T13:54:00,12.673502,77.482901,27,MOVING,MAN-000252
TEL-00004268,VEH-0063,2026-03-05T13:56:00,12.690688,77.499674,0,STOPPED,MAN-000252
TEL-00004269,VEH-0063,2026-03-05T14:04:00,12.690617,77.500088,36,MOVING,MAN-000252
TEL-00004270,VEH-0063,2026-03-05T14:11:00,12.692658,77.497796,36,MOVING,MAN-000252
TEL-00004271,VEH-0063,2026-03-05T14:15:00,12.690688,77.499674,0,STOPPED,MAN-000252
TEL-00004272,VEH-0063,2026-03-05T14:33:00,12.675721,77.559827,31,MOVING,MAN-000252
TEL-00004273,VEH-0063,2026-03-05T14:48:00,12.663469,77.619649,18,MOVING,MAN-000252
TEL-00004274,VEH-0063,2026-03-05T15:03:00,12.648004,77.676808,0,STOPPED,MAN-000252
TEL-00004275,VEH-0063,2026-03-05T15:18:00,12.648799,77.67861,32,MOVING,MAN-000252
TEL-00004276,VEH-0063,2026-03-05T15:34:00,12.647765,77.677046,26,MOVING,MAN-000252
TEL-00004277,VEH-0063,2026-03-05T15:49:00,12.648004,77.676808,0,STOPPED,MAN-000252
TEL-00004278,VEH-0063,2026-03-05T16:05:00,12.694767,77.659976,25,MOVING,MAN-000252
TEL-00004279,VEH-0063,2026-03-05T16:15:00,12.737918,77.641447,27,MOVING,MAN-000252
TEL-00004280,VEH-0063,2026-03-05T16:28:00,12.783134,77.626103,0,STOPPED,MAN-000252
TEL-00004281,VEH-0063,2026-03-05T16:41:00,12.78278,77.626984,20,MOVING,MAN-000252
TEL-00004282,VEH-0063,2026-03-05T16:52:00,12.783655,77.627393,18,MOVING,MAN-000252
TEL-00004283,VEH-0063,2026-03-05T17:07:00,12.783134,77.626103,0,STOPPED,MAN-000252
TEL-00004284,VEH-0063,2026-03-05T17:23:00,12.761294,77.586538,30,MOVING,MAN-000252
TEL-00004285,VEH-0063,2026-03-05T17:29:00,12.741851,77.544737,27,MOVING,MAN-000252
TEL-00004286,VEH-0063,2026-03-05T17:40:00,12.719996,77.503472,0,STOPPED,MAN-000252
TEL-00004287,VEH-0063,2026-03-05T17:53:00,12.720481,77.501668,25,MOVING,MAN-000252
TEL-00004288,VEH-0063,2026-03-05T18:02:00,12.719992,77.503916,18,MOVING,MAN-000252
TEL-00004289,VEH-0063,2026-03-05T18:14:00,12.719996,77.503472,0,STOPPED,MAN-000252
TEL-00004290,VEH-0063,2026-03-05T18:30:00,12.688702,77.547601,21,MOVING,MAN-000252
TEL-00004291,VEH-0063,2026-03-05T18:40:00,12.653766,77.59322,30,MOVING,MAN-000252
TEL-00004292,VEH-0063,2026-03-05T18:55:00,12.62065,77.639149,0,STOPPED,MAN-000252
TEL-00004293,VEH-0063,2026-03-05T19:10:00,12.621284,77.640357,33,MOVING,MAN-000252
TEL-00004294,VEH-0063,2026-03-05T19:23:00,12.620928,77.637314,20,MOVING,MAN-000252
TEL-00004295,VEH-0063,2026-03-05T19:36:00,12.62065,77.639149,0,STOPPED,MAN-000252
TEL-00004296,VEH-0063,2026-03-05T19:46:00,12.62065,77.639149,0,DELIVERED,MAN-000252
TEL-00004297,VEH-0039,2026-03-05T12:00:00,12.315359,76.884655,0,IDLE,MAN-000253
TEL-00004298,VEH-0039,2026-03-05T12:11:00,12.312385,76.922857,21,MOVING,MAN-000253
TEL-00004299,VEH-0039,2026-03-05T12:22:00,12.305143,76.959841,26,MOVING,MAN-000253
TEL-00004300,VEH-0039,2026-03-05T12:32:00,12.3024,76.997658,0,STOPPED,MAN-000253
TEL-00004301,VEH-0039,2026-03-05T12:46:00,12.302726,76.999465,31,MOVING,MAN-000253
TEL-00004302,VEH-0039,2026-03-05T12:55:00,12.301964,76.996961,34,MOVING,MAN-000253
TEL-00004303,VEH-0039,2026-03-05T12:59:00,12.3024,76.997658,0,STOPPED,MAN-000253
TEL-00004304,VEH-0039,2026-03-05T13:22:00,12.351068,76.91273,34,MOVING,MAN-000253
TEL-00004305,VEH-0039,2026-03-05T13:48:00,12.394761,76.826321,33,MOVING,MAN-000253
TEL-00004306,VEH-0039,2026-03-05T14:13:00,12.442498,76.741918,0,STOPPED,MAN-000253
TEL-00004307,VEH-0039,2026-03-05T14:40:00,12.441591,76.742262,30,MOVING,MAN-000253
TEL-00004308,VEH-0039,2026-03-05T15:03:00,12.440745,76.743624,21,MOVING,MAN-000253
TEL-00004309,VEH-0039,2026-03-05T15:25:00,12.442498,76.741918,0,STOPPED,MAN-000253
TEL-00004310,VEH-0039,2026-03-05T15:40:00,12.403653,76.790261,33,MOVING,MAN-000253
TEL-00004311,VEH-0039,2026-03-05T15:54:00,12.364898,76.840886,21,MOVING,MAN-000253
TEL-00004312,VEH-0039,2026-03-05T16:10:00,12.328848,76.887999,0,STOPPED,MAN-000253
TEL-00004313,VEH-0039,2026-03-05T16:25:00,12.328266,76.889323,19,MOVING,MAN-000253
TEL-00004314,VEH-0039,2026-03-05T16:42:00,12.329576,76.886738,24,MOVING,MAN-000253
TEL-00004315,VEH-0039,2026-03-05T16:54:00,12.328848,76.887999,0,STOPPED,MAN-000253
TEL-00004316,VEH-0039,2026-03-05T17:05:00,12.315546,76.926875,31,MOVING,MAN-000253
TEL-00004317,VEH-0039,2026-03-05T17:14:00,12.298252,76.970699,19,MOVING,MAN-000253
TEL-00004318,VEH-0039,2026-03-05T17:26:00,12.283201,77.010073,0,STOPPED,MAN-000253
TEL-00004319,VEH-0039,2026-03-05T17:37:00,12.282059,77.008517,26,MOVING,MAN-000253
TEL-00004320,VEH-0039,2026-03-05T17:47:00,12.28356,77.009075,24,MOVING,MAN-000253
TEL-00004321,VEH-0039,2026-03-05T17:59:00,12.283201,77.010073,0,STOPPED,MAN-000253
TEL-00004322,VEH-0039,2026-03-05T18:23:00,12.340582,76.93295,34,MOVING,MAN-000253
TEL-00004323,VEH-0039,2026-03-05T18:47:00,12.396677,76.852768,27,MOVING,MAN-000253
TEL-00004324,VEH-0039,2026-03-05T19:11:00,12.454621,76.774598,0,STOPPED,MAN-000253
TEL-00004325,VEH-0039,2026-03-05T19:39:00,12.456041,76.776029,19,MOVING,MAN-000253
TEL-00004326,VEH-0039,2026-03-05T20:01:00,12.454851,76.773684,36,MOVING,MAN-000253
TEL-00004327,VEH-0039,2026-03-05T20:26:00,12.454621,76.774598,0,STOPPED,MAN-000253
TEL-00004328,VEH-0039,2026-03-05T20:35:00,12.43529,76.755123,28,MOVING,MAN-000253
TEL-00004329,VEH-0039,2026-03-05T20:43:00,12.413224,76.735326,37,MOVING,MAN-000253
TEL-00004330,VEH-0039,2026-03-05T20:49:00,12.390759,76.713601,0,STOPPED,MAN-000253
TEL-00004331,VEH-0039,2026-03-05T20:56:00,12.389368,76.71237,33,MOVING,MAN-000253
TEL-00004332,VEH-0039,2026-03-05T21:05:00,12.392157,76.714236,30,MOVING,MAN-000253
TEL-00004333,VEH-0039,2026-03-05T21:11:00,12.390759,76.713601,0,STOPPED,MAN-000253
TEL-00004334,VEH-0039,2026-03-05T21:21:00,12.390759,76.713601,0,DELIVERED,MAN-000253
TEL-00004335,VEH-0039,2026-03-05T12:00:00,12.315359,76.884655,0,IDLE,MAN-000256
TEL-00004336,VEH-0039,2026-03-05T12:17:00,12.330655,76.836612,20,MOVING,MAN-000256
TEL-00004337,VEH-0039,2026-03-05T12:24:00,12.344812,76.788039,28,MOVING,MAN-000256
TEL-00004338,VEH-0039,2026-03-05T12:40:00,12.356649,76.736884,0,STOPPED,MAN-000256
TEL-00004339,VEH-0039,2026-03-05T12:53:00,12.358313,76.737032,28,MOVING,MAN-000256
TEL-00004340,VEH-0039,2026-03-05T13:05:00,12.356674,76.738343,30,MOVING,MAN-000256
TEL-00004341,VEH-0039,2026-03-05T13:20:00,12.356649,76.736884,0,STOPPED,MAN-000256
TEL-00004342,VEH-0039,2026-03-05T13:50:00,12.33302,76.842177,26,MOVING,MAN-000256
TEL-00004343,VEH-0039,2026-03-05T14:13:00,12.311397,76.949469,34,MOVING,MAN-000256
TEL-00004344,VEH-0039,2026-03-05T14:38:00,12.290594,77.055111,0,STOPPED,MAN-000256
TEL-00004345,VEH-0039,2026-03-05T15:04:00,12.290512,77.056212,28,MOVING,MAN-000256
TEL-00004346,VEH-0039,2026-03-05T15:32:00,12.289321,77.055839,24,MOVING,MAN-000256
TEL-00004347,VEH-0039,2026-03-05T16:00:00,12.290594,77.055111,0,STOPPED,MAN-000256
TEL-00004348,VEH-0039,2026-03-05T16:18:00,12.340179,77.0158,33,MOVING,MAN-000256
TEL-00004349,VEH-0039,2026-03-05T16:30:00,12.393007,76.979664,30,MOVING,MAN-000256
TEL-00004350,VEH-0039,2026-03-05T16:49:00,12.441691,76.942173,0,STOPPED,MAN-000256
TEL-00004351,VEH-0039,2026-03-05T17:08:00,12.440528,76.943148,20,MOVING,MAN-000256
TEL-00004352,VEH-0039,2026-03-05T17:19:00,12.440768,76.940453,29,MOVING,MAN-000256
TEL-00004353,VEH-0039,2026-03-05T17:38:00,12.441691,76.942173,0,STOPPED,MAN-000256
TEL-00004354,VEH-0039,2026-03-05T18:07:00,12.344398,76.882647,30,MOVING,MAN-000256
TEL-00004355,VEH-0039,2026-03-05T18:38:00,12.242007,76.820653,27,MOVING,MAN-000256
TEL-00004356,VEH-0039,2026-03-05T19:04:00,12.144756,76.758829,0,STOPPED,MAN-000256
TEL-00004357,VEH-0039,2026-03-05T19:32:00,12.143835,76.758003,23,MOVING,MAN-000256
TEL-00004358,VEH-0039,2026-03-05T20:00:00,12.145539,76.75879,29,MOVING,MAN-000256
TEL-00004359,VEH-0039,2026-03-05T20:33:00,12.144756,76.758829,0,STOPPED,MAN-000256
TEL-00004360,VEH-0039,2026-03-05T20:56:00,12.205032,76.819511,30,MOVING,MAN-000256
TEL-00004361,VEH-0039,2026-03-05T21:20:00,12.270508,76.880858,31,MOVING,MAN-000256
TEL-00004362,VEH-0039,2026-03-05T21:39:00,12.331478,76.942202,0,STOPPED,MAN-000256
TEL-00004363,VEH-0039,2026-03-05T22:03:00,12.330764,76.941622,36,MOVING,MAN-000256
TEL-00004364,VEH-0039,2026-03-05T22:25:00,12.331891,76.943866,33,MOVING,MAN-000256
TEL-00004365,VEH-0039,2026-03-05T22:43:00,12.331478,76.942202,0,STOPPED,MAN-000256
TEL-00004366,VEH-0039,2026-03-05T23:07:00,12.27582,76.87955,36,MOVING,MAN-000256
TEL-00004367,VEH-0039,2026-03-05T23:23:00,12.219936,76.816866,36,MOVING,MAN-000256
TEL-00004368,VEH-0039,2026-03-05T23:46:00,12.164955,76.753933,0,STOPPED,MAN-000256
TEL-00004369,VEH-0039,2026-03-06T00:10:00,12.165636,76.754076,27,MOVING,MAN-000256
TEL-00004370,VEH-0039,2026-03-06T00:31:00,12.164416,76.754075,25,MOVING,MAN-000256
TEL-00004371,VEH-0039,2026-03-06T00:51:00,12.164955,76.753933,0,STOPPED,MAN-000256
TEL-00004372,VEH-0039,2026-03-06T01:01:00,12.164955,76.753933,0,DELIVERED,MAN-000256
TEL-00004373,VEH-0090,2026-03-05T12:00:00,13.535697,76.951965,0,IDLE,MAN-000257
TEL-00004374,VEH-0090,2026-03-05T12:09:00,13.525919,76.929941,26,MOVING,MAN-000257
TEL-00004375,VEH-0090,2026-03-05T12:15:00,13.519399,76.905344,27,MOVING,MAN-000257
TEL-00004376,VEH-0090,2026-03-05T12:17:00,13.508785,76.882593,0,STOPPED,MAN-000257
TEL-00004377,VEH-0090,2026-03-05T12:25:00,13.50911,76.883933,23,MOVING,MAN-000257
TEL-00004378,VEH-0090,2026-03-05T12:31:00,13.509325,76.881254,32,MOVING,MAN-000257
TEL-00004379,VEH-0090,2026-03-05T12:34:00,13.508785,76.882593,0,STOPPED,MAN-000257
TEL-00004380,VEH-0090,2026-03-05T12:42:00,13.511624,76.894841,20,MOVING,MAN-000257
TEL-00004381,VEH-0090,2026-03-05T12:43:00,13.514717,76.908216,25,MOVING,MAN-000257
TEL-00004382,VEH-0090,2026-03-05T12:47:00,13.519428,76.921876,0,STOPPED,MAN-000257
TEL-00004383,VEH-0090,2026-03-05T12:55:00,13.51974,76.921756,37,MOVING,MAN-000257
TEL-00004384,VEH-0090,2026-03-05T12:57:00,13.519157,76.920846,29,MOVING,MAN-000257
TEL-00004385,VEH-0090,2026-03-05T12:57:00,13.519428,76.921876,0,STOPPED,MAN-000257
TEL-00004386,VEH-0090,2026-03-05T13:13:00,13.543811,76.962295,30,MOVING,MAN-000257
TEL-00004387,VEH-0090,2026-03-05T13:21:00,13.57106,77.000233,35,MOVING,MAN-000257
TEL-00004388,VEH-0090,2026-03-05T13:34:00,13.598004,77.039966,0,STOPPED,MAN-000257
TEL-00004389,VEH-0090,2026-03-05T13:46:00,13.597937,77.040797,33,MOVING,MAN-000257
TEL-00004390,VEH-0090,2026-03-05T13:58:00,13.598873,77.038057,36,MOVING,MAN-000257
TEL-00004391,VEH-0090,2026-03-05T14:08:00,13.598004,77.039966,0,STOPPED,MAN-000257
TEL-00004392,VEH-0090,2026-03-05T14:30:00,13.547599,76.979414,37,MOVING,MAN-000257
TEL-00004393,VEH-0090,2026-03-05T14:48:00,13.499764,76.916746,28,MOVING,MAN-000257
TEL-00004394,VEH-0090,2026-03-05T15:05:00,13.449251,76.853923,0,STOPPED,MAN-000257
TEL-00004395,VEH-0090,2026-03-05T15:26:00,13.447804,76.853974,25,MOVING,MAN-000257
TEL-00004396,VEH-0090,2026-03-05T15:44:00,13.448809,76.852317,24,MOVING,MAN-000257
TEL-00004397,VEH-0090,2026-03-05T16:04:00,13.449251,76.853923,0,STOPPED,MAN-000257
TEL-00004398,VEH-0090,2026-03-05T16:20:00,13.504,76.841449,24,MOVING,MAN-000257
TEL-00004399,VEH-0090,2026-03-05T16:33:00,13.556004,76.829189,33,MOVING,MAN-000257
TEL-00004400,VEH-0090,2026-03-05T16:45:00,13.608955,76.816619,0,STOPPED,MAN-000257
TEL-00004401,VEH-0090,2026-03-05T17:02:00,13.609735,76.81812,34,MOVING,MAN-000257
TEL-00004402,VEH-0090,2026-03-05T17:13:00,13.607124,76.816946,21,MOVING,MAN-000257
TEL-00004403,VEH-0090,2026-03-05T17:25:00,13.608955,76.816619,0,STOPPED,MAN-000257
TEL-00004404,VEH-0090,2026-03-05T17:44:00,13.547884,76.861206,24,MOVING,MAN-000257
TEL-00004405,VEH-0090,2026-03-05T18:05:00,13.483629,76.908863,29,MOVING,MAN-000257
TEL-00004406,VEH-0090,2026-03-05T18:23:00,13.420376,76.952789,0,STOPPED,MAN-000257
TEL-00004407,VEH-0090,2026-03-05T18:46:00,13.421737,76.953863,27,MOVING,MAN-000257
TEL-00004408,VEH-0090,2026-03-05T19:02:00,13.42005,76.953799,25,MOVING,MAN-000257
TEL-00004409,VEH-0090,2026-03-05T19:20:00,13.420376,76.952789,0,STOPPED,MAN-000257
TEL-00004410,VEH-0090,2026-03-05T19:30:00,13.420376,76.952789,0,DELIVERED,MAN-000257
TEL-00004411,VEH-0015,2026-03-05T12:00:00,13.535697,76.951965,0,IDLE,MAN-000259
TEL-00004412,VEH-0015,2026-03-05T12:12:00,13.491822,76.940073,31,MOVING,MAN-000259
TEL-00004413,VEH-0015,2026-03-05T12:22:00,13.448471,76.931967,35,MOVING,MAN-000259
TEL-00004414,VEH-0015,2026-03-05T12:32:00,13.405809,76.920186,0,STOPPED,MAN-000259
TEL-00004415,VEH-0015,2026-03-05T12:46:00,13.405675,76.920018,24,MOVING,MAN-000259
TEL-00004416,VEH-0015,2026-03-05T12:58:00,13.404944,76.918651,37,MOVING,MAN-000259
TEL-00004417,VEH-0015,2026-03-05T13:08:00,13.405809,76.920186,0,STOPPED,MAN-000259
TEL-00004418,VEH-0015,2026-03-05T13:20:00,13.399319,76.893095,33,MOVING,MAN-000259
TEL-00004419,VEH-0015,2026-03-05T13:23:00,13.392414,76.860615,34,MOVING,MAN-000259
TEL-00004420,VEH-0015,2026-03-05T13:30:00,13.387829,76.833429,0,STOPPED,MAN-000259
TEL-00004421,VEH-0015,2026-03-05T13:42:00,13.388589,76.83158,28,MOVING,MAN-000259
TEL-00004422,VEH-0015,2026-03-05T13:44:00,13.386541,76.834545,24,MOVING,MAN-000259
TEL-00004423,VEH-0015,2026-03-05T13:55:00,13.387829,76.833429,0,STOPPED,MAN-000259
TEL-00004424,VEH-0015,2026-03-05T14:20:00,13.481668,76.877354,35,MOVING,MAN-000259
TEL-00004425,VEH-0015,2026-03-05T14:49:00,13.579509,76.918759,34,MOVING,MAN-000259
TEL-00004426,VEH-0015,2026-03-05T15:12:00,13.674952,76.963346,0,STOPPED,MAN-000259
TEL-00004427,VEH-0015,2026-03-05T15:42:00,13.675358,76.964309,30,MOVING,MAN-000259
TEL-00004428,VEH-0015,2026-03-05T16:05:00,13.675469,76.963886,35,MOVING,MAN-000259
TEL-00004429,VEH-0015,2026-03-05T16:29:00,13.674952,76.963346,0,STOPPED,MAN-000259
TEL-00004430,VEH-0015,2026-03-05T16:49:00,13.652189,76.904776,19,MOVING,MAN-000259
TEL-00004431,VEH-0015,2026-03-05T17:04:00,13.627546,76.844339,35,MOVING,MAN-000259
TEL-00004432,VEH-0015,2026-03-05T17:19:00,13.603673,76.787261,0,STOPPED,MAN-000259
TEL-00004433,VEH-0015,2026-03-05T17:34:00,13.602757,76.786426,33,MOVING,MAN-000259
TEL-00004434,VEH-0015,2026-03-05T17:52:00,13.605135,76.788718,32,MOVING,MAN-000259
TEL-00004435,VEH-0015,2026-03-05T18:05:00,13.603673,76.787261,0,STOPPED,MAN-000259
TEL-00004436,VEH-0015,2026-03-05T18:27:00,13.618097,76.858732,22,MOVING,MAN-000259
TEL-00004437,VEH-0015,2026-03-05T18:44:00,13.630719,76.928576,21,MOVING,MAN-000259
TEL-00004438,VEH-0015,2026-03-05T18:59:00,13.642382,76.99989,0,STOPPED,MAN-000259
TEL-00004439,VEH-0015,2026-03-05T19:21:00,13.642583,76.997904,26,MOVING,MAN-000259
TEL-00004440,VEH-0015,2026-03-05T19:34:00,13.642142,76.998995,28,MOVING,MAN-000259
TEL-00004441,VEH-0015,2026-03-05T19:50:00,13.642382,76.99989,0,STOPPED,MAN-000259
TEL-00004442,VEH-0015,2026-03-05T19:55:00,13.6364,77.003133,25,MOVING,MAN-000259
TEL-00004443,VEH-0015,2026-03-05T19:55:00,13.626239,77.005043,19,MOVING,MAN-000259
TEL-00004444,VEH-0015,2026-03-05T19:58:00,13.618932,77.006275,0,STOPPED,MAN-000259
TEL-00004445,VEH-0015,2026-03-05T20:04:00,13.618221,77.004732,36,MOVING,MAN-000259
TEL-00004446,VEH-0015,2026-03-05T20:06:00,13.618495,77.006031,32,MOVING,MAN-000259
TEL-00004447,VEH-0015,2026-03-05T20:05:00,13.618932,77.006275,0,STOPPED,MAN-000259
TEL-00004448,VEH-0015,2026-03-05T20:15:00,13.618932,77.006275,0,DELIVERED,MAN-000259
TEL-00004449,VEH-0066,2026-03-05T12:00:00,12.507164,76.571231,0,IDLE,MAN-000261
TEL-00004450,VEH-0066,2026-03-05T12:16:00,12.559574,76.600494,27,MOVING,MAN-000261
TEL-00004451,VEH-0066,2026-03-05T12:30:00,12.614901,76.6261,31,MOVING,MAN-000261
TEL-00004452,VEH-0066,2026-03-05T12:44:00,12.667038,76.655128,0,STOPPED,MAN-000261
TEL-00004453,VEH-0066,2026-03-05T13:00:00,12.66786,76.654845,23,MOVING,MAN-000261
TEL-00004454,VEH-0066,2026-03-05T13:16:00,12.665718,76.653876,36,MOVING,MAN-000261
TEL-00004455,VEH-0066,2026-03-05T13:30:00,12.667038,76.655128,0,STOPPED,MAN-000261
TEL-00004456,VEH-0066,2026-03-05T13:47:00,12.617711,76.636618,31,MOVING,MAN-000261
TEL-00004457,VEH-0066,2026-03-05T14:00:00,12.563844,76.619762,18,MOVING,MAN-000261
TEL-00004458,VEH-0066,2026-03-05T14:10:00,12.514365,76.60295,0,STOPPED,MAN-000261
TEL-00004459,VEH-0066,2026-03-05T14:27:00,12.516277,76.602684,28,MOVING,MAN-000261
TEL-00004460,VEH-0066,2026-03-05T14:41:00,12.515024,76.603744,26,MOVING,MAN-000261
TEL-00004461,VEH-0066,2026-03-05T14:51:00,12.514365,76.60295,0,STOPPED,MAN-000261
TEL-00004462,VEH-0066,2026-03-05T15:08:00,12.472326,76.564201,34,MOVING,MAN-000261
TEL-00004463,VEH-0066,2026-03-05T15:20:00,12.433789,76.522246,21,MOVING,MAN-000261
TEL-00004464,VEH-0066,2026-03-05T15:35:00,12.392558,76.482157,0,STOPPED,MAN-000261
TEL-00004465,VEH-0066,2026-03-05T15:49:00,12.393189,76.482473,37,MOVING,MAN-000261
TEL-00004466,VEH-0066,2026-03-05T16:03:00,12.392534,76.483313,23,MOVING,MAN-000261
TEL-00004467,VEH-0066,2026-03-05T16:20:00,12.392558,76.482157,0,STOPPED,MAN-000261
TEL-00004468,VEH-0066,2026-03-05T16:39:00,12.45379,76.519998,29,MOVING,MAN-000261
TEL-00004469,VEH-0066,2026-03-05T16:55:00,12.517127,76.557493,19,MOVING,MAN-000261
TEL-00004470,VEH-0066,2026-03-05T17:17:00,12.5821,76.59684,0,STOPPED,MAN-000261
TEL-00004471,VEH-0066,2026-03-05T17:36:00,12.582871,76.597046,33,MOVING,MAN-000261
TEL-00004472,VEH-0066,2026-03-05T17:56:00,12.584084,76.59593,19,MOVING,MAN-000261
TEL-00004473,VEH-0066,2026-03-05T18:14:00,12.5821,76.59684,0,STOPPED,MAN-000261
TEL-00004474,VEH-0066,2026-03-05T18:31:00,12.602348,76.642433,36,MOVING,MAN-000261
TEL-00004475,VEH-0066,2026-03-05T18:43:00,12.619585,76.690457,27,MOVING,MAN-000261
TEL-00004476,VEH-0066,2026-03-05T18:55:00,12.639382,76.736283,0,STOPPED,MAN-000261
TEL-00004477,VEH-0066,2026-03-05T19:08:00,12.639854,76.735202,22,MOVING,MAN-000261
TEL-00004478,VEH-0066,2026-03-05T19:22:00,12.638328,76.737022,31,MOVING,MAN-000261
TEL-00004479,VEH-0066,2026-03-05T19:35:00,12.639382,76.736283,0,STOPPED,MAN-000261
TEL-00004480,VEH-0066,2026-03-05T19:41:00,12.628152,76.713842,33,MOVING,MAN-000261
TEL-00004481,VEH-0066,2026-03-05T19:49:00,12.614116,76.687902,20,MOVING,MAN-000261
TEL-00004482,VEH-0066,2026-03-05T19:59:00,12.602823,76.664583,0,STOPPED,MAN-000261
TEL-00004483,VEH-0066,2026-03-05T20:10:00,12.602956,76.664929,29,MOVING,MAN-000261
TEL-00004484,VEH-0066,2026-03-05T20:16:00,12.604675,76.664541,33,MOVING,MAN-000261
TEL-00004485,VEH-0066,2026-03-05T20:23:00,12.602823,76.664583,0,STOPPED,MAN-000261
TEL-00004486,VEH-0066,2026-03-05T20:33:00,12.602823,76.664583,0,DELIVERED,MAN-000261
TEL-00004487,VEH-0116,2026-03-05T12:00:00,12.507164,76.571231,0,IDLE,MAN-000262
TEL-00004488,VEH-0116,2026-03-05T12:14:00,12.472091,76.615303,37,MOVING,MAN-000262
TEL-00004489,VEH-0116,2026-03-05T12:30:00,12.436993,76.66265,29,MOVING,MAN-000262
TEL-00004490,VEH-0116,2026-03-05T12:42:00,12.404862,76.705942,0,STOPPED,MAN-000262
TEL-00004491,VEH-0116,2026-03-05T12:58:00,12.403675,76.706054,32,MOVING,MAN-000262
TEL-00004492,VEH-0116,2026-03-05T13:08:00,12.40444,76.703953,27,MOVING,MAN-000262
TEL-00004493,VEH-0116,2026-03-05T13:27:00,12.404862,76.705942,0,STOPPED,MAN-000262
TEL-00004494,VEH-0116,2026-03-05T13:35:00,12.39658,76.672978,19,MOVING,MAN-000262
TEL-00004495,VEH-0116,2026-03-05T13:44:00,12.387529,76.634512,29,MOVING,MAN-000262
TEL-00004496,VEH-0116,2026-03-05T13:54:00,12.378784,76.601186,0,STOPPED,MAN-000262
TEL-00004497,VEH-0116,2026-03-05T14:03:00,12.376859,76.60273,31,MOVING,MAN-000262
TEL-00004498,VEH-0116,2026-03-05T14:13:00,12.377313,76.601532,19,MOVING,MAN-000262
TEL-00004499,VEH-0116,2026-03-05T14:20:00,12.378784,76.601186,0,STOPPED,MAN-000262
TEL-00004500,VEH-0116,2026-03-05T14:42:00,12.453444,76.591622,30,MOVING,MAN-000262
TEL-00004501,VEH-0116,2026-03-05T14:57:00,12.528678,76.585359,23,MOVING,MAN-000262
TEL-00004502,VEH-0116,2026-03-05T15:20:00,12.604202,76.578335,0,STOPPED,MAN-000262
TEL-00004503,VEH-0116,2026-03-05T15:40:00,12.603616,76.580259,37,MOVING,MAN-000262
TEL-00004504,VEH-0116,2026-03-05T15:58:00,12.60267,76.576651,37,MOVING,MAN-000262
TEL-00004505,VEH-0116,2026-03-05T16:19:00,12.604202,76.578335,0,STOPPED,MAN-000262
TEL-00004506,VEH-0116,2026-03-05T16:38:00,12.545734,76.561443,19,MOVING,MAN-000262
TEL-00004507,VEH-0116,2026-03-05T16:48:00,12.48909,76.548063,37,MOVING,MAN-000262
TEL-00004508,VEH-0116,2026-03-05T17:06:00,12.432937,76.53011,0,STOPPED,MAN-000262
TEL-00004509,VEH-0116,2026-03-05T17:24:00,12.431103,76.532008,26,MOVING,MAN-000262
TEL-00004510,VEH-0116,2026-03-05T17:39:00,12.434584,76.52908,25,MOVING,MAN-000262
TEL-00004511,VEH-0116,2026-03-05T17:50:00,12.432937,76.53011,0,STOPPED,MAN-000262
TEL-00004512,VEH-0116,2026-03-05T18:02:00,12.43922,76.563351,25,MOVING,MAN-000262
TEL-00004513,VEH-0116,2026-03-05T18:08:00,12.444214,76.598366,21,MOVING,MAN-000262
TEL-00004514,VEH-0116,2026-03-05T18:17:00,12.450702,76.634937,0,STOPPED,MAN-000262
TEL-00004515,VEH-0116,2026-03-05T18:26:00,12.451508,76.636036,27,MOVING,MAN-000262
TEL-00004516,VEH-0116,2026-03-05T18:37:00,12.44935,76.635098,33,MOVING,MAN-000262
TEL-00004517,VEH-0116,2026-03-05T18:45:00,12.450702,76.634937,0,STOPPED,MAN-000262
TEL-00004518,VEH-0116,2026-03-05T19:04:00,12.454667,76.555719,30,MOVING,MAN-000262
TEL-00004519,VEH-0116,2026-03-05T19:27:00,12.46019,76.477537,28,MOVING,MAN-000262
TEL-00004520,VEH-0116,2026-03-05T19:41:00,12.465842,76.397389,0,STOPPED,MAN-000262
TEL-00004521,VEH-0116,2026-03-05T20:01:00,12.465097,76.397536,34,MOVING,MAN-000262
TEL-00004522,VEH-0116,2026-03-05T20:23:00,12.463895,76.396304,19,MOVING,MAN-000262
TEL-00004523,VEH-0116,2026-03-05T20:41:00,12.465842,76.397389,0,STOPPED,MAN-000262
TEL-00004524,VEH-0116,2026-03-05T20:51:00,12.465842,76.397389,0,DELIVERED,MAN-000262
TEL-00004525,VEH-0116,2026-03-05T12:00:00,12.507164,76.571231,0,IDLE,MAN-000264
TEL-00004526,VEH-0116,2026-03-05T12:08:00,12.486835,76.582887,31,MOVING,MAN-000264
TEL-00004527,VEH-0116,2026-03-05T12:11:00,12.466944,76.598174,23,MOVING,MAN-000264
TEL-00004528,VEH-0116,2026-03-05T12:18:00,12.447911,76.60914,0,STOPPED,MAN-000264
TEL-00004529,VEH-0116,2026-03-05T12:28:00,12.448992,76.607544,34,MOVING,MAN-000264
TEL-00004530,VEH-0116,2026-03-05T12:29:00,12.449644,76.611047,26,MOVING,MAN-000264
TEL-00004531,VEH-0116,2026-03-05T12:38:00,12.447911,76.60914,0,STOPPED,MAN-000264
TEL-00004532,VEH-0116,2026-03-05T12:50:00,12.440764,76.557154,23,MOVING,MAN-000264
TEL-00004533,VEH-0116,2026-03-05T13:04:00,12.434313,76.508483,21,MOVING,MAN-000264
TEL-00004534,VEH-0116,2026-03-05T13:15:00,12.427274,76.457255,0,STOPPED,MAN-000264
TEL-00004535,VEH-0116,2026-03-05T13:32:00,12.425556,76.459129,24,MOVING,MAN-000264
TEL-00004536,VEH-0116,2026-03-05T13:43:00,12.428936,76.455434,21,MOVING,MAN-000264
TEL-00004537,VEH-0116,2026-03-05T13:53:00,12.427274,76.457255,0,STOPPED,MAN-000264
TEL-00004538,VEH-0116,2026-03-05T14:13:00,12.500559,76.47865,19,MOVING,MAN-000264
TEL-00004539,VEH-0116,2026-03-05T14:33:00,12.576332,76.500057,20,MOVING,MAN-000264
TEL-00004540,VEH-0116,2026-03-05T14:50:00,12.649694,76.524329,0,STOPPED,MAN-000264
TEL-00004541,VEH-0116,2026-03-05T15:10:00,12.649739,76.525934,23,MOVING,MAN-000264
TEL-00004542,VEH-0116,2026-03-05T15:31:00,12.650729,76.522931,22,MOVING,MAN-000264
TEL-00004543,VEH-0116,2026-03-05T15:49:00,12.649694,76.524329,0,STOPPED,MAN-000264
TEL-00004544,VEH-0116,2026-03-05T16:00:00,12.639329,76.566511,33,MOVING,MAN-000264
TEL-00004545,VEH-0116,2026-03-05T16:10:00,12.630342,76.614433,25,MOVING,MAN-000264
TEL-00004546,VEH-0116,2026-03-05T16:25:00,12.620082,76.656664,0,STOPPED,MAN-000264
TEL-00004547,VEH-0116,2026-03-05T16:37:00,12.621554,76.655271,22,MOVING,MAN-000264
TEL-00004548,VEH-0116,2026-03-05T16:47:00,12.620362,76.654807,19,MOVING,MAN-000264
TEL-00004549,VEH-0116,2026-03-05T17:01:00,12.620082,76.656664,0,STOPPED,MAN-000264
TEL-00004550,VEH-0116,2026-03-05T17:28:00,12.524581,76.635159,20,MOVING,MAN-000264
TEL-00004551,VEH-0116,2026-03-05T17:52:00,12.431449,76.61428,18,MOVING,MAN-000264
TEL-00004552,VEH-0116,2026-03-05T18:17:00,12.334699,76.590894,0,STOPPED,MAN-000264
TEL-00004553,VEH-0116,2026-03-05T18:41:00,12.333021,76.591217,26,MOVING,MAN-000264
TEL-00004554,VEH-0116,2026-03-05T19:09:00,12.334502,76.591846,28,MOVING,MAN-000264
TEL-00004555,VEH-0116,2026-03-05T19:29:00,12.334699,76.590894,0,STOPPED,MAN-000264
TEL-00004556,VEH-0116,2026-03-05T19:46:00,12.398373,76.593707,32,MOVING,MAN-000264
TEL-00004557,VEH-0116,2026-03-05T20:03:00,12.464347,76.596779,24,MOVING,MAN-000264
TEL-00004558,VEH-0116,2026-03-05T20:17:00,12.530503,76.597509,0,STOPPED,MAN-000264
TEL-00004559,VEH-0116,2026-03-05T20:32:00,12.53157,76.598232,23,MOVING,MAN-000264
TEL-00004560,VEH-0116,2026-03-05T20:50:00,12.528683,76.598356,37,MOVING,MAN-000264
TEL-00004561,VEH-0116,2026-03-05T21:04:00,12.530503,76.597509,0,STOPPED,MAN-000264
TEL-00004562,VEH-0116,2026-03-05T21:14:00,12.530503,76.597509,0,DELIVERED,MAN-000264
TEL-00004563,VEH-0017,2026-03-05T12:00:00,13.164086,75.821312,0,IDLE,MAN-000265
TEL-00004564,VEH-0017,2026-03-05T12:21:00,13.108472,75.868266,28,MOVING,MAN-000265
TEL-00004565,VEH-0017,2026-03-05T12:35:00,13.054621,75.911752,27,MOVING,MAN-000265
TEL-00004566,VEH-0017,2026-03-05T12:56:00,12.998617,75.957954,0,STOPPED,MAN-000265
TEL-00004567,VEH-0017,2026-03-05T13:13:00,12.999926,75.956921,25,MOVING,MAN-000265
TEL-00004568,VEH-0017,2026-03-05T13:35:00,12.998594,75.955956,34,MOVING,MAN-000265
TEL-00004569,VEH-0017,2026-03-05T13:49:00,12.998617,75.957954,0,STOPPED,MAN-000265
TEL-00004570,VEH-0017,2026-03-05T13:58:00,13.024972,75.957473,24,MOVING,MAN-000265
TEL-00004571,VEH-0017,2026-03-05T14:04:00,13.048598,75.9589,37,MOVING,MAN-000265
TEL-00004572,VEH-0017,2026-03-05T14:11:00,13.071735,75.956488,0,STOPPED,MAN-000265
TEL-00004573,VEH-0017,2026-03-05T14:19:00,13.072366,75.955366,20,MOVING,MAN-000265
TEL-00004574,VEH-0017,2026-03-05T14:25:00,13.073471,75.954687,33,MOVING,MAN-000265
TEL-00004575,VEH-0017,2026-03-05T14:29:00,13.071735,75.956488,0,STOPPED,MAN-000265
TEL-00004576,VEH-0017,2026-03-05T14:39:00,13.100455,75.968461,21,MOVING,MAN-000265
TEL-00004577,VEH-0017,2026-03-05T14:45:00,13.126305,75.981948,20,MOVING,MAN-000265
TEL-00004578,VEH-0017,2026-03-05T14:53:00,13.152817,75.996131,0,STOPPED,MAN-000265
TEL-00004579,VEH-0017,2026-03-05T15:02:00,13.152028,75.997367,27,MOVING,MAN-000265
TEL-00004580,VEH-0017,2026-03-05T15:10:00,13.151208,75.995127,25,MOVING,MAN-000265
TEL-00004581,VEH-0017,2026-03-05T15:19:00,13.152817,75.996131,0,STOPPED,MAN-000265
TEL-00004582,VEH-0017,2026-03-05T15:46:00,13.13249,75.90069,20,MOVING,MAN-000265
TEL-00004583,VEH-0017,2026-03-05T16:06:00,13.115372,75.807051,20,MOVING,MAN-000265
TEL-00004584,VEH-0017,2026-03-05T16:30:00,13.093759,75.710134,0,STOPPED,MAN-000265
TEL-00004585,VEH-0017,2026-03-05T16:58:00,13.094164,75.710339,37,MOVING,MAN-000265
TEL-00004586,VEH-0017,2026-03-05T17:19:00,13.091964,75.710347,25,MOVING,MAN-000265
TEL-00004587,VEH-0017,2026-03-05T17:41:00,13.093759,75.710134,0,STOPPED,MAN-000265
TEL-00004588,VEH-0017,2026-03-05T17:52:00,13.069829,75.717357,37,MOVING,MAN-000265
TEL-00004589,VEH-0017,2026-03-05T17:55:00,13.041855,75.726966,31,MOVING,MAN-000265
TEL-00004590,VEH-0017,2026-03-05T18:02:00,13.018857,75.737454,0,STOPPED,MAN-000265
TEL-00004591,VEH-0017,2026-03-05T18:11:00,13.020683,75.738635,31,MOVING,MAN-000265
TEL-00004592,VEH-0017,2026-03-05T18:15:00,13.02063,75.73812,30,MOVING,MAN-000265
TEL-00004593,VEH-0017,2026-03-05T18:22:00,13.018857,75.737454,0,STOPPED,MAN-000265
TEL-00004594,VEH-0017,2026-03-05T18:42:00,13.058542,75.795118,22,MOVING,MAN-000265
TEL-00004595,VEH-0017,2026-03-05T18:59:00,13.098531,75.851697,19,MOVING,MAN-000265
TEL-00004596,VEH-0017,2026-03-05T19:11:00,13.135498,75.908333,0,STOPPED,MAN-000265
TEL-00004597,VEH-0017,2026-03-05T19:31:00,13.135394,75.908497,22,MOVING,MAN-000265
TEL-00004598,VEH-0017,2026-03-05T19:44:00,13.135134,75.907447,22,MOVING,MAN-000265
TEL-00004599,VEH-0017,2026-03-05T20:05:00,13.135498,75.908333,0,STOPPED,MAN-000265
TEL-00004600,VEH-0017,2026-03-05T20:15:00,13.135498,75.908333,0,DELIVERED,MAN-000265
TEL-00004601,VEH-0092,2026-03-05T12:00:00,13.164086,75.821312,0,IDLE,MAN-000268
TEL-00004602,VEH-0092,2026-03-05T12:11:00,13.174224,75.858951,31,MOVING,MAN-000268
TEL-00004603,VEH-0092,2026-03-05T12:23:00,13.183559,75.895248,23,MOVING,MAN-000268
TEL-00004604,VEH-0092,2026-03-05T12:31:00,13.195917,75.932657,0,STOPPED,MAN-000268
TEL-00004605,VEH-0092,2026-03-05T12:41:00,13.197117,75.933329,24,MOVING,MAN-000268
TEL-00004606,VEH-0092,2026-03-05T12:50:00,13.197681,75.932254,36,MOVING,MAN-000268
TEL-00004607,VEH-0092,2026-03-05T13:03:00,13.195917,75.932657,0,STOPPED,MAN-000268
TEL-00004608,VEH-0092,2026-03-05T13:19:00,13.207779,75.870433,28,MOVING,MAN-000268
TEL-00004609,VEH-0092,2026-03-05T13:34:00,13.217858,75.810618,34,MOVING,MAN-000268
TEL-00004610,VEH-0092,2026-03-05T13:50:00,13.226155,75.748465,0,STOPPED,MAN-000268
TEL-00004611,VEH-0092,2026-03-05T14:07:00,13.226008,75.747686,18,MOVING,MAN-000268
TEL-00004612,VEH-0092,2026-03-05T14:23:00,13.224551,75.748082,35,MOVING,MAN-000268
TEL-00004613,VEH-0092,2026-03-05T14:38:00,13.226155,75.748465,0,STOPPED,MAN-000268
TEL-00004614,VEH-0092,2026-03-05T14:39:00,13.233453,75.747375,29,MOVING,MAN-000268
TEL-00004615,VEH-0092,2026-03-05T14:41:00,13.237904,75.747547,27,MOVING,MAN-000268
TEL-00004616,VEH-0092,2026-03-05T14:42:00,13.244932,75.745123,0,STOPPED,MAN-000268
TEL-00004617,VEH-0092,2026-03-05T14:47:00,13.243086,75.745198,23,MOVING,MAN-000268
TEL-00004618,VEH-0092,2026-03-05T14:48:00,13.243604,75.743621,22,MOVING,MAN-000268
TEL-00004619,VEH-0092,2026-03-05T14:47:00,13.244932,75.745123,0,STOPPED,MAN-000268
TEL-00004620,VEH-0092,2026-03-05T15:01:00,13.196932,75.721276,20,MOVING,MAN-000268
TEL-00004621,VEH-0092,2026-03-05T15:14:00,13.148679,75.695393,35,MOVING,MAN-000268
TEL-00004622,VEH-0092,2026-03-05T15:28:00,13.1012,75.670459,0,STOPPED,MAN-000268
TEL-00004623,VEH-0092,2026-03-05T15:41:00,13.100262,75.67106,20,MOVING,MAN-000268
TEL-00004624,VEH-0092,2026-03-05T15:55:00,13.101915,75.671018,20,MOVING,MAN-000268
TEL-00004625,VEH-0092,2026-03-05T16:10:00,13.1012,75.670459,0,STOPPED,MAN-000268
TEL-00004626,VEH-0092,2026-03-05T16:18:00,13.115501,75.671484,23,MOVING,MAN-000268
TEL-00004627,VEH-0092,2026-03-05T16:17:00,13.131819,75.674457,23,MOVING,MAN-000268
TEL-00004628,VEH-0092,2026-03-05T16:25:00,13.148447,75.675344,0,STOPPED,MAN-000268
TEL-00004629,VEH-0092,2026-03-05T16:28:00,13.149806,75.674776,35,MOVING,MAN-000268
TEL-00004630,VEH-0092,2026-03-05T16:36:00,13.147353,75.676184,21,MOVING,MAN-000268
TEL-00004631,VEH-0092,2026-03-05T16:38:00,13.148447,75.675344,0,STOPPED,MAN-000268
TEL-00004632,VEH-0092,2026-03-05T16:48:00,13.165537,75.711495,23,MOVING,MAN-000268
TEL-00004633,VEH-0092,2026-03-05T17:00:00,13.179903,75.746481,29,MOVING,MAN-000268
TEL-00004634,VEH-0092,2026-03-05T17:08:00,13.1966,75.781412,0,STOPPED,MAN-000268
TEL-00004635,VEH-0092,2026-03-05T17:22:00,13.195123,75.78164,27,MOVING,MAN-000268
TEL-00004636,VEH-0092,2026-03-05T17:28:00,13.19664,75.781932,33,MOVING,MAN-000268
TEL-00004637,VEH-0092,2026-03-05T17:39:00,13.1966,75.781412,0,STOPPED,MAN-000268
TEL-00004638,VEH-0092,2026-03-05T17:49:00,13.1966,75.781412,0,DELIVERED,MAN-000268
TEL-00004639,VEH-0143,2026-03-05T12:00:00,13.657366,75.759563,0,IDLE,MAN-000269
TEL-00004640,VEH-0143,2026-03-05T12:11:00,13.66166,75.795686,37,MOVING,MAN-000269
TEL-00004641,VEH-0143,2026-03-05T12:21:00,13.666815,75.828678,36,MOVING,MAN-000269
TEL-00004642,VEH-0143,2026-03-05T12:28:00,13.670001,75.862045,0,STOPPED,MAN-000269
TEL-00004643,VEH-0143,2026-03-05T12:39:00,13.668938,75.861121,35,MOVING,MAN-000269
TEL-00004644,VEH-0143,2026-03-05T12:49:00,13.669909,75.863426,26,MOVING,MAN-000269
TEL-00004645,VEH-0143,2026-03-05T12:55:00,13.670001,75.862045,0,STOPPED,MAN-000269
TEL-00004646,VEH-0143,2026-03-05T13:06:00,13.634732,75.858807,19,MOVING,MAN-000269
TEL-00004647,VEH-0143,2026-03-05T13:17:00,13.599262,75.853455,22,MOVING,MAN-000269
TEL-00004648,VEH-0143,2026-03-05T13:23:00,13.562725,75.84845,0,STOPPED,MAN-000269
TEL-00004649,VEH-0143,2026-03-05T13:34:00,13.564576,75.849279,21,MOVING,MAN-000269
TEL-00004650,VEH-0143,2026-03-05T13:44:00,13.561855,75.847393,36,MOVING,MAN-000269
TEL-00004651,VEH-0143,2026-03-05T13:54:00,13.562725,75.84845,0,STOPPED,MAN-000269
TEL-00004652,VEH-0143,2026-03-05T13:56:00,13.557718,75.856072,18,MOVING,MAN-000269
TEL-00004653,VEH-0143,2026-03-05T13:59:00,13.551974,75.867343,35,MOVING,MAN-000269
TEL-00004654,VEH-0143,2026-03-05T14:04:00,13.546403,75.874343,0,STOPPED,MAN-000269
TEL-00004655,VEH-0143,2026-03-05T14:10:00,13.548211,75.87269,36,MOVING,MAN-000269
TEL-00004656,VEH-0143,2026-03-05T14:12:00,13.54589,75.873123,23,MOVING,MAN-000269
TEL-00004657,VEH-0143,2026-03-05T14:11:00,13.546403,75.874343,0,STOPPED,MAN-000269
TEL-00004658,VEH-0143,2026-03-05T14:16:00,13.533117,75.893432,27,MOVING,MAN-000269
TEL-00004659,VEH-0143,2026-03-05T14:22:00,13.522152,75.909497,22,MOVING,MAN-000269
TEL-00004660,VEH-0143,2026-03-05T14:31:00,13.507161,75.925757,0,STOPPED,MAN-000269
TEL-00004661,VEH-0143,2026-03-05T14:37:00,13.507484,75.92647,32,MOVING,MAN-000269
TEL-00004662,VEH-0143,2026-03-05T14:46:00,13.507124,75.925664,29,MOVING,MAN-000269
TEL-00004663,VEH-0143,2026-03-05T14:51:00,13.507161,75.925757,0,STOPPED,MAN-000269
TEL-00004664,VEH-0143,2026-03-05T15:18:00,13.509258,75.822667,22,MOVING,MAN-000269
TEL-00004665,VEH-0143,2026-03-05T15:44:00,13.514404,75.723332,27,MOVING,MAN-000269
TEL-00004666,VEH-0143,2026-03-05T16:05:00,13.517587,75.619412,0,STOPPED,MAN-000269
TEL-00004667,VEH-0143,2026-03-05T16:30:00,13.516072,75.621114,21,MOVING,MAN-000269
TEL-00004668,VEH-0143,2026-03-05T16:56:00,13.519574,75.620247,29,MOVING,MAN-000269
TEL-00004669,VEH-0143,2026-03-05T17:21:00,13.517587,75.619412,0,STOPPED,MAN-000269
TEL-00004670,VEH-0143,2026-03-05T17:49:00,13.61636,75.620525,37,MOVING,MAN-000269
TEL-00004671,VEH-0143,2026-03-05T18:09:00,13.717088,75.620559,19,MOVING,MAN-000269
TEL-00004672,VEH-0143,2026-03-05T18:37:00,13.818415,75.621833,0,STOPPED,MAN-000269
TEL-00004673,VEH-0143,2026-03-05T19:06:00,13.818043,75.623656,34,MOVING,MAN-000269
TEL-00004674,VEH-0143,2026-03-05T19:27:00,13.817813,75.622212,33,MOVING,MAN-000269
TEL-00004675,VEH-0143,2026-03-05T19:53:00,13.818415,75.621833,0,STOPPED,MAN-000269
TEL-00004676,VEH-0143,2026-03-05T20:03:00,13.818415,75.621833,0,DELIVERED,MAN-000269
TEL-00004677,VEH-0068,2026-03-05T12:00:00,13.657366,75.759563,0,IDLE,MAN-000270
TEL-00004678,VEH-0068,2026-03-05T12:15:00,13.614895,75.788823,25,MOVING,MAN-000270
TEL-00004679,VEH-0068,2026-03-05T12:28:00,13.570322,75.822666,37,MOVING,MAN-000270
TEL-00004680,VEH-0068,2026-03-05T12:42:00,13.524703,75.851544,0,STOPPED,MAN-000270
TEL-00004681,VEH-0068,2026-03-05T12:56:00,13.523244,75.851531,29,MOVING,MAN-000270
TEL-00004682,VEH-0068,2026-03-05T13:12:00,13.524658,75.849809,18,MOVING,MAN-000270
TEL-00004683,VEH-0068,2026-03-05T13:25:00,13.524703,75.851544,0,STOPPED,MAN-000270
TEL-00004684,VEH-0068,2026-03-05T13:39:00,13.569957,75.83269,29,MOVING,MAN-000270
TEL-00004685,VEH-0068,2026-03-05T13:49:00,13.611677,75.811683,35,MOVING,MAN-000270
TEL-00004686,VEH-0068,2026-03-05T14:03:00,13.654962,75.790071,0,STOPPED,MAN-000270
TEL-00004687,VEH-0068,2026-03-05T14:19:00,13.654125,75.789237,19,MOVING,MAN-000270
TEL-00004688,VEH-0068,2026-03-05T14:27:00,13.655825,75.789153,22,MOVING,MAN-000270
TEL-00004689,VEH-0068,2026-03-05T14:38:00,13.654962,75.790071,0,STOPPED,MAN-000270
TEL-00004690,VEH-0068,2026-03-05T14:54:00,13.611743,75.811107,21,MOVING,MAN-000270
TEL-00004691,VEH-0068,2026-03-05T15:03:00,13.570566,75.829149,26,MOVING,MAN-000270
TEL-00004692,VEH-0068,2026-03-05T15:12:00,13.529592,75.847304,0,STOPPED,MAN-000270
TEL-00004693,VEH-0068,2026-03-05T15:23:00,13.527758,75.846717,18,MOVING,MAN-000270
TEL-00004694,VEH-0068,2026-03-05T15:38:00,13.529709,75.846425,33,MOVING,MAN-000270
TEL-00004695,VEH-0068,2026-03-05T15:48:00,13.529592,75.847304,0,STOPPED,MAN-000270
TEL-00004696,VEH-0068,2026-03-05T16:03:00,13.579782,75.827427,24,MOVING,MAN-000270
TEL-00004697,VEH-0068,2026-03-05T16:16:00,13.63046,75.806781,28,MOVING,MAN-000270
TEL-00004698,VEH-0068,2026-03-05T16:31:00,13.680692,75.789313,0,STOPPED,MAN-000270
TEL-00004699,VEH-0068,2026-03-05T16:44:00,13.679255,75.79075,26,MOVING,MAN-000270
TEL-00004700,VEH-0068,2026-03-05T17:01:00,13.679283,75.787481,20,MOVING,MAN-000270
TEL-00004701,VEH-0068,2026-03-05T17:11:00,13.680692,75.789313,0,STOPPED,MAN-000270
TEL-00004702,VEH-0068,2026-03-05T17:20:00,13.710048,75.789096,27,MOVING,MAN-000270
TEL-00004703,VEH-0068,2026-03-05T17:27:00,13.741887,75.783609,33,MOVING,MAN-000270
TEL-00004704,VEH-0068,2026-03-05T17:34:00,13.773977,75.78324,0,STOPPED,MAN-000270
TEL-00004705,VEH-0068,2026-03-05T17:44:00,13.775495,75.782937,29,MOVING,MAN-000270
TEL-00004706,VEH-0068,2026-03-05T17:53:00,13.775966,75.783695,32,MOVING,MAN-000270
TEL-00004707,VEH-0068,2026-03-05T17:58:00,13.773977,75.78324,0,STOPPED,MAN-000270
TEL-00004708,VEH-0068,2026-03-05T18:17:00,13.731755,75.717236,27,MOVING,MAN-000270
TEL-00004709,VEH-0068,2026-03-05T18:38:00,13.694252,75.651293,21,MOVING,MAN-000270
TEL-00004710,VEH-0068,2026-03-05T18:55:00,13.653039,75.586188,0,STOPPED,MAN-000270
TEL-00004711,VEH-0068,2026-03-05T19:17:00,13.652128,75.587001,31,MOVING,MAN-000270
TEL-00004712,VEH-0068,2026-03-05T19:34:00,13.652028,75.585397,33,MOVING,MAN-000270
TEL-00004713,VEH-0068,2026-03-05T19:52:00,13.653039,75.586188,0,STOPPED,MAN-000270
TEL-00004714,VEH-0068,2026-03-05T20:02:00,13.653039,75.586188,0,DELIVERED,MAN-000270
TEL-00004715,VEH-0118,2026-03-05T12:00:00,13.657366,75.759563,0,IDLE,MAN-000272
TEL-00004716,VEH-0118,2026-03-05T12:17:00,13.604203,75.757513,20,MOVING,MAN-000272
TEL-00004717,VEH-0118,2026-03-05T12:25:00,13.551044,75.757825,26,MOVING,MAN-000272
TEL-00004718,VEH-0118,2026-03-05T12:40:00,13.498156,75.756693,0,STOPPED,MAN-000272
TEL-00004719,VEH-0118,2026-03-05T12:56:00,13.496771,75.756521,33,MOVING,MAN-000272
TEL-00004720,VEH-0118,2026-03-05T13:10:00,13.498284,75.758577,21,MOVING,MAN-000272
TEL-00004721,VEH-0118,2026-03-05T13:21:00,13.498156,75.756693,0,STOPPED,MAN-000272
TEL-00004722,VEH-0118,2026-03-05T13:49:00,13.589981,75.805216,26,MOVING,MAN-000272
TEL-00004723,VEH-0118,2026-03-05T14:12:00,13.6781,75.855649,30,MOVING,MAN-000272
TEL-00004724,VEH-0118,2026-03-05T14:38:00,13.770157,75.907351,0,STOPPED,MAN-000272
TEL-00004725,VEH-0118,2026-03-05T15:03:00,13.771817,75.906156,30,MOVING,MAN-000272
TEL-00004726,VEH-0118,2026-03-05T15:30:00,13.771455,75.907612,28,MOVING,MAN-000272
TEL-00004727,VEH-0118,2026-03-05T15:55:00,13.770157,75.907351,0,STOPPED,MAN-000272
TEL-00004728,VEH-0118,2026-03-05T16:23:00,13.701953,75.825011,20,MOVING,MAN-000272
TEL-00004729,VEH-0118,2026-03-05T16:47:00,13.637981,75.74303,22,MOVING,MAN-000272
TEL-00004730,VEH-0118,2026-03-05T17:15:00,13.569249,75.657943,0,STOPPED,MAN-000272
TEL-00004731,VEH-0118,2026-03-05T17:41:00,13.568787,75.656824,25,MOVING,MAN-000272
TEL-00004732,VEH-0118,2026-03-05T18:10:00,13.571053,75.656908,33,MOVING,MAN-000272
TEL-00004733,VEH-0118,2026-03-05T18:37:00,13.569249,75.657943,0,STOPPED,MAN-000272
TEL-00004734,VEH-0118,2026-03-05T18:48:00,13.542372,75.660344,23,MOVING,MAN-000272
TEL-00004735,VEH-0118,2026-03-05T18:52:00,13.518372,75.66275,28,MOVING,MAN-000272
TEL-00004736,VEH-0118,2026-03-05T18:58:00,13.490515,75.662928,0,STOPPED,MAN-000272
TEL-00004737,VEH-0118,2026-03-05T19:05:00,13.491239,75.664315,32,MOVING,MAN-000272
TEL-00004738,VEH-0118,2026-03-05T19:11:00,13.489101,75.663688,20,MOVING,MAN-000272
TEL-00004739,VEH-0118,2026-03-05T19:19:00,13.490515,75.662928,0,STOPPED,MAN-000272
TEL-00004740,VEH-0118,2026-03-05T19:35:00,13.489081,75.724259,22,MOVING,MAN-000272
TEL-00004741,VEH-0118,2026-03-05T19:47:00,13.483374,75.781064,36,MOVING,MAN-000272
TEL-00004742,VEH-0118,2026-03-05T20:04:00,13.481391,75.841962,0,STOPPED,MAN-000272
TEL-00004743,VEH-0118,2026-03-05T20:23:00,13.483062,75.840868,24,MOVING,MAN-000272
TEL-00004744,VEH-0118,2026-03-05T20:34:00,13.479629,75.840331,25,MOVING,MAN-000272
TEL-00004745,VEH-0118,2026-03-05T20:49:00,13.481391,75.841962,0,STOPPED,MAN-000272
TEL-00004746,VEH-0118,2026-03-05T21:15:00,13.559599,75.794784,21,MOVING,MAN-000272
TEL-00004747,VEH-0118,2026-03-05T21:34:00,13.639657,75.745187,20,MOVING,MAN-000272
TEL-00004748,VEH-0118,2026-03-05T21:56:00,13.719214,75.696379,0,STOPPED,MAN-000272
TEL-00004749,VEH-0118,2026-03-05T22:22:00,13.717436,75.696326,37,MOVING,MAN-000272
TEL-00004750,VEH-0118,2026-03-05T22:45:00,13.7176,75.697573,36,MOVING,MAN-000272
TEL-00004751,VEH-0118,2026-03-05T23:03:00,13.719214,75.696379,0,STOPPED,MAN-000272
TEL-00004752,VEH-0118,2026-03-05T23:13:00,13.719214,75.696379,0,DELIVERED,MAN-000272
TEL-00004753,VEH-0144,2026-03-05T12:00:00,12.883141,77.795168,0,IDLE,MAN-000273
TEL-00004754,VEH-0144,2026-03-05T12:18:00,12.841592,77.855229,22,MOVING,MAN-000273
TEL-00004755,VEH-0144,2026-03-05T12:36:00,12.804506,77.911767,26,MOVING,MAN-000273
TEL-00004756,VEH-0144,2026-03-05T12:53:00,12.764455,77.969764,0,STOPPED,MAN-000273
TEL-00004757,VEH-0144,2026-03-05T13:12:00,12.765699,77.969901,28,MOVING,MAN-000273
TEL-00004758,VEH-0144,2026-03-05T13:31:00,12.763368,77.968016,30,MOVING,MAN-000273
TEL-00004759,VEH-0144,2026-03-05T13:48:00,12.764455,77.969764,0,STOPPED,MAN-000273
TEL-00004760,VEH-0144,2026-03-05T14:05:00,12.836422,77.960695,28,MOVING,MAN-000273
TEL-00004761,VEH-0144,2026-03-05T14:24:00,12.909066,77.950775,28,MOVING,MAN-000273
TEL-00004762,VEH-0144,2026-03-05T14:45:00,12.982294,77.939703,0,STOPPED,MAN-000273
TEL-00004763,VEH-0144,2026-03-05T15:04:00,12.982535,77.93811,31,MOVING,MAN-000273
TEL-00004764,VEH-0144,2026-03-05T15:25:00,12.984031,77.941569,18,MOVING,MAN-000273
TEL-00004765,VEH-0144,2026-03-05T15:40:00,12.982294,77.939703,0,STOPPED,MAN-000273
TEL-00004766,VEH-0144,2026-03-05T15:54:00,13.009369,77.883366,28,MOVING,MAN-000273
TEL-00004767,VEH-0144,2026-03-05T16:11:00,13.035296,77.829348,34,MOVING,MAN-000273
TEL-00004768,VEH-0144,2026-03-05T16:25:00,13.062655,77.773172,0,STOPPED,MAN-000273
TEL-00004769,VEH-0144,2026-03-05T16:43:00,13.062902,77.774294,28,MOVING,MAN-000273
TEL-00004770,VEH-0144,2026-03-05T16:57:00,13.064652,77.774721,19,MOVING,MAN-000273
TEL-00004771,VEH-0144,2026-03-05T17:10:00,13.062655,77.773172,0,STOPPED,MAN-000273
TEL-00004772,VEH-0144,2026-03-05T17:37:00,12.977329,77.726288,18,MOVING,MAN-000273
TEL-00004773,VEH-0144,2026-03-05T17:58:00,12.893037,77.67913,27,MOVING,MAN-000273
TEL-00004774,VEH-0144,2026-03-05T18:21:00,12.809316,77.631111,0,STOPPED,MAN-000273
TEL-00004775,VEH-0144,2026-03-05T18:48:00,12.808421,77.629113,24,MOVING,MAN-000273
TEL-00004776,VEH-0144,2026-03-05T19:11:00,12.809372,77.630497,34,MOVING,MAN-000273
TEL-00004777,VEH-0144,2026-03-05T19:31:00,12.809316,77.631111,0,STOPPED,MAN-000273
TEL-00004778,VEH-0144,2026-03-05T19:55:00,12.887707,77.648054,24,MOVING,MAN-000273
TEL-00004779,VEH-0144,2026-03-05T20:14:00,12.966414,77.66558,36,MOVING,MAN-000273
TEL-00004780,VEH-0144,2026-03-05T20:30:00,13.046713,77.683643,0,STOPPED,MAN-000273
TEL-00004781,VEH-0144,2026-03-05T20:53:00,13.045267,77.683705,26,MOVING,MAN-000273
TEL-00004782,VEH-0144,2026-03-05T21:10:00,13.048189,77.682856,18,MOVING,MAN-000273
TEL-00004783,VEH-0144,2026-03-05T21:32:00,13.046713,77.683643,0,STOPPED,MAN-000273
TEL-00004784,VEH-0144,2026-03-05T21:51:00,12.971239,77.697921,26,MOVING,MAN-000273
TEL-00004785,VEH-0144,2026-03-05T22:10:00,12.898133,77.712519,25,MOVING,MAN-000273
TEL-00004786,VEH-0144,2026-03-05T22:31:00,12.825642,77.729623,0,STOPPED,MAN-000273
TEL-00004787,VEH-0144,2026-03-05T22:49:00,12.826591,77.727814,20,MOVING,MAN-000273
TEL-00004788,VEH-0144,2026-03-05T23:12:00,12.824029,77.730152,21,MOVING,MAN-000273
TEL-00004789,VEH-0144,2026-03-05T23:27:00,12.825642,77.729623,0,STOPPED,MAN-000273
TEL-00004790,VEH-0144,2026-03-05T23:37:00,12.825642,77.729623,0,DELIVERED,MAN-000273
TEL-00004791,VEH-0144,2026-03-05T12:00:00,12.883141,77.795168,0,IDLE,MAN-000274
TEL-00004792,VEH-0144,2026-03-05T12:10:00,12.866295,77.77044,22,MOVING,MAN-000274
TEL-00004793,VEH-0144,2026-03-05T12:16:00,12.850572,77.748248,34,MOVING,MAN-000274
TEL-00004794,VEH-0144,2026-03-05T12:23:00,12.834494,77.723364,0,STOPPED,MAN-000274
TEL-00004795,VEH-0144,2026-03-05T12:30:00,12.834051,77.723574,37,MOVING,MAN-000274
TEL-00004796,VEH-0144,2026-03-05T12:36:00,12.835304,77.722663,34,MOVING,MAN-000274
TEL-00004797,VEH-0144,2026-03-05T12:48:00,12.834494,77.723364,0,STOPPED,MAN-000274
TEL-00004798,VEH-0144,2026-03-05T13:06:00,12.863535,77.775429,27,MOVING,MAN-000274
TEL-00004799,VEH-0144,2026-03-05T13:20:00,12.887995,77.826483,31,MOVING,MAN-000274
TEL-00004800,VEH-0144,2026-03-05T13:31:00,12.917298,77.875446,0,STOPPED,MAN-000274
TEL-00004801,VEH-0144,2026-03-05T13:47:00,12.916641,77.877038,30,MOVING,MAN-000274
TEL-00004802,VEH-0144,2026-03-05T14:00:00,12.915626,77.876728,24,MOVING,MAN-000274
TEL-00004803,VEH-0144,2026-03-05T14:13:00,12.917298,77.875446,0,STOPPED,MAN-000274
TEL-00004804,VEH-0144,2026-03-05T14:30:00,12.856471,77.87007,23,MOVING,MAN-000274
TEL-00004805,VEH-0144,2026-03-05T14:44:00,12.796995,77.868507,28,MOVING,MAN-000274
TEL-00004806,VEH-0144,2026-03-05T14:57:00,12.735165,77.863993,0,STOPPED,MAN-000274
TEL-00004807,VEH-0144,2026-03-05T15:14:00,12.733512,77.862879,33,MOVING,MAN-000274
TEL-00004808,VEH-0144,2026-03-05T15:28:00,12.733902,77.864566,33,MOVING,MAN-000274
TEL-00004809,VEH-0144,2026-03-05T15:45:00,12.735165,77.863993,0,STOPPED,MAN-000274
TEL-00004810,VEH-0144,2026-03-05T16:10:00,12.832565,77.889189,24,MOVING,MAN-000274
TEL-00004811,VEH-0144,2026-03-05T16:37:00,12.934151,77.914151,26,MOVING,MAN-000274
TEL-00004812,VEH-0144,2026-03-05T17:03:00,13.032,77.940773,0,STOPPED,MAN-000274
TEL-00004813,VEH-0144,2026-03-05T17:29:00,13.033678,77.939765,22,MOVING,MAN-000274
TEL-00004814,VEH-0144,2026-03-05T17:54:00,13.030087,77.941124,20,MOVING,MAN-000274
TEL-00004815,VEH-0144,2026-03-05T18:22:00,13.032,77.940773,0,STOPPED,MAN-000274
TEL-00004816,VEH-0144,2026-03-05T18:51:00,12.939997,77.886383,29,MOVING,MAN-000274
TEL-00004817,VEH-0144,2026-03-05T19:17:00,12.849348,77.831129,25,MOVING,MAN-000274
TEL-00004818,VEH-0144,2026-03-05T19:40:00,12.759134,77.778792,0,STOPPED,MAN-000274
TEL-00004819,VEH-0144,2026-03-05T20:05:00,12.757829,77.777456,20,MOVING,MAN-000274
TEL-00004820,VEH-0144,2026-03-05T20:32:00,12.758275,77.779787,29,MOVING,MAN-000274
TEL-00004821,VEH-0144,2026-03-05T21:02:00,12.759134,77.778792,0,STOPPED,MAN-000274
TEL-00004822,VEH-0144,2026-03-05T21:10:00,12.790354,77.772631,29,MOVING,MAN-000274
TEL-00004823,VEH-0144,2026-03-05T21:20:00,12.821479,77.769027,18,MOVING,MAN-000274
TEL-00004824,VEH-0144,2026-03-05T21:28:00,12.853278,77.763,0,STOPPED,MAN-000274
TEL-00004825,VEH-0144,2026-03-05T21:38:00,12.851975,77.763561,24,MOVING,MAN-000274
TEL-00004826,VEH-0144,2026-03-05T21:44:00,12.853533,77.762978,19,MOVING,MAN-000274
TEL-00004827,VEH-0144,2026-03-05T21:55:00,12.853278,77.763,0,STOPPED,MAN-000274
TEL-00004828,VEH-0144,2026-03-05T22:05:00,12.853278,77.763,0,DELIVERED,MAN-000274
TEL-00004829,VEH-0094,2026-03-05T12:00:00,12.883141,77.795168,0,IDLE,MAN-000275
TEL-00004830,VEH-0094,2026-03-05T12:15:00,12.837043,77.775853,21,MOVING,MAN-000275
TEL-00004831,VEH-0094,2026-03-05T12:29:00,12.788537,77.755678,19,MOVING,MAN-000275
TEL-00004832,VEH-0094,2026-03-05T12:42:00,12.741408,77.736194,0,STOPPED,MAN-000275
TEL-00004833,VEH-0094,2026-03-05T12:54:00,12.743354,77.737197,36,MOVING,MAN-000275
TEL-00004834,VEH-0094,2026-03-05T13:08:00,12.741281,77.736231,18,MOVING,MAN-000275
TEL-00004835,VEH-0094,2026-03-05T13:20:00,12.741408,77.736194,0,STOPPED,MAN-000275
TEL-00004836,VEH-0094,2026-03-05T13:27:00,12.739442,77.74851,35,MOVING,MAN-000275
TEL-00004837,VEH-0094,2026-03-05T13:29:00,12.736297,77.764236,33,MOVING,MAN-000275
TEL-00004838,VEH-0094,2026-03-05T13:31:00,12.734986,77.775407,0,STOPPED,MAN-000275
TEL-00004839,VEH-0094,2026-03-05T13:39:00,12.736005,77.776909,23,MOVING,MAN-000275
TEL-00004840,VEH-0094,2026-03-05T13:42:00,12.734318,77.774378,33,MOVING,MAN-000275
TEL-00004841,VEH-0094,2026-03-05T13:40:00,12.734986,77.775407,0,STOPPED,MAN-000275
TEL-00004842,VEH-0094,2026-03-05T14:04:00,12.822347,77.813067,21,MOVING,MAN-000275
TEL-00004843,VEH-0094,2026-03-05T14:28:00,12.906138,77.84825,27,MOVING,MAN-000275
TEL-00004844,VEH-0094,2026-03-05T14:51:00,12.991743,77.886312,0,STOPPED,MAN-000275
TEL-00004845,VEH-0094,2026-03-05T15:15:00,12.99237,77.885028,30,MOVING,MAN-000275
TEL-00004846,VEH-0094,2026-03-05T15:36:00,12.993432,77.885321,22,MOVING,MAN-000275
TEL-00004847,VEH-0094,2026-03-05T16:00:00,12.991743,77.886312,0,STOPPED,MAN-000275
TEL-00004848,VEH-0094,2026-03-05T16:13:00,12.957156,77.862245,32,MOVING,MAN-000275
TEL-00004849,VEH-0094,2026-03-05T16:19:00,12.924441,77.839944,32,MOVING,MAN-000275
TEL-00004850,VEH-0094,2026-03-05T16:34:00,12.892019,77.819669,0,STOPPED,MAN-000275
TEL-00004851,VEH-0094,2026-03-05T16:43:00,12.890697,77.821041,21,MOVING,MAN-000275
TEL-00004852,VEH-0094,2026-03-05T16:58:00,12.891158,77.820223,21,MOVING,MAN-000275
TEL-00004853,VEH-0094,2026-03-05T17:07:00,12.892019,77.819669,0,STOPPED,MAN-000275
TEL-00004854,VEH-0094,2026-03-05T17:21:00,12.845491,77.780884,33,MOVING,MAN-000275
TEL-00004855,VEH-0094,2026-03-05T17:41:00,12.797912,77.739222,27,MOVING,MAN-000275
TEL-00004856,VEH-0094,2026-03-05T17:56:00,12.752123,77.701706,0,STOPPED,MAN-000275
TEL-00004857,VEH-0094,2026-03-05T18:14:00,12.75132,77.703081,25,MOVING,MAN-000275
TEL-00004858,VEH-0094,2026-03-05T18:30:00,12.753588,77.701505,34,MOVING,MAN-000275
TEL-00004859,VEH-0094,2026-03-05T18:43:00,12.752123,77.701706,0,STOPPED,MAN-000275
TEL-00004860,VEH-0094,2026-03-05T19:14:00,12.844043,77.772085,36,MOVING,MAN-000275
TEL-00004861,VEH-0094,2026-03-05T19:38:00,12.934978,77.839557,25,MOVING,MAN-000275
TEL-00004862,VEH-0094,2026-03-05T20:07:00,13.027553,77.910657,0,STOPPED,MAN-000275
TEL-00004863,VEH-0094,2026-03-05T20:36:00,13.02617,77.911847,31,MOVING,MAN-000275
TEL-00004864,VEH-0094,2026-03-05T21:04:00,13.02792,77.909764,37,MOVING,MAN-000275
TEL-00004865,VEH-0094,2026-03-05T21:34:00,13.027553,77.910657,0,STOPPED,MAN-000275
TEL-00004866,VEH-0094,2026-03-05T21:44:00,13.027553,77.910657,0,DELIVERED,MAN-000275
TEL-00004867,VEH-0020,2026-03-05T12:00:00,12.254828,76.437189,0,IDLE,MAN-000277
TEL-00004868,VEH-0020,2026-03-05T12:14:00,12.206105,76.42602,34,MOVING,MAN-000277
TEL-00004869,VEH-0020,2026-03-05T12:26:00,12.154846,76.418931,24,MOVING,MAN-000277
TEL-00004870,VEH-0020,2026-03-05T12:37:00,12.10674,76.407903,0,STOPPED,MAN-000277
TEL-00004871,VEH-0020,2026-03-05T12:53:00,12.107065,76.406501,23,MOVING,MAN-000277
TEL-00004872,VEH-0020,2026-03-05T13:05:00,12.107877,76.409526,18,MOVING,MAN-000277
TEL-00004873,VEH-0020,2026-03-05T13:15:00,12.10674,76.407903,0,STOPPED,MAN-000277
TEL-00004874,VEH-0020,2026-03-05T13:40:00,12.18749,76.370422,23,MOVING,MAN-000277
TEL-00004875,VEH-0020,2026-03-05T13:58:00,12.264143,76.330949,24,MOVING,MAN-000277
TEL-00004876,VEH-0020,2026-03-05T14:23:00,12.344035,76.293069,0,STOPPED,MAN-000277
TEL-00004877,VEH-0020,2026-03-05T14:44:00,12.34547,76.292122,20,MOVING,MAN-000277
TEL-00004878,VEH-0020,2026-03-05T15:10:00,12.344697,76.291873,30,MOVING,MAN-000277
TEL-00004879,VEH-0020,2026-03-05T15:31:00,12.344035,76.293069,0,STOPPED,MAN-000277
TEL-00004880,VEH-0020,2026-03-05T15:55:00,12.279871,76.344475,35,MOVING,MAN-000277
TEL-00004881,VEH-0020,2026-03-05T16:13:00,12.218487,76.394583,33,MOVING,MAN-000277
TEL-00004882,VEH-0020,2026-03-05T16:31:00,12.153009,76.446728,0,STOPPED,MAN-000277
TEL-00004883,VEH-0020,2026-03-05T16:51:00,12.151322,76.448347,33,MOVING,MAN-000277
TEL-00004884,VEH-0020,2026-03-05T17:13:00,12.152369,76.446761,26,MOVING,MAN-000277
TEL-00004885,VEH-0020,2026-03-05T17:32:00,12.153009,76.446728,0,STOPPED,MAN-000277
TEL-00004886,VEH-0020,2026-03-05T17:57:00,12.23216,76.408909,29,MOVING,MAN-000277
TEL-00004887,VEH-0020,2026-03-05T18:19:00,12.311777,76.368147,20,MOVING,MAN-000277
TEL-00004888,VEH-0020,2026-03-05T18:38:00,12.391279,76.328147,0,STOPPED,MAN-000277
TEL-00004889,VEH-0020,2026-03-05T19:01:00,12.390012,76.326677,25,MOVING,MAN-000277
TEL-00004890,VEH-0020,2026-03-05T19:23:00,12.392026,76.327627,19,MOVING,MAN-000277
TEL-00004891,VEH-0020,2026-03-05T19:43:00,12.391279,76.328147,0,STOPPED,MAN-000277
TEL-00004892,VEH-0020,2026-03-05T20:05:00,12.334375,76.397704,25,MOVING,MAN-000277
TEL-00004893,VEH-0020,2026-03-05T20:27:00,12.275831,76.463383,26,MOVING,MAN-000277
TEL-00004894,VEH-0020,2026-03-05T20:48:00,12.219077,76.533868,0,STOPPED,MAN-000277
TEL-00004895,VEH-0020,2026-03-05T21:11:00,12.21998,76.53569,33,MOVING,MAN-000277
TEL-00004896,VEH-0020,2026-03-05T21:32:00,12.219897,76.535863,25,MOVING,MAN-000277
TEL-00004897,VEH-0020,2026-03-05T21:52:00,12.219077,76.533868,0,STOPPED,MAN-000277
TEL-00004898,VEH-0020,2026-03-05T22:13:00,12.209575,76.448917,35,MOVING,MAN-000277
TEL-00004899,VEH-0020,2026-03-05T22:33:00,12.198084,76.364295,22,MOVING,MAN-000277
TEL-00004900,VEH-0020,2026-03-05T22:53:00,12.185472,76.277628,0,STOPPED,MAN-000277
TEL-00004901,VEH-0020,2026-03-05T23:14:00,12.183519,76.277602,31,MOVING,MAN-000277
TEL-00004902,VEH-0020,2026-03-05T23:38:00,12.186765,76.278374,36,MOVING,MAN-000277
TEL-00004903,VEH-0020,2026-03-05T23:58:00,12.185472,76.277628,0,STOPPED,MAN-000277
TEL-00004904,VEH-0020,2026-03-06T00:08:00,12.185472,76.277628,0,DELIVERED,MAN-000277
TEL-00004905,VEH-0146,2026-03-05T12:00:00,13.586032,76.828358,0,IDLE,MAN-000282
TEL-00004906,VEH-0146,2026-03-05T12:17:00,13.530446,76.851423,33,MOVING,MAN-000282
TEL-00004907,VEH-0146,2026-03-05T12:32:00,13.476051,76.876649,22,MOVING,MAN-000282
TEL-00004908,VEH-0146,2026-03-05T12:44:00,13.419877,76.899282,0,STOPPED,MAN-000282
TEL-00004909,VEH-0146,2026-03-05T13:03:00,13.418218,76.898903,22,MOVING,MAN-000282
TEL-00004910,VEH-0146,2026-03-05T13:13:00,13.418954,76.897498,35,MOVING,MAN-000282
TEL-00004911,VEH-0146,2026-03-05T13:33:00,13.419877,76.899282,0,STOPPED,MAN-000282
TEL-00004912,VEH-0146,2026-03-05T14:01:00,13.53028,76.896495,19,MOVING,MAN-000282
TEL-00004913,VEH-0146,2026-03-05T14:29:00,13.643306,76.893539,21,MOVING,MAN-000282
TEL-00004914,VEH-0146,2026-03-05T15:00:00,13.755103,76.889826,0,STOPPED,MAN-000282
TEL-00004915,VEH-0146,2026-03-05T15:27:00,13.755015,76.888956,31,MOVING,MAN-000282
TEL-00004916,VEH-0146,2026-03-05T15:59:00,13.753655,76.889282,28,MOVING,MAN-000282
TEL-00004917,VEH-0146,2026-03-05T16:25:00,13.755103,76.889826,0,STOPPED,MAN-000282
TEL-00004918,VEH-0146,2026-03-05T16:41:00,13.716608,76.845527,21,MOVING,MAN-000282
TEL-00004919,VEH-0146,2026-03-05T16:55:00,13.67602,76.801976,35,MOVING,MAN-000282
TEL-00004920,VEH-0146,2026-03-05T17:07:00,13.633916,76.759029,0,STOPPED,MAN-000282
TEL-00004921,VEH-0146,2026-03-05T17:26:00,13.634298,76.759239,33,MOVING,MAN-000282
TEL-00004922,VEH-0146,2026-03-05T17:38:00,13.63363,76.759894,35,MOVING,MAN-000282
TEL-00004923,VEH-0146,2026-03-05T17:49:00,13.633916,76.759029,0,STOPPED,MAN-000282
TEL-00004924,VEH-0146,2026-03-05T18:11:00,13.587699,76.830326,37,MOVING,MAN-000282
TEL-00004925,VEH-0146,2026-03-05T18:33:00,13.545716,76.897801,21,MOVING,MAN-000282
TEL-00004926,VEH-0146,2026-03-05T18:52:00,13.498861,76.969267,0,STOPPED,MAN-000282
TEL-00004927,VEH-0146,2026-03-05T19:11:00,13.496902,76.969538,18,MOVING,MAN-000282
TEL-00004928,VEH-0146,2026-03-05T19:34:00,13.500699,76.970419,20,MOVING,MAN-000282
TEL-00004929,VEH-0146,2026-03-05T19:51:00,13.498861,76.969267,0,STOPPED,MAN-000282
TEL-00004930,VEH-0146,2026-03-05T20:16:00,13.587198,76.935089,18,MOVING,MAN-000282
TEL-00004931,VEH-0146,2026-03-05T20:38:00,13.674664,76.902641,21,MOVING,MAN-000282
TEL-00004932,VEH-0146,2026-03-05T21:02:00,13.764024,76.870868,0,STOPPED,MAN-000282
TEL-00004933,VEH-0146,2026-03-05T21:28:00,13.765652,76.86932,32,MOVING,MAN-000282
TEL-00004934,VEH-0146,2026-03-05T21:47:00,13.762593,76.87031,25,MOVING,MAN-000282
TEL-00004935,VEH-0146,2026-03-05T22:10:00,13.764024,76.870868,0,STOPPED,MAN-000282
TEL-00004936,VEH-0146,2026-03-05T22:37:00,13.695691,76.797828,37,MOVING,MAN-000282
TEL-00004937,VEH-0146,2026-03-05T22:59:00,13.629443,76.723453,35,MOVING,MAN-000282
TEL-00004938,VEH-0146,2026-03-05T23:25:00,13.560747,76.651243,0,STOPPED,MAN-000282
TEL-00004939,VEH-0146,2026-03-05T23:50:00,13.561424,76.651643,29,MOVING,MAN-000282
TEL-00004940,VEH-0146,2026-03-06T00:13:00,13.560517,76.649415,33,MOVING,MAN-000282
TEL-00004941,VEH-0146,2026-03-06T00:41:00,13.560747,76.651243,0,STOPPED,MAN-000282
TEL-00004942,VEH-0146,2026-03-06T00:51:00,13.560747,76.651243,0,DELIVERED,MAN-000282
TEL-00004943,VEH-0123,2026-03-05T12:00:00,12.861619,76.032437,0,IDLE,MAN-000289
TEL-00004944,VEH-0123,2026-03-05T12:15:00,12.814349,76.036912,32,MOVING,MAN-000289
TEL-00004945,VEH-0123,2026-03-05T12:27:00,12.767462,76.042677,27,MOVING,MAN-000289
TEL-00004946,VEH-0123,2026-03-05T12:39:00,12.719314,76.050757,0,STOPPED,MAN-000289
TEL-00004947,VEH-0123,2026-03-05T12:50:00,12.721053,76.051324,18,MOVING,MAN-000289
TEL-00004948,VEH-0123,2026-03-05T13:06:00,12.718518,76.051419,23,MOVING,MAN-000289
TEL-00004949,VEH-0123,2026-03-05T13:18:00,12.719314,76.050757,0,STOPPED,MAN-000289
TEL-00004950,VEH-0123,2026-03-05T13:34:00,12.761719,76.024395,24,MOVING,MAN-000289
TEL-00004951,VEH-0123,2026-03-05T13:43:00,12.803115,75.99996,28,MOVING,MAN-000289
TEL-00004952,VEH-0123,2026-03-05T13:58:00,12.845827,75.974994,0,STOPPED,MAN-000289
TEL-00004953,VEH-0123,2026-03-05T14:11:00,12.84415,75.976923,31,MOVING,MAN-000289
TEL-00004954,VEH-0123,2026-03-05T14:24:00,12.844914,75.973246,34,MOVING,MAN-000289
TEL-00004955,VEH-0123,2026-03-05T14:34:00,12.845827,75.974994,0,STOPPED,MAN-000289
TEL-00004956,VEH-0123,2026-03-05T14:39:00,12.848864,75.991723,24,MOVING,MAN-000289
TEL-00004957,VEH-0123,2026-03-05T14:45:00,12.846976,76.006273,27,MOVING,MAN-000289
TEL-00004958,VEH-0123,2026-03-05T14:45:00,12.849213,76.024624,0,STOPPED,MAN-000289
TEL-00004959,VEH-0123,2026-03-05T14:52:00,12.850459,76.022643,31,MOVING,MAN-000289
TEL-00004960,VEH-0123,2026-03-05T14:54:00,12.848212,76.026326,28,MOVING,MAN-000289
TEL-00004961,VEH-0123,2026-03-05T14:56:00,12.849213,76.024624,0,STOPPED,MAN-000289
TEL-00004962,VEH-0123,2026-03-05T15:08:00,12.808092,76.055971,30,MOVING,MAN-000289
TEL-00004963,VEH-0123,2026-03-05T15:23:00,12.765472,76.087593,29,MOVING,MAN-000289
TEL-00004964,VEH-0123,2026-03-05T15:37:00,12.723846,76.118706,0,STOPPED,MAN-000289
TEL-00004965,VEH-0123,2026-03-05T15:50:00,12.723762,76.118406,20,MOVING,MAN-000289
TEL-00004966,VEH-0123,2026-03-05T16:06:00,12.724823,76.116933,29,MOVING,MAN-000289
TEL-00004967,VEH-0123,2026-03-05T16:18:00,12.723846,76.118706,0,STOPPED,MAN-000289
TEL-00004968,VEH-0123,2026-03-05T16:34:00,12.785044,76.130181,31,MOVING,MAN-000289
TEL-00004969,VEH-0123,2026-03-05T16:50:00,12.84953,76.144042,21,MOVING,MAN-000289
TEL-00004970,VEH-0123,2026-03-05T17:08:00,12.912017,76.157683,0,STOPPED,MAN-000289
TEL-00004971,VEH-0123,2026-03-05T17:26:00,12.910182,76.157559,22,MOVING,MAN-000289
TEL-00004972,VEH-0123,2026-03-05T17:39:00,12.912823,76.159308,21,MOVING,MAN-000289
TEL-00004973,VEH-0123,2026-03-05T17:58:00,12.912017,76.157683,0,STOPPED,MAN-000289
TEL-00004974,VEH-0123,2026-03-05T18:14:00,12.900344,76.098133,37,MOVING,MAN-000289
TEL-00004975,VEH-0123,2026-03-05T18:28:00,12.890763,76.039588,20,MOVING,MAN-000289
TEL-00004976,VEH-0123,2026-03-05T18:46:00,12.87844,75.980008,0,STOPPED,MAN-000289
TEL-00004977,VEH-0123,2026-03-05T19:02:00,12.877406,75.979488,27,MOVING,MAN-000289
TEL-00004978,VEH-0123,2026-03-05T19:19:00,12.880053,75.980155,26,MOVING,MAN-000289
TEL-00004979,VEH-0123,2026-03-05T19:30:00,12.87844,75.980008,0,STOPPED,MAN-000289
TEL-00004980,VEH-0123,2026-03-05T19:40:00,12.87844,75.980008,0,DELIVERED,MAN-000289
TEL-00004981,VEH-0048,2026-03-05T12:00:00,12.861619,76.032437,0,IDLE,MAN-000292
TEL-00004982,VEH-0048,2026-03-05T12:11:00,12.865122,76.077712,32,MOVING,MAN-000292
TEL-00004983,VEH-0048,2026-03-05T12:24:00,12.870337,76.124831,25,MOVING,MAN-000292
TEL-00004984,VEH-0048,2026-03-05T12:34:00,12.874125,76.172703,0,STOPPED,MAN-000292
TEL-00004985,VEH-0048,2026-03-05T12:45:00,12.872254,76.174606,18,MOVING,MAN-000292
TEL-00004986,VEH-0048,2026-03-05T12:59:00,12.875277,76.171474,26,MOVING,MAN-000292
TEL-00004987,VEH-0048,2026-03-05T13:10:00,12.874125,76.172703,0,STOPPED,MAN-000292
TEL-00004988,VEH-0048,2026-03-05T13:30:00,12.882095,76.10043,27,MOVING,MAN-000292
TEL-00004989,VEH-0048,2026-03-05T13:48:00,12.894068,76.026809,29,MOVING,MAN-000292
TEL-00004990,VEH-0048,2026-03-05T14:02:00,12.903101,75.95645,0,STOPPED,MAN-000292
TEL-00004991,VEH-0048,2026-03-05T14:22:00,12.904967,75.954976,24,MOVING,MAN-000292
TEL-00004992,VEH-0048,2026-03-05T14:38:00,12.903691,75.957079,30,MOVING,MAN-000292
TEL-00004993,VEH-0048,2026-03-05T14:55:00,12.903101,75.95645,0,STOPPED,MAN-000292
TEL-00004994,VEH-0048,2026-03-05T15:07:00,12.87109,75.956705,20,MOVING,MAN-000292
TEL-00004995,VEH-0048,2026-03-05T15:16:00,12.837267,75.957371,19,MOVING,MAN-000292
TEL-00004996,VEH-0048,2026-03-05T15:20:00,12.802743,75.956676,0,STOPPED,MAN-000292
TEL-00004997,VEH-0048,2026-03-05T15:28:00,12.801722,75.955708,20,MOVING,MAN-000292
TEL-00004998,VEH-0048,2026-03-05T15:38:00,12.800877,75.957901,30,MOVING,MAN-000292
TEL-00004999,VEH-0048,2026-03-05T15:45:00,12.802743,75.956676,0,STOPPED,MAN-000292
TEL-00005000,VEH-0048,2026-03-05T15:53:00,12.820986,75.983681,26,MOVING,MAN-000292
TEL-00005001,VEH-0048,2026-03-05T16:02:00,12.842986,76.015958,37,MOVING,MAN-000292
TEL-00005002,VEH-0048,2026-03-05T16:15:00,12.862515,76.043309,0,STOPPED,MAN-000292
TEL-00005003,VEH-0048,2026-03-05T16:28:00,12.864187,76.04482,22,MOVING,MAN-000292
TEL-00005004,VEH-0048,2026-03-05T16:35:00,12.864142,76.041424,23,MOVING,MAN-000292
TEL-00005005,VEH-0048,2026-03-05T16:40:00,12.862515,76.043309,0,STOPPED,MAN-000292
TEL-00005006,VEH-0048,2026-03-05T16:59:00,12.911324,76.001757,33,MOVING,MAN-000292
TEL-00005007,VEH-0048,2026-03-05T17:15:00,12.960961,75.963589,26,MOVING,MAN-000292
TEL-00005008,VEH-0048,2026-03-05T17:30:00,13.008525,75.921453,0,STOPPED,MAN-000292
TEL-00005009,VEH-0048,2026-03-05T17:47:00,13.007746,75.920717,33,MOVING,MAN-000292
TEL-00005010,VEH-0048,2026-03-05T18:03:00,13.007369,75.921493,24,MOVING,MAN-000292
TEL-00005011,VEH-0048,2026-03-05T18:18:00,13.008525,75.921453,0,STOPPED,MAN-000292
TEL-00005012,VEH-0048,2026-03-05T18:41:00,12.938543,75.968371,35,MOVING,MAN-000292
TEL-00005013,VEH-0048,2026-03-05T18:58:00,12.869315,76.017271,32,MOVING,MAN-000292
TEL-00005014,VEH-0048,2026-03-05T19:21:00,12.797317,76.064379,0,STOPPED,MAN-000292
TEL-00005015,VEH-0048,2026-03-05T19:43:00,12.795515,76.063592,24,MOVING,MAN-000292
TEL-00005016,VEH-0048,2026-03-05T20:01:00,12.7988,76.065479,37,MOVING,MAN-000292
TEL-00005017,VEH-0048,2026-03-05T20:23:00,12.797317,76.064379,0,STOPPED,MAN-000292
TEL-00005018,VEH-0048,2026-03-05T20:33:00,12.797317,76.064379,0,DELIVERED,MAN-000292
TEL-00005019,VEH-0049,2026-03-05T12:00:00,13.685515,75.821393,0,IDLE,MAN-000293
TEL-00005020,VEH-0049,2026-03-05T12:14:00,13.688795,75.880849,18,MOVING,MAN-000293
TEL-00005021,VEH-0049,2026-03-05T12:31:00,13.690987,75.938501,18,MOVING,MAN-000293
TEL-00005022,VEH-0049,2026-03-05T12:42:00,13.692275,75.998079,0,STOPPED,MAN-000293
TEL-00005023,VEH-0049,2026-03-05T12:59:00,13.691816,75.998596,29,MOVING,MAN-000293
TEL-00005024,VEH-0049,2026-03-05T13:14:00,13.691722,75.996711,25,MOVING,MAN-000293
TEL-00005025,VEH-0049,2026-03-05T13:25:00,13.692275,75.998079,0,STOPPED,MAN-000293
TEL-00005026,VEH-0049,2026-03-05T13:49:00,13.744492,75.917463,25,MOVING,MAN-000293
TEL-00005027,VEH-0049,2026-03-05T14:15:00,13.795884,75.833768,30,MOVING,MAN-000293
TEL-00005028,VEH-0049,2026-03-05T14:34:00,13.850042,75.752583,0,STOPPED,MAN-000293
TEL-00005029,VEH-0049,2026-03-05T15:02:00,13.849105,75.754459,25,MOVING,MAN-000293
TEL-00005030,VEH-0049,2026-03-05T15:25:00,13.850619,75.752935,27,MOVING,MAN-000293
TEL-00005031,VEH-0049,2026-03-05T15:43:00,13.850042,75.752583,0,STOPPED,MAN-000293
TEL-00005032,VEH-0049,2026-03-05T16:16:00,13.739703,75.797953,27,MOVING,MAN-000293
TEL-00005033,VEH-0049,2026-03-05T16:40:00,13.629139,75.844809,27,MOVING,MAN-000293
TEL-00005034,VEH-0049,2026-03-05T17:09:00,13.520238,75.889353,0,STOPPED,MAN-000293
TEL-00005035,VEH-0049,2026-03-05T17:37:00,13.519755,75.88832,27,MOVING,MAN-000293
TEL-00005036,VEH-0049,2026-03-05T18:08:00,13.519575,75.887373,21,MOVING,MAN-000293
TEL-00005037,VEH-0049,2026-03-05T18:40:00,13.520238,75.889353,0,STOPPED,MAN-000293
TEL-00005038,VEH-0049,2026-03-05T19:00:00,13.589392,75.907816,22,MOVING,MAN-000293
TEL-00005039,VEH-0049,2026-03-05T19:20:00,13.663905,75.923202,32,MOVING,MAN-000293
TEL-00005040,VEH-0049,2026-03-05T19:33:00,13.733576,75.940107,0,STOPPED,MAN-000293
TEL-00005041,VEH-0049,2026-03-05T19:50:00,13.734539,75.938783,24,MOVING,MAN-000293
TEL-00005042,VEH-0049,2026-03-05T20:13:00,13.733267,75.940837,22,MOVING,MAN-000293
TEL-00005043,VEH-0049,2026-03-05T20:31:00,13.733576,75.940107,0,STOPPED,MAN-000293
TEL-00005044,VEH-0049,2026-03-05T20:34:00,13.741767,75.951165,19,MOVING,MAN-000293
TEL-00005045,VEH-0049,2026-03-05T20:37:00,13.750827,75.965291,23,MOVING,MAN-000293
TEL-00005046,VEH-0049,2026-03-05T20:43:00,13.757596,75.977577,0,STOPPED,MAN-000293
TEL-00005047,VEH-0049,2026-03-05T20:46:00,13.756219,75.978448,36,MOVING,MAN-000293
TEL-00005048,VEH-0049,2026-03-05T20:53:00,13.756695,75.977309,18,MOVING,MAN-000293
TEL-00005049,VEH-0049,2026-03-05T20:57:00,13.757596,75.977577,0,STOPPED,MAN-000293
TEL-00005050,VEH-0049,2026-03-05T21:08:00,13.789391,75.945379,37,MOVING,MAN-000293
TEL-00005051,VEH-0049,2026-03-05T21:18:00,13.819146,75.914067,28,MOVING,MAN-000293
TEL-00005052,VEH-0049,2026-03-05T21:29:00,13.850201,75.884766,0,STOPPED,MAN-000293
TEL-00005053,VEH-0049,2026-03-05T21:41:00,13.849527,75.883292,19,MOVING,MAN-000293
TEL-00005054,VEH-0049,2026-03-05T21:54:00,13.849361,75.884103,20,MOVING,MAN-000293
TEL-00005055,VEH-0049,2026-03-05T22:01:00,13.850201,75.884766,0,STOPPED,MAN-000293
TEL-00005056,VEH-0049,2026-03-05T22:11:00,13.850201,75.884766,0,DELIVERED,MAN-000293
TEL-00005057,VEH-0024,2026-03-05T12:00:00,13.685515,75.821393,0,IDLE,MAN-000295
TEL-00005058,VEH-0024,2026-03-05T12:09:00,13.692812,75.786033,36,MOVING,MAN-000295
TEL-00005059,VEH-0024,2026-03-05T12:20:00,13.697415,75.750057,20,MOVING,MAN-000295
TEL-00005060,VEH-0024,2026-03-05T12:26:00,13.703524,75.716019,0,STOPPED,MAN-000295
TEL-00005061,VEH-0024,2026-03-05T12:36:00,13.702883,75.714558,33,MOVING,MAN-000295
TEL-00005062,VEH-0024,2026-03-05T12:43:00,13.703146,75.716473,23,MOVING,MAN-000295
TEL-00005063,VEH-0024,2026-03-05T12:51:00,13.703524,75.716019,0,STOPPED,MAN-000295
TEL-00005064,VEH-0024,2026-03-05T13:11:00,13.683689,75.783912,27,MOVING,MAN-000295
TEL-00005065,VEH-0024,2026-03-05T13:25:00,13.668253,75.854349,25,MOVING,MAN-000295
TEL-00005066,VEH-0024,2026-03-05T13:46:00,13.647769,75.925108,0,STOPPED,MAN-000295
TEL-00005067,VEH-0024,2026-03-05T14:05:00,13.648559,75.924682,31,MOVING,MAN-000295
TEL-00005068,VEH-0024,2026-03-05T14:21:00,13.649608,75.923306,30,MOVING,MAN-000295
TEL-00005069,VEH-0024,2026-03-05T14:42:00,13.647769,75.925108,0,STOPPED,MAN-000295
TEL-00005070,VEH-0024,2026-03-05T14:57:00,13.698342,75.940264,27,MOVING,MAN-000295
TEL-00005071,VEH-0024,2026-03-05T15:10:00,13.752855,75.951384,35,MOVING,MAN-000295
TEL-00005072,VEH-0024,2026-03-05T15:26:00,13.804879,75.967329,0,STOPPED,MAN-000295
TEL-00005073,VEH-0024,2026-03-05T15:42:00,13.804775,75.968657,32,MOVING,MAN-000295
TEL-00005074,VEH-0024,2026-03-05T15:56:00,13.803916,75.969153,32,MOVING,MAN-000295
TEL-00005075,VEH-0024,2026-03-05T16:09:00,13.804879,75.967329,0,STOPPED,MAN-000295
TEL-00005076,VEH-0024,2026-03-05T16:40:00,13.779844,75.858024,31,MOVING,MAN-000295
TEL-00005077,VEH-0024,2026-03-05T17:05:00,13.751106,75.750024,30,MOVING,MAN-000295
TEL-00005078,VEH-0024,2026-03-05T17:32:00,13.724589,75.641912,0,STOPPED,MAN-000295
TEL-00005079,VEH-0024,2026-03-05T18:02:00,13.723908,75.641002,29,MOVING,MAN-000295
TEL-00005080,VEH-0024,2026-03-05T18:24:00,13.724431,75.641439,26,MOVING,MAN-000295
TEL-00005081,VEH-0024,2026-03-05T18:56:00,13.724589,75.641912,0,STOPPED,MAN-000295
TEL-00005082,VEH-0024,2026-03-05T19:06:00,13.763205,75.661684,32,MOVING,MAN-000295
TEL-00005083,VEH-0024,2026-03-05T19:18:00,13.79904,75.683703,22,MOVING,MAN-000295
TEL-00005084,VEH-0024,2026-03-05T19:29:00,13.834976,75.702197,0,STOPPED,MAN-000295
TEL-00005085,VEH-0024,2026-03-05T19:41:00,13.835814,75.700582,18,MOVING,MAN-000295
TEL-00005086,VEH-0024,2026-03-05T19:51:00,13.833586,75.704167,18,MOVING,MAN-000295
TEL-00005087,VEH-0024,2026-03-05T20:03:00,13.834976,75.702197,0,STOPPED,MAN-000295
TEL-00005088,VEH-0024,2026-03-05T20:29:00,13.750308,75.751637,28,MOVING,MAN-000295
TEL-00005089,VEH-0024,2026-03-05T20:55:00,13.664837,75.802092,30,MOVING,MAN-000295
TEL-00005090,VEH-0024,2026-03-05T21:19:00,13.580672,75.851626,0,STOPPED,MAN-000295
TEL-00005091,VEH-0024,2026-03-05T21:47:00,13.579021,75.852303,27,MOVING,MAN-000295
TEL-00005092,VEH-0024,2026-03-05T22:06:00,13.580751,75.850292,19,MOVING,MAN-000295
TEL-00005093,VEH-0024,2026-03-05T22:31:00,13.580672,75.851626,0,STOPPED,MAN-000295
TEL-00005094,VEH-0024,2026-03-05T22:41:00,13.580672,75.851626,0,DELIVERED,MAN-000295
TEL-00005095,VEH-0100,2026-03-05T12:00:00,13.020592,77.644435,0,IDLE,MAN-000297
TEL-00005096,VEH-0100,2026-03-05T12:16:00,13.02089,77.599281,21,MOVING,MAN-000297
TEL-00005097,VEH-0100,2026-03-05T12:27:00,13.022631,77.54908,28,MOVING,MAN-000297
TEL-00005098,VEH-0100,2026-03-05T12:33:00,13.021112,77.503125,0,STOPPED,MAN-000297
TEL-00005099,VEH-0100,2026-03-05T12:48:00,13.020726,77.504971,22,MOVING,MAN-000297
TEL-00005100,VEH-0100,2026-03-05T12:58:00,13.02085,77.501225,27,MOVING,MAN-000297
TEL-00005101,VEH-0100,2026-03-05T13:09:00,13.021112,77.503125,0,STOPPED,MAN-000297
TEL-00005102,VEH-0100,2026-03-05T13:20:00,12.975953,77.497646,22,MOVING,MAN-000297
TEL-00005103,VEH-0100,2026-03-05T13:33:00,12.928477,77.49098,21,MOVING,MAN-000297
TEL-00005104,VEH-0100,2026-03-05T13:46:00,12.880986,77.482765,0,STOPPED,MAN-000297
TEL-00005105,VEH-0100,2026-03-05T13:58:00,12.880288,77.482868,37,MOVING,MAN-000297
TEL-00005106,VEH-0100,2026-03-05T14:09:00,12.879877,77.48393,20,MOVING,MAN-000297
TEL-00005107,VEH-0100,2026-03-05T14:25:00,12.880986,77.482765,0,STOPPED,MAN-000297
TEL-00005108,VEH-0100,2026-03-05T14:56:00,12.929025,77.590774,31,MOVING,MAN-000297
TEL-00005109,VEH-0100,2026-03-05T15:26:00,12.97744,77.701877,31,MOVING,MAN-000297
TEL-00005110,VEH-0100,2026-03-05T15:50:00,13.025569,77.810208,0,STOPPED,MAN-000297
TEL-00005111,VEH-0100,2026-03-05T16:23:00,13.024438,77.810234,30,MOVING,MAN-000297
TEL-00005112,VEH-0100,2026-03-05T16:47:00,13.027183,77.809479,25,MOVING,MAN-000297
TEL-00005113,VEH-0100,2026-03-05T17:20:00,13.025569,77.810208,0,STOPPED,MAN-000297
TEL-00005114,VEH-0100,2026-03-05T17:50:00,13.069111,77.707874,30,MOVING,MAN-000297
TEL-00005115,VEH-0100,2026-03-05T18:16:00,13.112544,77.609914,32,MOVING,MAN-000297
TEL-00005116,VEH-0100,2026-03-05T18:42:00,13.155987,77.507277,0,STOPPED,MAN-000297
TEL-00005117,VEH-0100,2026-03-05T19:11:00,13.157845,77.506792,37,MOVING,MAN-000297
TEL-00005118,VEH-0100,2026-03-05T19:36:00,13.156345,77.505623,30,MOVING,MAN-000297
TEL-00005119,VEH-0100,2026-03-05T20:03:00,13.155987,77.507277,0,STOPPED,MAN-000297
TEL-00005120,VEH-0100,2026-03-05T20:27:00,13.063928,77.536707,36,MOVING,MAN-000297
TEL-00005121,VEH-0100,2026-03-05T20:49:00,12.972063,77.561297,22,MOVING,MAN-000297
TEL-00005122,VEH-0100,2026-03-05T21:17:00,12.880108,77.590886,0,STOPPED,MAN-000297
TEL-00005123,VEH-0100,2026-03-05T21:44:00,12.879182,77.589599,28,MOVING,MAN-000297
TEL-00005124,VEH-0100,2026-03-05T22:04:00,12.881225,77.592721,28,MOVING,MAN-000297
TEL-00005125,VEH-0100,2026-03-05T22:30:00,12.880108,77.590886,0,STOPPED,MAN-000297
TEL-00005126,VEH-0100,2026-03-05T22:48:00,12.927156,77.63316,35,MOVING,MAN-000297
TEL-00005127,VEH-0100,2026-03-05T23:05:00,12.973632,77.675628,32,MOVING,MAN-000297
TEL-00005128,VEH-0100,2026-03-05T23:20:00,13.01763,77.719348,0,STOPPED,MAN-000297
TEL-00005129,VEH-0100,2026-03-05T23:35:00,13.015689,77.721126,33,MOVING,MAN-000297
TEL-00005130,VEH-0100,2026-03-05T23:52:00,13.016441,77.718253,20,MOVING,MAN-000297
TEL-00005131,VEH-0100,2026-03-06T00:05:00,13.01763,77.719348,0,STOPPED,MAN-000297
TEL-00005132,VEH-0100,2026-03-06T00:15:00,13.01763,77.719348,0,DELIVERED,MAN-000297
TEL-00005133,VEH-0100,2026-03-05T12:00:00,13.020592,77.644435,0,IDLE,MAN-000299
TEL-00005134,VEH-0100,2026-03-05T12:04:00,13.02133,77.645229,36,MOVING,MAN-000299
TEL-00005135,VEH-0100,2026-03-05T12:05:00,13.020198,77.651189,26,MOVING,MAN-000299
TEL-00005136,VEH-0100,2026-03-05T12:04:00,13.018978,77.652775,0,STOPPED,MAN-000299
TEL-00005137,VEH-0100,2026-03-05T12:08:00,13.020061,77.652636,22,MOVING,MAN-000299
TEL-00005138,VEH-0100,2026-03-05T12:10:00,13.018571,77.652261,18,MOVING,MAN-000299
TEL-00005139,VEH-0100,2026-03-05T12:11:00,13.018978,77.652775,0,STOPPED,MAN-000299
TEL-00005140,VEH-0100,2026-03-05T12:21:00,12.99367,77.657488,23,MOVING,MAN-000299
TEL-00005141,VEH-0100,2026-03-05T12:28:00,12.970344,77.656647,32,MOVING,MAN-000299
TEL-00005142,VEH-0100,2026-03-05T12:29:00,12.943868,77.660963,0,STOPPED,MAN-000299
TEL-00005143,VEH-0100,2026-03-05T12:35:00,12.944332,77.661804,28,MOVING,MAN-000299
TEL-00005144,VEH-0100,2026-03-05T12:45:00,12.943738,77.6628,19,MOVING,MAN-000299
TEL-00005145,VEH-0100,2026-03-05T12:51:00,12.943868,77.660963,0,STOPPED,MAN-000299
TEL-00005146,VEH-0100,2026-03-05T13:09:00,13.018624,77.662381,23,MOVING,MAN-000299
TEL-00005147,VEH-0100,2026-03-05T13:31:00,13.092813,77.659655,19,MOVING,MAN-000299
TEL-00005148,VEH-0100,2026-03-05T13:47:00,13.167455,77.660256,0,STOPPED,MAN-000299
TEL-00005149,VEH-0100,2026-03-05T14:08:00,13.16747,77.658751,37,MOVING,MAN-000299
TEL-00005150,VEH-0100,2026-03-05T14:25:00,13.165547,77.660215,29,MOVING,MAN-000299
TEL-00005151,VEH-0100,2026-03-05T14:45:00,13.167455,77.660256,0,STOPPED,MAN-000299
TEL-00005152,VEH-0100,2026-03-05T15:06:00,13.100982,77.665535,31,MOVING,MAN-000299
TEL-00005153,VEH-0100,2026-03-05T15:18:00,13.035577,77.673698,31,MOVING,MAN-000299
TEL-00005154,VEH-0100,2026-03-05T15:37:00,12.967789,77.680648,0,STOPPED,MAN-000299
TEL-00005155,VEH-0100,2026-03-05T15:57:00,12.969217,77.679785,37,MOVING,MAN-000299
TEL-00005156,VEH-0100,2026-03-05T16:13:00,12.967617,77.681462,28,MOVING,MAN-000299
TEL-00005157,VEH-0100,2026-03-05T16:28:00,12.967789,77.680648,0,STOPPED,MAN-000299
TEL-00005158,VEH-0100,2026-03-05T16:31:00,12.970616,77.689057,29,MOVING,MAN-000299
TEL-00005159,VEH-0100,2026-03-05T16:36:00,12.973833,77.694218,33,MOVING,MAN-000299
TEL-00005160,VEH-0100,2026-03-05T16:35:00,12.974714,77.70278,0,STOPPED,MAN-000299
TEL-00005161,VEH-0100,2026-03-05T16:38:00,12.976458,77.703425,24,MOVING,MAN-000299
TEL-00005162,VEH-0100,2026-03-05T16:42:00,12.974919,77.702605,29,MOVING,MAN-000299
TEL-00005163,VEH-0100,2026-03-05T16:42:00,12.974714,77.70278,0,STOPPED,MAN-000299
TEL-00005164,VEH-0100,2026-03-05T16:50:00,12.954708,77.723249,18,MOVING,MAN-000299
TEL-00005165,VEH-0100,2026-03-05T16:56:00,12.938627,77.745269,35,MOVING,MAN-000299
TEL-00005166,VEH-0100,2026-03-05T17:06:00,12.917704,77.765902,0,STOPPED,MAN-000299
TEL-00005167,VEH-0100,2026-03-05T17:15:00,12.917165,77.76675,34,MOVING,MAN-000299
TEL-00005168,VEH-0100,2026-03-05T17:19:00,12.916111,77.765755,26,MOVING,MAN-000299
TEL-00005169,VEH-0100,2026-03-05T17:28:00,12.917704,77.765902,0,STOPPED,MAN-000299
TEL-00005170,VEH-0100,2026-03-05T17:38:00,12.917704,77.765902,0,DELIVERED,MAN-000299
