route_id,manifest_id,vehicle_id,warehouse_id,stop_sequence,fps_id,latitude,longitude,distance_from_previous_km,eta_minutes,route_status
RT-0000001,MAN-000001,VEH-0101,WH-001,1,FPS-0401,13.154594,77.580855,23.79,52,PLANNED
RT-0000002,MAN-000001,VEH-0101,WH-001,1,FPS-0401,13.154594,77.580855,23.79,52,PLANNED
RT-0000003,MAN-000001,VEH-0101,WH-001,2,FPS-0576,13.395476,77.847148,39.34,86,PLANNED
RT-0000004,MAN-000001,VEH-0101,WH-001,2,FPS-0576,13.395476,77.847148,39.34,86,PLANNED
RT-0000005,MAN-000001,VEH-0101,WH-001,3,FPS-0026,13.227358,77.885902,19.16,42,PLANNED
RT-0000006,MAN-000001,VEH-0101,WH-001,3,FPS-0026,13.227358,77.885902,19.16,42,PLANNED
RT-0000007,MAN-000001,VEH-0101,WH-001,4,FPS-0476,13.29692,77.78069,13.77,30,PLANNED
RT-0000008,MAN-000001,VEH-0101,WH-001,4,FPS-0476,13.29692,77.78069,13.77,30,PLANNED
RT-0000009,MAN-000001,VEH-0101,WH-001,5,FPS-0501,13.136688,77.601702,26.32,57,PLANNED
RT-0000010,MAN-000001,VEH-0101,WH-001,5,FPS-0501,13.136688,77.601702,26.32,57,PLANNED
RT-0000011,MAN-000001,VEH-0101,WH-001,6,FPS-0376,13.113907,77.735482,14.71,32,PLANNED
RT-0000012,MAN-000001,VEH-0101,WH-001,6,FPS-0376,13.113907,77.735482,14.71,32,PLANNED
RT-0000013,MAN-000002,VEH-0101,WH-001,1,FPS-0526,13.176326,77.907343,19.59,43,PLANNED
RT-0000014,MAN-000002,VEH-0101,WH-001,1,FPS-0526,13.176326,77.907343,19.59,43,PLANNED
RT-0000015,MAN-000002,VEH-0101,WH-001,2,FPS-0251,13.457837,77.732198,36.59,80,PLANNED
RT-0000016,MAN-000002,VEH-0101,WH-001,2,FPS-0251,13.457837,77.732198,36.59,80,PLANNED
RT-0000017,MAN-000002,VEH-0101,WH-001,3,FPS-0301,13.291689,77.785895,19.37,42,PLANNED
RT-0000018,MAN-000002,VEH-0101,WH-001,3,FPS-0301,13.291689,77.785895,19.37,42,PLANNED
RT-0000019,MAN-000002,VEH-0101,WH-001,4,FPS-0226,13.234872,77.861664,10.35,22,PLANNED
RT-0000020,MAN-000002,VEH-0101,WH-001,4,FPS-0226,13.234872,77.861664,10.35,22,PLANNED
RT-0000021,MAN-000002,VEH-0101,WH-001,5,FPS-0551,13.129951,77.642695,26.42,58,PLANNED
RT-0000022,MAN-000002,VEH-0101,WH-001,5,FPS-0551,13.129951,77.642695,26.42,58,PLANNED
RT-0000023,MAN-000002,VEH-0101,WH-001,6,FPS-0051,13.299143,77.915673,35.03,77,PLANNED
RT-0000024,MAN-000002,VEH-0101,WH-001,6,FPS-0051,13.299143,77.915673,35.03,77,PLANNED
RT-0000025,MAN-000003,VEH-0101,WH-001,1,FPS-0126,13.128155,77.587492,25.07,55,PLANNED
RT-0000026,MAN-000003,VEH-0101,WH-001,1,FPS-0126,13.128155,77.587492,25.07,55,PLANNED
RT-0000027,MAN-000003,VEH-0101,WH-001,2,FPS-0201,13.408913,77.80074,38.82,85,PLANNED
RT-0000028,MAN-000003,VEH-0101,WH-001,2,FPS-0201,13.408913,77.80074,38.82,85,PLANNED
RT-0000029,MAN-000003,VEH-0101,WH-001,3,FPS-0426,13.413368,77.820393,2.18,4,PLANNED
RT-0000030,MAN-000003,VEH-0101,WH-001,3,FPS-0426,13.413368,77.820393,2.18,4,PLANNED
RT-0000031,MAN-000003,VEH-0101,WH-001,4,FPS-0151,13.151598,77.764509,29.73,65,PLANNED
RT-0000032,MAN-000003,VEH-0101,WH-001,4,FPS-0151,13.151598,77.764509,29.73,65,PLANNED
RT-0000033,MAN-000003,VEH-0101,WH-001,5,FPS-0101,13.29748,77.778821,16.3,35,PLANNED
RT-0000034,MAN-000003,VEH-0101,WH-001,5,FPS-0101,13.29748,77.778821,16.3,35,PLANNED
RT-0000035,MAN-000003,VEH-0101,WH-001,6,FPS-0276,13.102801,77.861035,23.41,51,PLANNED
RT-0000036,MAN-000003,VEH-0101,WH-001,6,FPS-0276,13.102801,77.861035,23.41,51,PLANNED
RT-0000037,MAN-000004,VEH-0051,WH-001,1,FPS-0351,13.145037,77.928976,23.57,51,DRAFT
RT-0000038,MAN-000004,VEH-0051,WH-001,1,FPS-0351,13.145037,77.928976,23.57,51,DRAFT
RT-0000039,MAN-000004,VEH-0051,WH-001,2,FPS-0076,13.420928,77.733705,37.25,81,DRAFT
RT-0000040,MAN-000004,VEH-0051,WH-001,2,FPS-0076,13.420928,77.733705,37.25,81,DRAFT
RT-0000041,MAN-000004,VEH-0051,WH-001,3,FPS-0176,13.310423,77.852706,17.8,39,DRAFT
RT-0000042,MAN-000004,VEH-0051,WH-001,3,FPS-0176,13.310423,77.852706,17.8,39,DRAFT
RT-0000043,MAN-000004,VEH-0051,WH-001,4,FPS-0001,13.324897,77.887401,4.08,8,DRAFT
RT-0000044,MAN-000004,VEH-0051,WH-001,4,FPS-0001,13.324897,77.887401,4.08,8,DRAFT
RT-0000045,MAN-000004,VEH-0051,WH-001,5,FPS-0326,13.17759,77.86355,16.58,36,DRAFT
RT-0000046,MAN-000004,VEH-0051,WH-001,5,FPS-0326,13.17759,77.86355,16.58,36,DRAFT
RT-0000047,MAN-000004,VEH-0051,WH-001,6,FPS-0451,13.125661,77.624954,26.47,58,DRAFT
RT-0000048,MAN-000004,VEH-0051,WH-001,6,FPS-0451,13.125661,77.624954,26.47,58,DRAFT
RT-0000049,MAN-000005,VEH-0002,WH-002,1,FPS-0052,11.951184,76.620292,17.91,39,PLANNED
RT-0000050,MAN-000005,VEH-0002,WH-002,1,FPS-0052,11.951184,76.620292,17.91,39,PLANNED
RT-0000051,MAN-000005,VEH-0002,WH-002,2,FPS-0527,12.222885,76.501199,32.87,72,PLANNED
RT-0000052,MAN-000005,VEH-0002,WH-002,2,FPS-0527,12.222885,76.501199,32.87,72,PLANNED
RT-0000053,MAN-000005,VEH-0002,WH-002,3,FPS-0202,12.026111,76.590971,23.96,52,PLANNED
RT-0000054,MAN-000005,VEH-0002,WH-002,3,FPS-0202,12.026111,76.590971,23.96,52,PLANNED
RT-0000055,MAN-000005,VEH-0002,WH-002,4,FPS-0502,12.244607,76.508871,25.88,56,PLANNED
RT-0000056,MAN-000005,VEH-0002,WH-002,4,FPS-0502,12.244607,76.508871,25.88,56,PLANNED
RT-0000057,MAN-000005,VEH-0002,WH-002,5,FPS-0177,12.261356,76.62791,13.07,28,PLANNED
RT-0000058,MAN-000005,VEH-0002,WH-002,5,FPS-0177,12.261356,76.62791,13.07,28,PLANNED
RT-0000059,MAN-000005,VEH-0002,WH-002,6,FPS-0327,12.067484,76.684396,22.41,49,PLANNED
RT-0000060,MAN-000005,VEH-0002,WH-002,6,FPS-0327,12.067484,76.684396,22.41,49,PLANNED
RT-0000061,MAN-000006,VEH-0077,WH-002,1,FPS-0427,12.167961,76.722494,13.75,30,PLANNED
RT-0000062,MAN-000006,VEH-0077,WH-002,1,FPS-0427,12.167961,76.722494,13.75,30,PLANNED
RT-0000063,MAN-000006,VEH-0077,WH-002,2,FPS-0577,12.027927,76.714024,15.6,34,PLANNED
RT-0000064,MAN-000006,VEH-0077,WH-002,2,FPS-0577,12.027927,76.714024,15.6,34,PLANNED
RT-0000065,MAN-000006,VEH-0077,WH-002,3,FPS-0152,12.212922,76.468282,33.72,74,PLANNED
RT-0000066,MAN-000006,VEH-0077,WH-002,3,FPS-0152,12.212922,76.468282,33.72,74,PLANNED
RT-0000067,MAN-000006,VEH-0077,WH-002,4,FPS-0227,12.052485,76.633838,25.34,55,PLANNED
RT-0000068,MAN-000006,VEH-0077,WH-002,4,FPS-0227,12.052485,76.633838,25.34,55,PLANNED
RT-0000069,MAN-000006,VEH-0077,WH-002,5,FPS-0477,12.169732,76.524413,17.65,38,PLANNED
RT-0000070,MAN-000006,VEH-0077,WH-002,5,FPS-0477,12.169732,76.524413,17.65,38,PLANNED
RT-0000071,MAN-000006,VEH-0077,WH-002,6,FPS-0252,12.152537,76.638926,12.59,27,PLANNED
RT-0000072,MAN-000006,VEH-0077,WH-002,6,FPS-0252,12.152537,76.638926,12.59,27,PLANNED
RT-0000073,MAN-000007,VEH-0127,WH-002,1,FPS-0402,12.020309,76.636463,10.6,23,DRAFT
RT-0000074,MAN-000007,VEH-0127,WH-002,1,FPS-0402,12.020309,76.636463,10.6,23,DRAFT
RT-0000075,MAN-000007,VEH-0127,WH-002,2,FPS-0002,12.130101,76.464161,22.36,49,DRAFT
RT-0000076,MAN-000007,VEH-0127,WH-002,2,FPS-0002,12.130101,76.464161,22.36,49,DRAFT
RT-0000077,MAN-000007,VEH-0127,WH-002,3,FPS-0377,12.210284,76.652631,22.34,49,DRAFT
RT-0000078,MAN-000007,VEH-0127,WH-002,3,FPS-0377,12.210284,76.652631,22.34,49,DRAFT
RT-0000079,MAN-000007,VEH-0127,WH-002,4,FPS-0352,12.110416,76.572282,14.13,31,DRAFT
RT-0000080,MAN-000007,VEH-0127,WH-002,4,FPS-0352,12.110416,76.572282,14.13,31,DRAFT
RT-0000081,MAN-000007,VEH-0127,WH-002,5,FPS-0027,12.203743,76.742832,21.25,46,DRAFT
RT-0000082,MAN-000007,VEH-0127,WH-002,5,FPS-0027,12.203743,76.742832,21.25,46,DRAFT
RT-0000083,MAN-000007,VEH-0127,WH-002,6,FPS-0127,12.070386,76.482706,31.93,70,DRAFT
RT-0000084,MAN-000007,VEH-0127,WH-002,6,FPS-0127,12.070386,76.482706,31.93,70,DRAFT
RT-0000085,MAN-000008,VEH-0002,WH-002,1,FPS-0102,12.25058,76.480988,20.82,45,PLANNED
RT-0000086,MAN-000008,VEH-0002,WH-002,1,FPS-0102,12.25058,76.480988,20.82,45,PLANNED
RT-0000087,MAN-000008,VEH-0002,WH-002,2,FPS-0277,12.234343,76.645853,18.01,39,PLANNED
RT-0000088,MAN-000008,VEH-0002,WH-002,2,FPS-0277,12.234343,76.645853,18.01,39,PLANNED
RT-0000089,MAN-000008,VEH-0002,WH-002,3,FPS-0552,11.983831,76.536295,30.3,66,PLANNED
RT-0000090,MAN-000008,VEH-0002,WH-002,3,FPS-0552,11.983831,76.536295,30.3,66,PLANNED
RT-0000091,MAN-000008,VEH-0002,WH-002,4,FPS-0077,11.947305,76.45004,10.22,22,PLANNED
RT-0000092,MAN-000008,VEH-0002,WH-002,4,FPS-0077,11.947305,76.45004,10.22,22,PLANNED
RT-0000093,MAN-000008,VEH-0002,WH-002,5,FPS-0302,12.193984,76.550132,29.51,64,PLANNED
RT-0000094,MAN-000008,VEH-0002,WH-002,5,FPS-0302,12.193984,76.550132,29.51,64,PLANNED
RT-0000095,MAN-000008,VEH-0002,WH-002,6,FPS-0452,12.194421,76.433211,12.71,27,PLANNED
RT-0000096,MAN-000008,VEH-0002,WH-002,6,FPS-0452,12.194421,76.433211,12.71,27,PLANNED
RT-0000097,MAN-000009,VEH-0078,WH-003,1,FPS-0403,13.279713,76.883791,4.76,10,PLANNED
RT-0000098,MAN-000009,VEH-0078,WH-003,1,FPS-0403,13.279713,76.883791,4.76,10,PLANNED
RT-0000099,MAN-000009,VEH-0078,WH-003,2,FPS-0478,13.345301,76.94658,9.97,21,PLANNED
RT-0000100,MAN-000009,VEH-0078,WH-003,2,FPS-0478,13.345301,76.94658,9.97,21,PLANNED
RT-0000101,MAN-000009,VEH-0078,WH-003,3,FPS-0003,13.395854,76.927554,5.99,13,PLANNED
RT-0000102,MAN-000009,VEH-0078,WH-003,3,FPS-0003,13.395854,76.927554,5.99,13,PLANNED
RT-0000103,MAN-000009,VEH-0078,WH-003,4,FPS-0528,13.302632,76.831589,14.67,32,PLANNED
RT-0000104,MAN-000009,VEH-0078,WH-003,4,FPS-0528,13.302632,76.831589,14.67,32,PLANNED
RT-0000105,MAN-000009,VEH-0078,WH-003,5,FPS-0078,13.418285,76.964807,19.32,42,PLANNED
RT-0000106,MAN-000009,VEH-0078,WH-003,5,FPS-0078,13.418285,76.964807,19.32,42,PLANNED
RT-0000107,MAN-000009,VEH-0078,WH-003,6,FPS-0128,13.235026,76.746995,31.16,68,PLANNED
RT-0000108,MAN-000009,VEH-0078,WH-003,6,FPS-0128,13.235026,76.746995,31.16,68,PLANNED
RT-0000109,MAN-000010,VEH-0128,WH-003,1,FPS-0553,13.374277,76.781972,14.46,31,PLANNED
RT-0000110,MAN-000010,VEH-0128,WH-003,1,FPS-0553,13.374277,76.781972,14.46,31,PLANNED
RT-0000111,MAN-000010,VEH-0128,WH-003,2,FPS-0378,13.37205,76.954128,18.63,40,PLANNED
RT-0000112,MAN-000010,VEH-0128,WH-003,2,FPS-0378,13.37205,76.954128,18.63,40,PLANNED
RT-0000113,MAN-000010,VEH-0128,WH-003,3,FPS-0278,13.283478,76.922824,10.41,22,PLANNED
RT-0000114,MAN-000010,VEH-0128,WH-003,3,FPS-0278,13.283478,76.922824,10.41,22,PLANNED
RT-0000115,MAN-000010,VEH-0128,WH-003,4,FPS-0253,13.267826,76.957885,4.17,9,PLANNED
RT-0000116,MAN-000010,VEH-0128,WH-003,4,FPS-0253,13.267826,76.957885,4.17,9,PLANNED
RT-0000117,MAN-000010,VEH-0128,WH-003,5,FPS-0053,13.375308,76.884907,14.32,31,PLANNED
RT-0000118,MAN-000010,VEH-0128,WH-003,5,FPS-0053,13.375308,76.884907,14.32,31,PLANNED
RT-0000119,MAN-000010,VEH-0128,WH-003,6,FPS-0453,13.309301,76.904724,7.65,16,PLANNED
RT-0000120,MAN-000010,VEH-0128,WH-003,6,FPS-0453,13.309301,76.904724,7.65,16,PLANNED
RT-0000121,MAN-000011,VEH-0128,WH-003,1,FPS-0228,13.486669,76.966816,19.96,43,PLANNED
RT-0000122,MAN-000011,VEH-0128,WH-003,1,FPS-0228,13.486669,76.966816,19.96,43,PLANNED
RT-0000123,MAN-000011,VEH-0128,WH-003,2,FPS-0203,13.377194,76.737131,27.66,60,PLANNED
RT-0000124,MAN-000011,VEH-0128,WH-003,2,FPS-0203,13.377194,76.737131,27.66,60,PLANNED
RT-0000125,MAN-000011,VEH-0128,WH-003,3,FPS-0353,13.196502,76.988818,33.85,74,PLANNED
RT-0000126,MAN-000011,VEH-0128,WH-003,3,FPS-0353,13.196502,76.988818,33.85,74,PLANNED
RT-0000127,MAN-000011,VEH-0128,WH-003,4,FPS-0178,13.410077,77.046951,24.57,54,PLANNED
RT-0000128,MAN-000011,VEH-0128,WH-003,4,FPS-0178,13.410077,77.046951,24.57,54,PLANNED
RT-0000129,MAN-000011,VEH-0128,WH-003,5,FPS-0103,13.174595,77.022936,26.31,57,PLANNED
RT-0000130,MAN-000011,VEH-0128,WH-003,5,FPS-0103,13.174595,77.022936,26.31,57,PLANNED
RT-0000131,MAN-000011,VEH-0128,WH-003,6,FPS-0328,13.173659,76.968851,5.86,12,PLANNED
RT-0000132,MAN-000011,VEH-0128,WH-003,6,FPS-0328,13.173659,76.968851,5.86,12,PLANNED
RT-0000133,MAN-000012,VEH-0053,WH-003,1,FPS-0303,13.292211,76.915689,3.23,7,DRAFT
RT-0000134,MAN-000012,VEH-0053,WH-003,1,FPS-0303,13.292211,76.915689,3.23,7,DRAFT
RT-0000135,MAN-000012,VEH-0053,WH-003,2,FPS-0153,13.289502,76.989106,7.95,17,DRAFT
RT-0000136,MAN-000012,VEH-0053,WH-003,2,FPS-0153,13.289502,76.989106,7.95,17,DRAFT
RT-0000137,MAN-000012,VEH-0053,WH-003,3,FPS-0428,13.16838,77.040492,14.57,32,DRAFT
RT-0000138,MAN-000012,VEH-0053,WH-003,3,FPS-0428,13.16838,77.040492,14.57,32,DRAFT
RT-0000139,MAN-000012,VEH-0053,WH-003,4,FPS-0578,13.388219,76.744785,40.27,88,DRAFT
RT-0000140,MAN-000012,VEH-0053,WH-003,4,FPS-0578,13.388219,76.744785,40.27,88,DRAFT
RT-0000141,MAN-000012,VEH-0053,WH-003,5,FPS-0028,13.168105,77.072903,43.13,94,DRAFT
RT-0000142,MAN-000012,VEH-0053,WH-003,5,FPS-0028,13.168105,77.072903,43.13,94,DRAFT
RT-0000143,MAN-000012,VEH-0053,WH-003,6,FPS-0503,13.155418,76.896168,19.19,42,DRAFT
RT-0000144,MAN-000012,VEH-0053,WH-003,6,FPS-0503,13.155418,76.896168,19.19,42,DRAFT
RT-0000145,MAN-000013,VEH-0104,WH-004,1,FPS-0279,12.652298,76.892851,19.09,41,PLANNED
RT-0000146,MAN-000013,VEH-0104,WH-004,1,FPS-0279,12.652298,76.892851,19.09,41,PLANNED
RT-0000147,MAN-000013,VEH-0104,WH-004,2,FPS-0504,12.559751,76.863845,10.76,23,PLANNED
RT-0000148,MAN-000013,VEH-0104,WH-004,2,FPS-0504,12.559751,76.863845,10.76,23,PLANNED
RT-0000149,MAN-000013,VEH-0104,WH-004,3,FPS-0479,12.451308,76.731004,18.8,41,PLANNED
RT-0000150,MAN-000013,VEH-0104,WH-004,3,FPS-0479,12.451308,76.731004,18.8,41,PLANNED
RT-0000151,MAN-000013,VEH-0104,WH-004,4,FPS-0129,12.431362,76.904414,18.96,41,PLANNED
RT-0000152,MAN-000013,VEH-0104,WH-004,4,FPS-0129,12.431362,76.904414,18.96,41,PLANNED
RT-0000153,MAN-000013,VEH-0104,WH-004,5,FPS-0079,12.444037,76.802378,11.17,24,PLANNED
RT-0000154,MAN-000013,VEH-0104,WH-004,5,FPS-0079,12.444037,76.802378,11.17,24,PLANNED
RT-0000155,MAN-000013,VEH-0104,WH-004,6,FPS-0154,12.39983,76.734618,8.85,19,PLANNED
RT-0000156,MAN-000013,VEH-0104,WH-004,6,FPS-0154,12.39983,76.734618,8.85,19,PLANNED
RT-0000157,MAN-000014,VEH-0129,WH-004,1,FPS-0104,12.451835,76.716587,11.04,24,DRAFT
RT-0000158,MAN-000014,VEH-0129,WH-004,1,FPS-0104,12.451835,76.716587,11.04,24,DRAFT
RT-0000159,MAN-000014,VEH-0129,WH-004,2,FPS-0579,12.545473,76.92839,25.24,55,DRAFT
RT-0000160,MAN-000014,VEH-0129,WH-004,2,FPS-0579,12.545473,76.92839,25.24,55,DRAFT
RT-0000161,MAN-000014,VEH-0129,WH-004,3,FPS-0529,12.62002,76.976617,9.8,21,DRAFT
RT-0000162,MAN-000014,VEH-0129,WH-004,3,FPS-0529,12.62002,76.976617,9.8,21,DRAFT
RT-0000163,MAN-000014,VEH-0129,WH-004,4,FPS-0379,12.385105,76.758319,35.27,77,DRAFT
RT-0000164,MAN-000014,VEH-0129,WH-004,4,FPS-0379,12.385105,76.758319,35.27,77,DRAFT
RT-0000165,MAN-000014,VEH-0129,WH-004,5,FPS-0554,12.560305,76.856624,22.21,48,DRAFT
RT-0000166,MAN-000014,VEH-0129,WH-004,5,FPS-0554,12.560305,76.856624,22.21,48,DRAFT
RT-0000167,MAN-000014,VEH-0129,WH-004,6,FPS-0354,12.660191,76.631991,26.79,58,DRAFT
RT-0000168,MAN-000014,VEH-0129,WH-004,6,FPS-0354,12.660191,76.631991,26.79,58,DRAFT
RT-0000169,MAN-000015,VEH-0129,WH-004,1,FPS-0254,12.670306,76.803073,18.38,40,PLANNED
RT-0000170,MAN-000015,VEH-0129,WH-004,1,FPS-0254,12.670306,76.803073,18.38,40,PLANNED
RT-0000171,MAN-000015,VEH-0129,WH-004,2,FPS-0179,12.655854,76.909239,11.63,25,PLANNED
RT-0000172,MAN-000015,VEH-0129,WH-004,2,FPS-0179,12.655854,76.909239,11.63,25,PLANNED
RT-0000173,MAN-000015,VEH-0129,WH-004,3,FPS-0229,12.587087,76.842812,10.51,23,PLANNED
RT-0000174,MAN-000015,VEH-0129,WH-004,3,FPS-0229,12.587087,76.842812,10.51,23,PLANNED
RT-0000175,MAN-000015,VEH-0129,WH-004,4,FPS-0429,12.47573,76.774962,14.41,31,PLANNED
RT-0000176,MAN-000015,VEH-0129,WH-004,4,FPS-0429,12.47573,76.774962,14.41,31,PLANNED
RT-0000177,MAN-000015,VEH-0129,WH-004,5,FPS-0454,12.38026,76.635442,18.5,40,PLANNED
RT-0000178,MAN-000015,VEH-0129,WH-004,5,FPS-0454,12.38026,76.635442,18.5,40,PLANNED
RT-0000179,MAN-000015,VEH-0129,WH-004,6,FPS-0404,12.67463,76.769892,35.84,78,PLANNED
RT-0000180,MAN-000015,VEH-0129,WH-004,6,FPS-0404,12.67463,76.769892,35.84,78,PLANNED
RT-0000181,MAN-000016,VEH-0104,WH-004,1,FPS-0204,12.576922,76.636332,19.72,43,PLANNED
RT-0000182,MAN-000016,VEH-0104,WH-004,1,FPS-0204,12.576922,76.636332,19.72,43,PLANNED
RT-0000183,MAN-000016,VEH-0104,WH-004,2,FPS-0029,12.580035,76.886493,27.15,59,PLANNED
RT-0000184,MAN-000016,VEH-0104,WH-004,2,FPS-0029,12.580035,76.886493,27.15,59,PLANNED
RT-0000185,MAN-000016,VEH-0104,WH-004,3,FPS-0054,12.566547,76.696545,20.67,45,PLANNED
RT-0000186,MAN-000016,VEH-0104,WH-004,3,FPS-0054,12.566547,76.696545,20.67,45,PLANNED
RT-0000187,MAN-000016,VEH-0104,WH-004,4,FPS-0329,12.347132,76.934894,35.57,78,PLANNED
RT-0000188,MAN-000016,VEH-0104,WH-004,4,FPS-0329,12.347132,76.934894,35.57,78,PLANNED
RT-0000189,MAN-000016,VEH-0104,WH-004,5,FPS-0304,12.552161,76.981742,23.36,51,PLANNED
RT-0000190,MAN-000016,VEH-0104,WH-004,5,FPS-0304,12.552161,76.981742,23.36,51,PLANNED
RT-0000191,MAN-000016,VEH-0104,WH-004,6,FPS-0004,12.423851,76.793313,24.94,54,PLANNED
RT-0000192,MAN-000016,VEH-0104,WH-004,6,FPS-0004,12.423851,76.793313,24.94,54,PLANNED
RT-0000193,MAN-000017,VEH-0055,WH-005,1,FPS-0330,13.392411,76.196393,7.16,15,PLANNED
RT-0000194,MAN-000017,VEH-0055,WH-005,1,FPS-0330,13.392411,76.196393,7.16,15,PLANNED
RT-0000195,MAN-000017,VEH-0055,WH-005,2,FPS-0305,13.488492,76.393998,23.89,52,PLANNED
RT-0000196,MAN-000017,VEH-0055,WH-005,2,FPS-0305,13.488492,76.393998,23.89,52,PLANNED
RT-0000197,MAN-000017,VEH-0055,WH-005,3,FPS-0005,13.237108,76.220089,33.69,74,PLANNED
RT-0000198,MAN-000017,VEH-0055,WH-005,3,FPS-0005,13.237108,76.220089,33.69,74,PLANNED
RT-0000199,MAN-000017,VEH-0055,WH-005,4,FPS-0030,13.222006,76.069235,16.42,36,PLANNED
RT-0000200,MAN-000017,VEH-0055,WH-005,4,FPS-0030,13.222006,76.069235,16.42,36,PLANNED
RT-0000201,MAN-000017,VEH-0055,WH-005,5,FPS-0455,13.279023,76.121192,8.47,18,PLANNED
RT-0000202,MAN-000017,VEH-0055,WH-005,5,FPS-0455,13.279023,76.121192,8.47,18,PLANNED
RT-0000203,MAN-000017,VEH-0055,WH-005,6,FPS-0280,13.319746,76.224959,12.11,26,PLANNED
RT-0000204,MAN-000017,VEH-0055,WH-005,6,FPS-0280,13.319746,76.224959,12.11,26,PLANNED
RT-0000205,MAN-000018,VEH-0130,WH-005,1,FPS-0155,13.288476,76.381533,18.71,41,PLANNED
RT-0000206,MAN-000018,VEH-0130,WH-005,1,FPS-0155,13.288476,76.381533,18.71,41,PLANNED
RT-0000207,MAN-000018,VEH-0130,WH-005,2,FPS-0530,13.253705,76.389198,3.95,8,PLANNED
RT-0000208,MAN-000018,VEH-0130,WH-005,2,FPS-0530,13.253705,76.389198,3.95,8,PLANNED
RT-0000209,MAN-000018,VEH-0130,WH-005,3,FPS-0255,13.388102,76.039513,40.68,89,PLANNED
RT-0000210,MAN-000018,VEH-0130,WH-005,3,FPS-0255,13.388102,76.039513,40.68,89,PLANNED
RT-0000211,MAN-000018,VEH-0130,WH-005,4,FPS-0355,13.427937,76.175023,15.31,33,PLANNED
RT-0000212,MAN-000018,VEH-0130,WH-005,4,FPS-0355,13.427937,76.175023,15.31,33,PLANNED
RT-0000213,MAN-000018,VEH-0130,WH-005,5,FPS-0230,13.254926,76.036882,24.36,53,PLANNED
RT-0000214,MAN-000018,VEH-0130,WH-005,5,FPS-0230,13.254926,76.036882,24.36,53,PLANNED
RT-0000215,MAN-000018,VEH-0130,WH-005,6,FPS-0180,13.235743,76.19526,17.27,38,PLANNED
RT-0000216,MAN-000018,VEH-0130,WH-005,6,FPS-0180,13.235743,76.19526,17.27,38,PLANNED
RT-0000217,MAN-000019,VEH-0055,WH-005,1,FPS-0555,13.190211,76.353029,21.66,47,PLANNED
RT-0000218,MAN-000019,VEH-0055,WH-005,1,FPS-0555,13.190211,76.353029,21.66,47,PLANNED
RT-0000219,MAN-000019,VEH-0055,WH-005,2,FPS-0055,13.254,76.189834,19.04,41,PLANNED
RT-0000220,MAN-000019,VEH-0055,WH-005,2,FPS-0055,13.254,76.189834,19.04,41,PLANNED
RT-0000221,MAN-000019,VEH-0055,WH-005,3,FPS-0380,13.488831,76.299121,28.66,63,PLANNED
RT-0000222,MAN-000019,VEH-0055,WH-005,3,FPS-0380,13.488831,76.299121,28.66,63,PLANNED
RT-0000223,MAN-000019,VEH-0055,WH-005,4,FPS-0505,13.223445,76.305995,29.52,64,PLANNED
RT-0000224,MAN-000019,VEH-0055,WH-005,4,FPS-0505,13.223445,76.305995,29.52,64,PLANNED
RT-0000225,MAN-000019,VEH-0055,WH-005,5,FPS-0105,13.25214,76.270001,5.04,11,PLANNED
RT-0000226,MAN-000019,VEH-0055,WH-005,5,FPS-0105,13.25214,76.270001,5.04,11,PLANNED
RT-0000227,MAN-000019,VEH-0055,WH-005,6,FPS-0430,13.243469,76.083239,20.24,44,PLANNED
RT-0000228,MAN-000019,VEH-0055,WH-005,6,FPS-0430,13.243469,76.083239,20.24,44,PLANNED
RT-0000229,MAN-000020,VEH-0030,WH-005,1,FPS-0205,13.217233,76.066193,20.36,44,PLANNED
RT-0000230,MAN-000020,VEH-0030,WH-005,1,FPS-0205,13.217233,76.066193,20.36,44,PLANNED
RT-0000231,MAN-000020,VEH-0030,WH-005,2,FPS-0130,13.392114,76.309062,32.69,71,PLANNED
RT-0000232,MAN-000020,VEH-0030,WH-005,2,FPS-0130,13.392114,76.309062,32.69,71,PLANNED
RT-0000233,MAN-000020,VEH-0030,WH-005,3,FPS-0580,13.469282,76.301483,8.62,18,PLANNED
RT-0000234,MAN-000020,VEH-0030,WH-005,3,FPS-0580,13.469282,76.301483,8.62,18,PLANNED
RT-0000235,MAN-000020,VEH-0030,WH-005,4,FPS-0080,13.261738,76.31788,23.15,50,PLANNED
RT-0000236,MAN-000020,VEH-0030,WH-005,4,FPS-0080,13.261738,76.31788,23.15,50,PLANNED
RT-0000237,MAN-000020,VEH-0030,WH-005,5,FPS-0480,13.397839,76.204326,19.49,42,PLANNED
RT-0000238,MAN-000020,VEH-0030,WH-005,5,FPS-0480,13.397839,76.204326,19.49,42,PLANNED
RT-0000239,MAN-000020,VEH-0030,WH-005,6,FPS-0405,13.50498,76.159457,12.86,28,PLANNED
RT-0000240,MAN-000020,VEH-0030,WH-005,6,FPS-0405,13.50498,76.159457,12.86,28,PLANNED
RT-0000241,MAN-000021,VEH-0106,WH-006,1,FPS-0506,14.174766,75.565177,25.7,56,PLANNED
RT-0000242,MAN-000021,VEH-0106,WH-006,1,FPS-0506,14.174766,75.565177,25.7,56,PLANNED
RT-0000243,MAN-000021,VEH-0106,WH-006,2,FPS-0181,14.022747,75.406812,24.03,52,PLANNED
RT-0000244,MAN-000021,VEH-0106,WH-006,2,FPS-0181,14.022747,75.406812,24.03,52,PLANNED
RT-0000245,MAN-000021,VEH-0106,WH-006,3,FPS-0581,14.094895,75.36465,9.22,20,PLANNED
RT-0000246,MAN-000021,VEH-0106,WH-006,3,FPS-0581,14.094895,75.36465,9.22,20,PLANNED
RT-0000247,MAN-000021,VEH-0106,WH-006,4,FPS-0406,13.907382,75.374055,20.88,45,PLANNED
RT-0000248,MAN-000021,VEH-0106,WH-006,4,FPS-0406,13.907382,75.374055,20.88,45,PLANNED
RT-0000249,MAN-000021,VEH-0106,WH-006,5,FPS-0231,14.13689,75.35281,25.62,56,PLANNED
RT-0000250,MAN-000021,VEH-0106,WH-006,5,FPS-0231,14.13689,75.35281,25.62,56,PLANNED
RT-0000251,MAN-000021,VEH-0106,WH-006,6,FPS-0356,14.054452,75.339605,9.28,20,PLANNED
RT-0000252,MAN-000021,VEH-0106,WH-006,6,FPS-0356,14.054452,75.339605,9.28,20,PLANNED
RT-0000253,MAN-000022,VEH-0056,WH-006,1,FPS-0156,14.046609,75.302262,12.64,27,PLANNED
RT-0000254,MAN-000022,VEH-0056,WH-006,1,FPS-0156,14.046609,75.302262,12.64,27,PLANNED
RT-0000255,MAN-000022,VEH-0056,WH-006,2,FPS-0031,14.003727,75.408361,12.4,27,PLANNED
RT-0000256,MAN-000022,VEH-0056,WH-006,2,FPS-0031,14.003727,75.408361,12.4,27,PLANNED
RT-0000257,MAN-000022,VEH-0056,WH-006,3,FPS-0381,14.085646,75.580703,20.7,45,PLANNED
RT-0000258,MAN-000022,VEH-0056,WH-006,3,FPS-0381,14.085646,75.580703,20.7,45,PLANNED
RT-0000259,MAN-000022,VEH-0056,WH-006,4,FPS-0306,13.832433,75.356242,37.14,81,PLANNED
RT-0000260,MAN-000022,VEH-0056,WH-006,4,FPS-0306,13.832433,75.356242,37.14,81,PLANNED
RT-0000261,MAN-000022,VEH-0056,WH-006,5,FPS-0481,13.943093,75.301993,13.63,29,PLANNED
RT-0000262,MAN-000022,VEH-0056,WH-006,5,FPS-0481,13.943093,75.301993,13.63,29,PLANNED
RT-0000263,MAN-000022,VEH-0056,WH-006,6,FPS-0331,13.937535,75.567429,28.65,63,PLANNED
RT-0000264,MAN-000022,VEH-0056,WH-006,6,FPS-0331,13.937535,75.567429,28.65,63,PLANNED
RT-0000265,MAN-000023,VEH-0006,WH-006,1,FPS-0456,14.093528,75.243401,20.68,45,PLANNED
RT-0000266,MAN-000023,VEH-0006,WH-006,1,FPS-0456,14.093528,75.243401,20.68,45,PLANNED
RT-0000267,MAN-000023,VEH-0006,WH-006,2,FPS-0256,14.174601,75.234126,9.07,19,PLANNED
RT-0000268,MAN-000023,VEH-0006,WH-006,2,FPS-0256,14.174601,75.234126,9.07,19,PLANNED
RT-0000269,MAN-000023,VEH-0006,WH-006,3,FPS-0531,14.072808,75.513227,32.15,70,PLANNED
RT-0000270,MAN-000023,VEH-0006,WH-006,3,FPS-0531,14.072808,75.513227,32.15,70,PLANNED
RT-0000271,MAN-000023,VEH-0006,WH-006,4,FPS-0106,13.894832,75.563596,20.52,45,PLANNED
RT-0000272,MAN-000023,VEH-0006,WH-006,4,FPS-0106,13.894832,75.563596,20.52,45,PLANNED
RT-0000273,MAN-000023,VEH-0006,WH-006,5,FPS-0056,14.16453,75.313848,40.31,88,PLANNED
RT-0000274,MAN-000023,VEH-0006,WH-006,5,FPS-0056,14.16453,75.313848,40.31,88,PLANNED
RT-0000275,MAN-000023,VEH-0006,WH-006,6,FPS-0556,13.92227,75.580968,39.45,86,PLANNED
RT-0000276,MAN-000023,VEH-0006,WH-006,6,FPS-0556,13.92227,75.580968,39.45,86,PLANNED
RT-0000277,MAN-000024,VEH-0031,WH-006,1,FPS-0081,14.110555,75.367652,13.08,28,DRAFT
RT-0000278,MAN-000024,VEH-0031,WH-006,1,FPS-0081,14.110555,75.367652,13.08,28,DRAFT
RT-0000279,MAN-000024,VEH-0031,WH-006,2,FPS-0431,14.022107,75.239731,16.94,37,DRAFT
RT-0000280,MAN-000024,VEH-0031,WH-006,2,FPS-0431,14.022107,75.239731,16.94,37,DRAFT
RT-0000281,MAN-000024,VEH-0031,WH-006,3,FPS-0206,13.920736,75.397149,20.39,44,DRAFT
RT-0000282,MAN-000024,VEH-0031,WH-006,3,FPS-0206,13.920736,75.397149,20.39,44,DRAFT
RT-0000283,MAN-000024,VEH-0031,WH-006,4,FPS-0131,14.136805,75.561537,29.86,65,DRAFT
RT-0000284,MAN-000024,VEH-0031,WH-006,4,FPS-0131,14.136805,75.561537,29.86,65,DRAFT
RT-0000285,MAN-000024,VEH-0031,WH-006,5,FPS-0281,13.897775,75.359071,34.4,75,DRAFT
RT-0000286,MAN-000024,VEH-0031,WH-006,5,FPS-0281,13.897775,75.359071,34.4,75,DRAFT
RT-0000287,MAN-000024,VEH-0031,WH-006,6,FPS-0006,13.862575,75.561869,22.24,48,DRAFT
RT-0000288,MAN-000024,VEH-0031,WH-006,6,FPS-0006,13.862575,75.561869,22.24,48,DRAFT
RT-0000289,MAN-000025,VEH-0132,WH-007,1,FPS-0357,12.593705,77.546943,12.32,27,DRAFT
RT-0000290,MAN-000025,VEH-0132,WH-007,1,FPS-0357,12.593705,77.546943,12.32,27,DRAFT
RT-0000291,MAN-000025,VEH-0132,WH-007,2,FPS-0082,12.54943,77.663588,13.58,29,DRAFT
RT-0000292,MAN-000025,VEH-0132,WH-007,2,FPS-0082,12.54943,77.663588,13.58,29,DRAFT
RT-0000293,MAN-000025,VEH-0132,WH-007,3,FPS-0507,12.741234,77.522262,26.27,57,DRAFT
RT-0000294,MAN-000025,VEH-0132,WH-007,3,FPS-0507,12.741234,77.522262,26.27,57,DRAFT
RT-0000295,MAN-000025,VEH-0132,WH-007,4,FPS-0207,12.864262,77.549871,14.0,30,DRAFT
RT-0000296,MAN-000025,VEH-0132,WH-007,4,FPS-0207,12.864262,77.549871,14.0,30,DRAFT
RT-0000297,MAN-000025,VEH-0132,WH-007,5,FPS-0157,12.737549,77.410039,20.7,45,DRAFT
RT-0000298,MAN-000025,VEH-0132,WH-007,5,FPS-0157,12.737549,77.410039,20.7,45,DRAFT
RT-0000299,MAN-000025,VEH-0132,WH-007,6,FPS-0032,12.548978,77.659959,34.28,75,DRAFT
RT-0000300,MAN-000025,VEH-0132,WH-007,6,FPS-0032,12.548978,77.659959,34.28,75,DRAFT
RT-0000301,MAN-000026,VEH-0032,WH-007,1,FPS-0007,12.690828,77.559077,1.99,4,DRAFT
RT-0000302,MAN-000026,VEH-0032,WH-007,1,FPS-0007,12.690828,77.559077,1.99,4,DRAFT
RT-0000303,MAN-000026,VEH-0032,WH-007,2,FPS-0232,12.798667,77.647201,15.33,33,DRAFT
RT-0000304,MAN-000026,VEH-0032,WH-007,2,FPS-0232,12.798667,77.647201,15.33,33,DRAFT
RT-0000305,MAN-000026,VEH-0032,WH-007,3,FPS-0107,12.564214,77.615477,26.3,57,DRAFT
RT-0000306,MAN-000026,VEH-0032,WH-007,3,FPS-0107,12.564214,77.615477,26.3,57,DRAFT
RT-0000307,MAN-000026,VEH-0032,WH-007,4,FPS-0282,12.616425,77.423646,21.61,47,DRAFT
RT-0000308,MAN-000026,VEH-0032,WH-007,4,FPS-0282,12.616425,77.423646,21.61,47,DRAFT
RT-0000309,MAN-000026,VEH-0032,WH-007,5,FPS-0182,12.671775,77.51403,11.58,25,DRAFT
RT-0000310,MAN-000026,VEH-0032,WH-007,5,FPS-0182,12.671775,77.51403,11.58,25,DRAFT
RT-0000311,MAN-000026,VEH-0032,WH-007,6,FPS-0457,12.857697,77.563575,21.36,46,DRAFT
RT-0000312,MAN-000026,VEH-0032,WH-007,6,FPS-0457,12.857697,77.563575,21.36,46,DRAFT
RT-0000313,MAN-000027,VEH-0007,WH-007,1,FPS-0532,12.875429,77.496092,19.79,43,PLANNED
RT-0000314,MAN-000027,VEH-0007,WH-007,1,FPS-0532,12.875429,77.496092,19.79,43,PLANNED
RT-0000315,MAN-000027,VEH-0007,WH-007,2,FPS-0332,12.677135,77.482634,22.1,48,PLANNED
RT-0000316,MAN-000027,VEH-0007,WH-007,2,FPS-0332,12.677135,77.482634,22.1,48,PLANNED
RT-0000317,MAN-000027,VEH-0007,WH-007,3,FPS-0257,12.647093,77.542682,7.32,16,PLANNED
RT-0000318,MAN-000027,VEH-0007,WH-007,3,FPS-0257,12.647093,77.542682,7.32,16,PLANNED
RT-0000319,MAN-000027,VEH-0007,WH-007,4,FPS-0382,12.620885,77.419314,13.7,30,PLANNED
RT-0000320,MAN-000027,VEH-0007,WH-007,4,FPS-0382,12.620885,77.419314,13.7,30,PLANNED
RT-0000321,MAN-000027,VEH-0007,WH-007,5,FPS-0482,12.822367,77.606856,30.26,66,PLANNED
RT-0000322,MAN-000027,VEH-0007,WH-007,5,FPS-0482,12.822367,77.606856,30.26,66,PLANNED
RT-0000323,MAN-000027,VEH-0007,WH-007,6,FPS-0557,12.651002,77.508772,21.82,48,PLANNED
RT-0000324,MAN-000027,VEH-0007,WH-007,6,FPS-0557,12.651002,77.508772,21.82,48,PLANNED
RT-0000325,MAN-000028,VEH-0082,WH-007,1,FPS-0582,12.706248,77.696131,16.15,35,DRAFT
RT-0000326,MAN-000028,VEH-0082,WH-007,1,FPS-0582,12.706248,77.696131,16.15,35,DRAFT
RT-0000327,MAN-000028,VEH-0082,WH-007,2,FPS-0407,12.82496,77.528355,22.48,49,DRAFT
RT-0000328,MAN-000028,VEH-0082,WH-007,2,FPS-0407,12.82496,77.528355,22.48,49,DRAFT
RT-0000329,MAN-000028,VEH-0082,WH-007,3,FPS-0132,12.568844,77.686868,33.27,73,DRAFT
RT-0000330,MAN-000028,VEH-0082,WH-007,3,FPS-0132,12.568844,77.686868,33.27,73,DRAFT
RT-0000331,MAN-000028,VEH-0082,WH-007,4,FPS-0432,12.671301,77.379341,35.26,77,DRAFT
RT-0000332,MAN-000028,VEH-0082,WH-007,4,FPS-0432,12.671301,77.379341,35.26,77,DRAFT
RT-0000333,MAN-000028,VEH-0082,WH-007,5,FPS-0057,12.69967,77.492279,12.65,27,DRAFT
RT-0000334,MAN-000028,VEH-0082,WH-007,5,FPS-0057,12.69967,77.492279,12.65,27,DRAFT
RT-0000335,MAN-000028,VEH-0082,WH-007,6,FPS-0307,12.641995,77.39418,12.43,27,DRAFT
RT-0000336,MAN-000028,VEH-0082,WH-007,6,FPS-0307,12.641995,77.39418,12.43,27,DRAFT
RT-0000337,MAN-000029,VEH-0108,WH-008,1,FPS-0083,12.711831,76.255158,20.68,45,DRAFT
RT-0000338,MAN-000029,VEH-0108,WH-008,1,FPS-0083,12.711831,76.255158,20.68,45,DRAFT
RT-0000339,MAN-000029,VEH-0108,WH-008,2,FPS-0133,12.634061,76.340051,12.63,27,DRAFT
RT-0000340,MAN-000029,VEH-0108,WH-008,2,FPS-0133,12.634061,76.340051,12.63,27,DRAFT
RT-0000341,MAN-000029,VEH-0108,WH-008,3,FPS-0108,12.726473,76.287449,11.75,25,DRAFT
RT-0000342,MAN-000029,VEH-0108,WH-008,3,FPS-0108,12.726473,76.287449,11.75,25,DRAFT
RT-0000343,MAN-000029,VEH-0108,WH-008,4,FPS-0458,12.479288,76.314886,27.65,60,DRAFT
RT-0000344,MAN-000029,VEH-0108,WH-008,4,FPS-0458,12.479288,76.314886,27.65,60,DRAFT
RT-0000345,MAN-000029,VEH-0108,WH-008,5,FPS-0383,12.73888,76.27292,29.22,64,DRAFT
RT-0000346,MAN-000029,VEH-0108,WH-008,5,FPS-0383,12.73888,76.27292,29.22,64,DRAFT
RT-0000347,MAN-000029,VEH-0108,WH-008,6,FPS-0183,12.510652,76.486078,34.34,75,DRAFT
RT-0000348,MAN-000029,VEH-0108,WH-008,6,FPS-0183,12.510652,76.486078,34.34,75,DRAFT
RT-0000349,MAN-000030,VEH-0108,WH-008,1,FPS-0008,12.528687,76.325398,11.11,24,DRAFT
RT-0000350,MAN-000030,VEH-0108,WH-008,1,FPS-0008,12.528687,76.325398,11.11,24,DRAFT
RT-0000351,MAN-000030,VEH-0108,WH-008,2,FPS-0058,12.614965,76.569057,28.13,61,DRAFT
RT-0000352,MAN-000030,VEH-0108,WH-008,2,FPS-0058,12.614965,76.569057,28.13,61,DRAFT
RT-0000353,MAN-000030,VEH-0108,WH-008,3,FPS-0558,12.503736,76.303868,31.33,68,DRAFT
RT-0000354,MAN-000030,VEH-0108,WH-008,3,FPS-0558,12.503736,76.303868,31.33,68,DRAFT
RT-0000355,MAN-000030,VEH-0108,WH-008,4,FPS-0433,12.414658,76.411854,15.35,33,DRAFT
RT-0000356,MAN-000030,VEH-0108,WH-008,4,FPS-0433,12.414658,76.411854,15.35,33,DRAFT
RT-0000357,MAN-000030,VEH-0108,WH-008,5,FPS-0508,12.735829,76.433225,35.79,78,DRAFT
RT-0000358,MAN-000030,VEH-0108,WH-008,5,FPS-0508,12.735829,76.433225,35.79,78,DRAFT
RT-0000359,MAN-000030,VEH-0108,WH-008,6,FPS-0308,12.645112,76.435847,10.09,22,DRAFT
RT-0000360,MAN-000030,VEH-0108,WH-008,6,FPS-0308,12.645112,76.435847,10.09,22,DRAFT
RT-0000361,MAN-000031,VEH-0008,WH-008,1,FPS-0483,12.680854,76.256923,18.52,40,PLANNED
RT-0000362,MAN-000031,VEH-0008,WH-008,1,FPS-0483,12.680854,76.256923,18.52,40,PLANNED
RT-0000363,MAN-000031,VEH-0008,WH-008,2,FPS-0333,12.422852,76.234514,28.79,63,PLANNED
RT-0000364,MAN-000031,VEH-0008,WH-008,2,FPS-0333,12.422852,76.234514,28.79,63,PLANNED
RT-0000365,MAN-000031,VEH-0008,WH-008,3,FPS-0283,12.436089,76.45042,23.49,51,PLANNED
RT-0000366,MAN-000031,VEH-0008,WH-008,3,FPS-0283,12.436089,76.45042,23.49,51,PLANNED
RT-0000367,MAN-000031,VEH-0008,WH-008,4,FPS-0033,12.685042,76.509636,28.42,62,PLANNED
RT-0000368,MAN-000031,VEH-0008,WH-008,4,FPS-0033,12.685042,76.509636,28.42,62,PLANNED
RT-0000369,MAN-000031,VEH-0008,WH-008,5,FPS-0408,12.662189,76.422791,9.76,21,PLANNED
RT-0000370,MAN-000031,VEH-0008,WH-008,5,FPS-0408,12.662189,76.422791,9.76,21,PLANNED
RT-0000371,MAN-000031,VEH-0008,WH-008,6,FPS-0208,12.680703,76.371436,5.94,13,PLANNED
RT-0000372,MAN-000031,VEH-0008,WH-008,6,FPS-0208,12.680703,76.371436,5.94,13,PLANNED
RT-0000373,MAN-000032,VEH-0133,WH-008,1,FPS-0258,12.414278,76.312101,22.29,49,PLANNED
RT-0000374,MAN-000032,VEH-0133,WH-008,1,FPS-0258,12.414278,76.312101,22.29,49,PLANNED
RT-0000375,MAN-000032,VEH-0133,WH-008,2,FPS-0233,12.73793,76.386742,36.89,81,PLANNED
RT-0000376,MAN-000032,VEH-0133,WH-008,2,FPS-0233,12.73793,76.386742,36.89,81,PLANNED
RT-0000377,MAN-000032,VEH-0133,WH-008,3,FPS-0533,12.739784,76.340394,5.03,11,PLANNED
RT-0000378,MAN-000032,VEH-0133,WH-008,3,FPS-0533,12.739784,76.340394,5.03,11,PLANNED
RT-0000379,MAN-000032,VEH-0133,WH-008,4,FPS-0358,12.720039,76.248289,10.23,22,PLANNED
RT-0000380,MAN-000032,VEH-0133,WH-008,4,FPS-0358,12.720039,76.248289,10.23,22,PLANNED
RT-0000381,MAN-000032,VEH-0133,WH-008,5,FPS-0583,12.513328,76.264959,23.06,50,PLANNED
RT-0000382,MAN-000032,VEH-0133,WH-008,5,FPS-0583,12.513328,76.264959,23.06,50,PLANNED
RT-0000383,MAN-000032,VEH-0133,WH-008,6,FPS-0158,12.725324,76.519225,36.29,79,PLANNED
RT-0000384,MAN-000032,VEH-0133,WH-008,6,FPS-0158,12.725324,76.519225,36.29,79,PLANNED
RT-0000385,MAN-000033,VEH-0034,WH-009,1,FPS-0334,13.401981,77.086188,22.7,49,PLANNED
RT-0000386,MAN-000033,VEH-0034,WH-009,1,FPS-0334,13.401981,77.086188,22.7,49,PLANNED
RT-0000387,MAN-000033,VEH-0034,WH-009,2,FPS-0534,13.435971,76.929619,17.35,38,PLANNED
RT-0000388,MAN-000033,VEH-0034,WH-009,2,FPS-0534,13.435971,76.929619,17.35,38,PLANNED
RT-0000389,MAN-000033,VEH-0034,WH-009,3,FPS-0109,13.694531,76.812886,31.4,69,PLANNED
RT-0000390,MAN-000033,VEH-0034,WH-009,3,FPS-0109,13.694531,76.812886,31.4,69,PLANNED
RT-0000391,MAN-000033,VEH-0034,WH-009,4,FPS-0434,13.625488,77.009753,22.61,49,PLANNED
RT-0000392,MAN-000033,VEH-0034,WH-009,4,FPS-0434,13.625488,77.009753,22.61,49,PLANNED
RT-0000393,MAN-000033,VEH-0034,WH-009,5,FPS-0259,13.598217,77.155492,16.04,35,PLANNED
RT-0000394,MAN-000033,VEH-0034,WH-009,5,FPS-0259,13.598217,77.155492,16.04,35,PLANNED
RT-0000395,MAN-000033,VEH-0034,WH-009,6,FPS-0309,13.584892,77.138357,2.37,5,PLANNED
RT-0000396,MAN-000033,VEH-0034,WH-009,6,FPS-0309,13.584892,77.138357,2.37,5,PLANNED
RT-0000397,MAN-000034,VEH-0109,WH-009,1,FPS-0484,13.485008,77.045199,12.55,27,DRAFT
RT-0000398,MAN-000034,VEH-0109,WH-009,1,FPS-0484,13.485008,77.045199,12.55,27,DRAFT
RT-0000399,MAN-000034,VEH-0109,WH-009,2,FPS-0234,13.454356,76.841807,22.26,48,DRAFT
RT-0000400,MAN-000034,VEH-0109,WH-009,2,FPS-0234,13.454356,76.841807,22.26,48,DRAFT
RT-0000401,MAN-000034,VEH-0109,WH-009,3,FPS-0184,13.466907,76.863041,2.69,5,DRAFT
RT-0000402,MAN-000034,VEH-0109,WH-009,3,FPS-0184,13.466907,76.863041,2.69,5,DRAFT
RT-0000403,MAN-000034,VEH-0109,WH-009,4,FPS-0159,13.593234,76.830739,14.47,31,DRAFT
RT-0000404,MAN-000034,VEH-0109,WH-009,4,FPS-0159,13.593234,76.830739,14.47,31,DRAFT
RT-0000405,MAN-000034,VEH-0109,WH-009,5,FPS-0034,13.700795,77.101495,31.61,69,DRAFT
RT-0000406,MAN-000034,VEH-0109,WH-009,5,FPS-0034,13.700795,77.101495,31.61,69,DRAFT
RT-0000407,MAN-000034,VEH-0109,WH-009,6,FPS-0009,13.39894,77.095383,33.57,73,DRAFT
RT-0000408,MAN-000034,VEH-0109,WH-009,6,FPS-0009,13.39894,77.095383,33.57,73,DRAFT
RT-0000409,MAN-000035,VEH-0009,WH-009,1,FPS-0134,13.415691,76.896398,19.87,43,DRAFT
RT-0000410,MAN-000035,VEH-0009,WH-009,1,FPS-0134,13.415691,76.896398,19.87,43,DRAFT
RT-0000411,MAN-000035,VEH-0009,WH-009,2,FPS-0409,13.60208,76.964536,22.0,48,DRAFT
RT-0000412,MAN-000035,VEH-0009,WH-009,2,FPS-0409,13.60208,76.964536,22.0,48,DRAFT
RT-0000413,MAN-000035,VEH-0009,WH-009,3,FPS-0359,13.726549,77.062156,17.4,38,DRAFT
RT-0000414,MAN-000035,VEH-0009,WH-009,3,FPS-0359,13.726549,77.062156,17.4,38,DRAFT
RT-0000415,MAN-000035,VEH-0009,WH-009,4,FPS-0584,13.701371,77.062416,2.8,6,DRAFT
RT-0000416,MAN-000035,VEH-0009,WH-009,4,FPS-0584,13.701371,77.062416,2.8,6,DRAFT
RT-0000417,MAN-000035,VEH-0009,WH-009,5,FPS-0559,13.642429,76.893498,19.39,42,DRAFT
RT-0000418,MAN-000035,VEH-0009,WH-009,5,FPS-0559,13.642429,76.893498,19.39,42,DRAFT
RT-0000419,MAN-000035,VEH-0009,WH-009,6,FPS-0084,13.679691,77.040588,16.42,36,DRAFT
RT-0000420,MAN-000035,VEH-0009,WH-009,6,FPS-0084,13.679691,77.040588,16.42,36,DRAFT
RT-0000421,MAN-000036,VEH-0009,WH-009,1,FPS-0509,13.544975,77.100703,13.82,30,PLANNED
RT-0000422,MAN-000036,VEH-0009,WH-009,1,FPS-0509,13.544975,77.100703,13.82,30,PLANNED
RT-0000423,MAN-000036,VEH-0009,WH-009,2,FPS-0209,13.452591,76.799717,34.13,75,PLANNED
RT-0000424,MAN-000036,VEH-0009,WH-009,2,FPS-0209,13.452591,76.799717,34.13,75,PLANNED
RT-0000425,MAN-000036,VEH-0009,WH-009,3,FPS-0059,13.694955,77.015696,35.65,78,PLANNED
RT-0000426,MAN-000036,VEH-0009,WH-009,3,FPS-0059,13.694955,77.015696,35.65,78,PLANNED
RT-0000427,MAN-000036,VEH-0009,WH-009,4,FPS-0384,13.594804,76.977254,11.89,26,PLANNED
RT-0000428,MAN-000036,VEH-0009,WH-009,4,FPS-0384,13.594804,76.977254,11.89,26,PLANNED
RT-0000429,MAN-000036,VEH-0009,WH-009,5,FPS-0459,13.447931,76.8102,24.35,53,PLANNED
RT-0000430,MAN-000036,VEH-0009,WH-009,5,FPS-0459,13.447931,76.8102,24.35,53,PLANNED
RT-0000431,MAN-000036,VEH-0009,WH-009,6,FPS-0284,13.620718,77.149358,41.39,91,PLANNED
RT-0000432,MAN-000036,VEH-0009,WH-009,6,FPS-0284,13.620718,77.149358,41.39,91,PLANNED
RT-0000433,MAN-000037,VEH-0010,WH-010,1,FPS-0035,12.680423,77.110194,16.15,35,PLANNED
RT-0000434,MAN-000037,VEH-0010,WH-010,1,FPS-0035,12.680423,77.110194,16.15,35,PLANNED
RT-0000435,MAN-000037,VEH-0010,WH-010,2,FPS-0460,12.862764,77.15481,20.84,45,PLANNED
RT-0000436,MAN-000037,VEH-0010,WH-010,2,FPS-0460,12.862764,77.15481,20.84,45,PLANNED
RT-0000437,MAN-000037,VEH-0010,WH-010,3,FPS-0510,12.954649,77.024402,17.44,38,PLANNED
RT-0000438,MAN-000037,VEH-0010,WH-010,3,FPS-0510,12.954649,77.024402,17.44,38,PLANNED
RT-0000439,MAN-000037,VEH-0010,WH-010,4,FPS-0235,12.682882,77.152382,33.25,73,PLANNED
RT-0000440,MAN-000037,VEH-0010,WH-010,4,FPS-0235,12.682882,77.152382,33.25,73,PLANNED
RT-0000441,MAN-000037,VEH-0010,WH-010,5,FPS-0385,12.877474,76.992307,27.74,61,PLANNED
RT-0000442,MAN-000037,VEH-0010,WH-010,5,FPS-0385,12.877474,76.992307,27.74,61,PLANNED
RT-0000443,MAN-000037,VEH-0010,WH-010,6,FPS-0110,12.882114,76.944876,5.17,11,PLANNED
RT-0000444,MAN-000037,VEH-0010,WH-010,6,FPS-0110,12.882114,76.944876,5.17,11,PLANNED
RT-0000445,MAN-000038,VEH-0085,WH-010,1,FPS-0260,12.946822,77.20041,19.76,43,DRAFT
RT-0000446,MAN-000038,VEH-0085,WH-010,1,FPS-0260,12.946822,77.20041,19.76,43,DRAFT
RT-0000447,MAN-000038,VEH-0085,WH-010,2,FPS-0010,12.882361,76.981326,24.8,54,DRAFT
RT-0000448,MAN-000038,VEH-0085,WH-010,2,FPS-0010,12.882361,76.981326,24.8,54,DRAFT
RT-0000449,MAN-000038,VEH-0085,WH-010,3,FPS-0210,12.663145,77.207424,34.57,76,DRAFT
RT-0000450,MAN-000038,VEH-0085,WH-010,3,FPS-0210,12.663145,77.207424,34.57,76,DRAFT
RT-0000451,MAN-000038,VEH-0085,WH-010,4,FPS-0085,12.648322,77.076549,14.29,31,DRAFT
RT-0000452,MAN-000038,VEH-0085,WH-010,4,FPS-0085,12.648322,77.076549,14.29,31,DRAFT
RT-0000453,MAN-000038,VEH-0085,WH-010,5,FPS-0310,12.778817,77.00048,16.69,36,DRAFT
RT-0000454,MAN-000038,VEH-0085,WH-010,5,FPS-0310,12.778817,77.00048,16.69,36,DRAFT
RT-0000455,MAN-000038,VEH-0085,WH-010,6,FPS-0485,12.988504,77.030946,23.55,51,DRAFT
RT-0000456,MAN-000038,VEH-0085,WH-010,6,FPS-0485,12.988504,77.030946,23.55,51,DRAFT
RT-0000457,MAN-000039,VEH-0085,WH-010,1,FPS-0060,13.000102,77.221362,25.69,56,DRAFT
RT-0000458,MAN-000039,VEH-0085,WH-010,1,FPS-0060,13.000102,77.221362,25.69,56,DRAFT
RT-0000459,MAN-000039,VEH-0085,WH-010,2,FPS-0585,12.768443,77.194862,25.92,57,DRAFT
RT-0000460,MAN-000039,VEH-0085,WH-010,2,FPS-0585,12.768443,77.194862,25.92,57,DRAFT
RT-0000461,MAN-000039,VEH-0085,WH-010,3,FPS-0410,12.704992,76.90065,32.68,71,DRAFT
RT-0000462,MAN-000039,VEH-0085,WH-010,3,FPS-0410,12.704992,76.90065,32.68,71,DRAFT
RT-0000463,MAN-000039,VEH-0085,WH-010,4,FPS-0285,12.922832,77.055414,29.47,64,DRAFT
RT-0000464,MAN-000039,VEH-0085,WH-010,4,FPS-0285,12.922832,77.055414,29.47,64,DRAFT
RT-0000465,MAN-000039,VEH-0085,WH-010,5,FPS-0135,12.779285,77.042022,16.03,35,DRAFT
RT-0000466,MAN-000039,VEH-0085,WH-010,5,FPS-0135,12.779285,77.042022,16.03,35,DRAFT
RT-0000467,MAN-000039,VEH-0085,WH-010,6,FPS-0160,12.72001,77.00597,7.66,16,DRAFT
RT-0000468,MAN-000039,VEH-0085,WH-010,6,FPS-0160,12.72001,77.00597,7.66,16,DRAFT
RT-0000469,MAN-000040,VEH-0060,WH-010,1,FPS-0335,12.781168,77.166424,11.16,24,DRAFT
RT-0000470,MAN-000040,VEH-0060,WH-010,1,FPS-0335,12.781168,77.166424,11.16,24,DRAFT
RT-0000471,MAN-000040,VEH-0060,WH-010,2,FPS-0560,12.893788,76.938376,27.71,60,DRAFT
RT-0000472,MAN-000040,VEH-0060,WH-010,2,FPS-0560,12.893788,76.938376,27.71,60,DRAFT
RT-0000473,MAN-000040,VEH-0060,WH-010,3,FPS-0185,12.984543,77.183515,28.42,62,DRAFT
RT-0000474,MAN-000040,VEH-0060,WH-010,3,FPS-0185,12.984543,77.183515,28.42,62,DRAFT
RT-0000475,MAN-000040,VEH-0060,WH-010,4,FPS-0360,12.858455,76.978743,26.25,57,DRAFT
RT-0000476,MAN-000040,VEH-0060,WH-010,4,FPS-0360,12.858455,76.978743,26.25,57,DRAFT
RT-0000477,MAN-000040,VEH-0060,WH-010,5,FPS-0535,12.87203,77.119267,15.31,33,DRAFT
RT-0000478,MAN-000040,VEH-0060,WH-010,5,FPS-0535,12.87203,77.119267,15.31,33,DRAFT
RT-0000479,MAN-000040,VEH-0060,WH-010,6,FPS-0435,12.839531,76.971735,16.4,36,DRAFT
RT-0000480,MAN-000040,VEH-0060,WH-010,6,FPS-0435,12.839531,76.971735,16.4,36,DRAFT
RT-0000481,MAN-000041,VEH-0111,WH-011,1,FPS-0011,12.869214,76.296243,18.7,41,DRAFT
RT-0000482,MAN-000041,VEH-0111,WH-011,1,FPS-0011,12.869214,76.296243,18.7,41,DRAFT
RT-0000483,MAN-000041,VEH-0111,WH-011,2,FPS-0261,12.790295,76.216493,12.32,27,DRAFT
RT-0000484,MAN-000041,VEH-0111,WH-011,2,FPS-0261,12.790295,76.216493,12.32,27,DRAFT
RT-0000485,MAN-000041,VEH-0111,WH-011,3,FPS-0511,12.663496,76.298598,16.68,36,DRAFT
RT-0000486,MAN-000041,VEH-0111,WH-011,3,FPS-0511,12.663496,76.298598,16.68,36,DRAFT
RT-0000487,MAN-000041,VEH-0111,WH-011,4,FPS-0386,12.926892,76.155199,33.16,72,DRAFT
RT-0000488,MAN-000041,VEH-0111,WH-011,4,FPS-0386,12.926892,76.155199,33.16,72,DRAFT
RT-0000489,MAN-000041,VEH-0111,WH-011,5,FPS-0436,12.832027,76.148606,10.57,23,DRAFT
RT-0000490,MAN-000041,VEH-0111,WH-011,5,FPS-0436,12.832027,76.148606,10.57,23,DRAFT
RT-0000491,MAN-000041,VEH-0111,WH-011,6,FPS-0586,12.873315,76.00271,16.47,36,DRAFT
RT-0000492,MAN-000041,VEH-0111,WH-011,6,FPS-0586,12.873315,76.00271,16.47,36,DRAFT
RT-0000493,MAN-000042,VEH-0011,WH-011,1,FPS-0211,12.894878,76.131575,16.18,35,DRAFT
RT-0000494,MAN-000042,VEH-0011,WH-011,1,FPS-0211,12.894878,76.131575,16.18,35,DRAFT
RT-0000495,MAN-000042,VEH-0011,WH-011,2,FPS-0311,12.579304,76.261257,37.8,83,DRAFT
RT-0000496,MAN-000042,VEH-0011,WH-011,2,FPS-0311,12.579304,76.261257,37.8,83,DRAFT
RT-0000497,MAN-000042,VEH-0011,WH-011,3,FPS-0286,12.609597,76.306007,5.91,13,DRAFT
RT-0000498,MAN-000042,VEH-0011,WH-011,3,FPS-0286,12.609597,76.306007,5.91,13,DRAFT
RT-0000499,MAN-000042,VEH-0011,WH-011,4,FPS-0336,12.638655,76.229015,8.96,19,DRAFT
RT-0000500,MAN-000042,VEH-0011,WH-011,4,FPS-0336,12.638655,76.229015,8.96,19,DRAFT
RT-0000501,MAN-000042,VEH-0011,WH-011,5,FPS-0161,12.810145,76.166144,20.25,44,DRAFT
RT-0000502,MAN-000042,VEH-0011,WH-011,5,FPS-0161,12.810145,76.166144,20.25,44,DRAFT
RT-0000503,MAN-000042,VEH-0011,WH-011,6,FPS-0536,12.631563,76.213694,20.52,45,DRAFT
RT-0000504,MAN-000042,VEH-0011,WH-011,6,FPS-0536,12.631563,76.213694,20.52,45,DRAFT
RT-0000505,MAN-000043,VEH-0111,WH-011,1,FPS-0561,12.647269,76.076532,15.66,34,PLANNED
RT-0000506,MAN-000043,VEH-0111,WH-011,1,FPS-0561,12.647269,76.076532,15.66,34,PLANNED
RT-0000507,MAN-000043,VEH-0111,WH-011,2,FPS-0036,12.726912,76.114724,9.78,21,PLANNED
RT-0000508,MAN-000043,VEH-0111,WH-011,2,FPS-0036,12.726912,76.114724,9.78,21,PLANNED
RT-0000509,MAN-000043,VEH-0111,WH-011,3,FPS-0236,12.661776,76.177654,9.95,21,PLANNED
RT-0000510,MAN-000043,VEH-0111,WH-011,3,FPS-0236,12.661776,76.177654,9.95,21,PLANNED
RT-0000511,MAN-000043,VEH-0111,WH-011,4,FPS-0411,12.817478,76.311581,22.6,49,PLANNED
RT-0000512,MAN-000043,VEH-0111,WH-011,4,FPS-0411,12.817478,76.311581,22.6,49,PLANNED
RT-0000513,MAN-000043,VEH-0111,WH-011,5,FPS-0186,12.795115,76.222079,10.02,22,PLANNED
RT-0000514,MAN-000043,VEH-0111,WH-011,5,FPS-0186,12.795115,76.222079,10.02,22,PLANNED
RT-0000515,MAN-000043,VEH-0111,WH-011,6,FPS-0461,12.679212,76.150233,15.06,33,PLANNED
RT-0000516,MAN-000043,VEH-0111,WH-011,6,FPS-0461,12.679212,76.150233,15.06,33,PLANNED
RT-0000517,MAN-000044,VEH-0136,WH-011,1,FPS-0136,12.787626,76.038059,14.81,32,PLANNED
RT-0000518,MAN-000044,VEH-0136,WH-011,1,FPS-0136,12.787626,76.038059,14.81,32,PLANNED
RT-0000519,MAN-000044,VEH-0136,WH-011,2,FPS-0061,12.814612,76.2243,20.42,44,PLANNED
RT-0000520,MAN-000044,VEH-0136,WH-011,2,FPS-0061,12.814612,76.2243,20.42,44,PLANNED
RT-0000521,MAN-000044,VEH-0136,WH-011,3,FPS-0086,12.671075,76.271815,16.77,36,PLANNED
RT-0000522,MAN-000044,VEH-0136,WH-011,3,FPS-0086,12.671075,76.271815,16.77,36,PLANNED
RT-0000523,MAN-000044,VEH-0136,WH-011,4,FPS-0111,12.75579,76.023185,28.57,62,PLANNED
RT-0000524,MAN-000044,VEH-0136,WH-011,4,FPS-0111,12.75579,76.023185,28.57,62,PLANNED
RT-0000525,MAN-000044,VEH-0136,WH-011,5,FPS-0486,12.744545,76.204359,19.69,43,PLANNED
RT-0000526,MAN-000044,VEH-0136,WH-011,5,FPS-0486,12.744545,76.204359,19.69,43,PLANNED
RT-0000527,MAN-000044,VEH-0136,WH-011,6,FPS-0361,12.626625,76.206486,13.11,28,PLANNED
RT-0000528,MAN-000044,VEH-0136,WH-011,6,FPS-0361,12.626625,76.206486,13.11,28,PLANNED
RT-0000529,MAN-000045,VEH-0012,WH-012,1,FPS-0462,13.701084,75.786022,18.52,40,DRAFT
RT-0000530,MAN-000045,VEH-0012,WH-012,1,FPS-0462,13.701084,75.786022,18.52,40,DRAFT
RT-0000531,MAN-000045,VEH-0012,WH-012,2,FPS-0112,13.821049,75.530525,30.65,67,DRAFT
RT-0000532,MAN-000045,VEH-0012,WH-012,2,FPS-0112,13.821049,75.530525,30.65,67,DRAFT
RT-0000533,MAN-000045,VEH-0012,WH-012,3,FPS-0162,13.827119,75.500116,3.35,7,DRAFT
RT-0000534,MAN-000045,VEH-0012,WH-012,3,FPS-0162,13.827119,75.500116,3.35,7,DRAFT
RT-0000535,MAN-000045,VEH-0012,WH-012,4,FPS-0437,13.829193,75.666469,17.96,39,DRAFT
RT-0000536,MAN-000045,VEH-0012,WH-012,4,FPS-0437,13.829193,75.666469,17.96,39,DRAFT
RT-0000537,MAN-000045,VEH-0012,WH-012,5,FPS-0262,13.819608,75.742769,8.31,18,DRAFT
RT-0000538,MAN-000045,VEH-0012,WH-012,5,FPS-0262,13.819608,75.742769,8.31,18,DRAFT
RT-0000539,MAN-000045,VEH-0012,WH-012,6,FPS-0137,13.69482,75.516316,28.12,61,DRAFT
RT-0000540,MAN-000045,VEH-0012,WH-012,6,FPS-0137,13.69482,75.516316,28.12,61,DRAFT
RT-0000541,MAN-000046,VEH-0062,WH-012,1,FPS-0062,13.668943,75.766819,18.98,41,PLANNED
RT-0000542,MAN-000046,VEH-0062,WH-012,1,FPS-0062,13.668943,75.766819,18.98,41,PLANNED
RT-0000543,MAN-000046,VEH-0062,WH-012,2,FPS-0412,13.616288,75.715421,8.07,17,PLANNED
RT-0000544,MAN-000046,VEH-0062,WH-012,2,FPS-0412,13.616288,75.715421,8.07,17,PLANNED
RT-0000545,MAN-000046,VEH-0062,WH-012,3,FPS-0087,13.668713,75.469139,27.24,59,PLANNED
RT-0000546,MAN-000046,VEH-0062,WH-012,3,FPS-0087,13.668713,75.469139,27.24,59,PLANNED
RT-0000547,MAN-000046,VEH-0062,WH-012,4,FPS-0012,13.786001,75.670479,25.36,55,PLANNED
RT-0000548,MAN-000046,VEH-0062,WH-012,4,FPS-0012,13.786001,75.670479,25.36,55,PLANNED
RT-0000549,MAN-000046,VEH-0062,WH-012,5,FPS-0212,13.900979,75.621159,13.85,30,PLANNED
RT-0000550,MAN-000046,VEH-0062,WH-012,5,FPS-0212,13.900979,75.621159,13.85,30,PLANNED
RT-0000551,MAN-000046,VEH-0062,WH-012,6,FPS-0187,13.618484,75.739899,33.93,74,PLANNED
RT-0000552,MAN-000046,VEH-0062,WH-012,6,FPS-0187,13.618484,75.739899,33.93,74,PLANNED
RT-0000553,MAN-000047,VEH-0037,WH-012,1,FPS-0387,13.911249,75.489818,21.28,46,PLANNED
RT-0000554,MAN-000047,VEH-0037,WH-012,1,FPS-0387,13.911249,75.489818,21.28,46,PLANNED
RT-0000555,MAN-000047,VEH-0037,WH-012,2,FPS-0037,13.679177,75.814942,43.57,95,PLANNED
RT-0000556,MAN-000047,VEH-0037,WH-012,2,FPS-0037,13.679177,75.814942,43.57,95,PLANNED
RT-0000557,MAN-000047,VEH-0037,WH-012,3,FPS-0362,13.69556,75.591333,24.23,53,PLANNED
RT-0000558,MAN-000047,VEH-0037,WH-012,3,FPS-0362,13.69556,75.591333,24.23,53,PLANNED
RT-0000559,MAN-000047,VEH-0037,WH-012,4,FPS-0487,13.616544,75.71093,15.63,34,PLANNED
RT-0000560,MAN-000047,VEH-0037,WH-012,4,FPS-0487,13.616544,75.71093,15.63,34,PLANNED
RT-0000561,MAN-000047,VEH-0037,WH-012,5,FPS-0287,13.876055,75.58077,32.1,70,PLANNED
RT-0000562,MAN-000047,VEH-0037,WH-012,5,FPS-0287,13.876055,75.58077,32.1,70,PLANNED
RT-0000563,MAN-000047,VEH-0037,WH-012,6,FPS-0312,13.652583,75.591934,24.88,54,PLANNED
RT-0000564,MAN-000047,VEH-0037,WH-012,6,FPS-0312,13.652583,75.591934,24.88,54,PLANNED
RT-0000565,MAN-000048,VEH-0062,WH-012,1,FPS-0337,13.663236,75.574372,15.14,33,DRAFT
RT-0000566,MAN-000048,VEH-0062,WH-012,1,FPS-0337,13.663236,75.574372,15.14,33,DRAFT
RT-0000567,MAN-000048,VEH-0062,WH-012,2,FPS-0512,13.920792,75.801113,37.68,82,DRAFT
RT-0000568,MAN-000048,VEH-0062,WH-012,2,FPS-0512,13.920792,75.801113,37.68,82,DRAFT
RT-0000569,MAN-000048,VEH-0062,WH-012,3,FPS-0537,13.822648,75.748357,12.31,27,DRAFT
RT-0000570,MAN-000048,VEH-0062,WH-012,3,FPS-0537,13.822648,75.748357,12.31,27,DRAFT
RT-0000571,MAN-000048,VEH-0062,WH-012,4,FPS-0587,13.806957,75.525312,24.15,53,DRAFT
RT-0000572,MAN-000048,VEH-0062,WH-012,4,FPS-0587,13.806957,75.525312,24.15,53,DRAFT
RT-0000573,MAN-000048,VEH-0062,WH-012,5,FPS-0562,13.792173,75.532188,1.8,3,DRAFT
RT-0000574,MAN-000048,VEH-0062,WH-012,5,FPS-0562,13.792173,75.532188,1.8,3,DRAFT
RT-0000575,MAN-000048,VEH-0062,WH-012,6,FPS-0237,13.890664,75.704212,21.56,47,DRAFT
RT-0000576,MAN-000048,VEH-0062,WH-012,6,FPS-0237,13.890664,75.704212,21.56,47,DRAFT
RT-0000577,MAN-000049,VEH-0013,WH-013,1,FPS-0013,12.893299,77.496665,13.69,30,PLANNED
RT-0000578,MAN-000049,VEH-0013,WH-013,1,FPS-0013,12.893299,77.496665,13.69,30,PLANNED
RT-0000579,MAN-000049,VEH-0013,WH-013,2,FPS-0363,12.719996,77.503472,19.28,42,PLANNED
RT-0000580,MAN-000049,VEH-0013,WH-013,2,FPS-0363,12.719996,77.503472,19.28,42,PLANNED
RT-0000581,MAN-000049,VEH-0013,WH-013,3,FPS-0388,12.812036,77.405986,14.71,32,PLANNED
RT-0000582,MAN-000049,VEH-0013,WH-013,3,FPS-0388,12.812036,77.405986,14.71,32,PLANNED
RT-0000583,MAN-000049,VEH-0013,WH-013,4,FPS-0163,12.807702,77.494456,9.6,21,PLANNED
RT-0000584,MAN-000049,VEH-0013,WH-013,4,FPS-0163,12.807702,77.494456,9.6,21,PLANNED
RT-0000585,MAN-000049,VEH-0013,WH-013,5,FPS-0313,12.891993,77.443938,10.86,23,PLANNED
RT-0000586,MAN-000049,VEH-0013,WH-013,5,FPS-0313,12.891993,77.443938,10.86,23,PLANNED
RT-0000587,MAN-000049,VEH-0013,WH-013,6,FPS-0513,12.910683,77.638171,21.15,46,PLANNED
RT-0000588,MAN-000049,VEH-0013,WH-013,6,FPS-0513,12.910683,77.638171,21.15,46,PLANNED
RT-0000589,MAN-000050,VEH-0113,WH-013,1,FPS-0488,12.648004,77.676808,19.87,43,DRAFT
RT-0000590,MAN-000050,VEH-0113,WH-013,1,FPS-0488,12.648004,77.676808,19.87,43,DRAFT
RT-0000591,MAN-000050,VEH-0113,WH-013,2,FPS-0338,12.690688,77.499674,19.79,43,DRAFT
RT-0000592,MAN-000050,VEH-0113,WH-013,2,FPS-0338,12.690688,77.499674,19.79,43,DRAFT
RT-0000593,MAN-000050,VEH-0113,WH-013,3,FPS-0588,12.783134,77.626103,17.14,37,DRAFT
RT-0000594,MAN-000050,VEH-0113,WH-013,3,FPS-0588,12.783134,77.626103,17.14,37,DRAFT
RT-0000595,MAN-000050,VEH-0113,WH-013,4,FPS-0188,12.816527,77.663953,5.53,12,DRAFT
RT-0000596,MAN-000050,VEH-0113,WH-013,4,FPS-0188,12.816527,77.663953,5.53,12,DRAFT
RT-0000597,MAN-000050,VEH-0113,WH-013,5,FPS-0113,12.973306,77.715912,18.32,40,DRAFT
RT-0000598,MAN-000050,VEH-0113,WH-013,5,FPS-0113,12.973306,77.715912,18.32,40,DRAFT
RT-0000599,MAN-000050,VEH-0113,WH-013,6,FPS-0063,12.908824,77.610842,13.46,29,DRAFT
RT-0000600,MAN-000050,VEH-0113,WH-013,6,FPS-0063,12.908824,77.610842,13.46,29,DRAFT
RT-0000601,MAN-000051,VEH-0138,WH-013,1,FPS-0088,12.643904,77.452014,21.38,47,PLANNED
RT-0000602,MAN-000051,VEH-0138,WH-013,1,FPS-0088,12.643904,77.452014,21.38,47,PLANNED
RT-0000603,MAN-000051,VEH-0138,WH-013,2,FPS-0038,12.778585,77.541761,17.86,39,PLANNED
RT-0000604,MAN-000051,VEH-0138,WH-013,2,FPS-0038,12.778585,77.541761,17.86,39,PLANNED
RT-0000605,MAN-000051,VEH-0138,WH-013,3,FPS-0138,12.687499,77.453099,13.97,30,PLANNED
RT-0000606,MAN-000051,VEH-0138,WH-013,3,FPS-0138,12.687499,77.453099,13.97,30,PLANNED
RT-0000607,MAN-000051,VEH-0138,WH-013,4,FPS-0463,12.653431,77.497561,6.13,13,PLANNED
RT-0000608,MAN-000051,VEH-0138,WH-013,4,FPS-0463,12.653431,77.497561,6.13,13,PLANNED
RT-0000609,MAN-000051,VEH-0138,WH-013,5,FPS-0213,12.637804,77.490235,1.91,4,PLANNED
RT-0000610,MAN-000051,VEH-0138,WH-013,5,FPS-0213,12.637804,77.490235,1.91,4,PLANNED
RT-0000611,MAN-000051,VEH-0138,WH-013,6,FPS-0413,12.62065,77.639149,16.27,35,PLANNED
RT-0000612,MAN-000051,VEH-0138,WH-013,6,FPS-0413,12.62065,77.639149,16.27,35,PLANNED
RT-0000613,MAN-000052,VEH-0063,WH-013,1,FPS-0288,12.848696,77.597419,6.47,14,DRAFT
RT-0000614,MAN-000052,VEH-0063,WH-013,1,FPS-0288,12.848696,77.597419,6.47,14,DRAFT
RT-0000615,MAN-000052,VEH-0063,WH-013,2,FPS-0238,12.663755,77.455586,25.68,56,DRAFT
RT-0000616,MAN-000052,VEH-0063,WH-013,2,FPS-0238,12.663755,77.455586,25.68,56,DRAFT
RT-0000617,MAN-000052,VEH-0063,WH-013,3,FPS-0563,12.687937,77.685141,25.05,55,DRAFT
RT-0000618,MAN-000052,VEH-0063,WH-013,3,FPS-0563,12.687937,77.685141,25.05,55,DRAFT
RT-0000619,MAN-000052,VEH-0063,WH-013,4,FPS-0438,12.694288,77.432305,27.44,60,DRAFT
RT-0000620,MAN-000052,VEH-0063,WH-013,4,FPS-0438,12.694288,77.432305,27.44,60,DRAFT
RT-0000621,MAN-000052,VEH-0063,WH-013,5,FPS-0538,12.801898,77.531503,16.09,35,DRAFT
RT-0000622,MAN-000052,VEH-0063,WH-013,5,FPS-0538,12.801898,77.531503,16.09,35,DRAFT
RT-0000623,MAN-000052,VEH-0063,WH-013,6,FPS-0263,12.651772,77.748991,28.9,63,DRAFT
RT-0000624,MAN-000052,VEH-0063,WH-013,6,FPS-0263,12.651772,77.748991,28.9,63,DRAFT
RT-0000625,MAN-000053,VEH-0089,WH-014,1,FPS-0014,12.356649,76.736884,16.7,36,DRAFT
RT-0000626,MAN-000053,VEH-0089,WH-014,1,FPS-0014,12.356649,76.736884,16.7,36,DRAFT
RT-0000627,MAN-000053,VEH-0089,WH-014,2,FPS-0164,12.47401,76.797116,14.6,32,DRAFT
RT-0000628,MAN-000053,VEH-0089,WH-014,2,FPS-0164,12.47401,76.797116,14.6,32,DRAFT
RT-0000629,MAN-000053,VEH-0089,WH-014,3,FPS-0539,12.290594,77.055111,34.66,76,DRAFT
RT-0000630,MAN-000053,VEH-0089,WH-014,3,FPS-0539,12.290594,77.055111,34.66,76,DRAFT
RT-0000631,MAN-000053,VEH-0089,WH-014,4,FPS-0214,12.328848,76.887999,18.65,41,DRAFT
RT-0000632,MAN-000053,VEH-0089,WH-014,4,FPS-0214,12.328848,76.887999,18.65,41,DRAFT
RT-0000633,MAN-000053,VEH-0089,WH-014,5,FPS-0064,12.209402,76.738124,21.01,46,DRAFT
RT-0000634,MAN-000053,VEH-0089,WH-014,5,FPS-0064,12.209402,76.738124,21.01,46,DRAFT
RT-0000635,MAN-000053,VEH-0089,WH-014,6,FPS-0089,12.326085,76.921817,23.81,52,DRAFT
RT-0000636,MAN-000053,VEH-0089,WH-014,6,FPS-0089,12.326085,76.921817,23.81,52,DRAFT
RT-0000637,MAN-000054,VEH-0014,WH-014,1,FPS-0364,12.417474,77.058453,22.03,48,DRAFT
RT-0000638,MAN-000054,VEH-0014,WH-014,1,FPS-0364,12.417474,77.058453,22.03,48,DRAFT
RT-0000639,MAN-000054,VEH-0014,WH-014,2,FPS-0564,12.463981,77.017653,6.81,14,DRAFT
RT-0000640,MAN-000054,VEH-0014,WH-014,2,FPS-0564,12.463981,77.017653,6.81,14,DRAFT
RT-0000641,MAN-000054,VEH-0014,WH-014,3,FPS-0264,12.164955,76.753933,43.89,96,DRAFT
RT-0000642,MAN-000054,VEH-0014,WH-014,3,FPS-0264,12.164955,76.753933,43.89,96,DRAFT
RT-0000643,MAN-000054,VEH-0014,WH-014,4,FPS-0414,12.354429,76.937592,29.02,63,DRAFT
RT-0000644,MAN-000054,VEH-0014,WH-014,4,FPS-0414,12.354429,76.937592,29.02,63,DRAFT
RT-0000645,MAN-000054,VEH-0014,WH-014,5,FPS-0489,12.44733,76.864485,13.03,28,DRAFT
RT-0000646,MAN-000054,VEH-0014,WH-014,5,FPS-0489,12.44733,76.864485,13.03,28,DRAFT
RT-0000647,MAN-000054,VEH-0014,WH-014,6,FPS-0189,12.255484,77.047413,29.15,64,DRAFT
RT-0000648,MAN-000054,VEH-0014,WH-014,6,FPS-0189,12.255484,77.047413,29.15,64,DRAFT
RT-0000649,MAN-000055,VEH-0014,WH-014,1,FPS-0114,12.441691,76.942173,15.37,33,DRAFT
RT-0000650,MAN-000055,VEH-0014,WH-014,1,FPS-0114,12.441691,76.942173,15.37,33,DRAFT
RT-0000651,MAN-000055,VEH-0014,WH-014,2,FPS-0439,12.272349,77.016712,20.5,45,DRAFT
RT-0000652,MAN-000055,VEH-0014,WH-014,2,FPS-0439,12.272349,77.016712,20.5,45,DRAFT
RT-0000653,MAN-000055,VEH-0014,WH-014,3,FPS-0239,12.283201,77.010073,1.41,3,DRAFT
RT-0000654,MAN-000055,VEH-0014,WH-014,3,FPS-0239,12.283201,77.010073,1.41,3,DRAFT
RT-0000655,MAN-000055,VEH-0014,WH-014,4,FPS-0039,12.390759,76.713601,34.35,75,DRAFT
RT-0000656,MAN-000055,VEH-0014,WH-014,4,FPS-0039,12.390759,76.713601,34.35,75,DRAFT
RT-0000657,MAN-000055,VEH-0014,WH-014,5,FPS-0589,12.144756,76.758829,27.79,61,DRAFT
RT-0000658,MAN-000055,VEH-0014,WH-014,5,FPS-0589,12.144756,76.758829,27.79,61,DRAFT
RT-0000659,MAN-000055,VEH-0014,WH-014,6,FPS-0389,12.178367,76.983094,24.66,54,DRAFT
RT-0000660,MAN-000055,VEH-0014,WH-014,6,FPS-0389,12.178367,76.983094,24.66,54,DRAFT
RT-0000661,MAN-000056,VEH-0114,WH-014,1,FPS-0139,12.313231,76.797098,9.51,20,PLANNED
RT-0000662,MAN-000056,VEH-0114,WH-014,1,FPS-0139,12.313231,76.797098,9.51,20,PLANNED
RT-0000663,MAN-000056,VEH-0114,WH-014,2,FPS-0289,12.314825,76.864861,7.36,16,PLANNED
RT-0000664,MAN-000056,VEH-0114,WH-014,2,FPS-0289,12.314825,76.864861,7.36,16,PLANNED
RT-0000665,MAN-000056,VEH-0114,WH-014,3,FPS-0514,12.442498,76.741918,19.49,42,PLANNED
RT-0000666,MAN-000056,VEH-0114,WH-014,3,FPS-0514,12.442498,76.741918,19.49,42,PLANNED
RT-0000667,MAN-000056,VEH-0114,WH-014,4,FPS-0314,12.331478,76.942202,25.01,55,PLANNED
RT-0000668,MAN-000056,VEH-0114,WH-014,4,FPS-0314,12.331478,76.942202,25.01,55,PLANNED
RT-0000669,MAN-000056,VEH-0114,WH-014,5,FPS-0339,12.454621,76.774598,22.78,50,PLANNED
RT-0000670,MAN-000056,VEH-0114,WH-014,5,FPS-0339,12.454621,76.774598,22.78,50,PLANNED
RT-0000671,MAN-000056,VEH-0114,WH-014,6,FPS-0464,12.3024,76.997658,29.55,65,PLANNED
RT-0000672,MAN-000056,VEH-0114,WH-014,6,FPS-0464,12.3024,76.997658,29.55,65,PLANNED
RT-0000673,MAN-000057,VEH-0140,WH-015,1,FPS-0165,13.462417,76.815036,16.9,37,DRAFT
RT-0000674,MAN-000057,VEH-0140,WH-015,1,FPS-0165,13.462417,76.815036,16.9,37,DRAFT
RT-0000675,MAN-000057,VEH-0140,WH-015,2,FPS-0090,13.420376,76.952789,15.61,34,DRAFT
RT-0000676,MAN-000057,VEH-0140,WH-015,2,FPS-0090,13.420376,76.952789,15.61,34,DRAFT
RT-0000677,MAN-000057,VEH-0140,WH-015,3,FPS-0240,13.418903,76.840118,12.19,26,DRAFT
RT-0000678,MAN-000057,VEH-0140,WH-015,3,FPS-0240,13.418903,76.840118,12.19,26,DRAFT
RT-0000679,MAN-000057,VEH-0140,WH-015,4,FPS-0490,13.508785,76.882593,11.0,24,DRAFT
RT-0000680,MAN-000057,VEH-0140,WH-015,4,FPS-0490,13.508785,76.882593,11.0,24,DRAFT
RT-0000681,MAN-000057,VEH-0140,WH-015,5,FPS-0065,13.462093,76.97375,11.14,24,DRAFT
RT-0000682,MAN-000057,VEH-0140,WH-015,5,FPS-0065,13.462093,76.97375,11.14,24,DRAFT
RT-0000683,MAN-000057,VEH-0140,WH-015,6,FPS-0565,13.598004,77.039966,16.72,36,DRAFT
RT-0000684,MAN-000057,VEH-0140,WH-015,6,FPS-0565,13.598004,77.039966,16.72,36,DRAFT
RT-0000685,MAN-000058,VEH-0015,WH-015,1,FPS-0015,13.608955,76.816619,16.74,36,PLANNED
RT-0000686,MAN-000058,VEH-0015,WH-015,1,FPS-0015,13.608955,76.816619,16.74,36,PLANNED
RT-0000687,MAN-000058,VEH-0015,WH-015,2,FPS-0190,13.711813,77.044247,27.12,59,PLANNED
RT-0000688,MAN-000058,VEH-0015,WH-015,2,FPS-0190,13.711813,77.044247,27.12,59,PLANNED
RT-0000689,MAN-000058,VEH-0015,WH-015,3,FPS-0590,13.674952,76.963346,9.65,21,PLANNED
RT-0000690,MAN-000058,VEH-0015,WH-015,3,FPS-0590,13.674952,76.963346,9.65,21,PLANNED
RT-0000691,MAN-000058,VEH-0015,WH-015,4,FPS-0365,13.490673,76.967888,20.5,45,PLANNED
RT-0000692,MAN-000058,VEH-0015,WH-015,4,FPS-0365,13.490673,76.967888,20.5,45,PLANNED
RT-0000693,MAN-000058,VEH-0015,WH-015,5,FPS-0390,13.386521,76.903626,13.51,29,PLANNED
RT-0000694,MAN-000058,VEH-0015,WH-015,5,FPS-0390,13.386521,76.903626,13.51,29,PLANNED
RT-0000695,MAN-000058,VEH-0015,WH-015,6,FPS-0265,13.452281,76.910842,7.35,16,PLANNED
RT-0000696,MAN-000058,VEH-0015,WH-015,6,FPS-0265,13.452281,76.910842,7.35,16,PLANNED
RT-0000697,MAN-000059,VEH-0090,WH-015,1,FPS-0215,13.519428,76.921876,3.72,8,DRAFT
RT-0000698,MAN-000059,VEH-0090,WH-015,1,FPS-0215,13.519428,76.921876,3.72,8,DRAFT
RT-0000699,MAN-000059,VEH-0090,WH-015,2,FPS-0340,13.603673,76.787261,17.31,38,DRAFT
RT-0000700,MAN-000059,VEH-0090,WH-015,2,FPS-0340,13.603673,76.787261,17.31,38,DRAFT
RT-0000701,MAN-000059,VEH-0090,WH-015,3,FPS-0140,13.405809,76.920186,26.28,57,DRAFT
RT-0000702,MAN-000059,VEH-0090,WH-015,3,FPS-0140,13.405809,76.920186,26.28,57,DRAFT
RT-0000703,MAN-000059,VEH-0090,WH-015,4,FPS-0290,13.387829,76.833429,9.6,21,DRAFT
RT-0000704,MAN-000059,VEH-0090,WH-015,4,FPS-0290,13.387829,76.833429,9.6,21,DRAFT
RT-0000705,MAN-000059,VEH-0090,WH-015,5,FPS-0315,13.447733,77.013066,20.54,45,DRAFT
RT-0000706,MAN-000059,VEH-0090,WH-015,5,FPS-0315,13.447733,77.013066,20.54,45,DRAFT
RT-0000707,MAN-000059,VEH-0090,WH-015,6,FPS-0440,13.642382,76.99989,21.69,47,DRAFT
RT-0000708,MAN-000059,VEH-0090,WH-015,6,FPS-0440,13.642382,76.99989,21.69,47,DRAFT
RT-0000709,MAN-000060,VEH-0115,WH-015,1,FPS-0415,13.480616,76.869987,10.77,23,PLANNED
RT-0000710,MAN-000060,VEH-0115,WH-015,1,FPS-0415,13.480616,76.869987,10.77,23,PLANNED
RT-0000711,MAN-000060,VEH-0115,WH-015,2,FPS-0515,13.618932,77.006275,21.3,46,PLANNED
RT-0000712,MAN-000060,VEH-0115,WH-015,2,FPS-0515,13.618932,77.006275,21.3,46,PLANNED
RT-0000713,MAN-000060,VEH-0115,WH-015,3,FPS-0115,13.627282,77.022142,1.95,4,PLANNED
RT-0000714,MAN-000060,VEH-0115,WH-015,3,FPS-0115,13.627282,77.022142,1.95,4,PLANNED
RT-0000715,MAN-000060,VEH-0115,WH-015,4,FPS-0465,13.535357,77.121063,14.79,32,PLANNED
RT-0000716,MAN-000060,VEH-0115,WH-015,4,FPS-0465,13.535357,77.121063,14.79,32,PLANNED
RT-0000717,MAN-000060,VEH-0115,WH-015,5,FPS-0040,13.453789,77.130441,9.13,20,PLANNED
RT-0000718,MAN-000060,VEH-0115,WH-015,5,FPS-0040,13.453789,77.130441,9.13,20,PLANNED
RT-0000719,MAN-000060,VEH-0115,WH-015,6,FPS-0540,13.449251,76.853923,29.91,65,PLANNED
RT-0000720,MAN-000060,VEH-0115,WH-015,6,FPS-0540,13.449251,76.853923,29.91,65,PLANNED
RT-0000721,MAN-000061,VEH-0016,WH-016,1,FPS-0216,12.649694,76.524329,16.65,36,PLANNED
RT-0000722,MAN-000061,VEH-0016,WH-016,1,FPS-0216,12.649694,76.524329,16.65,36,PLANNED
RT-0000723,MAN-000061,VEH-0016,WH-016,2,FPS-0591,12.620082,76.656664,14.73,32,PLANNED
RT-0000724,MAN-000061,VEH-0016,WH-016,2,FPS-0591,12.620082,76.656664,14.73,32,PLANNED
RT-0000725,MAN-000061,VEH-0016,WH-016,3,FPS-0366,12.5821,76.59684,7.74,17,PLANNED
RT-0000726,MAN-000061,VEH-0016,WH-016,3,FPS-0366,12.5821,76.59684,7.74,17,PLANNED
RT-0000727,MAN-000061,VEH-0016,WH-016,4,FPS-0041,12.392558,76.482157,24.48,53,PLANNED
RT-0000728,MAN-000061,VEH-0016,WH-016,4,FPS-0041,12.392558,76.482157,24.48,53,PLANNED
RT-0000729,MAN-000061,VEH-0016,WH-016,5,FPS-0416,12.404862,76.705942,24.34,53,PLANNED
RT-0000730,MAN-000061,VEH-0016,WH-016,5,FPS-0416,12.404862,76.705942,24.34,53,PLANNED
RT-0000731,MAN-000061,VEH-0016,WH-016,6,FPS-0116,12.334699,76.590894,14.73,32,PLANNED
RT-0000732,MAN-000061,VEH-0016,WH-016,6,FPS-0116,12.334699,76.590894,14.73,32,PLANNED
RT-0000733,MAN-000062,VEH-0116,WH-016,1,FPS-0541,12.447911,76.60914,7.77,17,PLANNED
RT-0000734,MAN-000062,VEH-0116,WH-016,1,FPS-0541,12.447911,76.60914,7.77,17,PLANNED
RT-0000735,MAN-000062,VEH-0116,WH-016,2,FPS-0316,12.378784,76.601186,7.73,17,PLANNED
RT-0000736,MAN-000062,VEH-0116,WH-016,2,FPS-0316,12.378784,76.601186,7.73,17,PLANNED
RT-0000737,MAN-000062,VEH-0116,WH-016,3,FPS-0066,12.421959,76.599243,4.81,10,PLANNED
RT-0000738,MAN-000062,VEH-0116,WH-016,3,FPS-0066,12.421959,76.599243,4.81,10,PLANNED
RT-0000739,MAN-000062,VEH-0116,WH-016,4,FPS-0241,12.381297,76.544283,7.49,16,PLANNED
RT-0000740,MAN-000062,VEH-0116,WH-016,4,FPS-0241,12.381297,76.544283,7.49,16,PLANNED
RT-0000741,MAN-000062,VEH-0116,WH-016,5,FPS-0466,12.602823,76.664583,27.88,61,PLANNED
RT-0000742,MAN-000062,VEH-0116,WH-016,5,FPS-0466,12.602823,76.664583,27.88,61,PLANNED
RT-0000743,MAN-000062,VEH-0116,WH-016,6,FPS-0291,12.427274,76.457255,29.79,65,PLANNED
RT-0000744,MAN-000062,VEH-0116,WH-016,6,FPS-0291,12.427274,76.457255,29.79,65,PLANNED
RT-0000745,MAN-000063,VEH-0016,WH-016,1,FPS-0441,12.58847,76.400846,20.59,45,PLANNED
RT-0000746,MAN-000063,VEH-0016,WH-016,1,FPS-0441,12.58847,76.400846,20.59,45,PLANNED
RT-0000747,MAN-000063,VEH-0016,WH-016,2,FPS-0516,12.432937,76.53011,22.27,48,PLANNED
RT-0000748,MAN-000063,VEH-0016,WH-016,2,FPS-0516,12.432937,76.53011,22.27,48,PLANNED
RT-0000749,MAN-000063,VEH-0016,WH-016,3,FPS-0016,12.450702,76.634937,11.55,25,PLANNED
RT-0000750,MAN-000063,VEH-0016,WH-016,3,FPS-0016,12.450702,76.634937,11.55,25,PLANNED
RT-0000751,MAN-000063,VEH-0016,WH-016,4,FPS-0391,12.604202,76.578335,18.14,39,PLANNED
RT-0000752,MAN-000063,VEH-0016,WH-016,4,FPS-0391,12.604202,76.578335,18.14,39,PLANNED
RT-0000753,MAN-000063,VEH-0016,WH-016,5,FPS-0191,12.639382,76.736283,17.58,38,PLANNED
RT-0000754,MAN-000063,VEH-0016,WH-016,5,FPS-0191,12.639382,76.736283,17.58,38,PLANNED
RT-0000755,MAN-000063,VEH-0016,WH-016,6,FPS-0566,12.667038,76.655128,9.33,20,PLANNED
RT-0000756,MAN-000063,VEH-0016,WH-016,6,FPS-0566,12.667038,76.655128,9.33,20,PLANNED
RT-0000757,MAN-000064,VEH-0091,WH-016,1,FPS-0141,12.530503,76.597509,3.86,8,PLANNED
RT-0000758,MAN-000064,VEH-0091,WH-016,1,FPS-0141,12.530503,76.597509,3.86,8,PLANNED
RT-0000759,MAN-000064,VEH-0091,WH-016,2,FPS-0341,12.465842,76.397389,22.88,50,PLANNED
RT-0000760,MAN-000064,VEH-0091,WH-016,2,FPS-0341,12.465842,76.397389,22.88,50,PLANNED
RT-0000761,MAN-000064,VEH-0091,WH-016,3,FPS-0166,12.461113,76.723592,35.42,77,PLANNED
RT-0000762,MAN-000064,VEH-0091,WH-016,3,FPS-0166,12.461113,76.723592,35.42,77,PLANNED
RT-0000763,MAN-000064,VEH-0091,WH-016,4,FPS-0491,12.585915,76.505311,27.46,60,PLANNED
RT-0000764,MAN-000064,VEH-0091,WH-016,4,FPS-0491,12.585915,76.505311,27.46,60,PLANNED
RT-0000765,MAN-000064,VEH-0091,WH-016,5,FPS-0091,12.503681,76.673071,20.38,44,PLANNED
RT-0000766,MAN-000064,VEH-0091,WH-016,5,FPS-0091,12.503681,76.673071,20.38,44,PLANNED
RT-0000767,MAN-000064,VEH-0091,WH-016,6,FPS-0266,12.514365,76.60295,7.7,16,PLANNED
RT-0000768,MAN-000064,VEH-0091,WH-016,6,FPS-0266,12.514365,76.60295,7.7,16,PLANNED
RT-0000769,MAN-000065,VEH-0117,WH-017,1,FPS-0017,13.254894,75.66061,20.11,44,PLANNED
RT-0000770,MAN-000065,VEH-0117,WH-017,1,FPS-0017,13.254894,75.66061,20.11,44,PLANNED
RT-0000771,MAN-000065,VEH-0117,WH-017,2,FPS-0467,13.093759,75.710134,18.7,41,PLANNED
RT-0000772,MAN-000065,VEH-0117,WH-017,2,FPS-0467,13.093759,75.710134,18.7,41,PLANNED
RT-0000773,MAN-000065,VEH-0117,WH-017,3,FPS-0392,13.244932,75.745123,17.23,37,PLANNED
RT-0000774,MAN-000065,VEH-0117,WH-017,3,FPS-0392,13.244932,75.745123,17.23,37,PLANNED
RT-0000775,MAN-000065,VEH-0117,WH-017,4,FPS-0567,13.236037,75.920872,19.05,41,PLANNED
RT-0000776,MAN-000065,VEH-0117,WH-017,4,FPS-0567,13.236037,75.920872,19.05,41,PLANNED
RT-0000777,MAN-000065,VEH-0117,WH-017,5,FPS-0242,13.094669,75.741395,24.99,54,PLANNED
RT-0000778,MAN-000065,VEH-0117,WH-017,5,FPS-0242,13.094669,75.741395,24.99,54,PLANNED
RT-0000779,MAN-000065,VEH-0117,WH-017,6,FPS-0367,13.1966,75.781412,12.13,26,PLANNED
RT-0000780,MAN-000065,VEH-0117,WH-017,6,FPS-0367,13.1966,75.781412,12.13,26,PLANNED
RT-0000781,MAN-000066,VEH-0092,WH-017,1,FPS-0292,13.125397,75.898039,9.36,20,DRAFT
RT-0000782,MAN-000066,VEH-0092,WH-017,1,FPS-0292,13.125397,75.898039,9.36,20,DRAFT
RT-0000783,MAN-000066,VEH-0092,WH-017,2,FPS-0517,13.118593,75.72327,18.94,41,DRAFT
RT-0000784,MAN-000066,VEH-0092,WH-017,2,FPS-0517,13.118593,75.72327,18.94,41,DRAFT
RT-0000785,MAN-000066,VEH-0092,WH-017,3,FPS-0167,12.998617,75.957954,28.71,63,DRAFT
RT-0000786,MAN-000066,VEH-0092,WH-017,3,FPS-0167,12.998617,75.957954,28.71,63,DRAFT
RT-0000787,MAN-000066,VEH-0092,WH-017,4,FPS-0317,13.195917,75.932657,22.11,48,DRAFT
RT-0000788,MAN-000066,VEH-0092,WH-017,4,FPS-0317,13.195917,75.932657,22.11,48,DRAFT
RT-0000789,MAN-000066,VEH-0092,WH-017,5,FPS-0417,13.229214,75.713491,24.01,52,DRAFT
RT-0000790,MAN-000066,VEH-0092,WH-017,5,FPS-0417,13.229214,75.713491,24.01,52,DRAFT
RT-0000791,MAN-000066,VEH-0092,WH-017,6,FPS-0217,13.135498,75.908333,23.53,51,DRAFT
RT-0000792,MAN-000066,VEH-0092,WH-017,6,FPS-0217,13.135498,75.908333,23.53,51,DRAFT
RT-0000793,MAN-000067,VEH-0092,WH-017,1,FPS-0142,13.210799,75.831594,5.31,11,DRAFT
RT-0000794,MAN-000067,VEH-0092,WH-017,1,FPS-0142,13.210799,75.831594,5.31,11,DRAFT
RT-0000795,MAN-000067,VEH-0092,WH-017,2,FPS-0342,13.071735,75.956488,20.54,45,DRAFT
RT-0000796,MAN-000067,VEH-0092,WH-017,2,FPS-0342,13.071735,75.956488,20.54,45,DRAFT
RT-0000797,MAN-000067,VEH-0092,WH-017,3,FPS-0067,13.018857,75.737454,24.44,53,DRAFT
RT-0000798,MAN-000067,VEH-0092,WH-017,3,FPS-0067,13.018857,75.737454,24.44,53,DRAFT
RT-0000799,MAN-000067,VEH-0092,WH-017,4,FPS-0492,13.226155,75.748465,23.08,50,DRAFT
RT-0000800,MAN-000067,VEH-0092,WH-017,4,FPS-0492,13.226155,75.748465,23.08,50,DRAFT
RT-0000801,MAN-000067,VEH-0092,WH-017,5,FPS-0092,13.331002,75.708381,12.44,27,DRAFT
RT-0000802,MAN-000067,VEH-0092,WH-017,5,FPS-0092,13.331002,75.708381,12.44,27,DRAFT
RT-0000803,MAN-000067,VEH-0092,WH-017,6,FPS-0542,13.1012,75.670459,25.88,56,DRAFT
RT-0000804,MAN-000067,VEH-0092,WH-017,6,FPS-0542,13.1012,75.670459,25.88,56,DRAFT
RT-0000805,MAN-000068,VEH-0142,WH-017,1,FPS-0192,13.283421,75.775291,14.17,31,PLANNED
RT-0000806,MAN-000068,VEH-0142,WH-017,1,FPS-0192,13.283421,75.775291,14.17,31,PLANNED
RT-0000807,MAN-000068,VEH-0142,WH-017,2,FPS-0592,13.148447,75.675344,18.5,40,PLANNED
RT-0000808,MAN-000068,VEH-0142,WH-017,2,FPS-0592,13.148447,75.675344,18.5,40,PLANNED
RT-0000809,MAN-000068,VEH-0142,WH-017,3,FPS-0117,13.073833,75.878258,23.49,51,PLANNED
RT-0000810,MAN-000068,VEH-0142,WH-017,3,FPS-0117,13.073833,75.878258,23.49,51,PLANNED
RT-0000811,MAN-000068,VEH-0142,WH-017,4,FPS-0267,13.161475,75.658826,25.68,56,PLANNED
RT-0000812,MAN-000068,VEH-0142,WH-017,4,FPS-0267,13.161475,75.658826,25.68,56,PLANNED
RT-0000813,MAN-000068,VEH-0142,WH-017,5,FPS-0042,13.314624,75.860998,27.73,61,PLANNED
RT-0000814,MAN-000068,VEH-0142,WH-017,5,FPS-0042,13.314624,75.860998,27.73,61,PLANNED
RT-0000815,MAN-000068,VEH-0142,WH-017,6,FPS-0442,13.152817,75.996131,23.19,51,PLANNED
RT-0000816,MAN-000068,VEH-0142,WH-017,6,FPS-0442,13.152817,75.996131,23.19,51,PLANNED
RT-0000817,MAN-000069,VEH-0093,WH-018,1,FPS-0393,13.719214,75.696379,9.69,21,PLANNED
RT-0000818,MAN-000069,VEH-0093,WH-018,1,FPS-0393,13.719214,75.696379,9.69,21,PLANNED
RT-0000819,MAN-000069,VEH-0093,WH-018,2,FPS-0468,13.773323,75.889436,21.7,47,PLANNED
RT-0000820,MAN-000069,VEH-0093,WH-018,2,FPS-0468,13.773323,75.889436,21.7,47,PLANNED
RT-0000821,MAN-000069,VEH-0093,WH-018,3,FPS-0293,13.481391,75.841962,32.86,72,PLANNED
RT-0000822,MAN-000069,VEH-0093,WH-018,3,FPS-0293,13.481391,75.841962,32.86,72,PLANNED
RT-0000823,MAN-000069,VEH-0093,WH-018,4,FPS-0243,13.680692,75.789313,22.88,50,PLANNED
RT-0000824,MAN-000069,VEH-0093,WH-018,4,FPS-0243,13.680692,75.789313,22.88,50,PLANNED
RT-0000825,MAN-000069,VEH-0093,WH-018,5,FPS-0418,13.524703,75.851544,18.6,40,PLANNED
RT-0000826,MAN-000069,VEH-0093,WH-018,5,FPS-0418,13.524703,75.851544,18.6,40,PLANNED
RT-0000827,MAN-000069,VEH-0093,WH-018,6,FPS-0368,13.507161,75.925757,8.26,18,PLANNED
RT-0000828,MAN-000069,VEH-0093,WH-018,6,FPS-0368,13.507161,75.925757,8.26,18,PLANNED
RT-0000829,MAN-000070,VEH-0143,WH-018,1,FPS-0318,13.652222,75.721233,4.18,9,PLANNED
RT-0000830,MAN-000070,VEH-0143,WH-018,1,FPS-0318,13.652222,75.721233,4.18,9,PLANNED
RT-0000831,MAN-000070,VEH-0143,WH-018,2,FPS-0043,13.483826,75.823625,21.75,47,PLANNED
RT-0000832,MAN-000070,VEH-0143,WH-018,2,FPS-0043,13.483826,75.823625,21.75,47,PLANNED
RT-0000833,MAN-000070,VEH-0143,WH-018,3,FPS-0143,13.498156,75.756693,7.41,16,PLANNED
RT-0000834,MAN-000070,VEH-0143,WH-018,3,FPS-0143,13.498156,75.756693,7.41,16,PLANNED
RT-0000835,MAN-000070,VEH-0143,WH-018,4,FPS-0268,13.527199,75.582277,19.13,42,PLANNED
RT-0000836,MAN-000070,VEH-0143,WH-018,4,FPS-0268,13.527199,75.582277,19.13,42,PLANNED
RT-0000837,MAN-000070,VEH-0143,WH-018,5,FPS-0168,13.529592,75.847304,28.65,63,PLANNED
RT-0000838,MAN-000070,VEH-0143,WH-018,5,FPS-0168,13.529592,75.847304,28.65,63,PLANNED
RT-0000839,MAN-000070,VEH-0143,WH-018,6,FPS-0193,13.653039,75.586188,31.38,69,PLANNED
RT-0000840,MAN-000070,VEH-0143,WH-018,6,FPS-0193,13.653039,75.586188,31.38,69,PLANNED
RT-0000841,MAN-000071,VEH-0093,WH-018,1,FPS-0568,13.818415,75.621833,23.28,51,PLANNED
RT-0000842,MAN-000071,VEH-0093,WH-018,1,FPS-0568,13.818415,75.621833,23.28,51,PLANNED
RT-0000843,MAN-000071,VEH-0093,WH-018,2,FPS-0593,13.654962,75.790071,25.7,56,PLANNED
RT-0000844,MAN-000071,VEH-0093,WH-018,2,FPS-0593,13.654962,75.790071,25.7,56,PLANNED
RT-0000845,MAN-000071,VEH-0093,WH-018,3,FPS-0118,13.821389,75.850761,19.63,43,PLANNED
RT-0000846,MAN-000071,VEH-0093,WH-018,3,FPS-0118,13.821389,75.850761,19.63,43,PLANNED
RT-0000847,MAN-000071,VEH-0093,WH-018,4,FPS-0443,13.546403,75.874343,30.68,67,PLANNED
RT-0000848,MAN-000071,VEH-0093,WH-018,4,FPS-0443,13.546403,75.874343,30.68,67,PLANNED
RT-0000849,MAN-000071,VEH-0093,WH-018,5,FPS-0218,13.670001,75.862045,13.81,30,PLANNED
RT-0000850,MAN-000071,VEH-0093,WH-018,5,FPS-0218,13.670001,75.862045,13.81,30,PLANNED
RT-0000851,MAN-000071,VEH-0093,WH-018,6,FPS-0343,13.562725,75.84845,12.02,26,PLANNED
RT-0000852,MAN-000071,VEH-0093,WH-018,6,FPS-0343,13.562725,75.84845,12.02,26,PLANNED
RT-0000853,MAN-000072,VEH-0068,WH-018,1,FPS-0068,13.517587,75.619412,21.7,47,PLANNED
RT-0000854,MAN-000072,VEH-0068,WH-018,1,FPS-0068,13.517587,75.619412,21.7,47,PLANNED
RT-0000855,MAN-000072,VEH-0068,WH-018,2,FPS-0093,13.770157,75.907351,41.91,92,PLANNED
RT-0000856,MAN-000072,VEH-0068,WH-018,2,FPS-0093,13.770157,75.907351,41.91,92,PLANNED
RT-0000857,MAN-000072,VEH-0068,WH-018,3,FPS-0493,13.664934,75.73333,22.14,48,PLANNED
RT-0000858,MAN-000072,VEH-0068,WH-018,3,FPS-0493,13.664934,75.73333,22.14,48,PLANNED
RT-0000859,MAN-000072,VEH-0068,WH-018,4,FPS-0018,13.490515,75.662928,20.83,45,PLANNED
RT-0000860,MAN-000072,VEH-0068,WH-018,4,FPS-0018,13.490515,75.662928,20.83,45,PLANNED
RT-0000861,MAN-000072,VEH-0068,WH-018,5,FPS-0543,13.773977,75.78324,34.1,75,PLANNED
RT-0000862,MAN-000072,VEH-0068,WH-018,5,FPS-0543,13.773977,75.78324,34.1,75,PLANNED
RT-0000863,MAN-000072,VEH-0068,WH-018,6,FPS-0518,13.569249,75.657943,26.49,58,PLANNED
RT-0000864,MAN-000072,VEH-0068,WH-018,6,FPS-0518,13.569249,75.657943,26.49,58,PLANNED
RT-0000865,MAN-000073,VEH-0019,WH-019,1,FPS-0019,12.853278,77.763,4.82,10,PLANNED
RT-0000866,MAN-000073,VEH-0019,WH-019,1,FPS-0019,12.853278,77.763,4.82,10,PLANNED
RT-0000867,MAN-000073,VEH-0019,WH-019,2,FPS-0569,12.834494,77.723364,4.78,10,PLANNED
RT-0000868,MAN-000073,VEH-0019,WH-019,2,FPS-0569,12.834494,77.723364,4.78,10,PLANNED
RT-0000869,MAN-000073,VEH-0019,WH-019,3,FPS-0044,12.982294,77.939703,28.63,62,PLANNED
RT-0000870,MAN-000073,VEH-0019,WH-019,3,FPS-0044,12.982294,77.939703,28.63,62,PLANNED
RT-0000871,MAN-000073,VEH-0019,WH-019,4,FPS-0394,12.752123,77.701706,36.34,79,PLANNED
RT-0000872,MAN-000073,VEH-0019,WH-019,4,FPS-0394,12.752123,77.701706,36.34,79,PLANNED
RT-0000873,MAN-000073,VEH-0019,WH-019,5,FPS-0294,13.046713,77.683643,32.82,72,PLANNED
RT-0000874,MAN-000073,VEH-0019,WH-019,5,FPS-0294,13.046713,77.683643,32.82,72,PLANNED
RT-0000875,MAN-000073,VEH-0019,WH-019,6,FPS-0269,12.828111,77.67288,24.34,53,PLANNED
RT-0000876,MAN-000073,VEH-0019,WH-019,6,FPS-0269,12.828111,77.67288,24.34,53,PLANNED
RT-0000877,MAN-000074,VEH-0019,WH-019,1,FPS-0119,12.917298,77.875446,9.49,20,PLANNED
RT-0000878,MAN-000074,VEH-0019,WH-019,1,FPS-0119,12.917298,77.875446,9.49,20,PLANNED
RT-0000879,MAN-000074,VEH-0019,WH-019,2,FPS-0219,13.032,77.940773,14.59,32,PLANNED
RT-0000880,MAN-000074,VEH-0019,WH-019,2,FPS-0219,13.032,77.940773,14.59,32,PLANNED
RT-0000881,MAN-000074,VEH-0019,WH-019,3,FPS-0319,12.991743,77.886312,7.41,16,PLANNED
RT-0000882,MAN-000074,VEH-0019,WH-019,3,FPS-0319,12.991743,77.886312,7.41,16,PLANNED
RT-0000883,MAN-000074,VEH-0019,WH-019,4,FPS-0244,12.734986,77.775407,30.98,68,PLANNED
RT-0000884,MAN-000074,VEH-0019,WH-019,4,FPS-0244,12.734986,77.775407,30.98,68,PLANNED
RT-0000885,MAN-000074,VEH-0019,WH-019,5,FPS-0494,12.926775,77.881977,24.25,53,PLANNED
RT-0000886,MAN-000074,VEH-0019,WH-019,5,FPS-0494,12.926775,77.881977,24.25,53,PLANNED
RT-0000887,MAN-000074,VEH-0019,WH-019,6,FPS-0369,12.803392,77.85454,14.04,30,PLANNED
RT-0000888,MAN-000074,VEH-0019,WH-019,6,FPS-0369,12.803392,77.85454,14.04,30,PLANNED
RT-0000889,MAN-000075,VEH-0069,WH-019,1,FPS-0069,12.825642,77.729623,9.56,21,PLANNED
RT-0000890,MAN-000075,VEH-0069,WH-019,1,FPS-0069,12.825642,77.729623,9.56,21,PLANNED
RT-0000891,MAN-000075,VEH-0069,WH-019,2,FPS-0469,12.759134,77.778792,9.12,20,PLANNED
RT-0000892,MAN-000075,VEH-0069,WH-019,2,FPS-0469,12.759134,77.778792,9.12,20,PLANNED
RT-0000893,MAN-000075,VEH-0069,WH-019,3,FPS-0544,13.062655,77.773172,33.76,74,PLANNED
RT-0000894,MAN-000075,VEH-0069,WH-019,3,FPS-0544,13.062655,77.773172,33.76,74,PLANNED
RT-0000895,MAN-000075,VEH-0069,WH-019,4,FPS-0594,12.845172,77.850105,25.58,56,PLANNED
RT-0000896,MAN-000075,VEH-0069,WH-019,4,FPS-0594,12.845172,77.850105,25.58,56,PLANNED
RT-0000897,MAN-000075,VEH-0069,WH-019,5,FPS-0444,12.845401,77.738133,12.14,26,PLANNED
RT-0000898,MAN-000075,VEH-0069,WH-019,5,FPS-0444,12.845401,77.738133,12.14,26,PLANNED
RT-0000899,MAN-000075,VEH-0069,WH-019,6,FPS-0519,12.741408,77.736194,11.57,25,PLANNED
RT-0000900,MAN-000075,VEH-0069,WH-019,6,FPS-0519,12.741408,77.736194,11.57,25,PLANNED
RT-0000901,MAN-000076,VEH-0094,WH-019,1,FPS-0419,12.805051,77.846649,10.32,22,PLANNED
RT-0000902,MAN-000076,VEH-0094,WH-019,1,FPS-0419,12.805051,77.846649,10.32,22,PLANNED
RT-0000903,MAN-000076,VEH-0094,WH-019,2,FPS-0169,12.892019,77.819669,10.1,22,PLANNED
RT-0000904,MAN-000076,VEH-0094,WH-019,2,FPS-0169,12.892019,77.819669,10.1,22,PLANNED
RT-0000905,MAN-000076,VEH-0094,WH-019,3,FPS-0094,12.764455,77.969764,21.59,47,PLANNED
RT-0000906,MAN-000076,VEH-0094,WH-019,3,FPS-0094,12.764455,77.969764,21.59,47,PLANNED
RT-0000907,MAN-000076,VEH-0094,WH-019,4,FPS-0144,13.027553,77.910657,29.95,65,PLANNED
RT-0000908,MAN-000076,VEH-0094,WH-019,4,FPS-0144,13.027553,77.910657,29.95,65,PLANNED
RT-0000909,MAN-000076,VEH-0094,WH-019,5,FPS-0344,12.735165,77.863993,32.9,72,PLANNED
RT-0000910,MAN-000076,VEH-0094,WH-019,5,FPS-0344,12.735165,77.863993,32.9,72,PLANNED
RT-0000911,MAN-000076,VEH-0094,WH-019,6,FPS-0194,12.809316,77.631111,26.57,58,PLANNED
RT-0000912,MAN-000076,VEH-0094,WH-019,6,FPS-0194,12.809316,77.631111,26.57,58,PLANNED
RT-0000913,MAN-000077,VEH-0120,WH-020,1,FPS-0470,12.274428,76.5161,8.85,19,PLANNED
RT-0000914,MAN-000077,VEH-0120,WH-020,1,FPS-0470,12.274428,76.5161,8.85,19,PLANNED
RT-0000915,MAN-000077,VEH-0120,WH-020,2,FPS-0220,12.341991,76.49557,7.84,17,PLANNED
RT-0000916,MAN-000077,VEH-0120,WH-020,2,FPS-0220,12.341991,76.49557,7.84,17,PLANNED
RT-0000917,MAN-000077,VEH-0120,WH-020,3,FPS-0420,12.09427,76.335311,32.59,71,PLANNED
RT-0000918,MAN-000077,VEH-0120,WH-020,3,FPS-0420,12.09427,76.335311,32.59,71,PLANNED
RT-0000919,MAN-000077,VEH-0120,WH-020,4,FPS-0545,12.234519,76.586961,31.49,69,PLANNED
RT-0000920,MAN-000077,VEH-0120,WH-020,4,FPS-0545,12.234519,76.586961,31.49,69,PLANNED
RT-0000921,MAN-000077,VEH-0120,WH-020,5,FPS-0295,12.431947,76.515129,23.3,51,PLANNED
RT-0000922,MAN-000077,VEH-0120,WH-020,5,FPS-0295,12.431947,76.515129,23.3,51,PLANNED
RT-0000923,MAN-000077,VEH-0120,WH-020,6,FPS-0395,12.119954,76.585259,35.52,78,PLANNED
RT-0000924,MAN-000077,VEH-0120,WH-020,6,FPS-0395,12.119954,76.585259,35.52,78,PLANNED
RT-0000925,MAN-000078,VEH-0095,WH-020,1,FPS-0345,12.344035,76.293069,18.54,40,DRAFT
RT-0000926,MAN-000078,VEH-0095,WH-020,1,FPS-0345,12.344035,76.293069,18.54,40,DRAFT
RT-0000927,MAN-000078,VEH-0095,WH-020,2,FPS-0495,12.184569,76.33358,18.27,40,DRAFT
RT-0000928,MAN-000078,VEH-0095,WH-020,2,FPS-0495,12.184569,76.33358,18.27,40,DRAFT
RT-0000929,MAN-000078,VEH-0095,WH-020,3,FPS-0445,12.265171,76.386901,10.67,23,DRAFT
RT-0000930,MAN-000078,VEH-0095,WH-020,3,FPS-0445,12.265171,76.386901,10.67,23,DRAFT
RT-0000931,MAN-000078,VEH-0095,WH-020,4,FPS-0120,12.349446,76.444963,11.3,24,DRAFT
RT-0000932,MAN-000078,VEH-0095,WH-020,4,FPS-0120,12.349446,76.444963,11.3,24,DRAFT
RT-0000933,MAN-000078,VEH-0095,WH-020,5,FPS-0570,12.153009,76.446728,21.84,48,DRAFT
RT-0000934,MAN-000078,VEH-0095,WH-020,5,FPS-0570,12.153009,76.446728,21.84,48,DRAFT
RT-0000935,MAN-000078,VEH-0095,WH-020,6,FPS-0270,12.079547,76.294454,18.46,40,DRAFT
RT-0000936,MAN-000078,VEH-0095,WH-020,6,FPS-0270,12.079547,76.294454,18.46,40,DRAFT
RT-0000937,MAN-000079,VEH-0045,WH-020,1,FPS-0195,12.338351,76.280272,19.41,42,DRAFT
RT-0000938,MAN-000079,VEH-0045,WH-020,1,FPS-0195,12.338351,76.280272,19.41,42,DRAFT
RT-0000939,MAN-000079,VEH-0045,WH-020,2,FPS-0170,12.355515,76.483443,22.15,48,DRAFT
RT-0000940,MAN-000079,VEH-0045,WH-020,2,FPS-0170,12.355515,76.483443,22.15,48,DRAFT
RT-0000941,MAN-000079,VEH-0045,WH-020,3,FPS-0145,12.30451,76.406394,10.11,22,DRAFT
RT-0000942,MAN-000079,VEH-0045,WH-020,3,FPS-0145,12.30451,76.406394,10.11,22,DRAFT
RT-0000943,MAN-000079,VEH-0045,WH-020,4,FPS-0320,12.10674,76.407903,21.99,48,DRAFT
RT-0000944,MAN-000079,VEH-0045,WH-020,4,FPS-0320,12.10674,76.407903,21.99,48,DRAFT
RT-0000945,MAN-000079,VEH-0045,WH-020,5,FPS-0245,12.185472,76.277628,16.65,36,DRAFT
RT-0000946,MAN-000079,VEH-0045,WH-020,5,FPS-0245,12.185472,76.277628,16.65,36,DRAFT
RT-0000947,MAN-000079,VEH-0045,WH-020,6,FPS-0595,12.155351,76.535887,28.27,62,DRAFT
RT-0000948,MAN-000079,VEH-0045,WH-020,6,FPS-0595,12.155351,76.535887,28.27,62,DRAFT
RT-0000949,MAN-000080,VEH-0120,WH-020,1,FPS-0520,12.085119,76.433188,18.88,41,DRAFT
RT-0000950,MAN-000080,VEH-0120,WH-020,1,FPS-0520,12.085119,76.433188,18.88,41,DRAFT
RT-0000951,MAN-000080,VEH-0120,WH-020,2,FPS-0045,12.211528,76.451185,14.19,31,DRAFT
RT-0000952,MAN-000080,VEH-0120,WH-020,2,FPS-0045,12.211528,76.451185,14.19,31,DRAFT
RT-0000953,MAN-000080,VEH-0120,WH-020,3,FPS-0070,12.219077,76.533868,9.02,19,DRAFT
RT-0000954,MAN-000080,VEH-0120,WH-020,3,FPS-0070,12.219077,76.533868,9.02,19,DRAFT
RT-0000955,MAN-000080,VEH-0120,WH-020,4,FPS-0020,12.33417,76.401894,19.22,42,DRAFT
RT-0000956,MAN-000080,VEH-0120,WH-020,4,FPS-0020,12.33417,76.401894,19.22,42,DRAFT
RT-0000957,MAN-000080,VEH-0120,WH-020,5,FPS-0370,12.391279,76.328147,10.22,22,DRAFT
RT-0000958,MAN-000080,VEH-0120,WH-020,5,FPS-0370,12.391279,76.328147,10.22,22,DRAFT
RT-0000959,MAN-000080,VEH-0120,WH-020,6,FPS-0095,12.251287,76.525094,26.46,58,DRAFT
RT-0000960,MAN-000080,VEH-0120,WH-020,6,FPS-0095,12.251287,76.525094,26.46,58,DRAFT
RT-0000961,MAN-000081,VEH-0071,WH-021,1,FPS-0496,13.42709,76.651173,26.06,57,PLANNED
RT-0000962,MAN-000081,VEH-0071,WH-021,1,FPS-0496,13.42709,76.651173,26.06,57,PLANNED
RT-0000963,MAN-000081,VEH-0071,WH-021,2,FPS-0421,13.734681,76.931264,45.68,100,PLANNED
RT-0000964,MAN-000081,VEH-0071,WH-021,2,FPS-0421,13.734681,76.931264,45.68,100,PLANNED
RT-0000965,MAN-000081,VEH-0071,WH-021,3,FPS-0371,13.755103,76.889826,5.02,11,PLANNED
RT-0000966,MAN-000081,VEH-0071,WH-021,3,FPS-0371,13.755103,76.889826,5.02,11,PLANNED
RT-0000967,MAN-000081,VEH-0071,WH-021,4,FPS-0321,13.47617,76.758005,34.13,75,PLANNED
RT-0000968,MAN-000081,VEH-0071,WH-021,4,FPS-0321,13.47617,76.758005,34.13,75,PLANNED
RT-0000969,MAN-000081,VEH-0071,WH-021,5,FPS-0296,13.580689,76.686824,13.94,30,PLANNED
RT-0000970,MAN-000081,VEH-0071,WH-021,5,FPS-0296,13.580689,76.686824,13.94,30,PLANNED
RT-0000971,MAN-000081,VEH-0071,WH-021,6,FPS-0446,13.532219,76.946113,28.54,62,PLANNED
RT-0000972,MAN-000081,VEH-0071,WH-021,6,FPS-0446,13.532219,76.946113,28.54,62,PLANNED
RT-0000973,MAN-000082,VEH-0021,WH-021,1,FPS-0171,13.419877,76.899282,20.0,44,PLANNED
RT-0000974,MAN-000082,VEH-0021,WH-021,1,FPS-0171,13.419877,76.899282,20.0,44,PLANNED
RT-0000975,MAN-000082,VEH-0021,WH-021,2,FPS-0096,13.764024,76.870868,38.39,84,PLANNED
RT-0000976,MAN-000082,VEH-0021,WH-021,2,FPS-0096,13.764024,76.870868,38.39,84,PLANNED
RT-0000977,MAN-000082,VEH-0021,WH-021,3,FPS-0346,13.732334,76.820321,6.5,14,PLANNED
RT-0000978,MAN-000082,VEH-0021,WH-021,3,FPS-0346,13.732334,76.820321,6.5,14,PLANNED
RT-0000979,MAN-000082,VEH-0021,WH-021,4,FPS-0146,13.735311,76.765046,5.98,13,PLANNED
RT-0000980,MAN-000082,VEH-0021,WH-021,4,FPS-0146,13.735311,76.765046,5.98,13,PLANNED
RT-0000981,MAN-000082,VEH-0021,WH-021,5,FPS-0271,13.416343,76.671459,36.88,81,PLANNED
RT-0000982,MAN-000082,VEH-0021,WH-021,5,FPS-0271,13.416343,76.671459,36.88,81,PLANNED
RT-0000983,MAN-000082,VEH-0021,WH-021,6,FPS-0596,13.435463,76.753208,9.09,20,PLANNED
RT-0000984,MAN-000082,VEH-0021,WH-021,6,FPS-0596,13.435463,76.753208,9.09,20,PLANNED
RT-0000985,MAN-000083,VEH-0096,WH-021,1,FPS-0396,13.59761,77.004875,19.12,42,PLANNED
RT-0000986,MAN-000083,VEH-0096,WH-021,1,FPS-0396,13.59761,77.004875,19.12,42,PLANNED
RT-0000987,MAN-000083,VEH-0096,WH-021,2,FPS-0471,13.560747,76.651243,38.44,84,PLANNED
RT-0000988,MAN-000083,VEH-0096,WH-021,2,FPS-0471,13.560747,76.651243,38.44,84,PLANNED
RT-0000989,MAN-000083,VEH-0096,WH-021,3,FPS-0071,13.595487,76.959273,33.52,73,PLANNED
RT-0000990,MAN-000083,VEH-0096,WH-021,3,FPS-0071,13.595487,76.959273,33.52,73,PLANNED
RT-0000991,MAN-000083,VEH-0096,WH-021,4,FPS-0121,13.498861,76.969267,10.8,23,PLANNED
RT-0000992,MAN-000083,VEH-0096,WH-021,4,FPS-0121,13.498861,76.969267,10.8,23,PLANNED
RT-0000993,MAN-000083,VEH-0096,WH-021,5,FPS-0246,13.683829,76.805501,27.14,59,PLANNED
RT-0000994,MAN-000083,VEH-0096,WH-021,5,FPS-0246,13.683829,76.805501,27.14,59,PLANNED
RT-0000995,MAN-000083,VEH-0096,WH-021,6,FPS-0196,13.427107,76.87427,29.5,64,PLANNED
RT-0000996,MAN-000083,VEH-0096,WH-021,6,FPS-0196,13.427107,76.87427,29.5,64,PLANNED
RT-0000997,MAN-000084,VEH-0146,WH-021,1,FPS-0021,13.702627,76.909885,15.67,34,PLANNED
RT-0000998,MAN-000084,VEH-0146,WH-021,1,FPS-0021,13.702627,76.909885,15.67,34,PLANNED
RT-0000999,MAN-000084,VEH-0146,WH-021,2,FPS-0046,13.432882,76.979219,30.92,68,PLANNED
RT-0001000,MAN-000084,VEH-0146,WH-021,2,FPS-0046,13.432882,76.979219,30.92,68,PLANNED
RT-0001001,MAN-000084,VEH-0146,WH-021,3,FPS-0571,13.441424,77.008179,3.27,7,PLANNED
RT-0001002,MAN-000084,VEH-0146,WH-021,3,FPS-0571,13.441424,77.008179,3.27,7,PLANNED
RT-0001003,MAN-000084,VEH-0146,WH-021,4,FPS-0546,13.733374,76.822965,38.14,83,PLANNED
RT-0001004,MAN-000084,VEH-0146,WH-021,4,FPS-0546,13.733374,76.822965,38.14,83,PLANNED
RT-0001005,MAN-000084,VEH-0146,WH-021,5,FPS-0521,13.624564,76.674386,20.1,44,PLANNED
RT-0001006,MAN-000084,VEH-0146,WH-021,5,FPS-0521,13.624564,76.674386,20.1,44,PLANNED
RT-0001007,MAN-000084,VEH-0146,WH-021,6,FPS-0221,13.633916,76.759029,9.21,20,PLANNED
RT-0001008,MAN-000084,VEH-0146,WH-021,6,FPS-0221,13.633916,76.759029,9.21,20,PLANNED
RT-0001009,MAN-000085,VEH-0022,WH-022,1,FPS-0172,12.383777,76.496815,16.98,37,PLANNED
RT-0001010,MAN-000085,VEH-0022,WH-022,1,FPS-0172,12.383777,76.496815,16.98,37,PLANNED
RT-0001011,MAN-000085,VEH-0022,WH-022,2,FPS-0347,12.533629,76.553786,17.77,39,PLANNED
RT-0001012,MAN-000085,VEH-0022,WH-022,2,FPS-0347,12.533629,76.553786,17.77,39,PLANNED
RT-0001013,MAN-000085,VEH-0022,WH-022,3,FPS-0422,12.325545,76.799709,35.33,77,PLANNED
RT-0001014,MAN-000085,VEH-0022,WH-022,3,FPS-0422,12.325545,76.799709,35.33,77,PLANNED
RT-0001015,MAN-000085,VEH-0022,WH-022,4,FPS-0497,12.546632,76.599224,32.84,72,PLANNED
RT-0001016,MAN-000085,VEH-0022,WH-022,4,FPS-0497,12.546632,76.599224,32.84,72,PLANNED
RT-0001017,MAN-000085,VEH-0022,WH-022,5,FPS-0197,12.37878,76.539558,19.76,43,PLANNED
RT-0001018,MAN-000085,VEH-0022,WH-022,5,FPS-0197,12.37878,76.539558,19.76,43,PLANNED
RT-0001019,MAN-000085,VEH-0022,WH-022,6,FPS-0072,12.510789,76.499635,15.31,33,PLANNED
RT-0001020,MAN-000085,VEH-0022,WH-022,6,FPS-0072,12.510789,76.499635,15.31,33,PLANNED
RT-0001021,MAN-000086,VEH-0072,WH-022,1,FPS-0572,12.52708,76.682755,13.66,30,PLANNED
RT-0001022,MAN-000086,VEH-0072,WH-022,1,FPS-0572,12.52708,76.682755,13.66,30,PLANNED
RT-0001023,MAN-000086,VEH-0072,WH-022,2,FPS-0222,12.531162,76.811502,13.98,30,PLANNED
RT-0001024,MAN-000086,VEH-0072,WH-022,2,FPS-0222,12.531162,76.811502,13.98,30,PLANNED
RT-0001025,MAN-000086,VEH-0072,WH-022,3,FPS-0247,12.283098,76.472207,46.03,101,PLANNED
RT-0001026,MAN-000086,VEH-0072,WH-022,3,FPS-0247,12.283098,76.472207,46.03,101,PLANNED
RT-0001027,MAN-000086,VEH-0072,WH-022,4,FPS-0472,12.561147,76.556727,32.25,70,PLANNED
RT-0001028,MAN-000086,VEH-0072,WH-022,4,FPS-0472,12.561147,76.556727,32.25,70,PLANNED
RT-0001029,MAN-000086,VEH-0072,WH-022,5,FPS-0297,12.510653,76.601386,7.42,16,PLANNED
RT-0001030,MAN-000086,VEH-0072,WH-022,5,FPS-0297,12.510653,76.601386,7.42,16,PLANNED
RT-0001031,MAN-000086,VEH-0072,WH-022,6,FPS-0147,12.331407,76.595132,19.94,43,PLANNED
RT-0001032,MAN-000086,VEH-0072,WH-022,6,FPS-0147,12.331407,76.595132,19.94,43,PLANNED
RT-0001033,MAN-000087,VEH-0047,WH-022,1,FPS-0097,12.471674,76.707016,9.31,20,DRAFT
RT-0001034,MAN-000087,VEH-0047,WH-022,1,FPS-0097,12.471674,76.707016,9.31,20,DRAFT
RT-0001035,MAN-000087,VEH-0047,WH-022,2,FPS-0522,12.574427,76.591895,16.93,37,DRAFT
RT-0001036,MAN-000087,VEH-0047,WH-022,2,FPS-0522,12.574427,76.591895,16.93,37,DRAFT
RT-0001037,MAN-000087,VEH-0047,WH-022,3,FPS-0322,12.53076,76.511105,10.02,22,DRAFT
RT-0001038,MAN-000087,VEH-0047,WH-022,3,FPS-0322,12.53076,76.511105,10.02,22,DRAFT
RT-0001039,MAN-000087,VEH-0047,WH-022,4,FPS-0122,12.586101,76.695135,20.9,45,DRAFT
RT-0001040,MAN-000087,VEH-0047,WH-022,4,FPS-0122,12.586101,76.695135,20.9,45,DRAFT
RT-0001041,MAN-000087,VEH-0047,WH-022,5,FPS-0047,12.256944,76.516062,41.45,91,DRAFT
RT-0001042,MAN-000087,VEH-0047,WH-022,5,FPS-0047,12.256944,76.516062,41.45,91,DRAFT
RT-0001043,MAN-000087,VEH-0047,WH-022,6,FPS-0547,12.55403,76.569354,33.54,73,DRAFT
RT-0001044,MAN-000087,VEH-0047,WH-022,6,FPS-0547,12.55403,76.569354,33.54,73,DRAFT
RT-0001045,MAN-000088,VEH-0147,WH-022,1,FPS-0597,12.457986,76.53676,13.6,29,DRAFT
RT-0001046,MAN-000088,VEH-0147,WH-022,1,FPS-0597,12.457986,76.53676,13.6,29,DRAFT
RT-0001047,MAN-000088,VEH-0147,WH-022,2,FPS-0022,12.380402,76.660675,15.98,35,DRAFT
RT-0001048,MAN-000088,VEH-0147,WH-022,2,FPS-0022,12.380402,76.660675,15.98,35,DRAFT
RT-0001049,MAN-000088,VEH-0147,WH-022,3,FPS-0397,12.267873,76.481475,23.14,50,DRAFT
RT-0001050,MAN-000088,VEH-0147,WH-022,3,FPS-0397,12.267873,76.481475,23.14,50,DRAFT
RT-0001051,MAN-000088,VEH-0147,WH-022,4,FPS-0272,12.336515,76.483271,7.64,16,DRAFT
RT-0001052,MAN-000088,VEH-0147,WH-022,4,FPS-0272,12.336515,76.483271,7.64,16,DRAFT
RT-0001053,MAN-000088,VEH-0147,WH-022,5,FPS-0372,12.381178,76.481638,4.97,10,DRAFT
RT-0001054,MAN-000088,VEH-0147,WH-022,5,FPS-0372,12.381178,76.481638,4.97,10,DRAFT
RT-0001055,MAN-000088,VEH-0147,WH-022,6,FPS-0447,12.565728,76.590072,23.66,52,DRAFT
RT-0001056,MAN-000088,VEH-0147,WH-022,6,FPS-0447,12.565728,76.590072,23.66,52,DRAFT
RT-0001057,MAN-000089,VEH-0073,WH-023,1,FPS-0548,12.874125,76.172703,15.27,33,PLANNED
RT-0001058,MAN-000089,VEH-0073,WH-023,1,FPS-0548,12.874125,76.172703,15.27,33,PLANNED
RT-0001059,MAN-000089,VEH-0073,WH-023,2,FPS-0148,12.8846,76.057684,12.52,27,PLANNED
RT-0001060,MAN-000089,VEH-0073,WH-023,2,FPS-0148,12.8846,76.057684,12.52,27,PLANNED
RT-0001061,MAN-000089,VEH-0073,WH-023,3,FPS-0573,12.740099,76.191044,21.62,47,PLANNED
RT-0001062,MAN-000089,VEH-0073,WH-023,3,FPS-0573,12.740099,76.191044,21.62,47,PLANNED
RT-0001063,MAN-000089,VEH-0073,WH-023,4,FPS-0098,13.034712,75.939967,42.59,93,PLANNED
RT-0001064,MAN-000089,VEH-0073,WH-023,4,FPS-0098,13.034712,75.939967,42.59,93,PLANNED
RT-0001065,MAN-000089,VEH-0073,WH-023,5,FPS-0598,12.73298,75.878333,34.21,75,PLANNED
RT-0001066,MAN-000089,VEH-0073,WH-023,5,FPS-0598,12.73298,75.878333,34.21,75,PLANNED
RT-0001067,MAN-000089,VEH-0073,WH-023,6,FPS-0023,12.727105,76.17995,32.72,71,PLANNED
RT-0001068,MAN-000089,VEH-0073,WH-023,6,FPS-0023,12.727105,76.17995,32.72,71,PLANNED
RT-0001069,MAN-000090,VEH-0048,WH-023,1,FPS-0323,12.845827,75.974994,6.47,14,PLANNED
RT-0001070,MAN-000090,VEH-0048,WH-023,1,FPS-0323,12.845827,75.974994,6.47,14,PLANNED
RT-0001071,MAN-000090,VEH-0048,WH-023,2,FPS-0048,13.007541,76.108485,23.08,50,PLANNED
RT-0001072,MAN-000090,VEH-0048,WH-023,2,FPS-0048,13.007541,76.108485,23.08,50,PLANNED
RT-0001073,MAN-000090,VEH-0048,WH-023,3,FPS-0423,12.719925,75.922776,37.79,83,PLANNED
RT-0001074,MAN-000090,VEH-0048,WH-023,3,FPS-0423,12.719925,75.922776,37.79,83,PLANNED
RT-0001075,MAN-000090,VEH-0048,WH-023,4,FPS-0448,12.912017,76.157683,33.24,73,PLANNED
RT-0001076,MAN-000090,VEH-0048,WH-023,4,FPS-0448,12.912017,76.157683,33.24,73,PLANNED
RT-0001077,MAN-000090,VEH-0048,WH-023,5,FPS-0123,12.910871,76.078985,8.53,18,PLANNED
RT-0001078,MAN-000090,VEH-0048,WH-023,5,FPS-0123,12.910871,76.078985,8.53,18,PLANNED
RT-0001079,MAN-000090,VEH-0048,WH-023,6,FPS-0073,12.860163,75.932287,16.87,37,PLANNED
RT-0001080,MAN-000090,VEH-0048,WH-023,6,FPS-0073,12.860163,75.932287,16.87,37,PLANNED
RT-0001081,MAN-000091,VEH-0023,WH-023,1,FPS-0498,12.732756,76.157621,19.74,43,DRAFT
RT-0001082,MAN-000091,VEH-0023,WH-023,1,FPS-0498,12.732756,76.157621,19.74,43,DRAFT
RT-0001083,MAN-000091,VEH-0023,WH-023,2,FPS-0298,12.862515,76.043309,19.02,41,DRAFT
RT-0001084,MAN-000091,VEH-0023,WH-023,2,FPS-0298,12.862515,76.043309,19.02,41,DRAFT
RT-0001085,MAN-000091,VEH-0023,WH-023,3,FPS-0398,12.849213,76.024624,2.51,5,DRAFT
RT-0001086,MAN-000091,VEH-0023,WH-023,3,FPS-0398,12.849213,76.024624,2.51,5,DRAFT
RT-0001087,MAN-000091,VEH-0023,WH-023,4,FPS-0273,13.008525,75.921453,20.95,46,DRAFT
RT-0001088,MAN-000091,VEH-0023,WH-023,4,FPS-0273,13.008525,75.921453,20.95,46,DRAFT
RT-0001089,MAN-000091,VEH-0023,WH-023,5,FPS-0173,12.723846,76.118706,38.2,84,DRAFT
RT-0001090,MAN-000091,VEH-0023,WH-023,5,FPS-0173,12.723846,76.118706,38.2,84,DRAFT
RT-0001091,MAN-000091,VEH-0023,WH-023,6,FPS-0523,12.87844,75.980008,22.84,50,DRAFT
RT-0001092,MAN-000091,VEH-0023,WH-023,6,FPS-0523,12.87844,75.980008,22.84,50,DRAFT
RT-0001093,MAN-000092,VEH-0123,WH-023,1,FPS-0473,12.802743,75.956676,10.5,23,PLANNED
RT-0001094,MAN-000092,VEH-0123,WH-023,1,FPS-0473,12.802743,75.956676,10.5,23,PLANNED
RT-0001095,MAN-000092,VEH-0123,WH-023,2,FPS-0373,12.903101,75.95645,11.16,24,PLANNED
RT-0001096,MAN-000092,VEH-0123,WH-023,2,FPS-0373,12.903101,75.95645,11.16,24,PLANNED
RT-0001097,MAN-000092,VEH-0123,WH-023,3,FPS-0348,12.960216,75.930836,6.93,15,PLANNED
RT-0001098,MAN-000092,VEH-0123,WH-023,3,FPS-0348,12.960216,75.930836,6.93,15,PLANNED
RT-0001099,MAN-000092,VEH-0123,WH-023,4,FPS-0198,12.719314,76.050757,29.78,65,PLANNED
RT-0001100,MAN-000092,VEH-0123,WH-023,4,FPS-0198,12.719314,76.050757,29.78,65,PLANNED
RT-0001101,MAN-000092,VEH-0123,WH-023,5,FPS-0248,12.797317,76.064379,8.8,19,PLANNED
RT-0001102,MAN-000092,VEH-0123,WH-023,5,FPS-0248,12.797317,76.064379,8.8,19,PLANNED
RT-0001103,MAN-000092,VEH-0123,WH-023,6,FPS-0223,12.715323,76.172745,14.87,32,PLANNED
RT-0001104,MAN-000092,VEH-0123,WH-023,6,FPS-0223,12.715323,76.172745,14.87,32,PLANNED
RT-0001105,MAN-000093,VEH-0099,WH-024,1,FPS-0324,13.757596,75.977577,18.68,41,PLANNED
RT-0001106,MAN-000093,VEH-0099,WH-024,1,FPS-0324,13.757596,75.977577,18.68,41,PLANNED
RT-0001107,MAN-000093,VEH-0099,WH-024,2,FPS-0374,13.520238,75.889353,28.06,61,PLANNED
RT-0001108,MAN-000093,VEH-0099,WH-024,2,FPS-0374,13.520238,75.889353,28.06,61,PLANNED
RT-0001109,MAN-000093,VEH-0099,WH-024,3,FPS-0024,13.710228,75.811105,22.76,50,PLANNED
RT-0001110,MAN-000093,VEH-0099,WH-024,3,FPS-0024,13.710228,75.811105,22.76,50,PLANNED
RT-0001111,MAN-000093,VEH-0099,WH-024,4,FPS-0049,13.580672,75.851626,15.06,33,PLANNED
RT-0001112,MAN-000093,VEH-0099,WH-024,4,FPS-0049,13.580672,75.851626,15.06,33,PLANNED
RT-0001113,MAN-000093,VEH-0099,WH-024,5,FPS-0174,13.511869,75.801384,9.38,20,PLANNED
RT-0001114,MAN-000093,VEH-0099,WH-024,5,FPS-0174,13.511869,75.801384,9.38,20,PLANNED
RT-0001115,MAN-000093,VEH-0099,WH-024,6,FPS-0224,13.629575,75.794459,13.11,28,PLANNED
RT-0001116,MAN-000093,VEH-0099,WH-024,6,FPS-0224,13.629575,75.794459,13.11,28,PLANNED
RT-0001117,MAN-000094,VEH-0074,WH-024,1,FPS-0524,13.812878,75.846952,14.43,31,PLANNED
RT-0001118,MAN-000094,VEH-0074,WH-024,1,FPS-0524,13.812878,75.846952,14.43,31,PLANNED
RT-0001119,MAN-000094,VEH-0074,WH-024,2,FPS-0349,13.850042,75.752583,11.0,24,PLANNED
RT-0001120,MAN-000094,VEH-0074,WH-024,2,FPS-0349,13.850042,75.752583,11.0,24,PLANNED
RT-0001121,MAN-000094,VEH-0074,WH-024,3,FPS-0199,13.646521,75.977578,33.21,73,PLANNED
RT-0001122,MAN-000094,VEH-0074,WH-024,3,FPS-0199,13.646521,75.977578,33.21,73,PLANNED
RT-0001123,MAN-000094,VEH-0074,WH-024,4,FPS-0599,13.834976,75.702197,36.38,80,PLANNED
RT-0001124,MAN-000094,VEH-0074,WH-024,4,FPS-0599,13.834976,75.702197,36.38,80,PLANNED
RT-0001125,MAN-000094,VEH-0074,WH-024,5,FPS-0399,13.647769,75.925108,31.83,70,PLANNED
RT-0001126,MAN-000094,VEH-0074,WH-024,5,FPS-0399,13.647769,75.925108,31.83,70,PLANNED
RT-0001127,MAN-000094,VEH-0074,WH-024,6,FPS-0299,13.633717,75.778224,15.95,35,PLANNED
RT-0001128,MAN-000094,VEH-0074,WH-024,6,FPS-0299,13.633717,75.778224,15.95,35,PLANNED
RT-0001129,MAN-000095,VEH-0024,WH-024,1,FPS-0449,13.692275,75.998079,19.1,42,PLANNED
RT-0001130,MAN-000095,VEH-0024,WH-024,1,FPS-0449,13.692275,75.998079,19.1,42,PLANNED
RT-0001131,MAN-000095,VEH-0024,WH-024,2,FPS-0124,13.700247,75.78751,22.77,50,PLANNED
RT-0001132,MAN-000095,VEH-0024,WH-024,2,FPS-0124,13.700247,75.78751,22.77,50,PLANNED
RT-0001133,MAN-000095,VEH-0024,WH-024,3,FPS-0274,13.850201,75.884766,19.71,43,PLANNED
RT-0001134,MAN-000095,VEH-0024,WH-024,3,FPS-0274,13.850201,75.884766,19.71,43,PLANNED
RT-0001135,MAN-000095,VEH-0024,WH-024,4,FPS-0424,13.804274,75.763988,14.01,30,PLANNED
RT-0001136,MAN-000095,VEH-0024,WH-024,4,FPS-0424,13.804274,75.763988,14.01,30,PLANNED
RT-0001137,MAN-000095,VEH-0024,WH-024,5,FPS-0149,13.804879,75.967329,21.96,48,PLANNED
RT-0001138,MAN-000095,VEH-0024,WH-024,5,FPS-0149,13.804879,75.967329,21.96,48,PLANNED
RT-0001139,MAN-000095,VEH-0024,WH-024,6,FPS-0549,13.703524,75.716019,29.39,64,PLANNED
RT-0001140,MAN-000095,VEH-0024,WH-024,6,FPS-0549,13.703524,75.716019,29.39,64,PLANNED
RT-0001141,MAN-000096,VEH-0149,WH-024,1,FPS-0574,13.594093,75.825695,10.18,22,PLANNED
RT-0001142,MAN-000096,VEH-0149,WH-024,1,FPS-0574,13.594093,75.825695,10.18,22,PLANNED
RT-0001143,MAN-000096,VEH-0149,WH-024,2,FPS-0474,13.552843,75.763542,8.13,17,PLANNED
RT-0001144,MAN-000096,VEH-0149,WH-024,2,FPS-0474,13.552843,75.763542,8.13,17,PLANNED
RT-0001145,MAN-000096,VEH-0149,WH-024,3,FPS-0099,13.562481,75.899334,14.72,32,PLANNED
RT-0001146,MAN-000096,VEH-0149,WH-024,3,FPS-0099,13.562481,75.899334,14.72,32,PLANNED
RT-0001147,MAN-000096,VEH-0149,WH-024,4,FPS-0499,13.733576,75.940107,19.53,42,PLANNED
RT-0001148,MAN-000096,VEH-0149,WH-024,4,FPS-0499,13.733576,75.940107,19.53,42,PLANNED
RT-0001149,MAN-000096,VEH-0149,WH-024,5,FPS-0074,13.625154,75.834175,16.62,36,PLANNED
RT-0001150,MAN-000096,VEH-0149,WH-024,5,FPS-0074,13.625154,75.834175,16.62,36,PLANNED
RT-0001151,MAN-000096,VEH-0149,WH-024,6,FPS-0249,13.724589,75.641912,23.53,51,PLANNED
RT-0001152,MAN-000096,VEH-0149,WH-024,6,FPS-0249,13.724589,75.641912,23.53,51,PLANNED
RT-0001153,MAN-000097,VEH-0100,WH-025,1,FPS-0500,13.167455,77.660256,16.42,36,DRAFT
RT-0001154,MAN-000097,VEH-0100,WH-025,1,FPS-0500,13.167455,77.660256,16.42,36,DRAFT
RT-0001155,MAN-000097,VEH-0100,WH-025,2,FPS-0200,13.142411,77.504397,17.1,37,DRAFT
RT-0001156,MAN-000097,VEH-0100,WH-025,2,FPS-0200,13.142411,77.504397,17.1,37,DRAFT
RT-0001157,MAN-000097,VEH-0100,WH-025,3,FPS-0025,13.01763,77.719348,27.1,59,DRAFT
RT-0001158,MAN-000097,VEH-0100,WH-025,3,FPS-0025,13.01763,77.719348,27.1,59,DRAFT
RT-0001159,MAN-000097,VEH-0100,WH-025,4,FPS-0550,13.130915,77.527061,24.34,53,DRAFT
RT-0001160,MAN-000097,VEH-0100,WH-025,4,FPS-0550,13.130915,77.527061,24.34,53,DRAFT
RT-0001161,MAN-000097,VEH-0100,WH-025,5,FPS-0600,12.882301,77.796974,40.24,88,DRAFT
RT-0001162,MAN-000097,VEH-0100,WH-025,5,FPS-0600,12.882301,77.796974,40.24,88,DRAFT
RT-0001163,MAN-000097,VEH-0100,WH-025,6,FPS-0525,13.022477,77.812943,15.68,34,DRAFT
RT-0001164,MAN-000097,VEH-0100,WH-025,6,FPS-0525,13.022477,77.812943,15.68,34,DRAFT
RT-0001165,MAN-000098,VEH-0125,WH-025,1,FPS-0450,13.050239,77.565972,9.12,20,PLANNED
RT-0001166,MAN-000098,VEH-0125,WH-025,1,FPS-0450,13.050239,77.565972,9.12,20,PLANNED
RT-0001167,MAN-000098,VEH-0125,WH-025,2,FPS-0350,12.943868,77.660963,15.68,34,PLANNED
RT-0001168,MAN-000098,VEH-0125,WH-025,2,FPS-0350,12.943868,77.660963,15.68,34,PLANNED
RT-0001169,MAN-000098,VEH-0125,WH-025,3,FPS-0400,12.996288,77.711652,8.01,17,PLANNED
RT-0001170,MAN-000098,VEH-0125,WH-025,3,FPS-0400,12.996288,77.711652,8.01,17,PLANNED
RT-0001171,MAN-000098,VEH-0125,WH-025,4,FPS-0075,12.917704,77.765902,10.53,23,PLANNED
RT-0001172,MAN-000098,VEH-0125,WH-025,4,FPS-0075,12.917704,77.765902,10.53,23,PLANNED
RT-0001173,MAN-000098,VEH-0125,WH-025,5,FPS-0375,13.155987,77.507277,38.56,84,PLANNED
RT-0001174,MAN-000098,VEH-0125,WH-025,5,FPS-0375,13.155987,77.507277,38.56,84,PLANNED
RT-0001175,MAN-000098,VEH-0125,WH-025,6,FPS-0475,12.967789,77.680648,28.12,61,PLANNED
RT-0001176,MAN-000098,VEH-0125,WH-025,6,FPS-0475,12.967789,77.680648,28.12,61,PLANNED
RT-0001177,MAN-000099,VEH-0050,WH-025,1,FPS-0175,13.018978,77.652775,0.92,2,DRAFT
RT-0001178,MAN-000099,VEH-0050,WH-025,1,FPS-0175,13.018978,77.652775,0.92,2,DRAFT
RT-0001179,MAN-000099,VEH-0050,WH-025,2,FPS-0425,12.863208,77.696789,17.97,39,DRAFT
RT-0001180,MAN-000099,VEH-0050,WH-025,2,FPS-0425,12.863208,77.696789,17.97,39,DRAFT
RT-0001181,MAN-000099,VEH-0050,WH-025,3,FPS-0300,13.156719,77.664084,32.83,72,DRAFT
RT-0001182,MAN-000099,VEH-0050,WH-025,3,FPS-0300,13.156719,77.664084,32.83,72,DRAFT
RT-0001183,MAN-000099,VEH-0050,WH-025,4,FPS-0250,13.097917,77.672032,6.59,14,DRAFT
RT-0001184,MAN-000099,VEH-0050,WH-025,4,FPS-0250,13.097917,77.672032,6.59,14,DRAFT
RT-0001185,MAN-000099,VEH-0050,WH-025,5,FPS-0225,12.860417,77.530341,30.55,67,DRAFT
RT-0001186,MAN-000099,VEH-0050,WH-025,5,FPS-0225,12.860417,77.530341,30.55,67,DRAFT
RT-0001187,MAN-000099,VEH-0050,WH-025,6,FPS-0100,12.880108,77.590886,6.92,15,DRAFT
RT-0001188,MAN-000099,VEH-0050,WH-025,6,FPS-0100,12.880108,77.590886,6.92,15,DRAFT
RT-0001189,MAN-000100,VEH-0150,WH-025,1,FPS-0575,12.880986,77.482765,23.41,51,PLANNED
RT-0001190,MAN-000100,VEH-0150,WH-025,1,FPS-0575,12.880986,77.482765,23.41,51,PLANNED
RT-0001191,MAN-000100,VEH-0150,WH-025,2,FPS-0150,12.974714,77.70278,26.02,57,PLANNED
RT-0001192,MAN-000100,VEH-0150,WH-025,2,FPS-0150,12.974714,77.70278,26.02,57,PLANNED
RT-0001193,MAN-000100,VEH-0150,WH-025,3,FPS-0050,13.011557,77.772253,8.57,18,PLANNED
RT-0001194,MAN-000100,VEH-0150,WH-025,3,FPS-0050,13.011557,77.772253,8.57,18,PLANNED
RT-0001195,MAN-000100,VEH-0150,WH-025,4,FPS-0325,13.199207,77.569063,30.33,66,PLANNED
RT-0001196,MAN-000100,VEH-0150,WH-025,4,FPS-0325,13.199207,77.569063,30.33,66,PLANNED
RT-0001197,MAN-000100,VEH-0150,WH-025,5,FPS-0275,13.025569,77.810208,32.48,71,PLANNED
RT-0001198,MAN-000100,VEH-0150,WH-025,5,FPS-0275,13.025569,77.810208,32.48,71,PLANNED
RT-0001199,MAN-000100,VEH-0150,WH-025,6,FPS-0125,13.021112,77.503125,33.27,73,PLANNED
RT-0001200,MAN-000100,VEH-0150,WH-025,6,FPS-0125,13.021112,77.503125,33.27,73,PLANNED
RT-0001201,MAN-000101,VEH-0076,WH-001,1,FPS-0201,13.408913,77.80074,15.15,33,PLANNED
RT-0001202,MAN-000101,VEH-0076,WH-001,2,FPS-0226,13.234872,77.861664,20.44,44,PLANNED
RT-0001203,MAN-000101,VEH-0076,WH-001,3,FPS-0451,13.125661,77.624954,28.36,62,PLANNED
RT-0001204,MAN-000101,VEH-0076,WH-001,4,FPS-0276,13.102801,77.861035,25.69,56,PLANNED
RT-0001205,MAN-000101,VEH-0076,WH-001,5,FPS-0476,13.29692,77.78069,23.27,51,PLANNED
RT-0001206,MAN-000101,VEH-0076,WH-001,6,FPS-0126,13.128155,77.587492,28.1,61,PLANNED
RT-0001207,MAN-000102,VEH-0001,WH-001,1,FPS-0326,13.17759,77.86355,15.87,34,DRAFT
RT-0001208,MAN-000102,VEH-0001,WH-001,2,FPS-0376,13.113907,77.735482,15.57,34,DRAFT
RT-0001209,MAN-000102,VEH-0001,WH-001,3,FPS-0176,13.310423,77.852706,25.27,55,DRAFT
RT-0001210,MAN-000102,VEH-0001,WH-001,4,FPS-0501,13.136688,77.601702,33.34,73,DRAFT
RT-0001211,MAN-000102,VEH-0001,WH-001,5,FPS-0076,13.420928,77.733705,34.68,76,DRAFT
RT-0001212,MAN-000102,VEH-0001,WH-001,6,FPS-0001,13.324897,77.887401,19.76,43,DRAFT
RT-0001213,MAN-000102,VEH-0001,WH-001,6,FPS-0001,13.324897,77.887401,19.76,43,DRAFT
RT-0001214,MAN-000103,VEH-0076,WH-001,1,FPS-0301,13.291689,77.785895,3.16,6,PLANNED
RT-0001215,MAN-000103,VEH-0076,WH-001,2,FPS-0426,13.413368,77.820393,14.04,30,PLANNED
RT-0001216,MAN-000103,VEH-0076,WH-001,3,FPS-0551,13.129951,77.642695,36.92,81,PLANNED
RT-0001217,MAN-000103,VEH-0076,WH-001,4,FPS-0151,13.151598,77.764509,13.41,29,PLANNED
RT-0001218,MAN-000103,VEH-0076,WH-001,5,FPS-0251,13.457837,77.732198,34.23,75,PLANNED
RT-0001219,MAN-000103,VEH-0076,WH-001,6,FPS-0401,13.154594,77.580855,37.49,82,PLANNED
RT-0001220,MAN-000104,VEH-0001,WH-001,1,FPS-0351,13.145037,77.928976,23.57,51,DRAFT
RT-0001221,MAN-000104,VEH-0001,WH-001,2,FPS-0576,13.395476,77.847148,29.22,64,DRAFT
RT-0001222,MAN-000104,VEH-0001,WH-001,3,FPS-0026,13.227358,77.885902,19.16,42,DRAFT
RT-0001223,MAN-000104,VEH-0001,WH-001,4,FPS-0051,13.299143,77.915673,8.61,18,DRAFT
RT-0001224,MAN-000104,VEH-0001,WH-001,5,FPS-0101,13.29748,77.778821,14.81,32,DRAFT
RT-0001225,MAN-000104,VEH-0001,WH-001,6,FPS-0526,13.176326,77.907343,19.37,42,DRAFT
RT-0001226,MAN-000105,VEH-0027,WH-002,1,FPS-0052,11.951184,76.620292,17.91,39,PLANNED
RT-0001227,MAN-000105,VEH-0027,WH-002,1,FPS-0052,11.951184,76.620292,17.91,39,PLANNED
RT-0001228,MAN-000105,VEH-0027,WH-002,2,FPS-0552,11.983831,76.536295,9.83,21,PLANNED
RT-0001229,MAN-000105,VEH-0027,WH-002,2,FPS-0552,11.983831,76.536295,9.83,21,PLANNED
RT-0001230,MAN-000105,VEH-0027,WH-002,3,FPS-0377,12.210284,76.652631,28.18,61,PLANNED
RT-0001231,MAN-000105,VEH-0027,WH-002,3,FPS-0377,12.210284,76.652631,28.18,61,PLANNED
RT-0001232,MAN-000105,VEH-0027,WH-002,4,FPS-0177,12.261356,76.62791,6.28,13,PLANNED
RT-0001233,MAN-000105,VEH-0027,WH-002,4,FPS-0177,12.261356,76.62791,6.28,13,PLANNED
RT-0001234,MAN-000105,VEH-0027,WH-002,5,FPS-0277,12.234343,76.645853,3.58,7,PLANNED
RT-0001235,MAN-000105,VEH-0027,WH-002,5,FPS-0277,12.234343,76.645853,3.58,7,PLANNED
RT-0001236,MAN-000105,VEH-0027,WH-002,6,FPS-0427,12.167961,76.722494,11.13,24,PLANNED
RT-0001237,MAN-000105,VEH-0027,WH-002,6,FPS-0427,12.167961,76.722494,11.13,24,PLANNED
RT-0001238,MAN-000106,VEH-0102,WH-002,1,FPS-0477,12.169732,76.524413,11.28,24,PLANNED
RT-0001239,MAN-000106,VEH-0102,WH-002,1,FPS-0477,12.169732,76.524413,11.28,24,PLANNED
RT-0001240,MAN-000106,VEH-0102,WH-002,2,FPS-0302,12.193984,76.550132,3.88,8,PLANNED
RT-0001241,MAN-000106,VEH-0102,WH-002,2,FPS-0302,12.193984,76.550132,3.88,8,PLANNED
RT-0001242,MAN-000106,VEH-0102,WH-002,3,FPS-0327,12.067484,76.684396,20.27,44,PLANNED
RT-0001243,MAN-000106,VEH-0102,WH-002,3,FPS-0327,12.067484,76.684396,20.27,44,PLANNED
RT-0001244,MAN-000106,VEH-0102,WH-002,4,FPS-0102,12.25058,76.480988,30.06,66,PLANNED
RT-0001245,MAN-000106,VEH-0102,WH-002,4,FPS-0102,12.25058,76.480988,30.06,66,PLANNED
RT-0001246,MAN-000106,VEH-0102,WH-002,5,FPS-0527,12.222885,76.501199,3.78,8,PLANNED
RT-0001247,MAN-000106,VEH-0102,WH-002,5,FPS-0527,12.222885,76.501199,3.78,8,PLANNED
RT-0001248,MAN-000106,VEH-0102,WH-002,6,FPS-0227,12.052485,76.633838,23.81,52,PLANNED
RT-0001249,MAN-000106,VEH-0102,WH-002,6,FPS-0227,12.052485,76.633838,23.81,52,PLANNED
RT-0001250,MAN-000107,VEH-0027,WH-002,1,FPS-0352,12.110416,76.572282,4.08,8,PLANNED
RT-0001251,MAN-000107,VEH-0027,WH-002,1,FPS-0352,12.110416,76.572282,4.08,8,PLANNED
RT-0001252,MAN-000107,VEH-0027,WH-002,2,FPS-0002,12.130101,76.464161,11.96,26,PLANNED
RT-0001253,MAN-000107,VEH-0027,WH-002,2,FPS-0002,12.130101,76.464161,11.96,26,PLANNED
RT-0001254,MAN-000107,VEH-0027,WH-002,3,FPS-0027,12.203743,76.742832,31.38,69,PLANNED
RT-0001255,MAN-000107,VEH-0027,WH-002,3,FPS-0027,12.203743,76.742832,31.38,69,PLANNED
RT-0001256,MAN-000107,VEH-0027,WH-002,4,FPS-0402,12.020309,76.636463,23.45,51,PLANNED
RT-0001257,MAN-000107,VEH-0027,WH-002,4,FPS-0402,12.020309,76.636463,23.45,51,PLANNED
RT-0001258,MAN-000107,VEH-0027,WH-002,5,FPS-0077,11.947305,76.45004,21.84,48,PLANNED
RT-0001259,MAN-000107,VEH-0027,WH-002,5,FPS-0077,11.947305,76.45004,21.84,48,PLANNED
RT-0001260,MAN-000107,VEH-0027,WH-002,6,FPS-0152,12.212922,76.468282,29.6,65,PLANNED
RT-0001261,MAN-000107,VEH-0027,WH-002,6,FPS-0152,12.212922,76.468282,29.6,65,PLANNED
RT-0001262,MAN-000108,VEH-0002,WH-002,1,FPS-0502,12.244607,76.508871,18.38,40,PLANNED
RT-0001263,MAN-000108,VEH-0002,WH-002,1,FPS-0502,12.244607,76.508871,18.38,40,PLANNED
RT-0001264,MAN-000108,VEH-0002,WH-002,2,FPS-0202,12.026111,76.590971,25.88,56,PLANNED
RT-0001265,MAN-000108,VEH-0002,WH-002,2,FPS-0202,12.026111,76.590971,25.88,56,PLANNED
RT-0001266,MAN-000108,VEH-0002,WH-002,3,FPS-0452,12.194421,76.433211,25.39,55,PLANNED
RT-0001267,MAN-000108,VEH-0002,WH-002,3,FPS-0452,12.194421,76.433211,25.39,55,PLANNED
RT-0001268,MAN-000108,VEH-0002,WH-002,4,FPS-0252,12.152537,76.638926,22.84,50,PLANNED
RT-0001269,MAN-000108,VEH-0002,WH-002,4,FPS-0252,12.152537,76.638926,22.84,50,PLANNED
RT-0001270,MAN-000108,VEH-0002,WH-002,5,FPS-0127,12.070386,76.482706,19.28,42,PLANNED
RT-0001271,MAN-000108,VEH-0002,WH-002,5,FPS-0127,12.070386,76.482706,19.28,42,PLANNED
RT-0001272,MAN-000108,VEH-0002,WH-002,6,FPS-0577,12.027927,76.714024,25.59,56,PLANNED
RT-0001273,MAN-000108,VEH-0002,WH-002,6,FPS-0577,12.027927,76.714024,25.59,56,PLANNED
RT-0001274,MAN-000109,VEH-0003,WH-003,1,FPS-0278,13.283478,76.922824,4.45,9,DRAFT
RT-0001275,MAN-000109,VEH-0003,WH-003,1,FPS-0278,13.283478,76.922824,4.45,9,DRAFT
RT-0001276,MAN-000109,VEH-0003,WH-003,2,FPS-0128,13.235026,76.746995,19.78,43,DRAFT
RT-0001277,MAN-000109,VEH-0003,WH-003,2,FPS-0128,13.235026,76.746995,19.78,43,DRAFT
RT-0001278,MAN-000109,VEH-0003,WH-003,3,FPS-0353,13.196502,76.988818,26.53,58,DRAFT
RT-0001279,MAN-000109,VEH-0003,WH-003,3,FPS-0353,13.196502,76.988818,26.53,58,DRAFT
RT-0001280,MAN-000109,VEH-0003,WH-003,4,FPS-0503,13.155418,76.896168,11.02,24,DRAFT
RT-0001281,MAN-000109,VEH-0003,WH-003,4,FPS-0503,13.155418,76.896168,11.02,24,DRAFT
RT-0001282,MAN-000109,VEH-0003,WH-003,5,FPS-0078,13.418285,76.964807,30.16,66,DRAFT
RT-0001283,MAN-000109,VEH-0003,WH-003,5,FPS-0078,13.418285,76.964807,30.16,66,DRAFT
RT-0001284,MAN-000109,VEH-0003,WH-003,6,FPS-0303,13.292211,76.915689,14.99,32,DRAFT
RT-0001285,MAN-000109,VEH-0003,WH-003,6,FPS-0303,13.292211,76.915689,14.99,32,DRAFT
RT-0001286,MAN-000110,VEH-0053,WH-003,1,FPS-0378,13.37205,76.954128,8.16,17,PLANNED
RT-0001287,MAN-000110,VEH-0053,WH-003,1,FPS-0378,13.37205,76.954128,8.16,17,PLANNED
RT-0001288,MAN-000110,VEH-0053,WH-003,2,FPS-0403,13.279713,76.883791,12.78,28,PLANNED
RT-0001289,MAN-000110,VEH-0053,WH-003,2,FPS-0403,13.279713,76.883791,12.78,28,PLANNED
RT-0001290,MAN-000110,VEH-0053,WH-003,3,FPS-0228,13.486669,76.966816,24.7,54,PLANNED
RT-0001291,MAN-000110,VEH-0053,WH-003,3,FPS-0228,13.486669,76.966816,24.7,54,PLANNED
RT-0001292,MAN-000110,VEH-0053,WH-003,4,FPS-0103,13.174595,77.022936,35.23,77,PLANNED
RT-0001293,MAN-000110,VEH-0053,WH-003,4,FPS-0103,13.174595,77.022936,35.23,77,PLANNED
RT-0001294,MAN-000110,VEH-0053,WH-003,5,FPS-0453,13.309301,76.904724,19.7,43,PLANNED
RT-0001295,MAN-000110,VEH-0053,WH-003,5,FPS-0453,13.309301,76.904724,19.7,43,PLANNED
RT-0001296,MAN-000110,VEH-0053,WH-003,6,FPS-0528,13.302632,76.831589,7.95,17,PLANNED
RT-0001297,MAN-000110,VEH-0053,WH-003,6,FPS-0528,13.302632,76.831589,7.95,17,PLANNED
RT-0001298,MAN-000111,VEH-0103,WH-003,1,FPS-0253,13.267826,76.957885,8.2,18,PLANNED
RT-0001299,MAN-000111,VEH-0103,WH-003,1,FPS-0253,13.267826,76.957885,8.2,18,PLANNED
RT-0001300,MAN-000111,VEH-0103,WH-003,2,FPS-0153,13.289502,76.989106,4.15,9,PLANNED
RT-0001301,MAN-000111,VEH-0103,WH-003,2,FPS-0153,13.289502,76.989106,4.15,9,PLANNED
RT-0001302,MAN-000111,VEH-0103,WH-003,3,FPS-0028,13.168105,77.072903,16.26,35,PLANNED
RT-0001303,MAN-000111,VEH-0103,WH-003,3,FPS-0028,13.168105,77.072903,16.26,35,PLANNED
RT-0001304,MAN-000111,VEH-0103,WH-003,4,FPS-0428,13.16838,77.040492,3.51,7,PLANNED
RT-0001305,MAN-000111,VEH-0103,WH-003,4,FPS-0428,13.16838,77.040492,3.51,7,PLANNED
RT-0001306,MAN-000111,VEH-0103,WH-003,5,FPS-0328,13.173659,76.968851,7.78,17,PLANNED
RT-0001307,MAN-000111,VEH-0103,WH-003,5,FPS-0328,13.173659,76.968851,7.78,17,PLANNED
RT-0001308,MAN-000111,VEH-0103,WH-003,6,FPS-0003,13.395854,76.927554,25.11,55,PLANNED
RT-0001309,MAN-000111,VEH-0103,WH-003,6,FPS-0003,13.395854,76.927554,25.11,55,PLANNED
RT-0001310,MAN-000112,VEH-0103,WH-003,1,FPS-0178,13.410077,77.046951,18.65,41,DRAFT
RT-0001311,MAN-000112,VEH-0103,WH-003,1,FPS-0178,13.410077,77.046951,18.65,41,DRAFT
RT-0001312,MAN-000112,VEH-0103,WH-003,2,FPS-0203,13.377194,76.737131,33.71,74,DRAFT
RT-0001313,MAN-000112,VEH-0103,WH-003,2,FPS-0203,13.377194,76.737131,33.71,74,DRAFT
RT-0001314,MAN-000112,VEH-0103,WH-003,3,FPS-0478,13.345301,76.94658,22.94,50,DRAFT
RT-0001315,MAN-000112,VEH-0103,WH-003,3,FPS-0478,13.345301,76.94658,22.94,50,DRAFT
RT-0001316,MAN-000112,VEH-0103,WH-003,4,FPS-0578,13.388219,76.744785,22.35,49,DRAFT
RT-0001317,MAN-000112,VEH-0103,WH-003,4,FPS-0578,13.388219,76.744785,22.35,49,DRAFT
RT-0001318,MAN-000112,VEH-0103,WH-003,5,FPS-0053,13.375308,76.884907,15.23,33,DRAFT
RT-0001319,MAN-000112,VEH-0103,WH-003,5,FPS-0053,13.375308,76.884907,15.23,33,DRAFT
RT-0001320,MAN-000112,VEH-0103,WH-003,6,FPS-0553,13.374277,76.781972,11.14,24,DRAFT
RT-0001321,MAN-000112,VEH-0103,WH-003,6,FPS-0553,13.374277,76.781972,11.14,24,DRAFT
RT-0001322,MAN-000113,VEH-0129,WH-004,1,FPS-0104,12.451835,76.716587,11.04,24,DRAFT
RT-0001323,MAN-000113,VEH-0129,WH-004,1,FPS-0104,12.451835,76.716587,11.04,24,DRAFT
RT-0001324,MAN-000113,VEH-0129,WH-004,2,FPS-0229,12.587087,76.842812,20.35,44,DRAFT
RT-0001325,MAN-000113,VEH-0129,WH-004,2,FPS-0229,12.587087,76.842812,20.35,44,DRAFT
RT-0001326,MAN-000113,VEH-0129,WH-004,3,FPS-0204,12.576922,76.636332,22.44,49,DRAFT
RT-0001327,MAN-000113,VEH-0129,WH-004,3,FPS-0204,12.576922,76.636332,22.44,49,DRAFT
RT-0001328,MAN-000113,VEH-0129,WH-004,4,FPS-0179,12.655854,76.909239,30.89,67,DRAFT
RT-0001329,MAN-000113,VEH-0129,WH-004,4,FPS-0179,12.655854,76.909239,30.89,67,DRAFT
RT-0001330,MAN-000113,VEH-0129,WH-004,5,FPS-0529,12.62002,76.976617,8.33,18,DRAFT
RT-0001331,MAN-000113,VEH-0129,WH-004,5,FPS-0529,12.62002,76.976617,8.33,18,DRAFT
RT-0001332,MAN-000113,VEH-0129,WH-004,6,FPS-0354,12.660191,76.631991,37.66,82,DRAFT
RT-0001333,MAN-000113,VEH-0129,WH-004,6,FPS-0354,12.660191,76.631991,37.66,82,DRAFT
RT-0001334,MAN-000114,VEH-0129,WH-004,1,FPS-0504,12.559751,76.863845,9.03,19,DRAFT
RT-0001335,MAN-000114,VEH-0129,WH-004,1,FPS-0504,12.559751,76.863845,9.03,19,DRAFT
RT-0001336,MAN-000114,VEH-0129,WH-004,2,FPS-0279,12.652298,76.892851,10.76,23,DRAFT
RT-0001337,MAN-000114,VEH-0129,WH-004,2,FPS-0279,12.652298,76.892851,10.76,23,DRAFT
RT-0001338,MAN-000114,VEH-0129,WH-004,3,FPS-0454,12.38026,76.635442,41.18,90,DRAFT
RT-0001339,MAN-000114,VEH-0129,WH-004,3,FPS-0454,12.38026,76.635442,41.18,90,DRAFT
RT-0001340,MAN-000114,VEH-0129,WH-004,4,FPS-0004,12.423851,76.793313,17.82,39,DRAFT
RT-0001341,MAN-000114,VEH-0129,WH-004,4,FPS-0004,12.423851,76.793313,17.82,39,DRAFT
RT-0001342,MAN-000114,VEH-0129,WH-004,5,FPS-0029,12.580035,76.886493,20.1,44,DRAFT
RT-0001343,MAN-000114,VEH-0129,WH-004,5,FPS-0029,12.580035,76.886493,20.1,44,DRAFT
RT-0001344,MAN-000114,VEH-0129,WH-004,6,FPS-0054,12.566547,76.696545,20.67,45,DRAFT
RT-0001345,MAN-000114,VEH-0129,WH-004,6,FPS-0054,12.566547,76.696545,20.67,45,DRAFT
RT-0001346,MAN-000115,VEH-0004,WH-004,1,FPS-0329,12.347132,76.934894,22.7,49,DRAFT
RT-0001347,MAN-000115,VEH-0004,WH-004,1,FPS-0329,12.347132,76.934894,22.7,49,DRAFT
RT-0001348,MAN-000115,VEH-0004,WH-004,2,FPS-0154,12.39983,76.734618,22.53,49,DRAFT
RT-0001349,MAN-000115,VEH-0004,WH-004,2,FPS-0154,12.39983,76.734618,22.53,49,DRAFT
RT-0001350,MAN-000115,VEH-0004,WH-004,3,FPS-0129,12.431362,76.904414,18.77,41,DRAFT
RT-0001351,MAN-000115,VEH-0004,WH-004,3,FPS-0129,12.431362,76.904414,18.77,41,DRAFT
RT-0001352,MAN-000115,VEH-0004,WH-004,4,FPS-0479,12.451308,76.731004,18.96,41,DRAFT
RT-0001353,MAN-000115,VEH-0004,WH-004,4,FPS-0479,12.451308,76.731004,18.96,41,DRAFT
RT-0001354,MAN-000115,VEH-0004,WH-004,5,FPS-0579,12.545473,76.92839,23.85,52,DRAFT
RT-0001355,MAN-000115,VEH-0004,WH-004,5,FPS-0579,12.545473,76.92839,23.85,52,DRAFT
RT-0001356,MAN-000115,VEH-0004,WH-004,6,FPS-0554,12.560305,76.856624,7.96,17,DRAFT
RT-0001357,MAN-000115,VEH-0004,WH-004,6,FPS-0554,12.560305,76.856624,7.96,17,DRAFT
RT-0001358,MAN-000116,VEH-0004,WH-004,1,FPS-0404,12.67463,76.769892,19.19,42,PLANNED
RT-0001359,MAN-000116,VEH-0004,WH-004,1,FPS-0404,12.67463,76.769892,19.19,42,PLANNED
RT-0001360,MAN-000116,VEH-0004,WH-004,2,FPS-0429,12.47573,76.774962,22.12,48,PLANNED
RT-0001361,MAN-000116,VEH-0004,WH-004,2,FPS-0429,12.47573,76.774962,22.12,48,PLANNED
RT-0001362,MAN-000116,VEH-0004,WH-004,3,FPS-0079,12.444037,76.802378,4.61,10,PLANNED
RT-0001363,MAN-000116,VEH-0004,WH-004,3,FPS-0079,12.444037,76.802378,4.61,10,PLANNED
RT-0001364,MAN-000116,VEH-0004,WH-004,4,FPS-0304,12.552161,76.981742,22.88,50,PLANNED
RT-0001365,MAN-000116,VEH-0004,WH-004,4,FPS-0304,12.552161,76.981742,22.88,50,PLANNED
RT-0001366,MAN-000116,VEH-0004,WH-004,5,FPS-0379,12.385105,76.758319,30.55,67,PLANNED
RT-0001367,MAN-000116,VEH-0004,WH-004,5,FPS-0379,12.385105,76.758319,30.55,67,PLANNED
RT-0001368,MAN-000116,VEH-0004,WH-004,6,FPS-0254,12.670306,76.803073,32.08,70,PLANNED
RT-0001369,MAN-000116,VEH-0004,WH-004,6,FPS-0254,12.670306,76.803073,32.08,70,PLANNED
RT-0001370,MAN-000117,VEH-0030,WH-005,1,FPS-0080,13.261738,76.31788,13.58,29,DRAFT
RT-0001371,MAN-000117,VEH-0030,WH-005,1,FPS-0080,13.261738,76.31788,13.58,29,DRAFT
RT-0001372,MAN-000117,VEH-0030,WH-005,2,FPS-0455,13.279023,76.121192,21.37,47,DRAFT
RT-0001373,MAN-000117,VEH-0030,WH-005,2,FPS-0455,13.279023,76.121192,21.37,47,DRAFT
RT-0001374,MAN-000117,VEH-0030,WH-005,3,FPS-0480,13.397839,76.204326,15.98,35,DRAFT
RT-0001375,MAN-000117,VEH-0030,WH-005,3,FPS-0480,13.397839,76.204326,15.98,35,DRAFT
RT-0001376,MAN-000117,VEH-0030,WH-005,4,FPS-0580,13.469282,76.301483,13.17,28,DRAFT
RT-0001377,MAN-000117,VEH-0030,WH-005,4,FPS-0580,13.469282,76.301483,13.17,28,DRAFT
RT-0001378,MAN-000117,VEH-0030,WH-005,5,FPS-0055,13.254,76.189834,26.81,58,DRAFT
RT-0001379,MAN-000117,VEH-0030,WH-005,5,FPS-0055,13.254,76.189834,26.81,58,DRAFT
RT-0001380,MAN-000117,VEH-0030,WH-005,6,FPS-0280,13.319746,76.224959,8.24,18,DRAFT
RT-0001381,MAN-000117,VEH-0030,WH-005,6,FPS-0280,13.319746,76.224959,8.24,18,DRAFT
RT-0001382,MAN-000118,VEH-0005,WH-005,1,FPS-0205,13.217233,76.066193,20.36,44,DRAFT
RT-0001383,MAN-000118,VEH-0005,WH-005,1,FPS-0205,13.217233,76.066193,20.36,44,DRAFT
RT-0001384,MAN-000118,VEH-0005,WH-005,2,FPS-0255,13.388102,76.039513,19.22,42,DRAFT
RT-0001385,MAN-000118,VEH-0005,WH-005,2,FPS-0255,13.388102,76.039513,19.22,42,DRAFT
RT-0001386,MAN-000118,VEH-0005,WH-005,3,FPS-0505,13.223445,76.305995,34.16,75,DRAFT
RT-0001387,MAN-000118,VEH-0005,WH-005,3,FPS-0505,13.223445,76.305995,34.16,75,DRAFT
RT-0001388,MAN-000118,VEH-0005,WH-005,4,FPS-0330,13.392411,76.196393,22.22,48,DRAFT
RT-0001389,MAN-000118,VEH-0005,WH-005,4,FPS-0330,13.392411,76.196393,22.22,48,DRAFT
RT-0001390,MAN-000118,VEH-0005,WH-005,5,FPS-0005,13.237108,76.220089,17.46,38,DRAFT
RT-0001391,MAN-000118,VEH-0005,WH-005,5,FPS-0005,13.237108,76.220089,17.46,38,DRAFT
RT-0001392,MAN-000118,VEH-0005,WH-005,6,FPS-0430,13.243469,76.083239,14.83,32,DRAFT
RT-0001393,MAN-000118,VEH-0005,WH-005,6,FPS-0430,13.243469,76.083239,14.83,32,DRAFT
RT-0001394,MAN-000119,VEH-0055,WH-005,1,FPS-0530,13.253705,76.389198,20.78,45,PLANNED
RT-0001395,MAN-000119,VEH-0055,WH-005,1,FPS-0530,13.253705,76.389198,20.78,45,PLANNED
RT-0001396,MAN-000119,VEH-0055,WH-005,2,FPS-0130,13.392114,76.309062,17.66,38,PLANNED
RT-0001397,MAN-000119,VEH-0055,WH-005,2,FPS-0130,13.392114,76.309062,17.66,38,PLANNED
RT-0001398,MAN-000119,VEH-0055,WH-005,3,FPS-0180,13.235743,76.19526,21.31,46,PLANNED
RT-0001399,MAN-000119,VEH-0055,WH-005,3,FPS-0180,13.235743,76.19526,21.31,46,PLANNED
RT-0001400,MAN-000119,VEH-0055,WH-005,4,FPS-0380,13.488831,76.299121,30.3,66,PLANNED
RT-0001401,MAN-000119,VEH-0055,WH-005,4,FPS-0380,13.488831,76.299121,30.3,66,PLANNED
RT-0001402,MAN-000119,VEH-0055,WH-005,5,FPS-0030,13.222006,76.069235,38.71,85,PLANNED
RT-0001403,MAN-000119,VEH-0055,WH-005,5,FPS-0030,13.222006,76.069235,38.71,85,PLANNED
RT-0001404,MAN-000119,VEH-0055,WH-005,6,FPS-0355,13.427937,76.175023,25.6,56,PLANNED
RT-0001405,MAN-000119,VEH-0055,WH-005,6,FPS-0355,13.427937,76.175023,25.6,56,PLANNED
RT-0001406,MAN-000120,VEH-0005,WH-005,1,FPS-0230,13.254926,76.036882,20.94,46,PLANNED
RT-0001407,MAN-000120,VEH-0005,WH-005,1,FPS-0230,13.254926,76.036882,20.94,46,PLANNED
RT-0001408,MAN-000120,VEH-0005,WH-005,2,FPS-0405,13.50498,76.159457,30.8,67,PLANNED
RT-0001409,MAN-000120,VEH-0005,WH-005,2,FPS-0405,13.50498,76.159457,30.8,67,PLANNED
RT-0001410,MAN-000120,VEH-0005,WH-005,3,FPS-0155,13.288476,76.381533,34.01,74,PLANNED
RT-0001411,MAN-000120,VEH-0005,WH-005,3,FPS-0155,13.288476,76.381533,34.01,74,PLANNED
RT-0001412,MAN-000120,VEH-0005,WH-005,4,FPS-0555,13.190211,76.353029,11.35,24,PLANNED
RT-0001413,MAN-000120,VEH-0005,WH-005,4,FPS-0555,13.190211,76.353029,11.35,24,PLANNED
RT-0001414,MAN-000120,VEH-0005,WH-005,5,FPS-0105,13.25214,76.270001,11.32,24,PLANNED
RT-0001415,MAN-000120,VEH-0005,WH-005,5,FPS-0105,13.25214,76.270001,11.32,24,PLANNED
RT-0001416,MAN-000120,VEH-0005,WH-005,6,FPS-0305,13.488492,76.393998,29.51,64,PLANNED
RT-0001417,MAN-000120,VEH-0005,WH-005,6,FPS-0305,13.488492,76.393998,29.51,64,PLANNED
RT-0001418,MAN-000121,VEH-0031,WH-006,1,FPS-0556,13.92227,75.580968,20.46,45,DRAFT
RT-0001419,MAN-000121,VEH-0031,WH-006,1,FPS-0556,13.92227,75.580968,20.46,45,DRAFT
RT-0001420,MAN-000121,VEH-0031,WH-006,2,FPS-0006,13.862575,75.561869,6.95,15,DRAFT
RT-0001421,MAN-000121,VEH-0031,WH-006,2,FPS-0006,13.862575,75.561869,6.95,15,DRAFT
RT-0001422,MAN-000121,VEH-0031,WH-006,3,FPS-0381,14.085646,75.580703,24.89,54,DRAFT
RT-0001423,MAN-000121,VEH-0031,WH-006,3,FPS-0381,14.085646,75.580703,24.89,54,DRAFT
RT-0001424,MAN-000121,VEH-0031,WH-006,4,FPS-0231,14.13689,75.35281,25.23,55,DRAFT
RT-0001425,MAN-000121,VEH-0031,WH-006,4,FPS-0231,14.13689,75.35281,25.23,55,DRAFT
RT-0001426,MAN-000121,VEH-0031,WH-006,5,FPS-0181,14.022747,75.406812,13.96,30,DRAFT
RT-0001427,MAN-000121,VEH-0031,WH-006,5,FPS-0181,14.022747,75.406812,13.96,30,DRAFT
RT-0001428,MAN-000121,VEH-0031,WH-006,6,FPS-0431,14.022107,75.239731,18.03,39,DRAFT
RT-0001429,MAN-000121,VEH-0031,WH-006,6,FPS-0431,14.022107,75.239731,18.03,39,DRAFT
RT-0001430,MAN-000122,VEH-0106,WH-006,1,FPS-0331,13.937535,75.567429,18.44,40,PLANNED
RT-0001431,MAN-000122,VEH-0106,WH-006,1,FPS-0331,13.937535,75.567429,18.44,40,PLANNED
RT-0001432,MAN-000122,VEH-0106,WH-006,2,FPS-0106,13.894832,75.563596,4.77,10,PLANNED
RT-0001433,MAN-000122,VEH-0106,WH-006,2,FPS-0106,13.894832,75.563596,4.77,10,PLANNED
RT-0001434,MAN-000122,VEH-0106,WH-006,3,FPS-0131,14.136805,75.561537,26.91,59,PLANNED
RT-0001435,MAN-000122,VEH-0106,WH-006,3,FPS-0131,14.136805,75.561537,26.91,59,PLANNED
RT-0001436,MAN-000122,VEH-0106,WH-006,4,FPS-0056,14.16453,75.313848,26.88,59,PLANNED
RT-0001437,MAN-000122,VEH-0106,WH-006,4,FPS-0056,14.16453,75.313848,26.88,59,PLANNED
RT-0001438,MAN-000122,VEH-0106,WH-006,5,FPS-0256,14.174601,75.234126,8.67,19,PLANNED
RT-0001439,MAN-000122,VEH-0106,WH-006,5,FPS-0256,14.174601,75.234126,8.67,19,PLANNED
RT-0001440,MAN-000122,VEH-0106,WH-006,6,FPS-0531,14.072808,75.513227,32.15,70,PLANNED
RT-0001441,MAN-000122,VEH-0106,WH-006,6,FPS-0531,14.072808,75.513227,32.15,70,PLANNED
RT-0001442,MAN-000123,VEH-0056,WH-006,1,FPS-0206,13.920736,75.397149,8.92,19,PLANNED
RT-0001443,MAN-000123,VEH-0056,WH-006,1,FPS-0206,13.920736,75.397149,8.92,19,PLANNED
RT-0001444,MAN-000123,VEH-0056,WH-006,2,FPS-0306,13.832433,75.356242,10.77,23,PLANNED
RT-0001445,MAN-000123,VEH-0056,WH-006,2,FPS-0306,13.832433,75.356242,10.77,23,PLANNED
RT-0001446,MAN-000123,VEH-0056,WH-006,3,FPS-0081,14.110555,75.367652,30.95,68,PLANNED
RT-0001447,MAN-000123,VEH-0056,WH-006,3,FPS-0081,14.110555,75.367652,30.95,68,PLANNED
RT-0001448,MAN-000123,VEH-0056,WH-006,4,FPS-0281,13.897775,75.359071,23.68,52,PLANNED
RT-0001449,MAN-000123,VEH-0056,WH-006,4,FPS-0281,13.897775,75.359071,23.68,52,PLANNED
RT-0001450,MAN-000123,VEH-0056,WH-006,5,FPS-0156,14.046609,75.302262,17.65,38,PLANNED
RT-0001451,MAN-000123,VEH-0056,WH-006,5,FPS-0156,14.046609,75.302262,17.65,38,PLANNED
RT-0001452,MAN-000123,VEH-0056,WH-006,6,FPS-0581,14.094895,75.36465,8.61,18,PLANNED
RT-0001453,MAN-000123,VEH-0056,WH-006,6,FPS-0581,14.094895,75.36465,8.61,18,PLANNED
RT-0001454,MAN-000124,VEH-0056,WH-006,1,FPS-0031,14.003727,75.408361,0.42,0,PLANNED
RT-0001455,MAN-000124,VEH-0056,WH-006,1,FPS-0031,14.003727,75.408361,0.42,0,PLANNED
RT-0001456,MAN-000124,VEH-0056,WH-006,2,FPS-0356,14.054452,75.339605,9.32,20,PLANNED
RT-0001457,MAN-000124,VEH-0056,WH-006,2,FPS-0356,14.054452,75.339605,9.32,20,PLANNED
RT-0001458,MAN-000124,VEH-0056,WH-006,3,FPS-0456,14.093528,75.243401,11.25,24,PLANNED
RT-0001459,MAN-000124,VEH-0056,WH-006,3,FPS-0456,14.093528,75.243401,11.25,24,PLANNED
RT-0001460,MAN-000124,VEH-0056,WH-006,4,FPS-0406,13.907382,75.374055,25.04,55,PLANNED
RT-0001461,MAN-000124,VEH-0056,WH-006,4,FPS-0406,13.907382,75.374055,25.04,55,PLANNED
RT-0001462,MAN-000124,VEH-0056,WH-006,5,FPS-0481,13.943093,75.301993,8.73,19,PLANNED
RT-0001463,MAN-000124,VEH-0056,WH-006,5,FPS-0481,13.943093,75.301993,8.73,19,PLANNED
RT-0001464,MAN-000124,VEH-0056,WH-006,6,FPS-0506,14.174766,75.565177,38.33,84,PLANNED
RT-0001465,MAN-000124,VEH-0056,WH-006,6,FPS-0506,14.174766,75.565177,38.33,84,PLANNED
RT-0001466,MAN-000125,VEH-0057,WH-007,1,FPS-0007,12.690828,77.559077,1.99,4,PLANNED
RT-0001467,MAN-000125,VEH-0057,WH-007,1,FPS-0007,12.690828,77.559077,1.99,4,PLANNED
RT-0001468,MAN-000125,VEH-0057,WH-007,2,FPS-0082,12.54943,77.663588,19.39,42,PLANNED
RT-0001469,MAN-000125,VEH-0057,WH-007,2,FPS-0082,12.54943,77.663588,19.39,42,PLANNED
RT-0001470,MAN-000125,VEH-0057,WH-007,3,FPS-0032,12.548978,77.659959,0.4,0,PLANNED
RT-0001471,MAN-000125,VEH-0057,WH-007,3,FPS-0032,12.548978,77.659959,0.4,0,PLANNED
RT-0001472,MAN-000125,VEH-0057,WH-007,4,FPS-0182,12.671775,77.51403,20.91,46,PLANNED
RT-0001473,MAN-000125,VEH-0057,WH-007,4,FPS-0182,12.671775,77.51403,20.91,46,PLANNED
RT-0001474,MAN-000125,VEH-0057,WH-007,5,FPS-0532,12.875429,77.496092,22.73,50,PLANNED
RT-0001475,MAN-000125,VEH-0057,WH-007,5,FPS-0532,12.875429,77.496092,22.73,50,PLANNED
RT-0001476,MAN-000125,VEH-0057,WH-007,6,FPS-0507,12.741234,77.522262,15.19,33,PLANNED
RT-0001477,MAN-000125,VEH-0057,WH-007,6,FPS-0507,12.741234,77.522262,15.19,33,PLANNED
RT-0001478,MAN-000126,VEH-0007,WH-007,1,FPS-0557,12.651002,77.508772,7.27,15,PLANNED
RT-0001479,MAN-000126,VEH-0007,WH-007,1,FPS-0557,12.651002,77.508772,7.27,15,PLANNED
RT-0001480,MAN-000126,VEH-0007,WH-007,2,FPS-0407,12.82496,77.528355,19.46,42,PLANNED
RT-0001481,MAN-000126,VEH-0007,WH-007,2,FPS-0407,12.82496,77.528355,19.46,42,PLANNED
RT-0001482,MAN-000126,VEH-0007,WH-007,3,FPS-0157,12.737549,77.410039,16.1,35,PLANNED
RT-0001483,MAN-000126,VEH-0007,WH-007,3,FPS-0157,12.737549,77.410039,16.1,35,PLANNED
RT-0001484,MAN-000126,VEH-0007,WH-007,4,FPS-0582,12.706248,77.696131,31.23,68,PLANNED
RT-0001485,MAN-000126,VEH-0007,WH-007,4,FPS-0582,12.706248,77.696131,31.23,68,PLANNED
RT-0001486,MAN-000126,VEH-0007,WH-007,5,FPS-0457,12.857697,77.563575,22.14,48,PLANNED
RT-0001487,MAN-000126,VEH-0007,WH-007,5,FPS-0457,12.857697,77.563575,22.14,48,PLANNED
RT-0001488,MAN-000126,VEH-0007,WH-007,6,FPS-0132,12.568844,77.686868,34.79,76,PLANNED
RT-0001489,MAN-000126,VEH-0007,WH-007,6,FPS-0132,12.568844,77.686868,34.79,76,PLANNED
RT-0001490,MAN-000127,VEH-0007,WH-007,1,FPS-0057,12.69967,77.492279,5.99,13,PLANNED
RT-0001491,MAN-000127,VEH-0007,WH-007,1,FPS-0057,12.69967,77.492279,5.99,13,PLANNED
RT-0001492,MAN-000127,VEH-0007,WH-007,2,FPS-0482,12.822367,77.606856,18.45,40,PLANNED
RT-0001493,MAN-000127,VEH-0007,WH-007,2,FPS-0482,12.822367,77.606856,18.45,40,PLANNED
RT-0001494,MAN-000127,VEH-0007,WH-007,3,FPS-0432,12.671301,77.379341,29.85,65,PLANNED
RT-0001495,MAN-000127,VEH-0007,WH-007,3,FPS-0432,12.671301,77.379341,29.85,65,PLANNED
RT-0001496,MAN-000127,VEH-0007,WH-007,4,FPS-0357,12.593705,77.546943,20.13,44,PLANNED
RT-0001497,MAN-000127,VEH-0007,WH-007,4,FPS-0357,12.593705,77.546943,20.13,44,PLANNED
RT-0001498,MAN-000127,VEH-0007,WH-007,5,FPS-0307,12.641995,77.39418,17.42,38,PLANNED
RT-0001499,MAN-000127,VEH-0007,WH-007,5,FPS-0307,12.641995,77.39418,17.42,38,PLANNED
RT-0001500,MAN-000127,VEH-0007,WH-007,6,FPS-0382,12.620885,77.419314,3.6,7,PLANNED
RT-0001501,MAN-000127,VEH-0007,WH-007,6,FPS-0382,12.620885,77.419314,3.6,7,PLANNED
RT-0001502,MAN-000128,VEH-0007,WH-007,1,FPS-0257,12.647093,77.542682,6.41,14,PLANNED
RT-0001503,MAN-000128,VEH-0007,WH-007,1,FPS-0257,12.647093,77.542682,6.41,14,PLANNED
RT-0001504,MAN-000128,VEH-0007,WH-007,2,FPS-0282,12.616425,77.423646,13.36,29,PLANNED
RT-0001505,MAN-000128,VEH-0007,WH-007,2,FPS-0282,12.616425,77.423646,13.36,29,PLANNED
RT-0001506,MAN-000128,VEH-0007,WH-007,3,FPS-0232,12.798667,77.647201,31.6,69,PLANNED
RT-0001507,MAN-000128,VEH-0007,WH-007,3,FPS-0232,12.798667,77.647201,31.6,69,PLANNED
RT-0001508,MAN-000128,VEH-0007,WH-007,4,FPS-0332,12.677135,77.482634,22.39,49,PLANNED
RT-0001509,MAN-000128,VEH-0007,WH-007,4,FPS-0332,12.677135,77.482634,22.39,49,PLANNED
RT-0001510,MAN-000128,VEH-0007,WH-007,5,FPS-0107,12.564214,77.615477,19.12,42,PLANNED
RT-0001511,MAN-000128,VEH-0007,WH-007,5,FPS-0107,12.564214,77.615477,19.12,42,PLANNED
RT-0001512,MAN-000128,VEH-0007,WH-007,6,FPS-0207,12.864262,77.549871,34.11,75,PLANNED
RT-0001513,MAN-000128,VEH-0007,WH-007,6,FPS-0207,12.864262,77.549871,34.11,75,PLANNED
RT-0001514,MAN-000129,VEH-0083,WH-008,1,FPS-0008,12.528687,76.325398,11.11,24,DRAFT
RT-0001515,MAN-000129,VEH-0083,WH-008,1,FPS-0008,12.528687,76.325398,11.11,24,DRAFT
RT-0001516,MAN-000129,VEH-0083,WH-008,2,FPS-0208,12.680703,76.371436,17.63,38,DRAFT
RT-0001517,MAN-000129,VEH-0083,WH-008,2,FPS-0208,12.680703,76.371436,17.63,38,DRAFT
RT-0001518,MAN-000129,VEH-0083,WH-008,3,FPS-0283,12.436089,76.45042,28.52,62,DRAFT
RT-0001519,MAN-000129,VEH-0083,WH-008,3,FPS-0283,12.436089,76.45042,28.52,62,DRAFT
RT-0001520,MAN-000129,VEH-0083,WH-008,4,FPS-0183,12.510652,76.486078,9.15,20,DRAFT
RT-0001521,MAN-000129,VEH-0083,WH-008,4,FPS-0183,12.510652,76.486078,9.15,20,DRAFT
RT-0001522,MAN-000129,VEH-0083,WH-008,5,FPS-0483,12.680854,76.256923,31.25,68,DRAFT
RT-0001523,MAN-000129,VEH-0083,WH-008,5,FPS-0483,12.680854,76.256923,31.25,68,DRAFT
RT-0001524,MAN-000129,VEH-0083,WH-008,6,FPS-0458,12.479288,76.314886,23.28,51,DRAFT
RT-0001525,MAN-000129,VEH-0083,WH-008,6,FPS-0458,12.479288,76.314886,23.28,51,DRAFT
RT-0001526,MAN-000130,VEH-0033,WH-008,1,FPS-0308,12.645112,76.435847,6.71,14,DRAFT
RT-0001527,MAN-000130,VEH-0033,WH-008,1,FPS-0308,12.645112,76.435847,6.71,14,DRAFT
RT-0001528,MAN-000130,VEH-0033,WH-008,2,FPS-0158,12.725324,76.519225,12.7,27,DRAFT
RT-0001529,MAN-000130,VEH-0033,WH-008,2,FPS-0158,12.725324,76.519225,12.7,27,DRAFT
RT-0001530,MAN-000130,VEH-0033,WH-008,3,FPS-0333,12.422852,76.234514,45.67,100,DRAFT
RT-0001531,MAN-000130,VEH-0033,WH-008,3,FPS-0333,12.422852,76.234514,45.67,100,DRAFT
RT-0001532,MAN-000130,VEH-0033,WH-008,4,FPS-0133,12.634061,76.340051,26.13,57,DRAFT
RT-0001533,MAN-000130,VEH-0033,WH-008,4,FPS-0133,12.634061,76.340051,26.13,57,DRAFT
RT-0001534,MAN-000130,VEH-0033,WH-008,5,FPS-0358,12.720039,76.248289,13.8,30,DRAFT
RT-0001535,MAN-000130,VEH-0033,WH-008,5,FPS-0358,12.720039,76.248289,13.8,30,DRAFT
RT-0001536,MAN-000130,VEH-0033,WH-008,6,FPS-0108,12.726473,76.287449,4.31,9,DRAFT
RT-0001537,MAN-000130,VEH-0033,WH-008,6,FPS-0108,12.726473,76.287449,4.31,9,DRAFT
RT-0001538,MAN-000131,VEH-0133,WH-008,1,FPS-0533,12.739784,76.340394,17.55,38,PLANNED
RT-0001539,MAN-000131,VEH-0133,WH-008,1,FPS-0533,12.739784,76.340394,17.55,38,PLANNED
RT-0001540,MAN-000131,VEH-0133,WH-008,2,FPS-0383,12.73888,76.27292,7.32,16,PLANNED
RT-0001541,MAN-000131,VEH-0133,WH-008,2,FPS-0383,12.73888,76.27292,7.32,16,PLANNED
RT-0001542,MAN-000131,VEH-0133,WH-008,3,FPS-0583,12.513328,76.264959,25.1,55,PLANNED
RT-0001543,MAN-000131,VEH-0133,WH-008,3,FPS-0583,12.513328,76.264959,25.1,55,PLANNED
RT-0001544,MAN-000131,VEH-0133,WH-008,4,FPS-0058,12.614965,76.569057,34.89,76,PLANNED
RT-0001545,MAN-000131,VEH-0133,WH-008,4,FPS-0058,12.614965,76.569057,34.89,76,PLANNED
RT-0001546,MAN-000131,VEH-0133,WH-008,5,FPS-0233,12.73793,76.386742,24.04,52,PLANNED
RT-0001547,MAN-000131,VEH-0133,WH-008,5,FPS-0233,12.73793,76.386742,24.04,52,PLANNED
RT-0001548,MAN-000131,VEH-0133,WH-008,6,FPS-0433,12.414658,76.411854,36.05,79,PLANNED
RT-0001549,MAN-000131,VEH-0133,WH-008,6,FPS-0433,12.414658,76.411854,36.05,79,PLANNED
RT-0001550,MAN-000132,VEH-0133,WH-008,1,FPS-0258,12.414278,76.312101,22.29,49,DRAFT
RT-0001551,MAN-000132,VEH-0133,WH-008,1,FPS-0258,12.414278,76.312101,22.29,49,DRAFT
RT-0001552,MAN-000132,VEH-0133,WH-008,2,FPS-0508,12.735829,76.433225,38.09,83,DRAFT
RT-0001553,MAN-000132,VEH-0133,WH-008,2,FPS-0508,12.735829,76.433225,38.09,83,DRAFT
RT-0001554,MAN-000132,VEH-0133,WH-008,3,FPS-0083,12.711831,76.255158,19.5,42,DRAFT
RT-0001555,MAN-000132,VEH-0133,WH-008,3,FPS-0083,12.711831,76.255158,19.5,42,DRAFT
RT-0001556,MAN-000132,VEH-0133,WH-008,4,FPS-0558,12.503736,76.303868,23.74,52,DRAFT
RT-0001557,MAN-000132,VEH-0133,WH-008,4,FPS-0558,12.503736,76.303868,23.74,52,DRAFT
RT-0001558,MAN-000132,VEH-0133,WH-008,5,FPS-0033,12.685042,76.509636,30.08,66,DRAFT
RT-0001559,MAN-000132,VEH-0133,WH-008,5,FPS-0033,12.685042,76.509636,30.08,66,DRAFT
RT-0001560,MAN-000132,VEH-0133,WH-008,6,FPS-0408,12.662189,76.422791,9.76,21,DRAFT
RT-0001561,MAN-000132,VEH-0133,WH-008,6,FPS-0408,12.662189,76.422791,9.76,21,DRAFT
RT-0001562,MAN-000133,VEH-0134,WH-009,1,FPS-0334,13.401981,77.086188,22.7,49,PLANNED
RT-0001563,MAN-000133,VEH-0134,WH-009,1,FPS-0334,13.401981,77.086188,22.7,49,PLANNED
RT-0001564,MAN-000133,VEH-0134,WH-009,2,FPS-0084,13.679691,77.040588,31.27,68,PLANNED
RT-0001565,MAN-000133,VEH-0134,WH-009,2,FPS-0084,13.679691,77.040588,31.27,68,PLANNED
RT-0001566,MAN-000133,VEH-0134,WH-009,3,FPS-0484,13.485008,77.045199,21.65,47,PLANNED
RT-0001567,MAN-000133,VEH-0134,WH-009,3,FPS-0484,13.485008,77.045199,21.65,47,PLANNED
RT-0001568,MAN-000133,VEH-0134,WH-009,4,FPS-0434,13.625488,77.009753,16.08,35,PLANNED
RT-0001569,MAN-000133,VEH-0134,WH-009,4,FPS-0434,13.625488,77.009753,16.08,35,PLANNED
RT-0001570,MAN-000133,VEH-0134,WH-009,5,FPS-0059,13.694955,77.015696,7.75,17,PLANNED
RT-0001571,MAN-000133,VEH-0134,WH-009,5,FPS-0059,13.694955,77.015696,7.75,17,PLANNED
RT-0001572,MAN-000133,VEH-0134,WH-009,6,FPS-0459,13.447931,76.8102,35.33,77,PLANNED
RT-0001573,MAN-000133,VEH-0134,WH-009,6,FPS-0459,13.447931,76.8102,35.33,77,PLANNED
RT-0001574,MAN-000134,VEH-0009,WH-009,1,FPS-0134,13.415691,76.896398,19.87,43,PLANNED
RT-0001575,MAN-000134,VEH-0009,WH-009,1,FPS-0134,13.415691,76.896398,19.87,43,PLANNED
RT-0001576,MAN-000134,VEH-0009,WH-009,2,FPS-0559,13.642429,76.893498,25.21,55,PLANNED
RT-0001577,MAN-000134,VEH-0009,WH-009,2,FPS-0559,13.642429,76.893498,25.21,55,PLANNED
RT-0001578,MAN-000134,VEH-0009,WH-009,3,FPS-0109,13.694531,76.812886,10.46,23,PLANNED
RT-0001579,MAN-000134,VEH-0009,WH-009,3,FPS-0109,13.694531,76.812886,10.46,23,PLANNED
RT-0001580,MAN-000134,VEH-0009,WH-009,4,FPS-0409,13.60208,76.964536,19.34,42,PLANNED
RT-0001581,MAN-000134,VEH-0009,WH-009,4,FPS-0409,13.60208,76.964536,19.34,42,PLANNED
RT-0001582,MAN-000134,VEH-0009,WH-009,5,FPS-0584,13.701371,77.062416,15.29,33,PLANNED
RT-0001583,MAN-000134,VEH-0009,WH-009,5,FPS-0584,13.701371,77.062416,15.29,33,PLANNED
RT-0001584,MAN-000134,VEH-0009,WH-009,6,FPS-0359,13.726549,77.062156,2.8,6,PLANNED
RT-0001585,MAN-000134,VEH-0009,WH-009,6,FPS-0359,13.726549,77.062156,2.8,6,PLANNED
RT-0001586,MAN-000135,VEH-0109,WH-009,1,FPS-0009,13.39894,77.095383,23.51,51,PLANNED
RT-0001587,MAN-000135,VEH-0109,WH-009,1,FPS-0009,13.39894,77.095383,23.51,51,PLANNED
RT-0001588,MAN-000135,VEH-0109,WH-009,2,FPS-0034,13.700795,77.101495,33.57,73,PLANNED
RT-0001589,MAN-000135,VEH-0109,WH-009,2,FPS-0034,13.700795,77.101495,33.57,73,PLANNED
RT-0001590,MAN-000135,VEH-0109,WH-009,3,FPS-0309,13.584892,77.138357,13.49,29,PLANNED
RT-0001591,MAN-000135,VEH-0109,WH-009,3,FPS-0309,13.584892,77.138357,13.49,29,PLANNED
RT-0001592,MAN-000135,VEH-0109,WH-009,4,FPS-0534,13.435971,76.929619,27.99,61,PLANNED
RT-0001593,MAN-000135,VEH-0109,WH-009,4,FPS-0534,13.435971,76.929619,27.99,61,PLANNED
RT-0001594,MAN-000135,VEH-0109,WH-009,5,FPS-0384,13.594804,76.977254,18.4,40,PLANNED
RT-0001595,MAN-000135,VEH-0109,WH-009,5,FPS-0384,13.594804,76.977254,18.4,40,PLANNED
RT-0001596,MAN-000135,VEH-0109,WH-009,6,FPS-0284,13.620718,77.149358,18.82,41,PLANNED
RT-0001597,MAN-000135,VEH-0109,WH-009,6,FPS-0284,13.620718,77.149358,18.82,41,PLANNED
RT-0001598,MAN-000136,VEH-0109,WH-009,1,FPS-0159,13.593234,76.830739,15.92,35,DRAFT
RT-0001599,MAN-000136,VEH-0109,WH-009,1,FPS-0159,13.593234,76.830739,15.92,35,DRAFT
RT-0001600,MAN-000136,VEH-0109,WH-009,2,FPS-0184,13.466907,76.863041,14.47,31,DRAFT
RT-0001601,MAN-000136,VEH-0109,WH-009,2,FPS-0184,13.466907,76.863041,14.47,31,DRAFT
RT-0001602,MAN-000136,VEH-0109,WH-009,3,FPS-0209,13.452591,76.799717,7.03,15,DRAFT
RT-0001603,MAN-000136,VEH-0109,WH-009,3,FPS-0209,13.452591,76.799717,7.03,15,DRAFT
RT-0001604,MAN-000136,VEH-0109,WH-009,4,FPS-0234,13.454356,76.841807,4.56,10,DRAFT
RT-0001605,MAN-000136,VEH-0109,WH-009,4,FPS-0234,13.454356,76.841807,4.56,10,DRAFT
RT-0001606,MAN-000136,VEH-0109,WH-009,5,FPS-0259,13.598217,77.155492,37.5,82,DRAFT
RT-0001607,MAN-000136,VEH-0109,WH-009,5,FPS-0259,13.598217,77.155492,37.5,82,DRAFT
RT-0001608,MAN-000136,VEH-0109,WH-009,6,FPS-0509,13.544975,77.100703,8.37,18,DRAFT
RT-0001609,MAN-000136,VEH-0109,WH-009,6,FPS-0509,13.544975,77.100703,8.37,18,DRAFT
RT-0001610,MAN-000137,VEH-0035,WH-010,1,FPS-0510,12.954649,77.024402,15.75,34,PLANNED
RT-0001611,MAN-000137,VEH-0035,WH-010,1,FPS-0510,12.954649,77.024402,15.75,34,PLANNED
RT-0001612,MAN-000137,VEH-0035,WH-010,2,FPS-0210,12.663145,77.207424,38.01,83,PLANNED
RT-0001613,MAN-000137,VEH-0035,WH-010,2,FPS-0210,12.663145,77.207424,38.01,83,PLANNED
RT-0001614,MAN-000137,VEH-0035,WH-010,3,FPS-0310,12.778817,77.00048,25.87,56,PLANNED
RT-0001615,MAN-000137,VEH-0035,WH-010,3,FPS-0310,12.778817,77.00048,25.87,56,PLANNED
RT-0001616,MAN-000137,VEH-0035,WH-010,4,FPS-0385,12.877474,76.992307,11.01,24,PLANNED
RT-0001617,MAN-000137,VEH-0035,WH-010,4,FPS-0385,12.877474,76.992307,11.01,24,PLANNED
RT-0001618,MAN-000137,VEH-0035,WH-010,5,FPS-0185,12.984543,77.183515,23.9,52,PLANNED
RT-0001619,MAN-000137,VEH-0035,WH-010,5,FPS-0185,12.984543,77.183515,23.9,52,PLANNED
RT-0001620,MAN-000137,VEH-0035,WH-010,6,FPS-0085,12.648322,77.076549,39.14,86,PLANNED
RT-0001621,MAN-000137,VEH-0035,WH-010,6,FPS-0085,12.648322,77.076549,39.14,86,PLANNED
RT-0001622,MAN-000138,VEH-0010,WH-010,1,FPS-0135,12.779285,77.042022,5.64,12,DRAFT
RT-0001623,MAN-000138,VEH-0010,WH-010,1,FPS-0135,12.779285,77.042022,5.64,12,DRAFT
RT-0001624,MAN-000138,VEH-0010,WH-010,2,FPS-0010,12.882361,76.981326,13.22,29,DRAFT
RT-0001625,MAN-000138,VEH-0010,WH-010,2,FPS-0010,12.882361,76.981326,13.22,29,DRAFT
RT-0001626,MAN-000138,VEH-0010,WH-010,3,FPS-0585,12.768443,77.194862,26.39,58,DRAFT
RT-0001627,MAN-000138,VEH-0010,WH-010,3,FPS-0585,12.768443,77.194862,26.39,58,DRAFT
RT-0001628,MAN-000138,VEH-0010,WH-010,4,FPS-0435,12.839531,76.971735,25.45,55,DRAFT
RT-0001629,MAN-000138,VEH-0010,WH-010,4,FPS-0435,12.839531,76.971735,25.45,55,DRAFT
RT-0001630,MAN-000138,VEH-0010,WH-010,5,FPS-0460,12.862764,77.15481,20.01,44,DRAFT
RT-0001631,MAN-000138,VEH-0010,WH-010,5,FPS-0460,12.862764,77.15481,20.01,44,DRAFT
RT-0001632,MAN-000138,VEH-0010,WH-010,6,FPS-0360,12.858455,76.978743,19.09,42,DRAFT
RT-0001633,MAN-000138,VEH-0010,WH-010,6,FPS-0360,12.858455,76.978743,19.09,42,DRAFT
RT-0001634,MAN-000139,VEH-0085,WH-010,1,FPS-0535,12.87203,77.119267,7.67,16,DRAFT
RT-0001635,MAN-000139,VEH-0085,WH-010,1,FPS-0535,12.87203,77.119267,7.67,16,DRAFT
RT-0001636,MAN-000139,VEH-0085,WH-010,2,FPS-0335,12.781168,77.166424,11.32,24,DRAFT
RT-0001637,MAN-000139,VEH-0085,WH-010,2,FPS-0335,12.781168,77.166424,11.32,24,DRAFT
RT-0001638,MAN-000139,VEH-0085,WH-010,3,FPS-0060,13.000102,77.221362,25.06,55,DRAFT
RT-0001639,MAN-000139,VEH-0085,WH-010,3,FPS-0060,13.000102,77.221362,25.06,55,DRAFT
RT-0001640,MAN-000139,VEH-0085,WH-010,4,FPS-0235,12.682882,77.152382,36.06,79,DRAFT
RT-0001641,MAN-000139,VEH-0085,WH-010,4,FPS-0235,12.682882,77.152382,36.06,79,DRAFT
RT-0001642,MAN-000139,VEH-0085,WH-010,5,FPS-0560,12.893788,76.938376,32.99,72,DRAFT
RT-0001643,MAN-000139,VEH-0085,WH-010,5,FPS-0560,12.893788,76.938376,32.99,72,DRAFT
RT-0001644,MAN-000139,VEH-0085,WH-010,6,FPS-0160,12.72001,77.00597,20.67,45,DRAFT
RT-0001645,MAN-000139,VEH-0085,WH-010,6,FPS-0160,12.72001,77.00597,20.67,45,DRAFT
RT-0001646,MAN-000140,VEH-0035,WH-010,1,FPS-0260,12.946822,77.20041,19.76,43,DRAFT
RT-0001647,MAN-000140,VEH-0035,WH-010,1,FPS-0260,12.946822,77.20041,19.76,43,DRAFT
RT-0001648,MAN-000140,VEH-0035,WH-010,2,FPS-0035,12.680423,77.110194,31.2,68,DRAFT
RT-0001649,MAN-000140,VEH-0035,WH-010,2,FPS-0035,12.680423,77.110194,31.2,68,DRAFT
RT-0001650,MAN-000140,VEH-0035,WH-010,3,FPS-0410,12.704992,76.90065,22.89,50,DRAFT
RT-0001651,MAN-000140,VEH-0035,WH-010,3,FPS-0410,12.704992,76.90065,22.89,50,DRAFT
RT-0001652,MAN-000140,VEH-0035,WH-010,4,FPS-0110,12.882114,76.944876,20.27,44,DRAFT
RT-0001653,MAN-000140,VEH-0035,WH-010,4,FPS-0110,12.882114,76.944876,20.27,44,DRAFT
RT-0001654,MAN-000140,VEH-0035,WH-010,5,FPS-0285,12.922832,77.055414,12.81,28,DRAFT
RT-0001655,MAN-000140,VEH-0035,WH-010,5,FPS-0285,12.922832,77.055414,12.81,28,DRAFT
RT-0001656,MAN-000140,VEH-0035,WH-010,6,FPS-0485,12.988504,77.030946,7.77,17,DRAFT
RT-0001657,MAN-000140,VEH-0035,WH-010,6,FPS-0485,12.988504,77.030946,7.77,17,DRAFT
RT-0001658,MAN-000141,VEH-0011,WH-011,1,FPS-0586,12.873315,76.00271,22.47,49,PLANNED
RT-0001659,MAN-000141,VEH-0011,WH-011,1,FPS-0586,12.873315,76.00271,22.47,49,PLANNED
RT-0001660,MAN-000141,VEH-0011,WH-011,2,FPS-0286,12.609597,76.306007,44.07,96,PLANNED
RT-0001661,MAN-000141,VEH-0011,WH-011,2,FPS-0286,12.609597,76.306007,44.07,96,PLANNED
RT-0001662,MAN-000141,VEH-0011,WH-011,3,FPS-0186,12.795115,76.222079,22.55,49,PLANNED
RT-0001663,MAN-000141,VEH-0011,WH-011,3,FPS-0186,12.795115,76.222079,22.55,49,PLANNED
RT-0001664,MAN-000141,VEH-0011,WH-011,4,FPS-0236,12.661776,76.177654,15.59,34,PLANNED
RT-0001665,MAN-000141,VEH-0011,WH-011,4,FPS-0236,12.661776,76.177654,15.59,34,PLANNED
RT-0001666,MAN-000141,VEH-0011,WH-011,5,FPS-0436,12.832027,76.148606,19.19,42,PLANNED
RT-0001667,MAN-000141,VEH-0011,WH-011,5,FPS-0436,12.832027,76.148606,19.19,42,PLANNED
RT-0001668,MAN-000141,VEH-0011,WH-011,6,FPS-0011,12.869214,76.296243,16.53,36,PLANNED
RT-0001669,MAN-000141,VEH-0011,WH-011,6,FPS-0011,12.869214,76.296243,16.53,36,PLANNED
RT-0001670,MAN-000142,VEH-0011,WH-011,1,FPS-0036,12.726912,76.114724,6.76,14,PLANNED
RT-0001671,MAN-000142,VEH-0011,WH-011,1,FPS-0036,12.726912,76.114724,6.76,14,PLANNED
RT-0001672,MAN-000142,VEH-0011,WH-011,2,FPS-0161,12.810145,76.166144,10.81,23,PLANNED
RT-0001673,MAN-000142,VEH-0011,WH-011,2,FPS-0161,12.810145,76.166144,10.81,23,PLANNED
RT-0001674,MAN-000142,VEH-0011,WH-011,3,FPS-0336,12.638655,76.229015,20.25,44,PLANNED
RT-0001675,MAN-000142,VEH-0011,WH-011,3,FPS-0336,12.638655,76.229015,20.25,44,PLANNED
RT-0001676,MAN-000142,VEH-0011,WH-011,4,FPS-0561,12.647269,76.076532,16.57,36,PLANNED
RT-0001677,MAN-000142,VEH-0011,WH-011,4,FPS-0561,12.647269,76.076532,16.57,36,PLANNED
RT-0001678,MAN-000142,VEH-0011,WH-011,5,FPS-0111,12.75579,76.023185,13.38,29,PLANNED
RT-0001679,MAN-000142,VEH-0011,WH-011,5,FPS-0111,12.75579,76.023185,13.38,29,PLANNED
RT-0001680,MAN-000142,VEH-0011,WH-011,6,FPS-0061,12.814612,76.2243,22.77,50,PLANNED
RT-0001681,MAN-000142,VEH-0011,WH-011,6,FPS-0061,12.814612,76.2243,22.77,50,PLANNED
RT-0001682,MAN-000143,VEH-0136,WH-011,1,FPS-0311,12.579304,76.261257,21.82,48,PLANNED
RT-0001683,MAN-000143,VEH-0136,WH-011,1,FPS-0311,12.579304,76.261257,21.82,48,PLANNED
RT-0001684,MAN-000143,VEH-0136,WH-011,2,FPS-0511,12.663496,76.298598,10.2,22,PLANNED
RT-0001685,MAN-000143,VEH-0136,WH-011,2,FPS-0511,12.663496,76.298598,10.2,22,PLANNED
RT-0001686,MAN-000143,VEH-0136,WH-011,3,FPS-0211,12.894878,76.131575,31.46,69,PLANNED
RT-0001687,MAN-000143,VEH-0136,WH-011,3,FPS-0211,12.894878,76.131575,31.46,69,PLANNED
RT-0001688,MAN-000143,VEH-0136,WH-011,4,FPS-0086,12.671075,76.271815,29.16,64,PLANNED
RT-0001689,MAN-000143,VEH-0136,WH-011,4,FPS-0086,12.671075,76.271815,29.16,64,PLANNED
RT-0001690,MAN-000143,VEH-0136,WH-011,5,FPS-0411,12.817478,76.311581,16.84,37,PLANNED
RT-0001691,MAN-000143,VEH-0136,WH-011,5,FPS-0411,12.817478,76.311581,16.84,37,PLANNED
RT-0001692,MAN-000143,VEH-0136,WH-011,6,FPS-0536,12.631563,76.213694,23.24,51,PLANNED
RT-0001693,MAN-000143,VEH-0136,WH-011,6,FPS-0536,12.631563,76.213694,23.24,51,PLANNED
RT-0001694,MAN-000144,VEH-0036,WH-011,1,FPS-0386,12.926892,76.155199,19.25,42,PLANNED
RT-0001695,MAN-000144,VEH-0036,WH-011,1,FPS-0386,12.926892,76.155199,19.25,42,PLANNED
RT-0001696,MAN-000144,VEH-0036,WH-011,2,FPS-0486,12.744545,76.204359,20.96,46,PLANNED
RT-0001697,MAN-000144,VEH-0036,WH-011,2,FPS-0486,12.744545,76.204359,20.96,46,PLANNED
RT-0001698,MAN-000144,VEH-0036,WH-011,3,FPS-0461,12.679212,76.150233,9.34,20,PLANNED
RT-0001699,MAN-000144,VEH-0036,WH-011,3,FPS-0461,12.679212,76.150233,9.34,20,PLANNED
RT-0001700,MAN-000144,VEH-0036,WH-011,4,FPS-0261,12.790295,76.216493,14.29,31,PLANNED
RT-0001701,MAN-000144,VEH-0036,WH-011,4,FPS-0261,12.790295,76.216493,14.29,31,PLANNED
RT-0001702,MAN-000144,VEH-0036,WH-011,5,FPS-0136,12.787626,76.038059,19.35,42,PLANNED
RT-0001703,MAN-000144,VEH-0036,WH-011,5,FPS-0136,12.787626,76.038059,19.35,42,PLANNED
RT-0001704,MAN-000144,VEH-0036,WH-011,6,FPS-0361,12.626625,76.206486,25.58,56,PLANNED
RT-0001705,MAN-000144,VEH-0036,WH-011,6,FPS-0361,12.626625,76.206486,25.58,56,PLANNED
RT-0001706,MAN-000145,VEH-0112,WH-012,1,FPS-0512,13.920792,75.801113,23.24,51,PLANNED
RT-0001707,MAN-000145,VEH-0112,WH-012,1,FPS-0512,13.920792,75.801113,23.24,51,PLANNED
RT-0001708,MAN-000145,VEH-0112,WH-012,2,FPS-0012,13.786001,75.670479,20.58,45,PLANNED
RT-0001709,MAN-000145,VEH-0112,WH-012,2,FPS-0012,13.786001,75.670479,20.58,45,PLANNED
RT-0001710,MAN-000145,VEH-0112,WH-012,3,FPS-0237,13.890664,75.704212,12.19,26,PLANNED
RT-0001711,MAN-000145,VEH-0112,WH-012,3,FPS-0237,13.890664,75.704212,12.19,26,PLANNED
RT-0001712,MAN-000145,VEH-0112,WH-012,4,FPS-0212,13.900979,75.621159,9.04,19,PLANNED
RT-0001713,MAN-000145,VEH-0112,WH-012,4,FPS-0212,13.900979,75.621159,9.04,19,PLANNED
RT-0001714,MAN-000145,VEH-0112,WH-012,5,FPS-0462,13.701084,75.786022,28.48,62,PLANNED
RT-0001715,MAN-000145,VEH-0112,WH-012,5,FPS-0462,13.701084,75.786022,28.48,62,PLANNED
RT-0001716,MAN-000145,VEH-0112,WH-012,6,FPS-0387,13.911249,75.489818,39.61,87,PLANNED
RT-0001717,MAN-000145,VEH-0112,WH-012,6,FPS-0387,13.911249,75.489818,39.61,87,PLANNED
RT-0001718,MAN-000146,VEH-0112,WH-012,1,FPS-0537,13.822648,75.748357,12.67,27,PLANNED
RT-0001719,MAN-000146,VEH-0112,WH-012,1,FPS-0537,13.822648,75.748357,12.67,27,PLANNED
RT-0001720,MAN-000146,VEH-0112,WH-012,2,FPS-0487,13.616544,75.71093,23.27,51,PLANNED
RT-0001721,MAN-000146,VEH-0112,WH-012,2,FPS-0487,13.616544,75.71093,23.27,51,PLANNED
RT-0001722,MAN-000146,VEH-0112,WH-012,3,FPS-0037,13.679177,75.814942,13.22,29,PLANNED
RT-0001723,MAN-000146,VEH-0112,WH-012,3,FPS-0037,13.679177,75.814942,13.22,29,PLANNED
RT-0001724,MAN-000146,VEH-0112,WH-012,4,FPS-0062,13.668943,75.766819,5.32,11,PLANNED
RT-0001725,MAN-000146,VEH-0112,WH-012,4,FPS-0062,13.668943,75.766819,5.32,11,PLANNED
RT-0001726,MAN-000146,VEH-0112,WH-012,5,FPS-0262,13.819608,75.742769,16.95,37,PLANNED
RT-0001727,MAN-000146,VEH-0112,WH-012,5,FPS-0262,13.819608,75.742769,16.95,37,PLANNED
RT-0001728,MAN-000146,VEH-0112,WH-012,6,FPS-0187,13.618484,75.739899,22.37,49,PLANNED
RT-0001729,MAN-000146,VEH-0112,WH-012,6,FPS-0187,13.618484,75.739899,22.37,49,PLANNED
RT-0001730,MAN-000147,VEH-0137,WH-012,1,FPS-0287,13.876055,75.58077,11.87,26,PLANNED
RT-0001731,MAN-000147,VEH-0137,WH-012,1,FPS-0287,13.876055,75.58077,11.87,26,PLANNED
RT-0001732,MAN-000147,VEH-0137,WH-012,2,FPS-0087,13.668713,75.469139,26.02,57,PLANNED
RT-0001733,MAN-000147,VEH-0137,WH-012,2,FPS-0087,13.668713,75.469139,26.02,57,PLANNED
RT-0001734,MAN-000147,VEH-0137,WH-012,3,FPS-0437,13.829193,75.666469,27.8,61,PLANNED
RT-0001735,MAN-000147,VEH-0137,WH-012,3,FPS-0437,13.829193,75.666469,27.8,61,PLANNED
RT-0001736,MAN-000147,VEH-0137,WH-012,4,FPS-0412,13.616288,75.715421,24.26,53,PLANNED
RT-0001737,MAN-000147,VEH-0137,WH-012,4,FPS-0412,13.616288,75.715421,24.26,53,PLANNED
RT-0001738,MAN-000147,VEH-0137,WH-012,5,FPS-0112,13.821049,75.530525,30.29,66,PLANNED
RT-0001739,MAN-000147,VEH-0137,WH-012,5,FPS-0112,13.821049,75.530525,30.29,66,PLANNED
RT-0001740,MAN-000147,VEH-0137,WH-012,6,FPS-0362,13.69556,75.591333,15.42,33,PLANNED
RT-0001741,MAN-000147,VEH-0137,WH-012,6,FPS-0362,13.69556,75.591333,15.42,33,PLANNED
RT-0001742,MAN-000148,VEH-0112,WH-012,1,FPS-0587,13.806957,75.525312,12.39,27,PLANNED
RT-0001743,MAN-000148,VEH-0112,WH-012,1,FPS-0587,13.806957,75.525312,12.39,27,PLANNED
RT-0001744,MAN-000148,VEH-0112,WH-012,2,FPS-0137,13.69482,75.516316,12.51,27,PLANNED
RT-0001745,MAN-000148,VEH-0112,WH-012,2,FPS-0137,13.69482,75.516316,12.51,27,PLANNED
RT-0001746,MAN-000148,VEH-0112,WH-012,3,FPS-0162,13.827119,75.500116,14.81,32,PLANNED
RT-0001747,MAN-000148,VEH-0112,WH-012,3,FPS-0162,13.827119,75.500116,14.81,32,PLANNED
RT-0001748,MAN-000148,VEH-0112,WH-012,4,FPS-0312,13.652583,75.591934,21.79,47,PLANNED
RT-0001749,MAN-000148,VEH-0112,WH-012,4,FPS-0312,13.652583,75.591934,21.79,47,PLANNED
RT-0001750,MAN-000148,VEH-0112,WH-012,5,FPS-0562,13.792173,75.532188,16.81,36,PLANNED
RT-0001751,MAN-000148,VEH-0112,WH-012,5,FPS-0562,13.792173,75.532188,16.81,36,PLANNED
RT-0001752,MAN-000148,VEH-0112,WH-012,6,FPS-0337,13.663236,75.574372,15.04,33,PLANNED
RT-0001753,MAN-000148,VEH-0112,WH-012,6,FPS-0337,13.663236,75.574372,15.04,33,PLANNED
RT-0001754,MAN-000149,VEH-0088,WH-013,1,FPS-0363,12.719996,77.503472,11.31,24,DRAFT
RT-0001755,MAN-000149,VEH-0088,WH-013,1,FPS-0363,12.719996,77.503472,11.31,24,DRAFT
RT-0001756,MAN-000149,VEH-0088,WH-013,2,FPS-0513,12.910683,77.638171,25.75,56,DRAFT
RT-0001757,MAN-000149,VEH-0088,WH-013,2,FPS-0513,12.910683,77.638171,25.75,56,DRAFT
RT-0001758,MAN-000149,VEH-0088,WH-013,3,FPS-0163,12.807702,77.494456,19.34,42,DRAFT
RT-0001759,MAN-000149,VEH-0088,WH-013,3,FPS-0163,12.807702,77.494456,19.34,42,DRAFT
RT-0001760,MAN-000149,VEH-0088,WH-013,4,FPS-0088,12.643904,77.452014,18.79,41,DRAFT
RT-0001761,MAN-000149,VEH-0088,WH-013,4,FPS-0088,12.643904,77.452014,18.79,41,DRAFT
RT-0001762,MAN-000149,VEH-0088,WH-013,5,FPS-0438,12.694288,77.432305,6.0,13,DRAFT
RT-0001763,MAN-000149,VEH-0088,WH-013,5,FPS-0438,12.694288,77.432305,6.0,13,DRAFT
RT-0001764,MAN-000149,VEH-0088,WH-013,6,FPS-0313,12.891993,77.443938,22.02,48,DRAFT
RT-0001765,MAN-000149,VEH-0088,WH-013,6,FPS-0313,12.891993,77.443938,22.02,48,DRAFT
RT-0001766,MAN-000150,VEH-0138,WH-013,1,FPS-0388,12.812036,77.405986,18.24,40,PLANNED
RT-0001767,MAN-000150,VEH-0138,WH-013,1,FPS-0388,12.812036,77.405986,18.24,40,PLANNED
RT-0001768,MAN-000150,VEH-0138,WH-013,2,FPS-0488,12.648004,77.676808,34.58,76,PLANNED
RT-0001769,MAN-000150,VEH-0138,WH-013,2,FPS-0488,12.648004,77.676808,34.58,76,PLANNED
RT-0001770,MAN-000150,VEH-0138,WH-013,3,FPS-0338,12.690688,77.499674,19.79,43,PLANNED
RT-0001771,MAN-000150,VEH-0138,WH-013,3,FPS-0338,12.690688,77.499674,19.79,43,PLANNED
RT-0001772,MAN-000150,VEH-0138,WH-013,4,FPS-0063,12.908824,77.610842,27.09,59,PLANNED
RT-0001773,MAN-000150,VEH-0138,WH-013,4,FPS-0063,12.908824,77.610842,27.09,59,PLANNED
RT-0001774,MAN-000150,VEH-0138,WH-013,5,FPS-0563,12.687937,77.685141,25.85,56,PLANNED
RT-0001775,MAN-000150,VEH-0138,WH-013,5,FPS-0563,12.687937,77.685141,25.85,56,PLANNED
RT-0001776,MAN-000150,VEH-0138,WH-013,6,FPS-0188,12.816527,77.663953,14.48,31,PLANNED
RT-0001777,MAN-000150,VEH-0138,WH-013,6,FPS-0188,12.816527,77.663953,14.48,31,PLANNED
RT-0001778,MAN-000151,VEH-0013,WH-013,1,FPS-0413,12.62065,77.639149,20.71,45,DRAFT
RT-0001779,MAN-000151,VEH-0013,WH-013,1,FPS-0413,12.62065,77.639149,20.71,45,DRAFT
RT-0001780,MAN-000151,VEH-0013,WH-013,2,FPS-0238,12.663755,77.455586,20.49,45,DRAFT
RT-0001781,MAN-000151,VEH-0013,WH-013,2,FPS-0238,12.663755,77.455586,20.49,45,DRAFT
RT-0001782,MAN-000151,VEH-0013,WH-013,3,FPS-0463,12.653431,77.497561,4.7,10,DRAFT
RT-0001783,MAN-000151,VEH-0013,WH-013,3,FPS-0463,12.653431,77.497561,4.7,10,DRAFT
RT-0001784,MAN-000151,VEH-0013,WH-013,4,FPS-0038,12.778585,77.541761,14.72,32,DRAFT
RT-0001785,MAN-000151,VEH-0013,WH-013,4,FPS-0038,12.778585,77.541761,14.72,32,DRAFT
RT-0001786,MAN-000151,VEH-0013,WH-013,5,FPS-0263,12.651772,77.748991,26.53,58,DRAFT
RT-0001787,MAN-000151,VEH-0013,WH-013,5,FPS-0263,12.651772,77.748991,26.53,58,DRAFT
RT-0001788,MAN-000151,VEH-0013,WH-013,6,FPS-0213,12.637804,77.490235,28.12,61,DRAFT
RT-0001789,MAN-000151,VEH-0013,WH-013,6,FPS-0213,12.637804,77.490235,28.12,61,DRAFT
RT-0001790,MAN-000152,VEH-0113,WH-013,1,FPS-0538,12.801898,77.531503,4.59,10,DRAFT
RT-0001791,MAN-000152,VEH-0113,WH-013,1,FPS-0538,12.801898,77.531503,4.59,10,DRAFT
RT-0001792,MAN-000152,VEH-0113,WH-013,2,FPS-0288,12.848696,77.597419,8.84,19,DRAFT
RT-0001793,MAN-000152,VEH-0113,WH-013,2,FPS-0288,12.848696,77.597419,8.84,19,DRAFT
RT-0001794,MAN-000152,VEH-0113,WH-013,3,FPS-0138,12.687499,77.453099,23.8,52,DRAFT
RT-0001795,MAN-000152,VEH-0113,WH-013,3,FPS-0138,12.687499,77.453099,23.8,52,DRAFT
RT-0001796,MAN-000152,VEH-0113,WH-013,4,FPS-0588,12.783134,77.626103,21.57,47,DRAFT
RT-0001797,MAN-000152,VEH-0113,WH-013,4,FPS-0588,12.783134,77.626103,21.57,47,DRAFT
RT-0001798,MAN-000152,VEH-0113,WH-013,5,FPS-0013,12.893299,77.496665,18.63,40,DRAFT
RT-0001799,MAN-000152,VEH-0113,WH-013,5,FPS-0013,12.893299,77.496665,18.63,40,DRAFT
RT-0001800,MAN-000152,VEH-0113,WH-013,6,FPS-0113,12.973306,77.715912,25.37,55,DRAFT
RT-0001801,MAN-000152,VEH-0113,WH-013,6,FPS-0113,12.973306,77.715912,25.37,55,DRAFT
RT-0001802,MAN-000153,VEH-0064,WH-014,1,FPS-0164,12.47401,76.797116,20.04,44,PLANNED
RT-0001803,MAN-000153,VEH-0064,WH-014,1,FPS-0164,12.47401,76.797116,20.04,44,PLANNED
RT-0001804,MAN-000153,VEH-0064,WH-014,2,FPS-0289,12.314825,76.864861,19.17,42,PLANNED
RT-0001805,MAN-000153,VEH-0064,WH-014,2,FPS-0289,12.314825,76.864861,19.17,42,PLANNED
RT-0001806,MAN-000153,VEH-0064,WH-014,3,FPS-0514,12.442498,76.741918,19.49,42,PLANNED
RT-0001807,MAN-000153,VEH-0064,WH-014,3,FPS-0514,12.442498,76.741918,19.49,42,PLANNED
RT-0001808,MAN-000153,VEH-0064,WH-014,4,FPS-0314,12.331478,76.942202,25.01,55,PLANNED
RT-0001809,MAN-000153,VEH-0064,WH-014,4,FPS-0314,12.331478,76.942202,25.01,55,PLANNED
RT-0001810,MAN-000153,VEH-0064,WH-014,5,FPS-0589,12.144756,76.758829,28.78,63,PLANNED
RT-0001811,MAN-000153,VEH-0064,WH-014,5,FPS-0589,12.144756,76.758829,28.78,63,PLANNED
RT-0001812,MAN-000153,VEH-0064,WH-014,6,FPS-0089,12.326085,76.921817,26.84,59,PLANNED
RT-0001813,MAN-000153,VEH-0064,WH-014,6,FPS-0089,12.326085,76.921817,26.84,59,PLANNED
RT-0001814,MAN-000154,VEH-0039,WH-014,1,FPS-0464,12.3024,76.997658,12.36,27,PLANNED
RT-0001815,MAN-000154,VEH-0039,WH-014,1,FPS-0464,12.3024,76.997658,12.36,27,PLANNED
RT-0001816,MAN-000154,VEH-0039,WH-014,2,FPS-0064,12.209402,76.738124,30.04,66,PLANNED
RT-0001817,MAN-000154,VEH-0039,WH-014,2,FPS-0064,12.209402,76.738124,30.04,66,PLANNED
RT-0001818,MAN-000154,VEH-0039,WH-014,3,FPS-0189,12.255484,77.047413,34.0,74,PLANNED
RT-0001819,MAN-000154,VEH-0039,WH-014,3,FPS-0189,12.255484,77.047413,34.0,74,PLANNED
RT-0001820,MAN-000154,VEH-0039,WH-014,4,FPS-0039,12.390759,76.713601,39.26,86,PLANNED
RT-0001821,MAN-000154,VEH-0039,WH-014,4,FPS-0039,12.390759,76.713601,39.26,86,PLANNED
RT-0001822,MAN-000154,VEH-0039,WH-014,5,FPS-0339,12.454621,76.774598,9.71,21,PLANNED
RT-0001823,MAN-000154,VEH-0039,WH-014,5,FPS-0339,12.454621,76.774598,9.71,21,PLANNED
RT-0001824,MAN-000154,VEH-0039,WH-014,6,FPS-0014,12.356649,76.736884,11.64,25,PLANNED
RT-0001825,MAN-000154,VEH-0039,WH-014,6,FPS-0014,12.356649,76.736884,11.64,25,PLANNED
RT-0001826,MAN-000155,VEH-0114,WH-014,1,FPS-0414,12.354429,76.937592,7.21,15,DRAFT
RT-0001827,MAN-000155,VEH-0114,WH-014,1,FPS-0414,12.354429,76.937592,7.21,15,DRAFT
RT-0001828,MAN-000155,VEH-0114,WH-014,2,FPS-0564,12.463981,77.017653,14.97,32,DRAFT
RT-0001829,MAN-000155,VEH-0114,WH-014,2,FPS-0564,12.463981,77.017653,14.97,32,DRAFT
RT-0001830,MAN-000155,VEH-0114,WH-014,3,FPS-0539,12.290594,77.055111,19.7,43,DRAFT
RT-0001831,MAN-000155,VEH-0114,WH-014,3,FPS-0539,12.290594,77.055111,19.7,43,DRAFT
RT-0001832,MAN-000155,VEH-0114,WH-014,4,FPS-0114,12.441691,76.942173,20.8,45,DRAFT
RT-0001833,MAN-000155,VEH-0114,WH-014,4,FPS-0114,12.441691,76.942173,20.8,45,DRAFT
RT-0001834,MAN-000155,VEH-0114,WH-014,5,FPS-0264,12.164955,76.753933,36.95,81,DRAFT
RT-0001835,MAN-000155,VEH-0114,WH-014,5,FPS-0264,12.164955,76.753933,36.95,81,DRAFT
RT-0001836,MAN-000155,VEH-0114,WH-014,6,FPS-0389,12.178367,76.983094,24.95,54,DRAFT
RT-0001837,MAN-000155,VEH-0114,WH-014,6,FPS-0389,12.178367,76.983094,24.95,54,DRAFT
RT-0001838,MAN-000156,VEH-0014,WH-014,1,FPS-0239,12.283201,77.010073,14.09,30,PLANNED
RT-0001839,MAN-000156,VEH-0014,WH-014,1,FPS-0239,12.283201,77.010073,14.09,30,PLANNED
RT-0001840,MAN-000156,VEH-0014,WH-014,2,FPS-0139,12.313231,76.797098,23.38,51,PLANNED
RT-0001841,MAN-000156,VEH-0014,WH-014,2,FPS-0139,12.313231,76.797098,23.38,51,PLANNED
RT-0001842,MAN-000156,VEH-0014,WH-014,3,FPS-0214,12.328848,76.887999,10.03,22,PLANNED
RT-0001843,MAN-000156,VEH-0014,WH-014,3,FPS-0214,12.328848,76.887999,10.03,22,PLANNED
RT-0001844,MAN-000156,VEH-0014,WH-014,4,FPS-0364,12.417474,77.058453,20.97,46,PLANNED
RT-0001845,MAN-000156,VEH-0014,WH-014,4,FPS-0364,12.417474,77.058453,20.97,46,PLANNED
RT-0001846,MAN-000156,VEH-0014,WH-014,5,FPS-0439,12.272349,77.016712,16.76,36,PLANNED
RT-0001847,MAN-000156,VEH-0014,WH-014,5,FPS-0439,12.272349,77.016712,16.76,36,PLANNED
RT-0001848,MAN-000156,VEH-0014,WH-014,6,FPS-0489,12.44733,76.864485,25.53,56,PLANNED
RT-0001849,MAN-000156,VEH-0014,WH-014,6,FPS-0489,12.44733,76.864485,25.53,56,PLANNED
RT-0001850,MAN-000157,VEH-0140,WH-015,1,FPS-0315,13.447733,77.013066,11.8,25,PLANNED
RT-0001851,MAN-000157,VEH-0140,WH-015,1,FPS-0315,13.447733,77.013066,11.8,25,PLANNED
RT-0001852,MAN-000157,VEH-0140,WH-015,2,FPS-0540,13.449251,76.853923,17.21,37,PLANNED
RT-0001853,MAN-000157,VEH-0140,WH-015,2,FPS-0540,13.449251,76.853923,17.21,37,PLANNED
RT-0001854,MAN-000157,VEH-0140,WH-015,3,FPS-0365,13.490673,76.967888,13.16,28,PLANNED
RT-0001855,MAN-000157,VEH-0140,WH-015,3,FPS-0365,13.490673,76.967888,13.16,28,PLANNED
RT-0001856,MAN-000157,VEH-0140,WH-015,4,FPS-0015,13.608955,76.816619,20.99,46,PLANNED
RT-0001857,MAN-000157,VEH-0140,WH-015,4,FPS-0015,13.608955,76.816619,20.99,46,PLANNED
RT-0001858,MAN-000157,VEH-0140,WH-015,5,FPS-0065,13.462093,76.97375,23.56,51,PLANNED
RT-0001859,MAN-000157,VEH-0140,WH-015,5,FPS-0065,13.462093,76.97375,23.56,51,PLANNED
RT-0001860,MAN-000157,VEH-0140,WH-015,6,FPS-0115,13.627282,77.022142,19.1,42,PLANNED
RT-0001861,MAN-000157,VEH-0140,WH-015,6,FPS-0115,13.627282,77.022142,19.1,42,PLANNED
RT-0001862,MAN-000158,VEH-0115,WH-015,1,FPS-0565,13.598004,77.039966,11.77,25,PLANNED
RT-0001863,MAN-000158,VEH-0115,WH-015,1,FPS-0565,13.598004,77.039966,11.77,25,PLANNED
RT-0001864,MAN-000158,VEH-0115,WH-015,2,FPS-0490,13.508785,76.882593,19.69,43,PLANNED
RT-0001865,MAN-000158,VEH-0115,WH-015,2,FPS-0490,13.508785,76.882593,19.69,43,PLANNED
RT-0001866,MAN-000158,VEH-0115,WH-015,3,FPS-0265,13.452281,76.910842,6.99,15,PLANNED
RT-0001867,MAN-000158,VEH-0115,WH-015,3,FPS-0265,13.452281,76.910842,6.99,15,PLANNED
RT-0001868,MAN-000158,VEH-0115,WH-015,4,FPS-0340,13.603673,76.787261,21.49,47,PLANNED
RT-0001869,MAN-000158,VEH-0115,WH-015,4,FPS-0340,13.603673,76.787261,21.49,47,PLANNED
RT-0001870,MAN-000158,VEH-0115,WH-015,5,FPS-0440,13.642382,76.99989,23.38,51,PLANNED
RT-0001871,MAN-000158,VEH-0115,WH-015,5,FPS-0440,13.642382,76.99989,23.38,51,PLANNED
RT-0001872,MAN-000158,VEH-0115,WH-015,6,FPS-0390,13.386521,76.903626,30.29,66,PLANNED
RT-0001873,MAN-000158,VEH-0115,WH-015,6,FPS-0390,13.386521,76.903626,30.29,66,PLANNED
RT-0001874,MAN-000159,VEH-0015,WH-015,1,FPS-0190,13.711813,77.044247,21.98,48,DRAFT
RT-0001875,MAN-000159,VEH-0015,WH-015,1,FPS-0190,13.711813,77.044247,21.98,48,DRAFT
RT-0001876,MAN-000159,VEH-0015,WH-015,2,FPS-0165,13.462417,76.815036,37.19,81,DRAFT
RT-0001877,MAN-000159,VEH-0015,WH-015,2,FPS-0165,13.462417,76.815036,37.19,81,DRAFT
RT-0001878,MAN-000159,VEH-0015,WH-015,3,FPS-0090,13.420376,76.952789,15.61,34,DRAFT
RT-0001879,MAN-000159,VEH-0015,WH-015,3,FPS-0090,13.420376,76.952789,15.61,34,DRAFT
RT-0001880,MAN-000159,VEH-0015,WH-015,4,FPS-0140,13.405809,76.920186,3.88,8,DRAFT
RT-0001881,MAN-000159,VEH-0015,WH-015,4,FPS-0140,13.405809,76.920186,3.88,8,DRAFT
RT-0001882,MAN-000159,VEH-0015,WH-015,5,FPS-0465,13.535357,77.121063,26.06,57,DRAFT
RT-0001883,MAN-000159,VEH-0015,WH-015,5,FPS-0465,13.535357,77.121063,26.06,57,DRAFT
RT-0001884,MAN-000159,VEH-0015,WH-015,6,FPS-0215,13.519428,76.921876,21.61,47,DRAFT
RT-0001885,MAN-000159,VEH-0015,WH-015,6,FPS-0215,13.519428,76.921876,21.61,47,DRAFT
RT-0001886,MAN-000160,VEH-0140,WH-015,1,FPS-0590,13.674952,76.963346,15.53,34,PLANNED
RT-0001887,MAN-000160,VEH-0140,WH-015,1,FPS-0590,13.674952,76.963346,15.53,34,PLANNED
RT-0001888,MAN-000160,VEH-0140,WH-015,2,FPS-0240,13.418903,76.840118,31.43,69,PLANNED
RT-0001889,MAN-000160,VEH-0140,WH-015,2,FPS-0240,13.418903,76.840118,31.43,69,PLANNED
RT-0001890,MAN-000160,VEH-0140,WH-015,3,FPS-0515,13.618932,77.006275,28.59,62,PLANNED
RT-0001891,MAN-000160,VEH-0140,WH-015,3,FPS-0515,13.618932,77.006275,28.59,62,PLANNED
RT-0001892,MAN-000160,VEH-0140,WH-015,4,FPS-0415,13.480616,76.869987,21.3,46,PLANNED
RT-0001893,MAN-000160,VEH-0140,WH-015,4,FPS-0415,13.480616,76.869987,21.3,46,PLANNED
RT-0001894,MAN-000160,VEH-0140,WH-015,5,FPS-0040,13.453789,77.130441,28.32,62,PLANNED
RT-0001895,MAN-000160,VEH-0140,WH-015,5,FPS-0040,13.453789,77.130441,28.32,62,PLANNED
RT-0001896,MAN-000160,VEH-0140,WH-015,6,FPS-0290,13.387829,76.833429,32.95,72,PLANNED
RT-0001897,MAN-000160,VEH-0140,WH-015,6,FPS-0290,13.387829,76.833429,32.95,72,PLANNED
RT-0001898,MAN-000161,VEH-0091,WH-016,1,FPS-0091,12.503681,76.673071,11.06,24,PLANNED
RT-0001899,MAN-000161,VEH-0091,WH-016,1,FPS-0091,12.503681,76.673071,11.06,24,PLANNED
RT-0001900,MAN-000161,VEH-0091,WH-016,2,FPS-0441,12.58847,76.400846,31.01,68,PLANNED
RT-0001901,MAN-000161,VEH-0091,WH-016,2,FPS-0441,12.58847,76.400846,31.01,68,PLANNED
RT-0001902,MAN-000161,VEH-0091,WH-016,3,FPS-0491,12.585915,76.505311,11.34,24,PLANNED
RT-0001903,MAN-000161,VEH-0091,WH-016,3,FPS-0491,12.585915,76.505311,11.34,24,PLANNED
RT-0001904,MAN-000161,VEH-0091,WH-016,4,FPS-0266,12.514365,76.60295,13.25,29,PLANNED
RT-0001905,MAN-000161,VEH-0091,WH-016,4,FPS-0266,12.514365,76.60295,13.25,29,PLANNED
RT-0001906,MAN-000161,VEH-0091,WH-016,5,FPS-0566,12.667038,76.655128,17.9,39,PLANNED
RT-0001907,MAN-000161,VEH-0091,WH-016,5,FPS-0566,12.667038,76.655128,17.9,39,PLANNED
RT-0001908,MAN-000161,VEH-0091,WH-016,6,FPS-0591,12.620082,76.656664,5.22,11,PLANNED
RT-0001909,MAN-000161,VEH-0091,WH-016,6,FPS-0591,12.620082,76.656664,5.22,11,PLANNED
RT-0001910,MAN-000162,VEH-0141,WH-016,1,FPS-0316,12.378784,76.601186,14.64,32,PLANNED
RT-0001911,MAN-000162,VEH-0141,WH-016,1,FPS-0316,12.378784,76.601186,14.64,32,PLANNED
RT-0001912,MAN-000162,VEH-0141,WH-016,2,FPS-0516,12.432937,76.53011,9.79,21,PLANNED
RT-0001913,MAN-000162,VEH-0141,WH-016,2,FPS-0516,12.432937,76.53011,9.79,21,PLANNED
RT-0001914,MAN-000162,VEH-0141,WH-016,3,FPS-0041,12.392558,76.482157,6.88,15,PLANNED
RT-0001915,MAN-000162,VEH-0141,WH-016,3,FPS-0041,12.392558,76.482157,6.88,15,PLANNED
RT-0001916,MAN-000162,VEH-0141,WH-016,4,FPS-0291,12.427274,76.457255,4.71,10,PLANNED
RT-0001917,MAN-000162,VEH-0141,WH-016,4,FPS-0291,12.427274,76.457255,4.71,10,PLANNED
RT-0001918,MAN-000162,VEH-0141,WH-016,5,FPS-0191,12.639382,76.736283,38.39,84,PLANNED
RT-0001919,MAN-000162,VEH-0141,WH-016,5,FPS-0191,12.639382,76.736283,38.39,84,PLANNED
RT-0001920,MAN-000162,VEH-0141,WH-016,6,FPS-0241,12.381297,76.544283,35.47,78,PLANNED
RT-0001921,MAN-000162,VEH-0141,WH-016,6,FPS-0241,12.381297,76.544283,35.47,78,PLANNED
RT-0001922,MAN-000163,VEH-0091,WH-016,1,FPS-0466,12.602823,76.664583,14.69,32,PLANNED
RT-0001923,MAN-000163,VEH-0091,WH-016,1,FPS-0466,12.602823,76.664583,14.69,32,PLANNED
RT-0001924,MAN-000163,VEH-0091,WH-016,2,FPS-0116,12.334699,76.590894,30.87,67,PLANNED
RT-0001925,MAN-000163,VEH-0091,WH-016,2,FPS-0116,12.334699,76.590894,30.87,67,PLANNED
RT-0001926,MAN-000163,VEH-0091,WH-016,3,FPS-0216,12.649694,76.524329,35.76,78,PLANNED
RT-0001927,MAN-000163,VEH-0091,WH-016,3,FPS-0216,12.649694,76.524329,35.76,78,PLANNED
RT-0001928,MAN-000163,VEH-0091,WH-016,4,FPS-0066,12.421959,76.599243,26.6,58,PLANNED
RT-0001929,MAN-000163,VEH-0091,WH-016,4,FPS-0066,12.421959,76.599243,26.6,58,PLANNED
RT-0001930,MAN-000163,VEH-0091,WH-016,5,FPS-0541,12.447911,76.60914,3.08,6,PLANNED
RT-0001931,MAN-000163,VEH-0091,WH-016,5,FPS-0541,12.447911,76.60914,3.08,6,PLANNED
RT-0001932,MAN-000163,VEH-0091,WH-016,6,FPS-0391,12.604202,76.578335,17.7,38,PLANNED
RT-0001933,MAN-000163,VEH-0091,WH-016,6,FPS-0391,12.604202,76.578335,17.7,38,PLANNED
RT-0001934,MAN-000164,VEH-0016,WH-016,1,FPS-0166,12.461113,76.723592,17.32,38,PLANNED
RT-0001935,MAN-000164,VEH-0016,WH-016,1,FPS-0166,12.461113,76.723592,17.32,38,PLANNED
RT-0001936,MAN-000164,VEH-0016,WH-016,2,FPS-0141,12.530503,76.597509,15.71,34,PLANNED
RT-0001937,MAN-000164,VEH-0016,WH-016,2,FPS-0141,12.530503,76.597509,15.71,34,PLANNED
RT-0001938,MAN-000164,VEH-0016,WH-016,3,FPS-0366,12.5821,76.59684,5.74,12,PLANNED
RT-0001939,MAN-000164,VEH-0016,WH-016,3,FPS-0366,12.5821,76.59684,5.74,12,PLANNED
RT-0001940,MAN-000164,VEH-0016,WH-016,4,FPS-0016,12.450702,76.634937,15.18,33,PLANNED
RT-0001941,MAN-000164,VEH-0016,WH-016,4,FPS-0016,12.450702,76.634937,15.18,33,PLANNED
RT-0001942,MAN-000164,VEH-0016,WH-016,5,FPS-0341,12.465842,76.397389,25.85,56,PLANNED
RT-0001943,MAN-000164,VEH-0016,WH-016,5,FPS-0341,12.465842,76.397389,25.85,56,PLANNED
RT-0001944,MAN-000164,VEH-0016,WH-016,6,FPS-0416,12.404862,76.705942,34.18,75,PLANNED
RT-0001945,MAN-000164,VEH-0016,WH-016,6,FPS-0416,12.404862,76.705942,34.18,75,PLANNED
RT-0001946,MAN-000165,VEH-0117,WH-017,1,FPS-0292,13.125397,75.898039,9.36,20,PLANNED
RT-0001947,MAN-000165,VEH-0117,WH-017,1,FPS-0292,13.125397,75.898039,9.36,20,PLANNED
RT-0001948,MAN-000165,VEH-0117,WH-017,2,FPS-0542,13.1012,75.670459,24.79,54,PLANNED
RT-0001949,MAN-000165,VEH-0117,WH-017,2,FPS-0542,13.1012,75.670459,24.79,54,PLANNED
RT-0001950,MAN-000165,VEH-0117,WH-017,3,FPS-0242,13.094669,75.741395,7.72,16,PLANNED
RT-0001951,MAN-000165,VEH-0117,WH-017,3,FPS-0242,13.094669,75.741395,7.72,16,PLANNED
RT-0001952,MAN-000165,VEH-0117,WH-017,4,FPS-0217,13.135498,75.908333,18.64,41,PLANNED
RT-0001953,MAN-000165,VEH-0117,WH-017,4,FPS-0217,13.135498,75.908333,18.64,41,PLANNED
RT-0001954,MAN-000165,VEH-0117,WH-017,5,FPS-0467,13.093759,75.710134,21.96,48,PLANNED
RT-0001955,MAN-000165,VEH-0117,WH-017,5,FPS-0467,13.093759,75.710134,21.96,48,PLANNED
RT-0001956,MAN-000165,VEH-0117,WH-017,6,FPS-0392,13.244932,75.745123,17.23,37,PLANNED
RT-0001957,MAN-000165,VEH-0117,WH-017,6,FPS-0392,13.244932,75.745123,17.23,37,PLANNED
RT-0001958,MAN-000166,VEH-0067,WH-017,1,FPS-0067,13.018857,75.737454,18.53,40,PLANNED
RT-0001959,MAN-000166,VEH-0067,WH-017,1,FPS-0067,13.018857,75.737454,18.53,40,PLANNED
RT-0001960,MAN-000166,VEH-0067,WH-017,2,FPS-0142,13.210799,75.831594,23.65,52,PLANNED
RT-0001961,MAN-000166,VEH-0067,WH-017,2,FPS-0142,13.210799,75.831594,23.65,52,PLANNED
RT-0001962,MAN-000166,VEH-0067,WH-017,3,FPS-0192,13.283421,75.775291,10.12,22,PLANNED
RT-0001963,MAN-000166,VEH-0067,WH-017,3,FPS-0192,13.283421,75.775291,10.12,22,PLANNED
RT-0001964,MAN-000166,VEH-0067,WH-017,4,FPS-0517,13.118593,75.72327,19.17,42,PLANNED
RT-0001965,MAN-000166,VEH-0067,WH-017,4,FPS-0517,13.118593,75.72327,19.17,42,PLANNED
RT-0001966,MAN-000166,VEH-0067,WH-017,5,FPS-0017,13.254894,75.66061,16.6,36,PLANNED
RT-0001967,MAN-000166,VEH-0067,WH-017,5,FPS-0017,13.254894,75.66061,16.6,36,PLANNED
RT-0001968,MAN-000166,VEH-0067,WH-017,6,FPS-0117,13.073833,75.878258,30.99,68,PLANNED
RT-0001969,MAN-000166,VEH-0067,WH-017,6,FPS-0117,13.073833,75.878258,30.99,68,PLANNED
RT-0001970,MAN-000167,VEH-0017,WH-017,1,FPS-0492,13.226155,75.748465,10.48,23,DRAFT
RT-0001971,MAN-000167,VEH-0017,WH-017,1,FPS-0492,13.226155,75.748465,10.48,23,DRAFT
RT-0001972,MAN-000167,VEH-0017,WH-017,2,FPS-0092,13.331002,75.708381,12.44,27,DRAFT
RT-0001973,MAN-000167,VEH-0017,WH-017,2,FPS-0092,13.331002,75.708381,12.44,27,DRAFT
RT-0001974,MAN-000167,VEH-0017,WH-017,3,FPS-0317,13.195917,75.932657,28.54,62,DRAFT
RT-0001975,MAN-000167,VEH-0017,WH-017,3,FPS-0317,13.195917,75.932657,28.54,62,DRAFT
RT-0001976,MAN-000167,VEH-0017,WH-017,4,FPS-0567,13.236037,75.920872,4.64,10,DRAFT
RT-0001977,MAN-000167,VEH-0017,WH-017,4,FPS-0567,13.236037,75.920872,4.64,10,DRAFT
RT-0001978,MAN-000167,VEH-0017,WH-017,5,FPS-0417,13.229214,75.713491,22.46,49,DRAFT
RT-0001979,MAN-000167,VEH-0017,WH-017,5,FPS-0417,13.229214,75.713491,22.46,49,DRAFT
RT-0001980,MAN-000167,VEH-0017,WH-017,6,FPS-0442,13.152817,75.996131,31.76,69,DRAFT
RT-0001981,MAN-000167,VEH-0017,WH-017,6,FPS-0442,13.152817,75.996131,31.76,69,DRAFT
RT-0001982,MAN-000168,VEH-0017,WH-017,1,FPS-0367,13.1966,75.781412,5.63,12,PLANNED
RT-0001983,MAN-000168,VEH-0017,WH-017,1,FPS-0367,13.1966,75.781412,5.63,12,PLANNED
RT-0001984,MAN-000168,VEH-0017,WH-017,2,FPS-0592,13.148447,75.675344,12.67,27,PLANNED
RT-0001985,MAN-000168,VEH-0017,WH-017,2,FPS-0592,13.148447,75.675344,12.67,27,PLANNED
RT-0001986,MAN-000168,VEH-0017,WH-017,3,FPS-0267,13.161475,75.658826,2.3,5,PLANNED
RT-0001987,MAN-000168,VEH-0017,WH-017,3,FPS-0267,13.161475,75.658826,2.3,5,PLANNED
RT-0001988,MAN-000168,VEH-0017,WH-017,4,FPS-0167,12.998617,75.957954,37.12,81,PLANNED
RT-0001989,MAN-000168,VEH-0017,WH-017,4,FPS-0167,12.998617,75.957954,37.12,81,PLANNED
RT-0001990,MAN-000168,VEH-0017,WH-017,5,FPS-0342,13.071735,75.956488,8.13,17,PLANNED
RT-0001991,MAN-000168,VEH-0017,WH-017,5,FPS-0342,13.071735,75.956488,8.13,17,PLANNED
RT-0001992,MAN-000168,VEH-0017,WH-017,6,FPS-0042,13.314624,75.860998,28.92,63,PLANNED
RT-0001993,MAN-000168,VEH-0017,WH-017,6,FPS-0042,13.314624,75.860998,28.92,63,PLANNED
RT-0001994,MAN-000169,VEH-0068,WH-018,1,FPS-0243,13.680692,75.789313,4.13,9,PLANNED
RT-0001995,MAN-000169,VEH-0068,WH-018,1,FPS-0243,13.680692,75.789313,4.13,9,PLANNED
RT-0001996,MAN-000169,VEH-0068,WH-018,2,FPS-0118,13.821389,75.850761,16.99,37,PLANNED
RT-0001997,MAN-000169,VEH-0068,WH-018,2,FPS-0118,13.821389,75.850761,16.99,37,PLANNED
RT-0001998,MAN-000169,VEH-0068,WH-018,3,FPS-0293,13.481391,75.841962,37.82,83,PLANNED
RT-0001999,MAN-000169,VEH-0068,WH-018,3,FPS-0293,13.481391,75.841962,37.82,83,PLANNED
RT-0002000,MAN-000169,VEH-0068,WH-018,4,FPS-0543,13.773977,75.78324,33.15,72,PLANNED
RT-0002001,MAN-000169,VEH-0068,WH-018,4,FPS-0543,13.773977,75.78324,33.15,72,PLANNED
RT-0002002,MAN-000169,VEH-0068,WH-018,5,FPS-0468,13.773323,75.889436,11.47,25,PLANNED
RT-0002003,MAN-000169,VEH-0068,WH-018,5,FPS-0468,13.773323,75.889436,11.47,25,PLANNED
RT-0002004,MAN-000169,VEH-0068,WH-018,6,FPS-0193,13.653039,75.586188,35.38,77,PLANNED
RT-0002005,MAN-000169,VEH-0068,WH-018,6,FPS-0193,13.653039,75.586188,35.38,77,PLANNED
RT-0002006,MAN-000170,VEH-0018,WH-018,1,FPS-0593,13.654962,75.790071,3.31,7,DRAFT
RT-0002007,MAN-000170,VEH-0018,WH-018,1,FPS-0593,13.654962,75.790071,3.31,7,DRAFT
RT-0002008,MAN-000170,VEH-0018,WH-018,2,FPS-0343,13.562725,75.84845,12.04,26,DRAFT
RT-0002009,MAN-000170,VEH-0018,WH-018,2,FPS-0343,13.562725,75.84845,12.04,26,DRAFT
RT-0002010,MAN-000170,VEH-0018,WH-018,3,FPS-0068,13.517587,75.619412,25.26,55,DRAFT
RT-0002011,MAN-000170,VEH-0018,WH-018,3,FPS-0068,13.517587,75.619412,25.26,55,DRAFT
RT-0002012,MAN-000170,VEH-0018,WH-018,4,FPS-0093,13.770157,75.907351,41.91,92,DRAFT
RT-0002013,MAN-000170,VEH-0018,WH-018,4,FPS-0093,13.770157,75.907351,41.91,92,DRAFT
RT-0002014,MAN-000170,VEH-0018,WH-018,5,FPS-0518,13.569249,75.657943,35.0,77,DRAFT
RT-0002015,MAN-000170,VEH-0018,WH-018,5,FPS-0518,13.569249,75.657943,35.0,77,DRAFT
RT-0002016,MAN-000170,VEH-0018,WH-018,6,FPS-0268,13.527199,75.582277,9.42,20,DRAFT
RT-0002017,MAN-000170,VEH-0018,WH-018,6,FPS-0268,13.527199,75.582277,9.42,20,DRAFT
RT-0002018,MAN-000171,VEH-0143,WH-018,1,FPS-0443,13.546403,75.874343,17.5,38,PLANNED
RT-0002019,MAN-000171,VEH-0143,WH-018,1,FPS-0443,13.546403,75.874343,17.5,38,PLANNED
RT-0002020,MAN-000171,VEH-0143,WH-018,2,FPS-0018,13.490515,75.662928,23.69,52,PLANNED
RT-0002021,MAN-000171,VEH-0143,WH-018,2,FPS-0018,13.490515,75.662928,23.69,52,PLANNED
RT-0002022,MAN-000171,VEH-0143,WH-018,3,FPS-0218,13.670001,75.862045,29.35,64,PLANNED
RT-0002023,MAN-000171,VEH-0143,WH-018,3,FPS-0218,13.670001,75.862045,29.35,64,PLANNED
RT-0002024,MAN-000171,VEH-0143,WH-018,4,FPS-0393,13.719214,75.696379,18.72,41,PLANNED
RT-0002025,MAN-000171,VEH-0143,WH-018,4,FPS-0393,13.719214,75.696379,18.72,41,PLANNED
RT-0002026,MAN-000171,VEH-0143,WH-018,5,FPS-0143,13.498156,75.756693,25.43,55,PLANNED
RT-0002027,MAN-000171,VEH-0143,WH-018,5,FPS-0143,13.498156,75.756693,25.43,55,PLANNED
RT-0002028,MAN-000171,VEH-0143,WH-018,6,FPS-0493,13.664934,75.73333,18.72,41,PLANNED
RT-0002029,MAN-000171,VEH-0143,WH-018,6,FPS-0493,13.664934,75.73333,18.72,41,PLANNED
RT-0002030,MAN-000172,VEH-0118,WH-018,1,FPS-0043,13.483826,75.823625,20.5,45,DRAFT
RT-0002031,MAN-000172,VEH-0118,WH-018,1,FPS-0043,13.483826,75.823625,20.5,45,DRAFT
RT-0002032,MAN-000172,VEH-0118,WH-018,2,FPS-0418,13.524703,75.851544,5.46,12,DRAFT
RT-0002033,MAN-000172,VEH-0118,WH-018,2,FPS-0418,13.524703,75.851544,5.46,12,DRAFT
RT-0002034,MAN-000172,VEH-0118,WH-018,3,FPS-0318,13.652222,75.721233,19.99,43,DRAFT
RT-0002035,MAN-000172,VEH-0118,WH-018,3,FPS-0318,13.652222,75.721233,19.99,43,DRAFT
RT-0002036,MAN-000172,VEH-0118,WH-018,4,FPS-0168,13.529592,75.847304,19.28,42,DRAFT
RT-0002037,MAN-000172,VEH-0118,WH-018,4,FPS-0168,13.529592,75.847304,19.28,42,DRAFT
RT-0002038,MAN-000172,VEH-0118,WH-018,5,FPS-0568,13.818415,75.621833,40.31,88,DRAFT
RT-0002039,MAN-000172,VEH-0118,WH-018,5,FPS-0568,13.818415,75.621833,40.31,88,DRAFT
RT-0002040,MAN-000172,VEH-0118,WH-018,6,FPS-0368,13.507161,75.925757,47.71,104,DRAFT
RT-0002041,MAN-000172,VEH-0118,WH-018,6,FPS-0368,13.507161,75.925757,47.71,104,DRAFT
RT-0002042,MAN-000173,VEH-0019,WH-019,1,FPS-0094,12.764455,77.969764,23.08,50,PLANNED
RT-0002043,MAN-000173,VEH-0019,WH-019,1,FPS-0094,12.764455,77.969764,23.08,50,PLANNED
RT-0002044,MAN-000173,VEH-0019,WH-019,2,FPS-0569,12.834494,77.723364,27.83,61,PLANNED
RT-0002045,MAN-000173,VEH-0019,WH-019,2,FPS-0569,12.834494,77.723364,27.83,61,PLANNED
RT-0002046,MAN-000173,VEH-0019,WH-019,3,FPS-0269,12.828111,77.67288,5.52,12,PLANNED
RT-0002047,MAN-000173,VEH-0019,WH-019,3,FPS-0269,12.828111,77.67288,5.52,12,PLANNED
RT-0002048,MAN-000173,VEH-0019,WH-019,4,FPS-0494,12.926775,77.881977,25.18,55,PLANNED
RT-0002049,MAN-000173,VEH-0019,WH-019,4,FPS-0494,12.926775,77.881977,25.18,55,PLANNED
RT-0002050,MAN-000173,VEH-0019,WH-019,5,FPS-0444,12.845401,77.738133,18.03,39,PLANNED
RT-0002051,MAN-000173,VEH-0019,WH-019,5,FPS-0444,12.845401,77.738133,18.03,39,PLANNED
RT-0002052,MAN-000173,VEH-0019,WH-019,6,FPS-0544,13.062655,77.773172,24.45,53,PLANNED
RT-0002053,MAN-000173,VEH-0019,WH-019,6,FPS-0544,13.062655,77.773172,24.45,53,PLANNED
RT-0002054,MAN-000174,VEH-0144,WH-019,1,FPS-0394,12.752123,77.701706,17.75,39,PLANNED
RT-0002055,MAN-000174,VEH-0144,WH-019,1,FPS-0394,12.752123,77.701706,17.75,39,PLANNED
RT-0002056,MAN-000174,VEH-0144,WH-019,2,FPS-0019,12.853278,77.763,13.06,28,PLANNED
RT-0002057,MAN-000174,VEH-0144,WH-019,2,FPS-0019,12.853278,77.763,13.06,28,PLANNED
RT-0002058,MAN-000174,VEH-0144,WH-019,3,FPS-0369,12.803392,77.85454,11.37,25,PLANNED
RT-0002059,MAN-000174,VEH-0144,WH-019,3,FPS-0369,12.803392,77.85454,11.37,25,PLANNED
RT-0002060,MAN-000174,VEH-0144,WH-019,4,FPS-0169,12.892019,77.819669,10.56,23,PLANNED
RT-0002061,MAN-000174,VEH-0144,WH-019,4,FPS-0169,12.892019,77.819669,10.56,23,PLANNED
RT-0002062,MAN-000174,VEH-0144,WH-019,5,FPS-0344,12.735165,77.863993,18.09,39,PLANNED
RT-0002063,MAN-000174,VEH-0144,WH-019,5,FPS-0344,12.735165,77.863993,18.09,39,PLANNED
RT-0002064,MAN-000174,VEH-0144,WH-019,6,FPS-0194,12.809316,77.631111,26.57,58,PLANNED
RT-0002065,MAN-000174,VEH-0144,WH-019,6,FPS-0194,12.809316,77.631111,26.57,58,PLANNED
RT-0002066,MAN-000175,VEH-0044,WH-019,1,FPS-0519,12.741408,77.736194,17.01,37,PLANNED
RT-0002067,MAN-000175,VEH-0044,WH-019,1,FPS-0519,12.741408,77.736194,17.01,37,PLANNED
RT-0002068,MAN-000175,VEH-0044,WH-019,2,FPS-0594,12.845172,77.850105,16.9,37,PLANNED
RT-0002069,MAN-000175,VEH-0044,WH-019,2,FPS-0594,12.845172,77.850105,16.9,37,PLANNED
RT-0002070,MAN-000175,VEH-0044,WH-019,3,FPS-0044,12.982294,77.939703,18.08,39,PLANNED
RT-0002071,MAN-000175,VEH-0044,WH-019,3,FPS-0044,12.982294,77.939703,18.08,39,PLANNED
RT-0002072,MAN-000175,VEH-0044,WH-019,4,FPS-0219,13.032,77.940773,5.53,12,PLANNED
RT-0002073,MAN-000175,VEH-0044,WH-019,4,FPS-0219,13.032,77.940773,5.53,12,PLANNED
RT-0002074,MAN-000175,VEH-0044,WH-019,5,FPS-0144,13.027553,77.910657,3.3,7,PLANNED
RT-0002075,MAN-000175,VEH-0044,WH-019,5,FPS-0144,13.027553,77.910657,3.3,7,PLANNED
RT-0002076,MAN-000175,VEH-0044,WH-019,6,FPS-0419,12.805051,77.846649,25.7,56,PLANNED
RT-0002077,MAN-000175,VEH-0044,WH-019,6,FPS-0419,12.805051,77.846649,25.7,56,PLANNED
RT-0002078,MAN-000176,VEH-0069,WH-019,1,FPS-0469,12.759134,77.778792,13.9,30,PLANNED
RT-0002079,MAN-000176,VEH-0069,WH-019,1,FPS-0469,12.759134,77.778792,13.9,30,PLANNED
RT-0002080,MAN-000176,VEH-0069,WH-019,2,FPS-0119,12.917298,77.875446,20.47,45,PLANNED
RT-0002081,MAN-000176,VEH-0069,WH-019,2,FPS-0119,12.917298,77.875446,20.47,45,PLANNED
RT-0002082,MAN-000176,VEH-0069,WH-019,3,FPS-0319,12.991743,77.886312,8.36,18,PLANNED
RT-0002083,MAN-000176,VEH-0069,WH-019,3,FPS-0319,12.991743,77.886312,8.36,18,PLANNED
RT-0002084,MAN-000176,VEH-0069,WH-019,4,FPS-0244,12.734986,77.775407,30.98,68,PLANNED
RT-0002085,MAN-000176,VEH-0069,WH-019,4,FPS-0244,12.734986,77.775407,30.98,68,PLANNED
RT-0002086,MAN-000176,VEH-0069,WH-019,5,FPS-0294,13.046713,77.683643,36.06,79,PLANNED
RT-0002087,MAN-000176,VEH-0069,WH-019,5,FPS-0294,13.046713,77.683643,36.06,79,PLANNED
RT-0002088,MAN-000176,VEH-0069,WH-019,6,FPS-0069,12.825642,77.729623,25.08,55,PLANNED
RT-0002089,MAN-000176,VEH-0069,WH-019,6,FPS-0069,12.825642,77.729623,25.08,55,PLANNED
RT-0002090,MAN-000177,VEH-0070,WH-020,1,FPS-0370,12.391279,76.328147,19.25,42,PLANNED
RT-0002091,MAN-000177,VEH-0070,WH-020,1,FPS-0370,12.391279,76.328147,19.25,42,PLANNED
RT-0002092,MAN-000177,VEH-0070,WH-020,2,FPS-0420,12.09427,76.335311,33.04,72,PLANNED
RT-0002093,MAN-000177,VEH-0070,WH-020,2,FPS-0420,12.09427,76.335311,33.04,72,PLANNED
RT-0002094,MAN-000177,VEH-0070,WH-020,3,FPS-0445,12.265171,76.386901,19.81,43,PLANNED
RT-0002095,MAN-000177,VEH-0070,WH-020,3,FPS-0445,12.265171,76.386901,19.81,43,PLANNED
RT-0002096,MAN-000177,VEH-0070,WH-020,4,FPS-0345,12.344035,76.293069,13.45,29,PLANNED
RT-0002097,MAN-000177,VEH-0070,WH-020,4,FPS-0345,12.344035,76.293069,13.45,29,PLANNED
RT-0002098,MAN-000177,VEH-0070,WH-020,5,FPS-0295,12.431947,76.515129,26.02,57,PLANNED
RT-0002099,MAN-000177,VEH-0070,WH-020,5,FPS-0295,12.431947,76.515129,26.02,57,PLANNED
RT-0002100,MAN-000177,VEH-0070,WH-020,6,FPS-0045,12.211528,76.451185,25.47,56,PLANNED
RT-0002101,MAN-000177,VEH-0070,WH-020,6,FPS-0045,12.211528,76.451185,25.47,56,PLANNED
RT-0002102,MAN-000178,VEH-0145,WH-020,1,FPS-0095,12.251287,76.525094,9.56,21,DRAFT
RT-0002103,MAN-000178,VEH-0145,WH-020,1,FPS-0095,12.251287,76.525094,9.56,21,DRAFT
RT-0002104,MAN-000178,VEH-0145,WH-020,2,FPS-0145,12.30451,76.406394,14.19,31,DRAFT
RT-0002105,MAN-000178,VEH-0145,WH-020,2,FPS-0145,12.30451,76.406394,14.19,31,DRAFT
RT-0002106,MAN-000178,VEH-0145,WH-020,3,FPS-0070,12.219077,76.533868,16.8,36,DRAFT
RT-0002107,MAN-000178,VEH-0145,WH-020,3,FPS-0070,12.219077,76.533868,16.8,36,DRAFT
RT-0002108,MAN-000178,VEH-0145,WH-020,4,FPS-0020,12.33417,76.401894,19.22,42,DRAFT
RT-0002109,MAN-000178,VEH-0145,WH-020,4,FPS-0020,12.33417,76.401894,19.22,42,DRAFT
RT-0002110,MAN-000178,VEH-0145,WH-020,5,FPS-0170,12.355515,76.483443,9.17,20,DRAFT
RT-0002111,MAN-000178,VEH-0145,WH-020,5,FPS-0170,12.355515,76.483443,9.17,20,DRAFT
RT-0002112,MAN-000178,VEH-0145,WH-020,6,FPS-0320,12.10674,76.407903,28.85,63,DRAFT
RT-0002113,MAN-000178,VEH-0145,WH-020,6,FPS-0320,12.10674,76.407903,28.85,63,DRAFT
RT-0002114,MAN-000179,VEH-0145,WH-020,1,FPS-0195,12.338351,76.280272,19.41,42,DRAFT
RT-0002115,MAN-000179,VEH-0145,WH-020,1,FPS-0195,12.338351,76.280272,19.41,42,DRAFT
RT-0002116,MAN-000179,VEH-0145,WH-020,2,FPS-0270,12.079547,76.294454,28.82,63,DRAFT
RT-0002117,MAN-000179,VEH-0145,WH-020,2,FPS-0270,12.079547,76.294454,28.82,63,DRAFT
RT-0002118,MAN-000179,VEH-0145,WH-020,3,FPS-0545,12.234519,76.586961,36.17,79,DRAFT
RT-0002119,MAN-000179,VEH-0145,WH-020,3,FPS-0545,12.234519,76.586961,36.17,79,DRAFT
RT-0002120,MAN-000179,VEH-0145,WH-020,4,FPS-0220,12.341991,76.49557,15.54,34,DRAFT
RT-0002121,MAN-000179,VEH-0145,WH-020,4,FPS-0220,12.341991,76.49557,15.54,34,DRAFT
RT-0002122,MAN-000179,VEH-0145,WH-020,5,FPS-0245,12.185472,76.277628,29.39,64,DRAFT
RT-0002123,MAN-000179,VEH-0145,WH-020,5,FPS-0245,12.185472,76.277628,29.39,64,DRAFT
RT-0002124,MAN-000179,VEH-0145,WH-020,6,FPS-0495,12.184569,76.33358,6.08,13,DRAFT
RT-0002125,MAN-000179,VEH-0145,WH-020,6,FPS-0495,12.184569,76.33358,6.08,13,DRAFT
RT-0002126,MAN-000180,VEH-0120,WH-020,1,FPS-0470,12.274428,76.5161,8.85,19,PLANNED
RT-0002127,MAN-000180,VEH-0120,WH-020,1,FPS-0470,12.274428,76.5161,8.85,19,PLANNED
RT-0002128,MAN-000180,VEH-0120,WH-020,2,FPS-0570,12.153009,76.446728,15.46,34,PLANNED
RT-0002129,MAN-000180,VEH-0120,WH-020,2,FPS-0570,12.153009,76.446728,15.46,34,PLANNED
RT-0002130,MAN-000180,VEH-0120,WH-020,3,FPS-0395,12.119954,76.585259,15.5,34,PLANNED
RT-0002131,MAN-000180,VEH-0120,WH-020,3,FPS-0395,12.119954,76.585259,15.5,34,PLANNED
RT-0002132,MAN-000180,VEH-0120,WH-020,4,FPS-0520,12.085119,76.433188,16.98,37,PLANNED
RT-0002133,MAN-000180,VEH-0120,WH-020,4,FPS-0520,12.085119,76.433188,16.98,37,PLANNED
RT-0002134,MAN-000180,VEH-0120,WH-020,5,FPS-0595,12.155351,76.535887,13.63,29,PLANNED
RT-0002135,MAN-000180,VEH-0120,WH-020,5,FPS-0595,12.155351,76.535887,13.63,29,PLANNED
RT-0002136,MAN-000180,VEH-0120,WH-020,6,FPS-0120,12.349446,76.444963,23.74,52,PLANNED
RT-0002137,MAN-000180,VEH-0120,WH-020,6,FPS-0120,12.349446,76.444963,23.74,52,PLANNED
RT-0002138,MAN-000181,VEH-0146,WH-021,1,FPS-0371,13.755103,76.889826,19.94,43,PLANNED
RT-0002139,MAN-000181,VEH-0146,WH-021,1,FPS-0371,13.755103,76.889826,19.94,43,PLANNED
RT-0002140,MAN-000181,VEH-0146,WH-021,2,FPS-0121,13.498861,76.969267,29.76,65,PLANNED
RT-0002141,MAN-000181,VEH-0146,WH-021,2,FPS-0121,13.498861,76.969267,29.76,65,PLANNED
RT-0002142,MAN-000181,VEH-0146,WH-021,3,FPS-0596,13.435463,76.753208,24.4,53,PLANNED
RT-0002143,MAN-000181,VEH-0146,WH-021,3,FPS-0596,13.435463,76.753208,24.4,53,PLANNED
RT-0002144,MAN-000181,VEH-0146,WH-021,4,FPS-0296,13.580689,76.686824,17.67,38,PLANNED
RT-0002145,MAN-000181,VEH-0146,WH-021,4,FPS-0296,13.580689,76.686824,17.67,38,PLANNED
RT-0002146,MAN-000181,VEH-0146,WH-021,5,FPS-0071,13.595487,76.959273,29.49,64,PLANNED
RT-0002147,MAN-000181,VEH-0146,WH-021,5,FPS-0071,13.595487,76.959273,29.49,64,PLANNED
RT-0002148,MAN-000181,VEH-0146,WH-021,6,FPS-0396,13.59761,77.004875,4.93,10,PLANNED
RT-0002149,MAN-000181,VEH-0146,WH-021,6,FPS-0396,13.59761,77.004875,4.93,10,PLANNED
RT-0002150,MAN-000182,VEH-0021,WH-021,1,FPS-0221,13.633916,76.759029,9.19,20,PLANNED
RT-0002151,MAN-000182,VEH-0021,WH-021,1,FPS-0221,13.633916,76.759029,9.19,20,PLANNED
RT-0002152,MAN-000182,VEH-0021,WH-021,2,FPS-0096,13.764024,76.870868,18.85,41,PLANNED
RT-0002153,MAN-000182,VEH-0021,WH-021,2,FPS-0096,13.764024,76.870868,18.85,41,PLANNED
RT-0002154,MAN-000182,VEH-0021,WH-021,3,FPS-0021,13.702627,76.909885,8.02,17,PLANNED
RT-0002155,MAN-000182,VEH-0021,WH-021,3,FPS-0021,13.702627,76.909885,8.02,17,PLANNED
RT-0002156,MAN-000182,VEH-0021,WH-021,4,FPS-0496,13.42709,76.651173,41.48,91,PLANNED
RT-0002157,MAN-000182,VEH-0021,WH-021,4,FPS-0496,13.42709,76.651173,41.48,91,PLANNED
RT-0002158,MAN-000182,VEH-0021,WH-021,5,FPS-0171,13.419877,76.899282,26.85,59,PLANNED
RT-0002159,MAN-000182,VEH-0021,WH-021,5,FPS-0171,13.419877,76.899282,26.85,59,PLANNED
RT-0002160,MAN-000182,VEH-0021,WH-021,6,FPS-0046,13.432882,76.979219,8.77,19,PLANNED
RT-0002161,MAN-000182,VEH-0021,WH-021,6,FPS-0046,13.432882,76.979219,8.77,19,PLANNED
RT-0002162,MAN-000183,VEH-0146,WH-021,1,FPS-0346,13.732334,76.820321,16.29,35,PLANNED
RT-0002163,MAN-000183,VEH-0146,WH-021,1,FPS-0346,13.732334,76.820321,16.29,35,PLANNED
RT-0002164,MAN-000183,VEH-0146,WH-021,2,FPS-0546,13.733374,76.822965,0.31,0,PLANNED
RT-0002165,MAN-000183,VEH-0146,WH-021,2,FPS-0546,13.733374,76.822965,0.31,0,PLANNED
RT-0002166,MAN-000183,VEH-0146,WH-021,3,FPS-0471,13.560747,76.651243,26.7,58,PLANNED
RT-0002167,MAN-000183,VEH-0146,WH-021,3,FPS-0471,13.560747,76.651243,26.7,58,PLANNED
RT-0002168,MAN-000183,VEH-0146,WH-021,4,FPS-0146,13.735311,76.765046,22.98,50,PLANNED
RT-0002169,MAN-000183,VEH-0146,WH-021,4,FPS-0146,13.735311,76.765046,22.98,50,PLANNED
RT-0002170,MAN-000183,VEH-0146,WH-021,5,FPS-0246,13.683829,76.805501,7.2,15,PLANNED
RT-0002171,MAN-000183,VEH-0146,WH-021,5,FPS-0246,13.683829,76.805501,7.2,15,PLANNED
RT-0002172,MAN-000183,VEH-0146,WH-021,6,FPS-0196,13.427107,76.87427,29.5,64,PLANNED
RT-0002173,MAN-000183,VEH-0146,WH-021,6,FPS-0196,13.427107,76.87427,29.5,64,PLANNED
RT-0002174,MAN-000184,VEH-0021,WH-021,1,FPS-0521,13.624564,76.674386,17.18,37,DRAFT
RT-0002175,MAN-000184,VEH-0021,WH-021,1,FPS-0521,13.624564,76.674386,17.18,37,DRAFT
RT-0002176,MAN-000184,VEH-0021,WH-021,2,FPS-0571,13.441424,77.008179,41.44,91,DRAFT
RT-0002177,MAN-000184,VEH-0021,WH-021,2,FPS-0571,13.441424,77.008179,41.44,91,DRAFT
RT-0002178,MAN-000184,VEH-0021,WH-021,3,FPS-0321,13.47617,76.758005,27.33,60,DRAFT
RT-0002179,MAN-000184,VEH-0021,WH-021,3,FPS-0321,13.47617,76.758005,27.33,60,DRAFT
RT-0002180,MAN-000184,VEH-0021,WH-021,4,FPS-0421,13.734681,76.931264,34.31,75,DRAFT
RT-0002181,MAN-000184,VEH-0021,WH-021,4,FPS-0421,13.734681,76.931264,34.31,75,DRAFT
RT-0002182,MAN-000184,VEH-0021,WH-021,5,FPS-0271,13.416343,76.671459,45.18,99,DRAFT
RT-0002183,MAN-000184,VEH-0021,WH-021,5,FPS-0271,13.416343,76.671459,45.18,99,DRAFT
RT-0002184,MAN-000184,VEH-0021,WH-021,6,FPS-0446,13.532219,76.946113,32.37,71,DRAFT
RT-0002185,MAN-000184,VEH-0021,WH-021,6,FPS-0446,13.532219,76.946113,32.37,71,DRAFT
RT-0002186,MAN-000185,VEH-0022,WH-022,1,FPS-0272,12.336515,76.483271,19.9,43,PLANNED
RT-0002187,MAN-000185,VEH-0022,WH-022,1,FPS-0272,12.336515,76.483271,19.9,43,PLANNED
RT-0002188,MAN-000185,VEH-0022,WH-022,2,FPS-0197,12.37878,76.539558,7.71,16,PLANNED
RT-0002189,MAN-000185,VEH-0022,WH-022,2,FPS-0197,12.37878,76.539558,7.71,16,PLANNED
RT-0002190,MAN-000185,VEH-0022,WH-022,3,FPS-0447,12.565728,76.590072,21.5,47,PLANNED
RT-0002191,MAN-000185,VEH-0022,WH-022,3,FPS-0447,12.565728,76.590072,21.5,47,PLANNED
RT-0002192,MAN-000185,VEH-0022,WH-022,4,FPS-0322,12.53076,76.511105,9.41,20,PLANNED
RT-0002193,MAN-000185,VEH-0022,WH-022,4,FPS-0322,12.53076,76.511105,9.41,20,PLANNED
RT-0002194,MAN-000185,VEH-0022,WH-022,5,FPS-0122,12.586101,76.695135,20.9,45,PLANNED
RT-0002195,MAN-000185,VEH-0022,WH-022,5,FPS-0122,12.586101,76.695135,20.9,45,PLANNED
RT-0002196,MAN-000185,VEH-0022,WH-022,6,FPS-0172,12.383777,76.496815,31.14,68,PLANNED
RT-0002197,MAN-000185,VEH-0022,WH-022,6,FPS-0172,12.383777,76.496815,31.14,68,PLANNED
RT-0002198,MAN-000186,VEH-0147,WH-022,1,FPS-0472,12.561147,76.556727,19.86,43,PLANNED
RT-0002199,MAN-000186,VEH-0147,WH-022,1,FPS-0472,12.561147,76.556727,19.86,43,PLANNED
RT-0002200,MAN-000186,VEH-0147,WH-022,2,FPS-0422,12.325545,76.799709,37.18,81,PLANNED
RT-0002201,MAN-000186,VEH-0147,WH-022,2,FPS-0422,12.325545,76.799709,37.18,81,PLANNED
RT-0002202,MAN-000186,VEH-0147,WH-022,3,FPS-0372,12.381178,76.481638,35.1,77,PLANNED
RT-0002203,MAN-000186,VEH-0147,WH-022,3,FPS-0372,12.381178,76.481638,35.1,77,PLANNED
RT-0002204,MAN-000186,VEH-0147,WH-022,4,FPS-0522,12.574427,76.591895,24.6,54,PLANNED
RT-0002205,MAN-000186,VEH-0147,WH-022,4,FPS-0522,12.574427,76.591895,24.6,54,PLANNED
RT-0002206,MAN-000186,VEH-0147,WH-022,5,FPS-0497,12.546632,76.599224,3.19,7,PLANNED
RT-0002207,MAN-000186,VEH-0147,WH-022,5,FPS-0497,12.546632,76.599224,3.19,7,PLANNED
RT-0002208,MAN-000186,VEH-0147,WH-022,6,FPS-0022,12.380402,76.660675,19.65,43,PLANNED
RT-0002209,MAN-000186,VEH-0147,WH-022,6,FPS-0022,12.380402,76.660675,19.65,43,PLANNED
RT-0002210,MAN-000187,VEH-0147,WH-022,1,FPS-0572,12.52708,76.682755,13.66,30,PLANNED
RT-0002211,MAN-000187,VEH-0147,WH-022,1,FPS-0572,12.52708,76.682755,13.66,30,PLANNED
RT-0002212,MAN-000187,VEH-0147,WH-022,2,FPS-0072,12.510789,76.499635,19.96,43,PLANNED
RT-0002213,MAN-000187,VEH-0147,WH-022,2,FPS-0072,12.510789,76.499635,19.96,43,PLANNED
RT-0002214,MAN-000187,VEH-0147,WH-022,3,FPS-0047,12.256944,76.516062,28.28,62,PLANNED
RT-0002215,MAN-000187,VEH-0147,WH-022,3,FPS-0047,12.256944,76.516062,28.28,62,PLANNED
RT-0002216,MAN-000187,VEH-0147,WH-022,4,FPS-0547,12.55403,76.569354,33.54,73,PLANNED
RT-0002217,MAN-000187,VEH-0147,WH-022,4,FPS-0547,12.55403,76.569354,33.54,73,PLANNED
RT-0002218,MAN-000187,VEH-0147,WH-022,5,FPS-0597,12.457986,76.53676,11.25,24,PLANNED
RT-0002219,MAN-000187,VEH-0147,WH-022,5,FPS-0597,12.457986,76.53676,11.25,24,PLANNED
RT-0002220,MAN-000187,VEH-0147,WH-022,6,FPS-0147,12.331407,76.595132,15.44,33,PLANNED
RT-0002221,MAN-000187,VEH-0147,WH-022,6,FPS-0147,12.331407,76.595132,15.44,33,PLANNED
RT-0002222,MAN-000188,VEH-0097,WH-022,1,FPS-0097,12.471674,76.707016,9.31,20,PLANNED
RT-0002223,MAN-000188,VEH-0097,WH-022,1,FPS-0097,12.471674,76.707016,9.31,20,PLANNED
RT-0002224,MAN-000188,VEH-0097,WH-022,2,FPS-0297,12.510653,76.601386,12.26,26,PLANNED
RT-0002225,MAN-000188,VEH-0097,WH-022,2,FPS-0297,12.510653,76.601386,12.26,26,PLANNED
RT-0002226,MAN-000188,VEH-0097,WH-022,3,FPS-0222,12.531162,76.811502,22.92,50,PLANNED
RT-0002227,MAN-000188,VEH-0097,WH-022,3,FPS-0222,12.531162,76.811502,22.92,50,PLANNED
RT-0002228,MAN-000188,VEH-0097,WH-022,4,FPS-0397,12.267873,76.481475,46.28,101,PLANNED
RT-0002229,MAN-000188,VEH-0097,WH-022,4,FPS-0397,12.267873,76.481475,46.28,101,PLANNED
RT-0002230,MAN-000188,VEH-0097,WH-022,5,FPS-0247,12.283098,76.472207,1.97,4,PLANNED
RT-0002231,MAN-000188,VEH-0097,WH-022,5,FPS-0247,12.283098,76.472207,1.97,4,PLANNED
RT-0002232,MAN-000188,VEH-0097,WH-022,6,FPS-0347,12.533629,76.553786,29.23,64,PLANNED
RT-0002233,MAN-000188,VEH-0097,WH-022,6,FPS-0347,12.533629,76.553786,29.23,64,PLANNED
RT-0002234,MAN-000189,VEH-0148,WH-023,1,FPS-0573,12.740099,76.191044,21.87,48,PLANNED
RT-0002235,MAN-000189,VEH-0148,WH-023,1,FPS-0573,12.740099,76.191044,21.87,48,PLANNED
RT-0002236,MAN-000189,VEH-0148,WH-023,2,FPS-0073,12.860163,75.932287,31.07,68,PLANNED
RT-0002237,MAN-000189,VEH-0148,WH-023,2,FPS-0073,12.860163,75.932287,31.07,68,PLANNED
RT-0002238,MAN-000189,VEH-0148,WH-023,3,FPS-0373,12.903101,75.95645,5.45,11,PLANNED
RT-0002239,MAN-000189,VEH-0148,WH-023,3,FPS-0373,12.903101,75.95645,5.45,11,PLANNED
RT-0002240,MAN-000189,VEH-0148,WH-023,4,FPS-0323,12.845827,75.974994,6.68,14,PLANNED
RT-0002241,MAN-000189,VEH-0148,WH-023,4,FPS-0323,12.845827,75.974994,6.68,14,PLANNED
RT-0002242,MAN-000189,VEH-0148,WH-023,5,FPS-0023,12.727105,76.17995,25.85,56,PLANNED
RT-0002243,MAN-000189,VEH-0148,WH-023,5,FPS-0023,12.727105,76.17995,25.85,56,PLANNED
RT-0002244,MAN-000189,VEH-0148,WH-023,6,FPS-0298,12.862515,76.043309,21.12,46,PLANNED
RT-0002245,MAN-000189,VEH-0148,WH-023,6,FPS-0298,12.862515,76.043309,21.12,46,PLANNED
RT-0002246,MAN-000190,VEH-0073,WH-023,1,FPS-0048,13.007541,76.108485,18.2,40,PLANNED
RT-0002247,MAN-000190,VEH-0073,WH-023,1,FPS-0048,13.007541,76.108485,18.2,40,PLANNED
RT-0002248,MAN-000190,VEH-0073,WH-023,2,FPS-0198,12.719314,76.050757,32.65,71,PLANNED
RT-0002249,MAN-000190,VEH-0073,WH-023,2,FPS-0198,12.719314,76.050757,32.65,71,PLANNED
RT-0002250,MAN-000190,VEH-0073,WH-023,3,FPS-0348,12.960216,75.930836,29.78,65,PLANNED
RT-0002251,MAN-000190,VEH-0073,WH-023,3,FPS-0348,12.960216,75.930836,29.78,65,PLANNED
RT-0002252,MAN-000190,VEH-0073,WH-023,4,FPS-0423,12.719925,75.922776,26.73,58,PLANNED
RT-0002253,MAN-000190,VEH-0073,WH-023,4,FPS-0423,12.719925,75.922776,26.73,58,PLANNED
RT-0002254,MAN-000190,VEH-0073,WH-023,5,FPS-0598,12.73298,75.878333,5.03,11,PLANNED
RT-0002255,MAN-000190,VEH-0073,WH-023,5,FPS-0598,12.73298,75.878333,5.03,11,PLANNED
RT-0002256,MAN-000190,VEH-0073,WH-023,6,FPS-0398,12.849213,76.024624,20.46,45,PLANNED
RT-0002257,MAN-000190,VEH-0073,WH-023,6,FPS-0398,12.849213,76.024624,20.46,45,PLANNED
RT-0002258,MAN-000191,VEH-0123,WH-023,1,FPS-0523,12.87844,75.980008,5.98,13,PLANNED
RT-0002259,MAN-000191,VEH-0123,WH-023,1,FPS-0523,12.87844,75.980008,5.98,13,PLANNED
RT-0002260,MAN-000191,VEH-0123,WH-023,2,FPS-0248,12.797317,76.064379,12.85,28,PLANNED
RT-0002261,MAN-000191,VEH-0123,WH-023,2,FPS-0248,12.797317,76.064379,12.85,28,PLANNED
RT-0002262,MAN-000191,VEH-0123,WH-023,3,FPS-0123,12.910871,76.078985,12.73,27,PLANNED
RT-0002263,MAN-000191,VEH-0123,WH-023,3,FPS-0123,12.910871,76.078985,12.73,27,PLANNED
RT-0002264,MAN-000191,VEH-0123,WH-023,4,FPS-0498,12.732756,76.157621,21.56,47,PLANNED
RT-0002265,MAN-000191,VEH-0123,WH-023,4,FPS-0498,12.732756,76.157621,21.56,47,PLANNED
RT-0002266,MAN-000191,VEH-0123,WH-023,5,FPS-0148,12.8846,76.057684,20.06,44,PLANNED
RT-0002267,MAN-000191,VEH-0123,WH-023,5,FPS-0148,12.8846,76.057684,20.06,44,PLANNED
RT-0002268,MAN-000191,VEH-0123,WH-023,6,FPS-0273,13.008525,75.921453,20.19,44,PLANNED
RT-0002269,MAN-000191,VEH-0123,WH-023,6,FPS-0273,13.008525,75.921453,20.19,44,PLANNED
RT-0002270,MAN-000192,VEH-0098,WH-023,1,FPS-0448,12.912017,76.157683,14.69,32,DRAFT
RT-0002271,MAN-000192,VEH-0098,WH-023,1,FPS-0448,12.912017,76.157683,14.69,32,DRAFT
RT-0002272,MAN-000192,VEH-0098,WH-023,2,FPS-0173,12.723846,76.118706,21.35,46,DRAFT
RT-0002273,MAN-000192,VEH-0098,WH-023,2,FPS-0173,12.723846,76.118706,21.35,46,DRAFT
RT-0002274,MAN-000192,VEH-0098,WH-023,3,FPS-0473,12.802743,75.956676,19.64,43,DRAFT
RT-0002275,MAN-000192,VEH-0098,WH-023,3,FPS-0473,12.802743,75.956676,19.64,43,DRAFT
RT-0002276,MAN-000192,VEH-0098,WH-023,4,FPS-0548,12.874125,76.172703,24.73,54,DRAFT
RT-0002277,MAN-000192,VEH-0098,WH-023,4,FPS-0548,12.874125,76.172703,24.73,54,DRAFT
RT-0002278,MAN-000192,VEH-0098,WH-023,5,FPS-0223,12.715323,76.172745,17.66,38,DRAFT
RT-0002279,MAN-000192,VEH-0098,WH-023,5,FPS-0223,12.715323,76.172745,17.66,38,DRAFT
RT-0002280,MAN-000192,VEH-0098,WH-023,6,FPS-0098,13.034712,75.939967,43.57,95,DRAFT
RT-0002281,MAN-000192,VEH-0098,WH-023,6,FPS-0098,13.034712,75.939967,43.57,95,DRAFT
RT-0002282,MAN-000193,VEH-0074,WH-024,1,FPS-0599,13.834976,75.702197,21.02,46,PLANNED
RT-0002283,MAN-000193,VEH-0074,WH-024,1,FPS-0599,13.834976,75.702197,21.02,46,PLANNED
RT-0002284,MAN-000193,VEH-0074,WH-024,2,FPS-0474,13.552843,75.763542,32.06,70,PLANNED
RT-0002285,MAN-000193,VEH-0074,WH-024,2,FPS-0474,13.552843,75.763542,32.06,70,PLANNED
RT-0002286,MAN-000193,VEH-0074,WH-024,3,FPS-0274,13.850201,75.884766,35.56,78,PLANNED
RT-0002287,MAN-000193,VEH-0074,WH-024,3,FPS-0274,13.850201,75.884766,35.56,78,PLANNED
RT-0002288,MAN-000193,VEH-0074,WH-024,4,FPS-0199,13.646521,75.977578,24.77,54,PLANNED
RT-0002289,MAN-000193,VEH-0074,WH-024,4,FPS-0199,13.646521,75.977578,24.77,54,PLANNED
RT-0002290,MAN-000193,VEH-0074,WH-024,5,FPS-0324,13.757596,75.977577,12.35,27,PLANNED
RT-0002291,MAN-000193,VEH-0074,WH-024,5,FPS-0324,13.757596,75.977577,12.35,27,PLANNED
RT-0002292,MAN-000193,VEH-0074,WH-024,6,FPS-0424,13.804274,75.763988,23.64,52,PLANNED
RT-0002293,MAN-000193,VEH-0074,WH-024,6,FPS-0424,13.804274,75.763988,23.64,52,PLANNED
RT-0002294,MAN-000194,VEH-0074,WH-024,1,FPS-0074,13.625154,75.834175,6.85,15,PLANNED
RT-0002295,MAN-000194,VEH-0074,WH-024,1,FPS-0074,13.625154,75.834175,6.85,15,PLANNED
RT-0002296,MAN-000194,VEH-0074,WH-024,2,FPS-0449,13.692275,75.998079,19.22,42,PLANNED
RT-0002297,MAN-000194,VEH-0074,WH-024,2,FPS-0449,13.692275,75.998079,19.22,42,PLANNED
RT-0002298,MAN-000194,VEH-0074,WH-024,3,FPS-0174,13.511869,75.801384,29.23,64,PLANNED
RT-0002299,MAN-000194,VEH-0074,WH-024,3,FPS-0174,13.511869,75.801384,29.23,64,PLANNED
RT-0002300,MAN-000194,VEH-0074,WH-024,4,FPS-0099,13.562481,75.899334,11.99,26,PLANNED
RT-0002301,MAN-000194,VEH-0074,WH-024,4,FPS-0099,13.562481,75.899334,11.99,26,PLANNED
RT-0002302,MAN-000194,VEH-0074,WH-024,5,FPS-0574,13.594093,75.825695,8.7,19,PLANNED
RT-0002303,MAN-000194,VEH-0074,WH-024,5,FPS-0574,13.594093,75.825695,8.7,19,PLANNED
RT-0002304,MAN-000194,VEH-0074,WH-024,6,FPS-0124,13.700247,75.78751,12.5,27,PLANNED
RT-0002305,MAN-000194,VEH-0074,WH-024,6,FPS-0124,13.700247,75.78751,12.5,27,PLANNED
RT-0002306,MAN-000195,VEH-0124,WH-024,1,FPS-0149,13.804879,75.967329,20.61,45,DRAFT
RT-0002307,MAN-000195,VEH-0124,WH-024,1,FPS-0149,13.804879,75.967329,20.61,45,DRAFT
RT-0002308,MAN-000195,VEH-0124,WH-024,2,FPS-0399,13.647769,75.925108,18.06,39,DRAFT
RT-0002309,MAN-000195,VEH-0124,WH-024,2,FPS-0399,13.647769,75.925108,18.06,39,DRAFT
RT-0002310,MAN-000195,VEH-0124,WH-024,3,FPS-0249,13.724589,75.641912,31.77,69,DRAFT
RT-0002311,MAN-000195,VEH-0124,WH-024,3,FPS-0249,13.724589,75.641912,31.77,69,DRAFT
RT-0002312,MAN-000195,VEH-0124,WH-024,4,FPS-0374,13.520238,75.889353,35.09,77,DRAFT
RT-0002313,MAN-000195,VEH-0124,WH-024,4,FPS-0374,13.520238,75.889353,35.09,77,DRAFT
RT-0002314,MAN-000195,VEH-0124,WH-024,5,FPS-0024,13.710228,75.811105,22.76,50,DRAFT
RT-0002315,MAN-000195,VEH-0124,WH-024,5,FPS-0024,13.710228,75.811105,22.76,50,DRAFT
RT-0002316,MAN-000195,VEH-0124,WH-024,6,FPS-0349,13.850042,75.752583,16.78,36,DRAFT
RT-0002317,MAN-000195,VEH-0124,WH-024,6,FPS-0349,13.850042,75.752583,16.78,36,DRAFT
RT-0002318,MAN-000196,VEH-0024,WH-024,1,FPS-0299,13.633717,75.778224,7.41,16,PLANNED
RT-0002319,MAN-000196,VEH-0024,WH-024,1,FPS-0299,13.633717,75.778224,7.41,16,PLANNED
RT-0002320,MAN-000196,VEH-0024,WH-024,2,FPS-0524,13.812878,75.846952,21.26,46,PLANNED
RT-0002321,MAN-000196,VEH-0024,WH-024,2,FPS-0524,13.812878,75.846952,21.26,46,PLANNED
RT-0002322,MAN-000196,VEH-0024,WH-024,3,FPS-0049,13.580672,75.851626,25.83,56,PLANNED
RT-0002323,MAN-000196,VEH-0024,WH-024,3,FPS-0049,13.580672,75.851626,25.83,56,PLANNED
RT-0002324,MAN-000196,VEH-0024,WH-024,4,FPS-0549,13.703524,75.716019,20.03,44,PLANNED
RT-0002325,MAN-000196,VEH-0024,WH-024,4,FPS-0549,13.703524,75.716019,20.03,44,PLANNED
RT-0002326,MAN-000196,VEH-0024,WH-024,5,FPS-0499,13.733576,75.940107,24.44,53,PLANNED
RT-0002327,MAN-000196,VEH-0024,WH-024,5,FPS-0499,13.733576,75.940107,24.44,53,PLANNED
RT-0002328,MAN-000196,VEH-0024,WH-024,6,FPS-0224,13.629575,75.794459,19.53,42,PLANNED
RT-0002329,MAN-000196,VEH-0024,WH-024,6,FPS-0224,13.629575,75.794459,19.53,42,PLANNED
RT-0002330,MAN-000197,VEH-0075,WH-025,1,FPS-0350,12.943868,77.660963,8.72,19,DRAFT
RT-0002331,MAN-000197,VEH-0075,WH-025,1,FPS-0350,12.943868,77.660963,8.72,19,DRAFT
RT-0002332,MAN-000197,VEH-0075,WH-025,2,FPS-0100,12.880108,77.590886,10.39,22,DRAFT
RT-0002333,MAN-000197,VEH-0075,WH-025,2,FPS-0100,12.880108,77.590886,10.39,22,DRAFT
RT-0002334,MAN-000197,VEH-0075,WH-025,3,FPS-0275,13.025569,77.810208,28.75,63,DRAFT
RT-0002335,MAN-000197,VEH-0075,WH-025,3,FPS-0275,13.025569,77.810208,28.75,63,DRAFT
RT-0002336,MAN-000197,VEH-0075,WH-025,4,FPS-0475,12.967789,77.680648,15.44,33,DRAFT
RT-0002337,MAN-000197,VEH-0075,WH-025,4,FPS-0475,12.967789,77.680648,15.44,33,DRAFT
RT-0002338,MAN-000197,VEH-0075,WH-025,5,FPS-0050,13.011557,77.772253,11.05,24,DRAFT
RT-0002339,MAN-000197,VEH-0075,WH-025,5,FPS-0050,13.011557,77.772253,11.05,24,DRAFT
RT-0002340,MAN-000197,VEH-0075,WH-025,6,FPS-0375,13.155987,77.507277,32.89,72,DRAFT
RT-0002341,MAN-000197,VEH-0075,WH-025,6,FPS-0375,13.155987,77.507277,32.89,72,DRAFT
RT-0002342,MAN-000198,VEH-0125,WH-025,1,FPS-0200,13.142411,77.504397,20.34,44,DRAFT
RT-0002343,MAN-000198,VEH-0125,WH-025,1,FPS-0200,13.142411,77.504397,20.34,44,DRAFT
RT-0002344,MAN-000198,VEH-0125,WH-025,2,FPS-0150,12.974714,77.70278,28.45,62,DRAFT
RT-0002345,MAN-000198,VEH-0125,WH-025,2,FPS-0150,12.974714,77.70278,28.45,62,DRAFT
RT-0002346,MAN-000198,VEH-0125,WH-025,3,FPS-0425,12.863208,77.696789,12.42,27,DRAFT
RT-0002347,MAN-000198,VEH-0125,WH-025,3,FPS-0425,12.863208,77.696789,12.42,27,DRAFT
RT-0002348,MAN-000198,VEH-0125,WH-025,4,FPS-0250,13.097917,77.672032,26.24,57,DRAFT
RT-0002349,MAN-000198,VEH-0125,WH-025,4,FPS-0250,13.097917,77.672032,26.24,57,DRAFT
RT-0002350,MAN-000198,VEH-0125,WH-025,5,FPS-0075,12.917704,77.765902,22.47,49,DRAFT
RT-0002351,MAN-000198,VEH-0125,WH-025,5,FPS-0075,12.917704,77.765902,22.47,49,DRAFT
RT-0002352,MAN-000198,VEH-0125,WH-025,6,FPS-0525,13.022477,77.812943,12.72,27,DRAFT
RT-0002353,MAN-000198,VEH-0125,WH-025,6,FPS-0525,13.022477,77.812943,12.72,27,DRAFT
RT-0002354,MAN-000199,VEH-0025,WH-025,1,FPS-0300,13.156719,77.664084,15.29,33,DRAFT
RT-0002355,MAN-000199,VEH-0025,WH-025,1,FPS-0300,13.156719,77.664084,15.29,33,DRAFT
RT-0002356,MAN-000199,VEH-0025,WH-025,2,FPS-0025,13.01763,77.719348,16.58,36,DRAFT
RT-0002357,MAN-000199,VEH-0025,WH-025,2,FPS-0025,13.01763,77.719348,16.58,36,DRAFT
RT-0002358,MAN-000199,VEH-0025,WH-025,3,FPS-0400,12.996288,77.711652,2.52,5,DRAFT
RT-0002359,MAN-000199,VEH-0025,WH-025,3,FPS-0400,12.996288,77.711652,2.52,5,DRAFT
RT-0002360,MAN-000199,VEH-0025,WH-025,4,FPS-0600,12.882301,77.796974,15.69,34,DRAFT
RT-0002361,MAN-000199,VEH-0025,WH-025,4,FPS-0600,12.882301,77.796974,15.69,34,DRAFT
RT-0002362,MAN-000199,VEH-0025,WH-025,5,FPS-0125,13.021112,77.503125,35.39,77,DRAFT
RT-0002363,MAN-000199,VEH-0025,WH-025,5,FPS-0125,13.021112,77.503125,35.39,77,DRAFT
RT-0002364,MAN-000199,VEH-0025,WH-025,6,FPS-0500,13.167455,77.660256,23.55,51,DRAFT
RT-0002365,MAN-000199,VEH-0025,WH-025,6,FPS-0500,13.167455,77.660256,23.55,51,DRAFT
RT-0002366,MAN-000200,VEH-0050,WH-025,1,FPS-0175,13.018978,77.652775,0.92,2,PLANNED
RT-0002367,MAN-000200,VEH-0050,WH-025,1,FPS-0175,13.018978,77.652775,0.92,2,PLANNED
RT-0002368,MAN-000200,VEH-0050,WH-025,2,FPS-0575,12.880986,77.482765,23.98,52,PLANNED
RT-0002369,MAN-000200,VEH-0050,WH-025,2,FPS-0575,12.880986,77.482765,23.98,52,PLANNED
RT-0002370,MAN-000200,VEH-0050,WH-025,3,FPS-0325,13.199207,77.569063,36.6,80,PLANNED
RT-0002371,MAN-000200,VEH-0050,WH-025,3,FPS-0325,13.199207,77.569063,36.6,80,PLANNED
RT-0002372,MAN-000200,VEH-0050,WH-025,4,FPS-0550,13.130915,77.527061,8.85,19,PLANNED
RT-0002373,MAN-000200,VEH-0050,WH-025,4,FPS-0550,13.130915,77.527061,8.85,19,PLANNED
RT-0002374,MAN-000200,VEH-0050,WH-025,5,FPS-0450,13.050239,77.565972,9.91,21,PLANNED
RT-0002375,MAN-000200,VEH-0050,WH-025,5,FPS-0450,13.050239,77.565972,9.91,21,PLANNED
RT-0002376,MAN-000200,VEH-0050,WH-025,6,FPS-0225,12.860417,77.530341,21.46,47,PLANNED
RT-0002377,MAN-000200,VEH-0050,WH-025,6,FPS-0225,12.860417,77.530341,21.46,47,PLANNED
RT-0002378,MAN-000201,VEH-0026,WH-001,1,FPS-0101,13.29748,77.778821,2.93,6,PLANNED
RT-0002379,MAN-000201,VEH-0026,WH-001,1,FPS-0101,13.29748,77.778821,2.93,6,PLANNED
RT-0002380,MAN-000201,VEH-0026,WH-001,2,FPS-0026,13.227358,77.885902,13.97,30,PLANNED
RT-0002381,MAN-000201,VEH-0026,WH-001,2,FPS-0026,13.227358,77.885902,13.97,30,PLANNED
RT-0002382,MAN-000201,VEH-0026,WH-001,3,FPS-0501,13.136688,77.601702,32.38,71,PLANNED
RT-0002383,MAN-000201,VEH-0026,WH-001,3,FPS-0501,13.136688,77.601702,32.38,71,PLANNED
RT-0002384,MAN-000201,VEH-0026,WH-001,4,FPS-0426,13.413368,77.820393,38.82,85,PLANNED
RT-0002385,MAN-000201,VEH-0026,WH-001,4,FPS-0426,13.413368,77.820393,38.82,85,PLANNED
RT-0002386,MAN-000201,VEH-0026,WH-001,5,FPS-0176,13.310423,77.852706,11.97,26,PLANNED
RT-0002387,MAN-000201,VEH-0026,WH-001,5,FPS-0176,13.310423,77.852706,11.97,26,PLANNED
RT-0002388,MAN-000201,VEH-0026,WH-001,6,FPS-0551,13.129951,77.642695,30.32,66,PLANNED
RT-0002389,MAN-000201,VEH-0026,WH-001,6,FPS-0551,13.129951,77.642695,30.32,66,PLANNED
RT-0002390,MAN-000202,VEH-0076,WH-001,1,FPS-0001,13.324897,77.887401,14.72,32,PLANNED
RT-0002391,MAN-000202,VEH-0076,WH-001,1,FPS-0001,13.324897,77.887401,14.72,32,PLANNED
RT-0002392,MAN-000202,VEH-0076,WH-001,2,FPS-0151,13.151598,77.764509,23.42,51,PLANNED
RT-0002393,MAN-000202,VEH-0076,WH-001,2,FPS-0151,13.151598,77.764509,23.42,51,PLANNED
RT-0002394,MAN-000202,VEH-0076,WH-001,3,FPS-0476,13.29692,77.78069,16.25,35,PLANNED
RT-0002395,MAN-000202,VEH-0076,WH-001,3,FPS-0476,13.29692,77.78069,16.25,35,PLANNED
RT-0002396,MAN-000202,VEH-0076,WH-001,4,FPS-0226,13.234872,77.861664,11.15,24,PLANNED
RT-0002397,MAN-000202,VEH-0076,WH-001,4,FPS-0226,13.234872,77.861664,11.15,24,PLANNED
RT-0002398,MAN-000202,VEH-0076,WH-001,5,FPS-0301,13.291689,77.785895,10.35,22,PLANNED
RT-0002399,MAN-000202,VEH-0076,WH-001,5,FPS-0301,13.291689,77.785895,10.35,22,PLANNED
RT-0002400,MAN-000202,VEH-0076,WH-001,6,FPS-0576,13.395476,77.847148,13.31,29,PLANNED
RT-0002401,MAN-000202,VEH-0076,WH-001,6,FPS-0576,13.395476,77.847148,13.31,29,PLANNED
RT-0002402,MAN-000203,VEH-0076,WH-001,1,FPS-0401,13.154594,77.580855,23.79,52,PLANNED
RT-0002403,MAN-000203,VEH-0076,WH-001,1,FPS-0401,13.154594,77.580855,23.79,52,PLANNED
RT-0002404,MAN-000203,VEH-0076,WH-001,2,FPS-0051,13.299143,77.915673,39.65,87,PLANNED
RT-0002405,MAN-000203,VEH-0076,WH-001,2,FPS-0051,13.299143,77.915673,39.65,87,PLANNED
RT-0002406,MAN-000203,VEH-0076,WH-001,3,FPS-0276,13.102801,77.861035,22.62,49,PLANNED
RT-0002407,MAN-000203,VEH-0076,WH-001,3,FPS-0276,13.102801,77.861035,22.62,49,PLANNED
RT-0002408,MAN-000203,VEH-0076,WH-001,4,FPS-0326,13.17759,77.86355,8.32,18,PLANNED
RT-0002409,MAN-000203,VEH-0076,WH-001,4,FPS-0326,13.17759,77.86355,8.32,18,PLANNED
RT-0002410,MAN-000203,VEH-0076,WH-001,5,FPS-0451,13.125661,77.624954,26.47,58,PLANNED
RT-0002411,MAN-000203,VEH-0076,WH-001,5,FPS-0451,13.125661,77.624954,26.47,58,PLANNED
RT-0002412,MAN-000203,VEH-0076,WH-001,6,FPS-0526,13.176326,77.907343,31.09,68,PLANNED
RT-0002413,MAN-000203,VEH-0076,WH-001,6,FPS-0526,13.176326,77.907343,31.09,68,PLANNED
RT-0002414,MAN-000204,VEH-0051,WH-001,1,FPS-0126,13.128155,77.587492,25.07,55,DRAFT
RT-0002415,MAN-000204,VEH-0051,WH-001,1,FPS-0126,13.128155,77.587492,25.07,55,DRAFT
RT-0002416,MAN-000204,VEH-0051,WH-001,2,FPS-0376,13.113907,77.735482,16.1,35,DRAFT
RT-0002417,MAN-000204,VEH-0051,WH-001,2,FPS-0376,13.113907,77.735482,16.1,35,DRAFT
RT-0002418,MAN-000204,VEH-0051,WH-001,3,FPS-0201,13.408913,77.80074,33.55,73,DRAFT
RT-0002419,MAN-000204,VEH-0051,WH-001,3,FPS-0201,13.408913,77.80074,33.55,73,DRAFT
RT-0002420,MAN-000204,VEH-0051,WH-001,4,FPS-0251,13.457837,77.732198,9.19,20,DRAFT
RT-0002421,MAN-000204,VEH-0051,WH-001,4,FPS-0251,13.457837,77.732198,9.19,20,DRAFT
RT-0002422,MAN-000204,VEH-0051,WH-001,5,FPS-0351,13.145037,77.928976,40.78,89,DRAFT
RT-0002423,MAN-000204,VEH-0051,WH-001,5,FPS-0351,13.145037,77.928976,40.78,89,DRAFT
RT-0002424,MAN-000204,VEH-0051,WH-001,6,FPS-0076,13.420928,77.733705,37.25,81,DRAFT
RT-0002425,MAN-000204,VEH-0051,WH-001,6,FPS-0076,13.420928,77.733705,37.25,81,DRAFT
RT-0002426,MAN-000205,VEH-0027,WH-002,1,FPS-0527,12.222885,76.501199,17.07,37,PLANNED
RT-0002427,MAN-000205,VEH-0027,WH-002,1,FPS-0527,12.222885,76.501199,17.07,37,PLANNED
RT-0002428,MAN-000205,VEH-0027,WH-002,2,FPS-0327,12.067484,76.684396,26.37,58,PLANNED
RT-0002429,MAN-000205,VEH-0027,WH-002,2,FPS-0327,12.067484,76.684396,26.37,58,PLANNED
RT-0002430,MAN-000205,VEH-0027,WH-002,3,FPS-0202,12.026111,76.590971,11.15,24,PLANNED
RT-0002431,MAN-000205,VEH-0027,WH-002,3,FPS-0202,12.026111,76.590971,11.15,24,PLANNED
RT-0002432,MAN-000205,VEH-0027,WH-002,4,FPS-0477,12.169732,76.524413,17.53,38,PLANNED
RT-0002433,MAN-000205,VEH-0027,WH-002,4,FPS-0477,12.169732,76.524413,17.53,38,PLANNED
RT-0002434,MAN-000205,VEH-0027,WH-002,5,FPS-0377,12.210284,76.652631,14.65,32,PLANNED
RT-0002435,MAN-000205,VEH-0027,WH-002,5,FPS-0377,12.210284,76.652631,14.65,32,PLANNED
RT-0002436,MAN-000205,VEH-0027,WH-002,6,FPS-0002,12.130101,76.464161,22.34,49,PLANNED
RT-0002437,MAN-000205,VEH-0027,WH-002,6,FPS-0002,12.130101,76.464161,22.34,49,PLANNED
RT-0002438,MAN-000206,VEH-0052,WH-002,1,FPS-0127,12.070386,76.482706,14.57,32,PLANNED
RT-0002439,MAN-000206,VEH-0052,WH-002,1,FPS-0127,12.070386,76.482706,14.57,32,PLANNED
RT-0002440,MAN-000206,VEH-0052,WH-002,2,FPS-0152,12.212922,76.468282,15.93,35,PLANNED
RT-0002441,MAN-000206,VEH-0052,WH-002,2,FPS-0152,12.212922,76.468282,15.93,35,PLANNED
RT-0002442,MAN-000206,VEH-0052,WH-002,3,FPS-0252,12.152537,76.638926,19.73,43,PLANNED
RT-0002443,MAN-000206,VEH-0052,WH-002,3,FPS-0252,12.152537,76.638926,19.73,43,PLANNED
RT-0002444,MAN-000206,VEH-0052,WH-002,4,FPS-0502,12.244607,76.508871,17.45,38,PLANNED
RT-0002445,MAN-000206,VEH-0052,WH-002,4,FPS-0502,12.244607,76.508871,17.45,38,PLANNED
RT-0002446,MAN-000206,VEH-0052,WH-002,5,FPS-0077,11.947305,76.45004,33.67,74,PLANNED
RT-0002447,MAN-000206,VEH-0052,WH-002,5,FPS-0077,11.947305,76.45004,33.67,74,PLANNED
RT-0002448,MAN-000206,VEH-0052,WH-002,6,FPS-0052,11.951184,76.620292,18.53,40,PLANNED
RT-0002449,MAN-000206,VEH-0052,WH-002,6,FPS-0052,11.951184,76.620292,18.53,40,PLANNED
RT-0002450,MAN-000207,VEH-0127,WH-002,1,FPS-0577,12.027927,76.714024,14.69,32,PLANNED
RT-0002451,MAN-000207,VEH-0127,WH-002,1,FPS-0577,12.027927,76.714024,14.69,32,PLANNED
RT-0002452,MAN-000207,VEH-0127,WH-002,2,FPS-0352,12.110416,76.572282,17.94,39,PLANNED
RT-0002453,MAN-000207,VEH-0127,WH-002,2,FPS-0352,12.110416,76.572282,17.94,39,PLANNED
RT-0002454,MAN-000207,VEH-0127,WH-002,3,FPS-0427,12.167961,76.722494,17.54,38,PLANNED
RT-0002455,MAN-000207,VEH-0127,WH-002,3,FPS-0427,12.167961,76.722494,17.54,38,PLANNED
RT-0002456,MAN-000207,VEH-0127,WH-002,4,FPS-0227,12.052485,76.633838,16.06,35,PLANNED
RT-0002457,MAN-000207,VEH-0127,WH-002,4,FPS-0227,12.052485,76.633838,16.06,35,PLANNED
RT-0002458,MAN-000207,VEH-0127,WH-002,5,FPS-0302,12.193984,76.550132,18.18,39,PLANNED
RT-0002459,MAN-000207,VEH-0127,WH-002,5,FPS-0302,12.193984,76.550132,18.18,39,PLANNED
RT-0002460,MAN-000207,VEH-0127,WH-002,6,FPS-0402,12.020309,76.636463,21.47,47,PLANNED
RT-0002461,MAN-000207,VEH-0127,WH-002,6,FPS-0402,12.020309,76.636463,21.47,47,PLANNED
RT-0002462,MAN-000208,VEH-0102,WH-002,1,FPS-0027,12.203743,76.742832,17.7,38,PLANNED
RT-0002463,MAN-000208,VEH-0102,WH-002,1,FPS-0027,12.203743,76.742832,17.7,38,PLANNED
RT-0002464,MAN-000208,VEH-0102,WH-002,2,FPS-0552,11.983831,76.536295,33.2,73,PLANNED
RT-0002465,MAN-000208,VEH-0102,WH-002,2,FPS-0552,11.983831,76.536295,33.2,73,PLANNED
RT-0002466,MAN-000208,VEH-0102,WH-002,3,FPS-0177,12.261356,76.62791,32.43,71,PLANNED
RT-0002467,MAN-000208,VEH-0102,WH-002,3,FPS-0177,12.261356,76.62791,32.43,71,PLANNED
RT-0002468,MAN-000208,VEH-0102,WH-002,4,FPS-0277,12.234343,76.645853,3.58,7,PLANNED
RT-0002469,MAN-000208,VEH-0102,WH-002,4,FPS-0277,12.234343,76.645853,3.58,7,PLANNED
RT-0002470,MAN-000208,VEH-0102,WH-002,5,FPS-0452,12.194421,76.433211,23.53,51,PLANNED
RT-0002471,MAN-000208,VEH-0102,WH-002,5,FPS-0452,12.194421,76.433211,23.53,51,PLANNED
RT-0002472,MAN-000208,VEH-0102,WH-002,6,FPS-0102,12.25058,76.480988,8.12,17,PLANNED
RT-0002473,MAN-000208,VEH-0102,WH-002,6,FPS-0102,12.25058,76.480988,8.12,17,PLANNED
RT-0002474,MAN-000209,VEH-0128,WH-003,1,FPS-0178,13.410077,77.046951,18.65,41,PLANNED
RT-0002475,MAN-000209,VEH-0128,WH-003,1,FPS-0178,13.410077,77.046951,18.65,41,PLANNED
RT-0002476,MAN-000209,VEH-0128,WH-003,2,FPS-0478,13.345301,76.94658,13.03,28,PLANNED
RT-0002477,MAN-000209,VEH-0128,WH-003,2,FPS-0478,13.345301,76.94658,13.03,28,PLANNED
RT-0002478,MAN-000209,VEH-0128,WH-003,3,FPS-0003,13.395854,76.927554,5.99,13,PLANNED
RT-0002479,MAN-000209,VEH-0128,WH-003,3,FPS-0003,13.395854,76.927554,5.99,13,PLANNED
RT-0002480,MAN-000209,VEH-0128,WH-003,4,FPS-0253,13.267826,76.957885,14.61,32,PLANNED
RT-0002481,MAN-000209,VEH-0128,WH-003,4,FPS-0253,13.267826,76.957885,14.61,32,PLANNED
RT-0002482,MAN-000209,VEH-0128,WH-003,5,FPS-0103,13.174595,77.022936,12.53,27,PLANNED
RT-0002483,MAN-000209,VEH-0128,WH-003,5,FPS-0103,13.174595,77.022936,12.53,27,PLANNED
RT-0002484,MAN-000209,VEH-0128,WH-003,6,FPS-0353,13.196502,76.988818,4.42,9,PLANNED
RT-0002485,MAN-000209,VEH-0128,WH-003,6,FPS-0353,13.196502,76.988818,4.42,9,PLANNED
RT-0002486,MAN-000210,VEH-0103,WH-003,1,FPS-0328,13.173659,76.968851,17.61,38,PLANNED
RT-0002487,MAN-000210,VEH-0103,WH-003,1,FPS-0328,13.173659,76.968851,17.61,38,PLANNED
RT-0002488,MAN-000210,VEH-0103,WH-003,2,FPS-0303,13.292211,76.915689,14.38,31,PLANNED
RT-0002489,MAN-000210,VEH-0103,WH-003,2,FPS-0303,13.292211,76.915689,14.38,31,PLANNED
RT-0002490,MAN-000210,VEH-0103,WH-003,3,FPS-0028,13.168105,77.072903,21.91,48,PLANNED
RT-0002491,MAN-000210,VEH-0103,WH-003,3,FPS-0028,13.168105,77.072903,21.91,48,PLANNED
RT-0002492,MAN-000210,VEH-0103,WH-003,4,FPS-0378,13.37205,76.954128,26.07,57,PLANNED
RT-0002493,MAN-000210,VEH-0103,WH-003,4,FPS-0378,13.37205,76.954128,26.07,57,PLANNED
RT-0002494,MAN-000210,VEH-0103,WH-003,5,FPS-0278,13.283478,76.922824,10.41,22,PLANNED
RT-0002495,MAN-000210,VEH-0103,WH-003,5,FPS-0278,13.283478,76.922824,10.41,22,PLANNED
RT-0002496,MAN-000210,VEH-0103,WH-003,6,FPS-0503,13.155418,76.896168,14.53,31,PLANNED
RT-0002497,MAN-000210,VEH-0103,WH-003,6,FPS-0503,13.155418,76.896168,14.53,31,PLANNED
RT-0002498,MAN-000211,VEH-0103,WH-003,1,FPS-0428,13.16838,77.040492,22.38,49,PLANNED
RT-0002499,MAN-000211,VEH-0103,WH-003,1,FPS-0428,13.16838,77.040492,22.38,49,PLANNED
RT-0002500,MAN-000211,VEH-0103,WH-003,2,FPS-0128,13.235026,76.746995,32.63,71,PLANNED
RT-0002501,MAN-000211,VEH-0103,WH-003,2,FPS-0128,13.235026,76.746995,32.63,71,PLANNED
RT-0002502,MAN-000211,VEH-0103,WH-003,3,FPS-0578,13.388219,76.744785,17.04,37,PLANNED
RT-0002503,MAN-000211,VEH-0103,WH-003,3,FPS-0578,13.388219,76.744785,17.04,37,PLANNED
RT-0002504,MAN-000211,VEH-0103,WH-003,4,FPS-0403,13.279713,76.883791,19.28,42,PLANNED
RT-0002505,MAN-000211,VEH-0103,WH-003,4,FPS-0403,13.279713,76.883791,19.28,42,PLANNED
RT-0002506,MAN-000211,VEH-0103,WH-003,5,FPS-0553,13.374277,76.781972,15.23,33,PLANNED
RT-0002507,MAN-000211,VEH-0103,WH-003,5,FPS-0553,13.374277,76.781972,15.23,33,PLANNED
RT-0002508,MAN-000211,VEH-0103,WH-003,6,FPS-0203,13.377194,76.737131,4.86,10,PLANNED
RT-0002509,MAN-000211,VEH-0103,WH-003,6,FPS-0203,13.377194,76.737131,4.86,10,PLANNED
RT-0002510,MAN-000212,VEH-0103,WH-003,1,FPS-0453,13.309301,76.904724,1.03,2,DRAFT
RT-0002511,MAN-000212,VEH-0103,WH-003,1,FPS-0453,13.309301,76.904724,1.03,2,DRAFT
RT-0002512,MAN-000212,VEH-0103,WH-003,2,FPS-0078,13.418285,76.964807,13.75,30,DRAFT
RT-0002513,MAN-000212,VEH-0103,WH-003,2,FPS-0078,13.418285,76.964807,13.75,30,DRAFT
RT-0002514,MAN-000212,VEH-0103,WH-003,3,FPS-0153,13.289502,76.989106,14.56,32,DRAFT
RT-0002515,MAN-000212,VEH-0103,WH-003,3,FPS-0153,13.289502,76.989106,14.56,32,DRAFT
RT-0002516,MAN-000212,VEH-0103,WH-003,4,FPS-0053,13.375308,76.884907,14.77,32,DRAFT
RT-0002517,MAN-000212,VEH-0103,WH-003,4,FPS-0053,13.375308,76.884907,14.77,32,DRAFT
RT-0002518,MAN-000212,VEH-0103,WH-003,5,FPS-0528,13.302632,76.831589,9.93,21,DRAFT
RT-0002519,MAN-000212,VEH-0103,WH-003,5,FPS-0528,13.302632,76.831589,9.93,21,DRAFT
RT-0002520,MAN-000212,VEH-0103,WH-003,6,FPS-0228,13.486669,76.966816,25.15,55,DRAFT
RT-0002521,MAN-000212,VEH-0103,WH-003,6,FPS-0228,13.486669,76.966816,25.15,55,DRAFT
RT-0002522,MAN-000213,VEH-0104,WH-004,1,FPS-0504,12.559751,76.863845,9.03,19,PLANNED
RT-0002523,MAN-000213,VEH-0104,WH-004,1,FPS-0504,12.559751,76.863845,9.03,19,PLANNED
RT-0002524,MAN-000213,VEH-0104,WH-004,2,FPS-0154,12.39983,76.734618,22.65,49,PLANNED
RT-0002525,MAN-000213,VEH-0104,WH-004,2,FPS-0154,12.39983,76.734618,22.65,49,PLANNED
RT-0002526,MAN-000213,VEH-0104,WH-004,3,FPS-0254,12.670306,76.803073,30.98,68,PLANNED
RT-0002527,MAN-000213,VEH-0104,WH-004,3,FPS-0254,12.670306,76.803073,30.98,68,PLANNED
RT-0002528,MAN-000213,VEH-0104,WH-004,4,FPS-0579,12.545473,76.92839,19.43,42,PLANNED
RT-0002529,MAN-000213,VEH-0104,WH-004,4,FPS-0579,12.545473,76.92839,19.43,42,PLANNED
RT-0002530,MAN-000213,VEH-0104,WH-004,5,FPS-0479,12.451308,76.731004,23.85,52,PLANNED
RT-0002531,MAN-000213,VEH-0104,WH-004,5,FPS-0479,12.451308,76.731004,23.85,52,PLANNED
RT-0002532,MAN-000213,VEH-0104,WH-004,6,FPS-0279,12.652298,76.892851,28.43,62,PLANNED
RT-0002533,MAN-000213,VEH-0104,WH-004,6,FPS-0279,12.652298,76.892851,28.43,62,PLANNED
RT-0002534,MAN-000214,VEH-0054,WH-004,1,FPS-0304,12.552161,76.981742,20.16,44,PLANNED
RT-0002535,MAN-000214,VEH-0054,WH-004,1,FPS-0304,12.552161,76.981742,20.16,44,PLANNED
RT-0002536,MAN-000214,VEH-0054,WH-004,2,FPS-0379,12.385105,76.758319,30.55,67,PLANNED
RT-0002537,MAN-000214,VEH-0054,WH-004,2,FPS-0379,12.385105,76.758319,30.55,67,PLANNED
RT-0002538,MAN-000214,VEH-0054,WH-004,3,FPS-0554,12.560305,76.856624,22.21,48,PLANNED
RT-0002539,MAN-000214,VEH-0054,WH-004,3,FPS-0554,12.560305,76.856624,22.21,48,PLANNED
RT-0002540,MAN-000214,VEH-0054,WH-004,4,FPS-0004,12.423851,76.793313,16.66,36,PLANNED
RT-0002541,MAN-000214,VEH-0054,WH-004,4,FPS-0004,12.423851,76.793313,16.66,36,PLANNED
RT-0002542,MAN-000214,VEH-0054,WH-004,5,FPS-0229,12.587087,76.842812,18.93,41,PLANNED
RT-0002543,MAN-000214,VEH-0054,WH-004,5,FPS-0229,12.587087,76.842812,18.93,41,PLANNED
RT-0002544,MAN-000214,VEH-0054,WH-004,6,FPS-0104,12.451835,76.716587,20.35,44,PLANNED
RT-0002545,MAN-000214,VEH-0054,WH-004,6,FPS-0104,12.451835,76.716587,20.35,44,PLANNED
RT-0002546,MAN-000215,VEH-0129,WH-004,1,FPS-0354,12.660191,76.631991,25.29,55,DRAFT
RT-0002547,MAN-000215,VEH-0129,WH-004,1,FPS-0354,12.660191,76.631991,25.29,55,DRAFT
RT-0002548,MAN-000215,VEH-0129,WH-004,2,FPS-0429,12.47573,76.774962,25.72,56,DRAFT
RT-0002549,MAN-000215,VEH-0129,WH-004,2,FPS-0429,12.47573,76.774962,25.72,56,DRAFT
RT-0002550,MAN-000215,VEH-0129,WH-004,3,FPS-0529,12.62002,76.976617,27.14,59,DRAFT
RT-0002551,MAN-000215,VEH-0129,WH-004,3,FPS-0529,12.62002,76.976617,27.14,59,DRAFT
RT-0002552,MAN-000215,VEH-0129,WH-004,4,FPS-0079,12.444037,76.802378,27.21,59,DRAFT
RT-0002553,MAN-000215,VEH-0129,WH-004,4,FPS-0079,12.444037,76.802378,27.21,59,DRAFT
RT-0002554,MAN-000215,VEH-0129,WH-004,5,FPS-0129,12.431362,76.904414,11.17,24,DRAFT
RT-0002555,MAN-000215,VEH-0129,WH-004,5,FPS-0129,12.431362,76.904414,11.17,24,DRAFT
RT-0002556,MAN-000215,VEH-0129,WH-004,6,FPS-0329,12.347132,76.934894,9.93,21,DRAFT
RT-0002557,MAN-000215,VEH-0129,WH-004,6,FPS-0329,12.347132,76.934894,9.93,21,DRAFT
RT-0002558,MAN-000216,VEH-0004,WH-004,1,FPS-0204,12.576922,76.636332,19.72,43,PLANNED
RT-0002559,MAN-000216,VEH-0004,WH-004,1,FPS-0204,12.576922,76.636332,19.72,43,PLANNED
RT-0002560,MAN-000216,VEH-0004,WH-004,2,FPS-0029,12.580035,76.886493,27.15,59,PLANNED
RT-0002561,MAN-000216,VEH-0004,WH-004,2,FPS-0029,12.580035,76.886493,27.15,59,PLANNED
RT-0002562,MAN-000216,VEH-0004,WH-004,3,FPS-0454,12.38026,76.635442,35.16,77,PLANNED
RT-0002563,MAN-000216,VEH-0004,WH-004,3,FPS-0454,12.38026,76.635442,35.16,77,PLANNED
RT-0002564,MAN-000216,VEH-0004,WH-004,4,FPS-0179,12.655854,76.909239,42.69,93,PLANNED
RT-0002565,MAN-000216,VEH-0004,WH-004,4,FPS-0179,12.655854,76.909239,42.69,93,PLANNED
RT-0002566,MAN-000216,VEH-0004,WH-004,5,FPS-0404,12.67463,76.769892,15.26,33,PLANNED
RT-0002567,MAN-000216,VEH-0004,WH-004,5,FPS-0404,12.67463,76.769892,15.26,33,PLANNED
RT-0002568,MAN-000216,VEH-0004,WH-004,6,FPS-0054,12.566547,76.696545,14.41,31,PLANNED
RT-0002569,MAN-000216,VEH-0004,WH-004,6,FPS-0054,12.566547,76.696545,14.41,31,PLANNED
RT-0002570,MAN-000217,VEH-0080,WH-005,1,FPS-0055,13.254,76.189834,8.89,19,PLANNED
RT-0002571,MAN-000217,VEH-0080,WH-005,1,FPS-0055,13.254,76.189834,8.89,19,PLANNED
RT-0002572,MAN-000217,VEH-0080,WH-005,2,FPS-0280,13.319746,76.224959,8.24,18,PLANNED
RT-0002573,MAN-000217,VEH-0080,WH-005,2,FPS-0280,13.319746,76.224959,8.24,18,PLANNED
RT-0002574,MAN-000217,VEH-0080,WH-005,3,FPS-0180,13.235743,76.19526,9.88,21,PLANNED
RT-0002575,MAN-000217,VEH-0080,WH-005,3,FPS-0180,13.235743,76.19526,9.88,21,PLANNED
RT-0002576,MAN-000217,VEH-0080,WH-005,4,FPS-0330,13.392411,76.196393,17.42,38,PLANNED
RT-0002577,MAN-000217,VEH-0080,WH-005,4,FPS-0330,13.392411,76.196393,17.42,38,PLANNED
RT-0002578,MAN-000217,VEH-0080,WH-005,5,FPS-0305,13.488492,76.393998,23.89,52,PLANNED
RT-0002579,MAN-000217,VEH-0080,WH-005,5,FPS-0305,13.488492,76.393998,23.89,52,PLANNED
RT-0002580,MAN-000217,VEH-0080,WH-005,6,FPS-0530,13.253705,76.389198,26.11,57,PLANNED
RT-0002581,MAN-000217,VEH-0080,WH-005,6,FPS-0530,13.253705,76.389198,26.11,57,PLANNED
RT-0002582,MAN-000218,VEH-0130,WH-005,1,FPS-0030,13.222006,76.069235,19.78,43,PLANNED
RT-0002583,MAN-000218,VEH-0130,WH-005,1,FPS-0030,13.222006,76.069235,19.78,43,PLANNED
RT-0002584,MAN-000218,VEH-0130,WH-005,2,FPS-0230,13.254926,76.036882,5.07,11,PLANNED
RT-0002585,MAN-000218,VEH-0130,WH-005,2,FPS-0230,13.254926,76.036882,5.07,11,PLANNED
RT-0002586,MAN-000218,VEH-0130,WH-005,3,FPS-0480,13.397839,76.204326,24.1,53,PLANNED
RT-0002587,MAN-000218,VEH-0130,WH-005,3,FPS-0480,13.397839,76.204326,24.1,53,PLANNED
RT-0002588,MAN-000218,VEH-0130,WH-005,4,FPS-0380,13.488831,76.299121,14.4,31,PLANNED
RT-0002589,MAN-000218,VEH-0130,WH-005,4,FPS-0380,13.488831,76.299121,14.4,31,PLANNED
RT-0002590,MAN-000218,VEH-0130,WH-005,5,FPS-0205,13.217233,76.066193,39.33,86,PLANNED
RT-0002591,MAN-000218,VEH-0130,WH-005,5,FPS-0205,13.217233,76.066193,39.33,86,PLANNED
RT-0002592,MAN-000218,VEH-0130,WH-005,6,FPS-0405,13.50498,76.159457,33.55,73,PLANNED
RT-0002593,MAN-000218,VEH-0130,WH-005,6,FPS-0405,13.50498,76.159457,33.55,73,PLANNED
RT-0002594,MAN-000219,VEH-0005,WH-005,1,FPS-0005,13.237108,76.220089,10.39,22,PLANNED
RT-0002595,MAN-000219,VEH-0005,WH-005,1,FPS-0005,13.237108,76.220089,10.39,22,PLANNED
RT-0002596,MAN-000219,VEH-0005,WH-005,2,FPS-0580,13.469282,76.301483,27.28,60,PLANNED
RT-0002597,MAN-000219,VEH-0005,WH-005,2,FPS-0580,13.469282,76.301483,27.28,60,PLANNED
RT-0002598,MAN-000219,VEH-0005,WH-005,3,FPS-0255,13.388102,76.039513,29.74,65,PLANNED
RT-0002599,MAN-000219,VEH-0005,WH-005,3,FPS-0255,13.388102,76.039513,29.74,65,PLANNED
RT-0002600,MAN-000219,VEH-0005,WH-005,4,FPS-0555,13.190211,76.353029,40.44,88,PLANNED
RT-0002601,MAN-000219,VEH-0005,WH-005,4,FPS-0555,13.190211,76.353029,40.44,88,PLANNED
RT-0002602,MAN-000219,VEH-0005,WH-005,5,FPS-0355,13.427937,76.175023,32.71,71,PLANNED
RT-0002603,MAN-000219,VEH-0005,WH-005,5,FPS-0355,13.427937,76.175023,32.71,71,PLANNED
RT-0002604,MAN-000219,VEH-0005,WH-005,6,FPS-0105,13.25214,76.270001,22.08,48,PLANNED
RT-0002605,MAN-000219,VEH-0005,WH-005,6,FPS-0105,13.25214,76.270001,22.08,48,PLANNED
RT-0002606,MAN-000220,VEH-0055,WH-005,1,FPS-0155,13.288476,76.381533,18.71,41,PLANNED
RT-0002607,MAN-000220,VEH-0055,WH-005,1,FPS-0155,13.288476,76.381533,18.71,41,PLANNED
RT-0002608,MAN-000220,VEH-0055,WH-005,2,FPS-0080,13.261738,76.31788,7.5,16,PLANNED
RT-0002609,MAN-000220,VEH-0055,WH-005,2,FPS-0080,13.261738,76.31788,7.5,16,PLANNED
RT-0002610,MAN-000220,VEH-0055,WH-005,3,FPS-0130,13.392114,76.309062,14.53,31,PLANNED
RT-0002611,MAN-000220,VEH-0055,WH-005,3,FPS-0130,13.392114,76.309062,14.53,31,PLANNED
RT-0002612,MAN-000220,VEH-0055,WH-005,4,FPS-0455,13.279023,76.121192,23.9,52,PLANNED
RT-0002613,MAN-000220,VEH-0055,WH-005,4,FPS-0455,13.279023,76.121192,23.9,52,PLANNED
RT-0002614,MAN-000220,VEH-0055,WH-005,5,FPS-0430,13.243469,76.083239,5.7,12,PLANNED
RT-0002615,MAN-000220,VEH-0055,WH-005,5,FPS-0430,13.243469,76.083239,5.7,12,PLANNED
RT-0002616,MAN-000220,VEH-0055,WH-005,6,FPS-0505,13.223445,76.305995,24.21,53,PLANNED
RT-0002617,MAN-000220,VEH-0055,WH-005,6,FPS-0505,13.223445,76.305995,24.21,53,PLANNED
RT-0002618,MAN-000221,VEH-0006,WH-006,1,FPS-0331,13.937535,75.567429,18.44,40,DRAFT
RT-0002619,MAN-000221,VEH-0006,WH-006,1,FPS-0331,13.937535,75.567429,18.44,40,DRAFT
RT-0002620,MAN-000221,VEH-0006,WH-006,2,FPS-0381,14.085646,75.580703,16.53,36,DRAFT
RT-0002621,MAN-000221,VEH-0006,WH-006,2,FPS-0381,14.085646,75.580703,16.53,36,DRAFT
RT-0002622,MAN-000221,VEH-0006,WH-006,3,FPS-0281,13.897775,75.359071,31.75,69,DRAFT
RT-0002623,MAN-000221,VEH-0006,WH-006,3,FPS-0281,13.897775,75.359071,31.75,69,DRAFT
RT-0002624,MAN-000221,VEH-0006,WH-006,4,FPS-0256,14.174601,75.234126,33.6,73,DRAFT
RT-0002625,MAN-000221,VEH-0006,WH-006,4,FPS-0256,14.174601,75.234126,33.6,73,DRAFT
RT-0002626,MAN-000221,VEH-0006,WH-006,5,FPS-0481,13.943093,75.301993,26.76,58,DRAFT
RT-0002627,MAN-000221,VEH-0006,WH-006,5,FPS-0481,13.943093,75.301993,26.76,58,DRAFT
RT-0002628,MAN-000221,VEH-0006,WH-006,6,FPS-0506,14.174766,75.565177,38.33,84,DRAFT
RT-0002629,MAN-000221,VEH-0006,WH-006,6,FPS-0506,14.174766,75.565177,38.33,84,DRAFT
RT-0002630,MAN-000222,VEH-0031,WH-006,1,FPS-0231,14.13689,75.35281,16.38,36,DRAFT
RT-0002631,MAN-000222,VEH-0031,WH-006,1,FPS-0231,14.13689,75.35281,16.38,36,DRAFT
RT-0002632,MAN-000222,VEH-0031,WH-006,2,FPS-0006,13.862575,75.561869,37.94,83,DRAFT
RT-0002633,MAN-000222,VEH-0031,WH-006,2,FPS-0006,13.862575,75.561869,37.94,83,DRAFT
RT-0002634,MAN-000222,VEH-0031,WH-006,3,FPS-0206,13.920736,75.397149,18.92,41,DRAFT
RT-0002635,MAN-000222,VEH-0031,WH-006,3,FPS-0206,13.920736,75.397149,18.92,41,DRAFT
RT-0002636,MAN-000222,VEH-0031,WH-006,4,FPS-0106,13.894832,75.563596,18.19,40,DRAFT
RT-0002637,MAN-000222,VEH-0031,WH-006,4,FPS-0106,13.894832,75.563596,18.19,40,DRAFT
RT-0002638,MAN-000222,VEH-0031,WH-006,5,FPS-0431,14.022107,75.239731,37.71,82,DRAFT
RT-0002639,MAN-000222,VEH-0031,WH-006,5,FPS-0431,14.022107,75.239731,37.71,82,DRAFT
RT-0002640,MAN-000222,VEH-0031,WH-006,6,FPS-0156,14.046609,75.302262,7.28,16,DRAFT
RT-0002641,MAN-000222,VEH-0031,WH-006,6,FPS-0156,14.046609,75.302262,7.28,16,DRAFT
RT-0002642,MAN-000223,VEH-0081,WH-006,1,FPS-0131,14.136805,75.561537,22.39,49,PLANNED
RT-0002643,MAN-000223,VEH-0081,WH-006,1,FPS-0131,14.136805,75.561537,22.39,49,PLANNED
RT-0002644,MAN-000223,VEH-0081,WH-006,2,FPS-0406,13.907382,75.374055,32.56,71,PLANNED
RT-0002645,MAN-000223,VEH-0081,WH-006,2,FPS-0406,13.907382,75.374055,32.56,71,PLANNED
RT-0002646,MAN-000223,VEH-0081,WH-006,3,FPS-0581,14.094895,75.36465,20.88,45,PLANNED
RT-0002647,MAN-000223,VEH-0081,WH-006,3,FPS-0581,14.094895,75.36465,20.88,45,PLANNED
RT-0002648,MAN-000223,VEH-0081,WH-006,4,FPS-0456,14.093528,75.243401,13.08,28,PLANNED
RT-0002649,MAN-000223,VEH-0081,WH-006,4,FPS-0456,14.093528,75.243401,13.08,28,PLANNED
RT-0002650,MAN-000223,VEH-0081,WH-006,5,FPS-0556,13.92227,75.580968,41.1,90,PLANNED
RT-0002651,MAN-000223,VEH-0081,WH-006,5,FPS-0556,13.92227,75.580968,41.1,90,PLANNED
RT-0002652,MAN-000223,VEH-0081,WH-006,6,FPS-0306,13.832433,75.356242,26.24,57,PLANNED
RT-0002653,MAN-000223,VEH-0081,WH-006,6,FPS-0306,13.832433,75.356242,26.24,57,PLANNED
RT-0002654,MAN-000224,VEH-0056,WH-006,1,FPS-0181,14.022747,75.406812,2.53,5,DRAFT
RT-0002655,MAN-000224,VEH-0056,WH-006,1,FPS-0181,14.022747,75.406812,2.53,5,DRAFT
RT-0002656,MAN-000224,VEH-0056,WH-006,2,FPS-0356,14.054452,75.339605,8.06,17,DRAFT
RT-0002657,MAN-000224,VEH-0056,WH-006,2,FPS-0356,14.054452,75.339605,8.06,17,DRAFT
RT-0002658,MAN-000224,VEH-0056,WH-006,3,FPS-0081,14.110555,75.367652,6.93,15,DRAFT
RT-0002659,MAN-000224,VEH-0056,WH-006,3,FPS-0081,14.110555,75.367652,6.93,15,DRAFT
RT-0002660,MAN-000224,VEH-0056,WH-006,4,FPS-0531,14.072808,75.513227,16.25,35,DRAFT
RT-0002661,MAN-000224,VEH-0056,WH-006,4,FPS-0531,14.072808,75.513227,16.25,35,DRAFT
RT-0002662,MAN-000224,VEH-0056,WH-006,5,FPS-0031,14.003727,75.408361,13.67,30,DRAFT
RT-0002663,MAN-000224,VEH-0056,WH-006,5,FPS-0031,14.003727,75.408361,13.67,30,DRAFT
RT-0002664,MAN-000224,VEH-0056,WH-006,6,FPS-0056,14.16453,75.313848,20.58,45,DRAFT
RT-0002665,MAN-000224,VEH-0056,WH-006,6,FPS-0056,14.16453,75.313848,20.58,45,DRAFT
RT-0002666,MAN-000225,VEH-0107,WH-007,1,FPS-0407,12.82496,77.528355,13.55,29,DRAFT
RT-0002667,MAN-000225,VEH-0107,WH-007,1,FPS-0407,12.82496,77.528355,13.55,29,DRAFT
RT-0002668,MAN-000225,VEH-0107,WH-007,2,FPS-0032,12.548978,77.659959,33.85,74,DRAFT
RT-0002669,MAN-000225,VEH-0107,WH-007,2,FPS-0032,12.548978,77.659959,33.85,74,DRAFT
RT-0002670,MAN-000225,VEH-0107,WH-007,3,FPS-0107,12.564214,77.615477,5.12,11,DRAFT
RT-0002671,MAN-000225,VEH-0107,WH-007,3,FPS-0107,12.564214,77.615477,5.12,11,DRAFT
RT-0002672,MAN-000225,VEH-0107,WH-007,4,FPS-0207,12.864262,77.549871,34.11,75,DRAFT
RT-0002673,MAN-000225,VEH-0107,WH-007,4,FPS-0207,12.864262,77.549871,34.11,75,DRAFT
RT-0002674,MAN-000225,VEH-0107,WH-007,5,FPS-0007,12.690828,77.559077,19.31,42,DRAFT
RT-0002675,MAN-000225,VEH-0107,WH-007,5,FPS-0007,12.690828,77.559077,19.31,42,DRAFT
RT-0002676,MAN-000225,VEH-0107,WH-007,6,FPS-0357,12.593705,77.546943,10.88,23,DRAFT
RT-0002677,MAN-000225,VEH-0107,WH-007,6,FPS-0357,12.593705,77.546943,10.88,23,DRAFT
RT-0002678,MAN-000226,VEH-0082,WH-007,1,FPS-0307,12.641995,77.39418,18.0,39,PLANNED
RT-0002679,MAN-000226,VEH-0082,WH-007,1,FPS-0307,12.641995,77.39418,18.0,39,PLANNED
RT-0002680,MAN-000226,VEH-0082,WH-007,2,FPS-0557,12.651002,77.508772,12.47,27,PLANNED
RT-0002681,MAN-000226,VEH-0082,WH-007,2,FPS-0557,12.651002,77.508772,12.47,27,PLANNED
RT-0002682,MAN-000226,VEH-0082,WH-007,3,FPS-0507,12.741234,77.522262,10.14,22,PLANNED
RT-0002683,MAN-000226,VEH-0082,WH-007,3,FPS-0507,12.741234,77.522262,10.14,22,PLANNED
RT-0002684,MAN-000226,VEH-0082,WH-007,4,FPS-0082,12.54943,77.663588,26.27,57,PLANNED
RT-0002685,MAN-000226,VEH-0082,WH-007,4,FPS-0082,12.54943,77.663588,26.27,57,PLANNED
RT-0002686,MAN-000226,VEH-0082,WH-007,5,FPS-0382,12.620885,77.419314,27.67,60,PLANNED
RT-0002687,MAN-000226,VEH-0082,WH-007,5,FPS-0382,12.620885,77.419314,27.67,60,PLANNED
RT-0002688,MAN-000226,VEH-0082,WH-007,6,FPS-0232,12.798667,77.647201,31.65,69,PLANNED
RT-0002689,MAN-000226,VEH-0082,WH-007,6,FPS-0232,12.798667,77.647201,31.65,69,PLANNED
RT-0002690,MAN-000227,VEH-0057,WH-007,1,FPS-0157,12.737549,77.410039,15.33,33,PLANNED
RT-0002691,MAN-000227,VEH-0057,WH-007,1,FPS-0157,12.737549,77.410039,15.33,33,PLANNED
RT-0002692,MAN-000227,VEH-0057,WH-007,2,FPS-0432,12.671301,77.379341,8.08,17,PLANNED
RT-0002693,MAN-000227,VEH-0057,WH-007,2,FPS-0432,12.671301,77.379341,8.08,17,PLANNED
RT-0002694,MAN-000227,VEH-0057,WH-007,3,FPS-0482,12.822367,77.606856,29.85,65,PLANNED
RT-0002695,MAN-000227,VEH-0057,WH-007,3,FPS-0482,12.822367,77.606856,29.85,65,PLANNED
RT-0002696,MAN-000227,VEH-0057,WH-007,4,FPS-0332,12.677135,77.482634,21.03,46,PLANNED
RT-0002697,MAN-000227,VEH-0057,WH-007,4,FPS-0332,12.677135,77.482634,21.03,46,PLANNED
RT-0002698,MAN-000227,VEH-0057,WH-007,5,FPS-0132,12.568844,77.686868,25.22,55,PLANNED
RT-0002699,MAN-000227,VEH-0057,WH-007,5,FPS-0132,12.568844,77.686868,25.22,55,PLANNED
RT-0002700,MAN-000227,VEH-0057,WH-007,6,FPS-0457,12.857697,77.563575,34.79,76,PLANNED
RT-0002701,MAN-000227,VEH-0057,WH-007,6,FPS-0457,12.857697,77.563575,34.79,76,PLANNED
RT-0002702,MAN-000228,VEH-0057,WH-007,1,FPS-0182,12.671775,77.51403,5.13,11,PLANNED
RT-0002703,MAN-000228,VEH-0057,WH-007,1,FPS-0182,12.671775,77.51403,5.13,11,PLANNED
RT-0002704,MAN-000228,VEH-0057,WH-007,2,FPS-0282,12.616425,77.423646,11.58,25,PLANNED
RT-0002705,MAN-000228,VEH-0057,WH-007,2,FPS-0282,12.616425,77.423646,11.58,25,PLANNED
RT-0002706,MAN-000228,VEH-0057,WH-007,3,FPS-0057,12.69967,77.492279,11.88,26,PLANNED
RT-0002707,MAN-000228,VEH-0057,WH-007,3,FPS-0057,12.69967,77.492279,11.88,26,PLANNED
RT-0002708,MAN-000228,VEH-0057,WH-007,4,FPS-0532,12.875429,77.496092,19.55,43,PLANNED
RT-0002709,MAN-000228,VEH-0057,WH-007,4,FPS-0532,12.875429,77.496092,19.55,43,PLANNED
RT-0002710,MAN-000228,VEH-0057,WH-007,5,FPS-0257,12.647093,77.542682,25.89,56,PLANNED
RT-0002711,MAN-000228,VEH-0057,WH-007,5,FPS-0257,12.647093,77.542682,25.89,56,PLANNED
RT-0002712,MAN-000228,VEH-0057,WH-007,6,FPS-0582,12.706248,77.696131,17.9,39,PLANNED
RT-0002713,MAN-000228,VEH-0057,WH-007,6,FPS-0582,12.706248,77.696131,17.9,39,PLANNED
RT-0002714,MAN-000229,VEH-0133,WH-008,1,FPS-0433,12.414658,76.411854,19.98,43,PLANNED
RT-0002715,MAN-000229,VEH-0133,WH-008,1,FPS-0433,12.414658,76.411854,19.98,43,PLANNED
RT-0002716,MAN-000229,VEH-0133,WH-008,2,FPS-0408,12.662189,76.422791,27.55,60,PLANNED
RT-0002717,MAN-000229,VEH-0133,WH-008,2,FPS-0408,12.662189,76.422791,27.55,60,PLANNED
RT-0002718,MAN-000229,VEH-0133,WH-008,3,FPS-0333,12.422852,76.234514,33.55,73,PLANNED
RT-0002719,MAN-000229,VEH-0133,WH-008,3,FPS-0333,12.422852,76.234514,33.55,73,PLANNED
RT-0002720,MAN-000229,VEH-0133,WH-008,4,FPS-0558,12.503736,76.303868,11.73,25,PLANNED
RT-0002721,MAN-000229,VEH-0133,WH-008,4,FPS-0558,12.503736,76.303868,11.73,25,PLANNED
RT-0002722,MAN-000229,VEH-0133,WH-008,5,FPS-0083,12.711831,76.255158,23.74,52,PLANNED
RT-0002723,MAN-000229,VEH-0133,WH-008,5,FPS-0083,12.711831,76.255158,23.74,52,PLANNED
RT-0002724,MAN-000229,VEH-0133,WH-008,6,FPS-0533,12.739784,76.340394,9.75,21,PLANNED
RT-0002725,MAN-000229,VEH-0133,WH-008,6,FPS-0533,12.739784,76.340394,9.75,21,PLANNED
RT-0002726,MAN-000230,VEH-0058,WH-008,1,FPS-0283,12.436089,76.45042,18.32,40,PLANNED
RT-0002727,MAN-000230,VEH-0058,WH-008,1,FPS-0283,12.436089,76.45042,18.32,40,PLANNED
RT-0002728,MAN-000230,VEH-0058,WH-008,2,FPS-0583,12.513328,76.264959,21.89,48,PLANNED
RT-0002729,MAN-000230,VEH-0058,WH-008,2,FPS-0583,12.513328,76.264959,21.89,48,PLANNED
RT-0002730,MAN-000230,VEH-0058,WH-008,3,FPS-0483,12.680854,76.256923,18.65,41,PLANNED
RT-0002731,MAN-000230,VEH-0058,WH-008,3,FPS-0483,12.680854,76.256923,18.65,41,PLANNED
RT-0002732,MAN-000230,VEH-0058,WH-008,4,FPS-0458,12.479288,76.314886,23.28,51,PLANNED
RT-0002733,MAN-000230,VEH-0058,WH-008,4,FPS-0458,12.479288,76.314886,23.28,51,PLANNED
RT-0002734,MAN-000230,VEH-0058,WH-008,5,FPS-0008,12.528687,76.325398,5.61,12,PLANNED
RT-0002735,MAN-000230,VEH-0058,WH-008,5,FPS-0008,12.528687,76.325398,5.61,12,PLANNED
RT-0002736,MAN-000230,VEH-0058,WH-008,6,FPS-0058,12.614965,76.569057,28.13,61,PLANNED
RT-0002737,MAN-000230,VEH-0058,WH-008,6,FPS-0058,12.614965,76.569057,28.13,61,PLANNED
RT-0002738,MAN-000231,VEH-0033,WH-008,1,FPS-0108,12.726473,76.287449,19.31,42,PLANNED
RT-0002739,MAN-000231,VEH-0033,WH-008,1,FPS-0108,12.726473,76.287449,19.31,42,PLANNED
RT-0002740,MAN-000231,VEH-0033,WH-008,2,FPS-0508,12.735829,76.433225,15.85,34,PLANNED
RT-0002741,MAN-000231,VEH-0033,WH-008,2,FPS-0508,12.735829,76.433225,15.85,34,PLANNED
RT-0002742,MAN-000231,VEH-0033,WH-008,3,FPS-0233,12.73793,76.386742,5.05,11,PLANNED
RT-0002743,MAN-000231,VEH-0033,WH-008,3,FPS-0233,12.73793,76.386742,5.05,11,PLANNED
RT-0002744,MAN-000231,VEH-0033,WH-008,4,FPS-0033,12.685042,76.509636,14.57,32,PLANNED
RT-0002745,MAN-000231,VEH-0033,WH-008,4,FPS-0033,12.685042,76.509636,14.57,32,PLANNED
RT-0002746,MAN-000231,VEH-0033,WH-008,5,FPS-0383,12.73888,76.27292,26.37,58,PLANNED
RT-0002747,MAN-000231,VEH-0033,WH-008,5,FPS-0383,12.73888,76.27292,26.37,58,PLANNED
RT-0002748,MAN-000231,VEH-0033,WH-008,6,FPS-0358,12.720039,76.248289,3.4,7,PLANNED
RT-0002749,MAN-000231,VEH-0033,WH-008,6,FPS-0358,12.720039,76.248289,3.4,7,PLANNED
RT-0002750,MAN-000232,VEH-0108,WH-008,1,FPS-0183,12.510652,76.486078,12.97,28,DRAFT
RT-0002751,MAN-000232,VEH-0108,WH-008,1,FPS-0183,12.510652,76.486078,12.97,28,DRAFT
RT-0002752,MAN-000232,VEH-0108,WH-008,2,FPS-0258,12.414278,76.312101,21.72,47,DRAFT
RT-0002753,MAN-000232,VEH-0108,WH-008,2,FPS-0258,12.414278,76.312101,21.72,47,DRAFT
RT-0002754,MAN-000232,VEH-0108,WH-008,3,FPS-0133,12.634061,76.340051,24.63,54,DRAFT
RT-0002755,MAN-000232,VEH-0108,WH-008,3,FPS-0133,12.634061,76.340051,24.63,54,DRAFT
RT-0002756,MAN-000232,VEH-0108,WH-008,4,FPS-0208,12.680703,76.371436,6.2,13,DRAFT
RT-0002757,MAN-000232,VEH-0108,WH-008,4,FPS-0208,12.680703,76.371436,6.2,13,DRAFT
RT-0002758,MAN-000232,VEH-0108,WH-008,5,FPS-0308,12.645112,76.435847,8.03,17,DRAFT
RT-0002759,MAN-000232,VEH-0108,WH-008,5,FPS-0308,12.645112,76.435847,8.03,17,DRAFT
RT-0002760,MAN-000232,VEH-0108,WH-008,6,FPS-0158,12.725324,76.519225,12.7,27,DRAFT
RT-0002761,MAN-000232,VEH-0108,WH-008,6,FPS-0158,12.725324,76.519225,12.7,27,DRAFT
RT-0002762,MAN-000233,VEH-0009,WH-009,1,FPS-0034,13.700795,77.101495,19.31,42,DRAFT
RT-0002763,MAN-000233,VEH-0009,WH-009,1,FPS-0034,13.700795,77.101495,19.31,42,DRAFT
RT-0002764,MAN-000233,VEH-0009,WH-009,2,FPS-0434,13.625488,77.009753,12.98,28,DRAFT
RT-0002765,MAN-000233,VEH-0009,WH-009,2,FPS-0434,13.625488,77.009753,12.98,28,DRAFT
RT-0002766,MAN-000233,VEH-0009,WH-009,3,FPS-0409,13.60208,76.964536,5.54,12,DRAFT
RT-0002767,MAN-000233,VEH-0009,WH-009,3,FPS-0409,13.60208,76.964536,5.54,12,DRAFT
RT-0002768,MAN-000233,VEH-0009,WH-009,4,FPS-0009,13.39894,77.095383,26.65,58,DRAFT
RT-0002769,MAN-000233,VEH-0009,WH-009,4,FPS-0009,13.39894,77.095383,26.65,58,DRAFT
RT-0002770,MAN-000233,VEH-0009,WH-009,5,FPS-0159,13.593234,76.830739,35.85,78,DRAFT
RT-0002771,MAN-000233,VEH-0009,WH-009,5,FPS-0159,13.593234,76.830739,35.85,78,DRAFT
RT-0002772,MAN-000233,VEH-0009,WH-009,6,FPS-0134,13.415691,76.896398,20.98,46,DRAFT
RT-0002773,MAN-000233,VEH-0009,WH-009,6,FPS-0134,13.415691,76.896398,20.98,46,DRAFT
RT-0002774,MAN-000234,VEH-0034,WH-009,1,FPS-0334,13.401981,77.086188,22.7,49,PLANNED
RT-0002775,MAN-000234,VEH-0034,WH-009,1,FPS-0334,13.401981,77.086188,22.7,49,PLANNED
RT-0002776,MAN-000234,VEH-0034,WH-009,2,FPS-0459,13.447931,76.8102,30.28,66,PLANNED
RT-0002777,MAN-000234,VEH-0034,WH-009,2,FPS-0459,13.447931,76.8102,30.28,66,PLANNED
RT-0002778,MAN-000234,VEH-0034,WH-009,3,FPS-0109,13.694531,76.812886,27.42,60,PLANNED
RT-0002779,MAN-000234,VEH-0034,WH-009,3,FPS-0109,13.694531,76.812886,27.42,60,PLANNED
RT-0002780,MAN-000234,VEH-0034,WH-009,4,FPS-0359,13.726549,77.062156,27.16,59,PLANNED
RT-0002781,MAN-000234,VEH-0034,WH-009,4,FPS-0359,13.726549,77.062156,27.16,59,PLANNED
RT-0002782,MAN-000234,VEH-0034,WH-009,5,FPS-0059,13.694955,77.015696,6.13,13,PLANNED
RT-0002783,MAN-000234,VEH-0034,WH-009,5,FPS-0059,13.694955,77.015696,6.13,13,PLANNED
RT-0002784,MAN-000234,VEH-0034,WH-009,6,FPS-0384,13.594804,76.977254,11.89,26,PLANNED
RT-0002785,MAN-000234,VEH-0034,WH-009,6,FPS-0384,13.594804,76.977254,11.89,26,PLANNED
RT-0002786,MAN-000235,VEH-0084,WH-009,1,FPS-0184,13.466907,76.863041,17.31,38,PLANNED
RT-0002787,MAN-000235,VEH-0084,WH-009,1,FPS-0184,13.466907,76.863041,17.31,38,PLANNED
RT-0002788,MAN-000235,VEH-0084,WH-009,2,FPS-0584,13.701371,77.062416,33.82,74,PLANNED
RT-0002789,MAN-000235,VEH-0084,WH-009,2,FPS-0584,13.701371,77.062416,33.82,74,PLANNED
RT-0002790,MAN-000235,VEH-0084,WH-009,3,FPS-0209,13.452591,76.799717,39.64,87,PLANNED
RT-0002791,MAN-000235,VEH-0084,WH-009,3,FPS-0209,13.452591,76.799717,39.64,87,PLANNED
RT-0002792,MAN-000235,VEH-0084,WH-009,4,FPS-0559,13.642429,76.893498,23.42,51,PLANNED
RT-0002793,MAN-000235,VEH-0084,WH-009,4,FPS-0559,13.642429,76.893498,23.42,51,PLANNED
RT-0002794,MAN-000235,VEH-0084,WH-009,5,FPS-0534,13.435971,76.929619,23.29,51,PLANNED
RT-0002795,MAN-000235,VEH-0084,WH-009,5,FPS-0534,13.435971,76.929619,23.29,51,PLANNED
RT-0002796,MAN-000235,VEH-0084,WH-009,6,FPS-0484,13.485008,77.045199,13.64,30,PLANNED
RT-0002797,MAN-000235,VEH-0084,WH-009,6,FPS-0484,13.485008,77.045199,13.64,30,PLANNED
RT-0002798,MAN-000236,VEH-0134,WH-009,1,FPS-0259,13.598217,77.155492,19.45,42,PLANNED
RT-0002799,MAN-000236,VEH-0134,WH-009,1,FPS-0259,13.598217,77.155492,19.45,42,PLANNED
RT-0002800,MAN-000236,VEH-0134,WH-009,2,FPS-0084,13.679691,77.040588,15.37,33,PLANNED
RT-0002801,MAN-000236,VEH-0134,WH-009,2,FPS-0084,13.679691,77.040588,15.37,33,PLANNED
RT-0002802,MAN-000236,VEH-0134,WH-009,3,FPS-0509,13.544975,77.100703,16.33,35,PLANNED
RT-0002803,MAN-000236,VEH-0134,WH-009,3,FPS-0509,13.544975,77.100703,16.33,35,PLANNED
RT-0002804,MAN-000236,VEH-0134,WH-009,4,FPS-0284,13.620718,77.149358,9.93,21,PLANNED
RT-0002805,MAN-000236,VEH-0134,WH-009,4,FPS-0284,13.620718,77.149358,9.93,21,PLANNED
RT-0002806,MAN-000236,VEH-0134,WH-009,5,FPS-0234,13.454356,76.841807,38.05,83,PLANNED
RT-0002807,MAN-000236,VEH-0134,WH-009,5,FPS-0234,13.454356,76.841807,38.05,83,PLANNED
RT-0002808,MAN-000236,VEH-0134,WH-009,6,FPS-0309,13.584892,77.138357,35.19,77,PLANNED
RT-0002809,MAN-000236,VEH-0134,WH-009,6,FPS-0309,13.584892,77.138357,35.19,77,PLANNED
RT-0002810,MAN-000237,VEH-0110,WH-010,1,FPS-0185,12.984543,77.183515,21.86,48,PLANNED
RT-0002811,MAN-000237,VEH-0110,WH-010,1,FPS-0185,12.984543,77.183515,21.86,48,PLANNED
RT-0002812,MAN-000237,VEH-0110,WH-010,2,FPS-0035,12.680423,77.110194,34.74,76,PLANNED
RT-0002813,MAN-000237,VEH-0110,WH-010,2,FPS-0035,12.680423,77.110194,34.74,76,PLANNED
RT-0002814,MAN-000237,VEH-0110,WH-010,3,FPS-0060,13.000102,77.221362,37.53,82,PLANNED
RT-0002815,MAN-000237,VEH-0110,WH-010,3,FPS-0060,13.000102,77.221362,37.53,82,PLANNED
RT-0002816,MAN-000237,VEH-0110,WH-010,4,FPS-0285,12.922832,77.055414,19.93,43,PLANNED
RT-0002817,MAN-000237,VEH-0110,WH-010,4,FPS-0285,12.922832,77.055414,19.93,43,PLANNED
RT-0002818,MAN-000237,VEH-0110,WH-010,5,FPS-0010,12.882361,76.981326,9.21,20,PLANNED
RT-0002819,MAN-000237,VEH-0110,WH-010,5,FPS-0010,12.882361,76.981326,9.21,20,PLANNED
RT-0002820,MAN-000237,VEH-0110,WH-010,6,FPS-0360,12.858455,76.978743,2.67,5,PLANNED
RT-0002821,MAN-000237,VEH-0110,WH-010,6,FPS-0360,12.858455,76.978743,2.67,5,PLANNED
RT-0002822,MAN-000238,VEH-0085,WH-010,1,FPS-0310,12.778817,77.00048,9.04,19,PLANNED
RT-0002823,MAN-000238,VEH-0085,WH-010,1,FPS-0310,12.778817,77.00048,9.04,19,PLANNED
RT-0002824,MAN-000238,VEH-0085,WH-010,2,FPS-0335,12.781168,77.166424,18.0,39,PLANNED
RT-0002825,MAN-000238,VEH-0085,WH-010,2,FPS-0335,12.781168,77.166424,18.0,39,PLANNED
RT-0002826,MAN-000238,VEH-0085,WH-010,3,FPS-0585,12.768443,77.194862,3.39,7,PLANNED
RT-0002827,MAN-000238,VEH-0085,WH-010,3,FPS-0585,12.768443,77.194862,3.39,7,PLANNED
RT-0002828,MAN-000238,VEH-0085,WH-010,4,FPS-0485,12.988504,77.030946,30.24,66,PLANNED
RT-0002829,MAN-000238,VEH-0085,WH-010,4,FPS-0485,12.988504,77.030946,30.24,66,PLANNED
RT-0002830,MAN-000238,VEH-0085,WH-010,5,FPS-0260,12.946822,77.20041,18.94,41,PLANNED
RT-0002831,MAN-000238,VEH-0085,WH-010,5,FPS-0260,12.946822,77.20041,18.94,41,PLANNED
RT-0002832,MAN-000238,VEH-0085,WH-010,6,FPS-0110,12.882114,76.944876,28.61,62,PLANNED
RT-0002833,MAN-000238,VEH-0085,WH-010,6,FPS-0110,12.882114,76.944876,28.61,62,PLANNED
RT-0002834,MAN-000239,VEH-0085,WH-010,1,FPS-0535,12.87203,77.119267,7.67,16,PLANNED
RT-0002835,MAN-000239,VEH-0085,WH-010,1,FPS-0535,12.87203,77.119267,7.67,16,PLANNED
RT-0002836,MAN-000239,VEH-0085,WH-010,2,FPS-0085,12.648322,77.076549,25.3,55,PLANNED
RT-0002837,MAN-000239,VEH-0085,WH-010,2,FPS-0085,12.648322,77.076549,25.3,55,PLANNED
RT-0002838,MAN-000239,VEH-0085,WH-010,3,FPS-0160,12.72001,77.00597,11.05,24,PLANNED
RT-0002839,MAN-000239,VEH-0085,WH-010,3,FPS-0160,12.72001,77.00597,11.05,24,PLANNED
RT-0002840,MAN-000239,VEH-0085,WH-010,4,FPS-0385,12.877474,76.992307,17.57,38,PLANNED
RT-0002841,MAN-000239,VEH-0085,WH-010,4,FPS-0385,12.877474,76.992307,17.57,38,PLANNED
RT-0002842,MAN-000239,VEH-0085,WH-010,5,FPS-0510,12.954649,77.024402,9.26,20,PLANNED
RT-0002843,MAN-000239,VEH-0085,WH-010,5,FPS-0510,12.954649,77.024402,9.26,20,PLANNED
RT-0002844,MAN-000239,VEH-0085,WH-010,6,FPS-0435,12.839531,76.971735,14.02,30,PLANNED
RT-0002845,MAN-000239,VEH-0085,WH-010,6,FPS-0435,12.839531,76.971735,14.02,30,PLANNED
RT-0002846,MAN-000240,VEH-0135,WH-010,1,FPS-0410,12.704992,76.90065,22.6,49,PLANNED
RT-0002847,MAN-000240,VEH-0135,WH-010,1,FPS-0410,12.704992,76.90065,22.6,49,PLANNED
RT-0002848,MAN-000240,VEH-0135,WH-010,2,FPS-0135,12.779285,77.042022,17.42,38,PLANNED
RT-0002849,MAN-000240,VEH-0135,WH-010,2,FPS-0135,12.779285,77.042022,17.42,38,PLANNED
RT-0002850,MAN-000240,VEH-0135,WH-010,3,FPS-0235,12.682882,77.152382,16.07,35,PLANNED
RT-0002851,MAN-000240,VEH-0135,WH-010,3,FPS-0235,12.682882,77.152382,16.07,35,PLANNED
RT-0002852,MAN-000240,VEH-0135,WH-010,4,FPS-0460,12.862764,77.15481,20.0,44,PLANNED
RT-0002853,MAN-000240,VEH-0135,WH-010,4,FPS-0460,12.862764,77.15481,20.0,44,PLANNED
RT-0002854,MAN-000240,VEH-0135,WH-010,5,FPS-0210,12.663145,77.207424,22.92,50,PLANNED
RT-0002855,MAN-000240,VEH-0135,WH-010,5,FPS-0210,12.663145,77.207424,22.92,50,PLANNED
RT-0002856,MAN-000240,VEH-0135,WH-010,6,FPS-0560,12.893788,76.938376,38.85,85,PLANNED
RT-0002857,MAN-000240,VEH-0135,WH-010,6,FPS-0560,12.893788,76.938376,38.85,85,PLANNED
RT-0002858,MAN-000241,VEH-0136,WH-011,1,FPS-0211,12.894878,76.131575,16.18,35,PLANNED
RT-0002859,MAN-000241,VEH-0136,WH-011,1,FPS-0211,12.894878,76.131575,16.18,35,PLANNED
RT-0002860,MAN-000241,VEH-0136,WH-011,2,FPS-0486,12.744545,76.204359,18.49,40,PLANNED
RT-0002861,MAN-000241,VEH-0136,WH-011,2,FPS-0486,12.744545,76.204359,18.49,40,PLANNED
RT-0002862,MAN-000241,VEH-0136,WH-011,3,FPS-0286,12.609597,76.306007,18.62,40,PLANNED
RT-0002863,MAN-000241,VEH-0136,WH-011,3,FPS-0286,12.609597,76.306007,18.62,40,PLANNED
RT-0002864,MAN-000241,VEH-0136,WH-011,4,FPS-0461,12.679212,76.150233,18.59,40,PLANNED
RT-0002865,MAN-000241,VEH-0136,WH-011,4,FPS-0461,12.679212,76.150233,18.59,40,PLANNED
RT-0002866,MAN-000241,VEH-0136,WH-011,5,FPS-0586,12.873315,76.00271,26.87,59,PLANNED
RT-0002867,MAN-000241,VEH-0136,WH-011,5,FPS-0586,12.873315,76.00271,26.87,59,PLANNED
RT-0002868,MAN-000241,VEH-0136,WH-011,6,FPS-0061,12.814612,76.2243,24.89,54,PLANNED
RT-0002869,MAN-000241,VEH-0136,WH-011,6,FPS-0061,12.814612,76.2243,24.89,54,PLANNED
RT-0002870,MAN-000242,VEH-0011,WH-011,1,FPS-0436,12.832027,76.148606,8.95,19,PLANNED
RT-0002871,MAN-000242,VEH-0011,WH-011,1,FPS-0436,12.832027,76.148606,8.95,19,PLANNED
RT-0002872,MAN-000242,VEH-0011,WH-011,2,FPS-0186,12.795115,76.222079,8.96,19,PLANNED
RT-0002873,MAN-000242,VEH-0011,WH-011,2,FPS-0186,12.795115,76.222079,8.96,19,PLANNED
RT-0002874,MAN-000242,VEH-0011,WH-011,3,FPS-0361,12.626625,76.206486,18.81,41,PLANNED
RT-0002875,MAN-000242,VEH-0011,WH-011,3,FPS-0361,12.626625,76.206486,18.81,41,PLANNED
RT-0002876,MAN-000242,VEH-0011,WH-011,4,FPS-0336,12.638655,76.229015,2.79,6,PLANNED
RT-0002877,MAN-000242,VEH-0011,WH-011,4,FPS-0336,12.638655,76.229015,2.79,6,PLANNED
RT-0002878,MAN-000242,VEH-0011,WH-011,5,FPS-0086,12.671075,76.271815,5.88,12,PLANNED
RT-0002879,MAN-000242,VEH-0011,WH-011,5,FPS-0086,12.671075,76.271815,5.88,12,PLANNED
RT-0002880,MAN-000242,VEH-0011,WH-011,6,FPS-0136,12.787626,76.038059,28.47,62,PLANNED
RT-0002881,MAN-000242,VEH-0011,WH-011,6,FPS-0136,12.787626,76.038059,28.47,62,PLANNED
RT-0002882,MAN-000243,VEH-0111,WH-011,1,FPS-0511,12.663496,76.298598,17.2,37,DRAFT
RT-0002883,MAN-000243,VEH-0111,WH-011,1,FPS-0511,12.663496,76.298598,17.2,37,DRAFT
RT-0002884,MAN-000243,VEH-0111,WH-011,2,FPS-0561,12.647269,76.076532,24.16,53,DRAFT
RT-0002885,MAN-000243,VEH-0111,WH-011,2,FPS-0561,12.647269,76.076532,24.16,53,DRAFT
RT-0002886,MAN-000243,VEH-0111,WH-011,3,FPS-0411,12.817478,76.311581,31.75,69,DRAFT
RT-0002887,MAN-000243,VEH-0111,WH-011,3,FPS-0411,12.817478,76.311581,31.75,69,DRAFT
RT-0002888,MAN-000243,VEH-0111,WH-011,4,FPS-0036,12.726912,76.114724,23.6,51,DRAFT
RT-0002889,MAN-000243,VEH-0111,WH-011,4,FPS-0036,12.726912,76.114724,23.6,51,DRAFT
RT-0002890,MAN-000243,VEH-0111,WH-011,5,FPS-0311,12.579304,76.261257,22.85,50,DRAFT
RT-0002891,MAN-000243,VEH-0111,WH-011,5,FPS-0311,12.579304,76.261257,22.85,50,DRAFT
RT-0002892,MAN-000243,VEH-0111,WH-011,6,FPS-0011,12.869214,76.296243,32.46,71,DRAFT
RT-0002893,MAN-000243,VEH-0111,WH-011,6,FPS-0011,12.869214,76.296243,32.46,71,DRAFT
RT-0002894,MAN-000244,VEH-0036,WH-011,1,FPS-0536,12.631563,76.213694,14.44,31,DRAFT
RT-0002895,MAN-000244,VEH-0036,WH-011,1,FPS-0536,12.631563,76.213694,14.44,31,DRAFT
RT-0002896,MAN-000244,VEH-0036,WH-011,2,FPS-0111,12.75579,76.023185,24.86,54,DRAFT
RT-0002897,MAN-000244,VEH-0036,WH-011,2,FPS-0111,12.75579,76.023185,24.86,54,DRAFT
RT-0002898,MAN-000244,VEH-0036,WH-011,3,FPS-0161,12.810145,76.166144,16.64,36,DRAFT
RT-0002899,MAN-000244,VEH-0036,WH-011,3,FPS-0161,12.810145,76.166144,16.64,36,DRAFT
RT-0002900,MAN-000244,VEH-0036,WH-011,4,FPS-0261,12.790295,76.216493,5.89,12,DRAFT
RT-0002901,MAN-000244,VEH-0036,WH-011,4,FPS-0261,12.790295,76.216493,5.89,12,DRAFT
RT-0002902,MAN-000244,VEH-0036,WH-011,5,FPS-0236,12.661776,76.177654,14.9,32,DRAFT
RT-0002903,MAN-000244,VEH-0036,WH-011,5,FPS-0236,12.661776,76.177654,14.9,32,DRAFT
RT-0002904,MAN-000244,VEH-0036,WH-011,6,FPS-0386,12.926892,76.155199,29.58,65,DRAFT
RT-0002905,MAN-000244,VEH-0036,WH-011,6,FPS-0386,12.926892,76.155199,29.58,65,DRAFT
RT-0002906,MAN-000245,VEH-0012,WH-012,1,FPS-0012,13.786001,75.670479,3.54,7,PLANNED
RT-0002907,MAN-000245,VEH-0012,WH-012,1,FPS-0012,13.786001,75.670479,3.54,7,PLANNED
RT-0002908,MAN-000245,VEH-0012,WH-012,2,FPS-0087,13.668713,75.469139,25.36,55,PLANNED
RT-0002909,MAN-000245,VEH-0012,WH-012,2,FPS-0087,13.668713,75.469139,25.36,55,PLANNED
RT-0002910,MAN-000245,VEH-0012,WH-012,3,FPS-0362,13.69556,75.591333,13.54,29,PLANNED
RT-0002911,MAN-000245,VEH-0012,WH-012,3,FPS-0362,13.69556,75.591333,13.54,29,PLANNED
RT-0002912,MAN-000245,VEH-0012,WH-012,4,FPS-0412,13.616288,75.715421,16.05,35,PLANNED
RT-0002913,MAN-000245,VEH-0012,WH-012,4,FPS-0412,13.616288,75.715421,16.05,35,PLANNED
RT-0002914,MAN-000245,VEH-0012,WH-012,5,FPS-0187,13.618484,75.739899,2.66,5,PLANNED
RT-0002915,MAN-000245,VEH-0012,WH-012,5,FPS-0187,13.618484,75.739899,2.66,5,PLANNED
RT-0002916,MAN-000245,VEH-0012,WH-012,6,FPS-0562,13.792173,75.532188,29.61,65,PLANNED
RT-0002917,MAN-000245,VEH-0012,WH-012,6,FPS-0562,13.792173,75.532188,29.61,65,PLANNED
RT-0002918,MAN-000246,VEH-0137,WH-012,1,FPS-0487,13.616544,75.71093,20.3,44,PLANNED
RT-0002919,MAN-000246,VEH-0137,WH-012,1,FPS-0487,13.616544,75.71093,20.3,44,PLANNED
RT-0002920,MAN-000246,VEH-0137,WH-012,2,FPS-0037,13.679177,75.814942,13.22,29,PLANNED
RT-0002921,MAN-000246,VEH-0137,WH-012,2,FPS-0037,13.679177,75.814942,13.22,29,PLANNED
RT-0002922,MAN-000246,VEH-0137,WH-012,3,FPS-0312,13.652583,75.591934,24.28,53,PLANNED
RT-0002923,MAN-000246,VEH-0137,WH-012,3,FPS-0312,13.652583,75.591934,24.28,53,PLANNED
RT-0002924,MAN-000246,VEH-0137,WH-012,4,FPS-0462,13.701084,75.786022,21.65,47,PLANNED
RT-0002925,MAN-000246,VEH-0137,WH-012,4,FPS-0462,13.701084,75.786022,21.65,47,PLANNED
RT-0002926,MAN-000246,VEH-0137,WH-012,5,FPS-0162,13.827119,75.500116,33.91,74,PLANNED
RT-0002927,MAN-000246,VEH-0137,WH-012,5,FPS-0162,13.827119,75.500116,33.91,74,PLANNED
RT-0002928,MAN-000246,VEH-0137,WH-012,6,FPS-0112,13.821049,75.530525,3.35,7,PLANNED
RT-0002929,MAN-000246,VEH-0137,WH-012,6,FPS-0112,13.821049,75.530525,3.35,7,PLANNED
RT-0002930,MAN-000247,VEH-0112,WH-012,1,FPS-0137,13.69482,75.516316,16.49,36,PLANNED
RT-0002931,MAN-000247,VEH-0112,WH-012,1,FPS-0137,13.69482,75.516316,16.49,36,PLANNED
RT-0002932,MAN-000247,VEH-0112,WH-012,2,FPS-0237,13.890664,75.704212,29.76,65,PLANNED
RT-0002933,MAN-000247,VEH-0112,WH-012,2,FPS-0237,13.890664,75.704212,29.76,65,PLANNED
RT-0002934,MAN-000247,VEH-0112,WH-012,3,FPS-0262,13.819608,75.742769,8.93,19,PLANNED
RT-0002935,MAN-000247,VEH-0112,WH-012,3,FPS-0262,13.819608,75.742769,8.93,19,PLANNED
RT-0002936,MAN-000247,VEH-0112,WH-012,4,FPS-0587,13.806957,75.525312,23.52,51,PLANNED
RT-0002937,MAN-000247,VEH-0112,WH-012,4,FPS-0587,13.806957,75.525312,23.52,51,PLANNED
RT-0002938,MAN-000247,VEH-0112,WH-012,5,FPS-0437,13.829193,75.666469,15.44,33,PLANNED
RT-0002939,MAN-000247,VEH-0112,WH-012,5,FPS-0437,13.829193,75.666469,15.44,33,PLANNED
RT-0002940,MAN-000247,VEH-0112,WH-012,6,FPS-0212,13.900979,75.621159,9.36,20,PLANNED
RT-0002941,MAN-000247,VEH-0112,WH-012,6,FPS-0212,13.900979,75.621159,9.36,20,PLANNED
RT-0002942,MAN-000248,VEH-0137,WH-012,1,FPS-0537,13.822648,75.748357,12.67,27,PLANNED
RT-0002943,MAN-000248,VEH-0137,WH-012,1,FPS-0537,13.822648,75.748357,12.67,27,PLANNED
RT-0002944,MAN-000248,VEH-0137,WH-012,2,FPS-0062,13.668943,75.766819,17.21,37,PLANNED
RT-0002945,MAN-000248,VEH-0137,WH-012,2,FPS-0062,13.668943,75.766819,17.21,37,PLANNED
RT-0002946,MAN-000248,VEH-0137,WH-012,3,FPS-0512,13.920792,75.801113,28.25,62,PLANNED
RT-0002947,MAN-000248,VEH-0137,WH-012,3,FPS-0512,13.920792,75.801113,28.25,62,PLANNED
RT-0002948,MAN-000248,VEH-0137,WH-012,4,FPS-0337,13.663236,75.574372,37.68,82,PLANNED
RT-0002949,MAN-000248,VEH-0137,WH-012,4,FPS-0337,13.663236,75.574372,37.68,82,PLANNED
RT-0002950,MAN-000248,VEH-0137,WH-012,5,FPS-0387,13.911249,75.489818,29.05,63,PLANNED
RT-0002951,MAN-000248,VEH-0137,WH-012,5,FPS-0387,13.911249,75.489818,29.05,63,PLANNED
RT-0002952,MAN-000248,VEH-0137,WH-012,6,FPS-0287,13.876055,75.58077,10.57,23,PLANNED
RT-0002953,MAN-000248,VEH-0137,WH-012,6,FPS-0287,13.876055,75.58077,10.57,23,PLANNED
RT-0002954,MAN-000249,VEH-0113,WH-013,1,FPS-0438,12.694288,77.432305,18.99,41,PLANNED
RT-0002955,MAN-000249,VEH-0113,WH-013,1,FPS-0438,12.694288,77.432305,18.99,41,PLANNED
RT-0002956,MAN-000249,VEH-0113,WH-013,2,FPS-0063,12.908824,77.610842,30.72,67,PLANNED
RT-0002957,MAN-000249,VEH-0113,WH-013,2,FPS-0063,12.908824,77.610842,30.72,67,PLANNED
RT-0002958,MAN-000249,VEH-0113,WH-013,3,FPS-0313,12.891993,77.443938,18.19,40,PLANNED
RT-0002959,MAN-000249,VEH-0113,WH-013,3,FPS-0313,12.891993,77.443938,18.19,40,PLANNED
RT-0002960,MAN-000249,VEH-0113,WH-013,4,FPS-0538,12.801898,77.531503,13.8,30,PLANNED
RT-0002961,MAN-000249,VEH-0113,WH-013,4,FPS-0538,12.801898,77.531503,13.8,30,PLANNED
RT-0002962,MAN-000249,VEH-0113,WH-013,5,FPS-0038,12.778585,77.541761,2.82,6,PLANNED
RT-0002963,MAN-000249,VEH-0113,WH-013,5,FPS-0038,12.778585,77.541761,2.82,6,PLANNED
RT-0002964,MAN-000249,VEH-0113,WH-013,6,FPS-0288,12.848696,77.597419,9.86,21,PLANNED
RT-0002965,MAN-000249,VEH-0113,WH-013,6,FPS-0288,12.848696,77.597419,9.86,21,PLANNED
RT-0002966,MAN-000250,VEH-0138,WH-013,1,FPS-0013,12.893299,77.496665,13.69,30,PLANNED
RT-0002967,MAN-000250,VEH-0138,WH-013,1,FPS-0013,12.893299,77.496665,13.69,30,PLANNED
RT-0002968,MAN-000250,VEH-0138,WH-013,2,FPS-0213,12.637804,77.490235,28.42,62,PLANNED
RT-0002969,MAN-000250,VEH-0138,WH-013,2,FPS-0213,12.637804,77.490235,28.42,62,PLANNED
RT-0002970,MAN-000250,VEH-0138,WH-013,3,FPS-0463,12.653431,77.497561,1.91,4,PLANNED
RT-0002971,MAN-000250,VEH-0138,WH-013,3,FPS-0463,12.653431,77.497561,1.91,4,PLANNED
RT-0002972,MAN-000250,VEH-0138,WH-013,4,FPS-0563,12.687937,77.685141,20.71,45,PLANNED
RT-0002973,MAN-000250,VEH-0138,WH-013,4,FPS-0563,12.687937,77.685141,20.71,45,PLANNED
RT-0002974,MAN-000250,VEH-0138,WH-013,5,FPS-0188,12.816527,77.663953,14.48,31,PLANNED
RT-0002975,MAN-000250,VEH-0138,WH-013,5,FPS-0188,12.816527,77.663953,14.48,31,PLANNED
RT-0002976,MAN-000250,VEH-0138,WH-013,6,FPS-0113,12.973306,77.715912,18.32,40,PLANNED
RT-0002977,MAN-000250,VEH-0138,WH-013,6,FPS-0113,12.973306,77.715912,18.32,40,PLANNED
RT-0002978,MAN-000251,VEH-0038,WH-013,1,FPS-0163,12.807702,77.494456,8.66,19,PLANNED
RT-0002979,MAN-000251,VEH-0038,WH-013,1,FPS-0163,12.807702,77.494456,8.66,19,PLANNED
RT-0002980,MAN-000251,VEH-0038,WH-013,2,FPS-0263,12.651772,77.748991,32.6,71,PLANNED
RT-0002981,MAN-000251,VEH-0038,WH-013,2,FPS-0263,12.651772,77.748991,32.6,71,PLANNED
RT-0002982,MAN-000251,VEH-0038,WH-013,3,FPS-0513,12.910683,77.638171,31.2,68,PLANNED
RT-0002983,MAN-000251,VEH-0038,WH-013,3,FPS-0513,12.910683,77.638171,31.2,68,PLANNED
RT-0002984,MAN-000251,VEH-0038,WH-013,4,FPS-0138,12.687499,77.453099,31.92,70,PLANNED
RT-0002985,MAN-000251,VEH-0038,WH-013,4,FPS-0138,12.687499,77.453099,31.92,70,PLANNED
RT-0002986,MAN-000251,VEH-0038,WH-013,5,FPS-0388,12.812036,77.405986,14.76,32,PLANNED
RT-0002987,MAN-000251,VEH-0038,WH-013,5,FPS-0388,12.812036,77.405986,14.76,32,PLANNED
RT-0002988,MAN-000251,VEH-0038,WH-013,6,FPS-0238,12.663755,77.455586,17.34,38,PLANNED
RT-0002989,MAN-000251,VEH-0038,WH-013,6,FPS-0238,12.663755,77.455586,17.34,38,PLANNED
RT-0002990,MAN-000252,VEH-0063,WH-013,1,FPS-0088,12.643904,77.452014,21.38,47,DRAFT
RT-0002991,MAN-000252,VEH-0063,WH-013,1,FPS-0088,12.643904,77.452014,21.38,47,DRAFT
RT-0002992,MAN-000252,VEH-0063,WH-013,2,FPS-0338,12.690688,77.499674,7.33,16,DRAFT
RT-0002993,MAN-000252,VEH-0063,WH-013,2,FPS-0338,12.690688,77.499674,7.33,16,DRAFT
RT-0002994,MAN-000252,VEH-0063,WH-013,3,FPS-0488,12.648004,77.676808,19.79,43,DRAFT
RT-0002995,MAN-000252,VEH-0063,WH-013,3,FPS-0488,12.648004,77.676808,19.79,43,DRAFT
RT-0002996,MAN-000252,VEH-0063,WH-013,4,FPS-0588,12.783134,77.626103,16.0,35,DRAFT
RT-0002997,MAN-000252,VEH-0063,WH-013,4,FPS-0588,12.783134,77.626103,16.0,35,DRAFT
RT-0002998,MAN-000252,VEH-0063,WH-013,5,FPS-0363,12.719996,77.503472,15.04,33,DRAFT
RT-0002999,MAN-000252,VEH-0063,WH-013,5,FPS-0363,12.719996,77.503472,15.04,33,DRAFT
RT-0003000,MAN-000252,VEH-0063,WH-013,6,FPS-0413,12.62065,77.639149,18.4,40,DRAFT
RT-0003001,MAN-000252,VEH-0063,WH-013,6,FPS-0413,12.62065,77.639149,18.4,40,DRAFT
RT-0003002,MAN-000253,VEH-0039,WH-014,1,FPS-0464,12.3024,76.997658,12.36,27,PLANNED
RT-0003003,MAN-000253,VEH-0039,WH-014,1,FPS-0464,12.3024,76.997658,12.36,27,PLANNED
RT-0003004,MAN-000253,VEH-0039,WH-014,2,FPS-0514,12.442498,76.741918,31.85,70,PLANNED
RT-0003005,MAN-000253,VEH-0039,WH-014,2,FPS-0514,12.442498,76.741918,31.85,70,PLANNED
RT-0003006,MAN-000253,VEH-0039,WH-014,3,FPS-0214,12.328848,76.887999,20.28,44,PLANNED
RT-0003007,MAN-000253,VEH-0039,WH-014,3,FPS-0214,12.328848,76.887999,20.28,44,PLANNED
RT-0003008,MAN-000253,VEH-0039,WH-014,4,FPS-0239,12.283201,77.010073,14.2,31,PLANNED
RT-0003009,MAN-000253,VEH-0039,WH-014,4,FPS-0239,12.283201,77.010073,14.2,31,PLANNED
RT-0003010,MAN-000253,VEH-0039,WH-014,5,FPS-0339,12.454621,76.774598,31.9,70,PLANNED
RT-0003011,MAN-000253,VEH-0039,WH-014,5,FPS-0339,12.454621,76.774598,31.9,70,PLANNED
RT-0003012,MAN-000253,VEH-0039,WH-014,6,FPS-0039,12.390759,76.713601,9.71,21,PLANNED
RT-0003013,MAN-000253,VEH-0039,WH-014,6,FPS-0039,12.390759,76.713601,9.71,21,PLANNED
RT-0003014,MAN-000254,VEH-0039,WH-014,1,FPS-0089,12.326085,76.921817,4.21,9,PLANNED
RT-0003015,MAN-000254,VEH-0039,WH-014,1,FPS-0089,12.326085,76.921817,4.21,9,PLANNED
RT-0003016,MAN-000254,VEH-0039,WH-014,2,FPS-0564,12.463981,77.017653,18.53,40,PLANNED
RT-0003017,MAN-000254,VEH-0039,WH-014,2,FPS-0564,12.463981,77.017653,18.53,40,PLANNED
RT-0003018,MAN-000254,VEH-0039,WH-014,3,FPS-0389,12.178367,76.983094,31.98,70,PLANNED
RT-0003019,MAN-000254,VEH-0039,WH-014,3,FPS-0389,12.178367,76.983094,31.98,70,PLANNED
RT-0003020,MAN-000254,VEH-0039,WH-014,4,FPS-0139,12.313231,76.797098,25.17,55,PLANNED
RT-0003021,MAN-000254,VEH-0039,WH-014,4,FPS-0139,12.313231,76.797098,25.17,55,PLANNED
RT-0003022,MAN-000254,VEH-0039,WH-014,5,FPS-0189,12.255484,77.047413,27.94,61,PLANNED
RT-0003023,MAN-000254,VEH-0039,WH-014,5,FPS-0189,12.255484,77.047413,27.94,61,PLANNED
RT-0003024,MAN-000254,VEH-0039,WH-014,6,FPS-0289,12.314825,76.864861,20.9,45,PLANNED
RT-0003025,MAN-000254,VEH-0039,WH-014,6,FPS-0289,12.314825,76.864861,20.9,45,PLANNED
RT-0003026,MAN-000255,VEH-0114,WH-014,1,FPS-0064,12.209402,76.738124,19.81,43,PLANNED
RT-0003027,MAN-000255,VEH-0114,WH-014,1,FPS-0064,12.209402,76.738124,19.81,43,PLANNED
RT-0003028,MAN-000255,VEH-0114,WH-014,2,FPS-0414,12.354429,76.937592,27.01,59,PLANNED
RT-0003029,MAN-000255,VEH-0114,WH-014,2,FPS-0414,12.354429,76.937592,27.01,59,PLANNED
RT-0003030,MAN-000255,VEH-0114,WH-014,3,FPS-0439,12.272349,77.016712,12.54,27,PLANNED
RT-0003031,MAN-000255,VEH-0114,WH-014,3,FPS-0439,12.272349,77.016712,12.54,27,PLANNED
RT-0003032,MAN-000255,VEH-0114,WH-014,4,FPS-0364,12.417474,77.058453,16.76,36,PLANNED
RT-0003033,MAN-000255,VEH-0114,WH-014,4,FPS-0364,12.417474,77.058453,16.76,36,PLANNED
RT-0003034,MAN-000255,VEH-0114,WH-014,5,FPS-0164,12.47401,76.797116,29.06,63,PLANNED
RT-0003035,MAN-000255,VEH-0114,WH-014,5,FPS-0164,12.47401,76.797116,29.06,63,PLANNED
RT-0003036,MAN-000255,VEH-0114,WH-014,6,FPS-0489,12.44733,76.864485,7.89,17,PLANNED
RT-0003037,MAN-000255,VEH-0114,WH-014,6,FPS-0489,12.44733,76.864485,7.89,17,PLANNED
RT-0003038,MAN-000256,VEH-0039,WH-014,1,FPS-0014,12.356649,76.736884,16.7,36,PLANNED
RT-0003039,MAN-000256,VEH-0039,WH-014,1,FPS-0014,12.356649,76.736884,16.7,36,PLANNED
RT-0003040,MAN-000256,VEH-0039,WH-014,2,FPS-0539,12.290594,77.055111,35.34,77,PLANNED
RT-0003041,MAN-000256,VEH-0039,WH-014,2,FPS-0539,12.290594,77.055111,35.34,77,PLANNED
RT-0003042,MAN-000256,VEH-0039,WH-014,3,FPS-0114,12.441691,76.942173,20.8,45,PLANNED
RT-0003043,MAN-000256,VEH-0039,WH-014,3,FPS-0114,12.441691,76.942173,20.8,45,PLANNED
RT-0003044,MAN-000256,VEH-0039,WH-014,4,FPS-0589,12.144756,76.758829,38.56,84,PLANNED
RT-0003045,MAN-000256,VEH-0039,WH-014,4,FPS-0589,12.144756,76.758829,38.56,84,PLANNED
RT-0003046,MAN-000256,VEH-0039,WH-014,5,FPS-0314,12.331478,76.942202,28.78,63,PLANNED
RT-0003047,MAN-000256,VEH-0039,WH-014,5,FPS-0314,12.331478,76.942202,28.78,63,PLANNED
RT-0003048,MAN-000256,VEH-0039,WH-014,6,FPS-0264,12.164955,76.753933,27.59,60,PLANNED
RT-0003049,MAN-000256,VEH-0039,WH-014,6,FPS-0264,12.164955,76.753933,27.59,60,PLANNED
RT-0003050,MAN-000257,VEH-0090,WH-015,1,FPS-0490,13.508785,76.882593,8.07,17,DRAFT
RT-0003051,MAN-000257,VEH-0090,WH-015,1,FPS-0490,13.508785,76.882593,8.07,17,DRAFT
RT-0003052,MAN-000257,VEH-0090,WH-015,2,FPS-0215,13.519428,76.921876,4.41,9,DRAFT
RT-0003053,MAN-000257,VEH-0090,WH-015,2,FPS-0215,13.519428,76.921876,4.41,9,DRAFT
RT-0003054,MAN-000257,VEH-0090,WH-015,3,FPS-0565,13.598004,77.039966,15.47,34,DRAFT
RT-0003055,MAN-000257,VEH-0090,WH-015,3,FPS-0565,13.598004,77.039966,15.47,34,DRAFT
RT-0003056,MAN-000257,VEH-0090,WH-015,4,FPS-0540,13.449251,76.853923,26.04,57,DRAFT
RT-0003057,MAN-000257,VEH-0090,WH-015,4,FPS-0540,13.449251,76.853923,26.04,57,DRAFT
RT-0003058,MAN-000257,VEH-0090,WH-015,5,FPS-0015,13.608955,76.816619,18.21,40,DRAFT
RT-0003059,MAN-000257,VEH-0090,WH-015,5,FPS-0015,13.608955,76.816619,18.21,40,DRAFT
RT-0003060,MAN-000257,VEH-0090,WH-015,6,FPS-0090,13.420376,76.952789,25.62,56,DRAFT
RT-0003061,MAN-000257,VEH-0090,WH-015,6,FPS-0090,13.420376,76.952789,25.62,56,DRAFT
RT-0003062,MAN-000258,VEH-0090,WH-015,1,FPS-0365,13.490673,76.967888,5.29,11,PLANNED
RT-0003063,MAN-000258,VEH-0090,WH-015,1,FPS-0365,13.490673,76.967888,5.29,11,PLANNED
RT-0003064,MAN-000258,VEH-0090,WH-015,2,FPS-0240,13.418903,76.840118,15.96,35,PLANNED
RT-0003065,MAN-000258,VEH-0090,WH-015,2,FPS-0240,13.418903,76.840118,15.96,35,PLANNED
RT-0003066,MAN-000258,VEH-0090,WH-015,3,FPS-0065,13.462093,76.97375,15.23,33,PLANNED
RT-0003067,MAN-000258,VEH-0090,WH-015,3,FPS-0065,13.462093,76.97375,15.23,33,PLANNED
RT-0003068,MAN-000258,VEH-0090,WH-015,4,FPS-0115,13.627282,77.022142,19.1,42,PLANNED
RT-0003069,MAN-000258,VEH-0090,WH-015,4,FPS-0115,13.627282,77.022142,19.1,42,PLANNED
RT-0003070,MAN-000258,VEH-0090,WH-015,5,FPS-0040,13.453789,77.130441,22.57,49,PLANNED
RT-0003071,MAN-000258,VEH-0090,WH-015,5,FPS-0040,13.453789,77.130441,22.57,49,PLANNED
RT-0003072,MAN-000258,VEH-0090,WH-015,6,FPS-0465,13.535357,77.121063,9.13,20,PLANNED
RT-0003073,MAN-000258,VEH-0090,WH-015,6,FPS-0465,13.535357,77.121063,9.13,20,PLANNED
RT-0003074,MAN-000259,VEH-0015,WH-015,1,FPS-0140,13.405809,76.920186,14.85,32,DRAFT
RT-0003075,MAN-000259,VEH-0015,WH-015,1,FPS-0140,13.405809,76.920186,14.85,32,DRAFT
RT-0003076,MAN-000259,VEH-0015,WH-015,2,FPS-0290,13.387829,76.833429,9.6,21,DRAFT
RT-0003077,MAN-000259,VEH-0015,WH-015,2,FPS-0290,13.387829,76.833429,9.6,21,DRAFT
RT-0003078,MAN-000259,VEH-0015,WH-015,3,FPS-0590,13.674952,76.963346,34.88,76,DRAFT
RT-0003079,MAN-000259,VEH-0015,WH-015,3,FPS-0590,13.674952,76.963346,34.88,76,DRAFT
RT-0003080,MAN-000259,VEH-0015,WH-015,4,FPS-0340,13.603673,76.787261,20.61,45,DRAFT
RT-0003081,MAN-000259,VEH-0015,WH-015,4,FPS-0340,13.603673,76.787261,20.61,45,DRAFT
RT-0003082,MAN-000259,VEH-0015,WH-015,5,FPS-0440,13.642382,76.99989,23.38,51,DRAFT
RT-0003083,MAN-000259,VEH-0015,WH-015,5,FPS-0440,13.642382,76.99989,23.38,51,DRAFT
RT-0003084,MAN-000259,VEH-0015,WH-015,6,FPS-0515,13.618932,77.006275,2.7,5,DRAFT
RT-0003085,MAN-000259,VEH-0015,WH-015,6,FPS-0515,13.618932,77.006275,2.7,5,DRAFT
RT-0003086,MAN-000260,VEH-0015,WH-015,1,FPS-0265,13.452281,76.910842,10.29,22,PLANNED
RT-0003087,MAN-000260,VEH-0015,WH-015,1,FPS-0265,13.452281,76.910842,10.29,22,PLANNED
RT-0003088,MAN-000260,VEH-0015,WH-015,2,FPS-0390,13.386521,76.903626,7.35,16,PLANNED
RT-0003089,MAN-000260,VEH-0015,WH-015,2,FPS-0390,13.386521,76.903626,7.35,16,PLANNED
RT-0003090,MAN-000260,VEH-0015,WH-015,3,FPS-0315,13.447733,77.013066,13.65,30,PLANNED
RT-0003091,MAN-000260,VEH-0015,WH-015,3,FPS-0315,13.447733,77.013066,13.65,30,PLANNED
RT-0003092,MAN-000260,VEH-0015,WH-015,4,FPS-0415,13.480616,76.869987,15.9,34,PLANNED
RT-0003093,MAN-000260,VEH-0015,WH-015,4,FPS-0415,13.480616,76.869987,15.9,34,PLANNED
RT-0003094,MAN-000260,VEH-0015,WH-015,5,FPS-0165,13.462417,76.815036,6.28,13,PLANNED
RT-0003095,MAN-000260,VEH-0015,WH-015,5,FPS-0165,13.462417,76.815036,6.28,13,PLANNED
RT-0003096,MAN-000260,VEH-0015,WH-015,6,FPS-0190,13.711813,77.044247,37.19,81,PLANNED
RT-0003097,MAN-000260,VEH-0015,WH-015,6,FPS-0190,13.711813,77.044247,37.19,81,PLANNED
RT-0003098,MAN-000261,VEH-0066,WH-016,1,FPS-0566,12.667038,76.655128,19.97,43,PLANNED
RT-0003099,MAN-000261,VEH-0066,WH-016,1,FPS-0566,12.667038,76.655128,19.97,43,PLANNED
RT-0003100,MAN-000261,VEH-0066,WH-016,2,FPS-0266,12.514365,76.60295,17.9,39,PLANNED
RT-0003101,MAN-000261,VEH-0066,WH-016,2,FPS-0266,12.514365,76.60295,17.9,39,PLANNED
RT-0003102,MAN-000261,VEH-0066,WH-016,3,FPS-0041,12.392558,76.482157,18.85,41,PLANNED
RT-0003103,MAN-000261,VEH-0066,WH-016,3,FPS-0041,12.392558,76.482157,18.85,41,PLANNED
RT-0003104,MAN-000261,VEH-0066,WH-016,4,FPS-0366,12.5821,76.59684,24.48,53,PLANNED
RT-0003105,MAN-000261,VEH-0066,WH-016,4,FPS-0366,12.5821,76.59684,24.48,53,PLANNED
RT-0003106,MAN-000261,VEH-0066,WH-016,5,FPS-0191,12.639382,76.736283,16.42,36,PLANNED
RT-0003107,MAN-000261,VEH-0066,WH-016,5,FPS-0191,12.639382,76.736283,16.42,36,PLANNED
RT-0003108,MAN-000261,VEH-0066,WH-016,6,FPS-0466,12.602823,76.664583,8.78,19,PLANNED
RT-0003109,MAN-000261,VEH-0066,WH-016,6,FPS-0466,12.602823,76.664583,8.78,19,PLANNED
RT-0003110,MAN-000262,VEH-0116,WH-016,1,FPS-0416,12.404862,76.705942,18.53,40,PLANNED
RT-0003111,MAN-000262,VEH-0116,WH-016,1,FPS-0416,12.404862,76.705942,18.53,40,PLANNED
RT-0003112,MAN-000262,VEH-0116,WH-016,2,FPS-0316,12.378784,76.601186,11.74,25,PLANNED
RT-0003113,MAN-000262,VEH-0116,WH-016,2,FPS-0316,12.378784,76.601186,11.74,25,PLANNED
RT-0003114,MAN-000262,VEH-0116,WH-016,3,FPS-0391,12.604202,76.578335,25.19,55,PLANNED
RT-0003115,MAN-000262,VEH-0116,WH-016,3,FPS-0391,12.604202,76.578335,25.19,55,PLANNED
RT-0003116,MAN-000262,VEH-0116,WH-016,4,FPS-0516,12.432937,76.53011,19.75,43,PLANNED
RT-0003117,MAN-000262,VEH-0116,WH-016,4,FPS-0516,12.432937,76.53011,19.75,43,PLANNED
RT-0003118,MAN-000262,VEH-0116,WH-016,5,FPS-0016,12.450702,76.634937,11.55,25,PLANNED
RT-0003119,MAN-000262,VEH-0116,WH-016,5,FPS-0016,12.450702,76.634937,11.55,25,PLANNED
RT-0003120,MAN-000262,VEH-0116,WH-016,6,FPS-0341,12.465842,76.397389,25.85,56,PLANNED
RT-0003121,MAN-000262,VEH-0116,WH-016,6,FPS-0341,12.465842,76.397389,25.85,56,PLANNED
RT-0003122,MAN-000263,VEH-0141,WH-016,1,FPS-0166,12.461113,76.723592,17.32,38,PLANNED
RT-0003123,MAN-000263,VEH-0141,WH-016,1,FPS-0166,12.461113,76.723592,17.32,38,PLANNED
RT-0003124,MAN-000263,VEH-0141,WH-016,2,FPS-0066,12.421959,76.599243,14.19,31,PLANNED
RT-0003125,MAN-000263,VEH-0141,WH-016,2,FPS-0066,12.421959,76.599243,14.19,31,PLANNED
RT-0003126,MAN-000263,VEH-0141,WH-016,3,FPS-0491,12.585915,76.505311,20.89,45,PLANNED
RT-0003127,MAN-000263,VEH-0141,WH-016,3,FPS-0491,12.585915,76.505311,20.89,45,PLANNED
RT-0003128,MAN-000263,VEH-0141,WH-016,4,FPS-0441,12.58847,76.400846,11.34,24,PLANNED
RT-0003129,MAN-000263,VEH-0141,WH-016,4,FPS-0441,12.58847,76.400846,11.34,24,PLANNED
RT-0003130,MAN-000263,VEH-0141,WH-016,5,FPS-0241,12.381297,76.544283,27.81,61,PLANNED
RT-0003131,MAN-000263,VEH-0141,WH-016,5,FPS-0241,12.381297,76.544283,27.81,61,PLANNED
RT-0003132,MAN-000263,VEH-0141,WH-016,6,FPS-0091,12.503681,76.673071,19.51,42,PLANNED
RT-0003133,MAN-000263,VEH-0141,WH-016,6,FPS-0091,12.503681,76.673071,19.51,42,PLANNED
RT-0003134,MAN-000264,VEH-0116,WH-016,1,FPS-0541,12.447911,76.60914,7.77,17,PLANNED
RT-0003135,MAN-000264,VEH-0116,WH-016,1,FPS-0541,12.447911,76.60914,7.77,17,PLANNED
RT-0003136,MAN-000264,VEH-0116,WH-016,2,FPS-0291,12.427274,76.457255,16.65,36,PLANNED
RT-0003137,MAN-000264,VEH-0116,WH-016,2,FPS-0291,12.427274,76.457255,16.65,36,PLANNED
RT-0003138,MAN-000264,VEH-0116,WH-016,3,FPS-0216,12.649694,76.524329,25.78,56,PLANNED
RT-0003139,MAN-000264,VEH-0116,WH-016,3,FPS-0216,12.649694,76.524329,25.78,56,PLANNED
RT-0003140,MAN-000264,VEH-0116,WH-016,4,FPS-0591,12.620082,76.656664,14.73,32,PLANNED
RT-0003141,MAN-000264,VEH-0116,WH-016,4,FPS-0591,12.620082,76.656664,14.73,32,PLANNED
RT-0003142,MAN-000264,VEH-0116,WH-016,5,FPS-0116,12.334699,76.590894,32.53,71,PLANNED
RT-0003143,MAN-000264,VEH-0116,WH-016,5,FPS-0116,12.334699,76.590894,32.53,71,PLANNED
RT-0003144,MAN-000264,VEH-0116,WH-016,6,FPS-0141,12.530503,76.597509,21.78,47,PLANNED
RT-0003145,MAN-000264,VEH-0116,WH-016,6,FPS-0141,12.530503,76.597509,21.78,47,PLANNED
RT-0003146,MAN-000265,VEH-0017,WH-017,1,FPS-0167,12.998617,75.957954,23.61,51,PLANNED
RT-0003147,MAN-000265,VEH-0017,WH-017,1,FPS-0167,12.998617,75.957954,23.61,51,PLANNED
RT-0003148,MAN-000265,VEH-0017,WH-017,2,FPS-0342,13.071735,75.956488,8.13,17,PLANNED
RT-0003149,MAN-000265,VEH-0017,WH-017,2,FPS-0342,13.071735,75.956488,8.13,17,PLANNED
RT-0003150,MAN-000265,VEH-0017,WH-017,3,FPS-0442,13.152817,75.996131,9.99,21,PLANNED
RT-0003151,MAN-000265,VEH-0017,WH-017,3,FPS-0442,13.152817,75.996131,9.99,21,PLANNED
RT-0003152,MAN-000265,VEH-0017,WH-017,4,FPS-0467,13.093759,75.710134,31.66,69,PLANNED
RT-0003153,MAN-000265,VEH-0017,WH-017,4,FPS-0467,13.093759,75.710134,31.66,69,PLANNED
RT-0003154,MAN-000265,VEH-0017,WH-017,5,FPS-0067,13.018857,75.737454,8.84,19,PLANNED
RT-0003155,MAN-000265,VEH-0017,WH-017,5,FPS-0067,13.018857,75.737454,8.84,19,PLANNED
RT-0003156,MAN-000265,VEH-0017,WH-017,6,FPS-0217,13.135498,75.908333,22.6,49,PLANNED
RT-0003157,MAN-000265,VEH-0017,WH-017,6,FPS-0217,13.135498,75.908333,22.6,49,PLANNED
RT-0003158,MAN-000266,VEH-0092,WH-017,1,FPS-0017,13.254894,75.66061,20.11,44,DRAFT
RT-0003159,MAN-000266,VEH-0092,WH-017,1,FPS-0017,13.254894,75.66061,20.11,44,DRAFT
RT-0003160,MAN-000266,VEH-0092,WH-017,2,FPS-0292,13.125397,75.898039,29.46,64,DRAFT
RT-0003161,MAN-000266,VEH-0092,WH-017,2,FPS-0292,13.125397,75.898039,29.46,64,DRAFT
RT-0003162,MAN-000266,VEH-0092,WH-017,3,FPS-0517,13.118593,75.72327,18.94,41,DRAFT
RT-0003163,MAN-000266,VEH-0092,WH-017,3,FPS-0517,13.118593,75.72327,18.94,41,DRAFT
RT-0003164,MAN-000266,VEH-0092,WH-017,4,FPS-0267,13.161475,75.658826,8.45,18,DRAFT
RT-0003165,MAN-000266,VEH-0092,WH-017,4,FPS-0267,13.161475,75.658826,8.45,18,DRAFT
RT-0003166,MAN-000266,VEH-0092,WH-017,5,FPS-0092,13.331002,75.708381,19.6,43,DRAFT
RT-0003167,MAN-000266,VEH-0092,WH-017,5,FPS-0092,13.331002,75.708381,19.6,43,DRAFT
RT-0003168,MAN-000266,VEH-0092,WH-017,6,FPS-0142,13.210799,75.831594,18.88,41,DRAFT
RT-0003169,MAN-000266,VEH-0092,WH-017,6,FPS-0142,13.210799,75.831594,18.88,41,DRAFT
RT-0003170,MAN-000267,VEH-0017,WH-017,1,FPS-0117,13.073833,75.878258,11.78,25,PLANNED
RT-0003171,MAN-000267,VEH-0017,WH-017,1,FPS-0117,13.073833,75.878258,11.78,25,PLANNED
RT-0003172,MAN-000267,VEH-0017,WH-017,2,FPS-0042,13.314624,75.860998,26.84,59,PLANNED
RT-0003173,MAN-000267,VEH-0017,WH-017,2,FPS-0042,13.314624,75.860998,26.84,59,PLANNED
RT-0003174,MAN-000267,VEH-0017,WH-017,3,FPS-0417,13.229214,75.713491,18.58,40,PLANNED
RT-0003175,MAN-000267,VEH-0017,WH-017,3,FPS-0417,13.229214,75.713491,18.58,40,PLANNED
RT-0003176,MAN-000267,VEH-0017,WH-017,4,FPS-0192,13.283421,75.775291,9.0,19,PLANNED
RT-0003177,MAN-000267,VEH-0017,WH-017,4,FPS-0192,13.283421,75.775291,9.0,19,PLANNED
RT-0003178,MAN-000267,VEH-0017,WH-017,5,FPS-0242,13.094669,75.741395,21.31,46,PLANNED
RT-0003179,MAN-000267,VEH-0017,WH-017,5,FPS-0242,13.094669,75.741395,21.31,46,PLANNED
RT-0003180,MAN-000267,VEH-0017,WH-017,6,FPS-0567,13.236037,75.920872,24.99,54,PLANNED
RT-0003181,MAN-000267,VEH-0017,WH-017,6,FPS-0567,13.236037,75.920872,24.99,54,PLANNED
RT-0003182,MAN-000268,VEH-0092,WH-017,1,FPS-0317,13.195917,75.932657,12.56,27,DRAFT
RT-0003183,MAN-000268,VEH-0092,WH-017,1,FPS-0317,13.195917,75.932657,12.56,27,DRAFT
RT-0003184,MAN-000268,VEH-0092,WH-017,2,FPS-0492,13.226155,75.748465,20.22,44,DRAFT
RT-0003185,MAN-000268,VEH-0092,WH-017,2,FPS-0492,13.226155,75.748465,20.22,44,DRAFT
RT-0003186,MAN-000268,VEH-0092,WH-017,3,FPS-0392,13.244932,75.745123,2.12,4,DRAFT
RT-0003187,MAN-000268,VEH-0092,WH-017,3,FPS-0392,13.244932,75.745123,2.12,4,DRAFT
RT-0003188,MAN-000268,VEH-0092,WH-017,4,FPS-0542,13.1012,75.670459,17.91,39,DRAFT
RT-0003189,MAN-000268,VEH-0092,WH-017,4,FPS-0542,13.1012,75.670459,17.91,39,DRAFT
RT-0003190,MAN-000268,VEH-0092,WH-017,5,FPS-0592,13.148447,75.675344,5.28,11,DRAFT
RT-0003191,MAN-000268,VEH-0092,WH-017,5,FPS-0592,13.148447,75.675344,5.28,11,DRAFT
RT-0003192,MAN-000268,VEH-0092,WH-017,6,FPS-0367,13.1966,75.781412,12.67,27,DRAFT
RT-0003193,MAN-000268,VEH-0092,WH-017,6,FPS-0367,13.1966,75.781412,12.67,27,DRAFT
RT-0003194,MAN-000269,VEH-0143,WH-018,1,FPS-0218,13.670001,75.862045,11.16,24,PLANNED
RT-0003195,MAN-000269,VEH-0143,WH-018,1,FPS-0218,13.670001,75.862045,11.16,24,PLANNED
RT-0003196,MAN-000269,VEH-0143,WH-018,2,FPS-0343,13.562725,75.84845,12.02,26,PLANNED
RT-0003197,MAN-000269,VEH-0143,WH-018,2,FPS-0343,13.562725,75.84845,12.02,26,PLANNED
RT-0003198,MAN-000269,VEH-0143,WH-018,3,FPS-0443,13.546403,75.874343,3.34,7,PLANNED
RT-0003199,MAN-000269,VEH-0143,WH-018,3,FPS-0443,13.546403,75.874343,3.34,7,PLANNED
RT-0003200,MAN-000269,VEH-0143,WH-018,4,FPS-0368,13.507161,75.925757,7.07,15,PLANNED
RT-0003201,MAN-000269,VEH-0143,WH-018,4,FPS-0368,13.507161,75.925757,7.07,15,PLANNED
RT-0003202,MAN-000269,VEH-0143,WH-018,5,FPS-0068,13.517587,75.619412,33.14,72,PLANNED
RT-0003203,MAN-000269,VEH-0143,WH-018,5,FPS-0068,13.517587,75.619412,33.14,72,PLANNED
RT-0003204,MAN-000269,VEH-0143,WH-018,6,FPS-0568,13.818415,75.621833,33.45,73,PLANNED
RT-0003205,MAN-000269,VEH-0143,WH-018,6,FPS-0568,13.818415,75.621833,33.45,73,PLANNED
RT-0003206,MAN-000270,VEH-0068,WH-018,1,FPS-0418,13.524703,75.851544,17.79,39,PLANNED
RT-0003207,MAN-000270,VEH-0068,WH-018,1,FPS-0418,13.524703,75.851544,17.79,39,PLANNED
RT-0003208,MAN-000270,VEH-0068,WH-018,2,FPS-0593,13.654962,75.790071,15.94,35,PLANNED
RT-0003209,MAN-000270,VEH-0068,WH-018,2,FPS-0593,13.654962,75.790071,15.94,35,PLANNED
RT-0003210,MAN-000270,VEH-0068,WH-018,3,FPS-0168,13.529592,75.847304,15.25,33,PLANNED
RT-0003211,MAN-000270,VEH-0068,WH-018,3,FPS-0168,13.529592,75.847304,15.25,33,PLANNED
RT-0003212,MAN-000270,VEH-0068,WH-018,4,FPS-0243,13.680692,75.789313,17.93,39,PLANNED
RT-0003213,MAN-000270,VEH-0068,WH-018,4,FPS-0243,13.680692,75.789313,17.93,39,PLANNED
RT-0003214,MAN-000270,VEH-0068,WH-018,5,FPS-0543,13.773977,75.78324,10.39,22,PLANNED
RT-0003215,MAN-000270,VEH-0068,WH-018,5,FPS-0543,13.773977,75.78324,10.39,22,PLANNED
RT-0003216,MAN-000270,VEH-0068,WH-018,6,FPS-0193,13.653039,75.586188,25.18,55,PLANNED
RT-0003217,MAN-000270,VEH-0068,WH-018,6,FPS-0193,13.653039,75.586188,25.18,55,PLANNED
RT-0003218,MAN-000271,VEH-0068,WH-018,1,FPS-0118,13.821389,75.850761,20.73,45,DRAFT
RT-0003219,MAN-000271,VEH-0068,WH-018,1,FPS-0118,13.821389,75.850761,20.73,45,DRAFT
RT-0003220,MAN-000271,VEH-0068,WH-018,2,FPS-0468,13.773323,75.889436,6.78,14,DRAFT
RT-0003221,MAN-000271,VEH-0068,WH-018,2,FPS-0468,13.773323,75.889436,6.78,14,DRAFT
RT-0003222,MAN-000271,VEH-0068,WH-018,3,FPS-0318,13.652222,75.721233,22.62,49,DRAFT
RT-0003223,MAN-000271,VEH-0068,WH-018,3,FPS-0318,13.652222,75.721233,22.62,49,DRAFT
RT-0003224,MAN-000271,VEH-0068,WH-018,4,FPS-0493,13.664934,75.73333,1.93,4,DRAFT
RT-0003225,MAN-000271,VEH-0068,WH-018,4,FPS-0493,13.664934,75.73333,1.93,4,DRAFT
RT-0003226,MAN-000271,VEH-0068,WH-018,5,FPS-0268,13.527199,75.582277,22.39,49,DRAFT
RT-0003227,MAN-000271,VEH-0068,WH-018,5,FPS-0268,13.527199,75.582277,22.39,49,DRAFT
RT-0003228,MAN-000271,VEH-0068,WH-018,6,FPS-0043,13.483826,75.823625,26.54,58,DRAFT
RT-0003229,MAN-000271,VEH-0068,WH-018,6,FPS-0043,13.483826,75.823625,26.54,58,DRAFT
RT-0003230,MAN-000272,VEH-0118,WH-018,1,FPS-0143,13.498156,75.756693,17.71,38,DRAFT
RT-0003231,MAN-000272,VEH-0118,WH-018,1,FPS-0143,13.498156,75.756693,17.71,38,DRAFT
RT-0003232,MAN-000272,VEH-0118,WH-018,2,FPS-0093,13.770157,75.907351,34.35,75,DRAFT
RT-0003233,MAN-000272,VEH-0118,WH-018,2,FPS-0093,13.770157,75.907351,34.35,75,DRAFT
RT-0003234,MAN-000272,VEH-0118,WH-018,3,FPS-0518,13.569249,75.657943,35.0,77,DRAFT
RT-0003235,MAN-000272,VEH-0118,WH-018,3,FPS-0518,13.569249,75.657943,35.0,77,DRAFT
RT-0003236,MAN-000272,VEH-0118,WH-018,4,FPS-0018,13.490515,75.662928,8.77,19,DRAFT
RT-0003237,MAN-000272,VEH-0118,WH-018,4,FPS-0018,13.490515,75.662928,8.77,19,DRAFT
RT-0003238,MAN-000272,VEH-0118,WH-018,5,FPS-0293,13.481391,75.841962,19.39,42,DRAFT
RT-0003239,MAN-000272,VEH-0118,WH-018,5,FPS-0293,13.481391,75.841962,19.39,42,DRAFT
RT-0003240,MAN-000272,VEH-0118,WH-018,6,FPS-0393,13.719214,75.696379,30.77,67,DRAFT
RT-0003241,MAN-000272,VEH-0118,WH-018,6,FPS-0393,13.719214,75.696379,30.77,67,DRAFT
RT-0003242,MAN-000273,VEH-0144,WH-019,1,FPS-0094,12.764455,77.969764,23.08,50,PLANNED
RT-0003243,MAN-000273,VEH-0144,WH-019,1,FPS-0094,12.764455,77.969764,23.08,50,PLANNED
RT-0003244,MAN-000273,VEH-0144,WH-019,2,FPS-0044,12.982294,77.939703,24.44,53,PLANNED
RT-0003245,MAN-000273,VEH-0144,WH-019,2,FPS-0044,12.982294,77.939703,24.44,53,PLANNED
RT-0003246,MAN-000273,VEH-0144,WH-019,3,FPS-0544,13.062655,77.773172,20.13,44,PLANNED
RT-0003247,MAN-000273,VEH-0144,WH-019,3,FPS-0544,13.062655,77.773172,20.13,44,PLANNED
RT-0003248,MAN-000273,VEH-0144,WH-019,4,FPS-0194,12.809316,77.631111,32.1,70,PLANNED
RT-0003249,MAN-000273,VEH-0144,WH-019,4,FPS-0194,12.809316,77.631111,32.1,70,PLANNED
RT-0003250,MAN-000273,VEH-0144,WH-019,5,FPS-0294,13.046713,77.683643,27.0,59,PLANNED
RT-0003251,MAN-000273,VEH-0144,WH-019,5,FPS-0294,13.046713,77.683643,27.0,59,PLANNED
RT-0003252,MAN-000273,VEH-0144,WH-019,6,FPS-0069,12.825642,77.729623,25.08,55,PLANNED
RT-0003253,MAN-000273,VEH-0144,WH-019,6,FPS-0069,12.825642,77.729623,25.08,55,PLANNED
RT-0003254,MAN-000274,VEH-0144,WH-019,1,FPS-0569,12.834494,77.723364,9.48,20,PLANNED
RT-0003255,MAN-000274,VEH-0144,WH-019,1,FPS-0569,12.834494,77.723364,9.48,20,PLANNED
RT-0003256,MAN-000274,VEH-0144,WH-019,2,FPS-0119,12.917298,77.875446,18.88,41,PLANNED
RT-0003257,MAN-000274,VEH-0144,WH-019,2,FPS-0119,12.917298,77.875446,18.88,41,PLANNED
RT-0003258,MAN-000274,VEH-0144,WH-019,3,FPS-0344,12.735165,77.863993,20.29,44,PLANNED
RT-0003259,MAN-000274,VEH-0144,WH-019,3,FPS-0344,12.735165,77.863993,20.29,44,PLANNED
RT-0003260,MAN-000274,VEH-0144,WH-019,4,FPS-0219,13.032,77.940773,34.04,74,PLANNED
RT-0003261,MAN-000274,VEH-0144,WH-019,4,FPS-0219,13.032,77.940773,34.04,74,PLANNED
RT-0003262,MAN-000274,VEH-0144,WH-019,5,FPS-0469,12.759134,77.778792,35.05,77,PLANNED
RT-0003263,MAN-000274,VEH-0144,WH-019,5,FPS-0469,12.759134,77.778792,35.05,77,PLANNED
RT-0003264,MAN-000274,VEH-0144,WH-019,6,FPS-0019,12.853278,77.763,10.61,23,PLANNED
RT-0003265,MAN-000274,VEH-0144,WH-019,6,FPS-0019,12.853278,77.763,10.61,23,PLANNED
RT-0003266,MAN-000275,VEH-0094,WH-019,1,FPS-0519,12.741408,77.736194,17.01,37,PLANNED
RT-0003267,MAN-000275,VEH-0094,WH-019,1,FPS-0519,12.741408,77.736194,17.01,37,PLANNED
RT-0003268,MAN-000275,VEH-0094,WH-019,2,FPS-0244,12.734986,77.775407,4.31,9,PLANNED
RT-0003269,MAN-000275,VEH-0094,WH-019,2,FPS-0244,12.734986,77.775407,4.31,9,PLANNED
RT-0003270,MAN-000275,VEH-0094,WH-019,3,FPS-0319,12.991743,77.886312,30.98,68,PLANNED
RT-0003271,MAN-000275,VEH-0094,WH-019,3,FPS-0319,12.991743,77.886312,30.98,68,PLANNED
RT-0003272,MAN-000275,VEH-0094,WH-019,4,FPS-0169,12.892019,77.819669,13.23,29,PLANNED
RT-0003273,MAN-000275,VEH-0094,WH-019,4,FPS-0169,12.892019,77.819669,13.23,29,PLANNED
RT-0003274,MAN-000275,VEH-0094,WH-019,5,FPS-0394,12.752123,77.701706,20.14,44,PLANNED
RT-0003275,MAN-000275,VEH-0094,WH-019,5,FPS-0394,12.752123,77.701706,20.14,44,PLANNED
RT-0003276,MAN-000275,VEH-0094,WH-019,6,FPS-0144,13.027553,77.910657,38.09,83,PLANNED
RT-0003277,MAN-000275,VEH-0094,WH-019,6,FPS-0144,13.027553,77.910657,38.09,83,PLANNED
RT-0003278,MAN-000276,VEH-0019,WH-019,1,FPS-0594,12.845172,77.850105,7.3,16,PLANNED
RT-0003279,MAN-000276,VEH-0019,WH-019,1,FPS-0594,12.845172,77.850105,7.3,16,PLANNED
RT-0003280,MAN-000276,VEH-0019,WH-019,2,FPS-0369,12.803392,77.85454,4.67,10,PLANNED
RT-0003281,MAN-000276,VEH-0019,WH-019,2,FPS-0369,12.803392,77.85454,4.67,10,PLANNED
RT-0003282,MAN-000276,VEH-0019,WH-019,3,FPS-0269,12.828111,77.67288,19.89,43,PLANNED
RT-0003283,MAN-000276,VEH-0019,WH-019,3,FPS-0269,12.828111,77.67288,19.89,43,PLANNED
RT-0003284,MAN-000276,VEH-0019,WH-019,4,FPS-0419,12.805051,77.846649,19.01,41,PLANNED
RT-0003285,MAN-000276,VEH-0019,WH-019,4,FPS-0419,12.805051,77.846649,19.01,41,PLANNED
RT-0003286,MAN-000276,VEH-0019,WH-019,5,FPS-0444,12.845401,77.738133,12.59,27,PLANNED
RT-0003287,MAN-000276,VEH-0019,WH-019,5,FPS-0444,12.845401,77.738133,12.59,27,PLANNED
RT-0003288,MAN-000276,VEH-0019,WH-019,6,FPS-0494,12.926775,77.881977,18.03,39,PLANNED
RT-0003289,MAN-000276,VEH-0019,WH-019,6,FPS-0494,12.926775,77.881977,18.03,39,PLANNED
RT-0003290,MAN-000277,VEH-0020,WH-020,1,FPS-0320,12.10674,76.407903,16.77,36,PLANNED
RT-0003291,MAN-000277,VEH-0020,WH-020,1,FPS-0320,12.10674,76.407903,16.77,36,PLANNED
RT-0003292,MAN-000277,VEH-0020,WH-020,2,FPS-0345,12.344035,76.293069,29.19,64,PLANNED
RT-0003293,MAN-000277,VEH-0020,WH-020,2,FPS-0345,12.344035,76.293069,29.19,64,PLANNED
RT-0003294,MAN-000277,VEH-0020,WH-020,3,FPS-0570,12.153009,76.446728,27.02,59,PLANNED
RT-0003295,MAN-000277,VEH-0020,WH-020,3,FPS-0570,12.153009,76.446728,27.02,59,PLANNED
RT-0003296,MAN-000277,VEH-0020,WH-020,4,FPS-0370,12.391279,76.328147,29.46,64,PLANNED
RT-0003297,MAN-000277,VEH-0020,WH-020,4,FPS-0370,12.391279,76.328147,29.46,64,PLANNED
RT-0003298,MAN-000277,VEH-0020,WH-020,5,FPS-0070,12.219077,76.533868,29.43,64,PLANNED
RT-0003299,MAN-000277,VEH-0020,WH-020,5,FPS-0070,12.219077,76.533868,29.43,64,PLANNED
RT-0003300,MAN-000277,VEH-0020,WH-020,6,FPS-0245,12.185472,76.277628,28.1,61,PLANNED
RT-0003301,MAN-000277,VEH-0020,WH-020,6,FPS-0245,12.185472,76.277628,28.1,61,PLANNED
RT-0003302,MAN-000278,VEH-0145,WH-020,1,FPS-0295,12.431947,76.515129,21.44,47,DRAFT
RT-0003303,MAN-000278,VEH-0145,WH-020,1,FPS-0295,12.431947,76.515129,21.44,47,DRAFT
RT-0003304,MAN-000278,VEH-0145,WH-020,2,FPS-0495,12.184569,76.33358,33.85,74,DRAFT
RT-0003305,MAN-000278,VEH-0145,WH-020,2,FPS-0495,12.184569,76.33358,33.85,74,DRAFT
RT-0003306,MAN-000278,VEH-0145,WH-020,3,FPS-0270,12.079547,76.294454,12.43,27,DRAFT
RT-0003307,MAN-000278,VEH-0145,WH-020,3,FPS-0270,12.079547,76.294454,12.43,27,DRAFT
RT-0003308,MAN-000278,VEH-0145,WH-020,4,FPS-0395,12.119954,76.585259,31.94,70,DRAFT
RT-0003309,MAN-000278,VEH-0145,WH-020,4,FPS-0395,12.119954,76.585259,31.94,70,DRAFT
RT-0003310,MAN-000278,VEH-0145,WH-020,5,FPS-0420,12.09427,76.335311,27.32,60,DRAFT
RT-0003311,MAN-000278,VEH-0145,WH-020,5,FPS-0420,12.09427,76.335311,27.32,60,DRAFT
RT-0003312,MAN-000278,VEH-0145,WH-020,6,FPS-0170,12.355515,76.483443,33.21,73,DRAFT
RT-0003313,MAN-000278,VEH-0145,WH-020,6,FPS-0170,12.355515,76.483443,33.21,73,DRAFT
RT-0003314,MAN-000279,VEH-0145,WH-020,1,FPS-0470,12.274428,76.5161,8.85,19,PLANNED
RT-0003315,MAN-000279,VEH-0145,WH-020,1,FPS-0470,12.274428,76.5161,8.85,19,PLANNED
RT-0003316,MAN-000279,VEH-0145,WH-020,2,FPS-0120,12.349446,76.444963,11.37,25,PLANNED
RT-0003317,MAN-000279,VEH-0145,WH-020,2,FPS-0120,12.349446,76.444963,11.37,25,PLANNED
RT-0003318,MAN-000279,VEH-0145,WH-020,3,FPS-0220,12.341991,76.49557,5.56,12,PLANNED
RT-0003319,MAN-000279,VEH-0145,WH-020,3,FPS-0220,12.341991,76.49557,5.56,12,PLANNED
RT-0003320,MAN-000279,VEH-0145,WH-020,4,FPS-0520,12.085119,76.433188,29.36,64,PLANNED
RT-0003321,MAN-000279,VEH-0145,WH-020,4,FPS-0520,12.085119,76.433188,29.36,64,PLANNED
RT-0003322,MAN-000279,VEH-0145,WH-020,5,FPS-0195,12.338351,76.280272,32.7,71,PLANNED
RT-0003323,MAN-000279,VEH-0145,WH-020,5,FPS-0195,12.338351,76.280272,32.7,71,PLANNED
RT-0003324,MAN-000279,VEH-0145,WH-020,6,FPS-0020,12.33417,76.401894,13.22,29,PLANNED
RT-0003325,MAN-000279,VEH-0145,WH-020,6,FPS-0020,12.33417,76.401894,13.22,29,PLANNED
RT-0003326,MAN-000280,VEH-0095,WH-020,1,FPS-0095,12.251287,76.525094,9.56,21,PLANNED
RT-0003327,MAN-000280,VEH-0095,WH-020,1,FPS-0095,12.251287,76.525094,9.56,21,PLANNED
RT-0003328,MAN-000280,VEH-0095,WH-020,2,FPS-0545,12.234519,76.586961,6.98,15,PLANNED
RT-0003329,MAN-000280,VEH-0095,WH-020,2,FPS-0545,12.234519,76.586961,6.98,15,PLANNED
RT-0003330,MAN-000280,VEH-0095,WH-020,3,FPS-0445,12.265171,76.386901,22.0,48,PLANNED
RT-0003331,MAN-000280,VEH-0095,WH-020,3,FPS-0445,12.265171,76.386901,22.0,48,PLANNED
RT-0003332,MAN-000280,VEH-0095,WH-020,4,FPS-0045,12.211528,76.451185,9.19,20,PLANNED
RT-0003333,MAN-000280,VEH-0095,WH-020,4,FPS-0045,12.211528,76.451185,9.19,20,PLANNED
RT-0003334,MAN-000280,VEH-0095,WH-020,5,FPS-0595,12.155351,76.535887,11.13,24,PLANNED
RT-0003335,MAN-000280,VEH-0095,WH-020,5,FPS-0595,12.155351,76.535887,11.13,24,PLANNED
RT-0003336,MAN-000280,VEH-0095,WH-020,6,FPS-0145,12.30451,76.406394,21.75,47,PLANNED
RT-0003337,MAN-000280,VEH-0095,WH-020,6,FPS-0145,12.30451,76.406394,21.75,47,PLANNED
RT-0003338,MAN-000281,VEH-0146,WH-021,1,FPS-0146,13.735311,76.765046,17.95,39,PLANNED
RT-0003339,MAN-000281,VEH-0146,WH-021,1,FPS-0146,13.735311,76.765046,17.95,39,PLANNED
RT-0003340,MAN-000281,VEH-0146,WH-021,2,FPS-0596,13.435463,76.753208,33.37,73,PLANNED
RT-0003341,MAN-000281,VEH-0146,WH-021,2,FPS-0596,13.435463,76.753208,33.37,73,PLANNED
RT-0003342,MAN-000281,VEH-0146,WH-021,3,FPS-0521,13.624564,76.674386,22.69,49,PLANNED
RT-0003343,MAN-000281,VEH-0146,WH-021,3,FPS-0521,13.624564,76.674386,22.69,49,PLANNED
RT-0003344,MAN-000281,VEH-0146,WH-021,4,FPS-0296,13.580689,76.686824,5.06,11,PLANNED
RT-0003345,MAN-000281,VEH-0146,WH-021,4,FPS-0296,13.580689,76.686824,5.06,11,PLANNED
RT-0003346,MAN-000281,VEH-0146,WH-021,5,FPS-0071,13.595487,76.959273,29.49,64,PLANNED
RT-0003347,MAN-000281,VEH-0146,WH-021,5,FPS-0071,13.595487,76.959273,29.49,64,PLANNED
RT-0003348,MAN-000281,VEH-0146,WH-021,6,FPS-0046,13.432882,76.979219,18.21,40,PLANNED
RT-0003349,MAN-000281,VEH-0146,WH-021,6,FPS-0046,13.432882,76.979219,18.21,40,PLANNED
RT-0003350,MAN-000282,VEH-0146,WH-021,1,FPS-0171,13.419877,76.899282,20.0,44,PLANNED
RT-0003351,MAN-000282,VEH-0146,WH-021,1,FPS-0171,13.419877,76.899282,20.0,44,PLANNED
RT-0003352,MAN-000282,VEH-0146,WH-021,2,FPS-0371,13.755103,76.889826,37.29,82,PLANNED
RT-0003353,MAN-000282,VEH-0146,WH-021,2,FPS-0371,13.755103,76.889826,37.29,82,PLANNED
RT-0003354,MAN-000282,VEH-0146,WH-021,3,FPS-0221,13.633916,76.759029,19.53,42,PLANNED
RT-0003355,MAN-000282,VEH-0146,WH-021,3,FPS-0221,13.633916,76.759029,19.53,42,PLANNED
RT-0003356,MAN-000282,VEH-0146,WH-021,4,FPS-0121,13.498861,76.969267,27.24,59,PLANNED
RT-0003357,MAN-000282,VEH-0146,WH-021,4,FPS-0121,13.498861,76.969267,27.24,59,PLANNED
RT-0003358,MAN-000282,VEH-0146,WH-021,5,FPS-0096,13.764024,76.870868,31.34,68,PLANNED
RT-0003359,MAN-000282,VEH-0146,WH-021,5,FPS-0096,13.764024,76.870868,31.34,68,PLANNED
RT-0003360,MAN-000282,VEH-0146,WH-021,6,FPS-0471,13.560747,76.651243,32.77,72,PLANNED
RT-0003361,MAN-000282,VEH-0146,WH-021,6,FPS-0471,13.560747,76.651243,32.77,72,PLANNED
RT-0003362,MAN-000283,VEH-0071,WH-021,1,FPS-0421,13.734681,76.931264,19.92,43,PLANNED
RT-0003363,MAN-000283,VEH-0071,WH-021,1,FPS-0421,13.734681,76.931264,19.92,43,PLANNED
RT-0003364,MAN-000283,VEH-0071,WH-021,2,FPS-0446,13.532219,76.946113,22.57,49,PLANNED
RT-0003365,MAN-000283,VEH-0071,WH-021,2,FPS-0446,13.532219,76.946113,22.57,49,PLANNED
RT-0003366,MAN-000283,VEH-0071,WH-021,3,FPS-0396,13.59761,77.004875,9.65,21,PLANNED
RT-0003367,MAN-000283,VEH-0071,WH-021,3,FPS-0396,13.59761,77.004875,9.65,21,PLANNED
RT-0003368,MAN-000283,VEH-0071,WH-021,4,FPS-0546,13.733374,76.822965,24.78,54,PLANNED
RT-0003369,MAN-000283,VEH-0071,WH-021,4,FPS-0546,13.733374,76.822965,24.78,54,PLANNED
RT-0003370,MAN-000283,VEH-0071,WH-021,5,FPS-0321,13.47617,76.758005,29.45,64,PLANNED
RT-0003371,MAN-000283,VEH-0071,WH-021,5,FPS-0321,13.47617,76.758005,29.45,64,PLANNED
RT-0003372,MAN-000283,VEH-0071,WH-021,6,FPS-0346,13.732334,76.820321,29.27,64,PLANNED
RT-0003373,MAN-000283,VEH-0071,WH-021,6,FPS-0346,13.732334,76.820321,29.27,64,PLANNED
RT-0003374,MAN-000284,VEH-0096,WH-021,1,FPS-0271,13.416343,76.671459,25.37,55,PLANNED
RT-0003375,MAN-000284,VEH-0096,WH-021,1,FPS-0271,13.416343,76.671459,25.37,55,PLANNED
RT-0003376,MAN-000284,VEH-0096,WH-021,2,FPS-0571,13.441424,77.008179,36.52,80,PLANNED
RT-0003377,MAN-000284,VEH-0096,WH-021,2,FPS-0571,13.441424,77.008179,36.52,80,PLANNED
RT-0003378,MAN-000284,VEH-0096,WH-021,3,FPS-0496,13.42709,76.651173,38.64,85,PLANNED
RT-0003379,MAN-000284,VEH-0096,WH-021,3,FPS-0496,13.42709,76.651173,38.64,85,PLANNED
RT-0003380,MAN-000284,VEH-0096,WH-021,4,FPS-0021,13.702627,76.909885,41.48,91,PLANNED
RT-0003381,MAN-000284,VEH-0096,WH-021,4,FPS-0021,13.702627,76.909885,41.48,91,PLANNED
RT-0003382,MAN-000284,VEH-0096,WH-021,5,FPS-0246,13.683829,76.805501,11.47,25,PLANNED
RT-0003383,MAN-000284,VEH-0096,WH-021,5,FPS-0246,13.683829,76.805501,11.47,25,PLANNED
RT-0003384,MAN-000284,VEH-0096,WH-021,6,FPS-0196,13.427107,76.87427,29.5,64,PLANNED
RT-0003385,MAN-000284,VEH-0096,WH-021,6,FPS-0196,13.427107,76.87427,29.5,64,PLANNED
RT-0003386,MAN-000285,VEH-0022,WH-022,1,FPS-0522,12.574427,76.591895,19.58,43,PLANNED
RT-0003387,MAN-000285,VEH-0022,WH-022,1,FPS-0522,12.574427,76.591895,19.58,43,PLANNED
RT-0003388,MAN-000285,VEH-0022,WH-022,2,FPS-0097,12.471674,76.707016,16.93,37,PLANNED
RT-0003389,MAN-000285,VEH-0022,WH-022,2,FPS-0097,12.471674,76.707016,16.93,37,PLANNED
RT-0003390,MAN-000285,VEH-0022,WH-022,3,FPS-0072,12.510789,76.499635,22.93,50,PLANNED
RT-0003391,MAN-000285,VEH-0022,WH-022,3,FPS-0072,12.510789,76.499635,22.93,50,PLANNED
RT-0003392,MAN-000285,VEH-0022,WH-022,4,FPS-0597,12.457986,76.53676,7.12,15,PLANNED
RT-0003393,MAN-000285,VEH-0022,WH-022,4,FPS-0597,12.457986,76.53676,7.12,15,PLANNED
RT-0003394,MAN-000285,VEH-0022,WH-022,5,FPS-0297,12.510653,76.601386,9.14,20,PLANNED
RT-0003395,MAN-000285,VEH-0022,WH-022,5,FPS-0297,12.510653,76.601386,9.14,20,PLANNED
RT-0003396,MAN-000285,VEH-0022,WH-022,6,FPS-0172,12.383777,76.496815,18.11,39,PLANNED
RT-0003397,MAN-000285,VEH-0022,WH-022,6,FPS-0172,12.383777,76.496815,18.11,39,PLANNED
RT-0003398,MAN-000286,VEH-0097,WH-022,1,FPS-0472,12.561147,76.556727,19.86,43,DRAFT
RT-0003399,MAN-000286,VEH-0097,WH-022,1,FPS-0472,12.561147,76.556727,19.86,43,DRAFT
RT-0003400,MAN-000286,VEH-0097,WH-022,2,FPS-0322,12.53076,76.511105,5.99,13,DRAFT
RT-0003401,MAN-000286,VEH-0097,WH-022,2,FPS-0322,12.53076,76.511105,5.99,13,DRAFT
RT-0003402,MAN-000286,VEH-0097,WH-022,3,FPS-0047,12.256944,76.516062,30.45,66,DRAFT
RT-0003403,MAN-000286,VEH-0097,WH-022,3,FPS-0047,12.256944,76.516062,30.45,66,DRAFT
RT-0003404,MAN-000286,VEH-0097,WH-022,4,FPS-0547,12.55403,76.569354,33.54,73,DRAFT
RT-0003405,MAN-000286,VEH-0097,WH-022,4,FPS-0547,12.55403,76.569354,33.54,73,DRAFT
RT-0003406,MAN-000286,VEH-0097,WH-022,5,FPS-0422,12.325545,76.799709,35.65,78,DRAFT
RT-0003407,MAN-000286,VEH-0097,WH-022,5,FPS-0422,12.325545,76.799709,35.65,78,DRAFT
RT-0003408,MAN-000286,VEH-0097,WH-022,6,FPS-0372,12.381178,76.481638,35.1,77,DRAFT
RT-0003409,MAN-000286,VEH-0097,WH-022,6,FPS-0372,12.381178,76.481638,35.1,77,DRAFT
RT-0003410,MAN-000287,VEH-0097,WH-022,1,FPS-0347,12.533629,76.553786,17.5,38,PLANNED
RT-0003411,MAN-000287,VEH-0097,WH-022,1,FPS-0347,12.533629,76.553786,17.5,38,PLANNED
RT-0003412,MAN-000287,VEH-0097,WH-022,2,FPS-0272,12.336515,76.483271,23.22,51,PLANNED
RT-0003413,MAN-000287,VEH-0097,WH-022,2,FPS-0272,12.336515,76.483271,23.22,51,PLANNED
RT-0003414,MAN-000287,VEH-0097,WH-022,3,FPS-0222,12.531162,76.811502,41.7,91,PLANNED
RT-0003415,MAN-000287,VEH-0097,WH-022,3,FPS-0222,12.531162,76.811502,41.7,91,PLANNED
RT-0003416,MAN-000287,VEH-0097,WH-022,4,FPS-0022,12.380402,76.660675,23.44,51,PLANNED
RT-0003417,MAN-000287,VEH-0097,WH-022,4,FPS-0022,12.380402,76.660675,23.44,51,PLANNED
RT-0003418,MAN-000287,VEH-0097,WH-022,5,FPS-0122,12.586101,76.695135,23.18,50,PLANNED
RT-0003419,MAN-000287,VEH-0097,WH-022,5,FPS-0122,12.586101,76.695135,23.18,50,PLANNED
RT-0003420,MAN-000287,VEH-0097,WH-022,6,FPS-0247,12.283098,76.472207,41.49,91,PLANNED
RT-0003421,MAN-000287,VEH-0097,WH-022,6,FPS-0247,12.283098,76.472207,41.49,91,PLANNED
RT-0003422,MAN-000288,VEH-0047,WH-022,1,FPS-0497,12.546632,76.599224,16.4,36,DRAFT
RT-0003423,MAN-000288,VEH-0047,WH-022,1,FPS-0497,12.546632,76.599224,16.4,36,DRAFT
RT-0003424,MAN-000288,VEH-0047,WH-022,2,FPS-0447,12.565728,76.590072,2.34,5,DRAFT
RT-0003425,MAN-000288,VEH-0047,WH-022,2,FPS-0447,12.565728,76.590072,2.34,5,DRAFT
RT-0003426,MAN-000288,VEH-0047,WH-022,3,FPS-0397,12.267873,76.481475,35.16,77,DRAFT
RT-0003427,MAN-000288,VEH-0047,WH-022,3,FPS-0397,12.267873,76.481475,35.16,77,DRAFT
RT-0003428,MAN-000288,VEH-0047,WH-022,4,FPS-0572,12.52708,76.682755,36.17,79,DRAFT
RT-0003429,MAN-000288,VEH-0047,WH-022,4,FPS-0572,12.52708,76.682755,36.17,79,DRAFT
RT-0003430,MAN-000288,VEH-0047,WH-022,5,FPS-0147,12.331407,76.595132,23.75,52,DRAFT
RT-0003431,MAN-000288,VEH-0047,WH-022,5,FPS-0147,12.331407,76.595132,23.75,52,DRAFT
RT-0003432,MAN-000288,VEH-0047,WH-022,6,FPS-0197,12.37878,76.539558,8.01,17,DRAFT
RT-0003433,MAN-000288,VEH-0047,WH-022,6,FPS-0197,12.37878,76.539558,8.01,17,DRAFT
RT-0003434,MAN-000289,VEH-0123,WH-023,1,FPS-0198,12.719314,76.050757,15.95,35,PLANNED
RT-0003435,MAN-000289,VEH-0123,WH-023,1,FPS-0198,12.719314,76.050757,15.95,35,PLANNED
RT-0003436,MAN-000289,VEH-0123,WH-023,2,FPS-0323,12.845827,75.974994,16.29,35,PLANNED
RT-0003437,MAN-000289,VEH-0123,WH-023,2,FPS-0323,12.845827,75.974994,16.29,35,PLANNED
RT-0003438,MAN-000289,VEH-0123,WH-023,3,FPS-0398,12.849213,76.024624,5.39,11,PLANNED
RT-0003439,MAN-000289,VEH-0123,WH-023,3,FPS-0398,12.849213,76.024624,5.39,11,PLANNED
RT-0003440,MAN-000289,VEH-0123,WH-023,4,FPS-0173,12.723846,76.118706,17.27,38,PLANNED
RT-0003441,MAN-000289,VEH-0123,WH-023,4,FPS-0173,12.723846,76.118706,17.27,38,PLANNED
RT-0003442,MAN-000289,VEH-0123,WH-023,5,FPS-0448,12.912017,76.157683,21.35,46,PLANNED
RT-0003443,MAN-000289,VEH-0123,WH-023,5,FPS-0448,12.912017,76.157683,21.35,46,PLANNED
RT-0003444,MAN-000289,VEH-0123,WH-023,6,FPS-0523,12.87844,75.980008,19.62,43,PLANNED
RT-0003445,MAN-000289,VEH-0123,WH-023,6,FPS-0523,12.87844,75.980008,19.62,43,PLANNED
RT-0003446,MAN-000290,VEH-0048,WH-023,1,FPS-0598,12.73298,75.878333,22.0,48,PLANNED
RT-0003447,MAN-000290,VEH-0048,WH-023,1,FPS-0598,12.73298,75.878333,22.0,48,PLANNED
RT-0003448,MAN-000290,VEH-0048,WH-023,2,FPS-0073,12.860163,75.932287,15.3,33,PLANNED
RT-0003449,MAN-000290,VEH-0048,WH-023,2,FPS-0073,12.860163,75.932287,15.3,33,PLANNED
RT-0003450,MAN-000290,VEH-0048,WH-023,3,FPS-0123,12.910871,76.078985,16.87,37,PLANNED
RT-0003451,MAN-000290,VEH-0048,WH-023,3,FPS-0123,12.910871,76.078985,16.87,37,PLANNED
RT-0003452,MAN-000290,VEH-0048,WH-023,4,FPS-0023,12.727105,76.17995,23.18,50,PLANNED
RT-0003453,MAN-000290,VEH-0048,WH-023,4,FPS-0023,12.727105,76.17995,23.18,50,PLANNED
RT-0003454,MAN-000290,VEH-0048,WH-023,5,FPS-0423,12.719925,75.922776,27.91,61,PLANNED
RT-0003455,MAN-000290,VEH-0048,WH-023,5,FPS-0423,12.719925,75.922776,27.91,61,PLANNED
RT-0003456,MAN-000290,VEH-0048,WH-023,6,FPS-0148,12.8846,76.057684,23.44,51,PLANNED
RT-0003457,MAN-000290,VEH-0048,WH-023,6,FPS-0148,12.8846,76.057684,23.44,51,PLANNED
RT-0003458,MAN-000291,VEH-0073,WH-023,1,FPS-0498,12.732756,76.157621,19.74,43,DRAFT
RT-0003459,MAN-000291,VEH-0073,WH-023,1,FPS-0498,12.732756,76.157621,19.74,43,DRAFT
RT-0003460,MAN-000291,VEH-0073,WH-023,2,FPS-0573,12.740099,76.191044,3.72,8,DRAFT
RT-0003461,MAN-000291,VEH-0073,WH-023,2,FPS-0573,12.740099,76.191044,3.72,8,DRAFT
RT-0003462,MAN-000291,VEH-0073,WH-023,3,FPS-0348,12.960216,75.930836,37.35,82,DRAFT
RT-0003463,MAN-000291,VEH-0073,WH-023,3,FPS-0348,12.960216,75.930836,37.35,82,DRAFT
RT-0003464,MAN-000291,VEH-0073,WH-023,4,FPS-0223,12.715323,76.172745,37.81,83,DRAFT
RT-0003465,MAN-000291,VEH-0073,WH-023,4,FPS-0223,12.715323,76.172745,37.81,83,DRAFT
RT-0003466,MAN-000291,VEH-0073,WH-023,5,FPS-0098,13.034712,75.939967,43.57,95,DRAFT
RT-0003467,MAN-000291,VEH-0073,WH-023,5,FPS-0098,13.034712,75.939967,43.57,95,DRAFT
RT-0003468,MAN-000291,VEH-0073,WH-023,6,FPS-0048,13.007541,76.108485,18.5,40,DRAFT
RT-0003469,MAN-000291,VEH-0073,WH-023,6,FPS-0048,13.007541,76.108485,18.5,40,DRAFT
RT-0003470,MAN-000292,VEH-0048,WH-023,1,FPS-0548,12.874125,76.172703,15.27,33,PLANNED
RT-0003471,MAN-000292,VEH-0048,WH-023,1,FPS-0548,12.874125,76.172703,15.27,33,PLANNED
RT-0003472,MAN-000292,VEH-0048,WH-023,2,FPS-0373,12.903101,75.95645,23.66,52,PLANNED
RT-0003473,MAN-000292,VEH-0048,WH-023,2,FPS-0373,12.903101,75.95645,23.66,52,PLANNED
RT-0003474,MAN-000292,VEH-0048,WH-023,3,FPS-0473,12.802743,75.956676,11.16,24,PLANNED
RT-0003475,MAN-000292,VEH-0048,WH-023,3,FPS-0473,12.802743,75.956676,11.16,24,PLANNED
RT-0003476,MAN-000292,VEH-0048,WH-023,4,FPS-0298,12.862515,76.043309,11.51,25,PLANNED
RT-0003477,MAN-000292,VEH-0048,WH-023,4,FPS-0298,12.862515,76.043309,11.51,25,PLANNED
RT-0003478,MAN-000292,VEH-0048,WH-023,5,FPS-0273,13.008525,75.921453,20.93,46,PLANNED
RT-0003479,MAN-000292,VEH-0048,WH-023,5,FPS-0273,13.008525,75.921453,20.93,46,PLANNED
RT-0003480,MAN-000292,VEH-0048,WH-023,6,FPS-0248,12.797317,76.064379,28.13,61,PLANNED
RT-0003481,MAN-000292,VEH-0048,WH-023,6,FPS-0248,12.797317,76.064379,28.13,61,PLANNED
RT-0003482,MAN-000293,VEH-0049,WH-024,1,FPS-0449,13.692275,75.998079,19.1,42,PLANNED
RT-0003483,MAN-000293,VEH-0049,WH-024,1,FPS-0449,13.692275,75.998079,19.1,42,PLANNED
RT-0003484,MAN-000293,VEH-0049,WH-024,2,FPS-0349,13.850042,75.752583,31.79,69,PLANNED
RT-0003485,MAN-000293,VEH-0049,WH-024,2,FPS-0349,13.850042,75.752583,31.79,69,PLANNED
RT-0003486,MAN-000293,VEH-0049,WH-024,3,FPS-0374,13.520238,75.889353,39.54,86,PLANNED
RT-0003487,MAN-000293,VEH-0049,WH-024,3,FPS-0374,13.520238,75.889353,39.54,86,PLANNED
RT-0003488,MAN-000293,VEH-0049,WH-024,4,FPS-0499,13.733576,75.940107,24.35,53,PLANNED
RT-0003489,MAN-000293,VEH-0049,WH-024,4,FPS-0499,13.733576,75.940107,24.35,53,PLANNED
RT-0003490,MAN-000293,VEH-0049,WH-024,5,FPS-0324,13.757596,75.977577,4.85,10,PLANNED
RT-0003491,MAN-000293,VEH-0049,WH-024,5,FPS-0324,13.757596,75.977577,4.85,10,PLANNED
RT-0003492,MAN-000293,VEH-0049,WH-024,6,FPS-0274,13.850201,75.884766,14.37,31,PLANNED
RT-0003493,MAN-000293,VEH-0049,WH-024,6,FPS-0274,13.850201,75.884766,14.37,31,PLANNED
RT-0003494,MAN-000294,VEH-0074,WH-024,1,FPS-0224,13.629575,75.794459,6.87,15,PLANNED
RT-0003495,MAN-000294,VEH-0074,WH-024,1,FPS-0224,13.629575,75.794459,6.87,15,PLANNED
RT-0003496,MAN-000294,VEH-0074,WH-024,2,FPS-0124,13.700247,75.78751,7.89,17,PLANNED
RT-0003497,MAN-000294,VEH-0074,WH-024,2,FPS-0124,13.700247,75.78751,7.89,17,PLANNED
RT-0003498,MAN-000294,VEH-0074,WH-024,3,FPS-0299,13.633717,75.778224,7.47,16,PLANNED
RT-0003499,MAN-000294,VEH-0074,WH-024,3,FPS-0299,13.633717,75.778224,7.47,16,PLANNED
RT-0003500,MAN-000294,VEH-0074,WH-024,4,FPS-0574,13.594093,75.825695,6.76,14,PLANNED
RT-0003501,MAN-000294,VEH-0074,WH-024,4,FPS-0574,13.594093,75.825695,6.76,14,PLANNED
RT-0003502,MAN-000294,VEH-0074,WH-024,5,FPS-0074,13.625154,75.834175,3.57,7,PLANNED
RT-0003503,MAN-000294,VEH-0074,WH-024,5,FPS-0074,13.625154,75.834175,3.57,7,PLANNED
RT-0003504,MAN-000294,VEH-0074,WH-024,6,FPS-0199,13.646521,75.977578,15.68,34,PLANNED
RT-0003505,MAN-000294,VEH-0074,WH-024,6,FPS-0199,13.646521,75.977578,15.68,34,PLANNED
RT-0003506,MAN-000295,VEH-0024,WH-024,1,FPS-0549,13.703524,75.716019,11.56,25,PLANNED
RT-0003507,MAN-000295,VEH-0024,WH-024,1,FPS-0549,13.703524,75.716019,11.56,25,PLANNED
RT-0003508,MAN-000295,VEH-0024,WH-024,2,FPS-0399,13.647769,75.925108,23.43,51,PLANNED
RT-0003509,MAN-000295,VEH-0024,WH-024,2,FPS-0399,13.647769,75.925108,23.43,51,PLANNED
RT-0003510,MAN-000295,VEH-0024,WH-024,3,FPS-0149,13.804879,75.967329,18.06,39,PLANNED
RT-0003511,MAN-000295,VEH-0024,WH-024,3,FPS-0149,13.804879,75.967329,18.06,39,PLANNED
RT-0003512,MAN-000295,VEH-0024,WH-024,4,FPS-0249,13.724589,75.641912,36.26,79,PLANNED
RT-0003513,MAN-000295,VEH-0024,WH-024,4,FPS-0249,13.724589,75.641912,36.26,79,PLANNED
RT-0003514,MAN-000295,VEH-0024,WH-024,5,FPS-0599,13.834976,75.702197,13.89,30,PLANNED
RT-0003515,MAN-000295,VEH-0024,WH-024,5,FPS-0599,13.834976,75.702197,13.89,30,PLANNED
RT-0003516,MAN-000295,VEH-0024,WH-024,6,FPS-0049,13.580672,75.851626,32.56,71,PLANNED
RT-0003517,MAN-000295,VEH-0024,WH-024,6,FPS-0049,13.580672,75.851626,32.56,71,PLANNED
RT-0003518,MAN-000296,VEH-0049,WH-024,1,FPS-0524,13.812878,75.846952,14.43,31,DRAFT
RT-0003519,MAN-000296,VEH-0049,WH-024,1,FPS-0524,13.812878,75.846952,14.43,31,DRAFT
RT-0003520,MAN-000296,VEH-0049,WH-024,2,FPS-0174,13.511869,75.801384,33.83,74,DRAFT
RT-0003521,MAN-000296,VEH-0049,WH-024,2,FPS-0174,13.511869,75.801384,33.83,74,DRAFT
RT-0003522,MAN-000296,VEH-0049,WH-024,3,FPS-0474,13.552843,75.763542,6.12,13,DRAFT
RT-0003523,MAN-000296,VEH-0049,WH-024,3,FPS-0474,13.552843,75.763542,6.12,13,DRAFT
RT-0003524,MAN-000296,VEH-0049,WH-024,4,FPS-0424,13.804274,75.763988,27.96,61,DRAFT
RT-0003525,MAN-000296,VEH-0049,WH-024,4,FPS-0424,13.804274,75.763988,27.96,61,DRAFT
RT-0003526,MAN-000296,VEH-0049,WH-024,5,FPS-0099,13.562481,75.899334,30.61,67,DRAFT
RT-0003527,MAN-000296,VEH-0049,WH-024,5,FPS-0099,13.562481,75.899334,30.61,67,DRAFT
RT-0003528,MAN-000296,VEH-0049,WH-024,6,FPS-0024,13.710228,75.811105,18.99,41,DRAFT
RT-0003529,MAN-000296,VEH-0049,WH-024,6,FPS-0024,13.710228,75.811105,18.99,41,DRAFT
RT-0003530,MAN-000297,VEH-0100,WH-025,1,FPS-0125,13.021112,77.503125,15.31,33,PLANNED
RT-0003531,MAN-000297,VEH-0100,WH-025,1,FPS-0125,13.021112,77.503125,15.31,33,PLANNED
RT-0003532,MAN-000297,VEH-0100,WH-025,2,FPS-0575,12.880986,77.482765,15.74,34,PLANNED
RT-0003533,MAN-000297,VEH-0100,WH-025,2,FPS-0575,12.880986,77.482765,15.74,34,PLANNED
RT-0003534,MAN-000297,VEH-0100,WH-025,3,FPS-0275,13.025569,77.810208,38.96,85,PLANNED
RT-0003535,MAN-000297,VEH-0100,WH-025,3,FPS-0275,13.025569,77.810208,38.96,85,PLANNED
RT-0003536,MAN-000297,VEH-0100,WH-025,4,FPS-0375,13.155987,77.507277,35.87,78,PLANNED
RT-0003537,MAN-000297,VEH-0100,WH-025,4,FPS-0375,13.155987,77.507277,35.87,78,PLANNED
RT-0003538,MAN-000297,VEH-0100,WH-025,5,FPS-0100,12.880108,77.590886,31.99,70,PLANNED
RT-0003539,MAN-000297,VEH-0100,WH-025,5,FPS-0100,12.880108,77.590886,31.99,70,PLANNED
RT-0003540,MAN-000297,VEH-0100,WH-025,6,FPS-0025,13.01763,77.719348,20.68,45,PLANNED
RT-0003541,MAN-000297,VEH-0100,WH-025,6,FPS-0025,13.01763,77.719348,20.68,45,PLANNED
RT-0003542,MAN-000298,VEH-0100,WH-025,1,FPS-0400,12.996288,77.711652,7.77,17,PLANNED
RT-0003543,MAN-000298,VEH-0100,WH-025,1,FPS-0400,12.996288,77.711652,7.77,17,PLANNED
RT-0003544,MAN-000298,VEH-0100,WH-025,2,FPS-0225,12.860417,77.530341,24.79,54,PLANNED
RT-0003545,MAN-000298,VEH-0100,WH-025,2,FPS-0225,12.860417,77.530341,24.79,54,PLANNED
RT-0003546,MAN-000298,VEH-0100,WH-025,3,FPS-0600,12.882301,77.796974,29.01,63,PLANNED
RT-0003547,MAN-000298,VEH-0100,WH-025,3,FPS-0600,12.882301,77.796974,29.01,63,PLANNED
RT-0003548,MAN-000298,VEH-0100,WH-025,4,FPS-0425,12.863208,77.696789,11.07,24,PLANNED
RT-0003549,MAN-000298,VEH-0100,WH-025,4,FPS-0425,12.863208,77.696789,11.07,24,PLANNED
RT-0003550,MAN-000298,VEH-0100,WH-025,5,FPS-0200,13.142411,77.504397,37.39,82,PLANNED
RT-0003551,MAN-000298,VEH-0100,WH-025,5,FPS-0200,13.142411,77.504397,37.39,82,PLANNED
RT-0003552,MAN-000298,VEH-0100,WH-025,6,FPS-0325,13.199207,77.569063,9.43,20,PLANNED
RT-0003553,MAN-000298,VEH-0100,WH-025,6,FPS-0325,13.199207,77.569063,9.43,20,PLANNED
RT-0003554,MAN-000299,VEH-0100,WH-025,1,FPS-0175,13.018978,77.652775,0.92,2,PLANNED
RT-0003555,MAN-000299,VEH-0100,WH-025,1,FPS-0175,13.018978,77.652775,0.92,2,PLANNED
RT-0003556,MAN-000299,VEH-0100,WH-025,2,FPS-0350,12.943868,77.660963,8.4,18,PLANNED
RT-0003557,MAN-000299,VEH-0100,WH-025,2,FPS-0350,12.943868,77.660963,8.4,18,PLANNED
RT-0003558,MAN-000299,VEH-0100,WH-025,3,FPS-0500,13.167455,77.660256,24.86,54,PLANNED
RT-0003559,MAN-000299,VEH-0100,WH-025,3,FPS-0500,13.167455,77.660256,24.86,54,PLANNED
RT-0003560,MAN-000299,VEH-0100,WH-025,4,FPS-0475,12.967789,77.680648,22.31,49,PLANNED
RT-0003561,MAN-000299,VEH-0100,WH-025,4,FPS-0475,12.967789,77.680648,22.31,49,PLANNED
RT-0003562,MAN-000299,VEH-0100,WH-025,5,FPS-0150,12.974714,77.70278,2.52,5,PLANNED
RT-0003563,MAN-000299,VEH-0100,WH-025,5,FPS-0150,12.974714,77.70278,2.52,5,PLANNED
RT-0003564,MAN-000299,VEH-0100,WH-025,6,FPS-0075,12.917704,77.765902,9.33,20,PLANNED
RT-0003565,MAN-000299,VEH-0100,WH-025,6,FPS-0075,12.917704,77.765902,9.33,20,PLANNED
RT-0003566,MAN-000300,VEH-0125,WH-025,1,FPS-0050,13.011557,77.772253,13.88,30,PLANNED
RT-0003567,MAN-000300,VEH-0125,WH-025,1,FPS-0050,13.011557,77.772253,13.88,30,PLANNED
RT-0003568,MAN-000300,VEH-0125,WH-025,2,FPS-0250,13.097917,77.672032,14.49,31,PLANNED
RT-0003569,MAN-000300,VEH-0125,WH-025,2,FPS-0250,13.097917,77.672032,14.49,31,PLANNED
RT-0003570,MAN-000300,VEH-0125,WH-025,3,FPS-0300,13.156719,77.664084,6.59,14,PLANNED
RT-0003571,MAN-000300,VEH-0125,WH-025,3,FPS-0300,13.156719,77.664084,6.59,14,PLANNED
RT-0003572,MAN-000300,VEH-0125,WH-025,4,FPS-0550,13.130915,77.527061,15.11,33,PLANNED
RT-0003573,MAN-000300,VEH-0125,WH-025,4,FPS-0550,13.130915,77.527061,15.11,33,PLANNED
RT-0003574,MAN-000300,VEH-0125,WH-025,5,FPS-0525,13.022477,77.812943,33.23,73,PLANNED
RT-0003575,MAN-000300,VEH-0125,WH-025,5,FPS-0525,13.022477,77.812943,33.23,73,PLANNED
RT-0003576,MAN-000300,VEH-0125,WH-025,6,FPS-0450,13.050239,77.565972,26.93,59,PLANNED
RT-0003577,MAN-000300,VEH-0125,WH-025,6,FPS-0450,13.050239,77.565972,26.93,59,PLANNED
